requirement_id,source,decision_refs,atomic_requirement,work_package,implementation_position,automation,page_device_performance,status,evidence,product_confirmation
ARCH-001,../2026-10-04-product-material-domain-audit-v2/decision-register-2026-10-05.md A01; prototype-adjustment-proposal.md §2/§3,A01,保留五类物料身份并将服装纽扣拉链归辅料,WP01,src/data/pcs-material-archive-types.ts:MaterialArchiveKind；src/data/pcs-material-archive-repository.ts:getMaterialArchiveCategoryOptions；src/pages/pcs-material-archives.ts:renderListPage,尚未建立本条独立自动化断言，保留待验证；不能以通用构建或其他规则测试替代。,已采集的页面及动作见 evidence/measurement-summary.json；按原始文件分组，不能推及未测动作。 补齐五类新建到审核连续场景；列表、模板只读展示已有证据。,已实现待验证,current-requirement-evidence.json :: requirements[requirement_id=ARCH-001]；evidence/routes-release.json；evidence/tabs-release.json,用户已明确要求“按照《PCS 商品、物料与渠道店铺商品原型调整方案 R1》执行”；执行基线R1及已确认决策（A01）；本列为实施授权，不代表产品验收通过。
ARCH-002,../2026-10-04-product-material-domain-audit-v2/decision-register-2026-10-05.md A02; prototype-adjustment-proposal.md §2/§3,A02,基础及加工产出只使用一个物料SKU身份,WP01,src/data/pcs-material-archive-types.ts:MaterialSkuRecord；src/data/pcs-material-archive-repository.ts:createMaterialSkuRecord；src/data/pcs-material-archive-repository.ts:createProcessedMaterialSku；src/data/pcs-material-variant-repository.ts:projection；src/data/pcs-material-variant-repository.ts:createMaterialVariant,tests/pcs-r1-material-rules.test.ts :: CODE/MAT: previous target IDs and aliases resolve to one canonical identity; no code parsing（evidence/contracts-final.log:141，通过）；tests/pcs-r1-material-rules.test.ts :: BRIDGE-005: one canonical target retains both dye and print with each direct predecessor（evidence/contracts-final.log:151，通过）,已采集的页面及动作见 evidence/measurement-summary.json；按原始文件分组，不能推及未测动作。 补齐基础→染→印→绣/烫的连续创建和刷新结果，不以读树代替创建。,已实现待验证,current-requirement-evidence.json :: requirements[requirement_id=ARCH-002]；evidence/routes-release.json；evidence/tabs-release.json,用户已明确要求“按照《PCS 商品、物料与渠道店铺商品原型调整方案 R1》执行”；执行基线R1及已确认决策（A02）；本列为实施授权，不代表产品验收通过。
ARCH-003,../2026-10-04-product-material-domain-audit-v2/decision-register-2026-10-05.md A03; prototype-adjustment-proposal.md §2/§3,A03,新根码可系统生成且迁入原码保留,WP01,src/data/pcs-material-archive-repository.ts:createMaterialArchive；src/data/pcs-material-archive-repository.ts:copyMaterialArchive；src/data/pcs-material-archive-repository.ts:resolveMaterialSkuIdentity,"tests/pcs-r1-material-rules.test.ts :: MAT: copied archive reuses file references, resets approval and has no copied SKU or price history（evidence/contracts-final.log:156，通过）；tests/pcs-r1-material-rules.test.ts :: CODE/MAT: previous target IDs and aliases resolve to one canonical identity; no code parsing（evidence/contracts-final.log:141，通过）",已采集的页面及动作见 evidence/measurement-summary.json；按原始文件分组，不能推及未测动作。 相关列表/详情/Tab及基础保存已有证据；本条完整正常/边界动作须逐入口补齐五轮浏览器结果，不能由契约测试替代。,已实现待验证,current-requirement-evidence.json :: requirements[requirement_id=ARCH-003]；evidence/routes-release.json；evidence/tabs-release.json,用户已明确要求“按照《PCS 商品、物料与渠道店铺商品原型调整方案 R1》执行”；执行基线R1及已确认决策（A03）；本列为实施授权，不代表产品验收通过。
ARCH-004,../2026-10-04-product-material-domain-audit-v2/decision-register-2026-10-05.md A03; prototype-adjustment-proposal.md §2/§3,A03,人工指定编码限建档且唯一,WP01,src/data/pcs-material-archive-repository.ts:createMaterialArchive；src/data/pcs-material-archive-repository.ts:updateMaterialArchive；src/data/pcs-material-archive-repository.ts:validateRoot；src/pages/pcs-material-archives.ts:renderPcsMaterialArchiveEditPage,tests/pcs-r1-material-rules.test.ts :: MAT/CODE: a draft root code change regenerates descendants without changing their IDs（evidence/contracts-final.log:157，通过）,已采集的页面及动作见 evidence/measurement-summary.json；按原始文件分组，不能推及未测动作。 相关列表/详情/Tab及基础保存已有证据；本条完整正常/边界动作须逐入口补齐五轮浏览器结果，不能由契约测试替代。,已实现待验证,current-requirement-evidence.json :: requirements[requirement_id=ARCH-004]；evidence/routes-release.json；evidence/tabs-release.json,用户已明确要求“按照《PCS 商品、物料与渠道店铺商品原型调整方案 R1》执行”；执行基线R1及已确认决策（A03）；本列为实施授权，不代表产品验收通过。
ARCH-005,../2026-10-04-product-material-domain-audit-v2/decision-register-2026-10-05.md A04; prototype-adjustment-proposal.md §2/§3,A04,服装规格默认颜色加统一尺码,WP01,src/data/pcs-product-archive-commands.ts:previewProductSkus；src/data/pcs-product-archive-rules.ts:sameDeliveryIdentity；src/data/pcs-config-dimensions.ts:ConfigOption,tests/pcs-r1-product-rules.test.ts :: PROD-004 same delivery identity is unique; different physical artwork creates distinct code（evidence/contracts-final.log:210，通过）；tests/pcs-r1-product-rules.test.ts :: SKU stable identity survives dictionary label changes and still matches legacy records（evidence/contracts-final.log:227，通过）；tests/pcs-r1-config.test.ts :: original size identities remain stable and category numbers keep formal codes and legacy labels（evidence/contracts-final.log:85，通过）,已采集的页面及动作见 evidence/measurement-summary.json；按原始文件分组，不能推及未测动作。 相关列表/详情/Tab及基础保存已有证据；本条完整正常/边界动作须逐入口补齐五轮浏览器结果，不能由契约测试替代。,已实现待验证,current-requirement-evidence.json :: requirements[requirement_id=ARCH-005]；evidence/routes-release.json；evidence/tabs-release.json,用户已明确要求“按照《PCS 商品、物料与渠道店铺商品原型调整方案 R1》执行”；执行基线R1及已确认决策（A04）；本列为实施授权，不代表产品验收通过。
ARCH-006,../2026-10-04-product-material-domain-audit-v2/decision-register-2026-10-05.md A04; prototype-adjustment-proposal.md §2/§3,A04,实质款式改变建立新SPU,WP01,src/data/pcs-style-archive-repository.ts:createStyleArchiveDirect；src/data/pcs-product-archive-commands.ts:productDraftCopy；src/data/pcs-product-archive-rules.ts:assertProductStyleIdentity,tests/pcs-r1-product-rules.test.ts :: PROD-001 direct archive is a clean draft with no generated images or development gate（evidence/contracts-final.log:207，通过）；tests/pcs-r1-product-rules.test.ts :: PROD-008 copy clears technical/channel identity while retaining reusable content（evidence/contracts-final.log:214，通过）；tests/pcs-r1-product-rules.test.ts :: PROD-005 SKU barcode and approved identity are immutable/unique（evidence/contracts-final.log:211，通过）,已采集的页面及动作见 evidence/measurement-summary.json；按原始文件分组，不能推及未测动作。 相关列表/详情/Tab及基础保存已有证据；本条完整正常/边界动作须逐入口补齐五轮浏览器结果，不能由契约测试替代。,已实现待验证,current-requirement-evidence.json :: requirements[requirement_id=ARCH-006]；evidence/routes-release.json；evidence/tabs-release.json,用户已明确要求“按照《PCS 商品、物料与渠道店铺商品原型调整方案 R1》执行”；执行基线R1及已确认决策（A04）；本列为实施授权，不代表产品验收通过。
ARCH-007,../2026-10-04-product-material-domain-audit-v2/decision-register-2026-10-05.md A05; prototype-adjustment-proposal.md §2/§3,A05,品牌交付标准不同使用不同SPU,WP01,src/data/pcs-style-product-information.ts:resolveStyleProductInformation；src/data/pcs-product-archive-commands.ts:saveProductStyleDraft；src/data/pcs-product-archive-rules.ts:assertProductStyleIdentity,tests/pcs-r1-product-rules.test.ts :: PROD-007 same-style does not imply substitution; explicit conditions required（evidence/contracts-final.log:213，通过）,已采集的页面及动作见 evidence/measurement-summary.json；按原始文件分组，不能推及未测动作。 相关列表/详情/Tab及基础保存已有证据；本条完整正常/边界动作须逐入口补齐五轮浏览器结果，不能由契约测试替代。,已实现待验证,current-requirement-evidence.json :: requirements[requirement_id=ARCH-007]；evidence/routes-release.json；evidence/tabs-release.json,用户已明确要求“按照《PCS 商品、物料与渠道店铺商品原型调整方案 R1》执行”；执行基线R1及已确认决策（A05）；本列为实施授权，不代表产品验收通过。
ARCH-008,../2026-10-04-product-material-domain-audit-v2/decision-register-2026-10-05.md A07; prototype-adjustment-proposal.md §2/§3,A07,同款关联不合并身份,WP01,src/data/pcs-product-archive-rules.ts:assertProductStyleIdentity；src/pages/pcs-product-archives.ts:styleBody,tests/pcs-r1-product-rules.test.ts :: PROD-007 same-style does not imply substitution; explicit conditions required（evidence/contracts-final.log:213，通过）,已采集的页面及动作见 evidence/measurement-summary.json；按原始文件分组，不能推及未测动作。 相关列表/详情/Tab及基础保存已有证据；本条完整正常/边界动作须逐入口补齐五轮浏览器结果，不能由契约测试替代。,已实现待验证,current-requirement-evidence.json :: requirements[requirement_id=ARCH-008]；evidence/routes-release.json；evidence/tabs-release.json,用户已明确要求“按照《PCS 商品、物料与渠道店铺商品原型调整方案 R1》执行”；执行基线R1及已确认决策（A07）；本列为实施授权，不代表产品验收通过。
ARCH-009,../2026-10-04-product-material-domain-audit-v2/decision-register-2026-10-05.md A07; prototype-adjustment-proposal.md §2/§3,A07,替代关系独立维护适用条件,WP01,src/data/pcs-product-archive-commands.ts:saveProductStyleDraft；src/data/pcs-product-archive-rules.ts:assertProductStyleIdentity；src/pages/pcs-product-archives.ts:substitutionView,tests/pcs-r1-product-rules.test.ts :: PROD-007 same-style does not imply substitution; explicit conditions required（evidence/contracts-final.log:213，通过）；tests/pcs-r1-product-rules.test.ts :: STYLE-018/027 cannot approve a style missing material type or save a nonexistent substitution（evidence/contracts-final.log:231，通过）,已采集的页面及动作见 evidence/measurement-summary.json；按原始文件分组，不能推及未测动作。 相关列表/详情/Tab及基础保存已有证据；本条完整正常/边界动作须逐入口补齐五轮浏览器结果，不能由契约测试替代。,已实现待验证,current-requirement-evidence.json :: requirements[requirement_id=ARCH-009]；evidence/routes-release.json；evidence/tabs-release.json,用户已明确要求“按照《PCS 商品、物料与渠道店铺商品原型调整方案 R1》执行”；执行基线R1及已确认决策（A07）；本列为实施授权，不代表产品验收通过。
ARCH-010,../2026-10-04-product-material-domain-audit-v2/decision-register-2026-10-05.md A08; prototype-adjustment-proposal.md §2/§3,A08,采购来源地区和默认仓不在档案编辑,WP01,src/pages/pcs-material-archives.ts:renderPcsMaterialArchiveEditPage；src/pages/pcs-material-archives.ts:renderPcsMaterialSkuDetailPage；src/data/pcs-material-transfer.ts:exportMaterialBusinessRows；src/pages/pcs-product-archives.ts:styleEditorBody（商品可编辑字段）；src/pages/pcs-product-archives.ts:skuEditorBody（规格可编辑字段）,tests/pcs-r1-material-transfer.test.ts :: GOV-027: business exports honor all selected identities without stock or supplier fields（evidence/contracts-final.log:175，通过）；tests/pcs-r1-product-rules.test.ts :: PROD-010 details and lists are independent; archive has no procurement or inventory controls（evidence/contracts-final.log:216，通过）,已采集的页面及动作见 evidence/measurement-summary.json；按原始文件分组，不能推及未测动作。 本条限定的只读结构、排除边界或独立动作已满足证据；不表示整个模块完成。,已验证,current-requirement-evidence.json :: requirements[requirement_id=ARCH-010]；evidence/routes-release.json；evidence/tabs-release.json,用户已明确要求“按照《PCS 商品、物料与渠道店铺商品原型调整方案 R1》执行”；执行基线R1及已确认决策（A08）；本列为实施授权，不代表产品验收通过。
ARCH-011,../2026-10-04-product-material-domain-audit-v2/confirmed-rules-and-refinements.md §1/§9 USR-010; prototype-adjustment-proposal.md §2/§3,USR-010,商品物料档案不提供供应商字段或供应商Tab,WP01,src/pages/pcs-material-archives.ts:renderPcsMaterialArchiveEditPage；src/pages/pcs-material-archives.ts:renderPcsMaterialSkuDetailPage；src/data/pcs-material-transfer.ts:exportMaterialBusinessRows；src/pages/pcs-product-archives.ts:styleEditorBody（商品独立属性）；src/pages/pcs-product-archives.ts:renderDetail（分层详情）,tests/pcs-r1-material-transfer.test.ts :: GOV-027: business exports honor all selected identities without stock or supplier fields（evidence/contracts-final.log:175，通过）；tests/pcs-r1-product-rules.test.ts :: PROD-010 details and lists are independent; archive has no procurement or inventory controls（evidence/contracts-final.log:216，通过）；tests/pcs-r1-product-rules.test.ts :: STYLE-004/021 and SKU-005 preserve multilingual names and verified responsible person without channel writes（evidence/contracts-final.log:221，通过）,已采集的页面及动作见 evidence/measurement-summary.json；按原始文件分组，不能推及未测动作。 本条限定的只读结构、排除边界或独立动作已满足证据；不表示整个模块完成。,已验证,current-requirement-evidence.json :: requirements[requirement_id=ARCH-011]；evidence/routes-release.json；evidence/tabs-release.json,用户已明确要求“按照《PCS 商品、物料与渠道店铺商品原型调整方案 R1》执行”；执行基线R1及已确认决策（USR-010）；本列为实施授权，不代表产品验收通过。
ARCH-012,../2026-10-04-product-material-domain-audit-v2/confirmed-rules-and-refinements.md §1/§9 USR-011; prototype-adjustment-proposal.md §2/§3,USR-011,商品物料档案不提供库存输入或库存摘要,WP01,src/pages/pcs-material-archives.ts:renderPcsMaterialArchiveEditPage；src/pages/pcs-material-archives.ts:renderPcsMaterialSkuDetailPage；src/data/pcs-material-transfer.ts:exportMaterialBusinessRows；src/pages/pcs-product-archives.ts:skuBody（只读规格身份）；src/pages/pcs-product-archives.ts:renderList（列表）,"tests/pcs-r1-material-transfer.test.ts :: GOV-027: business exports honor all selected identities without stock or supplier fields（evidence/contracts-final.log:175，通过）；tests/pcs-r1-product-rules.test.ts :: PROD-010 details and lists are independent; archive has no procurement or inventory controls（evidence/contracts-final.log:216，通过）；tests/pcs-r1-product-rules.test.ts :: PROD-011 counts and WMS demo identity refer to actual SKU records, without copying stock（evidence/contracts-final.log:217，通过）",已采集的页面及动作见 evidence/measurement-summary.json；按原始文件分组，不能推及未测动作。 本条限定的只读结构、排除边界或独立动作已满足证据；不表示整个模块完成。,已验证,current-requirement-evidence.json :: requirements[requirement_id=ARCH-012]；evidence/routes-release.json；evidence/tabs-release.json,用户已明确要求“按照《PCS 商品、物料与渠道店铺商品原型调整方案 R1》执行”；执行基线R1及已确认决策（USR-011）；本列为实施授权，不代表产品验收通过。
ARCH-013,../../../AGENTS.md AGENTS; prototype-adjustment-proposal.md §1/§15,AGENTS,仅实现原型页面Mock和必要轻交互,WP01,src/pages/pcs-product-archives.ts:renderDetail；src/data/pcs-product-archive-commands.ts:saveProductStyleDraft；src/data/pcs-record-runtime.ts:runPcsRecordCommand,tests/pcs-r1-product-rules.test.ts :: PROD-010 details and lists are independent; archive has no procurement or inventory controls（evidence/contracts-final.log:216，通过）,已采集的页面及动作见 evidence/measurement-summary.json；按原始文件分组，不能推及未测动作。 本条限定的只读结构、排除边界或独立动作已满足证据；不表示整个模块完成。,已验证,current-requirement-evidence.json :: requirements[requirement_id=ARCH-013]；evidence/routes-release.json；evidence/tabs-release.json,用户已明确要求“按照《PCS 商品、物料与渠道店铺商品原型调整方案 R1》执行”；执行基线R1及已确认决策（AGENTS）；本列为实施授权，不代表产品验收通过。
ARCH-014,../2026-10-04-product-material-domain-audit-v2/decision-register-2026-10-05.md F06; prototype-adjustment-proposal.md §1/§15,F06,实际成本与历史异常治理不进入本期页面,WP01,src/data/pcs-material-archive-repository.ts:calculateCost；src/pages/pcs-material-archives.ts:renderCost；src/pages/pcs-material-archives.ts:renderTransfer,"tests/pcs-r1-material-rules.test.ts :: COST: P + initial freight + every F; automatic descendants, immutable business snapshot（evidence/contracts-final.log:142，通过）；tests/pcs-r1-material-transfer.test.ts :: GOV-027: business exports honor all selected identities without stock or supplier fields（evidence/contracts-final.log:175，通过）",已采集的页面及动作见 evidence/measurement-summary.json；按原始文件分组，不能推及未测动作。 本条限定的只读结构、排除边界或独立动作已满足证据；不表示整个模块完成。,已验证,current-requirement-evidence.json :: requirements[requirement_id=ARCH-014]；evidence/routes-release.json；evidence/tabs-release.json,用户已明确要求“按照《PCS 商品、物料与渠道店铺商品原型调整方案 R1》执行”；执行基线R1及已确认决策（F06）；本列为实施授权，不代表产品验收通过。
ARCH-015,../2026-10-04-product-material-domain-audit-v2/decision-register-2026-10-05.md A06/C05; prototype-adjustment-proposal.md §1/§15,A06/C05,未给定的精确编码字符和组合结构标为本轮方案建议,WP01,docs/reviews/2026-10-05-pcs-prototype-adjustment-plan/prototype-adjustment-proposal.md:6.4 固定套装与虚拟搭售的承接方案（本轮细化方案来源）,不适用：方案来源标注，无运行行为改变；按方案章节核对。,不适用：本条为方案来源标注，未改变运行行为。方案§6/§7标注本轮细化，用户后续授权按R1执行。,已验证,current-requirement-evidence.json :: requirements[requirement_id=ARCH-015]；evidence/routes-release.json；evidence/tabs-release.json,用户已明确要求“按照《PCS 商品、物料与渠道店铺商品原型调整方案 R1》执行”；执行基线R1及已确认决策（A06/C05）；本列为实施授权，不代表产品验收通过。
CFG-001,../2026-10-04-product-material-domain-audit-v2/decision-register-2026-10-05.md B01; prototype-adjustment-proposal.md §5,B01,面料根规格维护成分组织幅宽克重,WP02,src/data/pcs-material-archive-types.ts:MaterialArchiveRecord；src/pages/pcs-material-archives.ts:templateFields；src/pages/pcs-material-archives.ts:compositionEditor；src/pages/pcs-material-archives.ts:rootDraft；src/data/pcs-material-archive-repository.ts:validateRoot；src/data/pcs-material-config.ts:definitions（面料模板包含 composition(%)、construction、width(cm)、gramWeight(g/m²)。）；src/data/pcs-material-config.ts:saveMaterialTemplateVersion（数字物性字段要求单位，模板按受控字段类型保存。）；src/pages/pcs-config-workspace.ts:detail（模板详情/编辑的字段、引用、版本和日志分 Tab 展示。）,tests/pcs-r1-material-rules.test.ts :: MAT-003/UOM: output width is one field and package edits retain previous contents（evidence/contracts-final.log:161，通过）；tests/pcs-r1-config.test.ts :: five material families have explicit field templates and unknown categories never use another template（evidence/contracts-final.log:88，通过）；tests/pcs-r1-config.test.ts :: controlled fields and unit identities reject invalid configuration（evidence/contracts-final.log:91，通过）；tests/pcs-r1-config-page.test.ts :: controlled material attribute dictionaries have distinct navigable maintenance lists（evidence/contracts-final.log:78，通过）,已采集的页面及动作见 evidence/measurement-summary.json；按原始文件分组，不能推及未测动作。 相关列表/详情/Tab及基础保存已有证据；本条完整正常/边界动作须逐入口补齐五轮浏览器结果，不能由契约测试替代。,已实现待验证,current-requirement-evidence.json :: requirements[requirement_id=CFG-001]；evidence/routes-release.json；evidence/final-config-actions.json；evidence/config-saves-release.json；evidence/config-source-reconciliation.json,用户已明确要求“按照《PCS 商品、物料与渠道店铺商品原型调整方案 R1》执行”；执行基线R1及已确认决策（B01）；本列为实施授权，不代表产品验收通过。
CFG-002,../2026-10-04-product-material-domain-audit-v2/decision-register-2026-10-05.md B02; prototype-adjustment-proposal.md §5,B02,辅料子类加载各自身份模板,WP02,src/pages/pcs-material-archives.ts:templateFields；src/pages/pcs-material-archives.ts:rootDraft；src/data/pcs-material-archive-repository.ts:validateRoot；src/data/pcs-material-config.ts:definitions（纽扣直径、拉链长度、织带/绳/松紧带/花边等各自字段，含流苏及刺绣花边模板。）；src/data/pcs-material-config.ts:getMaterialTemplate（只返回该 kind/category 最新已审核且启用的模板；无匹配时抛错。）；src/pages/pcs-config-workspace.ts:templateBody（模板详情和编辑显式显示/维护 button-hole、reference 值结构、integer/minimum；保留分类稳定标识与业务编码。）,"tests/pcs-r1-material-review-regressions.test.ts :: MAT: rope diameter uses the structured 3 mm template field and survives rereading（evidence/contracts-final.log:131，通过）；tests/pcs-r1-material-review-regressions.test.ts :: MAT: existing rope text dimensions remain editable without inventing a numeric diameter（evidence/contracts-final.log:132，通过）；tests/pcs-r1-material-review-regressions.test.ts :: MAT: invalid explicit rope diameters cannot pass using an old width text value（evidence/contracts-final.log:133，通过）；tests/pcs-r1-config.test.ts :: five material families have explicit field templates and unknown categories never use another template（evidence/contracts-final.log:88，通过）；tests/pcs-r1-config-page.test.ts :: template detail and draft save preserve button conditions, zero minimum, shape and version conversions（evidence/contracts-final.log:77，通过）；tests/pcs-r1-config-page.test.ts :: controlled material attribute dictionaries have distinct navigable maintenance lists（evidence/contracts-final.log:78，通过）",已采集的页面及动作见 evidence/measurement-summary.json；按原始文件分组，不能推及未测动作。 相关列表/详情/Tab及基础保存已有证据；本条完整正常/边界动作须逐入口补齐五轮浏览器结果，不能由契约测试替代。,已实现待验证,current-requirement-evidence.json :: requirements[requirement_id=CFG-002]；evidence/routes-release.json；evidence/final-config-actions.json；evidence/config-saves-release.json；evidence/config-source-reconciliation.json,用户已明确要求“按照《PCS 商品、物料与渠道店铺商品原型调整方案 R1》执行”；执行基线R1及已确认决策（B02）；本列为实施授权，不代表产品验收通过。
CFG-003,../2026-10-04-product-material-domain-audit-v2/decision-register-2026-10-05.md B03; prototype-adjustment-proposal.md §5,B03,纱支体系数值股数和捻度结构化保存,WP02,src/data/pcs-material-archive-types.ts:MaterialSpecValues；src/pages/pcs-material-archives.ts:templateFields；src/pages/pcs-material-archives.ts:templateValues；src/pages/pcs-material-archives.ts:rootDraft；src/data/pcs-material-archive-repository.ts:validateTemplateRequired；src/data/pcs-material-config.ts:definitions（纱支体系、纱支值、股数、捻度和用途独立字段；模板不把筒重作为纱线身份。）；src/data/pcs-config-dimensions.ts:FLAT_DIMENSION_META（纱支体系为独立共享字典。）,tests/pcs-r1-config.test.ts :: five material families have explicit field templates and unknown categories never use another template（evidence/contracts-final.log:88，通过）；tests/pcs-r1-config-page.test.ts :: controlled material attribute dictionaries have distinct navigable maintenance lists（evidence/contracts-final.log:78，通过）,已采集的页面及动作见 evidence/measurement-summary.json；按原始文件分组，不能推及未测动作。 相关列表/详情/Tab及基础保存已有证据；本条完整正常/边界动作须逐入口补齐五轮浏览器结果，不能由契约测试替代。,已实现待验证,current-requirement-evidence.json :: requirements[requirement_id=CFG-003]；evidence/routes-release.json；evidence/final-config-actions.json；evidence/config-saves-release.json；evidence/config-source-reconciliation.json,用户已明确要求“按照《PCS 商品、物料与渠道店铺商品原型调整方案 R1》执行”；执行基线R1及已确认决策（B03）；本列为实施授权，不代表产品验收通过。
CFG-004,../2026-10-04-product-material-domain-audit-v2/decision-register-2026-10-05.md B04; prototype-adjustment-proposal.md §5,B04,耗材按包装袋胶带油剂等适用模板展示,WP02,src/pages/pcs-material-archives.ts:templateFields；src/pages/pcs-material-archives.ts:renderPcsMaterialArchiveEditPage；src/data/pcs-material-archive-repository.ts:validateTemplateRequired；src/data/pcs-material-config.ts:definitions（包装袋、胶带、油剂和裁剪耗材有明确不同字段；包装袋模板不强制颜色。）；src/data/pcs-material-config.ts:getMaterialTemplateByVersion（档案按锁定版本取适用字段。）；src/pages/pcs-config-workspace.ts:templateBody（模板详情和编辑显式显示/维护 button-hole、reference 值结构、integer/minimum；保留分类稳定标识与业务编码。）,"tests/pcs-r1-config.test.ts :: five material families have explicit field templates and unknown categories never use another template（evidence/contracts-final.log:88，通过）；tests/pcs-r1-config-page.test.ts :: template detail and draft save preserve button conditions, zero minimum, shape and version conversions（evidence/contracts-final.log:77，通过）",已采集的页面及动作见 evidence/measurement-summary.json；按原始文件分组，不能推及未测动作。 相关列表/详情/Tab及基础保存已有证据；本条完整正常/边界动作须逐入口补齐五轮浏览器结果，不能由契约测试替代。,已实现待验证,current-requirement-evidence.json :: requirements[requirement_id=CFG-004]；evidence/routes-release.json；evidence/final-config-actions.json；evidence/config-saves-release.json；evidence/config-source-reconciliation.json,用户已明确要求“按照《PCS 商品、物料与渠道店铺商品原型调整方案 R1》执行”；执行基线R1及已确认决策（B04）；本列为实施授权，不代表产品验收通过。
CFG-005,../2026-10-04-product-material-domain-audit-v2/decision-register-2026-10-05.md B05; prototype-adjustment-proposal.md §5,B05,设备适配为多值独立关系,WP02,src/data/pcs-material-archive-types.ts:MaterialArchiveRecord；src/pages/pcs-material-archives.ts:templateFields；src/pages/pcs-material-archives.ts:rootDraft；src/data/pcs-material-config.ts:definitions（配件 v2 模板 equipment 使用 reference/equipmentCompatibility；dimensions 使用 reference/namedDimensions；历史 v1 保留。）；src/data/pcs-config-dimensions.ts:FLAT_DIMENSION_META（equipmentTypes 为独立配置维度。）；src/pages/pcs-config-workspace.ts:templateBody（模板详情和编辑显式显示/维护 button-hole、reference 值结构、integer/minimum；保留分类稳定标识与业务编码。）；src/pages/pcs-config-workspace.ts:equipmentModelsBody（设备类型详情的型号 Tab 使用所属类型列表、详情及编辑；新增稳定 ID，已有编码/类型不可更改，名称和启停可维护。）,"tests/pcs-r1-config.test.ts :: five material families have explicit field templates and unknown categories never use another template（evidence/contracts-final.log:88，通过）；tests/pcs-r1-config-page.test.ts :: template detail and draft save preserve button conditions, zero minimum, shape and version conversions（evidence/contracts-final.log:77，通过）；tests/pcs-r1-config-page.test.ts :: equipment type opens model list, failed save retains input, awaited save creates own ID and edit toggles same model（evidence/contracts-final.log:80，通过）",已采集的页面及动作见 evidence/measurement-summary.json；按原始文件分组，不能推及未测动作。 相关列表/详情/Tab及基础保存已有证据；本条完整正常/边界动作须逐入口补齐五轮浏览器结果，不能由契约测试替代。,已实现待验证,current-requirement-evidence.json :: requirements[requirement_id=CFG-005]；evidence/routes-release.json；evidence/final-config-actions.json；evidence/config-saves-release.json；evidence/config-source-reconciliation.json,用户已明确要求“按照《PCS 商品、物料与渠道店铺商品原型调整方案 R1》执行”；执行基线R1及已确认决策（B05）；本列为实施授权，不代表产品验收通过。
CFG-006,../2026-10-04-product-material-domain-audit-v2/decision-register-2026-10-05.md B06; prototype-adjustment-proposal.md §5,B06,空差从目标表单导入及计算中排除,WP02,src/pages/pcs-material-archives.ts:templateFields；src/data/pcs-material-transfer.ts:materialTransferHeaders；src/data/pcs-material-archive-repository.ts:calculateCost；src/data/pcs-material-config.ts:saveMaterialTemplateVersion（拒绝 emptyDifference、effectiveWidth、widthDeduction 等额外幅宽/扣减字段。）；src/data/pcs-material-config.ts:definitions（正式模板无空差字段。）,tests/pcs-r1-material-transfer.test.ts :: GOV-027: business exports honor all selected identities without stock or supplier fields（evidence/contracts-final.log:175，通过）；tests/pcs-r1-config.test.ts :: five material families have explicit field templates and unknown categories never use another template（evidence/contracts-final.log:88，通过）,已采集的页面及动作见 evidence/measurement-summary.json；按原始文件分组，不能推及未测动作。 本条限定的只读结构、排除边界或独立动作已满足证据；不表示整个模块完成。,已验证,current-requirement-evidence.json :: requirements[requirement_id=CFG-006]；evidence/routes-release.json；evidence/final-config-actions.json；evidence/config-saves-release.json；evidence/config-source-reconciliation.json,用户已明确要求“按照《PCS 商品、物料与渠道店铺商品原型调整方案 R1》执行”；执行基线R1及已确认决策（B06）；本列为实施授权，不代表产品验收通过。
CFG-007,../2026-10-04-product-material-domain-audit-v2/decision-register-2026-10-05.md B07; prototype-adjustment-proposal.md §5,B07,只维护一个语义为有效幅宽的字段,WP02,src/data/pcs-material-archive-repository.ts:normalizedEffectiveSpecs；src/pages/pcs-material-archives.ts:materialSpecRows；src/pages/pcs-material-archives.ts:rootDraft；src/data/pcs-material-config.ts:definitions（width 标识幅宽且含义为有效幅宽，单位 cm，无额外扣减项。）；src/data/pcs-material-config.ts:saveMaterialTemplateVersion（不允许新增第二套有效幅宽或扣减字段。）,tests/pcs-r1-material-rules.test.ts :: MAT-003/UOM: output width is one field and package edits retain previous contents（evidence/contracts-final.log:161，通过）；tests/pcs-r1-config.test.ts :: five material families have explicit field templates and unknown categories never use another template（evidence/contracts-final.log:88，通过）,已采集的页面及动作见 evidence/measurement-summary.json；按原始文件分组，不能推及未测动作。 本条限定的只读结构、排除边界或独立动作已满足证据；不表示整个模块完成。,已验证,current-requirement-evidence.json :: requirements[requirement_id=CFG-007]；evidence/routes-release.json；evidence/final-config-actions.json；evidence/config-saves-release.json；evidence/config-source-reconciliation.json,用户已明确要求“按照《PCS 商品、物料与渠道店铺商品原型调整方案 R1》执行”；执行基线R1及已确认决策（B07）；本列为实施授权，不代表产品验收通过。
CFG-008,../2026-10-04-product-material-domain-audit-v2/decision-register-2026-10-05.md B08; prototype-adjustment-proposal.md §5,B08,染色规格审核前必须有Pantone体系和号,WP02,src/data/pcs-material-rules.ts:buildProcessedMaterialCode；src/data/pcs-material-archive-repository.ts:createProcessedMaterialSku；src/data/pcs-material-archive-repository.ts:setMaterialApproval；src/pages/pcs-material-archives.ts:renderProcessEditor；src/data/pcs-config-dimensions.ts:FLAT_DIMENSION_META（Pantone 单独维度，与普通颜色字典区分。）；src/data/pcs-config-workspace-repository.ts:getConfigOptionUsage（按实际 SKU Pantone 体系与编号记录统计配置引用。）；src/data/pcs-material-config.ts:saveMaterialTemplateVersion（保留 requiredWhen 阶段条件描述。）,"tests/pcs-r1-material-rules.test.ts :: CODE: direct predecessor is preserved across dye, embroidery, A/AB and penetration（evidence/contracts-final.log:140，通过）；tests/pcs-r1-config.test.ts :: material configuration usage follows locked template fields and actual SKU attributes（evidence/contracts-final.log:89，通过）",已采集的页面及动作见 evidence/measurement-summary.json；按原始文件分组，不能推及未测动作。 相关列表/详情/Tab及基础保存已有证据；本条完整正常/边界动作须逐入口补齐五轮浏览器结果，不能由契约测试替代。,已实现待验证,current-requirement-evidence.json :: requirements[requirement_id=CFG-008]；evidence/routes-release.json；evidence/final-config-actions.json；evidence/config-saves-release.json；evidence/config-source-reconciliation.json,用户已明确要求“按照《PCS 商品、物料与渠道店铺商品原型调整方案 R1》执行”；执行基线R1及已确认决策（B08）；本列为实施授权，不代表产品验收通过。
CFG-009,../2026-10-04-product-material-domain-audit-v2/decision-register-2026-10-05.md B09; prototype-adjustment-proposal.md §5,B09,所有服装只用一套尺码字典,WP02,src/data/pcs-config-dimensions.ts:SIZES（原 S/M/L/XL…One Size 位置及 ID 保持，XS 和数字尺码追加。）；src/data/pcs-config-dimensions.ts:createInitialConfigData（只创建 sizes 这一套内部尺码字典。）；src/data/pcs-product-archive-commands.ts:enabledOption（统一尺码选项）；src/data/pcs-product-archive-commands.ts:previewProductSkus（颜色×尺码生成）；src/data/pcs-product-archive-rules.ts:sameDeliveryIdentity（按内部稳定 ID 识别）,tests/pcs-r1-config.test.ts :: original size identities remain stable and category numbers keep formal codes and legacy labels（evidence/contracts-final.log:85，通过）；tests/pcs-r1-product-rules.test.ts :: SKU stable identity survives dictionary label changes and still matches legacy records（evidence/contracts-final.log:227，通过）,已采集的页面及动作见 evidence/measurement-summary.json；按原始文件分组，不能推及未测动作。 本条限定的只读结构、排除边界或独立动作已满足证据；不表示整个模块完成。,已验证,current-requirement-evidence.json :: requirements[requirement_id=CFG-009]；evidence/routes-release.json；evidence/final-config-actions.json；evidence/config-saves-release.json；evidence/config-source-reconciliation.json,用户已明确要求“按照《PCS 商品、物料与渠道店铺商品原型调整方案 R1》执行”；执行基线R1及已确认决策（B09）；本列为实施授权，不代表产品验收通过。
CFG-010,../2026-10-04-product-material-domain-audit-v2/decision-register-2026-10-05.md B10; prototype-adjustment-proposal.md §5,B10,品牌主分类和商品定位使用单选,WP02,src/data/pcs-config-dimensions.ts:FLAT_DIMENSION_META（brands 与 productPositioning 独立维度。）；src/data/pcs-config-workspace-repository.ts:listProductCategoryNodes（商品主分类使用独立节点候选。）；src/data/pcs-product-archive-commands.ts:validateSelectedProductConfig（单选和叶类目校验）；src/pages/pcs-product-archives.ts:styleEditorBody（单选编辑控件）,tests/pcs-r1-config.test.ts :: original size identities remain stable and category numbers keep formal codes and legacy labels（evidence/contracts-final.log:85，通过）；tests/pcs-r1-product-rules.test.ts :: GOV-024 review revalidates the current pending style and changes no approval on failure（evidence/contracts-final.log:219，通过）,已采集的页面及动作见 evidence/measurement-summary.json；按原始文件分组，不能推及未测动作。 相关列表/详情/Tab及基础保存已有证据；本条完整正常/边界动作须逐入口补齐五轮浏览器结果，不能由契约测试替代。,已实现待验证,current-requirement-evidence.json :: requirements[requirement_id=CFG-010]；evidence/routes-release.json；evidence/final-config-actions.json；evidence/config-saves-release.json；evidence/config-source-reconciliation.json,用户已明确要求“按照《PCS 商品、物料与渠道店铺商品原型调整方案 R1》执行”；执行基线R1及已确认决策（B10）；本列为实施授权，不代表产品验收通过。
CFG-011,../2026-10-04-product-material-domain-audit-v2/decision-register-2026-10-05.md B10; prototype-adjustment-proposal.md §5,B10,风格流行元素特殊工艺人群年龄定位分别多选,WP02,src/data/pcs-config-dimensions.ts:FLAT_DIMENSION_META（styles、trendElements、specialCrafts、crowds、ages、crowdPositioning 独立维度。）；src/data/pcs-config-workspace-repository.ts:listConfigDimensionOptions（按 dimensionId 返回候选，不混用不同属性。）；src/data/pcs-record-codec.ts:pcsRecordIdentity（配置记录标识包含 dimensionId，防止跨维度同 ID 覆盖。）；src/pages/pcs-product-archives.ts:styleEditorBody（多个属性独立多选）；src/data/pcs-style-product-information.ts:resolveStyleProductInformation（按字段映射 ID→名称）；src/data/pcs-product-archive-commands.ts:validateSelectedProductConfig（配置存在性与启停）,tests/pcs-r1-storage-codec.test.ts :: template version and dimension are part of configuration record identity（evidence/contracts-final.log:236，通过）；tests/pcs-r1-config.test.ts :: legacy custom configuration and stable IDs survive category-number field rename（evidence/contracts-final.log:86，通过）；tests/pcs-r1-config.test.ts :: configuration references are counted from current records and disabling retains history（evidence/contracts-final.log:87，通过）,已采集的页面及动作见 evidence/measurement-summary.json；按原始文件分组，不能推及未测动作。 相关列表/详情/Tab及基础保存已有证据；本条完整正常/边界动作须逐入口补齐五轮浏览器结果，不能由契约测试替代。,已实现待验证,current-requirement-evidence.json :: requirements[requirement_id=CFG-011]；evidence/routes-release.json；evidence/final-config-actions.json；evidence/config-saves-release.json；evidence/config-source-reconciliation.json,用户已明确要求“按照《PCS 商品、物料与渠道店铺商品原型调整方案 R1》执行”；执行基线R1及已确认决策（B10）；本列为实施授权，不代表产品验收通过。
CFG-012,../2026-10-04-product-material-domain-audit-v2/decision-register-2026-10-05.md B11; prototype-adjustment-proposal.md §5,B11,品类风格品类编号是三个字典,WP02,src/data/pcs-config-dimensions.ts:FLAT_DIMENSION_META（categories、styles、categoryNumbers 三个 dimensionId。）；src/data/pcs-config-dimensions.ts:splitCategoryNumberLabel（品类编号区分正式编号、中英文名称与旧值别名。）；src/data/pcs-record-codec.ts:pcsRecordIdentity（维度参与配置记录身份。）；src/pages/pcs-config-workspace.ts:managedList（配置列表实际使用标准列表/分页/列设置；查询统计同范围，CSV 导出全部匹配项且排除操作列；引用数按当前页或必要排序/导出求值。）；src/data/pcs-style-product-information.ts:resolveStyleProductInformation（独立字段投影）；src/pages/pcs-product-archives.ts:styleEditorBody（品类/风格/品类编号独立控件）,"tests/pcs-r1-config.test.ts :: original size identities remain stable and category numbers keep formal codes and legacy labels（evidence/contracts-final.log:85，通过）；tests/pcs-r1-storage-codec.test.ts :: template version and dimension are part of configuration record identity（evidence/contracts-final.log:236，通过）；tests/pcs-r1-config-page.test.ts :: standard list applies pagination, sorting, visibility, freezing, reset and whole-result CSV export（evidence/contracts-final.log:76，通过）",已采集的页面及动作见 evidence/measurement-summary.json；按原始文件分组，不能推及未测动作。 本条限定的只读结构、排除边界或独立动作已满足证据；不表示整个模块完成。,已验证,current-requirement-evidence.json :: requirements[requirement_id=CFG-012]；evidence/routes-release.json；evidence/final-config-actions.json；evidence/config-saves-release.json；evidence/config-source-reconciliation.json,用户已明确要求“按照《PCS 商品、物料与渠道店铺商品原型调整方案 R1》执行”；执行基线R1及已确认决策（B11）；本列为实施授权，不代表产品验收通过。
CFG-013,../2026-10-04-product-material-domain-audit-v2/decision-register-2026-10-05.md B11; prototype-adjustment-proposal.md §5,B11,风格编号相关键完整迁移为品类编号,WP02,src/data/pcs-config-workspace-repository.ts:readSnapshot（读取旧 flatOptions.styleCodes 为 categoryNumbers，并保留候选 ID。）；src/data/pcs-config-workspace-repository.ts:normalizeOption（从历史品类编号标签恢复正式业务码并留别名，不使用数组序号替代业务码。）；src/data/pcs-record-codec.ts:normalizePcsRecordSnapshot（配置和商品 productConfigRefs 旧键同步转换，保留引用 ID。）,tests/pcs-r1-config.test.ts :: legacy custom configuration and stable IDs survive category-number field rename（evidence/contracts-final.log:86，通过）；tests/pcs-r1-storage-codec.test.ts :: old category-number references and dictionaries retain their stable IDs（evidence/contracts-final.log:237，通过）,已采集的页面及动作见 evidence/measurement-summary.json；按原始文件分组，不能推及未测动作。 本条限定的只读结构、排除边界或独立动作已满足证据；不表示整个模块完成。,已验证,current-requirement-evidence.json :: requirements[requirement_id=CFG-013]；evidence/routes-release.json；evidence/final-config-actions.json；evidence/config-saves-release.json；evidence/config-source-reconciliation.json,用户已明确要求“按照《PCS 商品、物料与渠道店铺商品原型调整方案 R1》执行”；执行基线R1及已确认决策（B11）；本列为实施授权，不代表产品验收通过。
CFG-014,../2026-10-04-product-material-domain-audit-v2/decision-register-2026-10-05.md B11; prototype-adjustment-proposal.md §5,B11,原343项配置及浏览器当前新增项均保留语义和来源,WP02,src/data/pcs-config-workspace-repository.ts:readSnapshot（兼容 options[]/flatOptions，保留配置维度和显式空维度。）；src/data/pcs-record-codec.ts:equalPcsRecordValues（只容许可由相同候选推导的 configuredDimensions 元数据差异，业务值差异仍冲突。）；src/data/pcs-record-runtime.ts:hydrate（旧源只读叠加，已校验源指纹防止旧快照覆盖后续 IDB 改动。）；src/data/pcs-record-codec.ts:pcsRecordIdentity（dimensionId+id 保留跨维度的独立身份。）；src/pages/pcs-config-workspace.ts:managedList（配置列表实际使用标准列表/分页/列设置；查询统计同范围，CSV 导出全部匹配项且排除操作列；引用数按当前页或必要排序/导出求值。）,"tests/pcs-r1-config.test.ts :: legacy custom configuration and stable IDs survive category-number field rename（evidence/contracts-final.log:86，通过）；tests/pcs-r1-storage-codec.test.ts :: template version and dimension are part of configuration record identity（evidence/contracts-final.log:236，通过）；tests/pcs-r1-storage-codec.test.ts :: legacy configured-dimension metadata is equivalent only when derivable from unchanged option records（evidence/contracts-final.log:242，通过）；tests/pcs-r1-storage-runtime.test.ts :: new writes from an old page do not overwrite IDB or block unrelated collections（evidence/contracts-final.log:258，通过）；tests/pcs-r1-config-page.test.ts :: standard list applies pagination, sorting, visibility, freezing, reset and whole-result CSV export（evidence/contracts-final.log:76，通过）；tests/pcs-r1-config.test.ts :: CFG-014 mixed old category-number IDs and new demo references resolve without rewriting saved configuration（evidence/contracts-final.log:84，通过）",已采集的页面及动作见 evidence/measurement-summary.json；按原始文件分组，不能推及未测动作。 343项静态来源全部保留已核对；浏览器存量配置的多标签迁移仍须定向验收。,已实现待验证,current-requirement-evidence.json :: requirements[requirement_id=CFG-014]；evidence/routes-release.json；evidence/final-config-actions.json；evidence/config-saves-release.json；evidence/config-source-reconciliation.json,用户已明确要求“按照《PCS 商品、物料与渠道店铺商品原型调整方案 R1》执行”；执行基线R1及已确认决策（B11）；本列为实施授权，不代表产品验收通过。
CFG-015,../2026-10-04-product-material-domain-audit-v2/decision-register-2026-10-05.md F04; prototype-adjustment-proposal.md §5,F04,已用模板变更生成新版本,WP02,src/data/pcs-material-archive-types.ts:MaterialArchiveRecord；src/pages/pcs-material-archives.ts:renderPcsMaterialArchiveEditPage；src/data/pcs-material-archive-repository.ts:validateTemplateRequired；src/data/pcs-material-config.ts:saveMaterialTemplateVersion（已审核版本改动创建新草稿版本，已有草稿仅更新自身；根身份不变。）；src/data/pcs-material-config.ts:approveMaterialTemplate（审核指定版本而非替换旧版本。）；src/data/pcs-material-config.ts:getMaterialTemplateByVersion（旧根档案可取其锁定模板版本。）；src/data/pcs-material-config.ts:getMaterialTemplateUsage（动态列出引用指定版本的根档案。）；src/pages/pcs-config-workspace.ts:templateBody（模板详情和编辑显式显示/维护 button-hole、reference 值结构、integer/minimum；保留分类稳定标识与业务编码。）；src/pages/pcs-config-workspace.ts:conversionBody（版本换算依据独立 Tab 维护数值属性、原单位、新单位、正系数；普通读取和保存不自动转换旧值。）,"tests/pcs-r1-config.test.ts :: template editing and approval preserve versions already referenced by material roots（evidence/contracts-final.log:90，通过）；tests/pcs-r1-config-page.test.ts :: template detail and draft save preserve button conditions, zero minimum, shape and version conversions（evidence/contracts-final.log:77，通过）",已采集的页面及动作见 evidence/measurement-summary.json；按原始文件分组，不能推及未测动作。 相关列表/详情/Tab及基础保存已有证据；本条完整正常/边界动作须逐入口补齐五轮浏览器结果，不能由契约测试替代。,已实现待验证,current-requirement-evidence.json :: requirements[requirement_id=CFG-015]；evidence/routes-release.json；evidence/final-config-actions.json；evidence/config-saves-release.json；evidence/config-source-reconciliation.json,用户已明确要求“按照《PCS 商品、物料与渠道店铺商品原型调整方案 R1》执行”；执行基线R1及已确认决策（F04）；本列为实施授权，不代表产品验收通过。
CFG-016,../2026-10-04-product-material-domain-audit-v2/decision-register-2026-10-05.md F05; prototype-adjustment-proposal.md §5,F05,停用字典不供新选但保留历史显示,WP02,src/pages/pcs-material-archives.ts:field；src/pages/pcs-material-archives.ts:templateFields；src/pages/pcs-material-archives.ts:colorOptions；src/pages/pcs-material-archives.ts:units；src/data/pcs-material-archive-repository.ts:validateTemplateRequired；src/data/pcs-config-workspace-repository.ts:saveConfigDimensionOption（停用保留稳定身份和日志；已使用项代码不能改。）；src/data/pcs-config-workspace-repository.ts:listConfigDimensionOptions（保留候选状态供消费端过滤。）；src/data/pcs-material-config.ts:getMaterialTemplate（新选仅允许启用的已审核版本。）；src/data/pcs-material-config.ts:getMaterialTemplateByVersion（历史锁定版本可继续读取。）；src/data/pcs-material-config.ts:saveMaterialUnit（单位停用不删除身份。）；src/data/pcs-product-archive-commands.ts:enabledOption（颜色尺码新选只允许启用项）；src/data/pcs-product-archive-commands.ts:validateSelectedProductConfig（保留原历史停用引用）；src/pages/pcs-product-archives.ts:configOptions（当前值和启用候选）,tests/pcs-r1-config.test.ts :: configuration references are counted from current records and disabling retains history（evidence/contracts-final.log:87，通过）；tests/pcs-r1-config.test.ts :: template editing and approval preserve versions already referenced by material roots（evidence/contracts-final.log:90，通过）；tests/pcs-r1-config.test.ts :: controlled fields and unit identities reject invalid configuration（evidence/contracts-final.log:91，通过）,已采集的页面及动作见 evidence/measurement-summary.json；按原始文件分组，不能推及未测动作。 相关列表/详情/Tab及基础保存已有证据；本条完整正常/边界动作须逐入口补齐五轮浏览器结果，不能由契约测试替代。,已实现待验证,current-requirement-evidence.json :: requirements[requirement_id=CFG-016]；evidence/routes-release.json；evidence/final-config-actions.json；evidence/config-saves-release.json；evidence/config-source-reconciliation.json,用户已明确要求“按照《PCS 商品、物料与渠道店铺商品原型调整方案 R1》执行”；执行基线R1及已确认决策（F05）；本列为实施授权，不代表产品验收通过。
PROD-001,../2026-10-04-product-material-domain-audit-v2/decision-register-2026-10-05.md A04; prototype-adjustment-proposal.md §6,A04,款式无需测款历史即可建档,WP03,src/data/pcs-style-archive-repository.ts:createStyleArchiveDirect；src/data/pcs-product-archive-commands.ts:saveProductStyleDraft；src/data/pcs-product-archive-commands.ts:submitProductForApproval,tests/pcs-r1-product-rules.test.ts :: PROD-001 direct archive is a clean draft with no generated images or development gate（evidence/contracts-final.log:207，通过）；tests/pcs-r1-product-rules.test.ts :: PROD-002/003 first SKU reviews with style and enablement is independent of technical package（evidence/contracts-final.log:208，通过）,已采集的页面及动作见 evidence/measurement-summary.json；按原始文件分组，不能推及未测动作。 相关列表/详情/Tab及基础保存已有证据；本条完整正常/边界动作须逐入口补齐五轮浏览器结果，不能由契约测试替代。,已实现待验证,current-requirement-evidence.json :: requirements[requirement_id=PROD-001]；evidence/routes-release.json；evidence/tabs-release.json；evidence/saves-release.json；evidence/list-extra-release.json,用户已明确要求“按照《PCS 商品、物料与渠道店铺商品原型调整方案 R1》执行”；执行基线R1及已确认决策（A04）；本列为实施授权，不代表产品验收通过。
PROD-002,../2026-10-04-product-material-domain-audit-v2/decision-register-2026-10-05.md A04; prototype-adjustment-proposal.md §6,A04,商品SKU审核和启用不依赖技术包发布,WP03,src/data/pcs-product-archive-commands.ts:reviewProductArchive；src/data/pcs-product-archive-commands.ts:setProductLifecycle；src/data/pcs-product-lifecycle-governance.ts:resolveStyleArchiveBusinessStatus,tests/pcs-r1-product-rules.test.ts :: PROD-002/003 first SKU reviews with style and enablement is independent of technical package（evidence/contracts-final.log:208，通过）；tests/pcs-r1-product-rules.test.ts :: PROD-003 later SKU has independent review and no publishing side effect（evidence/contracts-final.log:209，通过）；tests/pcs-r1-product-rules.test.ts :: PROD-012 lifecycle status never derives activation from current tech version（evidence/contracts-final.log:218，通过）,已采集的页面及动作见 evidence/measurement-summary.json；按原始文件分组，不能推及未测动作。 相关列表/详情/Tab及基础保存已有证据；本条完整正常/边界动作须逐入口补齐五轮浏览器结果，不能由契约测试替代。,已实现待验证,current-requirement-evidence.json :: requirements[requirement_id=PROD-002]；evidence/routes-release.json；evidence/tabs-release.json；evidence/saves-release.json；evidence/list-extra-release.json,用户已明确要求“按照《PCS 商品、物料与渠道店铺商品原型调整方案 R1》执行”；执行基线R1及已确认决策（A04）；本列为实施授权，不代表产品验收通过。
PROD-003,../2026-10-04-product-material-domain-audit-v2/decision-register-2026-10-05.md A06; prototype-adjustment-proposal.md §6,A06,固定实物套装以SKU按套交付,WP03,src/data/pcs-product-archive-commands.ts:previewProductSkus；src/data/pcs-product-archive-rules.ts:assertProductSkuIdentity；src/pages/pcs-product-archives.ts:productPackagingEditor,tests/pcs-r1-product-rules.test.ts :: PROD-006 physical set and bundle preserve units and fixed composition（evidence/contracts-final.log:212，通过）；tests/pcs-r1-product-rules.test.ts :: SKU-011 approved main unit cannot be changed via repository command（evidence/contracts-final.log:223，通过）；tests/pcs-r1-product-rules.test.ts :: Draft main unit and package content unit change together; approved unit remains locked（evidence/contracts-final.log:228，通过）,已采集的页面及动作见 evidence/measurement-summary.json；按原始文件分组，不能推及未测动作。 相关列表/详情/Tab及基础保存已有证据；本条完整正常/边界动作须逐入口补齐五轮浏览器结果，不能由契约测试替代。,已实现待验证,current-requirement-evidence.json :: requirements[requirement_id=PROD-003]；evidence/routes-release.json；evidence/tabs-release.json；evidence/saves-release.json；evidence/list-extra-release.json,用户已明确要求“按照《PCS 商品、物料与渠道店铺商品原型调整方案 R1》执行”；执行基线R1及已确认决策（A06）；本列为实施授权，不代表产品验收通过。
PROD-004,../2026-10-04-product-material-domain-audit-v2/decision-register-2026-10-05.md A06; prototype-adjustment-proposal.md §6,A06,虚拟组合以组合SPU和SKU承接,WP03,src/data/pcs-sku-archive-types.ts:SkuArchiveRecord；src/data/pcs-product-archive-commands.ts:previewProductSkus；src/pages/pcs-product-archives.ts:bundleEditor,tests/pcs-r1-product-rules.test.ts :: PROD-006 physical set and bundle preserve units and fixed composition（evidence/contracts-final.log:212，通过）,已采集的页面及动作见 evidence/measurement-summary.json；按原始文件分组，不能推及未测动作。 相关列表/详情/Tab及基础保存已有证据；本条完整正常/边界动作须逐入口补齐五轮浏览器结果，不能由契约测试替代。,已实现待验证,current-requirement-evidence.json :: requirements[requirement_id=PROD-004]；evidence/routes-release.json；evidence/tabs-release.json；evidence/saves-release.json；evidence/list-extra-release.json,用户已明确要求“按照《PCS 商品、物料与渠道店铺商品原型调整方案 R1》执行”；执行基线R1及已确认决策（A06）；本列为实施授权，不代表产品验收通过。
PROD-005,../2026-10-04-product-material-domain-audit-v2/decision-register-2026-10-05.md A06; prototype-adjustment-proposal.md §6,A06,虚拟组合记录组件SKU和正数量,WP03,src/data/pcs-product-archive-rules.ts:assertProductSkuIdentity；src/pages/pcs-product-archives.ts:bundleEditor,tests/pcs-r1-product-rules.test.ts :: PROD-006 physical set and bundle preserve units and fixed composition（evidence/contracts-final.log:212，通过）；tests/pcs-r1-product-rules.test.ts :: Bundle components measured in pieces cannot contain half a piece（evidence/contracts-final.log:229，通过）,已采集的页面及动作见 evidence/measurement-summary.json；按原始文件分组，不能推及未测动作。 相关列表/详情/Tab及基础保存已有证据；本条完整正常/边界动作须逐入口补齐五轮浏览器结果，不能由契约测试替代。,已实现待验证,current-requirement-evidence.json :: requirements[requirement_id=PROD-005]；evidence/routes-release.json；evidence/tabs-release.json；evidence/saves-release.json；evidence/list-extra-release.json,用户已明确要求“按照《PCS 商品、物料与渠道店铺商品原型调整方案 R1》执行”；执行基线R1及已确认决策（A06）；本列为实施授权，不代表产品验收通过。
PROD-006,../2026-10-04-product-material-domain-audit-v2/decision-register-2026-10-05.md A06; prototype-adjustment-proposal.md §6,A06,组合交付变更保留历史组成版本,WP03,src/data/pcs-sku-archive-types.ts:SkuArchiveRecord；src/data/pcs-sku-archive-repository.ts:normalizeRecord；src/data/pcs-product-archive-rules.ts:assertProductSkuIdentity；src/pages/pcs-product-archives.ts:skuBody,tests/pcs-r1-product-rules.test.ts :: PROD-006 physical set and bundle preserve units and fixed composition（evidence/contracts-final.log:212，通过）；tests/pcs-r1-product-rules.test.ts :: SKU-011/COMP-001 main unit uses stable dictionary identity and composition owns stable identity（evidence/contracts-final.log:232，通过）,已采集的页面及动作见 evidence/measurement-summary.json；按原始文件分组，不能推及未测动作。 相关列表/详情/Tab及基础保存已有证据；本条完整正常/边界动作须逐入口补齐五轮浏览器结果，不能由契约测试替代。,已实现待验证,current-requirement-evidence.json :: requirements[requirement_id=PROD-006]；evidence/routes-release.json；evidence/tabs-release.json；evidence/saves-release.json；evidence/list-extra-release.json,用户已明确要求“按照《PCS 商品、物料与渠道店铺商品原型调整方案 R1》执行”；执行基线R1及已确认决策（A06）；本列为实施授权，不代表产品验收通过。
PROD-007,../2026-10-04-product-material-domain-audit-v2/decision-register-2026-10-05.md E06; prototype-adjustment-proposal.md §6,E06,工厂尺寸由技术资料维护,WP03,src/pages/pcs-product-archives.ts:technicalTab；src/data/pcs-technical-data-version-repository.ts:listTechnicalDataVersionsByStyleId,tests/pcs-r1-product-rules.test.ts :: PROD-010 details and lists are independent; archive has no procurement or inventory controls（evidence/contracts-final.log:216，通过）,已采集的页面及动作见 evidence/measurement-summary.json；按原始文件分组，不能推及未测动作。 相关列表/详情/Tab及基础保存已有证据；本条完整正常/边界动作须逐入口补齐五轮浏览器结果，不能由契约测试替代。,已实现待验证,current-requirement-evidence.json :: requirements[requirement_id=PROD-007]；evidence/routes-release.json；evidence/tabs-release.json；evidence/saves-release.json；evidence/list-extra-release.json,用户已明确要求“按照《PCS 商品、物料与渠道店铺商品原型调整方案 R1》执行”；执行基线R1及已确认决策（E06）；本列为实施授权，不代表产品验收通过。
PROD-008,../2026-10-04-product-material-domain-audit-v2/decision-register-2026-10-05.md E04; prototype-adjustment-proposal.md §6,E04,基础销售内容只初始化或更新未覆盖草稿,WP03,src/data/pcs-product-archive-commands.ts:saveProductSalesContent；src/pages/pcs-product-archives.ts:styleEditorBody；src/pages/pcs-product-archives.ts:styleBody,tests/pcs-r1-product-rules.test.ts :: STYLE-004/021 and SKU-005 preserve multilingual names and verified responsible person without channel writes（evidence/contracts-final.log:221，通过）,已采集的页面及动作见 evidence/measurement-summary.json；按原始文件分组，不能推及未测动作。 相关列表/详情/Tab及基础保存已有证据；本条完整正常/边界动作须逐入口补齐五轮浏览器结果，不能由契约测试替代。,已实现待验证,current-requirement-evidence.json :: requirements[requirement_id=PROD-008]；evidence/routes-release.json；evidence/tabs-release.json；evidence/saves-release.json；evidence/list-extra-release.json,用户已明确要求“按照《PCS 商品、物料与渠道店铺商品原型调整方案 R1》执行”；执行基线R1及已确认决策（E04）；本列为实施授权，不代表产品验收通过。
PROD-009,../2026-10-04-product-material-domain-audit-v2/decision-register-2026-10-05.md E05; prototype-adjustment-proposal.md §6,E05,平台规格别名不改变内部色码身份,WP03,src/data/pcs-sku-archive-types.ts:SkuArchiveRecord；src/pages/pcs-product-archives.ts:channelTab,tests/pcs-r1-product-rules.test.ts :: SKU stable identity survives dictionary label changes and still matches legacy records（evidence/contracts-final.log:227，通过）,已采集的页面及动作见 evidence/measurement-summary.json；按原始文件分组，不能推及未测动作。 相关列表/详情/Tab及基础保存已有证据；本条完整正常/边界动作须逐入口补齐五轮浏览器结果，不能由契约测试替代。,已实现待验证,current-requirement-evidence.json :: requirements[requirement_id=PROD-009]；evidence/routes-release.json；evidence/tabs-release.json；evidence/saves-release.json；evidence/list-extra-release.json,用户已明确要求“按照《PCS 商品、物料与渠道店铺商品原型调整方案 R1》执行”；执行基线R1及已确认决策（E05）；本列为实施授权，不代表产品验收通过。
PROD-010,../2026-10-04-product-material-domain-audit-v2/decision-register-2026-10-05.md E09; prototype-adjustment-proposal.md §6,E09,内部SKU无渠道关联是合法状态,WP03,src/data/pcs-product-archive-commands.ts:previewProductSkus；src/pages/pcs-product-archives.ts:channelTab,tests/pcs-r1-product-rules.test.ts :: PROD-001 direct archive is a clean draft with no generated images or development gate（evidence/contracts-final.log:207，通过）；tests/pcs-r1-product-rules.test.ts :: PROD-010 details and lists are independent; archive has no procurement or inventory controls（evidence/contracts-final.log:216，通过）,已采集的页面及动作见 evidence/measurement-summary.json；按原始文件分组，不能推及未测动作。 相关列表/详情/Tab及基础保存已有证据；本条完整正常/边界动作须逐入口补齐五轮浏览器结果，不能由契约测试替代。,已实现待验证,current-requirement-evidence.json :: requirements[requirement_id=PROD-010]；evidence/routes-release.json；evidence/tabs-release.json；evidence/saves-release.json；evidence/list-extra-release.json,用户已明确要求“按照《PCS 商品、物料与渠道店铺商品原型调整方案 R1》执行”；执行基线R1及已确认决策（E09）；本列为实施授权，不代表产品验收通过。
PROD-011,../2026-10-04-product-material-domain-audit-v2/decision-register-2026-10-05.md E09; prototype-adjustment-proposal.md §6,E09,SKU渠道关联只显示真实持久外部实例,WP03,src/pages/pcs-product-archives.ts:channelTab；src/data/pcs-channel-catalog.ts:listChannelMappingsBySkuId,tests/pcs-r1-product-rules.test.ts :: PROD-010 details and lists are independent; archive has no procurement or inventory controls（evidence/contracts-final.log:216，通过）,已采集的页面及动作见 evidence/measurement-summary.json；按原始文件分组，不能推及未测动作。 相关列表/详情/Tab及基础保存已有证据；本条完整正常/边界动作须逐入口补齐五轮浏览器结果，不能由契约测试替代。,已实现待验证,current-requirement-evidence.json :: requirements[requirement_id=PROD-011]；evidence/routes-release.json；evidence/tabs-release.json；evidence/saves-release.json；evidence/list-extra-release.json,用户已明确要求“按照《PCS 商品、物料与渠道店铺商品原型调整方案 R1》执行”；执行基线R1及已确认决策（E09）；本列为实施授权，不代表产品验收通过。
PROD-012,../2026-10-04-product-material-domain-audit-v2/decision-register-2026-10-05.md F07; prototype-adjustment-proposal.md §6,F07,材料意向和正式BOM只在技术域维护,WP03,src/pages/pcs-product-archives.ts:technicalTab；src/data/pcs-sku-archive-types.ts:SkuExpectedMaterialLine；src/data/pcs-technical-data-version-repository.ts:listTechnicalDataVersionsByStyleId,tests/pcs-r1-product-rules.test.ts :: PROD-010 details and lists are independent; archive has no procurement or inventory controls（evidence/contracts-final.log:216，通过）,已采集的页面及动作见 evidence/measurement-summary.json；按原始文件分组，不能推及未测动作。 相关列表/详情/Tab及基础保存已有证据；本条完整正常/边界动作须逐入口补齐五轮浏览器结果，不能由契约测试替代。,已实现待验证,current-requirement-evidence.json :: requirements[requirement_id=PROD-012]；evidence/routes-release.json；evidence/tabs-release.json；evidence/saves-release.json；evidence/list-extra-release.json,用户已明确要求“按照《PCS 商品、物料与渠道店铺商品原型调整方案 R1》执行”；执行基线R1及已确认决策（F07）；本列为实施授权，不代表产品验收通过。
MAT-001,../2026-10-04-product-material-domain-audit-v2/decision-register-2026-10-05.md A02; prototype-adjustment-proposal.md §7/§9,A02,五类列表提供共用主档和SKU视图,WP04,src/pages/pcs-material-archives.ts:renderListPage；src/pages/pcs-material-archives.ts:renderPcsMaterialArchiveDetailPage；src/pages/pcs-material-archives.ts:renderPcsMaterialSkuDetailPage,尚未建立本条独立自动化断言，保留待验证；不能以通用构建或其他规则测试替代。,已采集的页面及动作见 evidence/measurement-summary.json；按原始文件分组，不能推及未测动作。 五类列表加载有证据；各类主档/SKU切换、筛选全入口五轮仍待补齐。,已实现待验证,current-requirement-evidence.json :: requirements[requirement_id=MAT-001]；evidence/material-routes-after-save-fix.json；evidence/tabs-release.json；evidence/material-label-release.json；evidence/material-review-partial.json,用户已明确要求“按照《PCS 商品、物料与渠道店铺商品原型调整方案 R1》执行”；执行基线R1及已确认决策（A02）；本列为实施授权，不代表产品验收通过。
MAT-002,../2026-10-04-product-material-domain-audit-v2/decision-register-2026-10-05.md A02; prototype-adjustment-proposal.md §7/§9,A02,删除独立变种创建和维护入口,WP04,src/data/pcs-material-variant-repository.ts:projection；src/data/pcs-material-variant-repository.ts:createMaterialVariant；src/pages/pcs-material-archives.ts:renderPcsMaterialArchiveDetailPage；src/data/pcs-material-archive-repository.ts:createProcessedMaterialSku,tests/pcs-r1-material-rules.test.ts :: CODE/MAT: previous target IDs and aliases resolve to one canonical identity; no code parsing（evidence/contracts-final.log:141，通过）,已采集的页面及动作见 evidence/measurement-summary.json；按原始文件分组，不能推及未测动作。 相关列表/详情/Tab及基础保存已有证据；本条完整正常/边界动作须逐入口补齐五轮浏览器结果，不能由契约测试替代。,已实现待验证,current-requirement-evidence.json :: requirements[requirement_id=MAT-002]；evidence/material-routes-after-save-fix.json；evidence/tabs-release.json；evidence/material-label-release.json；evidence/material-review-partial.json,用户已明确要求“按照《PCS 商品、物料与渠道店铺商品原型调整方案 R1》执行”；执行基线R1及已确认决策（A02）；本列为实施授权，不代表产品验收通过。
MAT-003,../2026-10-04-product-material-domain-audit-v2/decision-register-2026-10-05.md B01; prototype-adjustment-proposal.md §7/§9,B01,阶段技术变化保存在产出SKU有效规格,WP04,src/data/pcs-material-archive-types.ts:MaterialSkuRecord；src/data/pcs-material-archive-repository.ts:normalizedEffectiveSpecs；src/data/pcs-material-archive-repository.ts:createProcessedMaterialSku；src/pages/pcs-material-archives.ts:materialSpecRows,tests/pcs-r1-material-rules.test.ts :: MAT-003/UOM: output width is one field and package edits retain previous contents（evidence/contracts-final.log:161，通过）,已采集的页面及动作见 evidence/measurement-summary.json；按原始文件分组，不能推及未测动作。 相关列表/详情/Tab及基础保存已有证据；本条完整正常/边界动作须逐入口补齐五轮浏览器结果，不能由契约测试替代。,已实现待验证,current-requirement-evidence.json :: requirements[requirement_id=MAT-003]；evidence/material-routes-after-save-fix.json；evidence/tabs-release.json；evidence/material-label-release.json；evidence/material-review-partial.json,用户已明确要求“按照《PCS 商品、物料与渠道店铺商品原型调整方案 R1》执行”；执行基线R1及已确认决策（B01）；本列为实施授权，不代表产品验收通过。
MAT-004,../2026-10-04-product-material-domain-audit-v2/decision-register-2026-10-05.md F03; prototype-adjustment-proposal.md §7/§9,F03,新审核SKU具备可识别资料,WP04,src/data/pcs-material-archive-repository.ts:setMaterialApproval；src/data/pcs-material-archive-repository.ts:validateRoot；src/pages/pcs-material-archives.ts:imageEditor；src/pages/pcs-material-archives.ts:renderProcessEditor,tests/pcs-r1-material-rules.test.ts :: MAT-012: formal processed SKU requires real pattern/version plus the process-specific execution document（evidence/contracts-final.log:158，通过）；tests/pcs-r1-material-rules.test.ts :: MAT-012: registered file previews pass image validation while temporary blobs do not（evidence/contracts-final.log:160，通过）,已采集的页面及动作见 evidence/measurement-summary.json；按原始文件分组，不能推及未测动作。 相关列表/详情/Tab及基础保存已有证据；本条完整正常/边界动作须逐入口补齐五轮浏览器结果，不能由契约测试替代。,已实现待验证,current-requirement-evidence.json :: requirements[requirement_id=MAT-004]；evidence/material-routes-after-save-fix.json；evidence/tabs-release.json；evidence/material-label-release.json；evidence/material-review-partial.json,用户已明确要求“按照《PCS 商品、物料与渠道店铺商品原型调整方案 R1》执行”；执行基线R1及已确认决策（F03）；本列为实施授权，不代表产品验收通过。
MAT-005,../2026-10-04-product-material-domain-audit-v2/decision-register-2026-10-05.md F07; prototype-adjustment-proposal.md §7/§9,F07,复制主档只复制资料与允许属性,WP04,src/data/pcs-material-archive-repository.ts:copyMaterialArchive；src/pages/pcs-material-archives.ts:handlePcsMaterialArchiveEvent,"tests/pcs-r1-material-rules.test.ts :: MAT: copied archive reuses file references, resets approval and has no copied SKU or price history（evidence/contracts-final.log:156，通过）",已采集的页面及动作见 evidence/measurement-summary.json；按原始文件分组，不能推及未测动作。 相关列表/详情/Tab及基础保存已有证据；本条完整正常/边界动作须逐入口补齐五轮浏览器结果，不能由契约测试替代。,已实现待验证,current-requirement-evidence.json :: requirements[requirement_id=MAT-005]；evidence/material-routes-after-save-fix.json；evidence/tabs-release.json；evidence/material-label-release.json；evidence/material-review-partial.json,用户已明确要求“按照《PCS 商品、物料与渠道店铺商品原型调整方案 R1》执行”；执行基线R1及已确认决策（F07）；本列为实施授权，不代表产品验收通过。
MAT-006,../2026-10-04-product-material-domain-audit-v2/decision-register-2026-10-05.md F07; prototype-adjustment-proposal.md §7/§9,F07,复制SKU必须有真实身份差异,WP04,src/data/pcs-material-archive-repository.ts:materialSkuIdentityFingerprint；src/data/pcs-material-archive-repository.ts:createMaterialSkuRecord；src/pages/pcs-material-archives.ts:renderPcsMaterialSkuEditPage,tests/pcs-r1-material-rules.test.ts :: MAT: copying a display name alone cannot bypass existing SKU identity（evidence/contracts-final.log:153，通过）；tests/pcs-r1-material-rules.test.ts :: MAT: processed siblings retain independent identities when only packaging information changes（evidence/contracts-final.log:155，通过）,已采集的页面及动作见 evidence/measurement-summary.json；按原始文件分组，不能推及未测动作。 相关列表/详情/Tab及基础保存已有证据；本条完整正常/边界动作须逐入口补齐五轮浏览器结果，不能由契约测试替代。,已实现待验证,current-requirement-evidence.json :: requirements[requirement_id=MAT-006]；evidence/material-routes-after-save-fix.json；evidence/tabs-release.json；evidence/material-label-release.json；evidence/material-review-partial.json,用户已明确要求“按照《PCS 商品、物料与渠道店铺商品原型调整方案 R1》执行”；执行基线R1及已确认决策（F07）；本列为实施授权，不代表产品验收通过。
MAT-007,../2026-10-04-product-material-domain-audit-v2/decision-register-2026-10-05.md F07; prototype-adjustment-proposal.md §7/§9,F07,条码打印使用SKU身份和真实图文,WP04,src/pages/pcs-material-archives.ts:renderOverlay；src/pages/pcs-material-archives.ts:handlePcsMaterialArchiveEvent；src/data/pcs-material-archive-repository.ts:resolveMaterialSkuIdentity,tests/pcs-r1-material-rules.test.ts :: CODE/MAT: previous target IDs and aliases resolve to one canonical identity; no code parsing（evidence/contracts-final.log:141，通过）,已采集的页面及动作见 evidence/measurement-summary.json；按原始文件分组，不能推及未测动作。 标签预览5次已通过，真实扫描器/打印机不在当前可控环境，未取得实物扫码证据。,已实现待验证,current-requirement-evidence.json :: requirements[requirement_id=MAT-007]；evidence/material-routes-after-save-fix.json；evidence/tabs-release.json；evidence/material-label-release.json；evidence/material-review-partial.json,用户已明确要求“按照《PCS 商品、物料与渠道店铺商品原型调整方案 R1》执行”；执行基线R1及已确认决策（F07）；本列为实施授权，不代表产品验收通过。
MAT-008,../2026-10-04-product-material-domain-audit-v2/decision-register-2026-10-05.md C01; prototype-adjustment-proposal.md §7/§9,C01,染印绣烫物料加工产生新SKU,WP04,src/data/pcs-material-archive-repository.ts:createProcessedMaterialSku；src/data/pcs-material-rules.ts:buildProcessedMaterialCode；src/pages/pcs-material-archives.ts:renderProcessEditor,"tests/pcs-r1-material-rules.test.ts :: CODE: direct predecessor is preserved across dye, embroidery, A/AB and penetration（evidence/contracts-final.log:140，通过）；tests/pcs-r1-material-rules.test.ts :: CODE/MAT: previous target IDs and aliases resolve to one canonical identity; no code parsing（evidence/contracts-final.log:141，通过）；tests/pcs-r1-material-rules.test.ts :: BRIDGE-005: one canonical target retains both dye and print with each direct predecessor（evidence/contracts-final.log:151，通过）；tests/pcs-r1-material-transfer.test.ts :: MAT/CODE: CSV stages use the preceding row actual generated SKU（evidence/contracts-final.log:173，通过）",已采集的页面及动作见 evidence/measurement-summary.json；按原始文件分组，不能推及未测动作。 相关列表/详情/Tab及基础保存已有证据；本条完整正常/边界动作须逐入口补齐五轮浏览器结果，不能由契约测试替代。,已实现待验证,current-requirement-evidence.json :: requirements[requirement_id=MAT-008]；evidence/material-routes-after-save-fix.json；evidence/tabs-release.json；evidence/material-label-release.json；evidence/material-review-partial.json,用户已明确要求“按照《PCS 商品、物料与渠道店铺商品原型调整方案 R1》执行”；执行基线R1及已确认决策（C01）；本列为实施授权，不代表产品验收通过。
MAT-009,../2026-10-04-product-material-domain-audit-v2/decision-register-2026-10-05.md C01; prototype-adjustment-proposal.md §7/§9,C01,裁片压褶打揽不产生物料SKU,WP04,src/data/pcs-material-rules.ts:buildProcessedMaterialCode；src/data/pcs-material-archive-repository.ts:materialProcessOrderIntent,"tests/pcs-r1-material-rules.test.ts :: CODE: direct predecessor is preserved across dye, embroidery, A/AB and penetration（evidence/contracts-final.log:140，通过）",已采集的页面及动作见 evidence/measurement-summary.json；按原始文件分组，不能推及未测动作。 相关列表/详情/Tab及基础保存已有证据；本条完整正常/边界动作须逐入口补齐五轮浏览器结果，不能由契约测试替代。,已实现待验证,current-requirement-evidence.json :: requirements[requirement_id=MAT-009]；evidence/material-routes-after-save-fix.json；evidence/tabs-release.json；evidence/material-label-release.json；evidence/material-review-partial.json,用户已明确要求“按照《PCS 商品、物料与渠道店铺商品原型调整方案 R1》执行”；执行基线R1及已确认决策（C01）；本列为实施授权，不代表产品验收通过。
MAT-010,../2026-10-04-product-material-domain-audit-v2/decision-register-2026-10-05.md C02; prototype-adjustment-proposal.md §7/§9,C02,同目标返工不自动生成永久SKU,WP04,src/data/pcs-material-archive-repository.ts:createProcessedMaterialSku；src/data/pcs-material-archive-repository.ts:materialSkuIdentityFingerprint,tests/pcs-r1-material-rules.test.ts :: CODE/MAT: previous target IDs and aliases resolve to one canonical identity; no code parsing（evidence/contracts-final.log:141，通过）；tests/pcs-r1-material-rules.test.ts :: MAT: copying a display name alone cannot bypass existing SKU identity（evidence/contracts-final.log:153，通过）,已采集的页面及动作见 evidence/measurement-summary.json；按原始文件分组，不能推及未测动作。 相关列表/详情/Tab及基础保存已有证据；本条完整正常/边界动作须逐入口补齐五轮浏览器结果，不能由契约测试替代。,已实现待验证,current-requirement-evidence.json :: requirements[requirement_id=MAT-010]；evidence/material-routes-after-save-fix.json；evidence/tabs-release.json；evidence/material-label-release.json；evidence/material-review-partial.json,用户已明确要求“按照《PCS 商品、物料与渠道店铺商品原型调整方案 R1》执行”；执行基线R1及已确认决策（C02）；本列为实施授权，不代表产品验收通过。
MAT-011,../2026-10-04-product-material-domain-audit-v2/decision-register-2026-10-05.md C02; prototype-adjustment-proposal.md §7/§9,C02,对象变化后同工艺可再次出现,WP04,src/data/pcs-material-archive-repository.ts:materialProcessOrderIntent；src/data/pcs-material-rules.ts:buildProcessedMaterialCode,"tests/pcs-r1-material-rules.test.ts :: CODE: direct predecessor is preserved across dye, embroidery, A/AB and penetration（evidence/contracts-final.log:140，通过）；tests/pcs-r1-material-rules.test.ts :: CODE/MAT: previous target IDs and aliases resolve to one canonical identity; no code parsing（evidence/contracts-final.log:141，通过）",已采集的页面及动作见 evidence/measurement-summary.json；按原始文件分组，不能推及未测动作。 裁片再次印花专项通过；真实页面从面料到裁片的连续操作仍待五轮证据。,已实现待验证,current-requirement-evidence.json :: requirements[requirement_id=MAT-011]；evidence/material-routes-after-save-fix.json；evidence/tabs-release.json；evidence/material-label-release.json；evidence/material-review-partial.json,用户已明确要求“按照《PCS 商品、物料与渠道店铺商品原型调整方案 R1》执行”；执行基线R1及已确认决策（C02）；本列为实施授权，不代表产品验收通过。
MAT-012,../2026-10-04-product-material-domain-audit-v2/decision-register-2026-10-05.md C04; prototype-adjustment-proposal.md §7/§9,C04,花型ID与执行文件分用途关联,WP04,src/data/pcs-material-pattern.ts:listMaterialPatternChoices；src/data/pcs-material-pattern.ts:getMaterialPatternReference；src/data/pcs-material-archive-repository.ts:createProcessedMaterialSku；src/data/pcs-material-archive-repository.ts:reviseMaterialProcessAssets；src/pages/pcs-material-archives.ts:renderAssets,tests/pcs-r1-material-pattern-read.test.ts :: MAT-012: pattern selection reads existing identity and versions without seeding browser business records（evidence/contracts-final.log:115，通过）；tests/pcs-r1-material-rules.test.ts :: MAT-012: formal processed SKU requires real pattern/version plus the process-specific execution document（evidence/contracts-final.log:158，通过）；tests/pcs-r1-material-rules.test.ts :: MAT-012: registered file previews pass image validation while temporary blobs do not（evidence/contracts-final.log:160，通过）,已采集的页面及动作见 evidence/measurement-summary.json；按原始文件分组，不能推及未测动作。 相关列表/详情/Tab及基础保存已有证据；本条完整正常/边界动作须逐入口补齐五轮浏览器结果，不能由契约测试替代。,已实现待验证,current-requirement-evidence.json :: requirements[requirement_id=MAT-012]；evidence/material-routes-after-save-fix.json；evidence/tabs-release.json；evidence/material-label-release.json；evidence/material-review-partial.json,用户已明确要求“按照《PCS 商品、物料与渠道店铺商品原型调整方案 R1》执行”；执行基线R1及已确认决策（C04）；本列为实施授权，不代表产品验收通过。
MAT-013,../2026-10-04-product-material-domain-audit-v2/decision-register-2026-10-05.md C06; prototype-adjustment-proposal.md §7/§9,C06,资料小修与交付改变分开,WP04,src/data/pcs-material-archive-repository.ts:reviseMaterialProcessAssets；src/data/pcs-material-archive-repository.ts:updateMaterialSkuRecord；src/pages/pcs-material-archives.ts:saveForm,tests/pcs-r1-material-rules.test.ts :: MAT-013/CODE-005: execution-file corrections preserve prior versions and the output identity（evidence/contracts-final.log:159，通过）；tests/pcs-r1-material-rules.test.ts :: MAT: processed siblings retain independent identities when only packaging information changes（evidence/contracts-final.log:155，通过）,已采集的页面及动作见 evidence/measurement-summary.json；按原始文件分组，不能推及未测动作。 相关列表/详情/Tab及基础保存已有证据；本条完整正常/边界动作须逐入口补齐五轮浏览器结果，不能由契约测试替代。,已实现待验证,current-requirement-evidence.json :: requirements[requirement_id=MAT-013]；evidence/material-routes-after-save-fix.json；evidence/tabs-release.json；evidence/material-label-release.json；evidence/material-review-partial.json,用户已明确要求“按照《PCS 商品、物料与渠道店铺商品原型调整方案 R1》执行”；执行基线R1及已确认决策（C06）；本列为实施授权，不代表产品验收通过。
MAT-014,../2026-10-04-product-material-domain-audit-v2/decision-register-2026-10-05.md C07; prototype-adjustment-proposal.md §7/§9,C07,加工建单不要求库存有量或接口成功,WP04,src/data/pcs-material-archive-repository.ts:materialProcessOrderIntent；src/data/pcs-material-handoff.ts:materialProcessHandoffPath；src/data/pcs-material-handoff.ts:readPcsMaterialHandoff,"tests/pcs-r1-material-rules.test.ts :: MAT: handoff uses existing routes, revalidates parent identity and never creates a document（evidence/contracts-final.log:152，通过）；tests/pcs-r1-material-plans.test.ts :: MAT/FCS: handoff opens a versioned independent plan form for all four processes without creating a plan（evidence/contracts-final.log:125，通过）",已采集的页面及动作见 evidence/measurement-summary.json；按原始文件分组，不能推及未测动作。 相关列表/详情/Tab及基础保存已有证据；本条完整正常/边界动作须逐入口补齐五轮浏览器结果，不能由契约测试替代。,已实现待验证,current-requirement-evidence.json :: requirements[requirement_id=MAT-014]；evidence/material-routes-after-save-fix.json；evidence/tabs-release.json；evidence/material-label-release.json；evidence/material-review-partial.json,用户已明确要求“按照《PCS 商品、物料与渠道店铺商品原型调整方案 R1》执行”；执行基线R1及已确认决策（C07）；本列为实施授权，不代表产品验收通过。
MAT-015,../2026-10-04-product-material-domain-audit-v2/decision-register-2026-10-05.md C08; prototype-adjustment-proposal.md §7/§9,C08,多基础规格使用实际前驱完整码,WP04,src/data/pcs-material-archive-repository.ts:createProcessedMaterialSku；src/data/pcs-material-archive-repository.ts:listMaterialSkuLineage；src/data/pcs-material-rules.ts:buildProcessedMaterialCode,"tests/pcs-r1-material-rules.test.ts :: CODE: direct predecessor is preserved across dye, embroidery, A/AB and penetration（evidence/contracts-final.log:140，通过）；tests/pcs-r1-material-rules.test.ts :: BRIDGE-005: one canonical target retains both dye and print with each direct predecessor（evidence/contracts-final.log:151，通过）；tests/pcs-r1-material-transfer.test.ts :: MAT/CODE: CSV stages use the preceding row actual generated SKU（evidence/contracts-final.log:173，通过）",已采集的页面及动作见 evidence/measurement-summary.json；按原始文件分组，不能推及未测动作。 相关列表/详情/Tab及基础保存已有证据；本条完整正常/边界动作须逐入口补齐五轮浏览器结果，不能由契约测试替代。,已实现待验证,current-requirement-evidence.json :: requirements[requirement_id=MAT-015]；evidence/material-routes-after-save-fix.json；evidence/tabs-release.json；evidence/material-label-release.json；evidence/material-review-partial.json,用户已明确要求“按照《PCS 商品、物料与渠道店铺商品原型调整方案 R1》执行”；执行基线R1及已确认决策（C08）；本列为实施授权，不代表产品验收通过。
CODE-001,../2026-10-04-product-material-domain-audit-v2/decision-register-2026-10-05.md C05; prototype-adjustment-proposal.md §9.2,C05,单面A双面AB进入印花码,WP04,src/data/pcs-material-rules.ts:buildProcessedMaterialCode；src/pages/pcs-material-archives.ts:renderProcessEditor；src/data/pcs-material-archive-repository.ts:createProcessedMaterialSku,"tests/pcs-r1-material-rules.test.ts :: CODE: direct predecessor is preserved across dye, embroidery, A/AB and penetration（evidence/contracts-final.log:140，通过）",已采集的页面及动作见 evidence/measurement-summary.json；按原始文件分组，不能推及未测动作。 相关列表/详情/Tab及基础保存已有证据；本条完整正常/边界动作须逐入口补齐五轮浏览器结果，不能由契约测试替代。,已实现待验证,current-requirement-evidence.json :: requirements[requirement_id=CODE-001]；evidence/material-routes-after-save-fix.json；evidence/tabs-release.json；evidence/material-label-release.json；evidence/material-review-partial.json,用户已明确要求“按照《PCS 商品、物料与渠道店铺商品原型调整方案 R1》执行”；执行基线R1及已确认决策（C05）；本列为实施授权，不代表产品验收通过。
CODE-002,../2026-10-04-product-material-domain-audit-v2/decision-register-2026-10-05.md C05; prototype-adjustment-proposal.md §9.2,C05,渗透印有独立入码段,WP04,src/data/pcs-material-rules.ts:buildProcessedMaterialCode；src/pages/pcs-material-archives.ts:renderProcessEditor；src/data/pcs-material-archive-repository.ts:createProcessedMaterialSku,"tests/pcs-r1-material-rules.test.ts :: CODE: direct predecessor is preserved across dye, embroidery, A/AB and penetration（evidence/contracts-final.log:140，通过）",已采集的页面及动作见 evidence/measurement-summary.json；按原始文件分组，不能推及未测动作。 相关列表/详情/Tab及基础保存已有证据；本条完整正常/边界动作须逐入口补齐五轮浏览器结果，不能由契约测试替代。,已实现待验证,current-requirement-evidence.json :: requirements[requirement_id=CODE-002]；evidence/material-routes-after-save-fix.json；evidence/tabs-release.json；evidence/material-label-release.json；evidence/material-review-partial.json,用户已明确要求“按照《PCS 商品、物料与渠道店铺商品原型调整方案 R1》执行”；执行基线R1及已确认决策（C05）；本列为实施授权，不代表产品验收通过。
CODE-003,../2026-10-04-product-material-domain-audit-v2/decision-register-2026-10-05.md C01; prototype-adjustment-proposal.md §9.2,C01,烫画具有明确工艺编码段,WP04,src/data/pcs-material-rules.ts:buildProcessedMaterialCode；src/pages/pcs-material-archives.ts:renderProcessEditor；src/data/pcs-material-archive-repository.ts:createProcessedMaterialSku,"tests/pcs-r1-material-rules.test.ts :: CODE: direct predecessor is preserved across dye, embroidery, A/AB and penetration（evidence/contracts-final.log:140，通过）",已采集的页面及动作见 evidence/measurement-summary.json；按原始文件分组，不能推及未测动作。 相关列表/详情/Tab及基础保存已有证据；本条完整正常/边界动作须逐入口补齐五轮浏览器结果，不能由契约测试替代。,已实现待验证,current-requirement-evidence.json :: requirements[requirement_id=CODE-003]；evidence/material-routes-after-save-fix.json；evidence/tabs-release.json；evidence/material-label-release.json；evidence/material-review-partial.json,用户已明确要求“按照《PCS 商品、物料与渠道店铺商品原型调整方案 R1》执行”；执行基线R1及已确认决策（C01）；本列为实施授权，不代表产品验收通过。
CODE-004,../2026-10-04-product-material-domain-audit-v2/decision-register-2026-10-05.md C04; prototype-adjustment-proposal.md §9.2,C04,不同花双面保留正反顺序,WP04,src/data/pcs-material-rules.ts:buildProcessedMaterialCode；src/pages/pcs-material-archives.ts:renderProcessEditor；src/data/pcs-material-archive-repository.ts:createProcessedMaterialSku,"tests/pcs-r1-material-rules.test.ts :: CODE: direct predecessor is preserved across dye, embroidery, A/AB and penetration（evidence/contracts-final.log:140，通过）",已采集的页面及动作见 evidence/measurement-summary.json；按原始文件分组，不能推及未测动作。 相关列表/详情/Tab及基础保存已有证据；本条完整正常/边界动作须逐入口补齐五轮浏览器结果，不能由契约测试替代。,已实现待验证,current-requirement-evidence.json :: requirements[requirement_id=CODE-004]；evidence/material-routes-after-save-fix.json；evidence/tabs-release.json；evidence/material-label-release.json；evidence/material-review-partial.json,用户已明确要求“按照《PCS 商品、物料与渠道店铺商品原型调整方案 R1》执行”；执行基线R1及已确认决策（C04）；本列为实施授权，不代表产品验收通过。
CODE-005,../2026-10-04-product-material-domain-audit-v2/decision-register-2026-10-05.md C06; prototype-adjustment-proposal.md §9.2,C06,同花号交付变化有修订段,WP04,src/data/pcs-material-rules.ts:buildProcessedMaterialCode；src/pages/pcs-material-archives.ts:renderProcessEditor；src/data/pcs-material-archive-repository.ts:createProcessedMaterialSku,"tests/pcs-r1-material-rules.test.ts :: CODE: direct predecessor is preserved across dye, embroidery, A/AB and penetration（evidence/contracts-final.log:140，通过）；tests/pcs-r1-material-rules.test.ts :: MAT-013/CODE-005: execution-file corrections preserve prior versions and the output identity（evidence/contracts-final.log:159，通过）",已采集的页面及动作见 evidence/measurement-summary.json；按原始文件分组，不能推及未测动作。 相关列表/详情/Tab及基础保存已有证据；本条完整正常/边界动作须逐入口补齐五轮浏览器结果，不能由契约测试替代。,已实现待验证,current-requirement-evidence.json :: requirements[requirement_id=CODE-005]；evidence/material-routes-after-save-fix.json；evidence/tabs-release.json；evidence/material-label-release.json；evidence/material-review-partial.json,用户已明确要求“按照《PCS 商品、物料与渠道店铺商品原型调整方案 R1》执行”；执行基线R1及已确认决策（C06）；本列为实施授权，不代表产品验收通过。
CODE-006,../2026-10-04-product-material-domain-audit-v2/decision-register-2026-10-05.md C08; prototype-adjustment-proposal.md §9.2,C08,编码使用结构字段生成并保留规则版本,WP04,src/data/pcs-material-rules.ts:MATERIAL_CODE_RULE_VERSION；src/data/pcs-material-rules.ts:buildProcessedMaterialCode；src/data/pcs-material-archive-types.ts:MaterialProcessDefinition；src/data/pcs-material-archive-repository.ts:createProcessedMaterialSku,"tests/pcs-r1-material-rules.test.ts :: CODE: direct predecessor is preserved across dye, embroidery, A/AB and penetration（evidence/contracts-final.log:140，通过）；tests/pcs-r1-material-rules.test.ts :: BRIDGE-005: one canonical target retains both dye and print with each direct predecessor（evidence/contracts-final.log:151，通过）；tests/pcs-r1-material-transfer.test.ts :: MAT/CODE: CSV stages use the preceding row actual generated SKU（evidence/contracts-final.log:173，通过）",已采集的页面及动作见 evidence/measurement-summary.json；按原始文件分组，不能推及未测动作。 相关列表/详情/Tab及基础保存已有证据；本条完整正常/边界动作须逐入口补齐五轮浏览器结果，不能由契约测试替代。,已实现待验证,current-requirement-evidence.json :: requirements[requirement_id=CODE-006]；evidence/material-routes-after-save-fix.json；evidence/tabs-release.json；evidence/material-label-release.json；evidence/material-review-partial.json,用户已明确要求“按照《PCS 商品、物料与渠道店铺商品原型调整方案 R1》执行”；执行基线R1及已确认决策（C08）；本列为实施授权，不代表产品验收通过。
CODE-007,../2026-10-04-product-material-domain-audit-v2/decision-register-2026-10-05.md A03; prototype-adjustment-proposal.md §9.2,A03,旧码别名可查可扫码,WP04,src/data/pcs-material-archive-repository.ts:resolveMaterialSkuIdentity；src/pages/pcs-material-archives.ts:filteredSkus,tests/pcs-r1-material-rules.test.ts :: CODE/MAT: previous target IDs and aliases resolve to one canonical identity; no code parsing（evidence/contracts-final.log:141，通过）,已采集的页面及动作见 evidence/measurement-summary.json；按原始文件分组，不能推及未测动作。 旧码解析专项通过；实际扫码设备未验证。,已实现待验证,current-requirement-evidence.json :: requirements[requirement_id=CODE-007]；evidence/material-routes-after-save-fix.json；evidence/tabs-release.json；evidence/material-label-release.json；evidence/material-review-partial.json,用户已明确要求“按照《PCS 商品、物料与渠道店铺商品原型调整方案 R1》执行”；执行基线R1及已确认决策（A03）；本列为实施授权，不代表产品验收通过。
CODE-008,../2026-10-04-product-material-domain-audit-v2/decision-register-2026-10-05.md A03; prototype-adjustment-proposal.md §9.2,A03,生成码超长时禁止静默截断,WP04,src/data/pcs-material-rules.ts:checkedMaterialCode；src/data/pcs-material-rules.ts:buildProcessedMaterialCode,"tests/pcs-r1-material-rules.test.ts :: CODE: direct predecessor is preserved across dye, embroidery, A/AB and penetration（evidence/contracts-final.log:140，通过）",已采集的页面及动作见 evidence/measurement-summary.json；按原始文件分组，不能推及未测动作。 长码不截断及标签预览已检查；实物打印/扫码未验证。,已实现待验证,current-requirement-evidence.json :: requirements[requirement_id=CODE-008]；evidence/material-routes-after-save-fix.json；evidence/tabs-release.json；evidence/material-label-release.json；evidence/material-review-partial.json,用户已明确要求“按照《PCS 商品、物料与渠道店铺商品原型调整方案 R1》执行”；执行基线R1及已确认决策（A03）；本列为实施授权，不代表产品验收通过。
CODE-009,../2026-10-04-product-material-domain-audit-v2/decision-register-2026-10-05.md B08; prototype-adjustment-proposal.md §9.2,B08,不同Pantone体系同号不发生新编码冲突,WP04,src/data/pcs-material-rules.ts:buildProcessedMaterialCode；src/data/pcs-material-archive-repository.ts:createProcessedMaterialSku,"tests/pcs-r1-material-rules.test.ts :: CODE: direct predecessor is preserved across dye, embroidery, A/AB and penetration（evidence/contracts-final.log:140，通过）",已采集的页面及动作见 evidence/measurement-summary.json；按原始文件分组，不能推及未测动作。 相关列表/详情/Tab及基础保存已有证据；本条完整正常/边界动作须逐入口补齐五轮浏览器结果，不能由契约测试替代。,已实现待验证,current-requirement-evidence.json :: requirements[requirement_id=CODE-009]；evidence/material-routes-after-save-fix.json；evidence/tabs-release.json；evidence/material-label-release.json；evidence/material-review-partial.json,用户已明确要求“按照《PCS 商品、物料与渠道店铺商品原型调整方案 R1》执行”；执行基线R1及已确认决策（B08）；本列为实施授权，不代表产品验收通过。
UOM-001,../2026-10-04-product-material-domain-audit-v2/decision-register-2026-10-05.md B12; prototype-adjustment-proposal.md §8,B12,每物料SKU有且只有一个主单位,WP05,src/data/pcs-material-archive-types.ts:MaterialSkuRecord；src/data/pcs-material-archive-repository.ts:makeBaseSku；src/data/pcs-material-archive-repository.ts:updateMaterialSkuRecord；src/pages/pcs-material-archives.ts:skuDraft,tests/pcs-r1-material-rules.test.ts :: UOM: fixed conversions cannot be altered; cross dimensions need basis and retain versions（evidence/contracts-final.log:145，通过）；tests/pcs-r1-material-reference-check.test.ts :: UOM/PMS: unchanged units and locally locked units do not query another domain（evidence/contracts-final.log:126，通过）；tests/pcs-r1-material-reference-check.test.ts :: UOM/PMS: purchase drafts or historical purchase references block changing the unit（evidence/contracts-final.log:127，通过）,已采集的页面及动作见 evidence/measurement-summary.json；按原始文件分组，不能推及未测动作。 相关列表/详情/Tab及基础保存已有证据；本条完整正常/边界动作须逐入口补齐五轮浏览器结果，不能由契约测试替代。,已实现待验证,current-requirement-evidence.json :: requirements[requirement_id=UOM-001]；evidence/tabs-release.json；evidence/unit-save-current.json,用户已明确要求“按照《PCS 商品、物料与渠道店铺商品原型调整方案 R1》执行”；执行基线R1及已确认决策（B12）；本列为实施授权，不代表产品验收通过。
UOM-002,../2026-10-04-product-material-domain-audit-v2/decision-register-2026-10-05.md B12; prototype-adjustment-proposal.md §8,B12,SKU详情有独立计量单位Tab,WP05,src/pages/pcs-material-archives.ts:renderPcsMaterialSkuDetailPage；src/pages/pcs-material-archives.ts:renderUnits；src/pages/pcs-material-archives.ts:renderUnitEditor,不适用：Tab位置与页面层次为视觉要求；计量计算另由UOM规则专项验证。,已采集的页面及动作见 evidence/measurement-summary.json；按原始文件分组，不能推及未测动作。 本条限定的只读结构、排除边界或独立动作已满足证据；不表示整个模块完成。,已验证,current-requirement-evidence.json :: requirements[requirement_id=UOM-002]；evidence/tabs-release.json；evidence/unit-save-current.json,用户已明确要求“按照《PCS 商品、物料与渠道店铺商品原型调整方案 R1》执行”；执行基线R1及已确认决策（B12）；本列为实施授权，不代表产品验收通过。
UOM-003,../2026-10-04-product-material-domain-audit-v2/decision-register-2026-10-05.md B12; prototype-adjustment-proposal.md §8,B12,辅助关系使用1辅=X主的固定方向,WP05,src/data/pcs-material-archive-types.ts:MaterialUnitRelation；src/data/pcs-material-rules.ts:validateMaterialRelation；src/data/pcs-material-archive-repository.ts:saveMaterialUnitRelation；src/pages/pcs-material-archives.ts:renderUnitEditor,tests/pcs-r1-material-rules.test.ts :: UOM: fixed conversions cannot be altered; cross dimensions need basis and retain versions（evidence/contracts-final.log:145，通过）；tests/pcs-r1-material-transfer.test.ts :: UOM/COST: CSV rejects nonpositive relation and preserves an explicit zero cost（evidence/contracts-final.log:174，通过）,已采集的页面及动作见 evidence/measurement-summary.json；按原始文件分组，不能推及未测动作。 相关列表/详情/Tab及基础保存已有证据；本条完整正常/边界动作须逐入口补齐五轮浏览器结果，不能由契约测试替代。,已实现待验证,current-requirement-evidence.json :: requirements[requirement_id=UOM-003]；evidence/tabs-release.json；evidence/unit-save-current.json,用户已明确要求“按照《PCS 商品、物料与渠道店铺商品原型调整方案 R1》执行”；执行基线R1及已确认决策（B12）；本列为实施授权，不代表产品验收通过。
UOM-004,../2026-10-04-product-material-domain-audit-v2/decision-register-2026-10-05.md B13; prototype-adjustment-proposal.md §8,B13,跨量纲换算必须具备规格依据,WP05,src/data/pcs-material-rules.ts:materialUnitDimension；src/data/pcs-material-rules.ts:validateMaterialRelation；src/data/pcs-material-archive-repository.ts:saveMaterialUnitRelation,tests/pcs-r1-material-rules.test.ts :: UOM: fixed conversions cannot be altered; cross dimensions need basis and retain versions（evidence/contracts-final.log:145，通过）,已采集的页面及动作见 evidence/measurement-summary.json；按原始文件分组，不能推及未测动作。 相关列表/详情/Tab及基础保存已有证据；本条完整正常/边界动作须逐入口补齐五轮浏览器结果，不能由契约测试替代。,已实现待验证,current-requirement-evidence.json :: requirements[requirement_id=UOM-004]；evidence/tabs-release.json；evidence/unit-save-current.json,用户已明确要求“按照《PCS 商品、物料与渠道店铺商品原型调整方案 R1》执行”；执行基线R1及已确认决策（B13）；本列为实施授权，不代表产品验收通过。
UOM-005,../2026-10-04-product-material-domain-audit-v2/decision-register-2026-10-05.md B13; prototype-adjustment-proposal.md §8,B13,批次实测不覆盖标准换算,WP05,src/data/pcs-material-archive-types.ts:MaterialUnitRelation；src/data/pcs-material-archive-repository.ts:saveMaterialUnitRelation；src/data/pcs-material-archive-repository.ts:materialUnitFactorInSnapshot；src/data/pcs-engineering-bom-material-resolver.ts:captureEngineeringBomMaterialReference（确认/发布时记录单位换算系数及关系版本 ID。）；src/data/pcs-engineering-bom-material-resolver.ts:resolveEngineeringBomMaterialLine（FROZEN 使用保存的系数/版本，CURRENT 才取当前标准。）,tests/pcs-r1-material-rules.test.ts :: UOM: fixed conversions cannot be altered; cross dimensions need basis and retain versions（evidence/contracts-final.log:145，通过）；tests/pcs-r1-material-rules.test.ts :: COST/UOM: new conversion version updates current descendants but preserves prior snapshots（evidence/contracts-final.log:154，通过）；tests/pcs-r1-bom-cost.test.ts :: UOM frozen usage conversion retains the selected unit relation version（evidence/contracts-final.log:10，通过）,已采集的页面及动作见 evidence/measurement-summary.json；按原始文件分组，不能推及未测动作。 相关列表/详情/Tab及基础保存已有证据；本条完整正常/边界动作须逐入口补齐五轮浏览器结果，不能由契约测试替代。,已实现待验证,current-requirement-evidence.json :: requirements[requirement_id=UOM-005]；evidence/tabs-release.json；evidence/unit-save-current.json,用户已明确要求“按照《PCS 商品、物料与渠道店铺商品原型调整方案 R1》执行”；执行基线R1及已确认决策（B13）；本列为实施授权，不代表产品验收通过。
UOM-006,../2026-10-04-product-material-domain-audit-v2/decision-register-2026-10-05.md B14; prototype-adjustment-proposal.md §8,B14,包装含量和包装规格独立保存,WP05,src/data/pcs-material-archive-types.ts:MaterialPackageSpec；src/data/pcs-material-archive-repository.ts:saveMaterialPackageSpec；src/data/pcs-material-archive-repository.ts:saveMaterialUnitRelation；src/pages/pcs-material-archives.ts:renderPackEditor,"tests/pcs-r1-material-rules.test.ts :: UOM: two packages share SKU identity, have separate relations, unknown volume stays null（evidence/contracts-final.log:146，通过）；tests/pcs-r1-material-rules.test.ts :: MAT-003/UOM: output width is one field and package edits retain previous contents（evidence/contracts-final.log:161，通过）",已采集的页面及动作见 evidence/measurement-summary.json；按原始文件分组，不能推及未测动作。 相关列表/详情/Tab及基础保存已有证据；本条完整正常/边界动作须逐入口补齐五轮浏览器结果，不能由契约测试替代。,已实现待验证,current-requirement-evidence.json :: requirements[requirement_id=UOM-006]；evidence/tabs-release.json；evidence/unit-save-current.json,用户已明确要求“按照《PCS 商品、物料与渠道店铺商品原型调整方案 R1》执行”；执行基线R1及已确认决策（B14）；本列为实施授权，不代表产品验收通过。
UOM-007,../2026-10-04-product-material-domain-audit-v2/decision-register-2026-10-05.md B14; prototype-adjustment-proposal.md §8,B14,纯包装变化不自动新增永久SKU,WP05,src/data/pcs-material-archive-repository.ts:saveMaterialPackageSpec；src/data/pcs-material-archive-repository.ts:materialSkuIdentityFingerprint,"tests/pcs-r1-material-rules.test.ts :: UOM: two packages share SKU identity, have separate relations, unknown volume stays null（evidence/contracts-final.log:146，通过）；tests/pcs-r1-material-rules.test.ts :: MAT: processed siblings retain independent identities when only packaging information changes（evidence/contracts-final.log:155，通过）",已采集的页面及动作见 evidence/measurement-summary.json；按原始文件分组，不能推及未测动作。 相关列表/详情/Tab及基础保存已有证据；本条完整正常/边界动作须逐入口补齐五轮浏览器结果，不能由契约测试替代。,已实现待验证,current-requirement-evidence.json :: requirements[requirement_id=UOM-007]；evidence/tabs-release.json；evidence/unit-save-current.json,用户已明确要求“按照《PCS 商品、物料与渠道店铺商品原型调整方案 R1》执行”；执行基线R1及已确认决策（B14）；本列为实施授权，不代表产品验收通过。
UOM-008,../2026-10-04-product-material-domain-audit-v2/decision-register-2026-10-05.md B15; prototype-adjustment-proposal.md §8,B15,净重毛重与面料克重分属不同基准,WP05,src/data/pcs-material-archive-types.ts:MaterialSkuRecord；src/data/pcs-material-archive-types.ts:MaterialPackageSpec；src/pages/pcs-material-archives.ts:renderPack；src/pages/pcs-material-archives.ts:materialSpecRows,tests/pcs-r1-material-rules.test.ts :: MAT-003/UOM: output width is one field and package edits retain previous contents（evidence/contracts-final.log:161，通过）,已采集的页面及动作见 evidence/measurement-summary.json；按原始文件分组，不能推及未测动作。 相关列表/详情/Tab及基础保存已有证据；本条完整正常/边界动作须逐入口补齐五轮浏览器结果，不能由契约测试替代。,已实现待验证,current-requirement-evidence.json :: requirements[requirement_id=UOM-008]；evidence/tabs-release.json；evidence/unit-save-current.json,用户已明确要求“按照《PCS 商品、物料与渠道店铺商品原型调整方案 R1》执行”；执行基线R1及已确认决策（B15）；本列为实施授权，不代表产品验收通过。
UOM-009,../2026-10-04-product-material-domain-audit-v2/decision-register-2026-10-05.md B15; prototype-adjustment-proposal.md §8,B15,体积来源明确且未知不默填零,WP05,src/data/pcs-material-rules.ts:materialPackageVolume；src/data/pcs-material-archive-repository.ts:saveMaterialPackageSpec；src/pages/pcs-material-archives.ts:renderPackEditor,"tests/pcs-r1-material-rules.test.ts :: UOM: two packages share SKU identity, have separate relations, unknown volume stays null（evidence/contracts-final.log:146，通过）",已采集的页面及动作见 evidence/measurement-summary.json；按原始文件分组，不能推及未测动作。 相关列表/详情/Tab及基础保存已有证据；本条完整正常/边界动作须逐入口补齐五轮浏览器结果，不能由契约测试替代。,已实现待验证,current-requirement-evidence.json :: requirements[requirement_id=UOM-009]；evidence/tabs-release.json；evidence/unit-save-current.json,用户已明确要求“按照《PCS 商品、物料与渠道店铺商品原型调整方案 R1》执行”；执行基线R1及已确认决策（B15）；本列为实施授权，不代表产品验收通过。
UOM-010,../2026-10-04-product-material-domain-audit-v2/decision-register-2026-10-05.md F04; prototype-adjustment-proposal.md §8,F04,使用过的主单位锁定,WP05,src/data/pcs-material-archive-repository.ts:updateMaterialSkuRecord；src/data/pcs-material-archive-repository.ts:markMaterialSkuMainUnitUsed；src/data/pcs-material-reference-check.ts:assertMaterialMainUnitChangeAllowed；src/pages/pcs-material-archives.ts:saveForm；src/data/pcs-material-config.ts:saveMaterialUnit（现有计量单位代码及量纲禁止变化。）；src/data/pcs-engineering-bom-material-resolver.ts:captureEngineeringBomMaterialReference（技术资料保存换算系数及 relationIds。）；src/data/pcs-engineering-bom-material-resolver.ts:resolveEngineeringBomMaterialLine（已冻结历史不采用新的辅助单位系数。）,tests/pcs-r1-material-rules.test.ts :: UOM: fixed conversions cannot be altered; cross dimensions need basis and retain versions（evidence/contracts-final.log:145，通过）；tests/pcs-r1-material-reference-check.test.ts :: UOM/PMS: unchanged units and locally locked units do not query another domain（evidence/contracts-final.log:126，通过）；tests/pcs-r1-material-reference-check.test.ts :: UOM/PMS: purchase drafts or historical purchase references block changing the unit（evidence/contracts-final.log:127，通过）；tests/pcs-r1-material-reference-check.test.ts :: UOM/PMS: unused draft may change its unit only after the reference read completes（evidence/contracts-final.log:128，通过）；tests/pcs-r1-material-reference-check.test.ts :: UOM/PMS: failed reference reads preserve the input and block the PCS write（evidence/contracts-final.log:129，通过）；tests/pcs-r1-config.test.ts :: controlled fields and unit identities reject invalid configuration（evidence/contracts-final.log:91，通过）；tests/pcs-r1-bom-cost.test.ts :: UOM frozen usage conversion retains the selected unit relation version（evidence/contracts-final.log:10，通过）,已采集的页面及动作见 evidence/measurement-summary.json；按原始文件分组，不能推及未测动作。 相关列表/详情/Tab及基础保存已有证据；本条完整正常/边界动作须逐入口补齐五轮浏览器结果，不能由契约测试替代。,已实现待验证,current-requirement-evidence.json :: requirements[requirement_id=UOM-010]；evidence/tabs-release.json；evidence/unit-save-current.json,用户已明确要求“按照《PCS 商品、物料与渠道店铺商品原型调整方案 R1》执行”；执行基线R1及已确认决策（F04）；本列为实施授权，不代表产品验收通过。
COST-001,../2026-10-04-product-material-domain-audit-v2/decision-register-2026-10-05.md D01; prototype-adjustment-proposal.md §10,D01,印花染色取消Asaya分价,WP06,src/data/pcs-material-archive-types.ts:MaterialStandardCostVersion；src/data/pcs-material-archive-repository.ts:calculateCost；src/pages/pcs-material-archives.ts:renderCostEditor,"tests/pcs-r1-material-transfer.test.ts :: GOV-027: business exports honor all selected identities without stock or supplier fields（evidence/contracts-final.log:175，通过）；tests/pcs-r1-material-rules.test.ts :: COST: P + initial freight + every F; automatic descendants, immutable business snapshot（evidence/contracts-final.log:142，通过）",已采集的页面及动作见 evidence/measurement-summary.json；按原始文件分组，不能推及未测动作。 本条限定的只读结构、排除边界或独立动作已满足证据；不表示整个模块完成。,已验证,current-requirement-evidence.json :: requirements[requirement_id=COST-001]；evidence/tabs-release.json；evidence/cost-propagation-100-final.json,用户已明确要求“按照《PCS 商品、物料与渠道店铺商品原型调整方案 R1》执行”；执行基线R1及已确认决策（D01）；本列为实施授权，不代表产品验收通过。
COST-002,../2026-10-04-product-material-domain-audit-v2/decision-register-2026-10-05.md D02; prototype-adjustment-proposal.md §10,D02,标准采购成本人工维护,WP06,src/data/pcs-material-archive-repository.ts:saveMaterialStandardCost；src/pages/pcs-material-archives.ts:renderCostEditor；src/pages/pcs-material-archives.ts:saveForm,"tests/pcs-r1-material-rules.test.ts :: COST: P + initial freight + every F; automatic descendants, immutable business snapshot（evidence/contracts-final.log:142，通过）；tests/pcs-r1-material-rules.test.ts :: COST: preview normalizes the original currency exactly like confirmed save（evidence/contracts-final.log:149，通过）",已采集的页面及动作见 evidence/measurement-summary.json；按原始文件分组，不能推及未测动作。 相关列表/详情/Tab及基础保存已有证据；本条完整正常/边界动作须逐入口补齐五轮浏览器结果，不能由契约测试替代。,已实现待验证,current-requirement-evidence.json :: requirements[requirement_id=COST-002]；evidence/tabs-release.json；evidence/cost-propagation-100-final.json,用户已明确要求“按照《PCS 商品、物料与渠道店铺商品原型调整方案 R1》执行”；执行基线R1及已确认决策（D02）；本列为实施授权，不代表产品验收通过。
COST-003,../2026-10-04-product-material-domain-audit-v2/decision-register-2026-10-05.md D03; prototype-adjustment-proposal.md §10,D03,默认人民币支持IDR和USD展示,WP06,src/data/pcs-material-archive-repository.ts:materialStandardCostDisplay；src/pages/pcs-material-archives.ts:renderCost；src/data/pcs-exchange-rate-config.ts:updateLatestPcsExchangeRate（人工维护正数 IDR/CNY、USD/CNY，并记录日志。）；src/data/pcs-exchange-rate-config.ts:displayStandardCost（以 CNY 基数按展示币种换算，不改标准成本。）；src/pages/pcs-config-workspace.ts:exchangeRate（展示汇率独立页面/日志视图。）；src/data/pcs-engineering-bom-pricing.ts:getTechnicalDataVersionBomWorkspace（已发布资料读取冻结快照。）,tests/pcs-r1-material-rules.test.ts :: COST: zero is complete; null is missing; display rates do not produce versions（evidence/contracts-final.log:143，通过）；tests/pcs-r1-config.test.ts :: display exchange rates preserve base costs and accept only positive rates（evidence/contracts-final.log:92，通过）；tests/pcs-r1-bom-cost.test.ts :: COST technical draft page reads current standard; publish freezes once and activation reuses it after price/FX changes（evidence/contracts-final.log:9，通过）,已采集的页面及动作见 evidence/measurement-summary.json；按原始文件分组，不能推及未测动作。 相关列表/详情/Tab及基础保存已有证据；本条完整正常/边界动作须逐入口补齐五轮浏览器结果，不能由契约测试替代。,已实现待验证,current-requirement-evidence.json :: requirements[requirement_id=COST-003]；evidence/tabs-release.json；evidence/cost-propagation-100-final.json,用户已明确要求“按照《PCS 商品、物料与渠道店铺商品原型调整方案 R1》执行”；执行基线R1及已确认决策（D03）；本列为实施授权，不代表产品验收通过。
COST-004,../2026-10-04-product-material-domain-audit-v2/decision-register-2026-10-05.md D03; prototype-adjustment-proposal.md §10,D03,缺展示汇率有明确反馈,WP06,src/data/pcs-material-archive-repository.ts:materialStandardCostDisplay；src/pages/pcs-material-archives.ts:renderCost；src/data/pcs-exchange-rate-config.ts:getLatestPcsExchangeRate（已保存记录缺失/非法汇率返回未配置状态，不用演示值补齐。）；src/data/pcs-exchange-rate-config.ts:displayStandardCost（没有有效展示汇率时返回 null；人民币金额仍可读取。）；src/data/pcs-exchange-rate-config.ts:updateLatestPcsExchangeRate（维护入口阻止非正数和非有限数值。）,tests/pcs-r1-material-rules.test.ts :: COST: zero is complete; null is missing; display rates do not produce versions（evidence/contracts-final.log:143，通过）；tests/pcs-r1-config.test.ts :: display exchange rates preserve base costs and accept only positive rates（evidence/contracts-final.log:92，通过）；tests/pcs-r1-config.test.ts :: COST-004 missing or invalid persisted display rates stay unavailable instead of taking seed values（evidence/contracts-final.log:93，通过）,已采集的页面及动作见 evidence/measurement-summary.json；按原始文件分组，不能推及未测动作。 相关列表/详情/Tab及基础保存已有证据；本条完整正常/边界动作须逐入口补齐五轮浏览器结果，不能由契约测试替代。,已实现待验证,current-requirement-evidence.json :: requirements[requirement_id=COST-004]；evidence/tabs-release.json；evidence/cost-propagation-100-final.json,用户已明确要求“按照《PCS 商品、物料与渠道店铺商品原型调整方案 R1》执行”；执行基线R1及已确认决策（D03）；本列为实施授权，不代表产品验收通过。
COST-005,../2026-10-04-product-material-domain-audit-v2/decision-register-2026-10-05.md D04; prototype-adjustment-proposal.md §10,D04,全部标准价统一含税,WP06,src/data/pcs-material-archive-types.ts:MaterialStandardCostVersion；src/data/pcs-material-archive-repository.ts:prepareMaterialStandardCost；src/pages/pcs-material-archives.ts:renderCostEditor,"tests/pcs-r1-material-rules.test.ts :: COST: P + initial freight + every F; automatic descendants, immutable business snapshot（evidence/contracts-final.log:142，通过）",已采集的页面及动作见 evidence/measurement-summary.json；按原始文件分组，不能推及未测动作。 本条限定的只读结构、排除边界或独立动作已满足证据；不表示整个模块完成。,已验证,current-requirement-evidence.json :: requirements[requirement_id=COST-005]；evidence/tabs-release.json；evidence/cost-propagation-100-final.json,用户已明确要求“按照《PCS 商品、物料与渠道店铺商品原型调整方案 R1》执行”；执行基线R1及已确认决策（D04）；本列为实施授权，不代表产品验收通过。
COST-006,../2026-10-04-product-material-domain-audit-v2/decision-register-2026-10-05.md D05; prototype-adjustment-proposal.md §10,D05,基础运输只累计一次,WP06,src/data/pcs-material-archive-repository.ts:calculateCost；src/data/pcs-material-archive-repository.ts:prepareMaterialStandardCost,"tests/pcs-r1-material-rules.test.ts :: COST: P + initial freight + every F; automatic descendants, immutable business snapshot（evidence/contracts-final.log:142，通过）",已采集的页面及动作见 evidence/measurement-summary.json；按原始文件分组，不能推及未测动作。 相关列表/详情/Tab及基础保存已有证据；本条完整正常/边界动作须逐入口补齐五轮浏览器结果，不能由契约测试替代。,已实现待验证,current-requirement-evidence.json :: requirements[requirement_id=COST-006]；evidence/tabs-release.json；evidence/cost-propagation-100-final.json,用户已明确要求“按照《PCS 商品、物料与渠道店铺商品原型调整方案 R1》执行”；执行基线R1及已确认决策（D05）；本列为实施授权，不代表产品验收通过。
COST-007,../2026-10-04-product-material-domain-audit-v2/decision-register-2026-10-05.md D05; prototype-adjustment-proposal.md §10,D05,后段运输不进入公式,WP06,src/data/pcs-material-archive-repository.ts:prepareMaterialStandardCost；src/pages/pcs-material-archives.ts:renderCostEditor,"tests/pcs-r1-material-rules.test.ts :: COST: P + initial freight + every F; automatic descendants, immutable business snapshot（evidence/contracts-final.log:142，通过）",已采集的页面及动作见 evidence/measurement-summary.json；按原始文件分组，不能推及未测动作。 本条限定的只读结构、排除边界或独立动作已满足证据；不表示整个模块完成。,已验证,current-requirement-evidence.json :: requirements[requirement_id=COST-007]；evidence/tabs-release.json；evidence/cost-propagation-100-final.json,用户已明确要求“按照《PCS 商品、物料与渠道店铺商品原型调整方案 R1》执行”；执行基线R1及已确认决策（D05）；本列为实施授权，不代表产品验收通过。
COST-008,../2026-10-04-product-material-domain-audit-v2/decision-register-2026-10-05.md D06; prototype-adjustment-proposal.md §10,D06,损耗缩率不进入本期物料公式,WP06,src/data/pcs-material-archive-repository.ts:calculateCost；src/pages/pcs-material-archives.ts:renderCost,"tests/pcs-r1-material-rules.test.ts :: COST: P + initial freight + every F; automatic descendants, immutable business snapshot（evidence/contracts-final.log:142，通过）",已采集的页面及动作见 evidence/measurement-summary.json；按原始文件分组，不能推及未测动作。 本条限定的只读结构、排除边界或独立动作已满足证据；不表示整个模块完成。,已验证,current-requirement-evidence.json :: requirements[requirement_id=COST-008]；evidence/tabs-release.json；evidence/cost-propagation-100-final.json,用户已明确要求“按照《PCS 商品、物料与渠道店铺商品原型调整方案 R1》执行”；执行基线R1及已确认决策（D06）；本列为实施授权，不代表产品验收通过。
COST-009,../2026-10-04-product-material-domain-audit-v2/decision-register-2026-10-05.md D07; prototype-adjustment-proposal.md §10,D07,加工费按产出单位表达,WP06,src/data/pcs-material-archive-repository.ts:prepareMaterialStandardCost；src/data/pcs-material-archive-repository.ts:materialUnitFactorInSnapshot；src/pages/pcs-material-archives.ts:renderCostEditor,tests/pcs-r1-material-rules.test.ts :: COST/UOM: source currency and unit normalization retains quote precision（evidence/contracts-final.log:144，通过）；tests/pcs-r1-material-rules.test.ts :: COST/UOM: new conversion version updates current descendants but preserves prior snapshots（evidence/contracts-final.log:154，通过）,已采集的页面及动作见 evidence/measurement-summary.json；按原始文件分组，不能推及未测动作。 相关列表/详情/Tab及基础保存已有证据；本条完整正常/边界动作须逐入口补齐五轮浏览器结果，不能由契约测试替代。,已实现待验证,current-requirement-evidence.json :: requirements[requirement_id=COST-009]；evidence/tabs-release.json；evidence/cost-propagation-100-final.json,用户已明确要求“按照《PCS 商品、物料与渠道店铺商品原型调整方案 R1》执行”；执行基线R1及已确认决策（D07）；本列为实施授权，不代表产品验收通过。
COST-010,../2026-10-04-product-material-domain-audit-v2/decision-register-2026-10-05.md D08; prototype-adjustment-proposal.md §10,D08,辅材已含在加工费中,WP06,src/data/pcs-material-archive-types.ts:MaterialStandardCostVersion；src/data/pcs-material-archive-repository.ts:calculateCost；src/pages/pcs-material-archives.ts:renderCostEditor,"tests/pcs-r1-material-rules.test.ts :: COST: P + initial freight + every F; automatic descendants, immutable business snapshot（evidence/contracts-final.log:142，通过）",已采集的页面及动作见 evidence/measurement-summary.json；按原始文件分组，不能推及未测动作。 本条限定的只读结构、排除边界或独立动作已满足证据；不表示整个模块完成。,已验证,current-requirement-evidence.json :: requirements[requirement_id=COST-010]；evidence/tabs-release.json；evidence/cost-propagation-100-final.json,用户已明确要求“按照《PCS 商品、物料与渠道店铺商品原型调整方案 R1》执行”；执行基线R1及已确认决策（D08）；本列为实施授权，不代表产品验收通过。
COST-011,../2026-10-04-product-material-domain-audit-v2/decision-register-2026-10-05.md D09; prototype-adjustment-proposal.md §10,D09,不纳入一次性费和分摊,WP06,src/data/pcs-material-archive-repository.ts:calculateCost；src/pages/pcs-material-archives.ts:renderCostEditor；src/data/pcs-material-transfer.ts:materialTransferHeaders,"tests/pcs-r1-material-rules.test.ts :: COST: P + initial freight + every F; automatic descendants, immutable business snapshot（evidence/contracts-final.log:142，通过）",已采集的页面及动作见 evidence/measurement-summary.json；按原始文件分组，不能推及未测动作。 本条限定的只读结构、排除边界或独立动作已满足证据；不表示整个模块完成。,已验证,current-requirement-evidence.json :: requirements[requirement_id=COST-011]；evidence/tabs-release.json；evidence/cost-propagation-100-final.json,用户已明确要求“按照《PCS 商品、物料与渠道店铺商品原型调整方案 R1》执行”；执行基线R1及已确认决策（D09）；本列为实施授权，不代表产品验收通过。
COST-012,../2026-10-04-product-material-domain-audit-v2/decision-register-2026-10-05.md D10; prototype-adjustment-proposal.md §10,D10,未维护与真实零值不同,WP06,src/data/pcs-material-rules.ts:materialMoney；src/data/pcs-material-archive-repository.ts:calculateCost；src/pages/pcs-material-archives.ts:nullable；src/data/pcs-engineering-bom-material-resolver.ts:resolveEngineeringBomMaterialLine（保留 0 为有效标准；null/缺失使行参考不可用，冻结历史缺失不以现价回填。）；src/data/pcs-engineering-bom-pricing.ts:buildEngineeringBomMaterialLine（缺价不形成完整核价行。）；src/data/pcs-technical-data-version-repository.ts:publishTechnicalDataVersionRecord（发布前校验所有材料参考，缺失则阻断整次动作。）,tests/pcs-r1-material-rules.test.ts :: COST: zero is complete; null is missing; display rates do not produce versions（evidence/contracts-final.log:143，通过）；tests/pcs-r1-material-transfer.test.ts :: UOM/COST: CSV rejects nonpositive relation and preserves an explicit zero cost（evidence/contracts-final.log:174，通过）；tests/pcs-r1-bom-cost.test.ts :: COST actual zero remains valid; missing standard is blocked; calculations avoid per-line early rounding（evidence/contracts-final.log:4，通过）；tests/pcs-r1-bom-cost.test.ts :: COST failed publishing cannot leave a published record or half-frozen cost references（evidence/contracts-final.log:12，通过）,已采集的页面及动作见 evidence/measurement-summary.json；按原始文件分组，不能推及未测动作。 相关列表/详情/Tab及基础保存已有证据；本条完整正常/边界动作须逐入口补齐五轮浏览器结果，不能由契约测试替代。,已实现待验证,current-requirement-evidence.json :: requirements[requirement_id=COST-012]；evidence/tabs-release.json；evidence/cost-propagation-100-final.json,用户已明确要求“按照《PCS 商品、物料与渠道店铺商品原型调整方案 R1》执行”；执行基线R1及已确认决策（D10）；本列为实施授权，不代表产品验收通过。
COST-013,../2026-10-04-product-material-domain-audit-v2/decision-register-2026-10-05.md D11; prototype-adjustment-proposal.md §10,D11,来源精度保留且统一末次舍入,WP06,src/data/pcs-material-rules.ts:materialDecimalAdd；src/data/pcs-material-rules.ts:materialDecimalMultiply；src/data/pcs-material-archive-repository.ts:prepareMaterialStandardCost；src/pages/pcs-material-archives.ts:renderCost；src/data/pcs-engineering-bom-material-resolver.ts:resolveEngineeringBomMaterialLine（接收递归标准原精度并用于当前行计算。）；src/data/pcs-engineering-bom-pricing.ts:calculateEngineeringBomCost（累计原精度行值后再做末次显示舍入。）,tests/pcs-r1-material-rules.test.ts :: COST/UOM: source currency and unit normalization retains quote precision（evidence/contracts-final.log:144，通过）；tests/pcs-r1-material-rules.test.ts :: COST: preview normalizes the original currency exactly like confirmed save（evidence/contracts-final.log:149，通过）；tests/pcs-r1-material-rules.test.ts :: COST: zero is complete; null is missing; display rates do not produce versions（evidence/contracts-final.log:143，通过）；tests/pcs-r1-bom-cost.test.ts :: COST actual zero remains valid; missing standard is blocked; calculations avoid per-line early rounding（evidence/contracts-final.log:4，通过）,已采集的页面及动作见 evidence/measurement-summary.json；按原始文件分组，不能推及未测动作。 相关列表/详情/Tab及基础保存已有证据；本条完整正常/边界动作须逐入口补齐五轮浏览器结果，不能由契约测试替代。,已实现待验证,current-requirement-evidence.json :: requirements[requirement_id=COST-013]；evidence/tabs-release.json；evidence/cost-propagation-100-final.json,用户已明确要求“按照《PCS 商品、物料与渠道店铺商品原型调整方案 R1》执行”；执行基线R1及已确认决策（D11）；本列为实施授权，不代表产品验收通过。
COST-014,../2026-10-04-product-material-domain-audit-v2/decision-register-2026-10-05.md D12; prototype-adjustment-proposal.md §10,D12,上游变化自动更新所有依赖分支,WP06,src/data/pcs-material-archive-repository.ts:previewMaterialCostChangeInSnapshot；src/data/pcs-material-archive-repository.ts:saveMaterialStandardCost；src/data/pcs-material-performance-fixtures.ts:createMaterialCostValidationSnapshot；src/data/pcs-engineering-bom-material-resolver.ts:resolveEngineeringBomMaterialLine（CURRENT 每次按物料引用读取当前标准并提示参考变化。）；src/data/pcs-engineering-bom-pricing.ts:getTechnicalDataVersionBomWorkspace（未发布技术资料解析最新材料标准。）；src/pages/tech-pack/cost-domain.ts:refreshBomPricingWorkspaceLocally（局部刷新真实 BOM 工作区，标记参考已更新。）,"tests/pcs-r1-material-rules.test.ts :: COST: P + initial freight + every F; automatic descendants, immutable business snapshot（evidence/contracts-final.log:142，通过）；tests/pcs-r1-material-rules.test.ts :: COST: preview normalizes the original currency exactly like confirmed save（evidence/contracts-final.log:149，通过）；tests/pcs-r1-material-transfer.test.ts :: PERF: 100 and 1000 rows validate completely and cost change reaches 100 descendants without publishing（evidence/contracts-final.log:177，通过）；tests/pcs-r1-bom-cost.test.ts :: COST draft uses recursive composite standard cost and notes upstream reference changes（evidence/contracts-final.log:3，通过）；tests/pcs-r1-bom-cost.test.ts :: COST technical draft page reads current standard; publish freezes once and activation reuses it after price/FX changes（evidence/contracts-final.log:9，通过）",已采集的页面及动作见 evidence/measurement-summary.json；按原始文件分组，不能推及未测动作。 本条限定的只读结构、排除边界或独立动作已满足证据；不表示整个模块完成。,已验证,current-requirement-evidence.json :: requirements[requirement_id=COST-014]；evidence/tabs-release.json；evidence/cost-propagation-100-final.json；evidence/idb-browser-cohort256-final.json,用户已明确要求“按照《PCS 商品、物料与渠道店铺商品原型调整方案 R1》执行”；执行基线R1及已确认决策（D12）；本列为实施授权，不代表产品验收通过。
COST-015,../2026-10-04-product-material-domain-audit-v2/decision-register-2026-10-05.md D12; prototype-adjustment-proposal.md §10,D12,展示汇率变化不触发成本重新生效,WP06,src/data/pcs-material-archive-repository.ts:materialStandardCostDisplay；src/pages/pcs-material-archives.ts:renderCost；src/data/pcs-exchange-rate-config.ts:updateLatestPcsExchangeRate（只写展示汇率集合与日志。）；src/data/pcs-engineering-bom-pricing.ts:getTechnicalDataVersionBomWorkspace（历史工作区读取冻结快照而非当前展示汇率。）；src/data/pcs-technical-data-version-repository.ts:freezePublishedTechnicalDataVersionBomPricingSnapshot（已有合法冻结快照直接复用。）,"tests/pcs-r1-material-rules.test.ts :: COST: zero is complete; null is missing; display rates do not produce versions（evidence/contracts-final.log:143，通过）；tests/pcs-r1-config.test.ts :: display exchange rates preserve base costs and accept only positive rates（evidence/contracts-final.log:92，通过）；tests/pcs-r1-bom-cost.test.ts :: COST confirmed plan keeps its cost and unit versions, while copied drafts use new standards（evidence/contracts-final.log:8，通过）；tests/pcs-r1-bom-cost.test.ts :: COST technical draft page reads current standard; publish freezes once and activation reuses it after price/FX changes（evidence/contracts-final.log:9，通过）",已采集的页面及动作见 evidence/measurement-summary.json；按原始文件分组，不能推及未测动作。 本条限定的只读结构、排除边界或独立动作已满足证据；不表示整个模块完成。,已验证,current-requirement-evidence.json :: requirements[requirement_id=COST-015]；evidence/tabs-release.json；evidence/cost-propagation-100-final.json,用户已明确要求“按照《PCS 商品、物料与渠道店铺商品原型调整方案 R1》执行”；执行基线R1及已确认决策（D12）；本列为实施授权，不代表产品验收通过。
COST-016,../2026-10-04-product-material-domain-audit-v2/decision-register-2026-10-05.md D13; prototype-adjustment-proposal.md §10,D13,已确认已发布历史成本快照不被改写,WP06,src/data/pcs-material-archive-repository.ts:freezeMaterialCostSnapshot；src/data/pcs-material-archive-repository.ts:readMaterialCostReference；src/data/pcs-engineering-bom-repository.ts:confirmEngineeringBomPricingPlan（确认时保存已解析成本和单位引用。）；src/data/pcs-engineering-bom-repository.ts:resolveEngineeringBomPricingPlan（已确认按冻结快照读取。）；src/data/pcs-technical-data-version-repository.ts:publishTechnicalDataVersionRecord（发布前校验并一次冻结成本引用、单位引用及核价快照。）；src/data/pcs-technical-data-version-repository.ts:buildPublishedTechnicalDataVersionBomPricingSnapshot（从已冻结材料引用构建已发布核价快照，不以最新标准回填历史。）；src/data/pcs-technical-data-version-repository.ts:freezePublishedTechnicalDataVersionBomPricingSnapshot（启用读取已有快照，不重新冻结当前价格。）,"tests/pcs-r1-material-rules.test.ts :: COST: P + initial freight + every F; automatic descendants, immutable business snapshot（evidence/contracts-final.log:142，通过）；tests/pcs-r1-material-rules.test.ts :: COST/UOM: new conversion version updates current descendants but preserves prior snapshots（evidence/contracts-final.log:154，通过）；tests/pcs-r1-bom-cost.test.ts :: COST confirmed plan keeps its cost and unit versions, while copied drafts use new standards（evidence/contracts-final.log:8，通过）；tests/pcs-r1-bom-cost.test.ts :: COST technical draft page reads current standard; publish freezes once and activation reuses it after price/FX changes（evidence/contracts-final.log:9，通过）；tests/pcs-r1-bom-cost.test.ts :: COST failed publishing cannot leave a published record or half-frozen cost references（evidence/contracts-final.log:12，通过）",已采集的页面及动作见 evidence/measurement-summary.json；按原始文件分组，不能推及未测动作。 冻结快照专项通过；已发布技术包和当前物料成本连续页面对照仍待补齐。,已实现待验证,current-requirement-evidence.json :: requirements[requirement_id=COST-016]；evidence/tabs-release.json；evidence/cost-propagation-100-final.json,用户已明确要求“按照《PCS 商品、物料与渠道店铺商品原型调整方案 R1》执行”；执行基线R1及已确认决策（D13）；本列为实施授权，不代表产品验收通过。
COST-017,../2026-10-04-product-material-domain-audit-v2/decision-register-2026-10-05.md D13; prototype-adjustment-proposal.md §10,D13,未发布草稿读最新参考并显示变化,WP06,src/data/pcs-material-archive-repository.ts:readMaterialCostReference；src/data/pcs-material-archive-repository.ts:getMaterialStandardCost；src/data/pcs-engineering-bom-pricing.ts:getTechnicalDataVersionBomWorkspace（草稿每次解析当前标准。）；src/data/pcs-engineering-bom-material-resolver.ts:resolveEngineeringBomMaterialLine（将当前来源版本与保存引用比较，输出 standardCostChanged。）；src/pages/pcs-technical-data.ts:renderPcsTechnicalDataBomPricingPlanPage（列表工作区从解析结果展示当前成本。）；src/pages/pcs-technical-data.ts:renderPcsTechnicalDataBomPricingDetailPage（技术详情沿同一工作区读取。）；src/pages/tech-pack/cost-domain.ts:refreshBomPricingWorkspaceLocally（真实编辑工作区局部刷新当前参考与变化提示。）；src/data/pcs-technical-data-version-repository.ts:getTechnicalDataVersionContent（历史 SKU 物料意向只在草稿读取投影，普通读不保存。）,"tests/pcs-r1-material-rules.test.ts :: COST: P + initial freight + every F; automatic descendants, immutable business snapshot（evidence/contracts-final.log:142，通过）；tests/pcs-r1-material-rules.test.ts :: read operations never persist or mutate business snapshots（evidence/contracts-final.log:148，通过）；tests/pcs-r1-bom-cost.test.ts :: COST draft uses recursive composite standard cost and notes upstream reference changes（evidence/contracts-final.log:3，通过）；tests/pcs-r1-bom-cost.test.ts :: COST technical draft page reads current standard; publish freezes once and activation reuses it after price/FX changes（evidence/contracts-final.log:9，通过）；tests/pcs-r1-bom-cost.test.ts :: BRIDGE multiple yarn intentions remain separate technical inputs, project once and preserve source SKU（evidence/contracts-final.log:11，通过）",已采集的页面及动作见 evidence/measurement-summary.json；按原始文件分组，不能推及未测动作。 读取参考价专项通过；未发布BOM变化提示连续页面仍待补齐。,已实现待验证,current-requirement-evidence.json :: requirements[requirement_id=COST-017]；evidence/tabs-release.json；evidence/cost-propagation-100-final.json,用户已明确要求“按照《PCS 商品、物料与渠道店铺商品原型调整方案 R1》执行”；执行基线R1及已确认决策（D13）；本列为实施授权，不代表产品验收通过。
CHAN-001,../2026-10-04-product-material-domain-audit-v2/decision-register-2026-10-05.md E01; prototype-adjustment-proposal.md §11,E01,当前新刊登仅三渠道两市场,WP07,src/data/pcs-channel-store-repository.ts:CURRENT_CHANNELS（仅 Shopify、TikTok、独立站为当前渠道）；src/data/pcs-channel-store-repository.ts:CURRENT_MARKETS（仅 ID/MY 为当前市场）；src/data/pcs-channel-store-repository.ts:isChannelStorePublishable（新刊登必须当前且启用且允许刊登）；src/data/pcs-channel-catalog.ts:createChannelListing（保存层校验经营范围）；src/data/pcs-channel-catalog.ts:listChannelListings（默认排除历史范围）；src/pages/pcs-channel-products.ts:filteredListings（含历史筛选与当前列表）,"tests/pcs-r1-channel-rules.test.ts :: CHAN-001/002/003/018 current scopes, separate MYR sales/CNY settlement, inactive is not platform offline（evidence/contracts-final.log:29，通过）",已采集的页面及动作见 evidence/measurement-summary.json；按原始文件分组，不能推及未测动作。 相关列表/详情/Tab及基础保存已有证据；本条完整正常/边界动作须逐入口补齐五轮浏览器结果，不能由契约测试替代。,已实现待验证,current-requirement-evidence.json :: requirements[requirement_id=CHAN-001]；evidence/routes-after-reference-fix.json；evidence/tabs-release.json；evidence/saves-release.json；evidence/channel-copy-current.json；evidence/channel-platform-prices-current.json,用户已明确要求“按照《PCS 商品、物料与渠道店铺商品原型调整方案 R1》执行”；执行基线R1及已确认决策（E01）；本列为实施授权，不代表产品验收通过。
CHAN-002,../2026-10-04-product-material-domain-audit-v2/decision-register-2026-10-05.md E02; prototype-adjustment-proposal.md §11,E02,店铺销售币种与结算币种分开,WP07,src/data/pcs-channel-catalog-types.ts:ChannelStore（salesCurrency 与 settlementCurrency 独立字段）；src/data/pcs-channel-store-repository.ts:saveChannelStore（分别保存销售与结算币种）；src/data/pcs-channel-catalog.ts:resolveChannelPrice（渠道价按销售币种解释）；src/pages/pcs-channel-stores.ts:renderPcsChannelStoreEditPage（独立币种编辑）,"tests/pcs-r1-channel-rules.test.ts :: CHAN-001/002/003/018 current scopes, separate MYR sales/CNY settlement, inactive is not platform offline（evidence/contracts-final.log:29，通过）；tests/pcs-r1-channel-rules.test.ts :: page structure has independent list/detail/edit and explicit demo sync, no inventory editor or browser maintenance（evidence/contracts-final.log:61，通过）",已采集的页面及动作见 evidence/measurement-summary.json；按原始文件分组，不能推及未测动作。 相关列表/详情/Tab及基础保存已有证据；本条完整正常/边界动作须逐入口补齐五轮浏览器结果，不能由契约测试替代。,已实现待验证,current-requirement-evidence.json :: requirements[requirement_id=CHAN-002]；evidence/routes-after-reference-fix.json；evidence/tabs-release.json；evidence/saves-release.json；evidence/channel-copy-current.json；evidence/channel-platform-prices-current.json,用户已明确要求“按照《PCS 商品、物料与渠道店铺商品原型调整方案 R1》执行”；执行基线R1及已确认决策（E02）；本列为实施授权，不代表产品验收通过。
CHAN-003,../2026-10-04-product-material-domain-audit-v2/decision-register-2026-10-05.md E02; prototype-adjustment-proposal.md §11,E02,默认一个店铺一个市场,WP07,src/data/pcs-channel-catalog-types.ts:ChannelStore（单值 marketCode，非市场数组）；src/data/pcs-channel-store-repository.ts:saveChannelStore（市场按单店单值保存）；src/pages/pcs-channel-stores.ts:renderPcsChannelStoreEditPage（仅一个经营市场选择器）,"tests/pcs-r1-channel-rules.test.ts :: CHAN-001/002/003/018 current scopes, separate MYR sales/CNY settlement, inactive is not platform offline（evidence/contracts-final.log:29，通过）",已采集的页面及动作见 evidence/measurement-summary.json；按原始文件分组，不能推及未测动作。 相关列表/详情/Tab及基础保存已有证据；本条完整正常/边界动作须逐入口补齐五轮浏览器结果，不能由契约测试替代。,已实现待验证,current-requirement-evidence.json :: requirements[requirement_id=CHAN-003]；evidence/routes-after-reference-fix.json；evidence/tabs-release.json；evidence/saves-release.json；evidence/channel-copy-current.json；evidence/channel-platform-prices-current.json,用户已明确要求“按照《PCS 商品、物料与渠道店铺商品原型调整方案 R1》执行”；执行基线R1及已确认决策（E02）；本列为实施授权，不代表产品验收通过。
CHAN-004,../2026-10-04-product-material-domain-audit-v2/decision-register-2026-10-05.md E03; prototype-adjustment-proposal.md §11,E03,一个PID只对应同一SPU,WP07,src/data/pcs-channel-catalog.ts:validateChannelMapping（保存校验所有规格归属同一 SPU）；src/data/pcs-channel-catalog.ts:isChannelStyleSelectable（新增候选要求父 SPU 已审核且启用）；src/data/pcs-channel-catalog.ts:isChannelSkuSelectable（SKU 自身与父 SPU 共同资格）；src/data/pcs-channel-catalog.ts:createChannelListing（新建 PID 容器防跨款）；src/data/pcs-channel-catalog.ts:saveChannelVariant（新增/改绑防跨款并检查资格）；src/data/pcs-channel-catalog.ts:previewChannelImport（导入同 PID 不得跨 SPU）；src/pages/pcs-channel-products.ts:renderEditor（同款候选并保留既有映射）,"tests/pcs-r1-channel-rules.test.ts :: CHAN-004/005 new container cannot cross SPUs, duplicate internal SKU has independent external records（evidence/contracts-final.log:31，通过）；tests/pcs-r1-channel-rules.test.ts :: CHAN-004 stopped parent SPU blocks new PID and new mappings while existing listing stays maintainable（evidence/contracts-final.log:32，通过）；tests/pcs-r1-channel-rules.test.ts :: CHAN-004 parent and SKU qualification both apply to candidates and save; existing selection remains visible（evidence/contracts-final.log:33，通过）；tests/pcs-r1-channel-rules.test.ts :: CHAN-004/012 import grouping rejects cross-style, duplicate instance and different PID titles with exact row errors（evidence/contracts-final.log:66，通过）",已采集的页面及动作见 evidence/measurement-summary.json；按原始文件分组，不能推及未测动作。 相关列表/详情/Tab及基础保存已有证据；本条完整正常/边界动作须逐入口补齐五轮浏览器结果，不能由契约测试替代。,已实现待验证,current-requirement-evidence.json :: requirements[requirement_id=CHAN-004]；evidence/routes-after-reference-fix.json；evidence/tabs-release.json；evidence/saves-release.json；evidence/channel-copy-current.json；evidence/channel-platform-prices-current.json,用户已明确要求“按照《PCS 商品、物料与渠道店铺商品原型调整方案 R1》执行”；执行基线R1及已确认决策（E03）；本列为实施授权，不代表产品验收通过。
CHAN-005,../2026-10-04-product-material-domain-audit-v2/decision-register-2026-10-05.md E03; prototype-adjustment-proposal.md §11,E03,平台规格实例有独立稳定身份,WP07,src/data/pcs-channel-catalog-types.ts:ChannelVariant（实例 id、platformVariantId、internalSkuId 分开）；src/data/pcs-channel-catalog.ts:createChannelListing（同内部 SKU 可建立多条独立实例，外部 ID 留空）；src/data/pcs-channel-catalog.ts:addChannelVariant（同 SKU 新增外部实例）；src/data/pcs-channel-sync.ts:receiveChannelReceipt（仅相应回执写入平台身份）,"tests/pcs-r1-channel-rules.test.ts :: CHAN-004/005 new container cannot cross SPUs, duplicate internal SKU has independent external records（evidence/contracts-final.log:31，通过）；tests/pcs-r1-channel-rules.test.ts :: SYNC-007/CHAN-005 incomplete or nontext external identity never becomes a successful formal publication（evidence/contracts-final.log:71，通过）；tests/pcs-r1-channel-rules.test.ts :: CHAN-012 historic imports preserve string IDs and reject incomplete mapping without partial formal records（evidence/contracts-final.log:43，通过）",已采集的页面及动作见 evidence/measurement-summary.json；按原始文件分组，不能推及未测动作。 相关列表/详情/Tab及基础保存已有证据；本条完整正常/边界动作须逐入口补齐五轮浏览器结果，不能由契约测试替代。,已实现待验证,current-requirement-evidence.json :: requirements[requirement_id=CHAN-005]；evidence/routes-after-reference-fix.json；evidence/tabs-release.json；evidence/saves-release.json；evidence/channel-copy-current.json；evidence/channel-platform-prices-current.json,用户已明确要求“按照《PCS 商品、物料与渠道店铺商品原型调整方案 R1》执行”；执行基线R1及已确认决策（E03）；本列为实施授权，不代表产品验收通过。
CHAN-006,../2026-10-04-product-material-domain-audit-v2/decision-register-2026-10-05.md E04; prototype-adjustment-proposal.md §11,E04,店铺内容覆盖值独立,WP07,src/data/pcs-channel-catalog.ts:contentFromStyle（读取基础销售资料）；src/data/pcs-channel-catalog.ts:projectInheritedContent（仅未发布且未覆盖字段跟随基础）；src/data/pcs-channel-catalog.ts:saveChannelContent（店铺内容版本与覆盖字段独立保存）；src/data/pcs-channel-catalog.ts:applyStyleContent（明确应用基础内容）；src/data/pcs-channel-sync.ts:writePlatformValue（平台正常内容写入目标店铺覆盖）,"tests/pcs-r1-channel-rules.test.ts :: CHAN-006/007/008 store content, display names and technical source do not rewrite internal identities（evidence/contracts-final.log:34，通过）；tests/pcs-r1-channel-rules.test.ts :: CHAN-006 unpublished untouched fields follow base sales; published stays explicit（evidence/contracts-final.log:35，通过）",已采集的页面及动作见 evidence/measurement-summary.json；按原始文件分组，不能推及未测动作。 相关列表/详情/Tab及基础保存已有证据；本条完整正常/边界动作须逐入口补齐五轮浏览器结果，不能由契约测试替代。,已实现待验证,current-requirement-evidence.json :: requirements[requirement_id=CHAN-006]；evidence/routes-after-reference-fix.json；evidence/tabs-release.json；evidence/saves-release.json；evidence/channel-copy-current.json；evidence/channel-platform-prices-current.json,用户已明确要求“按照《PCS 商品、物料与渠道店铺商品原型调整方案 R1》执行”；执行基线R1及已确认决策（E04）；本列为实施授权，不代表产品验收通过。
CHAN-007,../2026-10-04-product-material-domain-audit-v2/decision-register-2026-10-05.md E05; prototype-adjustment-proposal.md §11,E05,外部规格显示属性与内部身份映射分开,WP07,src/data/pcs-channel-catalog-types.ts:ChannelVariant（平台显示属性和内部 SKU 映射独立）；src/data/pcs-channel-catalog.ts:saveChannelVariant（维护外部显示信息不改内部身份）；src/pages/pcs-channel-products.ts:renderEditor（显示属性与内部映射分开维护）,"tests/pcs-r1-channel-rules.test.ts :: CHAN-006/007/008 store content, display names and technical source do not rewrite internal identities（evidence/contracts-final.log:34，通过）；tests/pcs-r1-channel-rules.test.ts :: CHAN-004 stopped parent SPU blocks new PID and new mappings while existing listing stays maintainable（evidence/contracts-final.log:32，通过）",已采集的页面及动作见 evidence/measurement-summary.json；按原始文件分组，不能推及未测动作。 相关列表/详情/Tab及基础保存已有证据；本条完整正常/边界动作须逐入口补齐五轮浏览器结果，不能由契约测试替代。,已实现待验证,current-requirement-evidence.json :: requirements[requirement_id=CHAN-007]；evidence/routes-after-reference-fix.json；evidence/tabs-release.json；evidence/saves-release.json；evidence/channel-copy-current.json；evidence/channel-platform-prices-current.json,用户已明确要求“按照《PCS 商品、物料与渠道店铺商品原型调整方案 R1》执行”；执行基线R1及已确认决策（E05）；本列为实施授权，不代表产品验收通过。
CHAN-008,../2026-10-04-product-material-domain-audit-v2/decision-register-2026-10-05.md E06; prototype-adjustment-proposal.md §11,E06,销售尺码图记录技术来源版本,WP07,src/data/pcs-channel-catalog-types.ts:ChannelContent（sizeChartSourceVersion 保存技术来源）；src/data/pcs-channel-catalog.ts:validateChannelContent（来源须为当前款式的实际技术版本）；src/pages/pcs-channel-products.ts:renderDetailTab（链接工厂尺寸技术来源）；src/pages/pcs-channel-products.ts:renderEditor（选择实际技术版本）,tests/pcs-r1-channel-rules.test.ts :: CHAN-008 sales size chart source links to an actual same-style technical version and rejects foreign versions（evidence/contracts-final.log:67，通过）,已采集的页面及动作见 evidence/measurement-summary.json；按原始文件分组，不能推及未测动作。 相关列表/详情/Tab及基础保存已有证据；本条完整正常/边界动作须逐入口补齐五轮浏览器结果，不能由契约测试替代。,已实现待验证,current-requirement-evidence.json :: requirements[requirement_id=CHAN-008]；evidence/routes-after-reference-fix.json；evidence/tabs-release.json；evidence/saves-release.json；evidence/channel-copy-current.json；evidence/channel-platform-prices-current.json,用户已明确要求“按照《PCS 商品、物料与渠道店铺商品原型调整方案 R1》执行”；执行基线R1及已确认决策（E06）；本列为实施授权，不代表产品验收通过。
CHAN-009,../2026-10-04-product-material-domain-audit-v2/decision-register-2026-10-05.md E07; prototype-adjustment-proposal.md §11,E07,五类价格语义分别保存,WP07,src/data/pcs-channel-catalog-types.ts:ChannelPriceType（retail/regular/live/wholesale/clearance 五类语义）；src/data/pcs-channel-catalog.ts:saveChannelPrice（按价格类型独立保存，null 与 0 区分）；src/data/pcs-channel-catalog.ts:resolveChannelPrice（统一取得当前类型有效价）；src/pages/pcs-channel-products.ts:renderEditor（切换价格类型维护默认价/实例价）,"tests/pcs-r1-channel-rules.test.ts :: CHAN-009/010/011 five price types, defaults affect followers only and platform price overrides one instance（evidence/contracts-final.log:41，通过）；tests/pcs-r1-channel-rules.test.ts :: SYNC-001 clearing an optional supported price publishes null instead of retaining a stale platform amount（evidence/contracts-final.log:58，通过）",已采集的页面及动作见 evidence/measurement-summary.json；按原始文件分组，不能推及未测动作。 相关列表/详情/Tab及基础保存已有证据；本条完整正常/边界动作须逐入口补齐五轮浏览器结果，不能由契约测试替代。,已实现待验证,current-requirement-evidence.json :: requirements[requirement_id=CHAN-009]；evidence/routes-after-reference-fix.json；evidence/tabs-release.json；evidence/saves-release.json；evidence/channel-copy-current.json；evidence/channel-platform-prices-current.json,用户已明确要求“按照《PCS 商品、物料与渠道店铺商品原型调整方案 R1》执行”；执行基线R1及已确认决策（E07）；本列为实施授权，不代表产品验收通过。
CHAN-010,../2026-10-04-product-material-domain-audit-v2/decision-register-2026-10-05.md E08; prototype-adjustment-proposal.md §11,E08,同SKU外部实例默认同价且允许覆盖,WP07,src/data/pcs-channel-catalog.ts:saveChannelPrice（默认价按店铺+内部 SKU+价格类型，覆盖价按平台实例）；src/data/pcs-channel-catalog.ts:followChannelDefaultPrice（移除实例覆盖后跟随默认）；src/data/pcs-channel-catalog.ts:resolveChannelPrice（优先读取实例覆盖）,"tests/pcs-r1-channel-rules.test.ts :: CHAN-009/010/011 five price types, defaults affect followers only and platform price overrides one instance（evidence/contracts-final.log:41，通过）",已采集的页面及动作见 evidence/measurement-summary.json；按原始文件分组，不能推及未测动作。 相关列表/详情/Tab及基础保存已有证据；本条完整正常/边界动作须逐入口补齐五轮浏览器结果，不能由契约测试替代。,已实现待验证,current-requirement-evidence.json :: requirements[requirement_id=CHAN-010]；evidence/routes-after-reference-fix.json；evidence/tabs-release.json；evidence/saves-release.json；evidence/channel-copy-current.json；evidence/channel-platform-prices-current.json,用户已明确要求“按照《PCS 商品、物料与渠道店铺商品原型调整方案 R1》执行”；执行基线R1及已确认决策（E08）；本列为实施授权，不代表产品验收通过。
CHAN-011,../2026-10-04-product-material-domain-audit-v2/decision-register-2026-10-05.md E08; prototype-adjustment-proposal.md §11,E08,平台侧改单实例价形成该实例覆盖,WP07,src/data/pcs-channel-sync.ts:writePlatformValue（平台改单实例价保存该实例覆盖和平台来源）；src/data/pcs-channel-sync.ts:receiveChannelPlatformChange（按精确外部目标回传）,"tests/pcs-r1-channel-rules.test.ts :: CHAN-009/010/011 five price types, defaults affect followers only and platform price overrides one instance（evidence/contracts-final.log:41，通过）",已采集的页面及动作见 evidence/measurement-summary.json；按原始文件分组，不能推及未测动作。 相关列表/详情/Tab及基础保存已有证据；本条完整正常/边界动作须逐入口补齐五轮浏览器结果，不能由契约测试替代。,已实现待验证,current-requirement-evidence.json :: requirements[requirement_id=CHAN-011]；evidence/routes-after-reference-fix.json；evidence/tabs-release.json；evidence/saves-release.json；evidence/channel-copy-current.json；evidence/channel-platform-prices-current.json,用户已明确要求“按照《PCS 商品、物料与渠道店铺商品原型调整方案 R1》执行”；执行基线R1及已确认决策（E08）；本列为实施授权，不代表产品验收通过。
CHAN-012,../2026-10-04-product-material-domain-audit-v2/decision-register-2026-10-05.md E09; prototype-adjustment-proposal.md §11,E09,正式历史和新渠道明细都匹配内部SKU,WP07,src/data/pcs-channel-catalog.ts:validateChannelMapping（正式记录始终有内部 SKU）；src/data/pcs-channel-catalog.ts:previewChannelImport（预览完整映射与精确错误行）；src/data/pcs-channel-catalog.ts:importChannelRows（完整校验后写入正式记录）；src/data/pcs-channel-legacy-conversion.ts:convertLegacyChannelSnapshot（历史纯转换要求完整内部映射）,"tests/pcs-r1-channel-rules.test.ts :: CHAN-012 historic imports preserve string IDs and reject incomplete mapping without partial formal records（evidence/contracts-final.log:43，通过）；tests/pcs-r1-channel-rules.test.ts :: CHAN-004/012 import grouping rejects cross-style, duplicate instance and different PID titles with exact row errors（evidence/contracts-final.log:66，通过）",已采集的页面及动作见 evidence/measurement-summary.json；按原始文件分组，不能推及未测动作。 相关列表/详情/Tab及基础保存已有证据；本条完整正常/边界动作须逐入口补齐五轮浏览器结果，不能由契约测试替代。,已实现待验证,current-requirement-evidence.json :: requirements[requirement_id=CHAN-012]；evidence/routes-after-reference-fix.json；evidence/tabs-release.json；evidence/saves-release.json；evidence/channel-copy-current.json；evidence/channel-platform-prices-current.json,用户已明确要求“按照《PCS 商品、物料与渠道店铺商品原型调整方案 R1》执行”；执行基线R1及已确认决策（E09）；本列为实施授权，不代表产品验收通过。
CHAN-013,../2026-10-04-product-material-domain-audit-v2/decision-register-2026-10-05.md E10; prototype-adjustment-proposal.md §11,E10,测款渠道上架是可选来源入口,WP07,src/data/pcs-channel-catalog.ts:createChannelListing（来源测款单/动作可选）；src/data/pcs-channel-catalog.ts:bindChannelListingToTesting（复用同款 PID 建立测款动作引用）；src/data/pcs-testing-order-repository.ts:prepareTestingOrderChannelListing（选择具体店铺、同款已有 PID 或新建）；src/data/pcs-testing-order-repository.ts:completeTestingOrderChannelListing（读取渠道结果完成对应动作）,tests/pcs-r1-channel-rules.test.ts :: CHAN-013/SYNC-011 test order selection uses canonical listing and precise action; passing production stays independent（evidence/contracts-final.log:56，通过）,已采集的页面及动作见 evidence/measurement-summary.json；按原始文件分组，不能推及未测动作。 TO-0007已完成5轮来源校验/正确绑定/返回且旧提示清除；TO-0006完整发布回传走通1次。首次发布结果至直播测款完整五轮仍未完成。,已实现待验证,current-requirement-evidence.json :: requirements[requirement_id=CHAN-013]；evidence/routes-after-reference-fix.json；evidence/tabs-release.json；evidence/saves-release.json；evidence/channel-copy-current.json；evidence/channel-platform-prices-current.json；evidence/testing-channel-regression-current.json；evidence/testing-channel-flow-partial-current.json,用户已明确要求“按照《PCS 商品、物料与渠道店铺商品原型调整方案 R1》执行”；执行基线R1及已确认决策（E10）；本列为实施授权，不代表产品验收通过。
CHAN-014,../2026-10-04-product-material-domain-audit-v2/decision-register-2026-10-05.md E10; prototype-adjustment-proposal.md §11,E10,删除项目身份字段及必填依赖,WP07,src/data/pcs-channel-catalog-types.ts:ChannelListing（规范对象无 projectId 等开发项目身份）；src/data/pcs-channel-catalog.ts:createChannelListing（创建不要求项目归属）；src/data/pcs-project-domain-contract.ts:PcsProjectChannelProductRecord（旧投影类型移除四项项目身份）；src/data/pcs-channel-product-project-repository.ts:createProjectChannelProductFromListingNode（旧项目式写入口退役）；src/data/pcs-channel-product-project-repository.ts:completeProjectChannelListingNode（旧人工完成入口退役）；src/data/pcs-project-instance-model.ts:resolveChannelProductRelationObject（历史关系读规范刊登多规格事实）,"tests/pcs-r1-channel-rules.test.ts :: CHAN-014 legacy channel projection has no project identity or inventory, historical relations read canonical PID cardinality（evidence/contracts-final.log:45，通过）",已采集的页面及动作见 evidence/measurement-summary.json；按原始文件分组，不能推及未测动作。 本条限定的只读结构、排除边界或独立动作已满足证据；不表示整个模块完成。,已验证,current-requirement-evidence.json :: requirements[requirement_id=CHAN-014]；evidence/routes-after-reference-fix.json；evidence/tabs-release.json；evidence/saves-release.json；evidence/channel-copy-current.json；evidence/channel-platform-prices-current.json,用户已明确要求“按照《PCS 商品、物料与渠道店铺商品原型调整方案 R1》执行”；执行基线R1及已确认决策（E10）；本列为实施授权，不代表产品验收通过。
CHAN-015,../2026-10-04-product-material-domain-audit-v2/decision-register-2026-10-05.md E13; prototype-adjustment-proposal.md §11,E13,映射更正保存版本并保持旧订单快照,WP07,src/data/pcs-channel-catalog.ts:saveChannelVariant（映射更正要求原因并递增版本，追加 mappingHistory）；src/data/pcs-channel-catalog-types.ts:ChannelOrderReference（订单保留接单时 SKU 与映射版本）,tests/pcs-r1-channel-rules.test.ts :: CHAN-014/015/016 mapping correction versions preserve old fulfillment snapshots（evidence/contracts-final.log:44，通过）,已采集的页面及动作见 evidence/measurement-summary.json；按原始文件分组，不能推及未测动作。 相关列表/详情/Tab及基础保存已有证据；本条完整正常/边界动作须逐入口补齐五轮浏览器结果，不能由契约测试替代。,已实现待验证,current-requirement-evidence.json :: requirements[requirement_id=CHAN-015]；evidence/routes-after-reference-fix.json；evidence/tabs-release.json；evidence/saves-release.json；evidence/channel-copy-current.json；evidence/channel-platform-prices-current.json,用户已明确要求“按照《PCS 商品、物料与渠道店铺商品原型调整方案 R1》执行”；执行基线R1及已确认决策（E13）；本列为实施授权，不代表产品验收通过。
CHAN-016,../2026-10-04-product-material-domain-audit-v2/decision-register-2026-10-05.md E13; prototype-adjustment-proposal.md §11,E13,未完成履约受映射更正影响时移交OMS处理,WP07,src/data/pcs-channel-catalog.ts:listChannelAffectedOrders（读取履约中历史订单引用）；src/pages/pcs-channel-products.ts:renderDetailTab（规格映射 Tab 展示受影响引用并进入 OMS）,tests/pcs-r1-channel-rules.test.ts :: CHAN-014/015/016 mapping correction versions preserve old fulfillment snapshots（evidence/contracts-final.log:44，通过）,已采集的页面及动作见 evidence/measurement-summary.json；按原始文件分组，不能推及未测动作。 相关列表/详情/Tab及基础保存已有证据；本条完整正常/边界动作须逐入口补齐五轮浏览器结果，不能由契约测试替代。,已实现待验证,current-requirement-evidence.json :: requirements[requirement_id=CHAN-016]；evidence/routes-after-reference-fix.json；evidence/tabs-release.json；evidence/saves-release.json；evidence/channel-copy-current.json；evidence/channel-platform-prices-current.json,用户已明确要求“按照《PCS 商品、物料与渠道店铺商品原型调整方案 R1》执行”；执行基线R1及已确认决策（E13）；本列为实施授权，不代表产品验收通过。
CHAN-017,../2026-10-04-product-material-domain-audit-v2/decision-register-2026-10-05.md E07; prototype-adjustment-proposal.md §11,E07,价格有效期使用店铺时区,WP07,src/data/pcs-channel-catalog.ts:channelLocalDateToIso（按店铺时区解释本地有效期）；src/data/pcs-channel-catalog.ts:saveChannelPrice（开始/结束时间校验）；src/data/pcs-channel-catalog.ts:resolveChannelPrice（清仓到期回日常价）；src/data/pcs-channel-catalog.ts:createChannelPriceResolver（列表/导出索引复用相同价格语义）；src/pages/pcs-channel-products.ts:toLocalTime（编辑按店铺时区显示）,tests/pcs-r1-channel-rules.test.ts :: CHAN-017 clearance uses store time zone and expires into daily price（evidence/contracts-final.log:42，通过）,已采集的页面及动作见 evidence/measurement-summary.json；按原始文件分组，不能推及未测动作。 相关列表/详情/Tab及基础保存已有证据；本条完整正常/边界动作须逐入口补齐五轮浏览器结果，不能由契约测试替代。,已实现待验证,current-requirement-evidence.json :: requirements[requirement_id=CHAN-017]；evidence/routes-after-reference-fix.json；evidence/tabs-release.json；evidence/saves-release.json；evidence/channel-copy-current.json；evidence/channel-platform-prices-current.json,用户已明确要求“按照《PCS 商品、物料与渠道店铺商品原型调整方案 R1》执行”；执行基线R1及已确认决策（E07）；本列为实施授权，不代表产品验收通过。
CHAN-018,../2026-10-04-product-material-domain-audit-v2/decision-register-2026-10-05.md E01; prototype-adjustment-proposal.md §11,E01,店铺停用阻止新增刊登而保留历史,WP07,src/data/pcs-channel-store-repository.ts:setChannelStoreOperatingStatus（只改变经营配置）；src/data/pcs-channel-catalog.ts:createChannelListing（经营停用阻止新增）；src/data/pcs-channel-catalog.ts:assertChannelListingPublishable（经营停用阻止刊登）；src/pages/pcs-channel-stores.ts:storeTab（展示仍在售数量和处理入口）,"tests/pcs-r1-channel-rules.test.ts :: CHAN-001/002/003/018 current scopes, separate MYR sales/CNY settlement, inactive is not platform offline（evidence/contracts-final.log:29，通过）",已采集的页面及动作见 evidence/measurement-summary.json；按原始文件分组，不能推及未测动作。 相关列表/详情/Tab及基础保存已有证据；本条完整正常/边界动作须逐入口补齐五轮浏览器结果，不能由契约测试替代。,已实现待验证,current-requirement-evidence.json :: requirements[requirement_id=CHAN-018]；evidence/routes-after-reference-fix.json；evidence/tabs-release.json；evidence/saves-release.json；evidence/channel-copy-current.json；evidence/channel-platform-prices-current.json,用户已明确要求“按照《PCS 商品、物料与渠道店铺商品原型调整方案 R1》执行”；执行基线R1及已确认决策（E01）；本列为实施授权，不代表产品验收通过。
CHAN-019,../2026-10-04-product-material-domain-audit-v2/decision-register-2026-10-05.md E09; prototype-adjustment-proposal.md §11,E09,复制渠道商品清空原外部身份,WP07,src/data/pcs-channel-catalog.ts:copyChannelListing（新容器与实例清空外部身份、审核/发布结果）；src/pages/pcs-channel-products.ts:handlePcsChannelProductListEvent（选目标店铺后创建副本）,tests/pcs-r1-channel-rules.test.ts :: CHAN-019 copy has independent internal container and clears external identity/results（evidence/contracts-final.log:46，通过）,已采集的页面及动作见 evidence/measurement-summary.json；按原始文件分组，不能推及未测动作。 本条限定的只读结构、排除边界或独立动作已满足证据；不表示整个模块完成。,已验证,current-requirement-evidence.json :: requirements[requirement_id=CHAN-019]；evidence/routes-after-reference-fix.json；evidence/tabs-release.json；evidence/saves-release.json；evidence/channel-copy-current.json；evidence/channel-platform-prices-current.json,用户已明确要求“按照《PCS 商品、物料与渠道店铺商品原型调整方案 R1》执行”；执行基线R1及已确认决策（E09）；本列为实施授权，不代表产品验收通过。
SYNC-001,../2026-10-04-product-material-domain-audit-v2/decision-register-2026-10-05.md E11; prototype-adjustment-proposal.md §12,E11,正常PCS变更自动同步平台,WP08,src/data/pcs-channel-commands.ts:synchronizePublishedChannelChanges（普通已发布渠道变更形成自动同步范围）；src/data/pcs-channel-sync.ts:submitChannelSync（提交指定版本和字段范围）；src/data/pcs-channel-sync.ts:receiveChannelReceipt（按相应回执更新一致状态）；src/pages/pcs-channel-products.ts:saveEditor（保存动作后同步已发布差异）,tests/pcs-r1-channel-rules.test.ts :: SYNC-001/002 normal two-way changes synchronize immediately without asking to adopt（evidence/contracts-final.log:47，通过）；tests/pcs-r1-channel-rules.test.ts :: SYNC-001 clearing an optional supported price publishes null instead of retaining a stale platform amount（evidence/contracts-final.log:58，通过）,已采集的页面及动作见 evidence/measurement-summary.json；按原始文件分组，不能推及未测动作。 相关列表/详情/Tab及基础保存已有证据；本条完整正常/边界动作须逐入口补齐五轮浏览器结果，不能由契约测试替代。,已实现待验证,current-requirement-evidence.json :: requirements[requirement_id=SYNC-001]；evidence/channel-sync-cycles-current.json；evidence/channel-platform-prices-current.json；evidence/tabs-release.json；evidence/shared-wms-results.txt,用户已明确要求“按照《PCS 商品、物料与渠道店铺商品原型调整方案 R1》执行”；执行基线R1及已确认决策（E11）；本列为实施授权，不代表产品验收通过。
SYNC-002,../2026-10-04-product-material-domain-audit-v2/decision-register-2026-10-05.md E11; prototype-adjustment-proposal.md §12,E11,正常平台变更自动进入渠道记录,WP08,src/data/pcs-channel-sync.ts:receiveChannelPlatformChange（普通平台变更直接合并渠道记录）；src/data/pcs-channel-sync.ts:writePlatformValue（只写目标销售字段/实例价）；src/data/pcs-channel-sync.ts:recalculateSyncState（根据最新字段事实更新同步状态）,tests/pcs-r1-channel-rules.test.ts :: SYNC-001/002 normal two-way changes synchronize immediately without asking to adopt（evidence/contracts-final.log:47，通过）；tests/pcs-r1-channel-rules.test.ts :: SYNC-002/004 platform status-only observations are current facts and older status cannot overwrite them（evidence/contracts-final.log:50，通过）；tests/pcs-r1-channel-rules.test.ts :: SYNC-002/003 platform merge never approves a different pending PCS field; conflict choice sends only its field（evidence/contracts-final.log:57，通过）,已采集的页面及动作见 evidence/measurement-summary.json；按原始文件分组，不能推及未测动作。 相关列表/详情/Tab及基础保存已有证据；本条完整正常/边界动作须逐入口补齐五轮浏览器结果，不能由契约测试替代。,已实现待验证,current-requirement-evidence.json :: requirements[requirement_id=SYNC-002]；evidence/channel-sync-cycles-current.json；evidence/channel-platform-prices-current.json；evidence/tabs-release.json；evidence/shared-wms-results.txt,用户已明确要求“按照《PCS 商品、物料与渠道店铺商品原型调整方案 R1》执行”；执行基线R1及已确认决策（E11）；本列为实施授权，不代表产品验收通过。
SYNC-003,../2026-10-04-product-material-domain-audit-v2/decision-register-2026-10-05.md E11; prototype-adjustment-proposal.md §12,E11,同字段同时修改才进入差异处理,WP08,src/data/pcs-channel-sync.ts:receiveChannelPlatformChange（共同字段基线判断真正同字段差异）；src/data/pcs-channel-sync.ts:resolveChannelSyncConflict（按指定目标/字段选择最终值，不放行其他草稿）；src/pages/pcs-channel-products.ts:renderChannelSyncPanel（显示冲突双方及处理动作）,tests/pcs-r1-channel-rules.test.ts :: SYNC-003 concurrent same field requires resolution; different fields merge（evidence/contracts-final.log:48，通过）；tests/pcs-r1-channel-rules.test.ts :: SYNC-002/003 platform merge never approves a different pending PCS field; conflict choice sends only its field（evidence/contracts-final.log:57，通过）,已采集的页面及动作见 evidence/measurement-summary.json；按原始文件分组，不能推及未测动作。 相关列表/详情/Tab及基础保存已有证据；本条完整正常/边界动作须逐入口补齐五轮浏览器结果，不能由契约测试替代。,已实现待验证,current-requirement-evidence.json :: requirements[requirement_id=SYNC-003]；evidence/channel-sync-cycles-current.json；evidence/channel-platform-prices-current.json；evidence/tabs-release.json；evidence/shared-wms-results.txt,用户已明确要求“按照《PCS 商品、物料与渠道店铺商品原型调整方案 R1》执行”；执行基线R1及已确认决策（E11）；本列为实施授权，不代表产品验收通过。
SYNC-004,../2026-10-04-product-material-domain-audit-v2/decision-register-2026-10-05.md E11; prototype-adjustment-proposal.md §12,E11,旧回执不能覆盖新版本,WP08,src/data/pcs-channel-sync.ts:fieldVersion（读取当前字段版本）；src/data/pcs-channel-sync.ts:receiveChannelReceipt（迟到回执只记录历史，首创身份仍按真实回执保留）；src/data/pcs-channel-sync.ts:receiveChannelPlatformChange（较早平台观测不能覆盖新观测）,"tests/pcs-r1-channel-rules.test.ts :: SYNC-004/005 late receipt cannot overwrite new content, own event cannot loop（evidence/contracts-final.log:49，通过）；tests/pcs-r1-channel-rules.test.ts :: SYNC-002/004 platform status-only observations are current facts and older status cannot overwrite them（evidence/contracts-final.log:50，通过）；tests/pcs-r1-channel-rules.test.ts :: SYNC-004/007 late first-creation receipt preserves external identity without overwriting newer content（evidence/contracts-final.log:70，通过）",已采集的页面及动作见 evidence/measurement-summary.json；按原始文件分组，不能推及未测动作。 相关列表/详情/Tab及基础保存已有证据；本条完整正常/边界动作须逐入口补齐五轮浏览器结果，不能由契约测试替代。,已实现待验证,current-requirement-evidence.json :: requirements[requirement_id=SYNC-004]；evidence/channel-sync-cycles-current.json；evidence/channel-platform-prices-current.json；evidence/tabs-release.json；evidence/shared-wms-results.txt,用户已明确要求“按照《PCS 商品、物料与渠道店铺商品原型调整方案 R1》执行”；执行基线R1及已确认决策（E11）；本列为实施授权，不代表产品验收通过。
SYNC-005,../2026-10-04-product-material-domain-audit-v2/decision-register-2026-10-05.md E11; prototype-adjustment-proposal.md §12,E11,回传识别本次同步来源防止循环,WP08,src/data/pcs-channel-sync.ts:receiveChannelPlatformChange（sourceOperationId/eventId 识别自身回传）；src/data/pcs-channel-sync.ts:receiveChannelReceipt（processedEventIds 记录已处理回执）,"tests/pcs-r1-channel-rules.test.ts :: SYNC-004/005 late receipt cannot overwrite new content, own event cannot loop（evidence/contracts-final.log:49，通过）",已采集的页面及动作见 evidence/measurement-summary.json；按原始文件分组，不能推及未测动作。 相关列表/详情/Tab及基础保存已有证据；本条完整正常/边界动作须逐入口补齐五轮浏览器结果，不能由契约测试替代。,已实现待验证,current-requirement-evidence.json :: requirements[requirement_id=SYNC-005]；evidence/channel-sync-cycles-current.json；evidence/channel-platform-prices-current.json；evidence/tabs-release.json；evidence/shared-wms-results.txt,用户已明确要求“按照《PCS 商品、物料与渠道店铺商品原型调整方案 R1》执行”；执行基线R1及已确认决策（E11）；本列为实施授权，不代表产品验收通过。
SYNC-006,../2026-10-04-product-material-domain-audit-v2/decision-register-2026-10-05.md E11; prototype-adjustment-proposal.md §12,E11,部分失败只重试失败范围,WP08,src/data/pcs-channel-sync.ts:retryChannelFailedItems（仅重试原操作失败字段/实例）；src/data/pcs-channel-sync.ts:receiveChannelReceipt（保留已经成功的外部身份）；src/pages/pcs-channel-products.ts:renderChannelSyncPanel（逐项回执及精确重试入口）,"tests/pcs-r1-channel-rules.test.ts :: SYNC-006 partial failures retry exactly failed items, preserve successful external IDs（evidence/contracts-final.log:51，通过）；tests/pcs-r1-channel-rules.test.ts :: SYNC-008 unsupported fields remain explicit, never success（evidence/contracts-final.log:54，通过）",已采集的页面及动作见 evidence/measurement-summary.json；按原始文件分组，不能推及未测动作。 本条限定的只读结构、排除边界或独立动作已满足证据；不表示整个模块完成。,已验证,current-requirement-evidence.json :: requirements[requirement_id=SYNC-006]；evidence/channel-sync-cycles-current.json；evidence/channel-platform-prices-current.json；evidence/tabs-release.json；evidence/shared-wms-results.txt,用户已明确要求“按照《PCS 商品、物料与渠道店铺商品原型调整方案 R1》执行”；执行基线R1及已确认决策（E11）；本列为实施授权，不代表产品验收通过。
SYNC-007,../2026-10-04-product-material-domain-audit-v2/decision-register-2026-10-05.md E11; prototype-adjustment-proposal.md §12,E11,首次发布结果未知时先核实同次操作,WP08,src/data/pcs-channel-sync.ts:submitChannelSync（未知首创结果阻断新的创建提交）；src/data/pcs-channel-sync.ts:verifyUnknownChannelOperation（核实同次操作）；src/data/pcs-channel-sync.ts:receiveChannelReceipt（缺失或非文本平台身份不标成功）,tests/pcs-r1-channel-rules.test.ts :: SYNC-007 first publish unknown reuses same operation and duplicate submission does not mint two PIDs（evidence/contracts-final.log:53，通过）；tests/pcs-r1-channel-rules.test.ts :: SYNC-007/CHAN-005 incomplete or nontext external identity never becomes a successful formal publication（evidence/contracts-final.log:71，通过）；tests/pcs-r1-channel-rules.test.ts :: SYNC-004/007 late first-creation receipt preserves external identity without overwriting newer content（evidence/contracts-final.log:70，通过）,已采集的页面及动作见 evidence/measurement-summary.json；按原始文件分组，不能推及未测动作。 首次结果未知→核实已有1次功能证据；尚缺5次完整结果计时。,已实现待验证,current-requirement-evidence.json :: requirements[requirement_id=SYNC-007]；evidence/channel-sync-cycles-current.json；evidence/channel-platform-prices-current.json；evidence/tabs-release.json；evidence/shared-wms-results.txt；evidence/channel-first-publish-partial-current.json,用户已明确要求“按照《PCS 商品、物料与渠道店铺商品原型调整方案 R1》执行”；执行基线R1及已确认决策（E11）；本列为实施授权，不代表产品验收通过。
SYNC-008,../2026-10-04-product-material-domain-audit-v2/decision-register-2026-10-05.md E11; prototype-adjustment-proposal.md §12,E11,平台不支持字段不能标同步成功,WP08,src/data/pcs-channel-sync.ts:channelFieldSupported（原型平台字段支持范围）；src/data/pcs-channel-sync.ts:submitChannelSync（不支持项明确失败）；src/data/pcs-channel-sync.ts:retryChannelFailedItems（不盲目重试不支持项）；src/pages/pcs-channel-products.ts:renderChannelSyncPanel（呈现适用限制与逐项结果）,"tests/pcs-r1-channel-rules.test.ts :: SYNC-008 unsupported fields remain explicit, never success（evidence/contracts-final.log:54，通过）",已采集的页面及动作见 evidence/measurement-summary.json；按原始文件分组，不能推及未测动作。 相关列表/详情/Tab及基础保存已有证据；本条完整正常/边界动作须逐入口补齐五轮浏览器结果，不能由契约测试替代。,已实现待验证,current-requirement-evidence.json :: requirements[requirement_id=SYNC-008]；evidence/channel-sync-cycles-current.json；evidence/channel-platform-prices-current.json；evidence/tabs-release.json；evidence/shared-wms-results.txt,用户已明确要求“按照《PCS 商品、物料与渠道店铺商品原型调整方案 R1》执行”；执行基线R1及已确认决策（E11）；本列为实施授权，不代表产品验收通过。
SYNC-009,../2026-10-04-product-material-domain-audit-v2/decision-register-2026-10-05.md E12; prototype-adjustment-proposal.md §12,E12,多个外部实例共用同一WMS可售来源,WP08,src/data/pcs-channel-wms-projection.ts:getChannelWmsAvailability（按内部 SKU 精确读取 WLS 同一事实）；src/data/pcs-channel-wms-projection.ts:synchronizeChannelWmsAvailability（多个 PID/实例共用来源版本）；src/data/pcs-channel-sync.ts:recordSharedChannelAvailability（观测值逐实例相同，不汇总为库存）,"tests/pcs-r1-channel-rules.test.ts :: SYNC-009/010 same internal availability is shared observations, not multiplied or written to inventory（evidence/contracts-final.log:55，通过）；tests/pcs-r1-channel-rules.test.ts :: SYNC-009/010 fixed shared SKU reads the exact WLS source across two PIDs and three external instances（evidence/contracts-final.log:63，通过）；tests/pcs-r1-channel-rules.test.ts :: channel WLS source link applies an exact SKU filter on the existing warehouse page（evidence/contracts-final.log:64，通过）",已采集的页面及动作见 evidence/measurement-summary.json；按原始文件分组，不能推及未测动作。 相关列表/详情/Tab及基础保存已有证据；本条完整正常/边界动作须逐入口补齐五轮浏览器结果，不能由契约测试替代。,已实现待验证,current-requirement-evidence.json :: requirements[requirement_id=SYNC-009]；evidence/channel-sync-cycles-current.json；evidence/channel-platform-prices-current.json；evidence/tabs-release.json；evidence/shared-wms-results.txt,用户已明确要求“按照《PCS 商品、物料与渠道店铺商品原型调整方案 R1》执行”；执行基线R1及已确认决策（E12）；本列为实施授权，不代表产品验收通过。
SYNC-010,../2026-10-04-product-material-domain-audit-v2/decision-register-2026-10-05.md E12; prototype-adjustment-proposal.md §12,E12,平台回传数量不改WMS权威库存,WP08,src/data/pcs-channel-sync.ts:recordSharedChannelAvailability（仅保存回执观测和 WMS 来源）；src/data/pcs-channel-sync.ts:writePlatformValue（平台库存字段不进入物料/商品主档）；src/data/pcs-channel-wms-projection.ts:synchronizeChannelWmsAvailability（仅消费 WLS 事实，不反写仓储）,"tests/pcs-r1-channel-rules.test.ts :: SYNC-009/010 same internal availability is shared observations, not multiplied or written to inventory（evidence/contracts-final.log:55，通过）；tests/pcs-r1-channel-rules.test.ts :: SYNC-009/010 fixed shared SKU reads the exact WLS source across two PIDs and three external instances（evidence/contracts-final.log:63，通过）",已采集的页面及动作见 evidence/measurement-summary.json；按原始文件分组，不能推及未测动作。 相关列表/详情/Tab及基础保存已有证据；本条完整正常/边界动作须逐入口补齐五轮浏览器结果，不能由契约测试替代。,已实现待验证,current-requirement-evidence.json :: requirements[requirement_id=SYNC-010]；evidence/channel-sync-cycles-current.json；evidence/channel-platform-prices-current.json；evidence/tabs-release.json；evidence/shared-wms-results.txt,用户已明确要求“按照《PCS 商品、物料与渠道店铺商品原型调整方案 R1》执行”；执行基线R1及已确认决策（E12）；本列为实施授权，不代表产品验收通过。
SYNC-011,../2026-10-04-product-material-domain-audit-v2/decision-register-2026-10-05.md E10; prototype-adjustment-proposal.md §12,E10,发布结果返回准确测款上架动作,WP08,src/data/pcs-channel-sync.ts:getTestingChannelListingResults（按测款单与上架动作双重匹配）；src/data/pcs-channel-catalog.ts:bindChannelListingToTesting（复用刊登保留独立动作引用）；src/data/pcs-testing-order-repository.ts:completeTestingOrderChannelListing（按当前测款动作取刊登完成结果）；src/pages/pcs-channel-products.ts:renderDetailTab（来源 Tab 回到测款单）,tests/pcs-r1-channel-rules.test.ts :: CHAN-013/SYNC-011 test order selection uses canonical listing and precise action; passing production stays independent（evidence/contracts-final.log:56，通过）,已采集的页面及动作见 evidence/measurement-summary.json；按原始文件分组，不能推及未测动作。 5个测款来源动作各自保留且返回不残留错误已验证；仅1轮完整回执，首次发布受停用SKU/原生确认处理受限而未完成五轮。,已实现待验证,current-requirement-evidence.json :: requirements[requirement_id=SYNC-011]；evidence/channel-sync-cycles-current.json；evidence/channel-platform-prices-current.json；evidence/tabs-release.json；evidence/shared-wms-results.txt；evidence/testing-channel-regression-current.json；evidence/testing-channel-flow-partial-current.json,用户已明确要求“按照《PCS 商品、物料与渠道店铺商品原型调整方案 R1》执行”；执行基线R1及已确认决策（E10）；本列为实施授权，不代表产品验收通过。
SYNC-012,../2026-10-04-product-material-domain-audit-v2/decision-register-2026-10-05.md E11; prototype-adjustment-proposal.md §12,E11,演示同步与真实API能力分开标示,WP08,src/pages/pcs-channel-products.ts:renderChannelSyncPanel（固定可见原型演示回执与未连接真实平台 API 文案）；src/data/pcs-channel-sync.ts:demoChannelReceipt（生成有 demo 身份的演示回执）；src/data/pcs-channel-catalog-types.ts:ChannelSyncOperation（明确 demo 标识）；src/pages/pcs-channel-stores.ts:initStoreForm（默认连接说明标明演示）,"tests/pcs-r1-channel-rules.test.ts :: page structure has independent list/detail/edit and explicit demo sync, no inventory editor or browser maintenance（evidence/contracts-final.log:61，通过）；tests/pcs-r1-channel-rules.test.ts :: fixed current prototype scenarios expose success, partial, late, concurrent and unknown receipts（evidence/contracts-final.log:62，通过）",已采集的页面及动作见 evidence/measurement-summary.json；按原始文件分组，不能推及未测动作。 本条限定的只读结构、排除边界或独立动作已满足证据；不表示整个模块完成。,已验证,current-requirement-evidence.json :: requirements[requirement_id=SYNC-012]；evidence/channel-sync-cycles-current.json；evidence/channel-platform-prices-current.json；evidence/tabs-release.json；evidence/shared-wms-results.txt,用户已明确要求“按照《PCS 商品、物料与渠道店铺商品原型调整方案 R1》执行”；执行基线R1及已确认决策（E11）；本列为实施授权，不代表产品验收通过。
BRIDGE-001,../2026-10-04-product-material-domain-audit-v2/decision-register-2026-10-05.md C03; prototype-adjustment-proposal.md §9.3/§12.4,C03,多色纱线通过技术BOM保存多投入,WP09,src/data/pcs-engineering-bom-legacy-intent.ts:projectLegacySkuMaterialIntent（每条意向独立来源 ID/材料 SKU/数量/单位；多种纱线不折叠成一个主前驱。）；src/data/pcs-technical-data-version-repository.ts:getTechnicalDataVersionContent（草稿只读投影尚未承接的 SKU 意向。）；src/data/pcs-project-technical-data-writeback.ts:saveTechnicalDataVersionContent（显式保存技术草稿时记承接来源 ID，不回写 SKU。）,"tests/pcs-r1-bom-cost.test.ts :: BRIDGE multiple yarn intentions remain separate technical inputs, project once and preserve source SKU（evidence/contracts-final.log:11，通过）",已采集的页面及动作见 evidence/measurement-summary.json；按原始文件分组，不能推及未测动作。 相关列表/详情/Tab及基础保存已有证据；本条完整正常/边界动作须逐入口补齐五轮浏览器结果，不能由契约测试替代。,已实现待验证,current-requirement-evidence.json :: requirements[requirement_id=BRIDGE-001]；evidence/wool-pda-release.json；evidence/wool-print-release.json；evidence/wool-stages.log,用户已明确要求“按照《PCS 商品、物料与渠道店铺商品原型调整方案 R1》执行”；执行基线R1及已确认决策（C03）；本列为实施授权，不代表产品验收通过。
BRIDGE-002,../2026-10-04-product-material-domain-audit-v2/decision-register-2026-10-05.md C03; prototype-adjustment-proposal.md §9.3/§12.4,C03,毛织部位片复用既有产出对象,WP09,src/data/fcs/wool-domain/piece-source.ts:extractWoolPieceSources；src/data/fcs/wool-domain/types.ts:WoolExternalPiece；src/pages/process-factory/wool/handover-print.ts:renderCraftWoolHandoverPrintPage,tests/pcs-r1-bom-cost.test.ts :: BRIDGE-002/003 multi-color yarn keeps both technical inputs and separates panel from garment output（evidence/contracts-final.log:13，通过）,已采集的页面及动作见 evidence/measurement-summary.json；按原始文件分组，不能推及未测动作。 毛织打印/PDA既有对象已显示；关联横机成片建单与实交全过程尚缺页面五轮。,已实现待验证,current-requirement-evidence.json :: requirements[requirement_id=BRIDGE-002]；evidence/wool-pda-release.json；evidence/wool-print-release.json；evidence/wool-stages.log,用户已明确要求“按照《PCS 商品、物料与渠道店铺商品原型调整方案 R1》执行”；执行基线R1及已确认决策（C03）；本列为实施授权，不代表产品验收通过。
BRIDGE-003,../2026-10-04-product-material-domain-audit-v2/decision-register-2026-10-05.md C03; prototype-adjustment-proposal.md §9.3/§12.4,C03,kg片件各按真实对象使用,WP09,src/data/fcs/wool-domain/types.ts；src/data/pcs-engineering-bom-types.ts；src/pages/pda-wool-fact-execution.ts:renderPdaWoolFactContent,tests/pcs-r1-bom-cost.test.ts :: BRIDGE-002/003 multi-color yarn keeps both technical inputs and separates panel from garment output（evidence/contracts-final.log:13，通过）,已采集的页面及动作见 evidence/measurement-summary.json；按原始文件分组，不能推及未测动作。 多纱BOM专项及毛织片/件页面已核对；KG采购至片/件产出完整操作仍待补齐。,已实现待验证,current-requirement-evidence.json :: requirements[requirement_id=BRIDGE-003]；evidence/wool-pda-release.json；evidence/wool-print-release.json；evidence/wool-stages.log,用户已明确要求“按照《PCS 商品、物料与渠道店铺商品原型调整方案 R1》执行”；执行基线R1及已确认决策（C03）；本列为实施授权，不代表产品验收通过。
BRIDGE-004,../2026-10-04-product-material-domain-audit-v2/decision-register-2026-10-05.md C03; prototype-adjustment-proposal.md §9.3/§12.4,C03,横机报告不等于缝盘完成,WP09,src/data/fcs/wool-domain/commands.ts:addWoolProcessReport/completeWoolWorkOrder；src/data/fcs/wool-domain/queries.ts:getWoolProcessingStatus,scripts/check-wool-two-stage-flow.ts :: A11/14 阶段完成独立且缝盘不能关联设备（evidence/wool-stages.log:9，通过）,已采集的页面及动作见 evidence/measurement-summary.json；按原始文件分组，不能推及未测动作。 9项毛织两阶段契约通过；横机报告至缝盘动作的连续浏览器验证待补齐。,已实现待验证,current-requirement-evidence.json :: requirements[requirement_id=BRIDGE-004]；evidence/wool-pda-release.json；evidence/wool-print-release.json；evidence/wool-stages.log,用户已明确要求“按照《PCS 商品、物料与渠道店铺商品原型调整方案 R1》执行”；执行基线R1及已确认决策（C03）；本列为实施授权，不代表产品验收通过。
BRIDGE-005,../2026-10-04-product-material-domain-audit-v2/decision-register-2026-10-05.md C01; prototype-adjustment-proposal.md §9.3/§12.4,C01,设计改款可连续染色再印花,WP09,src/data/pcs-design-revision-material-sku.ts:resolveDesignRevisionMaterialSku；src/data/pcs-material-archive-repository.ts:createProcessedMaterialSku,tests/pcs-r1-material-rules.test.ts :: BRIDGE-005: one canonical target retains both dye and print with each direct predecessor（evidence/contracts-final.log:151，通过）；tests/unit/pcs-design-revision-current-flow.test.ts :: 目标 SKU 的四种加工组合、前序实物和 BOM Q 均按已建档字段读取（evidence/contracts-final.log:281，通过）；tests/unit/pcs-design-revision-current-flow.test.ts :: 加工按物料行及实际阶段执行：纯染行与先染后印行独立串联（evidence/contracts-final.log:287，通过）；tests/unit/fcs-design-revision-result-readiness.test.ts :: 先染后印目标 SKU 创建两段加工单，印花只接收本行染后物料而不能跳过染色（evidence/contracts-final.log:275，通过）,已采集的页面及动作见 evidence/measurement-summary.json；按原始文件分组，不能推及未测动作。 设计改款现有流程专项通过；连续染后印建单、回传和BOM引用页面五轮待补齐。,已实现待验证,current-requirement-evidence.json :: requirements[requirement_id=BRIDGE-005]；evidence/wool-pda-release.json；evidence/wool-print-release.json；evidence/wool-stages.log,用户已明确要求“按照《PCS 商品、物料与渠道店铺商品原型调整方案 R1》执行”；执行基线R1及已确认决策（C01）；本列为实施授权，不代表产品验收通过。
BRIDGE-006,../2026-10-04-product-material-domain-audit-v2/decision-register-2026-10-05.md E10; prototype-adjustment-proposal.md §9.3/§12.4,E10,先上架测款不解除生产准备业务门槛,WP09,src/data/pcs-testing-order-repository.ts；src/data/pcs-channel-sync.ts；tests/pcs-r1-channel-rules.test.ts,tests/pcs-r1-channel-rules.test.ts :: CHAN-013/SYNC-011 test order selection uses canonical listing and precise action; passing production stays independent（evidence/contracts-final.log:56，通过）,已采集的页面及动作见 evidence/measurement-summary.json；按原始文件分组，不能推及未测动作。 测款上架与生产准备门槛专项通过；两入口的连续页面五轮待补齐。,已实现待验证,current-requirement-evidence.json :: requirements[requirement_id=BRIDGE-006]；evidence/wool-pda-release.json；evidence/wool-print-release.json；evidence/wool-stages.log；evidence/testing-channel-regression-current.json；evidence/testing-channel-flow-partial-current.json,用户已明确要求“按照《PCS 商品、物料与渠道店铺商品原型调整方案 R1》执行”；执行基线R1及已确认决策（E10）；本列为实施授权，不代表产品验收通过。
GOV-001,../2026-10-04-product-material-domain-audit-v2/decision-register-2026-10-05.md F01; prototype-adjustment-proposal.md §4/§13/§14,F01,同一操作人可以维护并审核,WP10,src/data/pcs-material-archive-repository.ts:setMaterialApproval；src/pages/pcs-material-archives.ts:handlePcsMaterialArchiveEvent；src/data/pcs-material-config.ts:saveMaterialTemplateVersion（记录实际操作者维护草稿。）；src/data/pcs-material-config.ts:approveMaterialTemplate（审核指定草稿，不因操作者等于创建人阻断。）；src/pages/pcs-config-workspace.ts:handlePcsConfigWorkspaceEvent（维护和审核均走明确动作及原子存储命令。）；src/data/pcs-product-archive-commands.ts:reviewProductArchive（同一演示操作者可审核）；src/data/pcs-product-archive-rules.ts:PCS_DEMO_OPERATOR_ID（原型操作者身份）；src/data/pcs-config-dimensions.ts:ConfigLog（配置日志保留稳定人员 ID 与显示名称）；src/data/pcs-config-workspace-repository.ts:appendOptionLog（字典项新增动作记录当前原型操作者 ID）；src/data/pcs-config-workspace-repository.ts:appendCategoryLog（分类新增动作记录当前原型操作者 ID）；src/data/pcs-material-config.ts:materialConfigLog（物料模板、单位和工艺新增动作记录当前原型操作者 ID）,tests/pcs-r1-material-rules.test.ts :: MAT: identities approve without price; same operator; unrelated older SKU remains approved（evidence/contracts-final.log:147，通过）；tests/pcs-r1-config.test.ts :: template editing and approval preserve versions already referenced by material roots（evidence/contracts-final.log:90，通过）；tests/pcs-r1-product-rules.test.ts :: PROD-002/003 first SKU reviews with style and enablement is independent of technical package（evidence/contracts-final.log:208，通过）；tests/pcs-r1-product-rules.test.ts :: GOV-005/006/007/009/014 persist one operator identity and before/after audit through approval（evidence/contracts-final.log:230，通过）,已采集的页面及动作见 evidence/measurement-summary.json；按原始文件分组，不能推及未测动作。 同人提交/审核材料主档和基础SKU已走通1次；尚缺5次及商品端同类动作。,已实现待验证,current-requirement-evidence.json :: requirements[requirement_id=GOV-001]；evidence/routes-release.json；evidence/saves-release.json；evidence/idb-browser-cohort256-final.json；evidence/list-extra-release.json,用户已明确要求“按照《PCS 商品、物料与渠道店铺商品原型调整方案 R1》执行”；执行基线R1及已确认决策（F01）；本列为实施授权，不代表产品验收通过。
GOV-002,../2026-10-04-product-material-domain-audit-v2/decision-register-2026-10-05.md F02; prototype-adjustment-proposal.md §4/§13/§14,F02,主档和首批SKU可一并审核,WP10,src/data/pcs-material-archive-repository.ts:setMaterialApproval；src/data/pcs-material-archive-repository.ts:runMaterialApprovalBatch；src/data/pcs-product-archive-commands.ts:submitProductForApproval（首批规格随主档提交）；src/data/pcs-product-archive-commands.ts:reviewProductArchive（款式与首批审核）,tests/pcs-r1-material-review-regressions.test.ts :: GOV-022: each selected root and its child SKUs succeed or fail together（evidence/contracts-final.log:136，通过）；tests/pcs-r1-product-rules.test.ts :: PROD-002/003 first SKU reviews with style and enablement is independent of technical package（evidence/contracts-final.log:208，通过）,已采集的页面及动作见 evidence/measurement-summary.json；按原始文件分组，不能推及未测动作。 主档和首批SKU合审已走通1次；尚缺5次及商品端同类动作。,已实现待验证,current-requirement-evidence.json :: requirements[requirement_id=GOV-002]；evidence/routes-release.json；evidence/saves-release.json；evidence/idb-browser-cohort256-final.json；evidence/list-extra-release.json,用户已明确要求“按照《PCS 商品、物料与渠道店铺商品原型调整方案 R1》执行”；执行基线R1及已确认决策（F02）；本列为实施授权，不代表产品验收通过。
GOV-003,../2026-10-04-product-material-domain-audit-v2/decision-register-2026-10-05.md F02; prototype-adjustment-proposal.md §4/§13/§14,F02,后加SKU独立审核,WP10,src/data/pcs-material-archive-repository.ts:setMaterialApproval；src/pages/pcs-material-archives.ts:renderPcsMaterialSkuDetailPage；src/data/pcs-product-archive-commands.ts:submitProductForApproval（新增规格单独提交）；src/data/pcs-product-archive-commands.ts:reviewProductArchive（独立 SKU 审核）,tests/pcs-r1-material-rules.test.ts :: MAT: identities approve without price; same operator; unrelated older SKU remains approved（evidence/contracts-final.log:147，通过）；tests/pcs-r1-product-rules.test.ts :: PROD-003 later SKU has independent review and no publishing side effect（evidence/contracts-final.log:209，通过）,已采集的页面及动作见 evidence/measurement-summary.json；按原始文件分组，不能推及未测动作。 相关列表/详情/Tab及基础保存已有证据；本条完整正常/边界动作须逐入口补齐五轮浏览器结果，不能由契约测试替代。,已实现待验证,current-requirement-evidence.json :: requirements[requirement_id=GOV-003]；evidence/routes-release.json；evidence/saves-release.json；evidence/idb-browser-cohort256-final.json；evidence/list-extra-release.json,用户已明确要求“按照《PCS 商品、物料与渠道店铺商品原型调整方案 R1》执行”；执行基线R1及已确认决策（F02）；本列为实施授权，不代表产品验收通过。
GOV-004,../2026-10-04-product-material-domain-audit-v2/decision-register-2026-10-05.md F03; prototype-adjustment-proposal.md §4/§13/§14,F03,身份资料完整性与成本完整性分开,WP10,src/data/pcs-material-archive-repository.ts:setMaterialApproval；src/data/pcs-material-archive-repository.ts:getMaterialStandardCost；src/pages/pcs-material-archives.ts:renderPcsMaterialSkuDetailPage,tests/pcs-r1-material-rules.test.ts :: MAT: identities approve without price; same operator; unrelated older SKU remains approved（evidence/contracts-final.log:147，通过）；tests/pcs-r1-material-rules.test.ts :: COST: zero is complete; null is missing; display rates do not produce versions（evidence/contracts-final.log:143，通过）,已采集的页面及动作见 evidence/measurement-summary.json；按原始文件分组，不能推及未测动作。 相关列表/详情/Tab及基础保存已有证据；本条完整正常/边界动作须逐入口补齐五轮浏览器结果，不能由契约测试替代。,已实现待验证,current-requirement-evidence.json :: requirements[requirement_id=GOV-004]；evidence/routes-release.json；evidence/saves-release.json；evidence/idb-browser-cohort256-final.json；evidence/list-extra-release.json,用户已明确要求“按照《PCS 商品、物料与渠道店铺商品原型调整方案 R1》执行”；执行基线R1及已确认决策（F03）；本列为实施授权，不代表产品验收通过。
GOV-005,../2026-10-04-product-material-domain-audit-v2/decision-register-2026-10-05.md F04; prototype-adjustment-proposal.md §4/§13/§14,F04,名称翻译修正留痕但不换身份,WP10,src/data/pcs-material-archive-repository.ts:updateMaterialArchive；src/data/pcs-material-archive-repository.ts:updateMaterialSkuRecord；src/data/pcs-material-archive-repository.ts:log；src/pages/pcs-material-archives.ts:renderLogs；src/data/pcs-config-workspace-repository.ts:saveConfigDimensionOption（更新名称、翻译等属性沿用 ID，记录变更日志；已引用代码不能改。）；src/data/pcs-config-workspace-repository.ts:normalizeOption（历史编号标签分解但保留旧值别名。）；src/data/pcs-technical-data-version-repository.ts:freezePublishedTechnicalDataVersionBomPricingSnapshot（技术版本历史材料成本不随当前配置变化重建。）；src/data/pcs-product-archive-rules.ts:completeProductArchiveAudit（同 ID 的字段前后值日志）；src/data/pcs-product-archive-commands.ts:saveProductStyleDraft（商品名称/翻译保存）；src/data/pcs-product-archive-commands.ts:saveProductSkuDraft（规格名称/翻译保存）,tests/pcs-r1-config.test.ts :: configuration references are counted from current records and disabling retains history（evidence/contracts-final.log:87，通过）；tests/pcs-r1-config.test.ts :: legacy custom configuration and stable IDs survive category-number field rename（evidence/contracts-final.log:86，通过）；tests/pcs-r1-bom-cost.test.ts :: COST technical draft page reads current standard; publish freezes once and activation reuses it after price/FX changes（evidence/contracts-final.log:9，通过）；tests/pcs-r1-product-rules.test.ts :: GOV-005/006/007/009/014 persist one operator identity and before/after audit through approval（evidence/contracts-final.log:230，通过）；tests/pcs-r1-product-rules.test.ts :: STYLE-004/021 and SKU-005 preserve multilingual names and verified responsible person without channel writes（evidence/contracts-final.log:221，通过）；tests/pcs-r1-material-review-regressions.test.ts :: GOV-005: editing an approved material name or remark preserves exact locked technical values（evidence/contracts-final.log:130，通过）,已采集的页面及动作见 evidence/measurement-summary.json；按原始文件分组，不能推及未测动作。 已审核物料名称/备注保存误判已修复，保存5次刷新正确；其余翻译修订路径仍按本条补验。,已实现待验证,current-requirement-evidence.json :: requirements[requirement_id=GOV-005]；evidence/routes-release.json；evidence/saves-release.json；evidence/idb-browser-cohort256-final.json；evidence/list-extra-release.json,用户已明确要求“按照《PCS 商品、物料与渠道店铺商品原型调整方案 R1》执行”；执行基线R1及已确认决策（F04）；本列为实施授权，不代表产品验收通过。
GOV-006,../2026-10-04-product-material-domain-audit-v2/decision-register-2026-10-05.md F05; prototype-adjustment-proposal.md §4/§13/§14,F05,停用不自动终止在途或下架渠道,WP10,src/data/pcs-material-archive-repository.ts:setMaterialUseStatus；src/pages/pcs-material-archives.ts:handlePcsMaterialArchiveEvent；src/data/pcs-product-archive-commands.ts:setProductLifecycle（只修改档案使用状态）；src/data/pcs-engineering-bom-pricing.ts:prepareEngineeringBomMaterialLine；src/data/pcs-engineering-bom-repository.ts:saveEngineeringBomVersion；src/pages/pcs-technical-data.ts:allMaterialSkuOptions,"tests/pcs-r1-product-rules.test.ts :: PROD-012 lifecycle status never derives activation from current tech version（evidence/contracts-final.log:218，通过）；tests/pcs-r1-bom-cost.test.ts :: GOV-006 BOM new selection and save reject an unavailable SKU or parent without changing saved lines（evidence/contracts-final.log:5，通过）；tests/pcs-r1-bom-cost.test.ts :: GOV-006 stopping a material preserves an existing BOM line but blocks adding or replacing a line（evidence/contracts-final.log:6，通过）；tests/pcs-r1-bom-cost.test.ts :: GOV-006 technical BOM edits retain an existing stopped material while new material selection stays guarded（evidence/contracts-final.log:7，通过）；tests/pcs-r1-material-plans.test.ts :: GOV-006 new process selection, handoff and save reject unavailable input, target or parent archive（evidence/contracts-final.log:119，通过）；tests/pcs-r1-material-plans.test.ts :: GOV-006 stopping material later preserves the saved plan and its adopted process version（evidence/contracts-final.log:120，通过）；tests/pcs-r1-pms-purchase-draft.test.ts :: GOV-006 an inactive parent blocks a new purchase but keeps the existing purchase and unit snapshot usable（evidence/contracts-final.log:192，通过）",已采集的页面及动作见 evidence/measurement-summary.json；按原始文件分组，不能推及未测动作。 新选用必须同时满足主档及直接投入/目标SKU已审核启用；已有加工计划和采购草稿保持原快照的回归已通过；BOM新增/替换也同时校验主档与SKU，原有行继续维护。当前浏览器确认窗口仍未恢复，修复后的相关入口五轮尚未补齐。,已实现待验证,current-requirement-evidence.json :: requirements[requirement_id=GOV-006]；evidence/routes-release.json；evidence/saves-release.json；evidence/idb-browser-cohort256-final.json；evidence/list-extra-release.json；evidence/material-new-use-before-fix.log；evidence/material-new-use-after-fix.log；evidence/bom-new-use-before-fix.log；evidence/bom-new-use-after-fix.log,用户已明确要求“按照《PCS 商品、物料与渠道店铺商品原型调整方案 R1》执行”；执行基线R1及已确认决策（F05）；本列为实施授权，不代表产品验收通过。
GOV-007,../2026-10-04-product-material-domain-audit-v2/decision-register-2026-10-05.md F06; prototype-adjustment-proposal.md §4/§13/§14,F06,不建设历史坏数据治理或待匹配正式队列,WP10,src/pages/pcs-material-archives.ts:renderListPage；src/pages/pcs-material-archives.ts:renderTransfer,不适用：明确排除的业务范围；反向源码和当前页面核查无新增历史异常治理入口。,已采集的页面及动作见 evidence/measurement-summary.json；按原始文件分组，不能推及未测动作。 本条限定的只读结构、排除边界或独立动作已满足证据；不表示整个模块完成。,已验证,current-requirement-evidence.json :: requirements[requirement_id=GOV-007]；evidence/routes-release.json；evidence/saves-release.json；evidence/idb-browser-cohort256-final.json；evidence/list-extra-release.json,用户已明确要求“按照《PCS 商品、物料与渠道店铺商品原型调整方案 R1》执行”；执行基线R1及已确认决策（F06）；本列为实施授权，不代表产品验收通过。
GOV-008,../2026-10-04-product-material-domain-audit-v2/decision-register-2026-10-05.md F07; prototype-adjustment-proposal.md §4/§13/§14,F07,业务导入先预览再按主对象原子保存,WP10,src/data/pcs-material-transfer.ts:previewMaterialBusinessImport；src/data/pcs-material-transfer.ts:runMaterialBusinessImportBatch；src/data/pcs-material-transfer.ts:applyMaterialBusinessImportGroup；src/pages/pcs-material-archives.ts:confirmMaterialTransfer；src/pages/pcs-material-archives.ts:renderMaterialImportResults；src/data/pcs-material-archive-repository.ts:withMaterialArchiveMutationBatch；src/pages/pcs-product-archives.ts:importPreview（逐行导入预览）；src/pages/pcs-product-archives.ts:handlePcsProductArchiveEvent（按主对象提交）；src/data/pcs-record-runtime.ts:runPcsRecordCommand（对象级动作事务）,"tests/pcs-r1-material-transfer.test.ts :: GOV-008: material CSV handles Unicode, quoted commas, quotes and newlines（evidence/contracts-final.log:169，通过）；tests/pcs-r1-material-transfer.test.ts :: GOV-008: full root group previews without writes and commits once with every child（evidence/contracts-final.log:170，通过）；tests/pcs-r1-material-transfer.test.ts :: GOV-008: one bad row blocks the whole parent while a different valid group remains eligible（evidence/contracts-final.log:171，通过）；tests/pcs-r1-material-transfer.test.ts :: GOV-008: a save failure after preview publishes neither parent nor earlier children（evidence/contracts-final.log:172，通过）；tests/pcs-r1-material-transfer.test.ts :: MAT/CODE: CSV stages use the preceding row actual generated SKU（evidence/contracts-final.log:173，通过）；tests/pcs-r1-material-transfer.test.ts :: UOM/COST: CSV rejects nonpositive relation and preserves an explicit zero cost（evidence/contracts-final.log:174，通过）；tests/pcs-r1-material-import-commit.test.ts :: GOV-008: a middle group persistence failure preserves other groups and retry skips saved roots（evidence/contracts-final.log:111，通过）；tests/pcs-r1-material-import-commit.test.ts :: GOV-008: a late child failure rolls back its entire root and keeps the exact failed line（evidence/contracts-final.log:112，通过）；tests/pcs-r1-material-import-commit.test.ts :: GOV-008: prepared groups commit without full preview replay and invalid rows stay visible（evidence/contracts-final.log:113，通过）；tests/pcs-r1-material-import-commit.test.ts :: GOV-008: the next import group and success result wait for transaction completion（evidence/contracts-final.log:114，通过）",已采集的页面及动作见 evidence/measurement-summary.json；按原始文件分组，不能推及未测动作。 浏览器选择1000行合成CSV文件时返回用户拒绝许可；未重试或绕过。100/1000行各5轮导入未闭环。,已阻塞,current-requirement-evidence.json :: requirements[requirement_id=GOV-008]；evidence/routes-release.json；evidence/saves-release.json；evidence/idb-browser-cohort256-final.json；evidence/list-extra-release.json,用户已明确要求“按照《PCS 商品、物料与渠道店铺商品原型调整方案 R1》执行”；执行基线R1及已确认决策（F07）；本列为实施授权，不代表产品验收通过。
GOV-009,../2026-10-04-product-material-domain-audit-v2/decision-register-2026-10-05.md F07; prototype-adjustment-proposal.md §4/§13/§14,F07,导出覆盖筛选的全部匹配记录,WP10,src/pages/pcs-material-archives.ts:filteredRoots；src/pages/pcs-material-archives.ts:filteredSkus；src/pages/pcs-material-archives.ts:handlePcsMaterialArchiveEvent；src/data/pcs-material-transfer.ts:exportMaterialBusinessRows；src/pages/pcs-product-archives.ts:filteredRows（完整筛选结果）；src/pages/pcs-product-archives.ts:exportList（导出全筛选行）,"tests/pcs-r1-material-transfer.test.ts :: GOV-027: business exports honor all selected identities without stock or supplier fields（evidence/contracts-final.log:175，通过）；tests/pcs-r1-material-transfer.test.ts :: GOV-027: image columns reject bytes and temporary URLs, while empty root exports remain visible（evidence/contracts-final.log:176，通过）",已采集的页面及动作见 evidence/measurement-summary.json；按原始文件分组，不能推及未测动作。 导出范围专项通过；全部入口筛选后实际下载内容与五轮耗时待补齐。,已实现待验证,current-requirement-evidence.json :: requirements[requirement_id=GOV-009]；evidence/routes-release.json；evidence/saves-release.json；evidence/idb-browser-cohort256-final.json；evidence/list-extra-release.json,用户已明确要求“按照《PCS 商品、物料与渠道店铺商品原型调整方案 R1》执行”；执行基线R1及已确认决策（F07）；本列为实施授权，不代表产品验收通过。
GOV-010,../2026-10-04-product-material-domain-audit-v2/decision-register-2026-10-05.md F07; prototype-adjustment-proposal.md §4/§13/§14,F07,真实图片可预览和打印,WP10,src/pages/pcs-material-archives.ts:image；src/pages/pcs-material-archives.ts:renderAssets；src/pages/pcs-material-archives.ts:renderOverlay；src/data/pcs-material-archive-repository.ts:addMaterialAsset；src/pages/pcs-product-archives.ts:photo（列表/详情真实图与大图）；src/pages/pcs-product-archives.ts:handlePcsProductArchiveInput（图片选择引用）；src/pages/pcs-product-archives.ts:overlays（放大图片）,"tests/pcs-r1-material-rules.test.ts :: MAT-012: registered file previews pass image validation while temporary blobs do not（evidence/contracts-final.log:160，通过）；tests/pcs-r1-material-transfer.test.ts :: GOV-027: image columns reject bytes and temporary URLs, while empty root exports remain visible（evidence/contracts-final.log:176，通过）；tests/pcs-r1-product-rules.test.ts :: STYLE-024 image purposes preserve gallery ordering when the archive is copied（evidence/contracts-final.log:226，通过）",已采集的页面及动作见 evidence/measurement-summary.json；按原始文件分组，不能推及未测动作。 列表缩略图、款式大图、物料标签已查看；实物扫码/打印及所有图片入口尚未全验。,已实现待验证,current-requirement-evidence.json :: requirements[requirement_id=GOV-010]；evidence/routes-release.json；evidence/saves-release.json；evidence/idb-browser-cohort256-final.json；evidence/list-extra-release.json,用户已明确要求“按照《PCS 商品、物料与渠道店铺商品原型调整方案 R1》执行”；执行基线R1及已确认决策（F07）；本列为实施授权，不代表产品验收通过。
GOV-011,../2026-10-04-product-material-domain-audit-v2/confirmed-rules-and-refinements.md §1/§9 USR-013; prototype-adjustment-proposal.md §4/§13/§14,USR-013,全部PCS页面无浏览器资料维护工具,WP10,src/pages/pcs-material-archives.ts:renderListPage；src/pages/pcs-material-archives.ts:renderPcsMaterialSkuDetailPage；src/pages/pcs-material-archives.ts:renderTransfer；src/pages/pcs-config-workspace.ts:renderPcsConfigWorkspacePage（页面只渲染业务配置、列表/详情/编辑或读取错误。）；src/pages/pcs-config-workspace.ts:handlePcsConfigWorkspaceEvent（错误恢复为重新读取，没有清空/备份/迁移/恢复动作。）；src/data/pcs-record-runtime.ts:ensurePcsRecordState（只返回读取结果或当前集合错误，不渲染维护 UI。）；src/pages/pcs-product-archives.ts:renderList（无浏览器维护工具的商品列表）；src/pages/pcs-product-archives.ts:renderDetail（商品详情）；src/pages/pcs-product-archives.ts:renderEditor（商品编辑）,tests/pcs-r1-material-transfer.test.ts :: GOV-027: business exports honor all selected identities without stock or supplier fields（evidence/contracts-final.log:175，通过）；tests/pcs-r1-product-rules.test.ts :: PROD-010 details and lists are independent; archive has no procurement or inventory controls（evidence/contracts-final.log:216，通过）,已采集的页面及动作见 evidence/measurement-summary.json；按原始文件分组，不能推及未测动作。 本条限定的只读结构、排除边界或独立动作已满足证据；不表示整个模块完成。,已验证,current-requirement-evidence.json :: requirements[requirement_id=GOV-011]；evidence/routes-release.json；evidence/saves-release.json；evidence/idb-browser-cohort256-final.json；evidence/list-extra-release.json,用户已明确要求“按照《PCS 商品、物料与渠道店铺商品原型调整方案 R1》执行”；执行基线R1及已确认决策（USR-013）；本列为实施授权，不代表产品验收通过。
GOV-012,../../../AGENTS.md AGENTS; prototype-adjustment-proposal.md §4/§13/§14,AGENTS,记录及文件使用现有IndexedDB轻量存储,WP10,src/data/pcs-material-archive-repository.ts:MATERIAL_ARCHIVE_STORAGE_KEY；src/data/pcs-material-archive-repository.ts:getMaterialArchiveStoreSnapshot；src/pages/pcs-material-archives.ts:command；src/pages/pcs-material-archives.ts:saveForm；src/data/pcs-record-codec.ts:pcsRecordIdentity（商品、物料、渠道、配置版本使用本记录 ID 而非父 ID。）；src/data/pcs-record-codec.ts:decodePcsRecordSnapshot（工作区输入拆分为独立业务记录和轻量结构元信息。）；src/data/pcs-record-position.ts:assignPcsRecordPositions（插入/排序只更新必要位置。）；src/data/pcs-record-runtime.ts:runPcsRecordCommand（暂存变更、事务前准备文件、按记录差异提交；complete 后才发布内存。）；src/data/pcs-record-db.ts:transaction（等待事务 complete；abort/error 拒绝。）；src/data/pcs-record-db.ts:commitPcsRecords（同库记录、文件、关联及操作回执在一个事务提交。）,"tests/pcs-r1-material-rules.test.ts :: MAT: reload restores SKU identity, unit versions and changed costs from record snapshot（evidence/contracts-final.log:150，通过）；tests/pcs-r1-material-rules.test.ts :: MAT-012: registered file previews pass image validation while temporary blobs do not（evidence/contracts-final.log:160，通过）；tests/pcs-r1-storage-runtime.test.ts :: one changed record plus structure, with publication only after completion（evidence/contracts-final.log:253，通过）；tests/pcs-r1-storage-codec.test.ts :: same internal SKU under one PID retains several platform variant identities（evidence/contracts-final.log:234，通过）；tests/pcs-r1-storage-codec.test.ts :: material processes, cost versions and unit relations use own identities（evidence/contracts-final.log:235，通过）；tests/pcs-r1-storage-codec.test.ts :: template version and dimension are part of configuration record identity（evidence/contracts-final.log:236，通过）",已采集的页面及动作见 evidence/measurement-summary.json；按原始文件分组，不能推及未测动作。 31项真实浏览器IDB契约通过；文件选择受限，新增附件端到端页面操作未全部验证。,已实现待验证,current-requirement-evidence.json :: requirements[requirement_id=GOV-012]；evidence/routes-release.json；evidence/saves-release.json；evidence/idb-browser-cohort256-final.json；evidence/list-extra-release.json,用户已明确要求“按照《PCS 商品、物料与渠道店铺商品原型调整方案 R1》执行”；执行基线R1及已确认决策（AGENTS）；本列为实施授权，不代表产品验收通过。
GOV-013,../../../AGENTS.md AGENTS; prototype-adjustment-proposal.md §4/§13/§14,AGENTS,普通读取和初始化不写业务数据,WP10,src/data/pcs-material-archive-repository.ts:getMaterialArchiveStoreSnapshot；src/data/pcs-material-archive-repository.ts:listMaterialArchives；src/data/pcs-material-pattern.ts:listMaterialPatternChoices；src/data/pcs-record-bootstrap.ts:initializePcsRecordBaseline（当前由主代理优化为读取随发布生成的静态 JSON，withPcsDemoData 仅注册内存基线。）；src/data/pcs-record-runtime.ts:ensurePcsRecordState（普通读取加载持久覆盖，不执行升级写入。）；src/data/pcs-record-runtime.ts:hydrate（只读承接 legacy + 记录覆盖；读取失败不是空数据种子。）；src/data/pcs-record-runtime.ts:upgradePcsLegacyRecords（仅显式保存涉及集合时升级；不是普通 hydration 副作用。）；src/data/pcs-record-codec.ts:encodePcsRecordSnapshot（叠加覆盖和墓碑，新结构组保留。）；src/data/pcs-record-static-versions.ts:isPcsNewStaticRecord（显式 R1 新增 ID 清单；不让旧快照遗漏对象被误复活。）,tests/pcs-r1-material-rules.test.ts :: read operations never persist or mutate business snapshots（evidence/contracts-final.log:148，通过）；tests/pcs-r1-material-pattern-read.test.ts :: MAT-012: pattern selection reads existing identity and versions without seeding browser business records（evidence/contracts-final.log:115，通过）；tests/pcs-r1-storage-runtime.test.ts :: initialization and repeated reads never copy static records（evidence/contracts-final.log:252，通过）；tests/pcs-r1-storage-runtime.test.ts :: legacy read is read-only; save upgrades only its collection and retains the source（evidence/contracts-final.log:257，通过）；tests/pcs-r1-storage-runtime.test.ts :: new static version IDs appear over an old whole snapshot without resurrecting old omissions or saved deletions（evidence/contracts-final.log:263，通过）；tests/pcs-r1-storage-runtime.test.ts :: legacy channel instances bridge to canonical records without copying unchanged demo rows（evidence/contracts-final.log:264，通过）；tests/pcs-r1-storage-codec.test.ts :: saved overlays and tombstones survive seed updates without duplicating snapshots（evidence/contracts-final.log:238，通过）；tests/pcs-r1-storage-codec.test.ts :: new schema groups are not lost when old metadata already exists（evidence/contracts-final.log:239，通过）；tests/pcs-r1-config-page.test.ts :: column drag order and page size persist as bounded preferences without business writes（evidence/contracts-final.log:82，通过）,已采集的页面及动作见 evidence/measurement-summary.json；按原始文件分组，不能推及未测动作。 本条限定的只读结构、排除边界或独立动作已满足证据；不表示整个模块完成。,已验证,current-requirement-evidence.json :: requirements[requirement_id=GOV-013]；evidence/routes-release.json；evidence/saves-release.json；evidence/idb-browser-cohort256-final.json；evidence/list-extra-release.json；evidence/scale-release.json,用户已明确要求“按照《PCS 商品、物料与渠道店铺商品原型调整方案 R1》执行”；执行基线R1及已确认决策（AGENTS）；本列为实施授权，不代表产品验收通过。
GOV-014,../../../AGENTS.md AGENTS; prototype-adjustment-proposal.md §4/§13/§14,AGENTS,复制记录复用附件且有效引用不误删,WP10,src/data/pcs-material-archive-repository.ts:copyMaterialArchive；src/data/pcs-material-archive-repository.ts:reviseMaterialProcessAssets；src/pages/pcs-material-archives.ts:releasePendingFiles；src/data/pcs-record-runtime.ts:registerPcsFile（文件选择先注册内存 Blob 和临时 URL。）；src/data/pcs-record-runtime.ts:releasePcsPendingFile（无关联待保存文件取消时释放 URL/内存。）；src/data/pcs-record-runtime.ts:runPcsRecordCommand（准备 Blob/元数据及引用，与记录在同库事务保存。）；src/data/pcs-record-db.ts:pcsFileReferences（识别稳定 fileId/pcs-file 引用并拒绝业务 JSON 中文件字节。）；src/data/pcs-record-db.ts:commitPcsRecords（保存和删除文件前核验有效引用，复用文件 ID。）；src/data/pcs-record-db.ts:cleanupUnreferencedPcsFiles（内部事务内核验全引用后清理真正无引用 Blob；无 PCS 页面入口。）；src/data/pcs-product-archive-commands.ts:productDraftCopy（复制重用图片引用）；src/data/pcs-record-runtime.ts:runPcsRecordCommand（共享文件和业务记录事务）,"tests/pcs-r1-material-rules.test.ts :: MAT: copied archive reuses file references, resets approval and has no copied SKU or price history（evidence/contracts-final.log:156，通过）；tests/pcs-r1-material-rules.test.ts :: MAT-013/CODE-005: execution-file corrections preserve prior versions and the output identity（evidence/contracts-final.log:159，通过）；tests/pcs-r1-storage-runtime.test.ts :: a fileId-only attachment is persisted once and can be shared by another record（evidence/contracts-final.log:260，通过）；tests/pcs-r1-storage-runtime.test.ts :: cancelled uploads stay out of persistent storage and release their URL（evidence/contracts-final.log:261，通过）；tests/pcs-r1-storage-codec.test.ts :: attachment reference validation rejects bytes in JSON and respects explicit static files（evidence/contracts-final.log:241，通过）；tests/pcs-r1-product-rules.test.ts :: STYLE-024 image purposes preserve gallery ordering when the archive is copied（evidence/contracts-final.log:226，通过）",已采集的页面及动作见 evidence/measurement-summary.json；按原始文件分组，不能推及未测动作。 真实IDB引用/删除/复制契约通过；页面附件选择受限，不能代替用户上传流程验收。,已实现待验证,current-requirement-evidence.json :: requirements[requirement_id=GOV-014]；evidence/routes-release.json；evidence/saves-release.json；evidence/idb-browser-cohort256-final.json；evidence/list-extra-release.json,用户已明确要求“按照《PCS 商品、物料与渠道店铺商品原型调整方案 R1》执行”；执行基线R1及已确认决策（AGENTS）；本列为实施授权，不代表产品验收通过。
GOV-015,../../../AGENTS.md AGENTS; prototype-adjustment-proposal.md §4/§13/§14,AGENTS,多标签冲突及重复提交有记录级保护,WP10,src/pages/pcs-material-archives.ts:command；src/pages/pcs-material-archives.ts:saveForm；src/data/pcs-material-archive-repository.ts:runMaterialApprovalBatch；src/data/pcs-record-db.ts:commitPcsRecords（同一事务核对 expectedVersion、稳定操作 ID/内容指纹；冲突不覆盖。）；src/data/pcs-record-runtime.ts:runPcsRecordCommand（基于读取版本提交，失败回滚暂存内存；接受调用方稳定操作 ID。）；src/data/pcs-record-runtime.ts:hydrate（BroadcastChannel 标记缓存过期且读取旧源指纹，旧页写入不静默覆盖新 IDB。）,tests/pcs-r1-material-review-regressions.test.ts :: GOV-022: next item and batch results wait for prior transaction completion（evidence/contracts-final.log:137，通过）；tests/pcs-r1-storage-runtime.test.ts :: a stale write uses the loaded version and cannot silently overwrite another tab（evidence/contracts-final.log:255，通过）；tests/pcs-r1-storage-runtime.test.ts :: new writes from an old page do not overwrite IDB or block unrelated collections（evidence/contracts-final.log:258，通过）,已采集的页面及动作见 evidence/measurement-summary.json；按原始文件分组，不能推及未测动作。 相关列表/详情/Tab及基础保存已有证据；本条完整正常/边界动作须逐入口补齐五轮浏览器结果，不能由契约测试替代。,已实现待验证,current-requirement-evidence.json :: requirements[requirement_id=GOV-015]；evidence/routes-release.json；evidence/saves-release.json；evidence/idb-browser-cohort256-final.json；evidence/list-extra-release.json,用户已明确要求“按照《PCS 商品、物料与渠道店铺商品原型调整方案 R1》执行”；执行基线R1及已确认决策（AGENTS）；本列为实施授权，不代表产品验收通过。
GOV-016,../../../AGENTS.md AGENTS; prototype-adjustment-proposal.md §4/§13/§14,AGENTS,失败保留输入与旧记录并可重试,WP10,src/pages/pcs-material-archives.ts:command；src/pages/pcs-material-archives.ts:saveForm；src/pages/pcs-material-archives.ts:confirmMaterialTransfer；src/data/pcs-material-archive-repository.ts:runMaterialApprovalBatch；src/data/pcs-material-reference-check.ts:assertMaterialMainUnitChangeAllowed；src/data/pcs-record-runtime.ts:runPcsRecordCommand（写入失败不发布新内存、不回退 localStorage，保留旧持久记录。）；src/data/pcs-record-runtime.ts:hydrate（真实缺附件仅阻断受影响集合，不冒充空列表。）；src/data/pcs-record-runtime.ts:retryPcsRecordState（明确重新读取以恢复读取失败。）；src/pages/pcs-config-workspace.ts:save（await 成功后结束编辑，失败保留编辑 draft 和原因。）；src/data/pcs-record-db.ts:transaction（事务中止或打开失败按错误返回。）；src/pages/pcs-product-archives.ts:save（等待共享命令再成功跳转）；src/pages/pcs-product-archives.ts:fail（失败保留输入）；src/data/pcs-record-runtime.ts:runPcsRecordCommand（失败回滚旧记录）,"tests/pcs-r1-material-transfer.test.ts :: GOV-008: a save failure after preview publishes neither parent nor earlier children（evidence/contracts-final.log:172，通过）；tests/pcs-r1-material-review-regressions.test.ts :: GOV-022: a failed persistence completion is not a success and cannot undo other items（evidence/contracts-final.log:135，通过）；tests/pcs-r1-material-reference-check.test.ts :: UOM/PMS: failed reference reads preserve the input and block the PCS write（evidence/contracts-final.log:129，通过）；tests/pcs-r1-storage-runtime.test.ts :: failure rolls memory back and preserves records for retry（evidence/contracts-final.log:254，通过）；tests/pcs-r1-storage-runtime.test.ts :: unavailable localStorage does not block IndexedDB record writes（evidence/contracts-final.log:256，通过）；tests/pcs-r1-storage-runtime.test.ts :: missing attachment is scoped; untouched collection can still be read（evidence/contracts-final.log:259，通过）；tests/pcs-r1-bom-cost.test.ts :: COST failed publishing cannot leave a published record or half-frozen cost references（evidence/contracts-final.log:12，通过）；tests/pcs-r1-config-page.test.ts :: equipment type opens model list, failed save retains input, awaited save creates own ID and edit toggles same model（evidence/contracts-final.log:80，通过）；tests/pcs-r1-technical-data-storage-error.test.ts :: GOV-016 BOM read errors and invalid stored structure stay retryable without caching an empty result or writing（evidence/contracts-final.log:268，通过）",已采集的页面及动作见 evidence/measurement-summary.json；按原始文件分组，不能推及未测动作。 新增BOM缺损结构回归：无虚假空结果、无写入且可重试，248项专项通过；全部保存入口故障注入五轮尚未齐备。,已实现待验证,current-requirement-evidence.json :: requirements[requirement_id=GOV-016]；evidence/routes-release.json；evidence/saves-release.json；evidence/idb-browser-cohort256-final.json；evidence/list-extra-release.json；evidence/bom-read-before-fix.log,用户已明确要求“按照《PCS 商品、物料与渠道店铺商品原型调整方案 R1》执行”；执行基线R1及已确认决策（AGENTS）；本列为实施授权，不代表产品验收通过。
GOV-017,../../../AGENTS.md AGENTS; prototype-adjustment-proposal.md §4/§13/§14,AGENTS,适用页面与动作完整结果严格小于500ms,WP10,src/data/pcs-material-performance-fixtures.ts:createMaterialImportValidationCsv；src/data/pcs-material-performance-fixtures.ts:createMaterialCostValidationSnapshot；src/data/pcs-material-transfer.ts:previewMaterialBusinessImport；src/data/pcs-material-archive-repository.ts:previewMaterialCostChangeInSnapshot；src/pages/pcs-config-workspace.ts:renderPcsConfigWorkspacePage（基础配置首屏/层次切换的测量入口。）；src/pages/pcs-config-workspace.ts:save（配置保存从动作到结果完整可见的测量入口。）；src/data/pcs-record-runtime.ts:ensurePcsRecordState（计入实际 hydration 完成，而非仅展示 loading。）；src/data/pcs-record-runtime.ts:runPcsRecordCommand（计入事务 complete 和下游渲染。）；src/pages/pcs-technical-data.ts:renderPcsTechnicalDataBomPricingDetailPage（技术 BOM 详情当前/冻结参考解析及渲染。）；src/pages/pcs-product-archives.ts:renderList（列表计算和完整渲染入口）；src/data/pcs-record-runtime.ts:ensurePcsRecordState（按范围装载原型业务数据）,tests/pcs-r1-material-transfer.test.ts :: PERF: 100 and 1000 rows validate completely and cost change reaches 100 descendants without publishing（evidence/contracts-final.log:177，通过）,已采集的页面及动作见 evidence/measurement-summary.json；按原始文件分组，不能推及未测动作。 30路由、66Tab和指定保存/大数据场景通过；批量导入、确认窗口及其他残余动作仍缺完整五轮证据，整体性能门禁未通过。,已实现待验证,current-requirement-evidence.json :: requirements[requirement_id=GOV-017]；evidence/routes-release.json；evidence/saves-release.json；evidence/idb-browser-cohort256-final.json；evidence/list-extra-release.json,用户已明确要求“按照《PCS 商品、物料与渠道店铺商品原型调整方案 R1》执行”；执行基线R1及已确认决策（AGENTS）；本列为实施授权，不代表产品验收通过。
GOV-018,../../../AGENTS.md AGENTS; prototype-adjustment-proposal.md §4/§13/§14,AGENTS,主管PDA与打印只消费正确引用且不增加档案维护页,WP10,src/data/fcs/wool-pda-scan.ts:resolveWoolPdaScan；src/pages/pda-wool-fact-execution.ts:renderPdaWoolExecutionContent；src/pages/process-factory/wool/handover-print.ts:renderCraftWoolHandoverPrintPage,尚未建立本条独立自动化断言，保留待验证；不能以通用构建或其他规则测试替代。,已采集的页面及动作见 evidence/measurement-summary.json；按原始文件分组，不能推及未测动作。 毛织PDA和交片打印实际引用已核对；全量主管入口/实物打印未全部验证。,已实现待验证,current-requirement-evidence.json :: requirements[requirement_id=GOV-018]；evidence/routes-release.json；evidence/saves-release.json；evidence/idb-browser-cohort256-final.json；evidence/list-extra-release.json,用户已明确要求“按照《PCS 商品、物料与渠道店铺商品原型调整方案 R1》执行”；执行基线R1及已确认决策（AGENTS）；本列为实施授权，不代表产品验收通过。
GOV-019,../2026-10-04-product-material-domain-audit-v2/decision-register-2026-10-05.md F07; prototype-adjustment-proposal.md §4/§13/§14,F07,默认20行并支持筛选分页列配置,WP10,src/pages/pcs-material-archives.ts:listState；src/pages/pcs-material-archives.ts:renderListPage；src/pages/pcs-material-archives.ts:listColumns；src/pages/pcs-product-archives.ts:renderList（标准列表/分页）；src/pages/pcs-product-archives.ts:preferences（列显隐排序冻结）；src/pages/pcs-product-archives.ts:savePreferences（有界偏好保存）,tests/pcs-r1-product-rules.test.ts :: PROD-010 details and lists are independent; archive has no procurement or inventory controls（evidence/contracts-final.log:216，通过）,已采集的页面及动作见 evidence/measurement-summary.json；按原始文件分组，不能推及未测动作。 默认20行、款式分页/排序/列设置已测；其他列表对应全部入口仍待补齐。,已实现待验证,current-requirement-evidence.json :: requirements[requirement_id=GOV-019]；evidence/routes-release.json；evidence/saves-release.json；evidence/idb-browser-cohort256-final.json；evidence/list-extra-release.json,用户已明确要求“按照《PCS 商品、物料与渠道店铺商品原型调整方案 R1》执行”；执行基线R1及已确认决策（F07）；本列为实施授权，不代表产品验收通过。
GOV-020,../2026-10-04-product-material-domain-audit-v2/decision-register-2026-10-05.md F07; prototype-adjustment-proposal.md §4/§13/§14,F07,查询重置导出位于完整筛选卡,WP10,src/pages/pcs-material-archives.ts:renderListPage；src/pages/pcs-material-archives.ts:handlePcsMaterialArchiveEvent；src/pages/pcs-product-archives.ts:renderList（标准筛选卡查询/重置/导出）,tests/pcs-r1-product-rules.test.ts :: PROD-010 details and lists are independent; archive has no procurement or inventory controls（evidence/contracts-final.log:216，通过）,已采集的页面及动作见 evidence/measurement-summary.json；按原始文件分组，不能推及未测动作。 本条限定的只读结构、排除边界或独立动作已满足证据；不表示整个模块完成。,已验证,current-requirement-evidence.json :: requirements[requirement_id=GOV-020]；evidence/routes-release.json；evidence/saves-release.json；evidence/idb-browser-cohort256-final.json；evidence/list-extra-release.json,用户已明确要求“按照《PCS 商品、物料与渠道店铺商品原型调整方案 R1》执行”；执行基线R1及已确认决策（F07）；本列为实施授权，不代表产品验收通过。
GOV-021,../2026-10-04-product-material-domain-audit-v2/decision-register-2026-10-05.md F07; prototype-adjustment-proposal.md §4/§13/§14,F07,编码名称识别图归同一单元格,WP10,src/pages/pcs-material-archives.ts:identity；src/pages/pcs-material-archives.ts:listColumns；src/pages/pcs-product-archives.ts:columns（商品主识别列）；src/pages/pcs-product-archives.ts:photo（实际识别图）,不适用：识别列布局为视觉要求；已查看命名列表、图片及窄屏。,已采集的页面及动作见 evidence/measurement-summary.json；按原始文件分组，不能推及未测动作。 本条限定的只读结构、排除边界或独立动作已满足证据；不表示整个模块完成。,已验证,current-requirement-evidence.json :: requirements[requirement_id=GOV-021]；evidence/routes-release.json；evidence/saves-release.json；evidence/idb-browser-cohort256-final.json；evidence/list-extra-release.json,用户已明确要求“按照《PCS 商品、物料与渠道店铺商品原型调整方案 R1》执行”；执行基线R1及已确认决策（F07）；本列为实施授权，不代表产品验收通过。
GOV-022,../2026-10-04-product-material-domain-audit-v2/decision-register-2026-10-05.md F07; prototype-adjustment-proposal.md §4/§13/§14,F07,批量动作展示选中数和逐项结果,WP10,src/data/pcs-material-archive-repository.ts:runMaterialApprovalBatch；src/pages/pcs-material-archives.ts:runBatchApproval；src/pages/pcs-material-archives.ts:renderMaterialApprovalBatchResults；src/pages/pcs-product-archives.ts:handlePcsProductArchiveEvent（逐项执行与结果收集）；src/pages/pcs-product-archives.ts:renderList（选中数量与批量结果）,tests/pcs-r1-material-review-regressions.test.ts :: GOV-022: first validation failure does not cancel later material approvals; each item has its own result（evidence/contracts-final.log:134，通过）；tests/pcs-r1-material-review-regressions.test.ts :: GOV-022: a failed persistence completion is not a success and cannot undo other items（evidence/contracts-final.log:135，通过）；tests/pcs-r1-material-review-regressions.test.ts :: GOV-022: each selected root and its child SKUs succeed or fail together（evidence/contracts-final.log:136，通过）；tests/pcs-r1-material-review-regressions.test.ts :: GOV-022: next item and batch results wait for prior transaction completion（evidence/contracts-final.log:137，通过）,已采集的页面及动作见 evidence/measurement-summary.json；按原始文件分组，不能推及未测动作。 物料批量结果有截图及专项；所有批量入口逐项结果与五轮性能未齐备。,已实现待验证,current-requirement-evidence.json :: requirements[requirement_id=GOV-022]；evidence/routes-release.json；evidence/saves-release.json；evidence/idb-browser-cohort256-final.json；evidence/list-extra-release.json,用户已明确要求“按照《PCS 商品、物料与渠道店铺商品原型调整方案 R1》执行”；执行基线R1及已确认决策（F07）；本列为实施授权，不代表产品验收通过。
GOV-023,../2026-10-04-product-material-domain-audit-v2/decision-register-2026-10-05.md F05; prototype-adjustment-proposal.md §4/§13/§14,F05,停用归档等影响动作二次确认,WP10,src/data/pcs-material-archive-repository.ts:setMaterialUseStatus；src/pages/pcs-material-archives.ts:handlePcsMaterialArchiveEvent；src/pages/pcs-product-archives.ts:handlePcsProductArchiveEvent（停用/归档确认）；src/data/pcs-product-archive-commands.ts:setProductLifecycle（活动引用防错）,tests/pcs-r1-product-rules.test.ts :: GOV-020 archive rejects an active bundle component without a page-supplied count（evidence/contracts-final.log:220，通过）,已采集的页面及动作见 evidence/measurement-summary.json；按原始文件分组，不能推及未测动作。 IAB原生确认窗口无法由当前工具读取/处理；启用、停用、归档确认后五轮未完成，未绕过确认。,已阻塞,current-requirement-evidence.json :: requirements[requirement_id=GOV-023]；evidence/routes-release.json；evidence/saves-release.json；evidence/idb-browser-cohort256-final.json；evidence/list-extra-release.json,用户已明确要求“按照《PCS 商品、物料与渠道店铺商品原型调整方案 R1》执行”；执行基线R1及已确认决策（F05）；本列为实施授权，不代表产品验收通过。
GOV-024,../2026-10-04-product-material-domain-audit-v2/decision-register-2026-10-05.md F02; prototype-adjustment-proposal.md §4/§13/§14,F02,审核动作有明确前置条件和结果,WP10,src/data/pcs-material-archive-repository.ts:setMaterialApproval；src/data/pcs-material-archive-repository.ts:validateRoot；src/pages/pcs-material-archives.ts:handlePcsMaterialArchiveEvent；src/data/pcs-product-archive-commands.ts:validateProductReview（审核时读取当前完整性）；src/data/pcs-product-archive-commands.ts:reviewProductArchive（明确审核结果）；src/pages/pcs-product-archives.ts:detailActions（状态允许的动作）,tests/pcs-r1-material-rules.test.ts :: MAT: identities approve without price; same operator; unrelated older SKU remains approved（evidence/contracts-final.log:147，通过）；tests/pcs-r1-material-rules.test.ts :: MAT-012: formal processed SKU requires real pattern/version plus the process-specific execution document（evidence/contracts-final.log:158，通过）；tests/pcs-r1-material-review-regressions.test.ts :: GOV-022: first validation failure does not cancel later material approvals; each item has its own result（evidence/contracts-final.log:134，通过）；tests/pcs-r1-material-review-regressions.test.ts :: GOV-022: each selected root and its child SKUs succeed or fail together（evidence/contracts-final.log:136，通过）；tests/pcs-r1-product-rules.test.ts :: GOV-024 review revalidates the current pending style and changes no approval on failure（evidence/contracts-final.log:219，通过）；tests/pcs-r1-product-rules.test.ts :: STYLE-018/027 cannot approve a style missing material type or save a nonexistent substitution（evidence/contracts-final.log:231，通过）,已采集的页面及动作见 evidence/measurement-summary.json；按原始文件分组，不能推及未测动作。 缺SKU提交阻断5次、补齐提交/同人审核1次通过；审核、驳回及状态动作全覆盖待补齐。,已实现待验证,current-requirement-evidence.json :: requirements[requirement_id=GOV-024]；evidence/routes-release.json；evidence/saves-release.json；evidence/idb-browser-cohort256-final.json；evidence/list-extra-release.json,用户已明确要求“按照《PCS 商品、物料与渠道店铺商品原型调整方案 R1》执行”；执行基线R1及已确认决策（F02）；本列为实施授权，不代表产品验收通过。
GOV-025,../2026-10-04-product-material-domain-audit-v2/decision-register-2026-10-05.md F01; prototype-adjustment-proposal.md §4/§13/§14,F01,标准成本维护使用独立职责,WP10,src/pages/pcs-material-archives.ts:renderCost；src/pages/pcs-material-archives.ts:renderCostEditor；src/data/pcs-material-archive-repository.ts:saveMaterialStandardCost,"tests/pcs-r1-material-rules.test.ts :: COST: P + initial freight + every F; automatic descendants, immutable business snapshot（evidence/contracts-final.log:142，通过）；tests/pcs-r1-material-rules.test.ts :: COST: preview normalizes the original currency exactly like confirmed save（evidence/contracts-final.log:149，通过）",已采集的页面及动作见 evidence/measurement-summary.json；按原始文件分组，不能推及未测动作。 相关列表/详情/Tab及基础保存已有证据；本条完整正常/边界动作须逐入口补齐五轮浏览器结果，不能由契约测试替代。,已实现待验证,current-requirement-evidence.json :: requirements[requirement_id=GOV-025]；evidence/routes-release.json；evidence/saves-release.json；evidence/idb-browser-cohort256-final.json；evidence/list-extra-release.json,用户已明确要求“按照《PCS 商品、物料与渠道店铺商品原型调整方案 R1》执行”；执行基线R1及已确认决策（F01）；本列为实施授权，不代表产品验收通过。
GOV-026,../../../AGENTS.md AGENTS; prototype-adjustment-proposal.md §4/§13/§14,AGENTS,普通页面读取失败仅提示原因和重试,WP10,src/pages/pcs-material-archives.ts:renderListPage；src/pages/pcs-material-archives.ts:renderPcsMaterialArchiveDetailPage；src/pages/pcs-material-archives.ts:renderPcsMaterialSkuDetailPage；src/data/pcs-record-runtime.ts:ensurePcsRecordState（指定集合不可读抛出具体原因，其他可读集合不被全局错误阻断。）；src/data/pcs-record-runtime.ts:retryPcsRecordState（重建只读状态，不清空原资料。）；src/pages/pcs-config-workspace.ts:renderPcsConfigWorkspacePage（当前页面显示读取失败原因。）；src/pages/pcs-config-workspace.ts:handlePcsConfigWorkspaceEvent（只提供重新读取恢复。）,tests/pcs-r1-storage-runtime.test.ts :: missing attachment is scoped; untouched collection can still be read（evidence/contracts-final.log:259，通过）；tests/pcs-r1-storage-runtime.test.ts :: new writes from an old page do not overwrite IDB or block unrelated collections（evidence/contracts-final.log:258，通过）；tests/pcs-r1-storage-codec.test.ts :: legacy configured-dimension metadata is equivalent only when derivable from unchanged option records（evidence/contracts-final.log:242，通过）,已采集的页面及动作见 evidence/measurement-summary.json；按原始文件分组，不能推及未测动作。 相关列表/详情/Tab及基础保存已有证据；本条完整正常/边界动作须逐入口补齐五轮浏览器结果，不能由契约测试替代。,已实现待验证,current-requirement-evidence.json :: requirements[requirement_id=GOV-026]；evidence/routes-release.json；evidence/saves-release.json；evidence/idb-browser-cohort256-final.json；evidence/list-extra-release.json,用户已明确要求“按照《PCS 商品、物料与渠道店铺商品原型调整方案 R1》执行”；执行基线R1及已确认决策（AGENTS）；本列为实施授权，不代表产品验收通过。
GOV-027,../../../AGENTS.md AGENTS; prototype-adjustment-proposal.md §4/§13/§14,AGENTS,业务导入导出不变成浏览器整库备份恢复,WP10,src/data/pcs-material-transfer.ts:materialTransferHeaders；src/data/pcs-material-transfer.ts:exportMaterialBusinessRows；src/pages/pcs-material-archives.ts:renderTransfer；src/data/pcs-record-runtime.ts:getPcsDurableFileReference（已注册上传图转换为 pcs-file:<id>；静态资源保持原样。）；src/data/pcs-record-runtime.ts:resolvePcsFileReference（导入稳定引用时核验文件存在并创建预览 URL；不写数据库。）；src/pages/pcs-product-archives.ts:importPreview（商品业务 CSV 预览）；src/pages/pcs-product-archives.ts:exportList（商品业务 CSV 导出）,"tests/pcs-r1-material-transfer.test.ts :: GOV-027: business exports honor all selected identities without stock or supplier fields（evidence/contracts-final.log:175，通过）；tests/pcs-r1-material-transfer.test.ts :: GOV-027: image columns reject bytes and temporary URLs, while empty root exports remain visible（evidence/contracts-final.log:176，通过）；tests/pcs-r1-storage-runtime.test.ts :: a fileId-only attachment is persisted once and can be shared by another record（evidence/contracts-final.log:260，通过）；tests/pcs-r1-storage-codec.test.ts :: attachment reference validation rejects bytes in JSON and respects explicit static files（evidence/contracts-final.log:241，通过）；tests/pcs-r1-config-page.test.ts :: standard list applies pagination, sorting, visibility, freezing, reset and whole-result CSV export（evidence/contracts-final.log:76，通过）；tests/pcs-r1-product-rules.test.ts :: PROD-010 details and lists are independent; archive has no procurement or inventory controls（evidence/contracts-final.log:216，通过）",已采集的页面及动作见 evidence/measurement-summary.json；按原始文件分组，不能推及未测动作。 业务范围专项通过；真实业务CSV文件操作仍受上述文件许可限制。,已实现待验证,current-requirement-evidence.json :: requirements[requirement_id=GOV-027]；evidence/routes-release.json；evidence/saves-release.json；evidence/idb-browser-cohort256-final.json；evidence/list-extra-release.json,用户已明确要求“按照《PCS 商品、物料与渠道店铺商品原型调整方案 R1》执行”；执行基线R1及已确认决策（AGENTS）；本列为实施授权，不代表产品验收通过。
