
> higoods-vanilla-clone@1.0.0 build
> npm run typecheck:engineering && npm test && vite build


> higoods-vanilla-clone@1.0.0 typecheck:engineering
> npm run typecheck:entrypoints && npm run typecheck:scopes


> higoods-vanilla-clone@1.0.0 typecheck:entrypoints
> tsc --project tsconfig.engineering.json


> higoods-vanilla-clone@1.0.0 typecheck:scopes
> node scripts/check-typescript-scope.mjs src/domain/ src/components/ui/ src/state/

TypeScript 全量既有错误：3
本次渐进检查范围：src/domain/、src/components/ui/、src/state/
范围内错误：0
范围外既有错误保留在全量 typecheck 中继续分批治理。

> higoods-vanilla-clone@1.0.0 test
> npm run test:unit


> higoods-vanilla-clone@1.0.0 test:unit
> node --import tsx --test tests/unit/*.test.ts

✔ 浏览器存储封装保持读写删除语义 (0.38325ms)
✔ 浏览器存储不可用或抛错时保持静默降级 (0.083708ms)
✔ ISO与旧本地文本按实际时刻排序，不按空格与T字典排序 (4.962792ms)
✔ 同一时刻不同时间表达仍按账本序号和稳定ID防重复 (7.259792ms)
✔ 整组同分钟含低精度记录时，唯一可靠顺序形成稳定全序，不按成对条件切换 (0.570958ms)
✔ 全部精确时刻仍按秒排序，跨分钟不会被新账本号倒置 (0.07925ms)
✔ 缺少或重复账本顺序不恢复低精度秒数，沿用原时刻规则 (0.082583ms)
✔ 共享生命周期在同分钟旧入仓后允许交出，并保留原周期和事实 (0.291166ms)
✔ 同分钟物理回收之后报废按真实顺序生效，不被周期边界副本或秒数重排 (0.1225ms)
✔ 同步动作反复读同一账本只转换一次，副本可修改，写后/下一动作/异常退出仍独立重读 (0.852709ms)
(node:78090) ExperimentalWarning: localStorage is not available because --localstorage-file was not provided.
(Use `node --trace-warnings ...` to show where the warning was created)
✔ 共享分配门禁拒绝同SKU错色码或错生产单身份 (20.3255ms)
✔ 共享保存拒绝重复借同格，空身份与非法数量 (38.644167ms)
(node:78091) ExperimentalWarning: localStorage is not available because --localstorage-file was not provided.
(Use `node --trace-warnings ...` to show where the warning was created)
✔ N 道只按最终逐票实收，不累计道数或非最终回仓 (0.802166ms)
✔ 末道独有回仓、错票、错工厂、逆序回仓均不得计齐套 (0.135125ms)
✔ 真实厂间完成事实只证明前道，末道仍以实际裁床回仓为准 (0.151292ms)
✔ 前道非法实收不能被加工完成标记绕过 (0.092ms)
✔ 实际已分配厂取代票上默认厂，多家未确认不猜厂，打印票保持原样 (0.961875ms)
✔ 直转前道须有明确工艺身份完成，最终回仓受前道实物上限约束 (0.247041ms)
✔ 零量点收保留凭据；整票不可用和未知资料不贡献 (0.901459ms)
✔ 普通未装袋票不进放行，但既有简易交出可保持；正常换袋去重 (0.177917ms)
✔ 装袋同ID错票号、超原票或无效票面不提供可交实物 (0.086959ms)
✔ 逐票工艺实收保留真实业务回仓号、来源交出号及仓区库位 (0.137666ms)
✔ 旧实收缺加工完成依据保留实物，但不计最终齐套且明确待核对 (0.11475ms)
(node:78092) ExperimentalWarning: localStorage is not available because --localstorage-file was not provided.
(Use `node --trace-warnings ...` to show where the warning was created)
✔ 冻结原票的真实仓库实收继续更新；冻结后新票进晚到队列，不冒充原产出 (6.495917ms)
✔ 放行备份/读回安全整数与逐格合计，正常零不变成未确认 (0.60075ms)
✔ 无效整票追溯与未知collection不能借备份写入 (0.103041ms)
(node:78094) ExperimentalWarning: localStorage is not available because --localstorage-file was not provided.
(Use `node --trace-warnings ...` to show where the warning was created)
✔ 列表只读余量查询满足正整数身份门禁，K100/A205显示当前风险105、占用0及余量205 (44.154666ms)
✔ 裁片放行保留唯一菜单键和地址，归属裁床仓库管理 (0.16225ms)
✔ 字母与数值尺码升序，自定义尺码保留配置顺序 (0.509333ms)
✔ 非法数量和空白保持非法，不夹取或四舍五入成另一个有效量 (0.097834ms)
✔ 目标确认待保存及整票原因也受离开提醒保护，已保存目标和空白原因不误提醒 (0.132458ms)
✔ 本页导航、补料、系统与当前页签退出统一提醒，关闭其他页签和折叠菜单不误提醒 (0.142458ms)
✔ 未知自定义尺码在目标和放行矩阵明确提示待核对且保留原序，标准尺码不出现提示 (4.780333ms)
✔ 未确认与确认零放行分开，零放行不回退成目标281件 (0.097083ms)
✔ 尚未确认且齐套未知时，确认汇总中的K和R均显示待核对而非零 (2.2305ms)
✔ 目标与放行渲染为相同颜色行、尺码升序列，缺失SKU格保持不可编辑 (3.642833ms)
✔ 逐票详情保留最终回仓实收、完整顺序、袋周期、成衣色与面料色以及差异 (0.962209ms)
✔ 侧栏逐道显示真实交出单、回仓业务号和库位，记录编号放在展开依据中 (1.063875ms)
✔ 加工完成未回仓仍显示未最终回仓，未知工艺不展示普通免工艺依据 (0.542292ms)
✔ 真实前道直转投影接入侧栏，末道实收80显示已最终回仓 (0.516084ms)
✔ 跨工厂直转前道不必回裁床，最终实收80片显示已最终回仓 (0.406375ms)
✔ 最终实际点收0片保留完成事实，不显示待加工或待回仓 (0.520042ms)
✔ 历史实收有原始回仓数量但缺加工完成依据，明细保留实收且暂不计齐套 (0.3065ms)
✔ 整票更正确认同时展示票袋工艺放行分配及保留历史责任 (11.8465ms)
✔ 整票登记保存携带打开详情时的版本，旧页面不会改用后来读到的版本 (0.672625ms)
✔ 文案采用短句，目标和放行保留操作边界，整票确认保留实际后果 (17.315625ms)
✔ 具名静态演示材料使用既有真实图片，三道工艺仅按最终回仓计入 (1.967292ms)
✔ 示例内部身份只在追溯展开中显示，真实票号完整保留且确认仍显示实际影响 (20.661583ms)
✔ 真实生成的工艺记录内部UUID只在展开中显示，不替换真实业务号 (2.404875ms)
✔ PAGE-008 每张静态放行记录绑定对应款式实图，列表与款号同格并保留大图动作 (37.75675ms)
✔ PAGE-008 每个静态示例的必需物料均绑定对应实物图，资料缺失示例也保留图片 (6.384792ms)
✔ 仓库轻量事件入口保留原库位维护委派，其他业务动作沿用仓库处理器 (0.39875ms)
(node:78095) ExperimentalWarning: localStorage is not available because --localstorage-file was not provided.
(Use `node --trace-warnings ...` to show where the warning was created)
✔ 同次批量袋读取与逐袋严格结果一致，最新实收更正重新计算且不改原事实 (106.332291ms)
✔ 带袋同一秒连续逐票更正有独立事实，同一更正重试只保存一次 (19.029791ms)
✔ 无袋同一秒连续逐票更正有独立事实，同一更正重试只保存一次 (12.601875ms)
✔ 保留历史换袋确认按真实来源入仓先后匹配，ISO与本地文本不丢来源库位 (0.880959ms)
✔ 特殊工艺实回库位从原票快照读取生产单，零实收票不冒充当前库存关联 (6.496292ms)
✔ PDA实际入仓入口保留默认时间秒与时区，同一分钟交出后可逐票回仓 (8.245125ms)
✔ PDA实回页按第二张菲票自身当前阶段和实际交出数量显示应回数量 (6.010667ms)
✔ 无袋实收10更正9扣库存差额，重新装袋或实际交出后不反冲其他库存 (27.209791ms)
✔ 明确单道无袋实收9合法实交后更正7保留旧9责任与真实接收厂 (21.448666ms)
✔ 整袋候选与提交共享未知来源、未知必要工艺及整票不可用阻断，caller不能给空事件绕过 (77.312042ms)
✔ 连续工艺具名示例仅提供真实技术包两条未分配任务，不写事实或覆盖旧任务 (6.0965ms)
✔ 不同菲票的同一实际有序工艺链可同袋，链身份不使用每票阶段ID (0.389083ms)
✔ 同链两张菲票保留各自阶段身份并分别实收，不把第二票当第一票工艺 (4.200291ms)
✔ 连续工艺直接由实际持有厂转交下道，前道完成与最后回仓分开记账 (6.366667ms)
✔ 同袋两票连续转交按每票前道和下道身份核对，最后分别回仓 (12.245333ms)
✔ 实际任务绑定明确匹配技术包部位工艺、色码、目标对象和当前分配，不采用默认厂 (0.943292ms)
✔ 特殊工艺交出只能读取原票当前阶段与唯一实际承接任务 (0.51275ms)
✔ ISO来源交出后同一分钟实际回仓保留秒与时区，不被文本格式判为早于来源 (9.073125ms)
✔ 逐票实收分别计数，更正库存仅按差额且保留原票 (21.442708ms)
✔ 未核对加工完成不得保存；历史完成未知保留实收P而不能冒充齐套 (5.812459ms)
✔ 缺逐票确认、空白、小数、超量与未说明差异都不写入 (12.215375ms)
✔ 明确零量点收保留事实，但不生成库存或后道实物 (9.632125ms)
✔ 按身份与顺序分袋，普通和不同工艺链被阻断 (0.136875ms)
✔ 无袋按票独立点收，不能重复新增或回到其他裁床工厂 (5.947708ms)
✔ 多道工艺分别保留同票阶段实收，末道不会累加前道数量 (12.802542ms)
✔ 100片已经交出后更正为90片只改依据，保留原实交责任且不反冲库存 (23.213292ms)
✔ 同一分钟旧入仓分钟时间晚于精确装袋账本，不退回已装袋状态 (0.949042ms)
✔ 正常入仓默认保留完整时刻，同分钟装袋后入仓可继续交出 (1.05025ms)
✔ 实际带袋回仓入口保留ISO秒和时区，不先截断成旧本地分钟 (7.711042ms)
✔ 实际无袋回仓入口保留ISO秒和时区，不先截断成旧本地分钟 (4.777292ms)
✔ 实际空袋回仓入口保留ISO秒和时区，不先截断成旧本地分钟 (4.0095ms)
✔ 当前仓库逐票库存：交到工艺厂为0，最终实收3/0只保留一行，更正不复活原5片 (5.655208ms)
✔ 仓库无袋逐票实收：先回一票3片，另票仍在厂；零量实收保留真实库位且只有一行 (6.123834ms)
✔ 无袋回仓先更正2片再重装，后续更正1片不改当前2片，数量冲突待核对 (4.528417ms)
✔ 仓库兼容来源冲突保留实际袋数量，状态待核对而不可分配 (2.610709ms)
✔ 末道无袋已实收3片后更正已被消费的前道，不遮蔽末道当前库存或库位 (16.70675ms)
✔ 初始演示订单正常新增装袋手动票进入当前正式放行，保留原目标与放行且不混入PDA变体物料 (674.382792ms)
✔ 旧存储 getter 不可读时，后道演示开关不阻断裁床依赖模块导入 (258.9295ms)
✔ 裁床工艺来源读取不初始化未迁移的全厂接收需求，原工艺厂读取仍保护旧源 (632.447166ms)
✔ 先读裁床来源再进入工艺厂，任务身份与需求数量一致且仓库记录可正常生成 (784.919667ms)
✔ 已准备任务来源后，任务单预览不加载无关工艺厂接收来源 (893.66025ms)
(node:78097) ExperimentalWarning: localStorage is not available because --localstorage-file was not provided.
(Use `node --trace-warnings ...` to show where the warning was created)
✔ 独立裁剪整任务改派保留数量和执行历史，旧有效分配失效，新范围唯一 (57.019959ms)
✔ 裁床改派回原工厂且回填同一业务日期，不复用旧票范围；普通审计不改身份 (0.129709ms)
(node:78099) ExperimentalWarning: localStorage is not available because --localstorage-file was not provided.
(Use `node --trace-warnings ...` to show where the warning was created)
✔ 交出列表省略详情路线读取时保留全部输出字段 (312.540708ms)
(node:78100) ExperimentalWarning: localStorage is not available because --localstorage-file was not provided.
(Use `node --trace-warnings ...` to show where the warning was created)
✔ MIG-001/002/006: management entry and handlers belong to FCS; PFOS keeps execution (6.680042ms)
✔ MIG-003/007: prep and execution read the same early order identities, quantities and match status (545.020292ms)
✔ MIG-004/009: migrated dialogs retain candidate fields, actual material image and task outputs (2.536584ms)
✔ MIG-011: management and execution use the same seven business display columns (15.707334ms)
✔ MIG-007: early dye/print creation and cancellation survive reload (2605.2265ms)
✔ BOM working-copy write failure preserves prior state; retry succeeds (151.176875ms)
✔ existing production preparation data does not trigger demo writes on entry (1734.558416ms)
✔ rollback of an unchanged saved BOM does not perform another failing write (21.929459ms)
✔ BOM dictionary preserves old JSON and all snapshot values without mutating input (6.476583ms)
✔ BOM dictionary rejects missing references instead of replacing data silently (0.237209ms)
(node:78108) ExperimentalWarning: localStorage is not available because --localstorage-file was not provided.
(Use `node --trace-warnings ...` to show where the warning was created)
✔ PDA顶栏计数与实际完整待办相同，覆盖各任务工厂及管理员/员工角色 (2111.694542ms)
✔ 解析带标签、小数和空格的长度数量 (0.453333ms)
✔ 解析卷数并对不合法文本返回 0 (0.105875ms)
✔ 证据文件标识把连续空白收口为单个连字符 (0.145208ms)
(node:78111) ExperimentalWarning: localStorage is not available because --localstorage-file was not provided.
(Use `node --trace-warnings ...` to show where the warning was created)
✔ 设计改款可成批生成染色和印花加工单，且完整投影来源与上下游 (1183.015166ms)
✔ 设计改款加工单生成幂等，重复请求不增加单据 (44.918333ms)
✔ 同一设计改款任务的不同颜色和 BOM 行分别生成加工单 (52.86625ms)
✔ 成批提交失败时染色与印花加工单一起回滚 (19.822542ms)
✔ 设计改款来源缺关键引用或来源未知时必须阻断 (0.409125ms)
(node:78112) ExperimentalWarning: localStorage is not available because --localstorage-file was not provided.
(Use `node --trace-warnings ...` to show where the warning was created)
✔ 设计改款染后印花必须先分配印花厂，染色交出不能误送中央工厂 (326.941167ms)
✔ 仅染与仅印分别创建一张加工单和一条仓库首道调拨计划 (19.192083ms)
✔ 辅料染色单创建后已有辅料仓调拨计划，分厂时自动落实原单但不冒充实发 (12.358542ms)
✔ 历史双工艺加工单仍可追溯原有染印交接 (581.373875ms)
✔ 先染后印目标 SKU 创建两段加工单，印花只接收本行染后物料而不能跳过染色 (1435.662459ms)
✔ 单独印花 SKU 从仓库发印厂并完成样衣归档 (1352.858959ms)
✔ 印花实际交出生成中央工厂待接收原单，实收回写原交接并允许完成加工单 (484.920209ms)
✔ 专业成果没有真实附件时保持未绑定 (9.175708ms)
(node:78141) ExperimentalWarning: localStorage is not available because --localstorage-file was not provided.
(Use `node --trace-warnings ...` to show where the warning was created)
✔ 可打印不等于可建交出单，必须完成真实标签打印 (0.480083ms)
✔ 卷规格无效时不可建交出单，且不改变原可打印判定语义 (0.077292ms)
✔ 人工完成印花加工单不再自动填充操作人 (258.611792ms)
(node:78156) ExperimentalWarning: localStorage is not available because --localstorage-file was not provided.
(Use `node --trace-warnings ...` to show where the warning was created)
✔ 非 KOL PDA 导入不生成 KOL 领交料；首次 KOL 访问生成完整且幂等的演示记录 (297.624416ms)
✔ PDA 单任务读取保持普通任务、测试工厂与 KOL 任务内容和查找优先级 (3.608417ms)
(node:78159) ExperimentalWarning: localStorage is not available because --localstorage-file was not provided.
(Use `node --trace-warnings ...` to show where the warning was created)
✔ 实际唛架重复相同来源只建一次，票身份按该单颜色尺码和技术包部位定位 (0.504458ms)
✔ 重复ID不同内容不得覆盖；不同部位实例和尺寸不得合并 (0.233125ms)
✔ 跨单、错颜色、错物料、错部位和错误每件片数均阻断 (0.09525ms)
✔ 真实手动无铺布层序票可读且免层序编号，普通缺区间和伪手动来源仍阻断 (16.43175ms)
✔ 主料唛架只展开其明确部位，拼接料和口袋布各自保留，不猜未知映射 (8.118791ms)
(node:78161) ExperimentalWarning: localStorage is not available because --localstorage-file was not provided.
(Use `node --trace-warnings ...` to show where the warning was created)
✔ 可编辑的演示唛架保存后优先读取用户记录，刷新不恢复原备注和状态 (402.792375ms)
✔ 日报窗口含截止日7天，重点日均独立使用前6天 (0.94475ms)
✔ 未知采购不填0，未BOM不输出完整确定订单需求 (0.218167ms)
✔ 突变必须绝对量与比例同时达到阈值 (0.170667ms)
✔ 截止日突变示例与未完结日不判定 (0.109709ms)
✔ 共享商品按SPU去重而不按关联行累加销量 (0.277291ms)
✔ 预选不产生确定用料；BOM需求保留物料归属 (0.164083ms)
✔ 同料BOM优先于预选，不重复关系及需量 (0.07425ms)
✔ 两个业务页具有独立容器、标准分页与证据边界 (14.383583ms)
✔ 未进入物料页面时 bridge 不加载业务；加载失败重试后首次渲染即已注册 (3.291333ms)
✔ click 分组顺序、短路、选择器范围保持原行为，重新注册替换旧处理器 (0.578083ms)
✔ 备料写入守卫读取实时角色与水位，阻断时不调用业务处理器 (0.322625ms)
✔ input/change/keyboard 原入口、筛选范围和 change 优先级完整保留 (0.300625ms)
✔ health groups are exhaustive and mutually exclusive in demo (1.62ms)
✔ coverage and baseline use same inventory plus transit but distinct demand windows (0.178625ms)
✔ zero demand is unavailable rather than infinity and huge finite quotient stays finite (0.136ms)
✔ date selects different consistent snapshot (0.103667ms)
✔ threshold changes alter classification without changing facts (0.068042ms)
✔ health view carries core P1 business sections and mock caveat (14.982416ms)
✔ AT16 rules do not substitute brand, size or packaging method (0.836458ms)
✔ AT24 equal priority conflict blocks resolution and identifies rules (0.698458ms)
✔ higher explicit priority resolves a lower priority overlap (0.123291ms)
✔ plans distinguish garments and parcels and add loss once (0.274333ms)
✔ AT18 white pendant stock only allocated once (0.14375ms)
✔ event duplicate and old revision do not add consumption; reprints are activity only (0.226875ms)
✔ conflicting same revision fails instead of silently choosing a payload (0.121208ms)
✔ AT17/19/20 panel states unresolved ASAYA, independent kit80 and unknown ribbon (0.755917ms)
✔ trigger distinct from target, existing supply produces explainable zero (0.587334ms)
✔ missing mapping or usage and incompatible raw unit block unsafe generation (0.241541ms)
✔ generation reserves remaining once and shared raw pool across target rules (0.946541ms)
✔ production does not increase stock; actual SKU and output bound partial receipts (0.159125ms)
✔ cancelled suggestion releases commitment and raw allocation (0.067125ms)
✔ AT05 committed greige is not available for a second allocation (0.975958ms)
✔ AT06 partial receipt reduces expected supply; checking and qualified never duplicate (0.625292ms)
✔ AT07 unmapped target preserves quantities but gives no target coverage (0.198292ms)
✔ §7.2 loss reduces future supply; rejected receipts never become usable (0.09975ms)
✔ §7.3 unit/yield/route and conservation gaps block deterministic supply (0.115083ms)
✔ §7.3 candidate comparison reports remaining shortage and respects arrival deadline (0.13775ms)
✔ §7.3 zero gap stays zero and nonfinite inputs cannot produce advice (0.050708ms)
✔ panel uses owned local handlers and discloses mock and missing images (2.069917ms)
✔ P2 coefficients and coverage exclude transit (6.910791ms)
✔ P2 coverage buckets have exclusive shared boundaries (1.04875ms)
✔ P2 partial receipts and completed batches count remaining only (0.07575ms)
✔ P2 latest overdue selected only if no future batch; today included (0.06175ms)
✔ P2 search transit and ETA filters compose (0.154583ms)
✔ P2 zero demand and missing BOM preserve distinct nulls; micro demand excluded (0.064542ms)
✔ P2 standard table renders and limits initial rows to first page (5.481083ms)
✔ AT01/02 internal reservation stays in coverage while external reservation is deducted (10.47375ms)
✔ AT03 quality segments are not usable (0.139125ms)
✔ AT04 partial receipt leaves remaining supply only (0.17425ms)
✔ AT08/38 late supply never erases earlier shortage (0.135458ms)
✔ AT09 intermediate deficit determines net need rather than positive closing balance (0.119708ms)
✔ AT10 MOQ and pack rounding, zero stays zero (0.11475ms)
✔ AT11 horizon begins at cutoff and is not expanded by lead time (0.145541ms)
✔ AT12 forecast covered by confirmed demand is excluded before coefficient (0.120959ms)
✔ AT13 no demand has no numeric coverage (0.096958ms)
✔ AT14 cancelling demand does not change stock (0.138875ms)
✔ AT15 latest event revision only (0.375541ms)
✔ AT16/17 directory preserves bag sizes and ASAYA duplicated input is one unresolved SKU (0.082208ms)
✔ AT18 three brands draw from one shared pool (0.115375ms)
✔ AT19/20 kit capacity respects minimum and missing conversion (0.053625ms)
✔ AT21 inactive/unusable stock remains physically visible (0.083708ms)
✔ AT23 affected order identifiers are unique (0.09875ms)
✔ AT25/26 draft does not mutate active and invalidates trial (0.064208ms)
✔ AT26/28 publish requires role and exact trial; history retained (0.175ms)
✔ AT31 risk cannot close with remaining shortage or skip verification (0.157917ms)
✔ AT37 invalid dates, unknown timezone, bad numeric values rejected (0.078ms)
✔ duplicate supply chain does not double count and blocks deterministic advice (0.076375ms)
✔ warehouse catalogue includes 17 locations and two garment warehouses (0.034916ms)
✔ candidate comparison retains pre-arrival risk (0.264584ms)
✔ SKU-specific policy wins and duplicate rules block publish (0.116625ms)
(node:78170) ExperimentalWarning: localStorage is not available because --localstorage-file was not provided.
(Use `node --trace-warnings ...` to show where the warning was created)
✔ 逐票与逐打印任务保持原结构，变更一条只保存一条 (1.060458ms)
✔ 草稿按原映射键保存；手工票与操作记录分离，删除票保留审计 (0.223542ms)
✔ 拒绝损坏JSON且不冒充空数据 (0.124166ms)
✔ 拒绝空字符串且不冒充空数据 (0.051208ms)
✔ 拒绝错误根且不冒充空数据 (0.045875ms)
✔ 拒绝重复票号身份且不冒充空数据 (0.0545ms)
✔ 拒绝缺少票号且不冒充空数据 (0.043792ms)
✔ 拒绝错误状态且不冒充空数据 (0.038125ms)
✔ 拒绝打印关联缺失且不冒充空数据 (0.047208ms)
✔ 拒绝草稿身份缺失且不冒充空数据 (0.08ms)
✔ 拒绝手工日志缺失且不冒充空数据 (0.134ms)
✔ 拒绝手工二维码缺失且不冒充空数据 (0.30225ms)
✔ 已保存实体与备份身份校验，不接受伪造集合或迁移元数据 (0.416125ms)
✔ 袋账派生绑定锁，无需持久化派生票快照；关闭周转解除旧快照锁 (416.27ms)
✔ 唛架来源和铺布单逐实体保存，保留卷明细、层序及来源引用 (0.194625ms)
✔ 指定保存对象不复制重复静态唛架，也不覆盖其他已保存铺布单 (0.2045ms)
✔ 旧袋账按实体保留绑定与历史，局部动作不复制静态袋档案 (0.287375ms)
✔ 专用打印来源保留原票身份、数量、状态、袋锁及打印对象，不查询全量PDA与库存摘要 (6571.314583ms)
✔ 实际输出首打保持原身份与数量；动态与普通来源均可打印，失效来源阻断，重复首打不新增 (108.641166ms)
✔ 唛架引用读取失败明确阻断，不将迁移或读取错误伪装成空铺布来源 (0.817375ms)
✔ 用户唛架方案逐ID迁移保留床次和占用，修改一张不重写其它方案 (0.165584ms)
✔ PDA及手工票专用唛架定义与原完整投影等价，保留床次、数量和可铺布资格 (500.368042ms)
✔ 裁床配料按真实生产单范围读取与全量结果逐字段相等，保留库存、领取、状态与任务链接 (591.825541ms)
✔ PDA铺布目标直接携带真实已保存铺布单的裁床与负责人，不另算整套列表 (335.939625ms)
✔ 铺布投影复用唛架定义仍保留已保存session的卷明细、裁床、负责人和实际裁剪数量 (396.951792ms)
✔ 路由标准化移除 query 与 hash，但不改动路径 (0.360667ms)
✔ 只匹配路由根或其子路径，不误匹配相似前缀 (0.095417ms)
✔ 可在多个合法根路径中匹配一个 (0.0595ms)
✔ 只把完整生产确认单打印路由识别为命中 (0.0915ms)
✔ 专业任务必须全部有效明细通过且保留成果与审核事实 (0.77625ms)
✔ 纸样名称或物料关联不能替代可读取原文件 (10.969ms)
(node:78173) ExperimentalWarning: localStorage is not available because --localstorage-file was not provided.
(Use `node --trace-warnings ...` to show where the warning was created)
✔ 目标 SKU 的四种加工组合、前序实物和 BOM Q 均按已建档字段读取 (1.438625ms)
✔ 整单总量口径保存后仍按一次总量计算，不被样衣件数重复放大 (1473.194708ms)
✔ 一张设计改款 BOM 同时有 Yard 面料和 PCS 辅料时，各行独立计量且辅料无需加工调拨 (64.383375ms)
✔ 复用既有纸样与参照 BOM 的无印染任务可直接提交样衣并自动完成；复制只生成草稿 (1117.623166ms)
✔ 批量复制保留物料、费用和样衣安排为独立可编辑草稿，不生成工作 (83.075375ms)
✔ 单页创建同时保存物料、费用与样衣要求；失败不留下空任务 (63.610417ms)
✔ 加工按物料行及实际阶段执行：纯染行与先染后印行独立串联 (223.07ms)
✔ 旧设计任务移除线下工作和依赖，保留加工单身份、样衣成果及原始输入 (1221.1725ms)
✔ 任务汇总排除未启用，待前置只列出未完成依赖，关闭单不继续催办 (1.935083ms)
✔ 筛选覆盖关键词、状态、跟单、待办、类型、团队和日期边界，统计范围一致 (0.414875ms)
✔ CSV包含全部匹配行和任务责任计划，不含操作列，特殊文字正确转义 (0.45075ms)
✔ 生产准备必须读取测款最终通过事实，保存时重新校验且失败不生成主单 (1171.187208ms)
✔ PATTERN_ARTWORK 多明细全部有效项通过才完成，同SKU不同要求不合并 (0.488834ms)
✔ COLOR_FABRIC 多明细全部有效项通过才完成，同SKU不同要求不合并 (0.066ms)
✔ COLOR_YARN 多明细全部有效项通过才完成，同SKU不同要求不合并 (0.060542ms)
✔ 多辅料分单覆盖，第一张下单不足以完成，失效单不能提供覆盖 (0.253292ms)
✔ 专业列表业务字段查询与责任、来源、计划边界组合，未登记计划不误入日期结果 (0.660208ms)
(node:78179) ExperimentalWarning: localStorage is not available because --localstorage-file was not provided.
(Use `node --trace-warnings ...` to show where the warning was created)
✔ targeted PCS baseline reads return independent records without cloning unrelated collections (149.262083ms)
✔ PCS 前插多个新记录保留全部既有位置，重复保存不产生位置变化 (2.373958ms)
✔ PCS 单条置顶、居中插入、删除保持实际顺序且不移动其余记录 (0.226667ms)
✔ PCS 图片按款号和颜色固定，尺码不改变照片，未知对象没有随机图片 (0.704167ms)
✔ 历史 Mock 只替换登记的旧图，保留用户图片及未知款式 (0.382958ms)
✔ 后道 QC 来源 SKU 保留原身份和数量，五种颜色分别绑定对应实拍 (0.080792ms)
✔ 后道历史快照只迁移准确 SKU 的旧示意图，质检数量与用户图不变 (0.178125ms)
(node:78182) ExperimentalWarning: localStorage is not available because --localstorage-file was not provided.
(Use `node --trace-warnings ...` to show where the warning was created)
✔ SAMPLE-FIX-01–05/11: actual request→reserve→approve→pickup→return→receipt; stable own IDs and detached reads (851.239667ms)
✔ SAMPLE-FIX-03/05: all invalid input blocks writes; cancellation/rejection frees only own reservation (433.604084ms)
✔ SAMPLE-FIX-08/09/11: cases and stocktake persist independently, cannot execute twice or masquerade as adjustment (496.24725ms)
(node:78183) ExperimentalWarning: localStorage is not available because --localstorage-file was not provided.
(Use `node --trace-warnings ...` to show where the warning was created)
✔ HG-001/002/004: SKU identity survives duplicate receipts, transfers and repeats; HG resolves SKU (209.276375ms)
✔ HG-005/006/008: printed data and bounded settings; no truncation, images or state writes (0.520666ms)
✔ HG-002/004 regression: older receipt without identities retains its first date; raw SKU is never HG (74.258709ms)
(node:78184) ExperimentalWarning: localStorage is not available because --localstorage-file was not provided.
(Use `node --trace-warnings ...` to show where the warning was created)
✔ SAMP-001–013 Mock: receipt → all SKU tags → live/home → production/factory/department/warehouse → marketing, with adversarial gates (1186.209584ms)
(node:78185) ExperimentalWarning: localStorage is not available because --localstorage-file was not provided.
(Use `node --trace-warnings ...` to show where the warning was created)
✔ PDA 列表轻量摘要与详情的归属、数量、物料和下一步一致 (873.586792ms)
(node:78186) ExperimentalWarning: localStorage is not available because --localstorage-file was not provided.
(Use `node --trace-warnings ...` to show where the warning was created)
✔ 按工厂投影不改变全能力、印花、染色、中央与裁片演示账号可见任务 (807.642125ms)
(node:78187) ExperimentalWarning: localStorage is not available because --localstorage-file was not provided.
(Use `node --trace-warnings ...` to show where the warning was created)
✔ 接单工厂范围保留全量投影中本厂每个任务的身份、数量、状态及接单/中标结果 (2387.671708ms)
(node:78188) ExperimentalWarning: localStorage is not available because --localstorage-file was not provided.
(Use `node --trace-warnings ...` to show where the warning was created)
✔ PDA order/task link indexes preserve all full-index candidates without constructing unrelated material rows (544.33175ms)
✔ ordinary sewing direct lookup keeps every field and factory permission from the complete canonical projection (365.929ms)
✔ runtime sewing overrides and legacy/missing IDs retain the complete projection result (509.025292ms)
✔ one fresh read-only object snapshot preserves readiness, context and unknown references without refreshing per miss (459.554125ms)
✔ PDA handlers wait for part-ticket hydration, and the real detail is not mounted before both dependencies complete (42.407708ms)
✔ ordinary sewing detail leaves unrelated PMS initialization pending until a normal module entry (30.782625ms)
✔ same-navigation sewing preload discovers actual bundle entries and static closure without evaluating modules (82.072875ms)
✔ preview compression includes the same sewing static chunks and retains existing assets without broad lazy-route output (9.23125ms)
(node:78190) ExperimentalWarning: localStorage is not available because --localstorage-file was not provided.
(Use `node --trace-warnings ...` to show where the warning was created)
✔ 中转袋交出与实际入仓使用同一浏览器本地业务时间，不把 UTC 当作本地时间 (2.344834ms)
[PMS_IDB_LOAD_FAILED] { message: '当前浏览器不支持 IndexedDB,PMS 业务数据无法持久化。' }
✔ 物流商新增字段保存回显并写入操作日志 (3.723625ms)
✔ 物流商数字字段非负校验与运输方式枚举校验 (0.292333ms)
✔ 渠道新增字段保存回显，条件计费字段按计费方式保留 (0.390542ms)
✔ 整柜渠道不要求新增计费字段，仍要求四箱型完整配置 (0.131667ms)
✔ 渠道数字字段非负与时效区间校验 (0.123ms)
✔ 头程批次聚合展示总箱数、总重量、总体积与转运天数 (0.4645ms)
✔ 工序链按保存顺序生效，合法工序集合固定，非法或重复工序被拒 (2.696708ms)
✔ 坯布 SKU 必填，坯布库存为 0 时调拨资格被拒，补足后恢复 (0.682541ms)
✔ 采购单按勾选 SKU 生成明细，数量与枚举非法被拒 (0.343291ms)
✔ 调拨单可选择调出仓库与调入目标，同步生成加工单号链 (0.420625ms)
✔ 批量刷新库存更新全部监控行与刷新时间并写日志 (0.385958ms)
✔ 手动添加监控 SKU 校验 SKU 必填与重复，添加后进入列表 (0.603292ms)
✔ 物料申报扩展字段保存回显，26 项特殊属性按数组保存 (2.835375ms)
✔ 报关扩展：法定第二计量单位与数值，不报关分支跳过必填校验 (0.354708ms)
✔ BOM 业务选项与价格/成本、工厂、布料字段保存回显 (1.269667ms)
✔ 主体经营 9 项成本明细加调整重算总成本，数据缺失提醒可消除 (0.736542ms)
✔ 供应商从草稿到启用遵循状态机，名称唯一 (1.670208ms)
✔ 供货档案包装换算与快照版本 (0.199917ms)
✔ 物料全部有真实图片，采购补充信息可更新且不新增删除 (0.319833ms)
✔ 成衣与样衣 SKU 只读列表数据完整 (0.155167ms)
✔ 仓库同步更新时间，单位字典唯一且不可删除只可启停 (0.301166ms)
✔ BOM 用量可修改，说明可保存，发布后可生成面辅料需求 (1.400833ms)
[PMS_IDB_LOAD_FAILED] { message: '当前浏览器不支持 IndexedDB,PMS 业务数据无法持久化。' }
[PMS_IDB_UNAVAILABLE] put 跳过,数据仅保留在内存 { store: 'pmsMaterialPurchaseOrderDeltas', key: 'CGF-2026-0005' }
[PMS_IDB_UNAVAILABLE] put 跳过,数据仅保留在内存 { store: 'pmsMaterialPurchaseOrderDeltas', key: 'CGF-2026-0001' }
[PMS_IDB_UNAVAILABLE] put 跳过,数据仅保留在内存 { store: 'pmsMaterialPurchaseOrderDeltas', key: 'CGF-2026-0007' }
✔ 面辅料需求种子就绪且可按物料行下推采购单 (2.813291ms)
✔ 快递信息导入校验采购单存在、单号唯一、日期与数量合法 (0.4185ms)
✔ 国内签收、加入头程、状态推进与到仓自动签收 (1.394875ms)
✔ 供应商确认单需标签齐备，确认后回写采购单 (1.609584ms)
✔ 整柜渠道必须完整配置四个箱型，物流商可启停 (0.650042ms)
✔ 面辅料采购单可带原因关闭，关闭后不能再登记到货 (0.462458ms)
✔ 库存监控触发线与建议量公式，规则异常阻断建单 (2.879917ms)
✔ 建单数量不得超过建议量，调拨与采购资格分别阻断 (0.328709ms)
✔ 中转看板指标、分布与筛选跳转规则 (0.552833ms)
✔ 生产单校验与配料任务只读数据完整，系统设置结果为 8/6/10 (0.211041ms)
✔ 种子采购单按 SRM 生成器规律补齐单据级与明细级字段 (0.725417ms)
✔ 新建做货采购单保存采购专员、加急、首单、区域与明细字段并可回显 (0.987625ms)
✔ 未传新增字段时沿用默认值并保持既有命令兼容 (0.10075ms)
✔ 采购专员必填、做货必须选区域、重量非负均抛出中文 PmsDomainError (0.307708ms)
✔ 编辑采购单保存新增字段并回显，非法输入被阻断 (0.258125ms)
✔ BOM 状态与 bomMatched 一致，未发布 BOM 的做货明细为未匹配 (0.174375ms)
✔ 行采购金额使用 roundPmsQty 且汇总等于逐行金额之和 (0.116167ms)
✔ 采购建议按缺口公式与折扣计算，并计入有效 KOL 申请 (0.689ms)
✔ KOL 草稿与已驳回不计入建议缺口 (0.086416ms)
✔ 建议转采购单后写回已转数量与部分生成状态 (2.611958ms)
✔ 面辅料需求按 BOM 用量与损耗扣减库存和采购中 (1.214834ms)
✔ 重复生成、草稿采购单与非做货采购单均被阻断 (0.203125ms)
✔ KOL 单条超量需要二次确认，超过申请量直接阻断 (0.567125ms)
✔ 驳回 KOL 需求后不再计入建议缺口 (0.247209ms)
✔ 关闭采购单必须填写原因且已关闭不可重复关闭 (0.394042ms)
[PMS_IDB_LOAD_FAILED] { message: '当前浏览器不支持 IndexedDB,PMS 业务数据无法持久化。' }
[PMS_IDB_SAVE_FAILED] 创建请款单 IDB 写入失败 {
  requestNo: 'PAY-M-2026-0006',
  message: '当前浏览器不支持 IndexedDB,PMS 业务数据无法持久化。',
  degraded: 'memory-only'
}
[PMS_IDB_SAVE_FAILED] 创建请款单 IDB 写入失败 {
  requestNo: 'PAY-L-2026-0004',
  message: '当前浏览器不支持 IndexedDB,PMS 业务数据无法持久化。',
  degraded: 'memory-only'
}
[PMS_IDB_SAVE_FAILED] 作废请款单 IDB 写入失败 {
  requestNo: 'PAY-L-2026-0004',
  message: '当前浏览器不支持 IndexedDB,PMS 业务数据无法持久化。',
  degraded: 'memory-only'
}
✔ 主体经营明细总成本、毛利与毛利率公式 (1.4365ms)
✔ 面辅料对账：预计/实际双层公式，费用项与差异双重门禁 (3.950042ms)
✔ 面辅料费用项部分确认、批量确认与编辑失效 (0.524917ms)
✔ 请款草稿跨页创建、请款与付款上限、编辑范围 (0.857375ms)
✔ 物流实际费用 12 列导入校验、不自动确认与确认后锁定 (0.452ms)
✔ 请款单作废释放来源对账，已有付款不能作废 (0.332833ms)
✔ 供应商账单 9 列导入覆盖实际层且不自动确认 (0.26375ms)
✔ 金额大写按 RMB 规则输出并覆盖跨节零 (0.124ms)
[PMS_IDB_UNAVAILABLE] put 跳过,数据仅保留在内存 { store: 'pmsMaterialPurchaseOrderDeltas', key: 'CGF-2026-0005' }
[PMS_IDB_LOAD_FAILED] { message: '当前浏览器不支持 IndexedDB,PMS 业务数据无法持久化。' }
[PMS_IDB_UNAVAILABLE] put 跳过,数据仅保留在内存 { store: 'pmsMaterialPurchaseOrderDeltas', key: 'CGF-2026-0005' }
[PMS_IDB_UNAVAILABLE] put 跳过,数据仅保留在内存 { store: 'pmsMaterialPurchaseOrderDeltas', key: 'CGF-2026-0005' }
[PMS_IDB_UNAVAILABLE] put 跳过,数据仅保留在内存 { store: 'pmsMaterialPurchaseOrderDeltas', key: 'CGF-2026-0005' }
[PMS_IDB_UNAVAILABLE] put 跳过,数据仅保留在内存 { store: 'pmsMaterialPurchaseOrderDeltas', key: 'CGF-2026-0005' }
[PMS_IDB_UNAVAILABLE] put 跳过,数据仅保留在内存 { store: 'pmsMaterialPurchaseOrderDeltas', key: 'CGF-2026-0005' }
✔ 生成卷号按前缀、每卷米数、重量与起始序号生成并写入包装明细 (2.634583ms)
✔ 生成卷号时尾卷承载剩余数量，卷数按采购数量与每卷米数自动取整 (0.529208ms)
✔ 非法卷号参数被拒绝并抛出中文域错误 (0.374541ms)
✔ 生成标签后二维码内容包含卷号与箱规，参与打印 (0.295458ms)
✔ 箱规新增自动计算体积，重复箱号与非法尺寸被拒，删除后计数正确 (0.291292ms)
✔ 包装明细可新增与删除，非法输入被拒且删除后计数正确 (0.245916ms)
✔ 被包装明细引用的箱规不能删除 (0.683042ms)
✔ 供应商枚举与 SRM 完全一致，旧枚举不再出现 (0.736625ms)
✔ 种子字段满足 SRM 枚举且协同指标为数字 (0.123125ms)
✔ 新增字段保存并回显，成功命令写入操作日志 (1.395458ms)
✔ 编辑保存新增字段并保持状态机与事件名不变 (0.201417ms)
✔ 非法或缺失输入抛 PmsDomainError 且不写入数据 (0.335167ms)
✔ 详情与列表展示新增字段、SRM 枚举与协同指标 (16.039584ms)
(node:78202) ExperimentalWarning: localStorage is not available because --localstorage-file was not provided.
(Use `node --trace-warnings ...` to show where the warning was created)
✔ CONTRACT-002: business allocation day is day 1 and every calendar day counts, including Sunday (0.599375ms)
✔ CONTRACT-002: the three contracts retain 4/8/9, 5/9/10 and 6/9/12 calendar-day milestones (1.28575ms)
✔ CONTRACT-002: invalid calendar dates and counting days still fail without creating deadlines (0.466333ms)
(node:78203) ExperimentalWarning: localStorage is not available because --localstorage-file was not provided.
(Use `node --trace-warnings ...` to show where the warning was created)
✔ 实际耗时跨周日仍按真实时间差；没有可靠时间不造耗时 (0.427542ms)
✔ 每任务都达成才结束；同一来源去重，作废明细不影响主表 (0.144959ms)
✔ 耗时页 Mock 至少覆盖九张生产单和全部节点，且下游事实不会越过未完成的前置节点 (515.496125ms)
✔ 裁片放行按一张放行单内的多次放行展示并选取节点起止时间 (64.24925ms)
(node:78204) ExperimentalWarning: localStorage is not available because --localstorage-file was not provided.
(Use `node --trace-warnings ...` to show where the warning was created)
✔ EXC-001—004: a reference mark cannot change debt, strict kits or final task responsibility (4.872709ms)
(node:78205) ExperimentalWarning: localStorage is not available because --localstorage-file was not provided.
(Use `node --trace-warnings ...` to show where the warning was created)
✔ 派单新增主档工厂可登记承接关系，未知工厂仍阻断 (1.788292ms)
✔ 专属任务保留整单身份、数量和接收方，工艺分支保留全部前置关系 (0.85925ms)
✔ 原生产单车缝任务仍可被 PPIC 分配与责任移交识别，SKU 总量完整 (8.570834ms)
✔ PRINT-HISTORY-001: demo identities remain fixed and reject another factory or task (1.045ms)
✔ PRINT-HISTORY-002: DYE-GOTO-GLOBAL historical slot 09 survives independent reloads without overwriting (1922.572875ms)
✔ PRINT-HISTORY-002: ID-FAC-001165 historical slot 09 survives independent reloads without overwriting (2224.559958ms)
(node:78208) ExperimentalWarning: localStorage is not available because --localstorage-file was not provided.
(Use `node --trace-warnings ...` to show where the warning was created)
✔ VERIFY-003: dispatch reads keep all documents and independent copies without projecting unrelated business views (189.244084ms)
✔ frozen printing images are losslessly stored once across orders, tasks and attachments (3.785792ms)
✔ missing or malformed image references fail rather than silently replacing frozen evidence (0.491167ms)
(node:78210) ExperimentalWarning: localStorage is not available because --localstorage-file was not provided.
(Use `node --trace-warnings ...` to show where the warning was created)
✔ PERF-002/004: scoped receiving reads preserve direct receipts and allocations, without exposing mutable facts (13.601167ms)
✔ PERF-002/004: a synchronous relation read matches independent reads and releases its scope after errors (658.018041ms)
✔ PERF-004: batched print list reviews and handovers equal independently read facts (302.319375ms)
✔ PERF-004: scoped handovers keep canonical sorting and task point reads preserve identity (15.319625ms)
✔ PERF-004: reusing warehouse documents preserves each dye order source, quantity and receiver (253.386917ms)
(node:78212) ExperimentalWarning: localStorage is not available because --localstorage-file was not provided.
(Use `node --trace-warnings ...` to show where the warning was created)
✔ craft source selection preserves all previous source choices and isolated snapshots (10.680375ms)
✔ source eligibility is re-evaluated after a source order changes (0.114459ms)
(node:78213) ExperimentalWarning: localStorage is not available because --localstorage-file was not provided.
(Use `node --trace-warnings ...` to show where the warning was created)
✔ 生产单创建来源只覆盖旧匹配事实，不复活已取消或覆盖更新后的匹配 (0.396416ms)
✔ 提前来源随PO唯一保存，重复生成不会追加第二份事实；查询投影不反向写PO (0.2835ms)
✔ 失败和嵌套投影后创建stage标记恢复，不影响后续染印执行保存 (0.20875ms)
✔ 备份拒绝错误归属、重复、未知状态和缺少正式冻结来源的匹配 (0.1545ms)
(node:78214) ExperimentalWarning: localStorage is not available because --localstorage-file was not provided.
(Use `node --trace-warnings ...` to show where the warning was created)
✔ 验收数据至少包含 5 张染色和 5 张印花提前加工单，并覆盖全部匹配状态 (366.687583ms)
✔ 印花专业成果把多张图片和多个文件统一保存在同一附件集合 (0.122833ms)
✔ 同一生产需求可手动选择具体专业任务，创建结果保存所选任务与全部成果附件 (29.598167ms)
✔ 创建提前加工单必须选择所属专业任务并明确加工厂 (2.754834ms)
✔ 计划加工数量包含损耗率，且染色印花投入与产出 SKU 必须不同 (0.12775ms)
✔ 专业成果未审核通过时不可创建提前加工单 (0.107125ms)
✔ 多个生产需求合并为一张生产单时，可匹配多张提前染色加工单 (33.528542ms)
✔ 等待技术包的提前单在技术包就绪后可由同一匹配服务自动重试 (10.9225ms)
✔ 合并生产单中只有部分需求有提前单时，只为未覆盖需求补建剩余数量 (34.912792ms)
✔ 已有提前单但正式 BOM 或 SKU 不一致时进入异常，且不重复补建同一工艺单 (47.1425ms)
✔ 取消后重建保留旧单，并建立双向替代关系 (3.533583ms)
✔ 没有提前加工单的需求仍保留正式加工单快照 (4.048834ms)
✔ 查生产入口只在合法系统路由显示，并在打印与 PDA 路由隐藏 (0.557292ms)
✔ 相似前缀和相似打印段不会被当成合法路由 (0.072292ms)
(node:78216) ExperimentalWarning: localStorage is not available because --localstorage-file was not provided.
(Use `node --trace-warnings ...` to show where the warning was created)
✔ 静态生产单更新任务状态时保留原冻结资料，不强造不存在的技术版本 (0.719042ms)
✔ 沿用静态资料的例外不能用于新单、篡改快照或错误技术版本 (0.536583ms)
(node:78217) ExperimentalWarning: localStorage is not available because --localstorage-file was not provided.
(Use `node --trace-warnings ...` to show where the warning was created)
✔ PERF-001: runtime snapshot and all nine subsets preserve every production order value and caller isolation (18.284208ms)
✔ PERF-001: a subset read does not traverse or clone unrelated snapshot sections (0.230125ms)
✔ PERF-001: paper pattern binding strips and nested craft arrays remain isolated after mutation (0.24775ms)
✔ PERF-001: replacing or updating the bound snapshot is visible immediately without a stale cache (0.153459ms)
✔ PERF-001: missing production order keeps null and empty-list contracts (0.078083ms)
✔ finished preparation and purchase keep their delay without claiming current work is on time (4.980375ms)
✔ absence of applicable records and missing timing inputs are not healthy or not-yet-due (1.036709ms)
✔ inbound quantity and final time completeness produce distinct business results (0.284292ms)
✔ reached late milestone has zero only for that milestone, not the whole task (4.349916ms)
✔ creation and handover clocks explain their different unfinished endpoints (1.667791ms)
✔ all current scenes avoid ambiguous headline defaults and literal unknown numbers (13.119458ms)
✔ contract graph with missing allocation date or actual holdings cannot assert not-yet-due or achieved (2.50175ms)
✔ opening a follow-up modal only reads, and empty inputs never appear saved (6.283792ms)
✔ save waits for completion and readback, rejects double-click writes, and stores realtime feedback without a forecast (23.520959ms)
✔ failed save retains all inputs and retries the exact same operation ID (11.168375ms)
✔ commit followed by readback failure remains unconfirmed until a read proves the same record (7.253084ms)
✔ work must belong to the current production order and expected time must be valid (2.428875ms)
✔ read failure retains a draft and does not treat unavailable records as a normal empty history (1.717625ms)
✔ old logs are retained, but never assigned to a new production order by inference (1.514958ms)
✔ FLOW graph late: full lifecycle keeps allocation, execution and four post stages (4.0925ms)
✔ FLOW graph normal: full lifecycle keeps allocation, execution and four post stages (3.823959ms)
✔ FLOW graph complete: full lifecycle keeps allocation, execution and four post stages (1.586416ms)
✔ FLOW graph completeLate: full lifecycle keeps allocation, execution and four post stages (6.946583ms)
✔ FLOW graph completeUnknown: full lifecycle keeps allocation, execution and four post stages (2.296ms)
✔ FLOW graph partial: full lifecycle keeps allocation, execution and four post stages (1.643584ms)
✔ FLOW graph reordered: full lifecycle keeps allocation, execution and four post stages (3.88625ms)
✔ FLOW graph reachedLate: full lifecycle keeps allocation, execution and four post stages (3.3275ms)
✔ FLOW graph positioning: full lifecycle keeps allocation, execution and four post stages (0.619ms)
✔ FLOW graph prepPending: full lifecycle keeps allocation, execution and four post stages (0.612916ms)
✔ FLOW graph sampleLate: full lifecycle keeps allocation, execution and four post stages (2.760125ms)
✔ FLOW graph samplePending: full lifecycle keeps allocation, execution and four post stages (2.335167ms)
✔ FLOW graph fullContract: full lifecycle keeps allocation, execution and four post stages (3.83925ms)
✔ FLOW graph materialBatches: full lifecycle keeps allocation, execution and four post stages (0.354792ms)
✔ FLOW graph materialPartial: full lifecycle keeps allocation, execution and four post stages (0.251166ms)
✔ FLOW graph live: full lifecycle keeps allocation, execution and four post stages (1.489792ms)
✔ FLOW graph unknown: full lifecycle keeps allocation, execution and four post stages (0.285667ms)
✔ FLOW graph unassigned: full lifecycle keeps allocation, execution and four post stages (1.251166ms)
✔ FLOW graph sameFactory: full lifecycle keeps allocation, execution and four post stages (1.901792ms)
✔ FLOW graph handoverPartial: full lifecycle keeps allocation, execution and four post stages (0.327542ms)
✔ FLOW live: QC, processing, recheck quantities have distinct current positions while history remains (1.199125ms)
✔ FLOW full contract: scopes and execution documents stay distinct from cumulative contract milestones (0.099709ms)
✔ FLOW delivery: outgoing without warehouse receipt keeps waiting clock active (0.064708ms)
✔ FLOW one post work order shares projects, quantity and clock without per-project chains (0.490583ms)
✔ FLOW bypass records go from completed QC directly to delivery, without fabricated processing or recheck (0.2465ms)
✔ FLOW summary cards distinguish pending, unknown, historical and current states without invented SLA (1.674292ms)
✔ FLOW mixed QC, processing and recheck quantities are summarized as post handling rather than processing (0.538958ms)
✔ FLOW pending inspection and recheck are not started rather than unknown, consistently with rails (0.113ms)
✔ FLOW pending document cards and summaries describe unstarted clocks rather than missing times (0.869792ms)
✔ FLOW document modal has one project block for its single processing order (0.437167ms)
✔ COPY developer round: unknown purchase keeps allocation and execution responsibilities unverified (0.085167ms)
✔ COPY developer round: mixed post history and active work both remain visible (0.068417ms)
✔ COPY developer round: partial warehouse quantity is not a completed stage (0.924584ms)
✔ COPY developer round: process start and quantity appear once, QC uses its own business action (0.351208ms)
✔ FLOW-MOCK-001: all 20 scenarios retain source facts with documented COPY-211 cutting correction (23.3485ms)
✔ FLOW-MOCK-002: every early-stage scenario has an honest full-flow skeleton and unknown purchase has no invented work (0.472333ms)
✔ FLOW-MOCK-003: allocation and actual sewing are distinct and each of the three contract scopes has only its applicable steps (0.404667ms)
✔ FLOW-MOCK-004: batches partition original receipts within each task and each source receipt exactly once (0.275958ms)
✔ FLOW-MOCK-005: actual positions preserve warehouse, delivery, processing aggregate amounts and explicit unknown remainder (0.165375ms)
✔ FLOW-MOCK-006: current QC, processing, recheck, delivery and warehouse positions have distinct document facts (0.281709ms)
✔ FLOW-MOCK-007: batch event chronology is ordered and all recorded actual events precede the fixed viewing time (1.069708ms)
✔ FLOW-MOCK-008: completed orders keep complete post history and missing last inbound time is never fabricated (0.079292ms)
✔ FLOW-MOCK-009: factory-contracted packing is not assigned again in post, and the no-post-processing route is explicit (0.289584ms)
✔ FLOW-MOCK-010: every new document is task scoped, batch scoped when applicable, and has valid same-scene relationships (2.258125ms)
✔ FLOW-MOCK-011: independent sewing keeps all applicable post items inside one processing document and one overall clock (0.37225ms)
✔ FLOW-MOCK-012: each batch has at most one post-processing document with the prototype item, status, quantity and timing contract (1.677041ms)
✔ FLOW-MOCK-013: actual quality results generate only applicable processing, completion generates recheck, and no processing goes straight to warehouse delivery (0.190959ms)
✔ COPY-211: full contract scope does not duplicate in-house cutting or release (0.430542ms)
✔ every sewing and post-finishing document type opens its actual native module detail (71.747083ms)
✔ sewing task execution preserves the matching contract rather than entering the allocation workbench (2.357959ms)
✔ post-finishing QC and recheck retain their own task results, batches, and downstream documents (16.04725ms)
✔ post delivery shows actual outgoing and finished-goods receipt separately (10.170541ms)
✔ completed orders retain the recorded post-finishing document history (1.603208ms)
✔ unknown or wrongly routed full-flow documents do not produce invented detail pages (0.253708ms)
✔ recorded finished-goods receipt without its time stops the handover clock rather than creating current waiting (0.474833ms)
✔ clock completion matches its own final business event across work and handover (0.112ms)
✔ native post document uses the same Chinese current-position label as the diagram (9.439583ms)
✔ explicitly pending work is not mislabeled as missing actual start time in native clocks (0.499166ms)
✔ native post work detail keeps one project set, one clock and classified quantities (0.259875ms)
✔ post recheck describes SKU quantity and barcode verification rather than a second quality inspection (0.283458ms)
✔ original post work documents preserve their recorded completed quantities without requiring new project fields (1.118917ms)
✔ delivery awaiting warehouse receipt is not described as an unfinished upstream prerequisite (0.274417ms)
✔ completed late work and unfinished overdue work remain different in management and the actual source detail (29.921792ms)
✔ a late reached contract is a ended node, and future unreached targets are not current debt (34.196333ms)
✔ missing allocation date or factory actual pickup keeps unknown distinct from an on-time contract (24.185541ms)
✔ source contract deadline uses allocation day as day 1 even when business date contains a clock time (23.686625ms)
✔ full warehouse quantities without last receipt time never imply an on-time result or enter the rate denominator (18.709375ms)
✔ purchase association unknown never asserts that production has not been created or begun (0.791959ms)
✔ sample timing is by actual handout date and remains separate from approval result (13.939417ms)
✔ completed whole-order elapsed time stops at final warehouse receipt; export names quantities and states precisely (24.090041ms)
✔ zero actual pickup is a known zero awaiting a contract denominator, not a missing value or automatic achievement (20.79775ms)
✔ missing execution evidence does not imply that material has not arrived or that work is confirmed overdue (3.213333ms)
✔ POST-FOLD late: post work is nested and the sewing label is unified (3.393542ms)
✔ POST-FOLD normal: post work is nested and the sewing label is unified (3.508292ms)
✔ POST-FOLD complete: post work is nested and the sewing label is unified (1.493666ms)
✔ POST-FOLD completeLate: post work is nested and the sewing label is unified (3.863541ms)
✔ POST-FOLD completeUnknown: post work is nested and the sewing label is unified (1.081084ms)
✔ POST-FOLD partial: post work is nested and the sewing label is unified (1.661625ms)
✔ POST-FOLD reordered: post work is nested and the sewing label is unified (3.728417ms)
✔ POST-FOLD reachedLate: post work is nested and the sewing label is unified (2.535958ms)
✔ POST-FOLD positioning: post work is nested and the sewing label is unified (0.313333ms)
✔ POST-FOLD prepPending: post work is nested and the sewing label is unified (0.297833ms)
✔ POST-FOLD sampleLate: post work is nested and the sewing label is unified (1.3525ms)
✔ POST-FOLD samplePending: post work is nested and the sewing label is unified (1.350833ms)
✔ POST-FOLD fullContract: post work is nested and the sewing label is unified (1.880375ms)
✔ POST-FOLD materialBatches: post work is nested and the sewing label is unified (0.281166ms)
✔ POST-FOLD materialPartial: post work is nested and the sewing label is unified (1.221458ms)
✔ POST-FOLD live: post work is nested and the sewing label is unified (1.559ms)
✔ POST-FOLD unknown: post work is nested and the sewing label is unified (0.308917ms)
✔ POST-FOLD unassigned: post work is nested and the sewing label is unified (1.335042ms)
✔ POST-FOLD sameFactory: post work is nested and the sewing label is unified (2.028541ms)
✔ POST-FOLD handoverPartial: post work is nested and the sewing label is unified (0.356ms)
✔ POST-TIME: completed and active work show actual times and longest own clock without inventing an SLA (0.429583ms)
✔ POST-TIME: known document requirements distinguish unfinished late work from completed late history (0.185ms)
✔ PAGE-001 / SCENE-17 / 20: 19 unique production orders plus one purchase awaiting association preserve the 19 accepted base scenes (1.275833ms)
✔ MASTER-001 / SCENE-07: reversing purchase order input retains earliest precise start and 28-day deadline (0.225292ms)
✔ MASTER-002: full warehouse completion at the exact deadline is timely; one minute later is late (0.173583ms)
✔ SCENE-03—05: warehouse facts establish completion separately from final timestamp and stale upstream records (0.159875ms)
✔ SCENE-06 / 16 / 18: quantity positions conserve pieces while missing position and task ownership remain distinct (4.573709ms)
✔ CONTRACT-002 / SCENE-13: three return contracts use calendar days including Sunday and their actual held quantities (1.128333ms)
✔ SCENE-19: B factory total 40% cannot cover the independently overdue B01 task (0.982625ms)
✔ SCENE-02 / 08: timely returns and late reached milestone differ from a currently overdue unmet milestone (0.830333ms)
✔ SCENE-09 / 10: preparation is a parallel four/five-day stage with separately recorded production and handover (4.108042ms)
✔ SCENE-11 / 12: sample date is pickup plus three; failed or unsubmitted sample does not move the return deadline (3.706542ms)
✔ SCENE-14: stock 600 meters advances before the independent 900-meter purchase batch, with three work/handover records each (2.68775ms)
✔ SCENE-15: known 600-meter receipt is preserved while the 900-meter purchase remains unknown and currently late (0.988834ms)
✔ SCENE-20: partial factory handover retains 2400 sleeve pieces received and 600 disputed without closing the handover or converting to garments (2.112917ms)
✔ SCENE-01: completed preparation/material delays remain history while sleeve work has a current 600-piece gap (2.360584ms)
✔ PREP / CRAFT: auxiliary work is three days each; bulk dye/print/wash and handovers have no invented SLA (3.292916ms)
✔ SOURCE / UI: document IDs, related ownership, native routes and source summaries are coherent without read mutation (34.212042ms)
✔ SOURCE: there are no future actual events or reversed processing/handover times in the fixed demonstration (5.255458ms)
✔ SCENE late: expanded accepted diagram retains its business nodes and source documents (1.478458ms)
✔ SCENE normal: expanded accepted diagram retains its business nodes and source documents (2.038917ms)
✔ SCENE complete: expanded accepted diagram retains its business nodes and source documents (1.515208ms)
✔ SCENE completeLate: expanded accepted diagram retains its business nodes and source documents (1.580375ms)
✔ SCENE completeUnknown: expanded accepted diagram retains its business nodes and source documents (0.9105ms)
✔ SCENE partial: expanded accepted diagram retains its business nodes and source documents (1.124167ms)
✔ SCENE reordered: expanded accepted diagram retains its business nodes and source documents (1.295166ms)
✔ SCENE reachedLate: expanded accepted diagram retains its business nodes and source documents (1.084208ms)
✔ SCENE positioning: expanded accepted diagram retains its business nodes and source documents (0.73775ms)
✔ SCENE prepPending: expanded accepted diagram retains its business nodes and source documents (0.552167ms)
✔ SCENE sampleLate: expanded accepted diagram retains its business nodes and source documents (1.921583ms)
✔ SCENE samplePending: expanded accepted diagram retains its business nodes and source documents (1.90575ms)
✔ SCENE fullContract: expanded accepted diagram retains its business nodes and source documents (2.153042ms)
✔ SCENE materialBatches: expanded accepted diagram retains its business nodes and source documents (1.066125ms)
✔ SCENE materialPartial: expanded accepted diagram retains its business nodes and source documents (0.78325ms)
✔ SCENE live: expanded accepted diagram retains its business nodes and source documents (1.458584ms)
✔ SCENE unknown: expanded accepted diagram retains its business nodes and source documents (0.115083ms)
✔ SCENE unassigned: expanded accepted diagram retains its business nodes and source documents (0.872209ms)
✔ SCENE sameFactory: expanded accepted diagram retains its business nodes and source documents (0.978375ms)
✔ SCENE handoverPartial: expanded accepted diagram retains its business nodes and source documents (0.524084ms)
✔ PREP-005: supplemental scene retains disabled and change-ended documents without creating active clocks or blocking valid preparation (0.547667ms)
✔ timing documents resolve directly at their native route with the same shared static facts (444.745167ms)
✔ source detail does not resolve unrelated records or a registered record at a wrong module path (0.155917ms)
✔ a handover belongs to its original outgoing work rather than a linked next process (0.114584ms)
✔ contract details retain natural-day deadlines and late achievement history (0.386917ms)
✔ partially received material retains unknown purchase receipt instead of inventing zero or full stock (0.224583ms)
✔ production preparation details include parallel requirements and BOM quantities (0.537708ms)
✔ work remaining quantity follows known required and completed quantities in the same unit (0.581ms)
✔ missing factory sample uses the recorded requirement date and keeps sample approval outside return milestones (0.128708ms)
✔ purchase-only scenario resolves to the existing merchandise purchase and pending-purchase backlink (0.113041ms)
✔ finished-goods detail distinguishes latest partial receipt from full completion time (0.339541ms)
✔ unknown timing standard is amber verification, never a red confirmed-overdue result (0.226041ms)
✔ MIGRATE-001: direct production/pending detail paths have their own active tab identity; discarded tasks/examples/team details are absent (0.589583ms)
✔ MIGRATE-001: stored DDS tabs prune discarded addresses, retain unrelated tabs and correct the live production title without touching input (0.509208ms)
(node:78230) ExperimentalWarning: localStorage is not available because --localstorage-file was not provided.
(Use `node --trace-warnings ...` to show where the warning was created)
✔ VERIFY-003: scoped reads preserve pending/voided sources and defensive copies (8.348875ms)
✔ VERIFY-003: metadata lookup reflects registry changes and returns independent locations (6.473417ms)
✔ 备份恢复不能借原票编号伪造另一种面料的交出回执 (1.564583ms)
(node:78232) ExperimentalWarning: localStorage is not available because --localstorage-file was not provided.
(Use `node --trace-warnings ...` to show where the warning was created)
✔ 换片票文案不显示内部路径，扫码身份和原票号保持 (0.878875ms)
✔ 打印结果选票行使用业务名称区分生产单、面料和颜色，保留原勾选身份 (0.130916ms)
✔ 任务单使用可识别的物料编码，内部技术资料键不进入文字、图片标题和无障碍名称 (0.538625ms)
✔ 换片布固定演示：四个新增生产单覆盖部分打印、补打、交出备用及失效票 (0.883708ms)
✔ 部位票缓存感知已提交事件版本，重复读取同一版本不失效 (0.581ms)
✔ 按名称排朴，空名拒绝，同名不同编码/颜色保留独立身份 (0.557292ms)
✔ 初始每面料一张，重复分配幂等；新增与补打不混淆 (0.661667ms)
✔ 改派未交票失效，已交历史不抹除，新范围递增序号 (0.541292ms)
✔ 部分出纸仅确认勾选票；重复确认不增加次数，内容变化拒绝 (0.169583ms)
✔ 整个批次多袋并集检查，非本次袋不可借用，顺序无关 (0.295541ms)
✔ 同任务同工厂历史可满足；不同任务或换厂必须另交 (0.175625ms)
✔ 三方自行裁剪排除，资料缺失与无需面料分开判断 (0.05825ms)
✔ 混装按类型和单位分项，换片布不能拆成非5 Yard (0.102875ms)
✔ 局域网 HTTP 的摘要与原生 SHA-256 相同，既有票号不变化 (17.5395ms)
(node:78238) ExperimentalWarning: localStorage is not available because --localstorage-file was not provided.
(Use `node --trace-warnings ...` to show where the warning was created)
✔ 混装打印保留裁片矩阵，捆条和换片布独立附页，不合并单位 (4.4955ms)
✔ 纯换片布袋可生成货物标识，不制造尺码和部位 (0.187542ms)
✔ 混装标签拒绝换片布错误长度、作废票和混生产单 (0.269ms)
✔ 旧业务存储不可读时仍用已提交的原装袋周期打印三类货物 (0.5685ms)
✔ 生产单按单记录；变更一单不重写其他单和任务 (1.189292ms)
✔ 运行任务独立保存覆盖、拆分、合并、改派及序号，往返保留身份 (0.227416ms)
✔ 有效分配索引、独立记录、审计及序号完整往返，拒绝重复身份和损坏格式 (0.343375ms)
✔ 拒绝空字符串，不吞掉损坏记录 (0.064375ms)
✔ 拒绝数组根，不吞掉损坏记录 (0.046083ms)
✔ 拒绝生产单数组实体，不吞掉损坏记录 (0.044542ms)
✔ 拒绝生产单空编号，不吞掉损坏记录 (0.041625ms)
✔ 拒绝生产单损坏快照，不吞掉损坏记录 (0.042875ms)
✔ 拒绝任务覆盖数组，不吞掉损坏记录 (0.057417ms)
✔ 拒绝任务覆盖身份，不吞掉损坏记录 (0.084958ms)
✔ 拒绝拆分来源身份，不吞掉损坏记录 (0.052ms)
✔ 拒绝拆分子项损坏，不吞掉损坏记录 (0.048542ms)
✔ 拒绝合并明细损坏，不吞掉损坏记录 (0.047958ms)
✔ 拒绝改派任务身份，不吞掉损坏记录 (0.031875ms)
✔ 拒绝不安全序号，不吞掉损坏记录 (0.029667ms)
✔ 拒绝重复Map键，不吞掉损坏记录 (0.403958ms)
✔ 拒绝current非数组，不吞掉损坏记录 (0.040292ms)
✔ 拒绝current孤儿，不吞掉损坏记录 (0.037209ms)
✔ 拒绝current跨任务，不吞掉损坏记录 (0.029375ms)
✔ 拒绝current重复引用，不吞掉损坏记录 (0.0275ms)
✔ 拒绝审计孤儿，不吞掉损坏记录 (0.028167ms)
✔ 已保存实体损坏编号、缺少meta或重复meta不能伪造正常空源 (0.132542ms)
✔ 未登记key及空白JSON拒绝；null明确代表没有覆盖 (0.046333ms)
✔ 备份校验拒绝未知来源集合、伪造迁移身份及丢失检查点实体 (0.602125ms)
✔ 四类静态运行任务的删除标记完整往返，拒绝混入业务字段或假删除 (0.141208ms)
✔ 分配副产物按实体保存；合同、样衣及PPIC责任保留独立序号 (0.460458ms)
✔ 拒绝缺失渲染必需快照的合同，防止迁移清源后才暴露损坏 (0.048959ms)
✔ 关联实体损坏拒绝 unknown:X (0.043166ms)
✔ 关联实体损坏拒绝 material-context:A (0.028791ms)
✔ 关联实体损坏拒绝 return-sequence:value (0.032167ms)
✔ 关联实体损坏拒绝 sla-current:T (0.029875ms)
✔ 生产创建匹配来源按生产单身份校验并完整恢复 (0.191625ms)
✔ 工厂结束事实只允许明确任务、操作人和时间 (0.765541ms)
✔ 既有招标定标记录保留真实来源编号并校验价格与操作人 (0.131917ms)
✔ 开工交出单头只包含首次零交出事实，拒绝伪造数量和身份 (0.154083ms)
(node:78240) ExperimentalWarning: localStorage is not available because --localstorage-file was not provided.
(Use `node --trace-warnings ...` to show where the warning was created)
✔ 同分配的同名 A/B 面料分别新增和打印；第二面料不被第一范围替代 (69.052875ms)
(node:78241) ExperimentalWarning: localStorage is not available because --localstorage-file was not provided.
(Use `node --trace-warnings ...` to show where the warning was created)
✔ 分配 SKU 的需料不同；多尺码共料去重，名称含朴排除 (3.769792ms)
✔ 完整但全是朴为空集合；缺颜色映射或空名称属于资料错误 (0.719541ms)
✔ 同名不同编码面料不混并；BOM 身份歧义阻断 (0.453416ms)
✔ 交出回执从快照保留三种明细，Yard 与米不进入裁片数量 (6.100208ms)
✔ 回执任务读取保持数组身份；只在事实变更后重新投影 (0.276208ms)
✔ 款式需料读取的配置查询只返回独立副本，不能污染下次来源读取 (0.799375ms)
✔ 来源读取失败时不能把不可用哨兵值当作稳定分配继续保存 (0.406584ms)
✔ 历史裁片实交保留原数量与归属，其他集合不混入 (1.07575ms)
✔ 历史缺原版本、交错明细、负数量或记录身份错误均阻断恢复 (0.285666ms)
✔ 面辅料单不可写入退役裁片历史，未完成迁移标记不可恢复 (0.095542ms)
✔ 并发调用复用同一个模块加载 Promise，成功后继续复用结果 (1.386292ms)
✔ 模块加载失败后清空缓存，下一次调用可以重试 (0.495625ms)
(node:78244) ExperimentalWarning: localStorage is not available because --localstorage-file was not provided.
(Use `node --trace-warnings ...` to show where the warning was created)
✔ CONTRACT-005: native legacy task fixture exposes the actual missing allocation date at PDA and progress board entries (1284.823958ms)
(node:78245) ExperimentalWarning: localStorage is not available because --localstorage-file was not provided.
(Use `node --trace-warnings ...` to show where the warning was created)
✔ CONTRACT-002: later factory acceptance retains its fact without postponing business allocation deadlines (0.756166ms)
✔ CONTRACT-002: missing business allocation time produces a visible verification gap instead of acceptance-based deadlines (0.154458ms)
✔ CONTRACT-002: historical acceptance-based snapshots remain intact but cannot establish current contract deadlines (0.248375ms)
✔ CONTRACT-002: shared PDA and progress board show missing allocation dates without claiming zero-receipt tasks are complete (0.4625ms)
✔ CONTRACT-002: confirmed dates still show the next contractual node and complete only after all 100 pieces are received (0.341666ms)
✔ CONTRACT-002: outsourcing tracking uses allocation dates for tender tasks and marks missing dates as unverified (8.559625ms)
(node:78247) ExperimentalWarning: localStorage is not available because --localstorage-file was not provided.
(Use `node --trace-warnings ...` to show where the warning was created)
✔ 刷新时静态样衣命令重建不重放到已移交的持久用户状态，构造失败恢复输入 (7.728042ms)
✔ 独立打印外壳只命中完整生产确认单打印路由 (0.535375ms)
✔ 既有固定打印路由仍使用独立打印外壳 (0.089417ms)
(node:78249) ExperimentalWarning: localStorage is not available because --localstorage-file was not provided.
(Use `node --trace-warnings ...` to show where the warning was created)
✔ TP-ID-002: FCS live hydration cannot change the static 26 identities or their numeric sequence (13.625667ms)
✔ TP-DATA-001: baseline has 20 actual complete formal versions and three plus three draft review states (1.292375ms)
✔ TP-ROUTE-001: all twenty formal routes have three resolvable dye→print→wash chains and five two-craft pieces (147.673291ms)
✔ TP-ID-001: ID is persisted independent of ordering and next identity uses the global maximum (1.204208ms)
✔ TP-LEGACY-001: exact old static copies project read-only, preserve source identities and preserve changed records or content (3.452833ms)
✔ TP-LEGACY-002: repository reads old demo without writes; new legacy-source creation is rejected (342.07ms)
✔ TP-LEGACY-003: early release content upgrades after person maintenance but genuine technical edits remain intact (6.009833ms)
✔ TP-PAGE-001: route rendering preserves stored IDs and hides objects without additional processing (111.622083ms)
✔ TP-PERSON-001: valid maintenance retains published content, records a log, and rejects wrong-role candidates (437.858875ms)
✔ technical version working-copy reads do not write and failed staging preserves data (first visit) (333.5215ms)
✔ technical version working-copy reads do not write and failed staging preserves data (saved data) (429.996916ms)
[PMS_IDB_LOAD_FAILED] { message: '当前浏览器不支持 IndexedDB,PMS 业务数据无法持久化。' }
✔ 五类页面共享采购到交出的串联 Mock，重复初始化不重置执行事实 (253.464208ms)
✔ 补齐串联 Mock 时压缩历史大签名，避免浏览器存储接近上限导致页面路由失败 (271.557583ms)
✔ 三个中央工厂在组织目录与执行工厂中身份一致且仅出现一次 (0.4245ms)
✔ 花边角色与采购映射归属TMF但供应方仍保留独立身份 (0.070375ms)
✔ 橡筋定长切割仍归SPF，不成为TMF织带截断任务 (0.089625ms)
✔ 旧浏览器组织记录迁移后不与权威TMF并存且保留已有联系人 (4.319833ms)
(node:78254) ExperimentalWarning: localStorage is not available because --localstorage-file was not provided.
(Use `node --trace-warnings ...` to show where the warning was created)
✔ 连续织带实际650米交出→648+2实收→染色可用650，仓库和用料保持米制且无公斤换算 (10.582375ms)
✔ 连续长度口径不可用于纱线/码制，普通辅料仍要求实际称重 (0.922958ms)
✔ 原生连续辅料染色650→640：实际工厂实收及用料驱动加工，使用对象对应蓝色织带参考图 (676.79125ms)
✔ 织带与绳子参考档案接入实际物料库，保留图片来源和未确认尺寸，不替换橡筋 (176.516584ms)
✔ 同分钟新建不同幅宽织带和绳径主档不共用 SPU 身份，SKU 保持各自父档与主单位 (30.640292ms)
✔ TMF半成品SKU按SPU→潘通色号→颜色→花型生成，长度和端头不进入SKU (0.160625ms)
(node:78258) ExperimentalWarning: localStorage is not available because --localstorage-file was not provided.
(Use `node --trace-warnings ...` to show where the warning was created)
✔ TMF发布采用链：技术包发布门禁→审核发布→启用→生产单采用→生成织带加工需求 (1462.761458ms)
✔ TMF发布门禁：含织带截断工序但规格未补齐的采用版本不能发布 (421.027958ms)
✔ 正式生产路线只关联相邻同BOM同SKU的染色→印花，不生成数量或修改来源 (1.702667ms)
✔ 跨单/版本/工序/用途/SKU/单位、缺工厂与已有其他接收单都不能接续 (0.534ms)
✔ 印花连续辅料仅接同版本同BOM的直接截断节点，不修改SKU和数量 (1.228375ms)
✔ 染色来源已绑定印花时拒绝直接截断，不读取不存在的顶层字段 (0.849541ms)
✔ TMF V1 原型范围、工厂身份和现场默认参数已冻结 (2.094083ms)
✔ TMF 风险动作默认要求主管与二次确认，采购行身份不可丢失 (0.13375ms)
[PMS_IDB_LOAD_FAILED] { message: '当前浏览器不支持 IndexedDB,PMS 业务数据无法持久化。' }
[PMS_IDB_UNAVAILABLE] put 跳过,数据仅保留在内存 { store: 'pmsMaterialPurchaseOrderDeltas', key: 'CGF-2026-0007' }
[PMS_IDB_UNAVAILABLE] put 跳过,数据仅保留在内存 { store: 'pmsMaterialPurchaseOrderDeltas', key: 'CGF-2026-0009' }
[PMS_IDB_UNAVAILABLE] put 跳过,数据仅保留在内存 { store: 'pmsMaterialPurchaseOrderDeltas', key: 'CGF-2026-0009' }
{"scenario":"N02","scope":"业务动作主链含纱线重量账；含端头辅材采购实收；不含PCS发布采用页面、纱线采购上游","purchaseReceived":1300,"productionReceived":1000,"warehouseContinuousM":30,"netCutM":1260,"lossM":10,"headUnit":"个","headReceived":2020,"headRemaining":15}
[PMS_IDB_UNAVAILABLE] put 跳过,数据仅保留在内存 { store: 'pmsMaterialPurchaseOrderDeltas', key: 'CGF-2026-0010' }
[PMS_IDB_UNAVAILABLE] put 跳过,数据仅保留在内存 { store: 'pmsMaterialPurchaseOrderDeltas', key: 'CGF-2026-0010' }
{"scenario":"N03","scope":"业务动作主链含纱线重量账；含端头辅材采购实收；不含PCS发布采用页面、纱线采购上游","purchaseReceived":60,"productionReceived":100,"warehouseContinuousM":9,"netCutM":50,"lossM":1,"headUnit":"个","headReceived":202,"headRemaining":1}
[PMS_IDB_UNAVAILABLE] put 跳过,数据仅保留在内存 { store: 'pmsMaterialPurchaseOrderDeltas', key: 'CGF-2026-0011' }
[PMS_IDB_UNAVAILABLE] put 跳过,数据仅保留在内存 { store: 'pmsMaterialPurchaseOrderDeltas', key: 'CGF-2026-0011' }
{"scenario":"N04","scope":"业务动作主链含纱线重量账；含端头辅材采购实收；不含PCS发布采用页面、纱线采购上游","purchaseReceived":100,"productionReceived":50,"warehouseContinuousM":34,"netCutM":65,"lossM":1,"headUnit":"kg","headReceived":0.2,"headRemaining":0.04}
[PMS_IDB_UNAVAILABLE] put 跳过,数据仅保留在内存 { store: 'pmsMaterialPurchaseOrderDeltas', key: 'CGF-2026-0012' }
[PMS_IDB_UNAVAILABLE] put 跳过,数据仅保留在内存 { store: 'pmsMaterialPurchaseOrderDeltas', key: 'CGF-2026-0012' }
{"scenario":"B06","scope":"规范数量动作链；塑料头从仓库实收事实开始，补购基础生产未虚构纱线配方；不代表全部页面验收","continuous":9,"productionReceived":1000,"scrapped":100,"scrappedMeters":120,"loss":11,"metalRemaining":15,"plasticRemaining":2}
{"scenario":"N05","mergedBatch":"FULL-N05-MERGED","purchaseReceivedM":120,"mergedIssuedM":102,"mergedProducedPieces":200,"productionReceivedByOrder":[100,100],"warehouseContinuousM":19,"lossM":1,"returnedM":1}
{"scenario":"B17","mergedBatch":"FULL-B17-MERGED","purchaseReceivedM":120,"mergedIssuedM":102,"mergedProducedPieces":200,"productionReceivedByOrder":[100,100],"warehouseContinuousM":19,"lossM":1,"returnedM":1}
{"scenario":"N01","rawReceivedKg":12,"consumedKg":10,"returnedKg":1,"factoryRemainingKg":1,"semiFinishedReceivedM":1000}
{"scenario":"N02","rawReceivedKg":12,"consumedKg":10,"returnedKg":1,"factoryRemainingKg":1,"semiFinishedReceivedM":1300}
{"scenario":"N03","rawReceivedKg":12,"consumedKg":10,"returnedKg":1,"factoryRemainingKg":1,"semiFinishedReceivedM":60}
{"scenario":"N04","rawReceivedKg":12,"consumedKg":10,"returnedKg":1,"factoryRemainingKg":1,"semiFinishedReceivedM":100}
{"scenario":"N05","rawReceivedKg":12,"consumedKg":10,"returnedKg":1,"factoryRemainingKg":1,"semiFinishedReceivedM":120}
{"scenario":"PRINTBACK-source-fixture","nativePrint":{"inputM":650,"outputM":630,"lossM":20,"outputImage":"MISSING_BLOCKED"},"sourceDispatched":630,"actualReceived":630,"cutMeters":620,"lossMeters":2,"returnedMeters":8,"baseLeftMeters":350,"scope":"原生印花650→630已独立重放；下游630米交出仍为专项夹具，不替代缺图正式交出或N01完整上游"}
{"scenario":"B09-downstream-recovery","basePhysicalM":350,"otherReservedM":350,"baseAvailableM":0,"processedReturnM":8,"productionPieces":[400,600],"scope":"含实际占用失败、释放、发料及印花回料后全链；原生印染20米损耗未执行，不是完整B09通过"}
{"scenario":"B05-cut-recovery","received":[400,600],"frozenPieces":10,"frozenLengthMm":500,"continuous":2.5,"cutLoss":2.5,"upstreamScope":"印花630米已交出为外部专项夹具，不冒充原生印染20米损耗或全N01"}
(node:78262) ExperimentalWarning: localStorage is not available because --localstorage-file was not provided.
(Use `node --trace-warnings ...` to show where the warning was created)
✔ N01～N05：通过现有 PMS 入口下达，每条采购链从零执行到仓库实收；交出不提前增加库存 (15.991583ms)
✔ 半成品加工没有原料实收和足量耗用时禁止产出，补齐同一原料链后才能填报 (4.0035ms)
✔ MOCK-007：规范场景使用同一采购行、基础单和生产需求身份，不复制孤立页面 Mock (3.038125ms)
✔ MOCK-009：重置只重载隔离的运行态，不清除用户浏览器数据 (0.373917ms)
✔ B01/B03：短收保留在途和采购缺口；重复扫描、生成和刷新不双记 (0.9465ms)
✔ B02/B04：多收、错 SKU、错仓和无权限动作不改变任意下游数量；恢复后正常收齐 (1.374875ms)
✔ OVR-001～003：超产与超收须主管二次确认，计划不扩、幂等且下游一致 (2.967291ms)
✔ MASTER-001～003/005：采购与端头采购映射原型内建主档，缺失阻断且身份稳定 (7.719834ms)
✔ MASTER-004：映射前历史记录保留原快照与未映射标记，不批量改写 (0.277917ms)
✔ TERM-001～005：取消后终止处置台逐项决定，未处置不得结案且数量对账守恒 (8.97575ms)
✔ 终止连续余料：实物余量只扣一次报废，拒绝超量且剩余数量可继续处置 (10.516459ms)
✔ GAP-TERM-004：上游未收与生产在途分别确认去向，不可重复登记 (2.0215ms)
✔ DYE-001～003：染色直交织带厂按实际交出分配实收，追溯原染色单且不重复扣料 (394.332084ms)
✔ 采购追加：未开始同步计划，已执行保留原计划和实物并处理变更 (5.013708ms)
✔ B21：保存失败不报成功、不留部分库存；成功后刷新读取同一采购和收货事实 (1.208958ms)
✔ 采购→两种规格截断→拆包回仓→分配发料→生产实收：短收保留缺口，库存及采购不双记 (20.730542ms)
✔ B09：其他需求占用400米时不能再占650；释放50后恢复，错误发料不改变库存 (6.8985ms)
✔ 需求来源：同尺码不同成衣SKU分别保留，BOM适用范围生效，错误快照和重复工序阻断 (0.435584ms)
✔ 待打头条料不计合格产出；超公差实物记不良且照实扣下料当量，未实收不可截断 (30.473416ms)
✔ N04：采购100米→单端硅胶按kg实耗→回仓发料→生产实收50根，连续料剩34米 (26.394958ms)
✔ B15：截断后取消保留1000根在制和1260米当量，释放未发占用并只退连续余料 (24.001458ms)
✔ 已回仓部分发料后取消：释放未发分配，冻结实存，已发在途保留且实收不恢复需求 (18.816ms)
✔ N02规范数值：采购→实际加工→生产实收及米料/辅材退仓整链 (73.602542ms)
✔ N03规范数值：采购→实际加工→生产实收及米料/辅材退仓整链 (62.0305ms)
✔ N04规范数值：采购→实际加工→生产实收及米料/辅材退仓整链 (63.567167ms)
✔ B06规范恢复：误装100根报废→补购100米并补做→生产实收1000根，三套实物账守恒 (129.176791ms)
✔ N05合并批：120米采购→102米合并投入→两生产单各实收100，B17独立副本拆100为40+60 (89.726667ms)
✔ B17合并批：120米采购→102米合并投入→两生产单各实收100，B17独立副本拆100为40+60 (103.134167ms)
✔ N01～N05基础原料重量账：源仓实收→发出→工厂实收→耗用/余料→原仓实收，与米制产出独立 (236.954ms)
✔ 主生产单暂停/取消直接限制织带执行，已发实收保留且取消处置释放未发占用 (69.912584ms)
✔ 冷启动及旧标签页均读取已保存主单限制，损坏来源不默许执行 (0.313792ms)
✔ 印花交出按两种长度分配，原单分次实收唯一记账，随后截断/回仓/领料守恒 (381.790417ms)
✔ 主单离页保存保留其他页取消及新增单，同单并发编辑和存储失败不覆盖 (2.865458ms)
✔ 技术包换版后旧规格冻结，已交出的仓库及生产在途可实收且不改旧长度 (65.182042ms)
✔ 未发料换版释放旧占用，新需求从备料至生产实收，旧预览和已执行重算阻断 (103.748417ms)
✔ 已加工换版：旧200条冻结并释放未发分配，新550/700mm需求实收1000条，旧预览失效且库存守恒 (130.753833ms)
✔ B05实际410/590错配：短条余量冻结，连续余料8米补10条700mm至两规格生产实收 (214.333958ms)
✔ 加工计划时间独立保存：明确时区、并发版本阻断、实际节点不倒推开完工且库存不变 (29.40925ms)
✔ 加工单费用按技术包需求计价：单位、币种和版本可追溯，库存与实收不被费用动作改变 (19.617959ms)
✔ 织带加工单没有接单或开工门禁，投入实收后可直接加工填报 (55.247916ms)
✔ B23未执行采购1000减900：版本留痕、旧预览阻断、重新确认接受后900实际生产实收 (53.479167ms)
✔ B24实收1000退100：仓库交出与TMF分次实收独立，原收保留且净900后减量 (89.759125ms)
✔ 采购取消门禁：无执行事实可取消，已收货或已生产必须先处置不能直接结案 (49.252375ms)
[PMS_IDB_LOAD_FAILED] { message: '当前浏览器不支持 IndexedDB,PMS 业务数据无法持久化。' }
[PMS_IDB_UNAVAILABLE] put 跳过,数据仅保留在内存 { store: 'pmsMaterialPurchaseOrderDeltas', key: 'CGF-2026-0007' }
[PMS_IDB_LOAD_FAILED] { message: '当前浏览器不支持 IndexedDB,PMS 业务数据无法持久化。' }
[PMS_IDB_LOAD_FAILED] { message: '当前浏览器不支持 IndexedDB,PMS 业务数据无法持久化。' }
[PMS_IDB_LOAD_FAILED] { message: '当前浏览器不支持 IndexedDB,PMS 业务数据无法持久化。' }
[PMS_IDB_UNAVAILABLE] put 跳过,数据仅保留在内存 { store: 'pmsMaterialPurchaseOrderDeltas', key: 'CGF-2026-0007' }
[PMS_IDB_UNAVAILABLE] put 跳过,数据仅保留在内存 { store: 'pmsMaterialPurchaseOrderDeltas', key: 'CGF-2026-0007' }
[PMS_IDB_UNAVAILABLE] put 跳过,数据仅保留在内存 { store: 'pmsMaterialPurchaseOrderDeltas', key: 'CGF-2026-0007' }
[PMS_IDB_LOAD_FAILED] { message: '当前浏览器不支持 IndexedDB,PMS 业务数据无法持久化。' }
[PMS_IDB_LOAD_FAILED] { message: '当前浏览器不支持 IndexedDB,PMS 业务数据无法持久化。' }
[PMS_IDB_LOAD_FAILED] { message: '当前浏览器不支持 IndexedDB,PMS 业务数据无法持久化。' }
✔ PMS采购实际仓库实收与原料库存一次保存；分批、刷新、原料使用和退回均不重复履约 (182.855291ms)
✔ 历史手工到货及不支持的单位不能直接变成投入料可用库存 (1.556083ms)
✔ 首次实收前供应商确认与关闭可刷新恢复，保存失败和损坏存储不会覆盖状态 (2.067417ms)
✔ N01采用路线按染色→印花关联原单，多尺码不重复列工序，不修改印染数量 (2.071334ms)
✔ 旧版本、错误SKU、码制单位、取消或变更待处理均不作为有效关联 (0.465833ms)
✔ 同号不同生产单或BOM不得关联，重复来源不静默选择，混合快照阻断 (0.337125ms)
✔ 编辑器按尺码保留规格，截断打头不新建SKU，重复保存沿用节点身份 (1.580667ms)
✔ 无印染要求时 TMF 路线只生成截断节点，不凭空生成染色或印花节点 (0.128042ms)
✔ 前序印染产出SKU作为截断投入；保留独立橡筋工艺，移除打头后下游连接截断 (0.345875ms)
✔ 未明确打头、错误辅料BOM、无半成品和不合法前序不能生成可执行路线 (0.129333ms)
(node:78268) ExperimentalWarning: localStorage is not available because --localstorage-file was not provided.
(Use `node --trace-warnings ...` to show where the warning was created)
✔ N01：400 条 50CM 和 600 条 70CM 分行计算，共 620 米；未增加 SKU (1.319167ms)
✔ 缺少尺码数量、非整数条数、公差或测量条件时不猜测需求 (0.37425ms)
✔ B07：未选择打头、缺少端头方式或辅材不能确认；支持两端不同端头 (0.273667ms)
✔ N04/B08：硅胶按重量且必须有覆盖长度，不作为独立金属头计数 (0.090334ms)
✔ B18：打头只能承接对应截断条料，不能换 SKU、换长度或重新领连续料 (0.248667ms)
✔ N05：规格相同可以合并，但尺码、用途和需求身份不靠物理规格键代替 (0.090625ms)
✔ B14：修改后续版本端头要求不能污染生产单历史快照 (0.551417ms)
✔ 发布门禁：含织带截断工序的技术包必须规格完整且规格仍关联当前 BOM (0.146375ms)
(node:78269) ExperimentalWarning: localStorage is not available because --localstorage-file was not provided.
(Use `node --trace-warnings ...` to show where the warning was created)
✔ 已提交新周期可由真实袋档案进入历史，错误袋和未知周期仍拒绝 (1.131375ms)
(node:78270) ExperimentalWarning: localStorage is not available because --localstorage-file was not provided.
(Use `node --trace-warnings ...` to show where the warning was created)
✔ REPLACEMENT_FABRIC 已绑定有效同生产单任务保留归属，不按部位裁片SKU消除 (17.481083ms)
✔ REPLACEMENT_FABRIC 未绑定票不猜任务，可由用户明确同批加入 (9.270333ms)
✔ REPLACEMENT_FABRIC old-factory 旧绑定不可作为当前任务沿用 (5.75275ms)
✔ REPLACEMENT_FABRIC other-order 旧绑定不可作为当前任务沿用 (5.894125ms)
✔ BINDING_STRIP 已绑定有效同生产单任务保留归属，不按部位裁片SKU消除 (5.946ms)
✔ BINDING_STRIP 未绑定票不猜任务，可由用户明确同批加入 (6.287875ms)
✔ BINDING_STRIP old-factory 旧绑定不可作为当前任务沿用 (5.799417ms)
✔ BINDING_STRIP other-order 旧绑定不可作为当前任务沿用 (5.575542ms)
ℹ tests 734
ℹ suites 0
ℹ pass 734
ℹ fail 0
ℹ cancelled 0
ℹ skipped 0
ℹ todo 0
ℹ duration_ms 16018.2755
vite v6.4.3 building for production...
transforming...
✓ 2736 modules transformed.
Circular chunk: pcs-tech-pack-review -> pcs-tech-pack-bootstrap -> pcs-tech-pack-review. Consider disabling the "output.onlyExplicitManualChunks" option, as enabling it causes the static dependencies of the manual chunk "pcs-tech-pack-bootstrap" to be bundled into the chunk "pcs-tech-pack-review".
rendering chunks...
[plugin vite:reporter] 
(!) /Users/laoer/.codex/worktrees/9ec5/higoods/src/data/fcs/cut-piece-release.ts is dynamically imported by /Users/laoer/.codex/worktrees/9ec5/higoods/src/data/fcs/cutting/cut-piece-ticket-validity.ts, /Users/laoer/.codex/worktrees/9ec5/higoods/src/data/fcs/cutting/cut-piece-ticket-validity.ts, /Users/laoer/.codex/worktrees/9ec5/higoods/src/data/fcs/cutting/cutting-event-repository.ts, /Users/laoer/.codex/worktrees/9ec5/higoods/src/data/fcs/cutting/cutting-event-repository.ts, /Users/laoer/.codex/worktrees/9ec5/higoods/src/data/fcs/production-context-actions.ts but also statically imported by /Users/laoer/.codex/worktrees/9ec5/higoods/src/data/fcs/runtime-process-tasks.ts, /Users/laoer/.codex/worktrees/9ec5/higoods/src/data/fcs/sewing-assignment-readiness.ts, /Users/laoer/.codex/worktrees/9ec5/higoods/src/data/fcs/sewing-production-order-duration.ts, /Users/laoer/.codex/worktrees/9ec5/higoods/src/pages/fcs/material-prep/sewing.ts, /Users/laoer/.codex/worktrees/9ec5/higoods/src/pages/process-factory/cutting/cut-order-release-integration.ts, /Users/laoer/.codex/worktrees/9ec5/higoods/src/pages/process-factory/cutting/cut-piece-release.ts, /Users/laoer/.codex/worktrees/9ec5/higoods/src/pages/process-factory/cutting/cutting-daily-production-report-model.ts, /Users/laoer/.codex/worktrees/9ec5/higoods/src/pages/process-factory/cutting/supplement-management.ts, /Users/laoer/.codex/worktrees/9ec5/higoods/src/pages/sewing-outsourcing/tasks.ts, /Users/laoer/.codex/worktrees/9ec5/higoods/src/pages/unified-dispatch-workbench.ts, dynamic import will not move module into another chunk.

[plugin vite:reporter] 
(!) /Users/laoer/.codex/worktrees/9ec5/higoods/src/components/production-object-floating-entry.ts is dynamically imported by /Users/laoer/.codex/worktrees/9ec5/higoods/src/main.ts but also statically imported by /Users/laoer/.codex/worktrees/9ec5/higoods/src/components/shell.ts, dynamic import will not move module into another chunk.

[plugin vite:reporter] 
(!) /Users/laoer/.codex/worktrees/9ec5/higoods/src/data/fcs/printing-task-domain.ts is dynamically imported by /Users/laoer/.codex/worktrees/9ec5/higoods/src/data/fcs/dyeing-task-domain.ts, /Users/laoer/.codex/worktrees/9ec5/higoods/src/data/fcs/tmf-upstream-process-orders.ts, /Users/laoer/.codex/worktrees/9ec5/higoods/src/data/pms/tmf-material-purchases.ts, /Users/laoer/.codex/worktrees/9ec5/higoods/src/pages/process-factory/accessory/webbing/work-order-detail.ts, /Users/laoer/.codex/worktrees/9ec5/higoods/src/pages/process-factory/accessory/webbing/work-order-detail.ts but also statically imported by /Users/laoer/.codex/worktrees/9ec5/higoods/src/data/fcs/cutting/material-prep.ts, /Users/laoer/.codex/worktrees/9ec5/higoods/src/data/fcs/cutting/supplement-node-facts.ts, /Users/laoer/.codex/worktrees/9ec5/higoods/src/data/fcs/design-revision-material-transfer.ts, /Users/laoer/.codex/worktrees/9ec5/higoods/src/data/fcs/design-revision-process-work-order-adapter.ts, /Users/laoer/.codex/worktrees/9ec5/higoods/src/data/fcs/factory-receiving-links.ts, /Users/laoer/.codex/worktrees/9ec5/higoods/src/data/fcs/factory-receiving-source-sync.ts, /Users/laoer/.codex/worktrees/9ec5/higoods/src/data/fcs/mobile-execution-task-index.ts, /Users/laoer/.codex/worktrees/9ec5/higoods/src/data/fcs/pda-start-link.ts, /Users/laoer/.codex/worktrees/9ec5/higoods/src/data/fcs/printing-factory-demos.ts, /Users/laoer/.codex/worktrees/9ec5/higoods/src/data/fcs/printing-material-receipts.ts, /Users/laoer/.codex/worktrees/9ec5/higoods/src/data/fcs/printing-statistics.ts, /Users/laoer/.codex/worktrees/9ec5/higoods/src/data/fcs/printing-warehouse-view.ts, /Users/laoer/.codex/worktrees/9ec5/higoods/src/data/fcs/printing-work-order-business.ts, /Users/laoer/.codex/worktrees/9ec5/higoods/src/data/fcs/process-action-writeback-service.ts, /Users/laoer/.codex/worktrees/9ec5/higoods/src/data/fcs/process-execution-writeback.ts, /Users/laoer/.codex/worktrees/9ec5/higoods/src/data/fcs/process-mobile-task-binding.ts, /Users/laoer/.codex/worktrees/9ec5/higoods/src/data/fcs/process-warehouse-linkage-service.ts, /Users/laoer/.codex/worktrees/9ec5/higoods/src/data/fcs/process-web-status-actions.ts, /Users/laoer/.codex/worktrees/9ec5/higoods/src/data/fcs/process-work-order-domain.ts, /Users/laoer/.codex/worktrees/9ec5/higoods/src/data/fcs/process-work-order-generation-service.ts, /Users/laoer/.codex/worktrees/9ec5/higoods/src/data/fcs/production-demand-early-process-work-orders.ts, /Users/laoer/.codex/worktrees/9ec5/higoods/src/data/fcs/production-object-overview.ts, /Users/laoer/.codex/worktrees/9ec5/higoods/src/data/fcs/production-process-work-order-service.ts, /Users/laoer/.codex/worktrees/9ec5/higoods/src/data/fcs/production-task-breakdown.ts, /Users/laoer/.codex/worktrees/9ec5/higoods/src/data/fcs/task-print-cards.ts, /Users/laoer/.codex/worktrees/9ec5/higoods/src/pages/pcs-independent-sampling.ts, /Users/laoer/.codex/worktrees/9ec5/higoods/src/pages/pda-exec-detail.ts, /Users/laoer/.codex/worktrees/9ec5/higoods/src/pages/pda-exec.ts, /Users/laoer/.codex/worktrees/9ec5/higoods/src/pages/pda-task-receive.ts, /Users/laoer/.codex/worktrees/9ec5/higoods/src/pages/print/templates/printing-work-order-template.ts, /Users/laoer/.codex/worktrees/9ec5/higoods/src/pages/process-factory/cutting/production-order-overview-projection.ts, /Users/laoer/.codex/worktrees/9ec5/higoods/src/pages/process-factory/dyeing/pending-receipts.ts, /Users/laoer/.codex/worktrees/9ec5/higoods/src/pages/process-factory/printing/dashboards.ts, /Users/laoer/.codex/worktrees/9ec5/higoods/src/pages/process-factory/printing/dialogs.ts, /Users/laoer/.codex/worktrees/9ec5/higoods/src/pages/process-factory/printing/dispatch.ts, /Users/laoer/.codex/worktrees/9ec5/higoods/src/pages/process-factory/printing/events.ts, /Users/laoer/.codex/worktrees/9ec5/higoods/src/pages/process-factory/printing/presentation.ts, /Users/laoer/.codex/worktrees/9ec5/higoods/src/pages/process-factory/printing/shared.ts, /Users/laoer/.codex/worktrees/9ec5/higoods/src/pages/process-factory/printing/statistics.ts, /Users/laoer/.codex/worktrees/9ec5/higoods/src/pages/process-factory/printing/work-order-detail.ts, /Users/laoer/.codex/worktrees/9ec5/higoods/src/pages/process-print-orders.ts, /Users/laoer/.codex/worktrees/9ec5/higoods/src/pages/process-work-orders/early-process-management.ts, /Users/laoer/.codex/worktrees/9ec5/higoods/src/pages/production/demand-domain.ts, /Users/laoer/.codex/worktrees/9ec5/higoods/src/runtime/fcs/cutting/pickup-management-runtime.ts, dynamic import will not move module into another chunk.

computing gzip size...
dist/index.html                                                          12.61 kB │ gzip:   3.07 kB
dist/assets/pcs-pattern-parse.worker-B3_rAVMB.js                         18.52 kB
dist/assets/pcs-record-baseline-BWpImHil.json                         4,125.30 kB │ gzip: 226.59 kB
dist/assets/order-pages-BLg6Ma6N.css                                     85.42 kB │ gzip:  15.73 kB
dist/assets/index-DIT6Kke5.css                                          155.27 kB │ gzip:  25.49 kB
dist/assets/domain-snapshot-C6W4zL1v.js                                   0.34 kB │ gzip:   0.26 kB
dist/assets/sample-warehouse-projection-BLrXOFzv.js                       0.39 kB │ gzip:   0.25 kB
dist/assets/pcs-engineering-bom-snapshot-source-DlXUWD87.js               0.41 kB │ gzip:   0.30 kB
dist/assets/real-qr-placeholder-CKA4YXlP.js                               0.52 kB │ gzip:   0.35 kB
dist/assets/pcs-record-bootstrap-DPp6D-Dr.js                              0.56 kB │ gzip:   0.45 kB
dist/assets/dialogs-u43o7f_D.js                                           0.59 kB │ gzip:   0.31 kB
dist/assets/design-revision-pcs-command-3MSjhKnc.js                       0.68 kB │ gzip:   0.38 kB
dist/assets/pcs-storage-error-D2ucxlT-.js                                 0.71 kB │ gzip:   0.52 kB
dist/assets/badge-DbUQOZoe.js                                             0.78 kB │ gzip:   0.42 kB
dist/assets/images-Q79qfJD0.js                                            0.80 kB │ gzip:   0.35 kB
dist/assets/pms-export-CRZxW7LK.js                                        0.83 kB │ gzip:   0.50 kB
dist/assets/placeholder-Db96AsYD.js                                       0.85 kB │ gzip:   0.47 kB
dist/assets/pda-cutting-save-BSbdN7My.js                                  0.89 kB │ gzip:   0.60 kB
dist/assets/trace-CABPJH4F.js                                             0.89 kB │ gzip:   0.51 kB
dist/assets/execution-prep-projection-helpers-D3uOx-fd.js                 0.94 kB │ gzip:   0.46 kB
dist/assets/history-Dp5kYeoj.js                                           0.94 kB │ gzip:   0.61 kB
dist/assets/payment-sync-CQ3pZCxD.js                                      0.97 kB │ gzip:   0.62 kB
dist/assets/tmf-reference-images-6geKcU1B.js                              0.98 kB │ gzip:   0.50 kB
dist/assets/print-service-CyrwQfQw.js                                     1.04 kB │ gzip:   0.52 kB
dist/assets/pda-sewing-self-return-mode-CVT5AEl1.js                       1.07 kB │ gzip:   0.54 kB
dist/assets/process-work-order-generation-service-DNHWFGgs.js             1.07 kB │ gzip:   0.65 kB
dist/assets/detail.adapter-CLJvfWmo.js                                    1.08 kB │ gzip:   0.68 kB
dist/assets/material-purchase-references-Dr3euq4w.js                      1.10 kB │ gzip:   0.57 kB
dist/assets/routes-los-D0srOJDA.js                                        1.14 kB │ gzip:   0.54 kB
dist/assets/dyeing-material-receipts-Bn4K7giz.js                          1.14 kB │ gzip:   0.75 kB
dist/assets/pda-runtime-DFUAfyNF.js                                       1.21 kB │ gzip:   0.66 kB
dist/assets/tech-pack-7KCD4ywA.js                                         1.28 kB │ gzip:   0.58 kB
dist/assets/overview-Czl6MUpI.js                                          1.29 kB │ gzip:   0.71 kB
dist/assets/process-work-order-source-view-DiMGFXC4.js                    1.30 kB │ gzip:   0.58 kB
dist/assets/transfer-bag-handover-mock-zPWmZLCV.js                        1.31 kB │ gzip:   0.71 kB
dist/assets/pcs-tech-pack-review-notification-repository-Co8aNF5r.js      1.34 kB │ gzip:   0.59 kB
dist/assets/replacement-fabric-scan-B4xRRHEU.js                           1.34 kB │ gzip:   0.83 kB
dist/assets/work-order-action-policy-B_htTkaE.js                          1.34 kB │ gzip:   0.68 kB
dist/assets/real-qr-CPyuFUed.js                                           1.39 kB │ gzip:   0.80 kB
dist/assets/filter-bar-Ba0risiZ.js                                        1.49 kB │ gzip:   0.81 kB
dist/assets/factory-types-DbcizYGx.js                                     1.52 kB │ gzip:   0.65 kB
dist/assets/material-identity-xTXrZ7OI.js                                 1.54 kB │ gzip:   0.84 kB
dist/assets/supplement-material-prep-demand-registry-DI-N3DvB.js          1.56 kB │ gzip:   0.75 kB
dist/assets/task-handover-domain-DfY6KVQW.js                              1.57 kB │ gzip:   0.76 kB
dist/assets/pda-cutting-wait-handover-actions-Di5UvE2N.js                 1.58 kB │ gzip:   0.62 kB
dist/assets/warehouse-shared-DiZpv1z5.js                                  1.58 kB │ gzip:   0.51 kB
dist/assets/pcs-material-handoff-Db8gcHbI.js                              1.65 kB │ gzip:   0.81 kB
dist/assets/task-chain-pages-adapter-D7CL7hwy.js                          1.71 kB │ gzip:   0.84 kB
dist/assets/pcs-tech-pack-version-log-repository-C9nRLGA4.js              1.73 kB │ gzip:   0.78 kB
dist/assets/real-barcode-BHpCtURR.js                                      1.81 kB │ gzip:   0.96 kB
dist/assets/tmf-upstream-receiving-TFheK5eI.js                            1.82 kB │ gzip:   1.14 kB
dist/assets/fei-tickets-storage-7KaIHPKx.js                               1.85 kB │ gzip:   0.58 kB
dist/assets/list-export-Dxrri3Rk.js                                       1.86 kB │ gzip:   1.09 kB
dist/assets/toast-BXUvgm0t.js                                             1.87 kB │ gzip:   0.90 kB
dist/assets/wool-pda-scan-BLkBmBRa.js                                     1.88 kB │ gzip:   1.03 kB
dist/assets/mixed-transfer-bag-ticket-DETTPWFm.js                         1.89 kB │ gzip:   0.79 kB
dist/assets/kol-goto-fixed-total-ledger-CVbpSJSF.js                       1.93 kB │ gzip:   0.93 kB
dist/assets/table-DkUvzy2A.js                                             2.04 kB │ gzip:   1.02 kB
dist/assets/pcs-action-dialog-BDH5t3S9.js                                 2.09 kB │ gzip:   1.07 kB
dist/assets/binding-process-pda-scan-B7jxkiHd.js                          2.18 kB │ gzip:   1.13 kB
dist/assets/special-craft-pda-scope-CtmZCDsE.js                           2.24 kB │ gzip:   1.02 kB
dist/assets/cutting-record-identity-CtTd0WGy.js                           2.26 kB │ gzip:   1.23 kB
dist/assets/cutting-file-maintenance-BIMpUW2o.js                          2.33 kB │ gzip:   1.23 kB
dist/assets/helpers-BFKa6pUf.js                                           2.42 kB │ gzip:   1.21 kB
dist/assets/production-order-tech-pack-runtime-CHfV4amT.js                2.44 kB │ gzip:   0.94 kB
dist/assets/mixed-bag-contents-DsAMB1Ro.js                                2.52 kB │ gzip:   1.35 kB
dist/assets/tmf-work-order-view-cDokS506.js                               2.56 kB │ gzip:   1.18 kB
dist/assets/production-context-recovery-CTzBwDlF.js                       2.56 kB │ gzip:   1.30 kB
dist/assets/factory-capacity-profile-mock-Dv5YtZGT.js                     2.64 kB │ gzip:   1.15 kB
dist/assets/pms-excel-import-DnMCWv6B.js                                  2.66 kB │ gzip:   1.32 kB
dist/assets/shared-mroQS0Hu.js                                            2.70 kB │ gzip:   1.02 kB
dist/assets/process-order-list-presentation-uk1TIisc.js                   2.71 kB │ gzip:   1.26 kB
dist/assets/post-finishing-spu-technical-parameters-7ZT1ykOB.js           2.79 kB │ gzip:   1.28 kB
dist/assets/marker-plan-projection-DBHKYz6n.js                            2.82 kB │ gzip:   1.22 kB
dist/assets/process-order-task-relations-CnlyJuI5.js                      2.97 kB │ gzip:   1.29 kB
dist/assets/product-skus-CEt6Fukj.js                                      3.03 kB │ gzip:   0.96 kB
dist/assets/production-order-identity-C02FYgZa.js                         3.04 kB │ gzip:   1.26 kB
dist/assets/tabs--aCvt7MO.js                                              3.09 kB │ gzip:   0.93 kB
dist/assets/dialogs-Mk0bRID6.js                                           3.12 kB │ gzip:   1.27 kB
dist/assets/pda-cutting-runtime-action-inputs-D9hzhyqw.js                 3.13 kB │ gzip:   1.08 kB
dist/assets/trade-subjects-B1U82DIE.js                                    3.16 kB │ gzip:   1.12 kB
dist/assets/cutting-mainline-B7TZVzRx.js                                  3.41 kB │ gzip:   1.53 kB
dist/assets/authorization-code-DFztwpS2.js                                3.58 kB │ gzip:   1.72 kB
dist/assets/work-order-detail-B65j0dRi.js                                 3.61 kB │ gzip:   1.51 kB
dist/assets/binding-process-warehouse-linkage-service-CA8gKUwD.js         3.62 kB │ gzip:   1.38 kB
dist/assets/fcs-route-links-CdIu8Xoq.js                                   3.67 kB │ gzip:   1.20 kB
dist/assets/printing-sheet-preview-DqYu4Dhi.js                            3.69 kB │ gzip:   1.75 kB
dist/assets/shared-CUDAZ_QT.js                                            3.72 kB │ gzip:   1.69 kB
dist/assets/confirmation-print-Df2Cnrb_.js                                3.73 kB │ gzip:   1.58 kB
dist/assets/quality-chain-adapter-DmMwymgR.js                             3.73 kB │ gzip:   1.66 kB
dist/assets/shared-DaYxnu1x.js                                            3.87 kB │ gzip:   1.62 kB
dist/assets/task-route-card-BIpA11vy.js                                   3.99 kB │ gzip:   1.72 kB
dist/assets/sewing-outsourcing-demo-c28S243D.js                           4.05 kB │ gzip:   1.63 kB
dist/assets/task-delivery-card-P0PPhlJe.js                                4.05 kB │ gzip:   1.80 kB
dist/assets/tipping-form--77HBsyM.js                                      4.07 kB │ gzip:   2.02 kB
dist/assets/pcs-product-reference-check-C8WEtgGD.js                       4.07 kB │ gzip:   1.69 kB
dist/assets/transfer-bag-repack-mock-CdZ5PuKT.js                          4.09 kB │ gzip:   1.89 kB
dist/assets/production-contract-print-CHR7VtAN.js                         4.11 kB │ gzip:   2.08 kB
dist/assets/transit-simple-lists-CcprulQS.js                              4.17 kB │ gzip:   1.47 kB
dist/assets/pda-cutting-simple-cut-piece-handover-CX2fRppR.js             4.29 kB │ gzip:   1.93 kB
dist/assets/supplement-order-registry-CHnc7juB.js                         4.49 kB │ gzip:   1.76 kB
dist/assets/tmf-process-print-preview-CoMCCNkx.js                         4.59 kB │ gzip:   2.16 kB
dist/assets/form-DxtyRl7u.js                                              4.74 kB │ gzip:   1.40 kB
dist/assets/layout.helpers-B2KW1-EU.js                                    4.76 kB │ gzip:   1.73 kB
dist/assets/runtime-task-tenders-YGz6fHpq.js                              4.76 kB │ gzip:   1.94 kB
dist/assets/preparation-material-receipt-sources-D1wHTH0x.js              4.76 kB │ gzip:   1.99 kB
dist/assets/relations-_6fwvmuP.js                                         4.80 kB │ gzip:   2.19 kB
dist/assets/sewing-outsourcing-responsibility-BQeo3Eii.js                 4.82 kB │ gzip:   2.10 kB
dist/assets/transit-dashboard-BlCjddi9.js                                 4.85 kB │ gzip:   2.04 kB
dist/assets/result-list-B1lc6sI2.js                                       4.94 kB │ gzip:   2.05 kB
dist/assets/store-domain-dispatch-process-hb9WBoGO.js                     5.00 kB │ gzip:   1.94 kB
dist/assets/progress-board-Br5p2oRh.js                                    5.01 kB │ gzip:   2.22 kB
dist/assets/process-order-list-controller-DydDeG-h.js                     5.09 kB │ gzip:   1.90 kB
dist/assets/cutting-event-migration-Ty1ZV1u0.js                           5.18 kB │ gzip:   2.07 kB
dist/assets/generated-cut-release-COogCHgU.js                             5.23 kB │ gzip:   2.35 kB
dist/assets/material-requirements-CoWk9wNn.js                             5.27 kB │ gzip:   2.24 kB
dist/assets/tmf-upstream-process-orders-BtmxjpGH.js                       5.28 kB │ gzip:   2.45 kB
dist/assets/process-work-order-quality-settlement-DdlGSd0c.js             5.33 kB │ gzip:   2.20 kB
dist/assets/replacement-fabric-fei-tickets-DtBUNgLC.js                    5.63 kB │ gzip:   2.48 kB
dist/assets/tmf-process-continuation-B3hoPFRr.js                          5.66 kB │ gzip:   1.62 kB
dist/assets/dispatch-task-sheet-BFcOp8OT.js                               5.72 kB │ gzip:   2.71 kB
dist/assets/pcs-product-information-Bf8_mYyu.js                           5.79 kB │ gzip:   2.65 kB
dist/assets/dashboards-CCRaBjV_.js                                        5.79 kB │ gzip:   2.74 kB
dist/assets/process-order-three-axis-view-SEN4WFwa.js                     5.85 kB │ gzip:   2.36 kB
dist/assets/wls-page-handlers-D1jBXd1D.js                                 5.86 kB │ gzip:   2.09 kB
dist/assets/retired-cut-piece-pickup-history-DBvU-EMC.js                  5.87 kB │ gzip:   2.36 kB
dist/assets/replacement-fabric-label-template-DupTuYvo.js                 5.89 kB │ gzip:   2.61 kB
dist/assets/pda-cutting-nav-context-hEIBt4_j.js                           5.95 kB │ gzip:   1.41 kB
dist/assets/los-live-room-master-COV73jw3.js                              5.97 kB │ gzip:   2.66 kB
dist/assets/transfer-bags-projection-DtxDFTTF.js                          6.05 kB │ gzip:   2.38 kB
dist/assets/replacement-fabric-preview-CMIiU2Yo.js                        6.05 kB │ gzip:   2.86 kB
dist/assets/fcs-pda-pickup-dispute-BsNebfXJ.js                            6.18 kB │ gzip:   2.19 kB
dist/assets/pda-wool-warehouse-flows-BuDHDWuR.js                          6.23 kB │ gzip:   3.06 kB
dist/assets/warehouse-standard-eSA47dX6.js                                6.30 kB │ gzip:   2.10 kB
dist/assets/fact-view-BHYFPOg7.js                                         6.35 kB │ gzip:   2.11 kB
dist/assets/transfer-bag-goods-label-BxwmjnDV.js                          6.46 kB │ gzip:   2.65 kB
dist/assets/production-contract-center-D0wtEaW6.js                        6.62 kB │ gzip:   2.83 kB
dist/assets/sewing-outsourcing-supplement-tracking-Bcimg_ad.js            6.63 kB │ gzip:   2.89 kB
dist/assets/workbench-rZptq8-E.js                                         6.63 kB │ gzip:   2.68 kB
dist/assets/cutting-task-routing-DcuYbyxp.js                              6.65 kB │ gzip:   2.38 kB
dist/assets/factory-receiving-links-CVCSDqIB.js                           6.74 kB │ gzip:   2.72 kB
dist/assets/printing-work-order-template-vFgFI9Rh.js                      6.77 kB │ gzip:   3.16 kB
dist/assets/routes-pda-Cly-i9JA.js                                        6.85 kB │ gzip:   2.59 kB
dist/assets/production-contract-master-template-B957I2uc.js               6.85 kB │ gzip:   2.74 kB
dist/assets/shared-DaBS3Doh.js                                            6.86 kB │ gzip:   2.53 kB
dist/assets/routes-pcs-DiYCyWuN.js                                        6.90 kB │ gzip:   1.85 kB
dist/assets/data-management-X_Bg7ght.js                                   7.00 kB │ gzip:   2.56 kB
dist/assets/material-handover-Q6HRVNLf.js                                 7.06 kB │ gzip:   2.77 kB
dist/assets/stock-seed-Cj8lLuwm.js                                        7.11 kB │ gzip:   2.44 kB
dist/assets/dye-work-order-times-w7U4XCtx.js                              7.22 kB │ gzip:   2.55 kB
dist/assets/overview.helpers-BP2F5Yu8.js                                  7.36 kB │ gzip:   2.88 kB
dist/assets/pcs-channel-legacy-conversion-Dg3I_fD9.js                     7.40 kB │ gzip:   3.19 kB
dist/assets/shared-CUlzvEfM.js                                            7.43 kB │ gzip:   2.60 kB
dist/assets/settlement-flow-boundaries-DbkSNas3.js                        7.43 kB │ gzip:   2.53 kB
dist/assets/pcs-testing-order-create-HCSOR21p.js                          7.51 kB │ gzip:   2.93 kB
dist/assets/production-craft-dict-XhlR8UsB.js                             7.51 kB │ gzip:   2.82 kB
dist/assets/transit-warehouse-CGN4xIMS.js                                 7.54 kB │ gzip:   2.13 kB
dist/assets/craft-actions-DO3P6SAo.js                                     7.55 kB │ gzip:   3.38 kB
dist/assets/pcs-sample-label-b1GM0gZ9.js                                  7.68 kB │ gzip:   3.48 kB
dist/assets/supplement-node-facts-kF_ZPt01.js                             7.76 kB │ gzip:   2.84 kB
dist/assets/sewing-outsourcing-return-tracking-DBXoiaSR.js                7.91 kB │ gzip:   2.96 kB
dist/assets/tmf-process-sheet-template-Upwlmdhc.js                        8.00 kB │ gzip:   3.80 kB
dist/assets/pda-transfer-bag-detail-CrJ_1nZ0.js                           8.06 kB │ gzip:   3.03 kB
dist/assets/statistics-C4ftakzH.js                                        8.07 kB │ gzip:   2.63 kB
dist/assets/progress-exception-lifecycle-BJx0gSBY.js                      8.09 kB │ gzip:   2.70 kB
dist/assets/supplier-supply-archives-Bid-xGw5.js                          8.13 kB │ gzip:   2.60 kB
dist/assets/production-contracts-cSUGtSBs.js                              8.14 kB │ gzip:   2.78 kB
dist/assets/pda-notify-C2uth6Ie.js                                        8.35 kB │ gzip:   3.10 kB
dist/assets/milestone-configs-B1d7hf-w.js                                 8.41 kB │ gzip:   2.94 kB
dist/assets/pcs-testing-order-list-C3TZpBcO.js                            8.51 kB │ gzip:   3.30 kB
dist/assets/material-process-plans-D0yZCI7z.js                            8.66 kB │ gzip:   3.49 kB
dist/assets/pre-settlement-ledger-repository-Bl9fAlNc.js                  8.84 kB │ gzip:   3.02 kB
dist/assets/pcs-pattern-library-config-fBdF7Iq6.js                        8.84 kB │ gzip:   2.42 kB
dist/assets/pda-cutting-shared-BZNg09sg.js                                8.87 kB │ gzip:   2.73 kB
dist/assets/navigation-context-5GcHOdSg.js                                8.87 kB │ gzip:   2.46 kB
dist/assets/warehouses-CSFYi5tN.js                                        8.89 kB │ gzip:   2.11 kB
dist/assets/bom-templates-Be3j2ikc.js                                     8.90 kB │ gzip:   3.69 kB
dist/assets/pda-cutting-execution-unit-wlmwTTlM.js                        9.06 kB │ gzip:   3.44 kB
dist/assets/machine-associations-DLvgVMc8.js                              9.16 kB │ gzip:   3.11 kB
dist/assets/fei-ticket-numbering-DLqFzm9h.js                              9.21 kB │ gzip:   3.23 kB
dist/assets/pda-notify-detail-C06Dkmpt.js                                 9.24 kB │ gzip:   3.07 kB
dist/assets/pda-execution-D_-upnNW.js                                     9.30 kB │ gzip:   3.69 kB
dist/assets/pda-cutting-fei-ticket-numbering-Ct6H1bEK.js                  9.31 kB │ gzip:   3.21 kB
dist/assets/handover-records-T_gN8GI6.js                                  9.35 kB │ gzip:   3.56 kB
dist/assets/workbench-Dnn2OOqB.js                                         9.38 kB │ gzip:   3.86 kB
dist/assets/pda-warehouse-RgdmbU7y.js                                     9.43 kB │ gzip:   3.74 kB
dist/assets/mobile-B10WLjas.js                                            9.53 kB │ gzip:   3.08 kB
dist/assets/sewing-pickup-slips-BZyZHbQP.js                               9.65 kB │ gzip:   3.63 kB
dist/assets/dye-work-order-online-domain-CX6w5vzI.js                      9.78 kB │ gzip:   3.65 kB
dist/assets/routes-pms-XMbPIBGA.js                                        9.80 kB │ gzip:   2.52 kB
dist/assets/production-receipts-CZI6iQgd.js                               9.81 kB │ gzip:   3.95 kB
dist/assets/pda-cutting-transfer-bag-recovery-YMJFlvM8.js                 9.88 kB │ gzip:   4.03 kB
dist/assets/pending-receipts-B33aShp-.js                                  9.91 kB │ gzip:   4.09 kB
dist/assets/continuous-stock-QP0BphcV.js                                 10.09 kB │ gzip:   4.11 kB
dist/assets/statistics-3W9TU_vz.js                                       10.10 kB │ gzip:   4.38 kB
dist/assets/trade-subjects-DTKvhtpA.js                                   10.26 kB │ gzip:   3.73 kB
dist/assets/pda-cutting-transfer-bag-scrap-BWClMD6W.js                   10.26 kB │ gzip:   4.17 kB
dist/assets/production-return-fulfillment-Dbbgd9wc.js                    10.50 kB │ gzip:   4.00 kB
dist/assets/bom-templates-ChqjVeph.js                                    10.52 kB │ gzip:   2.48 kB
dist/assets/settings-B10oC3dS.js                                         10.73 kB │ gzip:   3.24 kB
dist/assets/product-skus-CjDgBKW-.js                                     10.74 kB │ gzip:   4.14 kB
dist/assets/yarn-shipments-CPn2QB-4.js                                   10.74 kB │ gzip:   4.83 kB
dist/assets/list-BEgREkRy.js                                             10.77 kB │ gzip:   3.75 kB
dist/assets/transit-receipts-B4YKHFoE.js                                 10.99 kB │ gzip:   4.02 kB
dist/assets/production-context-actions-BlaWQ4pE.js                       11.14 kB │ gzip:   3.95 kB
dist/assets/cutting-event-repository-L1M2x_dW.js                         11.16 kB │ gzip:   4.76 kB
dist/assets/presentation-BhAoMR-0.js                                     11.25 kB │ gzip:   4.64 kB
dist/assets/design-revision-pcs-storage-D2ozVRMd.js                      11.28 kB │ gzip:   4.27 kB
dist/assets/pda-exec-link-ZajQiarY.js                                    11.31 kB │ gzip:   3.69 kB
dist/assets/material-prep-BEdE433f.js                                    11.39 kB │ gzip:   2.68 kB
dist/assets/dyeing-warehouse-view-DyS4g2dB.js                            11.49 kB │ gzip:   3.95 kB
dist/assets/pcs-engineering-preparation-projection-CZR-EzKH.js           11.49 kB │ gzip:   4.26 kB
dist/assets/pda-login-CmHSAotD.js                                        11.65 kB │ gzip:   4.51 kB
dist/assets/warehouses-CFyO4IUz.js                                       11.74 kB │ gzip:   4.23 kB
dist/assets/purchase-suggestions-CVpQLmRu.js                             11.87 kB │ gzip:   3.70 kB
dist/assets/material-transfers-B_9MJGmv.js                               11.99 kB │ gzip:   4.21 kB
dist/assets/task-breakdown-CFO0D6ju.js                                   12.16 kB │ gzip:   4.53 kB
dist/assets/pickup-management-runtime-i5AxxRda.js                        12.25 kB │ gzip:   4.73 kB
dist/assets/task-execution-adapter-BaNSlWUS.js                           12.26 kB │ gzip:   3.69 kB
dist/assets/process-statistics-domain-CmAGagyX.js                        12.33 kB │ gzip:   4.03 kB
dist/assets/pms-handlers-CRZrj8QT.js                                     12.54 kB │ gzip:   2.89 kB
dist/assets/context-DPnUIZQ2.js                                          13.02 kB │ gzip:   4.60 kB
dist/assets/cutting-record-repository-BfMs2u4w.js                        13.04 kB │ gzip:   4.66 kB
dist/assets/meta-DqPRPSX8.js                                             13.16 kB │ gzip:   2.95 kB
dist/assets/handover-records-BG5SmkHd.js                                 13.18 kB │ gzip:   4.14 kB
dist/assets/replacement-fabric-repository-CE6mR_RK.js                    13.25 kB │ gzip:   5.41 kB
dist/assets/handover-print-CpAYF37V.js                                   13.53 kB │ gzip:   4.95 kB
dist/assets/pda-start-link-D1cWMGr-.js                                   13.62 kB │ gzip:   4.81 kB
dist/assets/inventory-monitor-rqURVK4E.js                                13.66 kB │ gzip:   4.78 kB
dist/assets/bom-detail-eAr-Ek6h.js                                       13.69 kB │ gzip:   4.97 kB
dist/assets/returns-Cea_orZJ.js                                          13.84 kB │ gzip:   5.13 kB
dist/assets/wls-finished-inbound-Dr9_y7WL.js                             13.92 kB │ gzip:   5.30 kB
dist/assets/tmf-base-demo-DoxZNeI_.js                                    13.92 kB │ gzip:   5.03 kB
dist/assets/work-orders-DTP50sqH.js                                      13.99 kB │ gzip:   5.18 kB
dist/assets/wls-inbound-BCMsdpuf.js                                      14.05 kB │ gzip:   5.47 kB
dist/assets/cut-piece-return-warehouse-DWx-_l4B.js                       14.20 kB │ gzip:   5.07 kB
dist/assets/idb-storage-DYscBY_v.js                                      14.27 kB │ gzip:   5.28 kB
dist/assets/pcs-technical-data-tech-pack-list-DF365YQT.js                14.30 kB │ gzip:   4.92 kB
dist/assets/supplements-_s-_0BvV.js                                      14.34 kB │ gzip:   5.24 kB
dist/assets/mobile-execution-task-index-BhqqlX5U.js                      14.41 kB │ gzip:   3.87 kB
dist/assets/post-finishing-qc-print-template-2A6aSXGd.js                 14.50 kB │ gzip:   4.47 kB
dist/assets/work-orders-C9T7ATr5.js                                      14.55 kB │ gzip:   4.95 kB
dist/assets/printing-sheet-template-CQRyiPVs.js                          14.58 kB │ gzip:   5.05 kB
dist/assets/manual-fei-tickets-jFQ1UZ8l.js                               14.69 kB │ gzip:   5.02 kB
dist/assets/work-orders-YE8x533S.js                                      14.75 kB │ gzip:   4.78 kB
dist/assets/work-order-detail-EBqOZ6yQ.js                                14.84 kB │ gzip:   4.77 kB
dist/assets/dispatch-task-sheet-template-Dm69VG8Z.js                     15.05 kB │ gzip:   6.00 kB
dist/assets/responsibility-transfers-fQrZbXEw.js                         15.10 kB │ gzip:   5.72 kB
dist/assets/workbench-ChlVZBZx.js                                        15.76 kB │ gzip:   4.79 kB
dist/assets/cut-order-supplement-fixture-w9I7sKzD.js                     15.96 kB │ gzip:   4.83 kB
dist/assets/outbound-orders-D9Q0tR1U.js                                  16.05 kB │ gzip:   5.21 kB
dist/assets/process-web-status-actions-BKa0pjfS.js                       16.08 kB │ gzip:   4.30 kB
dist/assets/pcs-handlers-CI6ZDiwP.js                                     16.18 kB │ gzip:   4.06 kB
dist/assets/handover-ledger-view-Kk4xJuFf.js                             16.19 kB │ gzip:   4.46 kB
dist/assets/garment-spu-replacement-v4pQVbCg.js                          16.40 kB │ gzip:   5.03 kB
dist/assets/reports-BMwmd5xh.js                                          16.48 kB │ gzip:   4.25 kB
dist/assets/machines-DAHVq8uh.js                                         16.51 kB │ gzip:   5.51 kB
dist/assets/full-flow-print-x2vHTmbd.js                                  16.60 kB │ gzip:   5.53 kB
dist/assets/payment-requests-B2EAzRg2.js                                 16.74 kB │ gzip:   5.50 kB
dist/assets/progress-handover-order-D_Lzux41.js                          16.86 kB │ gzip:   5.02 kB
dist/assets/wls-garment-relabel-tasks-BEuJCo2s.js                        16.91 kB │ gzip:   5.59 kB
dist/assets/cut-order-release-integration-CWI0LJeF.js                    17.07 kB │ gzip:   6.11 kB
dist/assets/dispatch-acceptance-sla-Beaf93ZK.js                          17.15 kB │ gzip:   5.13 kB
dist/assets/sewing-cut-piece-return-workflow-BQgwYWpj.js                 17.21 kB │ gzip:   6.09 kB
dist/assets/part-ticket-records-x1tko8ij.js                              17.36 kB │ gzip:   6.46 kB
dist/assets/pda-cutting-task-detail-CpE-CokE.js                          17.37 kB │ gzip:   6.13 kB
dist/assets/product-purchase-orders-DIMg_xft.js                          17.42 kB │ gzip:   5.22 kB
dist/assets/cutting-runtime-event-ledger-DV8qplDb.js                     17.42 kB │ gzip:   6.05 kB
dist/assets/production-confirmation-DyreQ6yy.js                          17.43 kB │ gzip:   5.94 kB
dist/assets/marker-spreading-projection-Dxk7t_ui.js                      17.50 kB │ gzip:   5.53 kB
dist/assets/output-stock-YfHyVg9m.js                                     17.52 kB │ gzip:   6.59 kB
dist/assets/material-requirements-M-8R9sid.js                            17.55 kB │ gzip:   5.99 kB
dist/assets/sewing-cut-piece-responsibility-DjUFylJS.js                  17.63 kB │ gzip:   5.30 kB
dist/assets/pda-sewing-self-return-Cxlkwzbj.js                           17.68 kB │ gzip:   5.98 kB
dist/assets/simple-cut-piece-handover-fixtures-CcXXAN-i.js               17.74 kB │ gzip:   6.04 kB
dist/assets/progress-cutting-detail-7uc4ypJo.js                          17.80 kB │ gzip:   4.50 kB
dist/assets/bom-detail-Da9Wn42X.js                                       17.90 kB │ gzip:   5.78 kB
dist/assets/supplier-confirmations-D_dtFwwg.js                           17.94 kB │ gzip:   5.33 kB
dist/assets/purchase-demands-BsiK769f.js                                 18.07 kB │ gzip:   5.81 kB
dist/assets/suppliers-DOxcttzm.js                                        18.16 kB │ gzip:   5.27 kB
dist/assets/store-domain-pda-Bl4jkAiC.js                                 18.21 kB │ gzip:   6.41 kB
dist/assets/pda-notify-due-soon-B2hMwfFO.js                              18.41 kB │ gzip:   6.28 kB
dist/assets/process-mobile-task-binding-DgArYKzq.js                      18.56 kB │ gzip:   6.49 kB
dist/assets/tasks-Bp0mGp6M.js                                            18.57 kB │ gzip:   6.89 kB
dist/assets/platform-process-result-view-DMElb_QR.js                     18.64 kB │ gzip:   5.38 kB
dist/assets/store-domain-statement-source-adapter-BmOcm3Ke.js            18.71 kB │ gzip:   5.37 kB
dist/assets/generated-cut-orders-DnX1_xD_.js                             18.72 kB │ gzip:   5.62 kB
dist/assets/sewing-outsourcing-workbench-C29T0Bj0.js                     18.76 kB │ gzip:   6.52 kB
dist/assets/supplier-supply-archives-CHFLojSi.js                         18.90 kB │ gzip:   5.79 kB
dist/assets/materials-DQo18LQz.js                                        18.93 kB │ gzip:   4.79 kB
dist/assets/pda-warehouse-shared-DCHGlmMy.js                             18.95 kB │ gzip:   5.69 kB
dist/assets/warehouse-DCl0HfM0.js                                        19.11 kB │ gzip:   6.11 kB
dist/assets/production-demand-early-process-work-orders-BGryWg0e.js      19.13 kB │ gzip:   5.74 kB
dist/assets/events-DNddjK5d.js                                           19.21 kB │ gzip:   7.47 kB
dist/assets/platform.adapter-BTh5OhUc.js                                 19.25 kB │ gzip:   6.09 kB
dist/assets/kol-goto-pda-domain-CNLryVoj.js                              19.33 kB │ gzip:   6.58 kB
dist/assets/shared-DKNBqneI.js                                           19.43 kB │ gzip:   5.25 kB
dist/assets/units-clzDucaW.js                                            19.73 kB │ gzip:   5.89 kB
dist/assets/post-finishing-current-read-model-KkdEcPfp.js                19.77 kB │ gzip:   5.53 kB
dist/assets/stage-display-Bl3rVURf.js                                    19.84 kB │ gzip:   7.01 kB
dist/assets/factory-sample-verification-flow-DB_aoRbg.js                 19.86 kB │ gzip:   4.87 kB
dist/assets/adjustments-B3idAoNs.js                                      19.94 kB │ gzip:   6.18 kB
dist/assets/pda-warehouse-inbound-records-CrKWBXRM.js                    20.11 kB │ gzip:   5.84 kB
dist/assets/index-9fpxoRyW.js                                            20.21 kB │ gzip:   5.22 kB
dist/assets/audit-records-C4HptXev.js                                    20.35 kB │ gzip:   6.65 kB
dist/assets/process-water-soluble-orders-BV98IyuU.js                     20.49 kB │ gzip:   6.42 kB
dist/assets/material-process-plans-Dc0rNcV7.js                           20.52 kB │ gzip:   7.57 kB
dist/assets/pda-warehouse-outbound-records-M4OoIqJg.js                   20.61 kB │ gzip:   6.07 kB
dist/assets/overview.adapter-DI7tifD9.js                                 20.65 kB │ gzip:   6.53 kB
dist/assets/task-orders-Dc73PLKw.js                                      20.83 kB │ gzip:   7.16 kB
dist/assets/pcs-engineering-tech-pack-workspace-BZR2it0D.js              21.00 kB │ gzip:   7.29 kB
dist/assets/shared-seed-CGi2rQR7.js                                      21.01 kB │ gzip:   6.23 kB
dist/assets/material-purchase-tracking-Cy6L39k-.js                       21.11 kB │ gzip:   6.69 kB
dist/assets/events-DY-qIbyP.js                                           21.17 kB │ gzip:   6.55 kB
dist/assets/order-list-columns-CijfPYtD.js                               21.20 kB │ gzip:   6.64 kB
dist/assets/los-live-rooms-SvrNag9R.js                                   21.23 kB │ gzip:   7.67 kB
dist/assets/pcs-testing-order-detail-CtYipS1g.js                         21.30 kB │ gzip:   6.20 kB
dist/assets/pcs-engineering-master-view-model-lDqmXpvM.js                21.39 kB │ gzip:   7.29 kB
dist/assets/suppliers-FnARQKIL.js                                        21.68 kB │ gzip:   6.93 kB
dist/assets/tmf-domain-shared-CsnEeaO8.js                                21.88 kB │ gzip:   8.26 kB
dist/assets/routes-wls-qU8BZafB.js                                       22.31 kB │ gzip:   7.24 kB
dist/assets/deduction-analysis-DUkiUqKz.js                               22.40 kB │ gzip:   6.53 kB
dist/assets/fei-ticket-numbering-Cbj-O2HE.js                             22.45 kB │ gzip:   6.47 kB
dist/assets/warehouse-location-map-model-BMzRpnZd.js                     22.51 kB │ gzip:   7.14 kB
dist/assets/subject-operations-DvirrseX.js                               22.61 kB │ gzip:   7.01 kB
dist/assets/tasks-BQFbWCi7.js                                            22.80 kB │ gzip:   7.29 kB
dist/assets/progress-statistics-linkage-CoSwhy4c.js                      22.86 kB │ gzip:   6.54 kB
dist/assets/work-order-detail-PcHu1rv6.js                                22.92 kB │ gzip:   7.36 kB
dist/assets/cut-piece-handover-skV3HVMl.js                               22.98 kB │ gzip:   7.44 kB
dist/assets/qc-workbench-DUyzAK2X.js                                     23.03 kB │ gzip:   7.18 kB
dist/assets/recheck-orders-XlOrRwv-.js                                   23.18 kB │ gzip:   7.34 kB
dist/assets/cut-piece-returns-BvecqxcY.js                                23.31 kB │ gzip:   7.19 kB
dist/assets/purchase-suggestions-Co2JhzBz.js                             23.40 kB │ gzip:   7.33 kB
dist/assets/material-issue-Fi9Fu2Zx.js                                   23.80 kB │ gzip:   5.92 kB
dist/assets/progress-cutting-overview-DraNBXBq.js                        23.83 kB │ gzip:   5.71 kB
dist/assets/dye-work-order-online-view-D1VNBsit.js                       24.15 kB │ gzip:   8.21 kB
dist/assets/quality-deduction-selectors-Cnvak1Nv.js                      24.26 kB │ gzip:   6.28 kB
dist/assets/production-order-duration-C4ULK17k.js                        24.27 kB │ gzip:   9.25 kB
dist/assets/production-context-records-D5Le5JbE.js                       24.40 kB │ gzip:   8.62 kB
dist/assets/material-statements-_ecn8_jk.js                              24.45 kB │ gzip:   6.72 kB
dist/assets/print-preview-Brj2-P3A.js                                    24.57 kB │ gzip:   8.24 kB
dist/assets/process-order-task-links-DK5i33Ig.js                         24.68 kB │ gzip:   6.86 kB
dist/assets/retired-process-history-CJUukX0u.js                          24.75 kB │ gzip:   6.41 kB
dist/assets/dialogs-B0YjzD3k.js                                          24.86 kB │ gzip:   6.14 kB
dist/assets/material-preparation-Dj_G3hFO.js                             25.21 kB │ gzip:   8.79 kB
dist/assets/fcs-production-tech-pack-snapshot-DRY2U0ZY.js                25.35 kB │ gzip:   6.46 kB
dist/assets/kol-demands-Ci2b0TGm.js                                      25.43 kB │ gzip:   7.39 kB
dist/assets/wls-fabric-demand-board-ChIU83n6.js                          25.47 kB │ gzip:   6.83 kB
dist/assets/reconciliations-D33eZazL.js                                  25.55 kB │ gzip:   6.83 kB
dist/assets/machine-associations-Ce1OsGYq.js                             25.62 kB │ gzip:   7.75 kB
dist/assets/process-print-orders-CNo8poW1.js                             25.74 kB │ gzip:   8.55 kB
dist/assets/process-dye-orders-BE6wOwbb.js                               25.91 kB │ gzip:   8.64 kB
dist/assets/qc-orders-9AvJaH96.js                                        25.94 kB │ gzip:   8.27 kB
dist/assets/pda-handlers-BPwY3TSg.js                                     26.67 kB │ gzip:   6.41 kB
dist/assets/marker-spreading-utils-BACzcpj9.js                           26.71 kB │ gzip:   7.82 kB
dist/assets/simple-cut-piece-handover-ui-lPCNDoR2.js                     27.01 kB │ gzip:  10.08 kB
dist/assets/warehouse-location-map-BqOg8e_9.js                           27.06 kB │ gzip:   7.08 kB
dist/assets/pcs-config-workspace-repository-BCjybVkz.js                  27.14 kB │ gzip:  10.27 kB
dist/assets/pda-warehouse-wait-handover-KgPmplD6.js                      27.57 kB │ gzip:   7.15 kB
dist/assets/progress-milestone-config-BFw_1Yyb.js                        27.59 kB │ gzip:   6.15 kB
dist/assets/pcs-pattern-library-detail-DggwK8Oj.js                       27.67 kB │ gzip:   6.59 kB
dist/assets/pda-wool-fact-execution-B3ECRytN.js                          28.02 kB │ gzip:   9.35 kB
dist/assets/third-party-factory-rating-DrEaSxZF.js                       28.13 kB │ gzip:   8.05 kB
dist/assets/print-styles-BjQBw8jj.js                                     28.31 kB │ gzip:   4.01 kB
dist/assets/sample-approval-suggestions-W9IKYQLm.js                      28.32 kB │ gzip:   8.87 kB
dist/assets/factory-status-CaaHgi3C.js                                   28.43 kB │ gzip:   6.02 kB
dist/assets/source-document-detail-Bjdu4-Jl.js                           28.45 kB │ gzip:  10.53 kB
dist/assets/sample-warehouse-7GhCjo5s.js                                 28.47 kB │ gzip:   7.34 kB
dist/assets/marker-plan-source-model-oEE3lQGU.js                         28.93 kB │ gzip:   8.49 kB
dist/assets/pcs-engineering-master-list-CqoXK9nV.js                      28.95 kB │ gzip:  10.10 kB
dist/assets/commands-pd-nZUwo.js                                         29.05 kB │ gzip:   8.24 kB
dist/assets/pcs-engineering-master-detail-CbNFLZhB.js                    29.30 kB │ gzip:   8.64 kB
dist/assets/warehouse-CZHcKjch.js                                        29.79 kB │ gzip:  10.06 kB
dist/assets/logistics-reconciliations-CR1eFHcH.js                        30.17 kB │ gzip:   9.33 kB
dist/assets/pcs-technical-data-BmPkUNjh.js                               30.50 kB │ gzip:   8.34 kB
dist/assets/production-order-progress-tracking-CWwI0Tmw.js               30.53 kB │ gzip:  10.25 kB
dist/assets/material-reconciliations-C_fGBXWq.js                         30.57 kB │ gzip:   9.32 kB
dist/assets/progress-cutting-exception-center-BkysRlcV.js                30.89 kB │ gzip:   7.18 kB
dist/assets/capability-g7UUBARK.js                                       31.65 kB │ gzip:   6.69 kB
dist/assets/replacement-fabric-fei-tickets-ETZuScC4.js                   31.83 kB │ gzip:  10.92 kB
dist/assets/material-archives-pqy5qieI.js                                31.86 kB │ gzip:   7.87 kB
dist/assets/factory-performance-D2Dyo3lp.js                              32.31 kB │ gzip:   6.74 kB
dist/assets/handover-orders-7GsEtUGL.js                                  32.46 kB │ gzip:   9.19 kB
dist/assets/dialogs-Dpv7J6q7.js                                          32.71 kB │ gzip:   9.86 kB
dist/assets/task-detail-G-HgU0iF.js                                      32.81 kB │ gzip:   9.72 kB
dist/assets/effective-task-assignments-xHNOgCNR.js                       33.11 kB │ gzip:  11.03 kB
dist/assets/garment-spu-replacements-BZFnYCgF.js                         33.13 kB │ gzip:   9.41 kB
dist/assets/process-warehouse-domain-BkTK7t77.js                         33.27 kB │ gzip:   7.61 kB
dist/assets/pcs-tech-pack-bootstrap-DKOU5DtT.js                          33.31 kB │ gzip:   8.49 kB
dist/assets/cut-piece-return-domain-DBX95-bz.js                          33.41 kB │ gzip:   9.93 kB
dist/assets/store-domain-settlement-seeds-B7faIwct.js                    33.72 kB │ gzip:   9.01 kB
dist/assets/pcs-pattern-library-KECx0sMR.js                              33.73 kB │ gzip:   7.65 kB
dist/assets/warehouse-runtime-C5HbAubg.js                                33.87 kB │ gzip:   8.69 kB
dist/assets/pda-shell-AMo9PZHT.js                                        33.93 kB │ gzip:   9.05 kB
dist/assets/early-process-management-Cu4k8HPI.js                         34.61 kB │ gzip:   8.77 kB
dist/assets/dispatch-acceptance-sla-CiL7qHRA.js                          34.99 kB │ gzip:   7.90 kB
dist/assets/material-purchase-orders-Dy50SMON.js                         35.16 kB │ gzip:  11.34 kB
dist/assets/stage-orders-BDJrWTJs.js                                     35.33 kB │ gzip:  10.94 kB
dist/assets/pda-post-finishing-flow-Dnia9-88.js                          35.59 kB │ gzip:   9.62 kB
dist/assets/supplier-confirmations-Bd8D62W3.js                           36.09 kB │ gzip:   9.80 kB
dist/assets/stage-order-detail-DtSBV1Zf.js                               36.18 kB │ gzip:  10.68 kB
dist/assets/pda-warehouse-stocktake-CFZG96Gl.js                          36.46 kB │ gzip:   9.43 kB
dist/assets/work-orders-BJcEFkRO.js                                      36.70 kB │ gzip:  12.39 kB
dist/assets/pending-receipts-BZzB9mUY.js                                 36.96 kB │ gzip:  11.30 kB
dist/assets/pcs-pattern-library-create-D0QC2OET.js                       37.00 kB │ gzip:   8.66 kB
dist/assets/material-inventory-VYOvQNpu.js                               37.31 kB │ gzip:   9.26 kB
dist/assets/work-order-detail-ByTgxKsX.js                                37.36 kB │ gzip:  10.36 kB
dist/assets/third-party-factory-comprehensive-assessment-ClF5DniK.js     37.47 kB │ gzip:  11.05 kB
dist/assets/water-soluble-orders-DX7FQgP7.js                             37.54 kB │ gzip:  11.45 kB
dist/assets/pda-task-receive-detail-BFUAUYq7.js                          37.61 kB │ gzip:   9.36 kB
dist/assets/work-order-detail-CqqRcYUd.js                                37.81 kB │ gzip:  10.36 kB
dist/assets/first-leg-logistics-DuuAhURC.js                              37.92 kB │ gzip:  10.22 kB
dist/assets/product-purchase-orders-C2AR17i1.js                          38.01 kB │ gzip:   9.33 kB
dist/assets/pcs-part-template-library-ClIjCUS6.js                        38.07 kB │ gzip:  13.44 kB
dist/assets/cutting-statistics-ab-material-DP2IYd2e.js                   38.13 kB │ gzip:   8.63 kB
dist/assets/store-domain-quality-bootstrap-J1qmOPoL.js                   38.24 kB │ gzip:   5.39 kB
dist/assets/first-leg-carriers-BW3Bvlo7.js                               38.36 kB │ gzip:  10.26 kB
dist/assets/pda-cutting-inbound-DRQsOK5a.js                              38.91 kB │ gzip:  11.81 kB
dist/assets/special-processes-DTdyrP16.js                                38.95 kB │ gzip:  10.25 kB
dist/assets/pda-cutting-handover-2ozoTD3s.js                             39.15 kB │ gzip:  12.00 kB
dist/assets/payment-requests-BWpYtlyr.js                                 39.27 kB │ gzip:  10.37 kB
dist/assets/pda-quality-BRl1U56A.js                                      39.31 kB │ gzip:  10.52 kB
dist/assets/warehouse-BwW4419M.js                                        39.73 kB │ gzip:  11.43 kB
dist/assets/semi-finished-orders-BcEd89aO.js                             39.75 kB │ gzip:  12.13 kB
dist/assets/pda-cutting-transfer-bag-repack-l0iCufqc.js                  40.25 kB │ gzip:  11.56 kB
dist/assets/first-leg-shipments-BZ6AFTQL.js                              40.88 kB │ gzip:  10.25 kB
dist/assets/fcs-handlers-Cccg74we.js                                     43.02 kB │ gzip:  12.85 kB
dist/assets/pending-receipts-BJLjJtP1.js                                 43.47 kB │ gzip:  15.64 kB
dist/assets/label-print-template-BExN-24q.js                             43.47 kB │ gzip:  12.33 kB
dist/assets/lace-factory-domain-E69dJw3K.js                              44.40 kB │ gzip:  11.20 kB
dist/assets/warehouse-BK2My8k1.js                                        44.81 kB │ gzip:  11.46 kB
dist/assets/factory-receiving-P13Y8fLg.js                                45.23 kB │ gzip:  15.39 kB
dist/assets/cutting-summary-Cz8lYDGl.js                                  45.89 kB │ gzip:  12.24 kB
dist/assets/engineering-file-upload-D3ngfDSy.js                          46.77 kB │ gzip:  14.45 kB
dist/assets/demand-domain-BYHUe43_.js                                    47.35 kB │ gzip:  10.99 kB
dist/assets/handover-orders-UzydzRfB.js                                  47.47 kB │ gzip:   9.30 kB
dist/assets/batches-BJbF0I9h.js                                          47.58 kB │ gzip:  10.35 kB
dist/assets/settlement-linked-mock-factory-Cn0tOaZl.js                   47.83 kB │ gzip:  14.54 kB
dist/assets/warehouse-C_4IDiL-.js                                        47.91 kB │ gzip:  11.46 kB
dist/assets/pcs-record-core-Cucs9Mu1.js                                  48.27 kB │ gzip:  16.16 kB
dist/assets/dyeing-BVCVBQo5.js                                           49.16 kB │ gzip:  10.93 kB
dist/assets/printing-T5wVQklo.js                                         49.17 kB │ gzip:  10.93 kB
dist/assets/other-HppfcQt3.js                                            49.18 kB │ gzip:  10.95 kB
dist/assets/sewing-CH5t8v8S.js                                           50.20 kB │ gzip:  11.28 kB
dist/assets/dispatch-tenders-Cbnz34BJ.js                                 50.33 kB │ gzip:  13.48 kB
dist/assets/progress-material-BUR-6Z3E.js                                50.42 kB │ gzip:  10.09 kB
dist/assets/pda-onboarding-C4I9OSC_.js                                   50.59 kB │ gzip:  10.82 kB
dist/assets/pda-task-receive-CyYyhynK.js                                 50.60 kB │ gzip:  12.70 kB
dist/assets/pda-cutting-execution-source-Di3NJG_M.js                     50.86 kB │ gzip:  13.78 kB
dist/assets/pcs-config-workspace-B7Me6MCA.js                             51.29 kB │ gzip:  17.90 kB
dist/assets/pcs-channel-stores-DswDFOLb.js                               51.44 kB │ gzip:  14.99 kB
dist/assets/wait-handover-runtime-D9_U4KKA.js                            51.77 kB │ gzip:  14.45 kB
dist/assets/marker-plan-model-IMIdQuez.js                                52.14 kB │ gzip:  14.93 kB
dist/assets/work-order-detail-BWT7kmJW.js                                53.02 kB │ gzip:  16.56 kB
dist/assets/store-domain-progress-CE_JU3oz.js                            53.17 kB │ gzip:  11.82 kB
dist/assets/pda-handover-WJMmOA7u.js                                     53.35 kB │ gzip:  14.29 kB
dist/assets/detail-domain-DFvQ3n1P.js                                    53.60 kB │ gzip:  11.93 kB
dist/assets/pcs-part-template-library-BR5b3ubJ.js                        53.80 kB │ gzip:  11.06 kB
dist/assets/material-purchase-orders-BBbSb2VM.js                         53.93 kB │ gzip:  16.38 kB
dist/assets/settlement-cutting-input-CryEcd7I.js                         55.37 kB │ gzip:  11.78 kB
dist/assets/marker-plan-occupancy-BjxSIsY5.js                            57.45 kB │ gzip:  16.14 kB
dist/assets/progress-urge-oul2BmWk.js                                    58.04 kB │ gzip:  12.10 kB
dist/assets/runtime-inputs-CSo0Omqm.js                                   58.25 kB │ gzip:  15.74 kB
dist/assets/warehouse-location-map-txzdJ51y.js                           59.37 kB │ gzip:  17.87 kB
dist/assets/pda-cutting-spreading-SNmd4bkz.js                            59.79 kB │ gzip:  14.35 kB
dist/assets/wls-accessory-receipts-9MJZ5hcO.js                           60.15 kB │ gzip:  15.56 kB
dist/assets/factory-profile-H6vvEFa0.js                                  61.17 kB │ gzip:  14.03 kB
dist/assets/pda-settlement-BzLXysCy.js                                   61.99 kB │ gzip:  14.38 kB
dist/assets/pickup-management-list-C9f5NyTk.js                           63.34 kB │ gzip:  17.88 kB
dist/assets/cutting-SpkSk_5i.js                                          64.51 kB │ gzip:  13.69 kB
dist/assets/progress-handover-C8cJ9yt-.js                                65.61 kB │ gzip:  14.30 kB
dist/assets/pcs-channel-products-DSuetFR-.js                             66.90 kB │ gzip:  22.23 kB
dist/assets/production-object-overview-C33PAmE1.js                       67.79 kB │ gzip:  14.31 kB
dist/assets/output-documents-BesgFXth.js                                 68.80 kB │ gzip:  23.78 kB
dist/assets/core-DY4TJI7p.js                                             69.43 kB │ gzip:  13.13 kB
dist/assets/cutting-daily-production-report-BIJTzEtD.js                  69.91 kB │ gzip:  19.80 kB
dist/assets/pda-exec-DJSL1J1i.js                                         70.05 kB │ gzip:  16.31 kB
dist/assets/context-CzM8Nqcp.js                                          70.19 kB │ gzip:  21.60 kB
dist/assets/production-object-overview-KT6lPeik.js                       71.90 kB │ gzip:  16.79 kB
dist/assets/progress-exceptions-DOJS5Ip0.js                              72.17 kB │ gzip:  14.02 kB
dist/assets/qc-records-aWYmJOZS.js                                       72.92 kB │ gzip:  16.68 kB
dist/assets/pcs-product-archives-lGtDxH78.js                             73.32 kB │ gzip:  24.50 kB
dist/assets/pcs-engineering-tasks-C-Xse7ya.js                            73.34 kB │ gzip:  17.56 kB
dist/assets/pcs-sample-management-BfE3jR8N.js                            74.25 kB │ gzip:  18.47 kB
dist/assets/factory-onboarding-W7JoGPHd.js                               75.30 kB │ gzip:  12.70 kB
dist/assets/sewing-dispatch-COlKOgIn.js                                  75.98 kB │ gzip:  19.97 kB
dist/assets/orders-domain-Cy5tE2Dw.js                                    76.35 kB │ gzip:  16.92 kB
dist/assets/dialogs-CoCzMBx_.js                                          76.54 kB │ gzip:  18.96 kB
dist/assets/settlement-8J2iMuc1.js                                       76.71 kB │ gzip:  12.05 kB
dist/assets/runtime-projections-BJ0xiUCk.js                              78.06 kB │ gzip:  18.45 kB
dist/assets/process-action-writeback-service-i8PMgLWN.js                 78.29 kB │ gzip:  17.93 kB
dist/assets/transfer-bags-D7KVEu7Y.js                                    80.42 kB │ gzip:  20.97 kB
dist/assets/production-progress-WNp3jWsf.js                              82.47 kB │ gzip:  21.08 kB
dist/assets/routes-fcs-BuscjNT0.js                                       83.06 kB │ gzip:  15.65 kB
dist/assets/cut-piece-release-BBjfmxqj.js                                85.26 kB │ gzip:  25.87 kB
dist/assets/production-D_-VyVGW.js                                       85.38 kB │ gzip:  18.50 kB
dist/assets/pda-handover-detail-6EcYW0Es.js                              85.49 kB │ gzip:  21.52 kB
dist/assets/pda-warehouse-wait-process-CmMGqb2G.js                       89.22 kB │ gzip:  21.87 kB
dist/assets/wait-handover-actions-BiKs7Tui.js                            90.10 kB │ gzip:  23.01 kB
dist/assets/events-DZe5A45-.js                                           90.52 kB │ gzip:  22.37 kB
dist/assets/factory-onboarding-flow-BiiF5Yiu.js                          90.64 kB │ gzip:  23.34 kB
dist/assets/production-tech-pack-change-domain-DccZ6tY8.js               91.44 kB │ gzip:  24.08 kB
dist/assets/dispatch-7zPFpzqV.js                                         92.70 kB │ gzip:  28.26 kB
dist/assets/cut-orders-C1cplOIo.js                                       96.50 kB │ gzip:  25.13 kB
dist/assets/cut-piece-release-C9ZK-ISJ.js                               101.46 kB │ gzip:  26.78 kB
dist/assets/post-finishing-full-flow-B9rDf5AW.js                        105.33 kB │ gzip:  27.31 kB
dist/assets/index-Cy2G8LcO.js                                           109.46 kB │ gzip:  39.85 kB
dist/assets/pcs-material-archive-detail-CNYpAY9a.js                     110.85 kB │ gzip:  36.86 kB
dist/assets/pcs-independent-sampling-CgoRyj2D.js                        112.27 kB │ gzip:  31.03 kB
dist/assets/transfer-bag-return-model-DdWmWFBs.js                       115.43 kB │ gzip:  27.31 kB
dist/assets/supplement-management-CAPGzmQR.js                           115.81 kB │ gzip:  30.87 kB
dist/assets/statements-B6vLl9E0.js                                      121.34 kB │ gzip:  25.18 kB
dist/assets/events-C6F8ccUy.js                                          122.94 kB │ gzip:  31.86 kB
dist/assets/unified-dispatch-workbench-Dbp6qo1P.js                      123.68 kB │ gzip:  34.82 kB
dist/assets/tmf-material-purchases-M8WcdVg9.js                          124.74 kB │ gzip:  32.47 kB
dist/assets/special-craft-task-orders-DJhd2Og0.js                       127.41 kB │ gzip:  33.79 kB
dist/assets/quality-deduction-repository-CumkjhpR.js                    136.80 kB │ gzip:  26.67 kB
dist/assets/generated-fei-tickets-BTKYvwBe.js                           143.06 kB │ gzip:  36.24 kB
dist/assets/warehouse-hub-CLcpEL-W.js                                   143.59 kB │ gzip:  36.43 kB
dist/assets/production-timeliness-Vff-2v5T.js                           143.73 kB │ gzip:  47.55 kB
dist/assets/preparation-timing-CK4NfAzt.js                              146.62 kB │ gzip:  34.66 kB
dist/assets/marker-plan-iID-VFLZ.js                                     152.61 kB │ gzip:  36.42 kB
dist/assets/marker-spreading-3Ls6Vyq1.js                                156.43 kB │ gzip:  38.64 kB
dist/assets/return-inbound-Ca7lWX8E.js                                  162.41 kB │ gzip:  28.14 kB
dist/assets/app-shared-Ce0GdlNc.js                                      163.18 kB │ gzip:  40.36 kB
dist/assets/transfer-bag-operations-Q9lYlFRW.js                         179.09 kB │ gzip:  44.60 kB
dist/assets/fei-tickets-oYgji5fN.js                                     185.89 kB │ gzip:  41.23 kB
dist/assets/print-template-registry-DCZmvaCO.js                         200.00 kB │ gzip:  50.91 kB
dist/assets/pcs-pattern-library-CYtHpyaY.js                             205.34 kB │ gzip:  45.56 kB
dist/assets/index--GzcKvNw.js                                           210.12 kB │ gzip:  66.49 kB
dist/assets/index-ahCzqgw3.js                                           224.31 kB │ gzip:  49.53 kB
dist/assets/pda-exec-detail-4cT8MBDR.js                                 250.30 kB │ gzip:  58.44 kB
dist/assets/process-tasks-DxQz0R9K.js                                   275.17 kB │ gzip:  76.45 kB
dist/assets/process-domain-DxpeHB_x.js                                  275.82 kB │ gzip:  60.69 kB
dist/assets/production-orders-DLMH6Qua.js                               488.92 kB │ gzip:  47.17 kB
dist/assets/pda-DkAPaFQL.js                                             505.21 kB │ gzip:  83.25 kB
dist/assets/pcs-tech-pack-review-BORNZGT8.js                            704.23 kB │ gzip: 190.85 kB
dist/assets/material-ledger-DLWiLyDQ.js                                 863.52 kB │ gzip: 219.37 kB
dist/assets/production-source-shared-Bj4b3XYm.js                      1,899.17 kB │ gzip: 216.72 kB

(!) Some chunks are larger than 550 kB after minification. Consider:
- Using dynamic import() to code-split the application
- Use build.rollupOptions.output.manualChunks to improve chunking: https://rollupjs.org/configuration-options/#output-manualchunks
- Adjust chunk size limit for this warning via build.chunkSizeWarningLimit.
✓ built in 12.23s
