
> higoods-vanilla-clone@1.0.0 build
> npm run typecheck:engineering && npm test && vite build


> higoods-vanilla-clone@1.0.0 typecheck:engineering
> npm run typecheck:entrypoints && npm run typecheck:scopes


> higoods-vanilla-clone@1.0.0 typecheck:entrypoints
> tsc --project tsconfig.engineering.json


> higoods-vanilla-clone@1.0.0 typecheck:scopes
> node scripts/check-typescript-scope.mjs src/domain/ src/components/ui/ src/state/

TypeScript 全量既有错误：3
本次渐进检查范围：src/domain/、src/components/ui/、src/state/
范围内错误：0
范围外既有错误保留在全量 typecheck 中继续分批治理。

> higoods-vanilla-clone@1.0.0 test
> npm run test:unit


> higoods-vanilla-clone@1.0.0 test:unit
> node --import tsx --test tests/unit/*.test.ts

✔ 浏览器存储封装保持读写删除语义 (0.39575ms)
✔ 浏览器存储不可用或抛错时保持静默降级 (0.0865ms)
✔ ISO与旧本地文本按实际时刻排序，不按空格与T字典排序 (2.407042ms)
✔ 同一时刻不同时间表达仍按账本序号和稳定ID防重复 (10.792458ms)
✔ 整组同分钟含低精度记录时，唯一可靠顺序形成稳定全序，不按成对条件切换 (0.627292ms)
✔ 全部精确时刻仍按秒排序，跨分钟不会被新账本号倒置 (0.077333ms)
✔ 缺少或重复账本顺序不恢复低精度秒数，沿用原时刻规则 (0.07725ms)
✔ 共享生命周期在同分钟旧入仓后允许交出，并保留原周期和事实 (0.299333ms)
✔ 同分钟物理回收之后报废按真实顺序生效，不被周期边界副本或秒数重排 (0.128584ms)
✔ 同步动作反复读同一账本只转换一次，副本可修改，写后/下一动作/异常退出仍独立重读 (0.838667ms)
(node:87854) ExperimentalWarning: localStorage is not available because --localstorage-file was not provided.
(Use `node --trace-warnings ...` to show where the warning was created)
✔ 共享分配门禁拒绝同SKU错色码或错生产单身份 (18.30225ms)
✔ 共享保存拒绝重复借同格，空身份与非法数量 (46.413ms)
(node:87855) ExperimentalWarning: localStorage is not available because --localstorage-file was not provided.
(Use `node --trace-warnings ...` to show where the warning was created)
✔ N 道只按最终逐票实收，不累计道数或非最终回仓 (1.479958ms)
✔ 末道独有回仓、错票、错工厂、逆序回仓均不得计齐套 (0.17ms)
✔ 真实厂间完成事实只证明前道，末道仍以实际裁床回仓为准 (0.188292ms)
✔ 前道非法实收不能被加工完成标记绕过 (0.120917ms)
✔ 实际已分配厂取代票上默认厂，多家未确认不猜厂，打印票保持原样 (0.513083ms)
✔ 直转前道须有明确工艺身份完成，最终回仓受前道实物上限约束 (0.112708ms)
✔ 零量点收保留凭据；整票不可用和未知资料不贡献 (0.112833ms)
✔ 普通未装袋票不进放行，但既有简易交出可保持；正常换袋去重 (0.132791ms)
✔ 装袋同ID错票号、超原票或无效票面不提供可交实物 (0.217416ms)
✔ 逐票工艺实收保留真实业务回仓号、来源交出号及仓区库位 (0.283834ms)
✔ 旧实收缺加工完成依据保留实物，但不计最终齐套且明确待核对 (0.305166ms)
(node:87856) ExperimentalWarning: localStorage is not available because --localstorage-file was not provided.
(Use `node --trace-warnings ...` to show where the warning was created)
✔ 冻结原票的真实仓库实收继续更新；冻结后新票进晚到队列，不冒充原产出 (9.718792ms)
✔ 放行备份/读回安全整数与逐格合计，正常零不变成未确认 (0.99575ms)
✔ 无效整票追溯与未知collection不能借备份写入 (0.196333ms)
(node:87858) ExperimentalWarning: localStorage is not available because --localstorage-file was not provided.
(Use `node --trace-warnings ...` to show where the warning was created)
✔ 列表只读余量查询满足正整数身份门禁，K100/A205显示当前风险105、占用0及余量205 (64.627333ms)
✔ 裁片放行保留唯一菜单键和地址，归属裁床仓库管理 (0.783625ms)
✔ 字母与数值尺码升序，自定义尺码保留配置顺序 (4.046958ms)
✔ 非法数量和空白保持非法，不夹取或四舍五入成另一个有效量 (0.779625ms)
✔ 目标确认待保存及整票原因也受离开提醒保护，已保存目标和空白原因不误提醒 (0.906ms)
✔ 本页导航、补料、系统与当前页签退出统一提醒，关闭其他页签和折叠菜单不误提醒 (0.173917ms)
✔ 未知自定义尺码在目标和放行矩阵明确提示待核对且保留原序，标准尺码不出现提示 (15.829958ms)
✔ 未确认与确认零放行分开，零放行不回退成目标281件 (0.124666ms)
✔ 尚未确认且齐套未知时，确认汇总中的K和R均显示待核对而非零 (4.088125ms)
✔ 目标与放行渲染为相同颜色行、尺码升序列，缺失SKU格保持不可编辑 (5.843958ms)
✔ 逐票详情保留最终回仓实收、完整顺序、袋周期、成衣色与面料色以及差异 (0.909458ms)
✔ 侧栏逐道显示真实交出单、回仓业务号和库位，记录编号放在展开依据中 (0.646709ms)
✔ 加工完成未回仓仍显示未最终回仓，未知工艺不展示普通免工艺依据 (0.385708ms)
✔ 真实前道直转投影接入侧栏，末道实收80显示已最终回仓 (1.01625ms)
✔ 跨工厂直转前道不必回裁床，最终实收80片显示已最终回仓 (0.341583ms)
✔ 最终实际点收0片保留完成事实，不显示待加工或待回仓 (0.271417ms)
✔ 历史实收有原始回仓数量但缺加工完成依据，明细保留实收且暂不计齐套 (0.286958ms)
✔ 整票更正确认同时展示票袋工艺放行分配及保留历史责任 (8.408458ms)
✔ 整票登记保存携带打开详情时的版本，旧页面不会改用后来读到的版本 (0.698208ms)
✔ 文案采用短句，目标和放行保留操作边界，整票确认保留实际后果 (4.3495ms)
✔ 具名静态演示材料使用既有真实图片，三道工艺仅按最终回仓计入 (3.003ms)
✔ 示例内部身份只在追溯展开中显示，真实票号完整保留且确认仍显示实际影响 (11.885875ms)
✔ 真实生成的工艺记录内部UUID只在展开中显示，不替换真实业务号 (3.78275ms)
✔ PAGE-008 每张静态放行记录绑定对应款式实图，列表与款号同格并保留大图动作 (26.461542ms)
✔ PAGE-008 每个静态示例的必需物料均绑定对应实物图，资料缺失示例也保留图片 (1.727875ms)
✔ 仓库轻量事件入口保留原库位维护委派，其他业务动作沿用仓库处理器 (0.407917ms)
(node:87859) ExperimentalWarning: localStorage is not available because --localstorage-file was not provided.
(Use `node --trace-warnings ...` to show where the warning was created)
✔ 同次完整袋验证复用已核对事件，保留严格当前袋结果且不逐袋重新解析全账 (75.886625ms)
✔ 同次批量袋读取与逐袋严格结果一致，最新实收更正重新计算且不改原事实 (32.017ms)
✔ 带袋同一秒连续逐票更正有独立事实，同一更正重试只保存一次 (14.422292ms)
✔ 无袋同一秒连续逐票更正有独立事实，同一更正重试只保存一次 (19.0455ms)
✔ 保留历史换袋确认按真实来源入仓先后匹配，ISO与本地文本不丢来源库位 (0.949416ms)
✔ 特殊工艺实回库位从原票快照读取生产单，零实收票不冒充当前库存关联 (7.229542ms)
✔ PDA实际入仓入口保留默认时间秒与时区，同一分钟交出后可逐票回仓 (4.497875ms)
✔ PDA实回页按第二张菲票自身当前阶段和实际交出数量显示应回数量 (8.241458ms)
✔ 无袋实收10更正9扣库存差额，重新装袋或实际交出后不反冲其他库存 (39.781375ms)
✔ 明确单道无袋实收9合法实交后更正7保留旧9责任与真实接收厂 (27.783ms)
✔ 整袋候选与提交共享未知来源、未知必要工艺及整票不可用阻断，caller不能给空事件绕过 (69.047334ms)
✔ 连续工艺具名示例仅提供真实技术包两条未分配任务，不写事实或覆盖旧任务 (7.536416ms)
✔ 不同菲票的同一实际有序工艺链可同袋，链身份不使用每票阶段ID (0.348917ms)
✔ 同链两张菲票保留各自阶段身份并分别实收，不把第二票当第一票工艺 (4.15275ms)
✔ 连续工艺直接由实际持有厂转交下道，前道完成与最后回仓分开记账 (11.796166ms)
✔ 同袋两票连续转交按每票前道和下道身份核对，最后分别回仓 (14.150541ms)
✔ 实际任务绑定明确匹配技术包部位工艺、色码、目标对象和当前分配，不采用默认厂 (0.7535ms)
✔ 特殊工艺交出只能读取原票当前阶段与唯一实际承接任务 (0.287ms)
✔ ISO来源交出后同一分钟实际回仓保留秒与时区，不被文本格式判为早于来源 (10.401667ms)
✔ 逐票实收分别计数，更正库存仅按差额且保留原票 (11.041ms)
✔ 未核对加工完成不得保存；历史完成未知保留实收P而不能冒充齐套 (4.168417ms)
✔ 缺逐票确认、空白、小数、超量与未说明差异都不写入 (4.595917ms)
✔ 明确零量点收保留事实，但不生成库存或后道实物 (3.358958ms)
✔ 按身份与顺序分袋，普通和不同工艺链被阻断 (0.100542ms)
✔ 无袋按票独立点收，不能重复新增或回到其他裁床工厂 (4.12975ms)
✔ 多道工艺分别保留同票阶段实收，末道不会累加前道数量 (24.763041ms)
✔ 100片已经交出后更正为90片只改依据，保留原实交责任且不反冲库存 (28.429166ms)
✔ 同一分钟旧入仓分钟时间晚于精确装袋账本，不退回已装袋状态 (2.776375ms)
✔ 正常入仓默认保留完整时刻，同分钟装袋后入仓可继续交出 (1.659458ms)
✔ 实际带袋回仓入口保留ISO秒和时区，不先截断成旧本地分钟 (9.575125ms)
✔ 实际无袋回仓入口保留ISO秒和时区，不先截断成旧本地分钟 (3.680833ms)
✔ 实际空袋回仓入口保留ISO秒和时区，不先截断成旧本地分钟 (3.20475ms)
✔ 当前仓库逐票库存：交到工艺厂为0，最终实收3/0只保留一行，更正不复活原5片 (6.263333ms)
✔ 仓库无袋逐票实收：先回一票3片，另票仍在厂；零量实收保留真实库位且只有一行 (4.318542ms)
✔ 无袋回仓先更正2片再重装，后续更正1片不改当前2片，数量冲突待核对 (21.555917ms)
✔ 仓库兼容来源冲突保留实际袋数量，状态待核对而不可分配 (4.660791ms)
✔ 末道无袋已实收3片后更正已被消费的前道，不遮蔽末道当前库存或库位 (14.425125ms)
✔ 最终回仓裁片尚未分配车缝任务，仍按当前实收展示可分配库存，不误判来源冲突 (3.618958ms)
✔ 初始演示订单正常新增装袋手动票进入当前正式放行，保留原目标与放行且不混入PDA变体物料 (692.63825ms)
✔ 旧存储 getter 不可读时，后道演示开关不阻断裁床依赖模块导入 (263.768084ms)
✔ 裁床工艺来源读取不初始化未迁移的全厂接收需求，原工艺厂读取仍保护旧源 (530.842292ms)
✔ 先读裁床来源再进入工艺厂，任务身份与需求数量一致且仓库记录可正常生成 (603.243709ms)
✔ 已准备任务来源后，任务单预览不加载无关工艺厂接收来源 (726.107334ms)
(node:87861) ExperimentalWarning: localStorage is not available because --localstorage-file was not provided.
(Use `node --trace-warnings ...` to show where the warning was created)
✔ 独立裁剪整任务改派保留数量和执行历史，旧有效分配失效，新范围唯一 (68.922875ms)
✔ 裁床改派回原工厂且回填同一业务日期，不复用旧票范围；普通审计不改身份 (0.3045ms)
(node:87863) ExperimentalWarning: localStorage is not available because --localstorage-file was not provided.
(Use `node --trace-warnings ...` to show where the warning was created)
✔ 交出列表省略详情路线读取时保留全部输出字段 (350.753834ms)
(node:87864) ExperimentalWarning: localStorage is not available because --localstorage-file was not provided.
(Use `node --trace-warnings ...` to show where the warning was created)
✔ MIG-001/002/006: management entry and handlers belong to FCS; PFOS keeps execution (3.230959ms)
✔ MIG-003/007: prep and execution read the same early order identities, quantities and match status (655.849ms)
✔ MIG-004/009: migrated dialogs retain candidate fields, actual material image and task outputs (0.831ms)
✔ MIG-011: management and execution use the same seven business display columns (8.817833ms)
✔ MIG-007: early dye/print creation and cancellation survive reload (2265.001625ms)
✔ BOM working-copy write failure preserves prior state; retry succeeds (149.832875ms)
✔ existing production preparation data does not trigger demo writes on entry (1485.246708ms)
✔ rollback of an unchanged saved BOM does not perform another failing write (25.375167ms)
✔ BOM dictionary preserves old JSON and all snapshot values without mutating input (6.977292ms)
✔ BOM dictionary rejects missing references instead of replacing data silently (0.445458ms)
(node:87870) ExperimentalWarning: localStorage is not available because --localstorage-file was not provided.
(Use `node --trace-warnings ...` to show where the warning was created)
✔ PDA顶栏计数与实际完整待办相同，覆盖各任务工厂及管理员/员工角色 (1695.353375ms)
✔ 解析带标签、小数和空格的长度数量 (0.903958ms)
✔ 解析卷数并对不合法文本返回 0 (0.573791ms)
✔ 证据文件标识把连续空白收口为单个连字符 (0.324625ms)
(node:87873) ExperimentalWarning: localStorage is not available because --localstorage-file was not provided.
(Use `node --trace-warnings ...` to show where the warning was created)
✔ 设计改款可成批生成染色和印花加工单，且完整投影来源与上下游 (1056.748333ms)
✔ 设计改款加工单生成幂等，重复请求不增加单据 (45.849375ms)
✔ 同一设计改款任务的不同颜色和 BOM 行分别生成加工单 (57.623875ms)
✔ 成批提交失败时染色与印花加工单一起回滚 (18.782334ms)
✔ 设计改款来源缺关键引用或来源未知时必须阻断 (0.170875ms)
(node:87874) ExperimentalWarning: localStorage is not available because --localstorage-file was not provided.
(Use `node --trace-warnings ...` to show where the warning was created)
✔ 设计改款染后印花必须先分配印花厂，染色交出不能误送中央工厂 (273.40525ms)
✔ 仅染与仅印分别创建一张加工单和一条仓库首道调拨计划 (11.726291ms)
✔ 辅料染色单创建后已有辅料仓调拨计划，分厂时自动落实原单但不冒充实发 (30.654333ms)
✔ 历史双工艺加工单仍可追溯原有染印交接 (420.686417ms)
✔ 先染后印目标 SKU 创建两段加工单，印花只接收本行染后物料而不能跳过染色 (1483.378333ms)
✔ 单独印花 SKU 从仓库发印厂并完成样衣归档 (1536.337125ms)
✔ 印花实际交出生成中央工厂待接收原单，实收回写原交接并允许完成加工单 (479.197542ms)
✔ 专业成果没有真实附件时保持未绑定 (6.638625ms)
(node:87877) ExperimentalWarning: localStorage is not available because --localstorage-file was not provided.
(Use `node --trace-warnings ...` to show where the warning was created)
✔ 可打印不等于可建交出单，必须完成真实标签打印 (0.498417ms)
✔ 卷规格无效时不可建交出单，且不改变原可打印判定语义 (0.074958ms)
✔ 人工完成印花加工单不再自动填充操作人 (167.807375ms)
(node:87880) ExperimentalWarning: localStorage is not available because --localstorage-file was not provided.
(Use `node --trace-warnings ...` to show where the warning was created)
✔ 非 KOL PDA 导入不生成 KOL 领交料；首次 KOL 访问生成完整且幂等的演示记录 (224.7235ms)
✔ PDA 单任务读取保持普通任务、测试工厂与 KOL 任务内容和查找优先级 (1.534875ms)
(node:87881) ExperimentalWarning: localStorage is not available because --localstorage-file was not provided.
(Use `node --trace-warnings ...` to show where the warning was created)
✔ 实际唛架重复相同来源只建一次，票身份按该单颜色尺码和技术包部位定位 (1.257083ms)
✔ 重复ID不同内容不得覆盖；不同部位实例和尺寸不得合并 (0.540333ms)
✔ 跨单、错颜色、错物料、错部位和错误每件片数均阻断 (0.223458ms)
✔ 真实手动无铺布层序票可读且免层序编号，普通缺区间和伪手动来源仍阻断 (23.634125ms)
✔ 主料唛架只展开其明确部位，拼接料和口袋布各自保留，不猜未知映射 (4.820083ms)
(node:87883) ExperimentalWarning: localStorage is not available because --localstorage-file was not provided.
(Use `node --trace-warnings ...` to show where the warning was created)
✔ 可编辑的演示唛架保存后优先读取用户记录，刷新不恢复原备注和状态 (489.852541ms)
✔ 日报窗口含截止日7天，重点日均独立使用前6天 (0.450334ms)
✔ 未知采购不填0，未BOM不输出完整确定订单需求 (0.099ms)
✔ 突变必须绝对量与比例同时达到阈值 (0.054167ms)
✔ 截止日突变示例与未完结日不判定 (0.053459ms)
✔ 共享商品按SPU去重而不按关联行累加销量 (0.085375ms)
✔ 预选不产生确定用料；BOM需求保留物料归属 (0.129ms)
✔ 同料BOM优先于预选，不重复关系及需量 (0.063958ms)
✔ 两个业务页具有独立容器、标准分页与证据边界 (21.705208ms)
✔ 未进入物料页面时 bridge 不加载业务；加载失败重试后首次渲染即已注册 (3.49925ms)
✔ click 分组顺序、短路、选择器范围保持原行为，重新注册替换旧处理器 (0.578959ms)
✔ 备料写入守卫读取实时角色与水位，阻断时不调用业务处理器 (0.332958ms)
✔ input/change/keyboard 原入口、筛选范围和 change 优先级完整保留 (0.287917ms)
✔ health groups are exhaustive and mutually exclusive in demo (0.834542ms)
✔ coverage and baseline use same inventory plus transit but distinct demand windows (0.071041ms)
✔ zero demand is unavailable rather than infinity and huge finite quotient stays finite (0.087583ms)
✔ date selects different consistent snapshot (0.086625ms)
✔ threshold changes alter classification without changing facts (0.064584ms)
✔ health view carries core P1 business sections and mock caveat (12.639208ms)
✔ AT16 rules do not substitute brand, size or packaging method (0.387209ms)
✔ AT24 equal priority conflict blocks resolution and identifies rules (0.326167ms)
✔ higher explicit priority resolves a lower priority overlap (0.051125ms)
✔ plans distinguish garments and parcels and add loss once (0.136292ms)
✔ AT18 white pendant stock only allocated once (0.068625ms)
✔ event duplicate and old revision do not add consumption; reprints are activity only (0.113583ms)
✔ conflicting same revision fails instead of silently choosing a payload (0.052583ms)
✔ AT17/19/20 panel states unresolved ASAYA, independent kit80 and unknown ribbon (0.240958ms)
✔ trigger distinct from target, existing supply produces explainable zero (1.15825ms)
✔ missing mapping or usage and incompatible raw unit block unsafe generation (0.4175ms)
✔ generation reserves remaining once and shared raw pool across target rules (1.820625ms)
✔ production does not increase stock; actual SKU and output bound partial receipts (0.265917ms)
✔ cancelled suggestion releases commitment and raw allocation (0.131541ms)
✔ AT05 committed greige is not available for a second allocation (0.442875ms)
✔ AT06 partial receipt reduces expected supply; checking and qualified never duplicate (0.312083ms)
✔ AT07 unmapped target preserves quantities but gives no target coverage (0.0845ms)
✔ §7.2 loss reduces future supply; rejected receipts never become usable (0.06325ms)
✔ §7.3 unit/yield/route and conservation gaps block deterministic supply (0.105292ms)
✔ §7.3 candidate comparison reports remaining shortage and respects arrival deadline (0.138792ms)
✔ §7.3 zero gap stays zero and nonfinite inputs cannot produce advice (0.058584ms)
✔ panel uses owned local handlers and discloses mock and missing images (1.040875ms)
✔ P2 coefficients and coverage exclude transit (7.339834ms)
✔ P2 coverage buckets have exclusive shared boundaries (0.486917ms)
✔ P2 partial receipts and completed batches count remaining only (0.061875ms)
✔ P2 latest overdue selected only if no future batch; today included (0.0585ms)
✔ P2 search transit and ETA filters compose (0.127666ms)
✔ P2 zero demand and missing BOM preserve distinct nulls; micro demand excluded (0.063708ms)
✔ P2 standard table renders and limits initial rows to first page (7.886875ms)
✔ AT01/02 internal reservation stays in coverage while external reservation is deducted (10.845125ms)
✔ AT03 quality segments are not usable (0.150792ms)
✔ AT04 partial receipt leaves remaining supply only (0.17175ms)
✔ AT08/38 late supply never erases earlier shortage (0.140125ms)
✔ AT09 intermediate deficit determines net need rather than positive closing balance (0.126042ms)
✔ AT10 MOQ and pack rounding, zero stays zero (0.1105ms)
✔ AT11 horizon begins at cutoff and is not expanded by lead time (0.143792ms)
✔ AT12 forecast covered by confirmed demand is excluded before coefficient (0.116791ms)
✔ AT13 no demand has no numeric coverage (0.100125ms)
✔ AT14 cancelling demand does not change stock (0.151667ms)
✔ AT15 latest event revision only (0.39825ms)
✔ AT16/17 directory preserves bag sizes and ASAYA duplicated input is one unresolved SKU (0.0965ms)
✔ AT18 three brands draw from one shared pool (0.126792ms)
✔ AT19/20 kit capacity respects minimum and missing conversion (0.06225ms)
✔ AT21 inactive/unusable stock remains physically visible (0.103375ms)
✔ AT23 affected order identifiers are unique (0.103708ms)
✔ AT25/26 draft does not mutate active and invalidates trial (0.107834ms)
✔ AT26/28 publish requires role and exact trial; history retained (0.252167ms)
✔ AT31 risk cannot close with remaining shortage or skip verification (0.19625ms)
✔ AT37 invalid dates, unknown timezone, bad numeric values rejected (0.0995ms)
✔ duplicate supply chain does not double count and blocks deterministic advice (0.098958ms)
✔ warehouse catalogue includes 17 locations and two garment warehouses (0.04425ms)
✔ candidate comparison retains pre-arrival risk (0.291834ms)
✔ SKU-specific policy wins and duplicate rules block publish (0.139541ms)
(node:87892) ExperimentalWarning: localStorage is not available because --localstorage-file was not provided.
(Use `node --trace-warnings ...` to show where the warning was created)
✔ 逐票与逐打印任务保持原结构，变更一条只保存一条 (1.114083ms)
✔ 草稿按原映射键保存；手工票与操作记录分离，删除票保留审计 (0.222334ms)
✔ 拒绝损坏JSON且不冒充空数据 (0.113ms)
✔ 拒绝空字符串且不冒充空数据 (0.050834ms)
✔ 拒绝错误根且不冒充空数据 (0.045625ms)
✔ 拒绝重复票号身份且不冒充空数据 (0.060667ms)
✔ 拒绝缺少票号且不冒充空数据 (0.044208ms)
✔ 拒绝错误状态且不冒充空数据 (0.037042ms)
✔ 拒绝打印关联缺失且不冒充空数据 (0.047542ms)
✔ 拒绝草稿身份缺失且不冒充空数据 (0.082584ms)
✔ 拒绝手工日志缺失且不冒充空数据 (0.049375ms)
✔ 拒绝手工二维码缺失且不冒充空数据 (0.039292ms)
✔ 已保存实体与备份身份校验，不接受伪造集合或迁移元数据 (0.400084ms)
✔ 袋账派生绑定锁，无需持久化派生票快照；关闭周转解除旧快照锁 (493.397333ms)
✔ 唛架来源和铺布单逐实体保存，保留卷明细、层序及来源引用 (0.203292ms)
✔ 指定保存对象不复制重复静态唛架，也不覆盖其他已保存铺布单 (0.225084ms)
✔ 旧袋账按实体保留绑定与历史，局部动作不复制静态袋档案 (0.321625ms)
✔ 专用打印来源保留原票身份、数量、状态、袋锁及打印对象，不查询全量PDA与库存摘要 (7739.27475ms)
✔ 实际输出首打保持原身份与数量；动态与普通来源均可打印，失效来源阻断，重复首打不新增 (126.774458ms)
✔ 唛架引用读取失败明确阻断，不将迁移或读取错误伪装成空铺布来源 (0.980958ms)
✔ 用户唛架方案逐ID迁移保留床次和占用，修改一张不重写其它方案 (0.186ms)
✔ PDA及手工票专用唛架定义与原完整投影等价，保留床次、数量和可铺布资格 (518.983584ms)
✔ 裁床配料按真实生产单范围读取与全量结果逐字段相等，保留库存、领取、状态与任务链接 (507.375292ms)
✔ PDA铺布目标直接携带真实已保存铺布单的裁床与负责人，不另算整套列表 (782.125416ms)
✔ 铺布投影复用唛架定义仍保留已保存session的卷明细、裁床、负责人和实际裁剪数量 (550.516834ms)
✔ 路由标准化移除 query 与 hash，但不改动路径 (0.348458ms)
✔ 只匹配路由根或其子路径，不误匹配相似前缀 (0.105708ms)
✔ 可在多个合法根路径中匹配一个 (0.679625ms)
✔ 只把完整生产确认单打印路由识别为命中 (0.266458ms)
✔ 专业任务必须全部有效明细通过且保留成果与审核事实 (0.587125ms)
✔ 纸样名称或物料关联不能替代可读取原文件 (16.727209ms)
(node:87895) ExperimentalWarning: localStorage is not available because --localstorage-file was not provided.
(Use `node --trace-warnings ...` to show where the warning was created)
✔ 目标 SKU 的四种加工组合、前序实物和 BOM Q 均按已建档字段读取 (2.51225ms)
✔ 整单总量口径保存后仍按一次总量计算，不被样衣件数重复放大 (1465.700625ms)
✔ 一张设计改款 BOM 同时有 Yard 面料和 PCS 辅料时，各行独立计量且辅料无需加工调拨 (68.761667ms)
✔ 复用既有纸样与参照 BOM 的无印染任务可直接提交样衣并自动完成；复制只生成草稿 (1202.527667ms)
✔ 批量复制保留物料、费用和样衣安排为独立可编辑草稿，不生成工作 (107.594958ms)
✔ 单页创建同时保存物料、费用与样衣要求；失败不留下空任务 (56.433666ms)
✔ 加工按物料行及实际阶段执行：纯染行与先染后印行独立串联 (185.597708ms)
✔ 旧设计任务移除线下工作和依赖，保留加工单身份、样衣成果及原始输入 (1327.657625ms)
✔ 任务汇总排除未启用，待前置只列出未完成依赖，关闭单不继续催办 (0.868083ms)
✔ 筛选覆盖关键词、状态、跟单、待办、类型、团队和日期边界，统计范围一致 (0.315042ms)
✔ CSV包含全部匹配行和任务责任计划，不含操作列，特殊文字正确转义 (0.42825ms)
✔ 生产准备必须读取测款最终通过事实，保存时重新校验且失败不生成主单 (1265.940792ms)
✔ PATTERN_ARTWORK 多明细全部有效项通过才完成，同SKU不同要求不合并 (1.10475ms)
✔ COLOR_FABRIC 多明细全部有效项通过才完成，同SKU不同要求不合并 (0.24825ms)
✔ COLOR_YARN 多明细全部有效项通过才完成，同SKU不同要求不合并 (0.135458ms)
✔ 多辅料分单覆盖，第一张下单不足以完成，失效单不能提供覆盖 (0.761334ms)
✔ 专业列表业务字段查询与责任、来源、计划边界组合，未登记计划不误入日期结果 (0.705375ms)
(node:87902) ExperimentalWarning: localStorage is not available because --localstorage-file was not provided.
(Use `node --trace-warnings ...` to show where the warning was created)
✔ targeted PCS baseline reads return independent records without cloning unrelated collections (175.760292ms)
✔ PCS 前插多个新记录保留全部既有位置，重复保存不产生位置变化 (2.562041ms)
✔ PCS 单条置顶、居中插入、删除保持实际顺序且不移动其余记录 (0.123083ms)
✔ PCS 图片按款号和颜色固定，尺码不改变照片，未知对象没有随机图片 (1.363959ms)
✔ 历史 Mock 只替换登记的旧图，保留用户图片及未知款式 (0.8115ms)
✔ 后道 QC 来源 SKU 保留原身份和数量，五种颜色分别绑定对应实拍 (0.183333ms)
✔ 后道历史快照只迁移准确 SKU 的旧示意图，质检数量与用户图不变 (0.2315ms)
(node:87905) ExperimentalWarning: localStorage is not available because --localstorage-file was not provided.
(Use `node --trace-warnings ...` to show where the warning was created)
✔ SAMPLE-FIX-01–05/11: actual request→reserve→approve→pickup→return→receipt; stable own IDs and detached reads (919.500375ms)
✔ SAMPLE-FIX-03/05: all invalid input blocks writes; cancellation/rejection frees only own reservation (451.70475ms)
✔ SAMPLE-FIX-08/09/11: cases and stocktake persist independently, cannot execute twice or masquerade as adjustment (533.267417ms)
(node:87906) ExperimentalWarning: localStorage is not available because --localstorage-file was not provided.
(Use `node --trace-warnings ...` to show where the warning was created)
✔ HG-001/002/004: SKU identity survives duplicate receipts, transfers and repeats; HG resolves SKU (252.272791ms)
✔ HG-005/006/008: printed data and bounded settings; no truncation, images or state writes (0.579166ms)
✔ HG-002/004 regression: older receipt without identities retains its first date; raw SKU is never HG (103.756125ms)
(node:87907) ExperimentalWarning: localStorage is not available because --localstorage-file was not provided.
(Use `node --trace-warnings ...` to show where the warning was created)
✔ SAMP-001–013 Mock: receipt → all SKU tags → live/home → production/factory/department/warehouse → marketing, with adversarial gates (1243.282084ms)
(node:87908) ExperimentalWarning: localStorage is not available because --localstorage-file was not provided.
(Use `node --trace-warnings ...` to show where the warning was created)
✔ PDA 列表轻量摘要与详情的归属、数量、物料和下一步一致 (933.446125ms)
(node:87909) ExperimentalWarning: localStorage is not available because --localstorage-file was not provided.
(Use `node --trace-warnings ...` to show where the warning was created)
✔ 按工厂投影不改变全能力、印花、染色、中央与裁片演示账号可见任务 (882.365ms)
(node:87910) ExperimentalWarning: localStorage is not available because --localstorage-file was not provided.
(Use `node --trace-warnings ...` to show where the warning was created)
✔ 接单工厂范围保留全量投影中本厂每个任务的身份、数量、状态及接单/中标结果 (2428.395542ms)
(node:87911) ExperimentalWarning: localStorage is not available because --localstorage-file was not provided.
(Use `node --trace-warnings ...` to show where the warning was created)
✔ PDA order/task link indexes preserve all full-index candidates without constructing unrelated material rows (529.658875ms)
✔ ordinary sewing direct lookup keeps every field and factory permission from the complete canonical projection (413.785917ms)
✔ runtime sewing overrides and legacy/missing IDs retain the complete projection result (475.941459ms)
✔ one fresh read-only object snapshot preserves readiness, context and unknown references without refreshing per miss (458.311083ms)
✔ PDA handlers wait for part-ticket hydration, and the real detail is not mounted before both dependencies complete (47.780792ms)
✔ ordinary sewing detail leaves unrelated PMS initialization pending until a normal module entry (16.396625ms)
✔ same-navigation sewing preload discovers actual bundle entries and static closure without evaluating modules (45.014042ms)
✔ preview compression includes the same sewing static chunks and retains existing assets without broad lazy-route output (7.412583ms)
(node:87913) ExperimentalWarning: localStorage is not available because --localstorage-file was not provided.
(Use `node --trace-warnings ...` to show where the warning was created)
✔ 中转袋交出与实际入仓使用同一浏览器本地业务时间，不把 UTC 当作本地时间 (2.266125ms)
[PMS_IDB_LOAD_FAILED] { message: '当前浏览器不支持 IndexedDB,PMS 业务数据无法持久化。' }
✔ 物流商新增字段保存回显并写入操作日志 (3.134709ms)
✔ 物流商数字字段非负校验与运输方式枚举校验 (0.274208ms)
✔ 渠道新增字段保存回显，条件计费字段按计费方式保留 (0.450041ms)
✔ 整柜渠道不要求新增计费字段，仍要求四箱型完整配置 (0.1435ms)
✔ 渠道数字字段非负与时效区间校验 (0.124709ms)
✔ 头程批次聚合展示总箱数、总重量、总体积与转运天数 (0.483375ms)
✔ 工序链按保存顺序生效，合法工序集合固定，非法或重复工序被拒 (2.796125ms)
✔ 坯布 SKU 必填，坯布库存为 0 时调拨资格被拒，补足后恢复 (0.719125ms)
✔ 采购单按勾选 SKU 生成明细，数量与枚举非法被拒 (0.344459ms)
✔ 调拨单可选择调出仓库与调入目标，同步生成加工单号链 (0.458875ms)
✔ 批量刷新库存更新全部监控行与刷新时间并写日志 (0.280834ms)
✔ 手动添加监控 SKU 校验 SKU 必填与重复，添加后进入列表 (0.312959ms)
✔ 物料申报扩展字段保存回显，26 项特殊属性按数组保存 (2.416917ms)
✔ 报关扩展：法定第二计量单位与数值，不报关分支跳过必填校验 (0.378583ms)
✔ BOM 业务选项与价格/成本、工厂、布料字段保存回显 (1.265916ms)
✔ 主体经营 9 项成本明细加调整重算总成本，数据缺失提醒可消除 (0.657166ms)
✔ 供应商从草稿到启用遵循状态机，名称唯一 (2.697125ms)
✔ 供货档案包装换算与快照版本 (0.219958ms)
✔ 物料全部有真实图片，采购补充信息可更新且不新增删除 (0.32975ms)
✔ 成衣与样衣 SKU 只读列表数据完整 (0.06775ms)
✔ 仓库同步更新时间，单位字典唯一且不可删除只可启停 (0.27375ms)
✔ BOM 用量可修改，说明可保存，发布后可生成面辅料需求 (1.314792ms)
[PMS_IDB_LOAD_FAILED] { message: '当前浏览器不支持 IndexedDB,PMS 业务数据无法持久化。' }
[PMS_IDB_UNAVAILABLE] put 跳过,数据仅保留在内存 { store: 'pmsMaterialPurchaseOrderDeltas', key: 'CGF-2026-0005' }
[PMS_IDB_UNAVAILABLE] put 跳过,数据仅保留在内存 { store: 'pmsMaterialPurchaseOrderDeltas', key: 'CGF-2026-0001' }
[PMS_IDB_UNAVAILABLE] put 跳过,数据仅保留在内存 { store: 'pmsMaterialPurchaseOrderDeltas', key: 'CGF-2026-0007' }
✔ 面辅料需求种子就绪且可按物料行下推采购单 (2.545959ms)
✔ 快递信息导入校验采购单存在、单号唯一、日期与数量合法 (0.436542ms)
✔ 国内签收、加入头程、状态推进与到仓自动签收 (0.999ms)
✔ 供应商确认单需标签齐备，确认后回写采购单 (0.815833ms)
✔ 整柜渠道必须完整配置四个箱型，物流商可启停 (0.327ms)
✔ 面辅料采购单可带原因关闭，关闭后不能再登记到货 (0.220334ms)
✔ 库存监控触发线与建议量公式，规则异常阻断建单 (1.9745ms)
✔ 建单数量不得超过建议量，调拨与采购资格分别阻断 (0.182875ms)
✔ 中转看板指标、分布与筛选跳转规则 (0.25ms)
✔ 生产单校验与配料任务只读数据完整，系统设置结果为 8/6/10 (0.095792ms)
✔ 种子采购单按 SRM 生成器规律补齐单据级与明细级字段 (0.738709ms)
✔ 新建做货采购单保存采购专员、加急、首单、区域与明细字段并可回显 (1.271208ms)
✔ 未传新增字段时沿用默认值并保持既有命令兼容 (0.105833ms)
✔ 采购专员必填、做货必须选区域、重量非负均抛出中文 PmsDomainError (0.314083ms)
✔ 编辑采购单保存新增字段并回显，非法输入被阻断 (0.267334ms)
✔ BOM 状态与 bomMatched 一致，未发布 BOM 的做货明细为未匹配 (0.173875ms)
✔ 行采购金额使用 roundPmsQty 且汇总等于逐行金额之和 (0.13875ms)
✔ 采购建议按缺口公式与折扣计算，并计入有效 KOL 申请 (0.774125ms)
✔ KOL 草稿与已驳回不计入建议缺口 (0.102042ms)
✔ 建议转采购单后写回已转数量与部分生成状态 (1.813ms)
✔ 面辅料需求按 BOM 用量与损耗扣减库存和采购中 (0.557375ms)
✔ 重复生成、草稿采购单与非做货采购单均被阻断 (0.119333ms)
✔ KOL 单条超量需要二次确认，超过申请量直接阻断 (0.306666ms)
✔ 驳回 KOL 需求后不再计入建议缺口 (0.120292ms)
✔ 关闭采购单必须填写原因且已关闭不可重复关闭 (0.172875ms)
[PMS_IDB_LOAD_FAILED] { message: '当前浏览器不支持 IndexedDB,PMS 业务数据无法持久化。' }
[PMS_IDB_SAVE_FAILED] 创建请款单 IDB 写入失败 {
  requestNo: 'PAY-M-2026-0006',
  message: '当前浏览器不支持 IndexedDB,PMS 业务数据无法持久化。',
  degraded: 'memory-only'
}
[PMS_IDB_SAVE_FAILED] 创建请款单 IDB 写入失败 {
  requestNo: 'PAY-L-2026-0004',
  message: '当前浏览器不支持 IndexedDB,PMS 业务数据无法持久化。',
  degraded: 'memory-only'
}
[PMS_IDB_SAVE_FAILED] 作废请款单 IDB 写入失败 {
  requestNo: 'PAY-L-2026-0004',
  message: '当前浏览器不支持 IndexedDB,PMS 业务数据无法持久化。',
  degraded: 'memory-only'
}
✔ 主体经营明细总成本、毛利与毛利率公式 (0.727208ms)
✔ 面辅料对账：预计/实际双层公式，费用项与差异双重门禁 (2.881542ms)
✔ 面辅料费用项部分确认、批量确认与编辑失效 (0.512334ms)
✔ 请款草稿跨页创建、请款与付款上限、编辑范围 (1.17325ms)
✔ 物流实际费用 12 列导入校验、不自动确认与确认后锁定 (0.980709ms)
✔ 请款单作废释放来源对账，已有付款不能作废 (0.683417ms)
✔ 供应商账单 9 列导入覆盖实际层且不自动确认 (0.561959ms)
✔ 金额大写按 RMB 规则输出并覆盖跨节零 (0.231875ms)
[PMS_IDB_UNAVAILABLE] put 跳过,数据仅保留在内存 { store: 'pmsMaterialPurchaseOrderDeltas', key: 'CGF-2026-0005' }
[PMS_IDB_LOAD_FAILED] { message: '当前浏览器不支持 IndexedDB,PMS 业务数据无法持久化。' }
[PMS_IDB_UNAVAILABLE] put 跳过,数据仅保留在内存 { store: 'pmsMaterialPurchaseOrderDeltas', key: 'CGF-2026-0005' }
[PMS_IDB_UNAVAILABLE] put 跳过,数据仅保留在内存 { store: 'pmsMaterialPurchaseOrderDeltas', key: 'CGF-2026-0005' }
[PMS_IDB_UNAVAILABLE] put 跳过,数据仅保留在内存 { store: 'pmsMaterialPurchaseOrderDeltas', key: 'CGF-2026-0005' }
[PMS_IDB_UNAVAILABLE] put 跳过,数据仅保留在内存 { store: 'pmsMaterialPurchaseOrderDeltas', key: 'CGF-2026-0005' }
[PMS_IDB_UNAVAILABLE] put 跳过,数据仅保留在内存 { store: 'pmsMaterialPurchaseOrderDeltas', key: 'CGF-2026-0005' }
✔ 生成卷号按前缀、每卷米数、重量与起始序号生成并写入包装明细 (2.822875ms)
✔ 生成卷号时尾卷承载剩余数量，卷数按采购数量与每卷米数自动取整 (0.647541ms)
✔ 非法卷号参数被拒绝并抛出中文域错误 (0.475333ms)
✔ 生成标签后二维码内容包含卷号与箱规，参与打印 (0.361584ms)
✔ 箱规新增自动计算体积，重复箱号与非法尺寸被拒，删除后计数正确 (0.325084ms)
✔ 包装明细可新增与删除，非法输入被拒且删除后计数正确 (0.283416ms)
✔ 被包装明细引用的箱规不能删除 (0.100667ms)
✔ 供应商枚举与 SRM 完全一致，旧枚举不再出现 (0.719917ms)
✔ 种子字段满足 SRM 枚举且协同指标为数字 (0.127916ms)
✔ 新增字段保存并回显，成功命令写入操作日志 (1.405042ms)
✔ 编辑保存新增字段并保持状态机与事件名不变 (0.229458ms)
✔ 非法或缺失输入抛 PmsDomainError 且不写入数据 (0.327375ms)
✔ 详情与列表展示新增字段、SRM 枚举与协同指标 (23.336833ms)
(node:87925) ExperimentalWarning: localStorage is not available because --localstorage-file was not provided.
(Use `node --trace-warnings ...` to show where the warning was created)
✔ CONTRACT-002: business allocation day is day 1 and every calendar day counts, including Sunday (0.587042ms)
✔ CONTRACT-002: the three contracts retain 4/8/9, 5/9/10 and 6/9/12 calendar-day milestones (0.324125ms)
✔ CONTRACT-002: invalid calendar dates and counting days still fail without creating deadlines (0.217041ms)
(node:87926) ExperimentalWarning: localStorage is not available because --localstorage-file was not provided.
(Use `node --trace-warnings ...` to show where the warning was created)
✔ 实际耗时跨周日仍按真实时间差；没有可靠时间不造耗时 (0.46075ms)
✔ 每任务都达成才结束；同一来源去重，作废明细不影响主表 (0.163958ms)
✔ 耗时页 Mock 至少覆盖九张生产单和全部节点，且下游事实不会越过未完成的前置节点 (487.827ms)
✔ 裁片放行按一张放行单内的多次放行展示并选取节点起止时间 (45.647209ms)
(node:87927) ExperimentalWarning: localStorage is not available because --localstorage-file was not provided.
(Use `node --trace-warnings ...` to show where the warning was created)
✔ EXC-001—004: a reference mark cannot change debt, strict kits or final task responsibility (6.53275ms)
(node:87928) ExperimentalWarning: localStorage is not available because --localstorage-file was not provided.
(Use `node --trace-warnings ...` to show where the warning was created)
✔ 派单新增主档工厂可登记承接关系，未知工厂仍阻断 (1.952875ms)
✔ 专属任务保留整单身份、数量和接收方，工艺分支保留全部前置关系 (0.949708ms)
✔ 原生产单车缝任务仍可被 PPIC 分配与责任移交识别，SKU 总量完整 (8.64475ms)
✔ PRINT-HISTORY-001: demo identities remain fixed and reject another factory or task (1.476875ms)
✔ PRINT-HISTORY-002: DYE-GOTO-GLOBAL historical slot 09 survives independent reloads without overwriting (2032.189833ms)
✔ PRINT-HISTORY-002: ID-FAC-001165 historical slot 09 survives independent reloads without overwriting (2202.243541ms)
(node:87931) ExperimentalWarning: localStorage is not available because --localstorage-file was not provided.
(Use `node --trace-warnings ...` to show where the warning was created)
✔ VERIFY-003: dispatch reads keep all documents and independent copies without projecting unrelated business views (191.057708ms)
✔ frozen printing images are losslessly stored once across orders, tasks and attachments (5.994042ms)
✔ missing or malformed image references fail rather than silently replacing frozen evidence (0.500709ms)
(node:87933) ExperimentalWarning: localStorage is not available because --localstorage-file was not provided.
(Use `node --trace-warnings ...` to show where the warning was created)
✔ PERF-002/004: scoped receiving reads preserve direct receipts and allocations, without exposing mutable facts (18.519334ms)
✔ PERF-002/004: a synchronous relation read matches independent reads and releases its scope after errors (701.42775ms)
✔ PERF-004: batched print list reviews and handovers equal independently read facts (315.452084ms)
✔ PERF-004: scoped handovers keep canonical sorting and task point reads preserve identity (8.07525ms)
✔ PERF-004: reusing warehouse documents preserves each dye order source, quantity and receiver (259.246458ms)
(node:87935) ExperimentalWarning: localStorage is not available because --localstorage-file was not provided.
(Use `node --trace-warnings ...` to show where the warning was created)
✔ craft source selection preserves all previous source choices and isolated snapshots (15.039333ms)
✔ source eligibility is re-evaluated after a source order changes (0.26825ms)
(node:87936) ExperimentalWarning: localStorage is not available because --localstorage-file was not provided.
(Use `node --trace-warnings ...` to show where the warning was created)
✔ 生产单创建来源只覆盖旧匹配事实，不复活已取消或覆盖更新后的匹配 (0.405375ms)
✔ 提前来源随PO唯一保存，重复生成不会追加第二份事实；查询投影不反向写PO (0.277125ms)
✔ 失败和嵌套投影后创建stage标记恢复，不影响后续染印执行保存 (0.208583ms)
✔ 备份拒绝错误归属、重复、未知状态和缺少正式冻结来源的匹配 (0.150333ms)
(node:87937) ExperimentalWarning: localStorage is not available because --localstorage-file was not provided.
(Use `node --trace-warnings ...` to show where the warning was created)
✔ 验收数据至少包含 5 张染色和 5 张印花提前加工单，并覆盖全部匹配状态 (410.326708ms)
✔ 印花专业成果把多张图片和多个文件统一保存在同一附件集合 (0.138125ms)
✔ 同一生产需求可手动选择具体专业任务，创建结果保存所选任务与全部成果附件 (32.07675ms)
✔ 创建提前加工单必须选择所属专业任务并明确加工厂 (2.915708ms)
✔ 计划加工数量包含损耗率，且染色印花投入与产出 SKU 必须不同 (0.1415ms)
✔ 专业成果未审核通过时不可创建提前加工单 (0.115833ms)
✔ 多个生产需求合并为一张生产单时，可匹配多张提前染色加工单 (45.611542ms)
✔ 等待技术包的提前单在技术包就绪后可由同一匹配服务自动重试 (24.344875ms)
✔ 合并生产单中只有部分需求有提前单时，只为未覆盖需求补建剩余数量 (41.731834ms)
✔ 已有提前单但正式 BOM 或 SKU 不一致时进入异常，且不重复补建同一工艺单 (54.625958ms)
✔ 取消后重建保留旧单，并建立双向替代关系 (7.353666ms)
✔ 没有提前加工单的需求仍保留正式加工单快照 (4.15875ms)
✔ 查生产入口只在合法系统路由显示，并在打印与 PDA 路由隐藏 (0.976916ms)
✔ 相似前缀和相似打印段不会被当成合法路由 (0.135792ms)
(node:87939) ExperimentalWarning: localStorage is not available because --localstorage-file was not provided.
(Use `node --trace-warnings ...` to show where the warning was created)
✔ 静态生产单更新任务状态时保留原冻结资料，不强造不存在的技术版本 (0.720084ms)
✔ 沿用静态资料的例外不能用于新单、篡改快照或错误技术版本 (0.561166ms)
(node:87943) ExperimentalWarning: localStorage is not available because --localstorage-file was not provided.
(Use `node --trace-warnings ...` to show where the warning was created)
✔ PERF-001: runtime snapshot and all nine subsets preserve every production order value and caller isolation (22.9625ms)
✔ PERF-001: a subset read does not traverse or clone unrelated snapshot sections (0.2035ms)
✔ PERF-001: paper pattern binding strips and nested craft arrays remain isolated after mutation (0.236584ms)
✔ PERF-001: replacing or updating the bound snapshot is visible immediately without a stale cache (0.155959ms)
✔ PERF-001: missing production order keeps null and empty-list contracts (0.074084ms)
✔ finished preparation and purchase keep their delay without claiming current work is on time (4.839875ms)
✔ absence of applicable records and missing timing inputs are not healthy or not-yet-due (1.2775ms)
✔ inbound quantity and final time completeness produce distinct business results (0.322542ms)
✔ reached late milestone has zero only for that milestone, not the whole task (4.638458ms)
✔ creation and handover clocks explain their different unfinished endpoints (3.302791ms)
✔ all current scenes avoid ambiguous headline defaults and literal unknown numbers (17.351958ms)
✔ contract graph with missing allocation date or actual holdings cannot assert not-yet-due or achieved (2.663625ms)
✔ opening a follow-up modal only reads, and empty inputs never appear saved (14.301959ms)
✔ save waits for completion and readback, rejects double-click writes, and stores realtime feedback without a forecast (22.819542ms)
✔ failed save retains all inputs and retries the exact same operation ID (6.7195ms)
✔ commit followed by readback failure remains unconfirmed until a read proves the same record (5.601583ms)
✔ work must belong to the current production order and expected time must be valid (5.591125ms)
✔ read failure retains a draft and does not treat unavailable records as a normal empty history (2.727542ms)
✔ old logs are retained, but never assigned to a new production order by inference (1.405875ms)
✔ FLOW graph late: full lifecycle keeps allocation, execution and four post stages (6.083417ms)
✔ FLOW graph normal: full lifecycle keeps allocation, execution and four post stages (6.011083ms)
✔ FLOW graph complete: full lifecycle keeps allocation, execution and four post stages (1.615958ms)
✔ FLOW graph completeLate: full lifecycle keeps allocation, execution and four post stages (13.489334ms)
✔ FLOW graph completeUnknown: full lifecycle keeps allocation, execution and four post stages (1.367875ms)
✔ FLOW graph partial: full lifecycle keeps allocation, execution and four post stages (3.1775ms)
✔ FLOW graph reordered: full lifecycle keeps allocation, execution and four post stages (4.7885ms)
✔ FLOW graph reachedLate: full lifecycle keeps allocation, execution and four post stages (2.88225ms)
✔ FLOW graph positioning: full lifecycle keeps allocation, execution and four post stages (0.377875ms)
✔ FLOW graph prepPending: full lifecycle keeps allocation, execution and four post stages (0.350917ms)
✔ FLOW graph sampleLate: full lifecycle keeps allocation, execution and four post stages (1.517125ms)
✔ FLOW graph samplePending: full lifecycle keeps allocation, execution and four post stages (1.476042ms)
✔ FLOW graph fullContract: full lifecycle keeps allocation, execution and four post stages (3.754583ms)
✔ FLOW graph materialBatches: full lifecycle keeps allocation, execution and four post stages (0.571667ms)
✔ FLOW graph materialPartial: full lifecycle keeps allocation, execution and four post stages (0.49225ms)
✔ FLOW graph live: full lifecycle keeps allocation, execution and four post stages (3.280292ms)
✔ FLOW graph unknown: full lifecycle keeps allocation, execution and four post stages (0.587209ms)
✔ FLOW graph unassigned: full lifecycle keeps allocation, execution and four post stages (2.917625ms)
✔ FLOW graph sameFactory: full lifecycle keeps allocation, execution and four post stages (4.054583ms)
✔ FLOW graph handoverPartial: full lifecycle keeps allocation, execution and four post stages (0.72275ms)
✔ FLOW live: QC, processing, recheck quantities have distinct current positions while history remains (1.111666ms)
✔ FLOW full contract: scopes and execution documents stay distinct from cumulative contract milestones (0.261666ms)
✔ FLOW delivery: outgoing without warehouse receipt keeps waiting clock active (0.167791ms)
✔ FLOW one post work order shares projects, quantity and clock without per-project chains (1.059208ms)
✔ FLOW bypass records go from completed QC directly to delivery, without fabricated processing or recheck (0.3335ms)
✔ FLOW summary cards distinguish pending, unknown, historical and current states without invented SLA (2.003959ms)
✔ FLOW mixed QC, processing and recheck quantities are summarized as post handling rather than processing (0.622625ms)
✔ FLOW pending inspection and recheck are not started rather than unknown, consistently with rails (0.120541ms)
✔ FLOW pending document cards and summaries describe unstarted clocks rather than missing times (0.923792ms)
✔ FLOW document modal has one project block for its single processing order (0.452625ms)
✔ COPY developer round: unknown purchase keeps allocation and execution responsibilities unverified (0.090667ms)
✔ COPY developer round: mixed post history and active work both remain visible (0.07075ms)
✔ COPY developer round: partial warehouse quantity is not a completed stage (0.895041ms)
✔ COPY developer round: process start and quantity appear once, QC uses its own business action (0.374792ms)
✔ FLOW-MOCK-001: all 20 scenarios retain source facts with documented COPY-211 cutting correction (25.5295ms)
✔ FLOW-MOCK-002: every early-stage scenario has an honest full-flow skeleton and unknown purchase has no invented work (0.927625ms)
✔ FLOW-MOCK-003: allocation and actual sewing are distinct and each of the three contract scopes has only its applicable steps (0.880625ms)
✔ FLOW-MOCK-004: batches partition original receipts within each task and each source receipt exactly once (0.612542ms)
✔ FLOW-MOCK-005: actual positions preserve warehouse, delivery, processing aggregate amounts and explicit unknown remainder (0.393542ms)
✔ FLOW-MOCK-006: current QC, processing, recheck, delivery and warehouse positions have distinct document facts (0.633417ms)
✔ FLOW-MOCK-007: batch event chronology is ordered and all recorded actual events precede the fixed viewing time (2.46875ms)
✔ FLOW-MOCK-008: completed orders keep complete post history and missing last inbound time is never fabricated (0.203ms)
✔ FLOW-MOCK-009: factory-contracted packing is not assigned again in post, and the no-post-processing route is explicit (0.598666ms)
✔ FLOW-MOCK-010: every new document is task scoped, batch scoped when applicable, and has valid same-scene relationships (3.696541ms)
✔ FLOW-MOCK-011: independent sewing keeps all applicable post items inside one processing document and one overall clock (0.384458ms)
✔ FLOW-MOCK-012: each batch has at most one post-processing document with the prototype item, status, quantity and timing contract (1.754417ms)
✔ FLOW-MOCK-013: actual quality results generate only applicable processing, completion generates recheck, and no processing goes straight to warehouse delivery (0.208959ms)
✔ COPY-211: full contract scope does not duplicate in-house cutting or release (0.109292ms)
✔ every sewing and post-finishing document type opens its actual native module detail (85.923541ms)
✔ sewing task execution preserves the matching contract rather than entering the allocation workbench (4.169333ms)
✔ post-finishing QC and recheck retain their own task results, batches, and downstream documents (18.864084ms)
✔ post delivery shows actual outgoing and finished-goods receipt separately (7.290458ms)
✔ completed orders retain the recorded post-finishing document history (1.74875ms)
✔ unknown or wrongly routed full-flow documents do not produce invented detail pages (0.293875ms)
✔ recorded finished-goods receipt without its time stops the handover clock rather than creating current waiting (1.074583ms)
✔ clock completion matches its own final business event across work and handover (0.379292ms)
✔ native post document uses the same Chinese current-position label as the diagram (16.883958ms)
✔ explicitly pending work is not mislabeled as missing actual start time in native clocks (1.042041ms)
✔ native post work detail keeps one project set, one clock and classified quantities (0.477708ms)
✔ post recheck describes SKU quantity and barcode verification rather than a second quality inspection (0.545834ms)
✔ original post work documents preserve their recorded completed quantities without requiring new project fields (1.471292ms)
✔ delivery awaiting warehouse receipt is not described as an unfinished upstream prerequisite (0.334083ms)
✔ completed late work and unfinished overdue work remain different in management and the actual source detail (40.686208ms)
✔ a late reached contract is a ended node, and future unreached targets are not current debt (34.790416ms)
✔ missing allocation date or factory actual pickup keeps unknown distinct from an on-time contract (18.589666ms)
✔ source contract deadline uses allocation day as day 1 even when business date contains a clock time (28.72275ms)
✔ full warehouse quantities without last receipt time never imply an on-time result or enter the rate denominator (23.093ms)
✔ purchase association unknown never asserts that production has not been created or begun (0.827417ms)
✔ sample timing is by actual handout date and remains separate from approval result (16.298625ms)
✔ completed whole-order elapsed time stops at final warehouse receipt; export names quantities and states precisely (16.828958ms)
✔ zero actual pickup is a known zero awaiting a contract denominator, not a missing value or automatic achievement (23.285917ms)
✔ missing execution evidence does not imply that material has not arrived or that work is confirmed overdue (4.805375ms)
✔ POST-FOLD late: post work is nested and the sewing label is unified (3.377417ms)
✔ POST-FOLD normal: post work is nested and the sewing label is unified (3.648875ms)
✔ POST-FOLD complete: post work is nested and the sewing label is unified (1.3745ms)
✔ POST-FOLD completeLate: post work is nested and the sewing label is unified (4.954792ms)
✔ POST-FOLD completeUnknown: post work is nested and the sewing label is unified (2.367125ms)
✔ POST-FOLD partial: post work is nested and the sewing label is unified (3.033666ms)
✔ POST-FOLD reordered: post work is nested and the sewing label is unified (3.245375ms)
✔ POST-FOLD reachedLate: post work is nested and the sewing label is unified (3.352375ms)
✔ POST-FOLD positioning: post work is nested and the sewing label is unified (1.066583ms)
✔ POST-FOLD prepPending: post work is nested and the sewing label is unified (0.741167ms)
✔ POST-FOLD sampleLate: post work is nested and the sewing label is unified (2.816167ms)
✔ POST-FOLD samplePending: post work is nested and the sewing label is unified (1.378459ms)
✔ POST-FOLD fullContract: post work is nested and the sewing label is unified (8.010959ms)
✔ POST-FOLD materialBatches: post work is nested and the sewing label is unified (0.829ms)
✔ POST-FOLD materialPartial: post work is nested and the sewing label is unified (0.288084ms)
✔ POST-FOLD live: post work is nested and the sewing label is unified (1.628417ms)
✔ POST-FOLD unknown: post work is nested and the sewing label is unified (0.318834ms)
✔ POST-FOLD unassigned: post work is nested and the sewing label is unified (1.342458ms)
✔ POST-FOLD sameFactory: post work is nested and the sewing label is unified (1.966791ms)
✔ POST-FOLD handoverPartial: post work is nested and the sewing label is unified (0.344833ms)
✔ POST-TIME: completed and active work show actual times and longest own clock without inventing an SLA (0.441417ms)
✔ POST-TIME: known document requirements distinguish unfinished late work from completed late history (0.207583ms)
✔ PAGE-001 / SCENE-17 / 20: 19 unique production orders plus one purchase awaiting association preserve the 19 accepted base scenes (1.235292ms)
✔ MASTER-001 / SCENE-07: reversing purchase order input retains earliest precise start and 28-day deadline (0.231959ms)
✔ MASTER-002: full warehouse completion at the exact deadline is timely; one minute later is late (0.164666ms)
✔ SCENE-03—05: warehouse facts establish completion separately from final timestamp and stale upstream records (0.165667ms)
✔ SCENE-06 / 16 / 18: quantity positions conserve pieces while missing position and task ownership remain distinct (15.044416ms)
✔ CONTRACT-002 / SCENE-13: three return contracts use calendar days including Sunday and their actual held quantities (1.240291ms)
✔ SCENE-19: B factory total 40% cannot cover the independently overdue B01 task (1.073041ms)
✔ SCENE-02 / 08: timely returns and late reached milestone differ from a currently overdue unmet milestone (0.968875ms)
✔ SCENE-09 / 10: preparation is a parallel four/five-day stage with separately recorded production and handover (5.328666ms)
✔ SCENE-11 / 12: sample date is pickup plus three; failed or unsubmitted sample does not move the return deadline (2.405042ms)
✔ SCENE-14: stock 600 meters advances before the independent 900-meter purchase batch, with three work/handover records each (1.437291ms)
✔ SCENE-15: known 600-meter receipt is preserved while the 900-meter purchase remains unknown and currently late (0.517667ms)
✔ SCENE-20: partial factory handover retains 2400 sleeve pieces received and 600 disputed without closing the handover or converting to garments (0.9545ms)
✔ SCENE-01: completed preparation/material delays remain history while sleeve work has a current 600-piece gap (2.389833ms)
✔ PREP / CRAFT: auxiliary work is three days each; bulk dye/print/wash and handovers have no invented SLA (2.279083ms)
✔ SOURCE / UI: document IDs, related ownership, native routes and source summaries are coherent without read mutation (28.095291ms)
✔ SOURCE: there are no future actual events or reversed processing/handover times in the fixed demonstration (3.468708ms)
✔ SCENE late: expanded accepted diagram retains its business nodes and source documents (0.94225ms)
✔ SCENE normal: expanded accepted diagram retains its business nodes and source documents (1.167208ms)
✔ SCENE complete: expanded accepted diagram retains its business nodes and source documents (1.344167ms)
✔ SCENE completeLate: expanded accepted diagram retains its business nodes and source documents (1.852209ms)
✔ SCENE completeUnknown: expanded accepted diagram retains its business nodes and source documents (0.889834ms)
✔ SCENE partial: expanded accepted diagram retains its business nodes and source documents (1.083958ms)
✔ SCENE reordered: expanded accepted diagram retains its business nodes and source documents (2.16175ms)
✔ SCENE reachedLate: expanded accepted diagram retains its business nodes and source documents (1.113ms)
✔ SCENE positioning: expanded accepted diagram retains its business nodes and source documents (0.261458ms)
✔ SCENE prepPending: expanded accepted diagram retains its business nodes and source documents (0.240292ms)
✔ SCENE sampleLate: expanded accepted diagram retains its business nodes and source documents (0.973875ms)
✔ SCENE samplePending: expanded accepted diagram retains its business nodes and source documents (0.917584ms)
✔ SCENE fullContract: expanded accepted diagram retains its business nodes and source documents (1.091958ms)
✔ SCENE materialBatches: expanded accepted diagram retains its business nodes and source documents (0.54325ms)
✔ SCENE materialPartial: expanded accepted diagram retains its business nodes and source documents (0.360667ms)
✔ SCENE live: expanded accepted diagram retains its business nodes and source documents (1.021417ms)
✔ SCENE unknown: expanded accepted diagram retains its business nodes and source documents (0.128958ms)
✔ SCENE unassigned: expanded accepted diagram retains its business nodes and source documents (1.009333ms)
✔ SCENE sameFactory: expanded accepted diagram retains its business nodes and source documents (1.154375ms)
✔ SCENE handoverPartial: expanded accepted diagram retains its business nodes and source documents (0.607083ms)
✔ PREP-005: supplemental scene retains disabled and change-ended documents without creating active clocks or blocking valid preparation (1.206458ms)
✔ timing documents resolve directly at their native route with the same shared static facts (450.092375ms)
✔ source detail does not resolve unrelated records or a registered record at a wrong module path (0.165167ms)
✔ a handover belongs to its original outgoing work rather than a linked next process (0.112042ms)
✔ contract details retain natural-day deadlines and late achievement history (0.397917ms)
✔ partially received material retains unknown purchase receipt instead of inventing zero or full stock (0.822417ms)
✔ production preparation details include parallel requirements and BOM quantities (1.238042ms)
✔ work remaining quantity follows known required and completed quantities in the same unit (1.333584ms)
✔ missing factory sample uses the recorded requirement date and keeps sample approval outside return milestones (0.331833ms)
✔ purchase-only scenario resolves to the existing merchandise purchase and pending-purchase backlink (0.228ms)
✔ finished-goods detail distinguishes latest partial receipt from full completion time (0.64375ms)
✔ unknown timing standard is amber verification, never a red confirmed-overdue result (0.457625ms)
✔ MIGRATE-001: direct production/pending detail paths have their own active tab identity; discarded tasks/examples/team details are absent (0.567917ms)
✔ MIGRATE-001: stored DDS tabs prune discarded addresses, retain unrelated tabs and correct the live production title without touching input (1.220208ms)
(node:87955) ExperimentalWarning: localStorage is not available because --localstorage-file was not provided.
(Use `node --trace-warnings ...` to show where the warning was created)
✔ VERIFY-003: scoped reads preserve pending/voided sources and defensive copies (3.607959ms)
✔ VERIFY-003: metadata lookup reflects registry changes and returns independent locations (5.137417ms)
✔ 备份恢复不能借原票编号伪造另一种面料的交出回执 (1.558083ms)
(node:87957) ExperimentalWarning: localStorage is not available because --localstorage-file was not provided.
(Use `node --trace-warnings ...` to show where the warning was created)
✔ 换片票文案不显示内部路径，扫码身份和原票号保持 (0.976916ms)
✔ 打印结果选票行使用业务名称区分生产单、面料和颜色，保留原勾选身份 (0.1375ms)
✔ 任务单使用可识别的物料编码，内部技术资料键不进入文字、图片标题和无障碍名称 (0.577167ms)
✔ 换片布固定演示：四个新增生产单覆盖部分打印、补打、交出备用及失效票 (1.901625ms)
✔ 部位票缓存感知已提交事件版本，重复读取同一版本不失效 (0.356459ms)
✔ 按名称排朴，空名拒绝，同名不同编码/颜色保留独立身份 (1.013792ms)
✔ 初始每面料一张，重复分配幂等；新增与补打不混淆 (1.336292ms)
✔ 改派未交票失效，已交历史不抹除，新范围递增序号 (0.914625ms)
✔ 部分出纸仅确认勾选票；重复确认不增加次数，内容变化拒绝 (0.317875ms)
✔ 整个批次多袋并集检查，非本次袋不可借用，顺序无关 (0.3325ms)
✔ 同任务同工厂历史可满足；不同任务或换厂必须另交 (0.184666ms)
✔ 三方自行裁剪排除，资料缺失与无需面料分开判断 (0.063709ms)
✔ 混装按类型和单位分项，换片布不能拆成非5 Yard (0.118542ms)
✔ 局域网 HTTP 的摘要与原生 SHA-256 相同，既有票号不变化 (13.284333ms)
(node:87963) ExperimentalWarning: localStorage is not available because --localstorage-file was not provided.
(Use `node --trace-warnings ...` to show where the warning was created)
✔ 混装打印保留裁片矩阵，捆条和换片布独立附页，不合并单位 (2.363041ms)
✔ 纯换片布袋可生成货物标识，不制造尺码和部位 (0.265333ms)
✔ 混装标签拒绝换片布错误长度、作废票和混生产单 (0.675708ms)
✔ 旧业务存储不可读时仍用已提交的原装袋周期打印三类货物 (1.165458ms)
✔ 生产单按单记录；变更一单不重写其他单和任务 (1.279084ms)
✔ 运行任务独立保存覆盖、拆分、合并、改派及序号，往返保留身份 (0.251834ms)
✔ 有效分配索引、独立记录、审计及序号完整往返，拒绝重复身份和损坏格式 (0.359458ms)
✔ 拒绝空字符串，不吞掉损坏记录 (0.065584ms)
✔ 拒绝数组根，不吞掉损坏记录 (0.047917ms)
✔ 拒绝生产单数组实体，不吞掉损坏记录 (0.045834ms)
✔ 拒绝生产单空编号，不吞掉损坏记录 (0.045292ms)
✔ 拒绝生产单损坏快照，不吞掉损坏记录 (0.047083ms)
✔ 拒绝任务覆盖数组，不吞掉损坏记录 (0.065666ms)
✔ 拒绝任务覆盖身份，不吞掉损坏记录 (0.095792ms)
✔ 拒绝拆分来源身份，不吞掉损坏记录 (0.060334ms)
✔ 拒绝拆分子项损坏，不吞掉损坏记录 (0.070125ms)
✔ 拒绝合并明细损坏，不吞掉损坏记录 (0.043292ms)
✔ 拒绝改派任务身份，不吞掉损坏记录 (0.032583ms)
✔ 拒绝不安全序号，不吞掉损坏记录 (0.03425ms)
✔ 拒绝重复Map键，不吞掉损坏记录 (0.034ms)
✔ 拒绝current非数组，不吞掉损坏记录 (0.036083ms)
✔ 拒绝current孤儿，不吞掉损坏记录 (0.035584ms)
✔ 拒绝current跨任务，不吞掉损坏记录 (0.035583ms)
✔ 拒绝current重复引用，不吞掉损坏记录 (0.031334ms)
✔ 拒绝审计孤儿，不吞掉损坏记录 (0.040166ms)
✔ 已保存实体损坏编号、缺少meta或重复meta不能伪造正常空源 (0.145333ms)
✔ 未登记key及空白JSON拒绝；null明确代表没有覆盖 (0.047791ms)
✔ 备份校验拒绝未知来源集合、伪造迁移身份及丢失检查点实体 (0.598959ms)
✔ 四类静态运行任务的删除标记完整往返，拒绝混入业务字段或假删除 (0.139917ms)
✔ 分配副产物按实体保存；合同、样衣及PPIC责任保留独立序号 (0.470542ms)
✔ 拒绝缺失渲染必需快照的合同，防止迁移清源后才暴露损坏 (0.04875ms)
✔ 关联实体损坏拒绝 unknown:X (0.040625ms)
✔ 关联实体损坏拒绝 material-context:A (0.028709ms)
✔ 关联实体损坏拒绝 return-sequence:value (0.033208ms)
✔ 关联实体损坏拒绝 sla-current:T (0.027416ms)
✔ 生产创建匹配来源按生产单身份校验并完整恢复 (0.1825ms)
✔ 工厂结束事实只允许明确任务、操作人和时间 (0.807041ms)
✔ 既有招标定标记录保留真实来源编号并校验价格与操作人 (0.161667ms)
✔ 开工交出单头只包含首次零交出事实，拒绝伪造数量和身份 (0.178333ms)
(node:87965) ExperimentalWarning: localStorage is not available because --localstorage-file was not provided.
(Use `node --trace-warnings ...` to show where the warning was created)
✔ 同分配的同名 A/B 面料分别新增和打印；第二面料不被第一范围替代 (79.21825ms)
(node:87966) ExperimentalWarning: localStorage is not available because --localstorage-file was not provided.
(Use `node --trace-warnings ...` to show where the warning was created)
✔ 分配 SKU 的需料不同；多尺码共料去重，名称含朴排除 (1.116417ms)
✔ 完整但全是朴为空集合；缺颜色映射或空名称属于资料错误 (0.31ms)
✔ 同名不同编码面料不混并；BOM 身份歧义阻断 (0.212083ms)
✔ 交出回执从快照保留三种明细，Yard 与米不进入裁片数量 (0.717208ms)
✔ 回执任务读取保持数组身份；只在事实变更后重新投影 (0.228459ms)
✔ 款式需料读取的配置查询只返回独立副本，不能污染下次来源读取 (0.950875ms)
✔ 来源读取失败时不能把不可用哨兵值当作稳定分配继续保存 (0.415041ms)
✔ 历史裁片实交保留原数量与归属，其他集合不混入 (0.546667ms)
✔ 历史缺原版本、交错明细、负数量或记录身份错误均阻断恢复 (0.270042ms)
✔ 面辅料单不可写入退役裁片历史，未完成迁移标记不可恢复 (0.105125ms)
✔ 并发调用复用同一个模块加载 Promise，成功后继续复用结果 (0.673041ms)
✔ 模块加载失败后清空缓存，下一次调用可以重试 (0.23875ms)
(node:87969) ExperimentalWarning: localStorage is not available because --localstorage-file was not provided.
(Use `node --trace-warnings ...` to show where the warning was created)
✔ CONTRACT-005: native legacy task fixture exposes the actual missing allocation date at PDA and progress board entries (1726.067959ms)
(node:87970) ExperimentalWarning: localStorage is not available because --localstorage-file was not provided.
(Use `node --trace-warnings ...` to show where the warning was created)
✔ CONTRACT-002: later factory acceptance retains its fact without postponing business allocation deadlines (6.015959ms)
✔ CONTRACT-002: missing business allocation time produces a visible verification gap instead of acceptance-based deadlines (0.407958ms)
✔ CONTRACT-002: historical acceptance-based snapshots remain intact but cannot establish current contract deadlines (0.454625ms)
✔ CONTRACT-002: shared PDA and progress board show missing allocation dates without claiming zero-receipt tasks are complete (0.497042ms)
✔ CONTRACT-002: confirmed dates still show the next contractual node and complete only after all 100 pieces are received (4.993417ms)
✔ CONTRACT-002: outsourcing tracking uses allocation dates for tender tasks and marks missing dates as unverified (14.356917ms)
(node:87972) ExperimentalWarning: localStorage is not available because --localstorage-file was not provided.
(Use `node --trace-warnings ...` to show where the warning was created)
✔ 刷新时静态样衣命令重建不重放到已移交的持久用户状态，构造失败恢复输入 (6.739125ms)
✔ 独立打印外壳只命中完整生产确认单打印路由 (0.473125ms)
✔ 既有固定打印路由仍使用独立打印外壳 (0.091792ms)
(node:87974) ExperimentalWarning: localStorage is not available because --localstorage-file was not provided.
(Use `node --trace-warnings ...` to show where the warning was created)
✔ TP-ID-002: FCS live hydration cannot change the static 26 identities or their numeric sequence (11.255375ms)
✔ TP-DATA-001: baseline has 20 actual complete formal versions and three plus three draft review states (2.998084ms)
✔ TP-ROUTE-001: all twenty formal routes have three resolvable dye→print→wash chains and five two-craft pieces (187.551417ms)
✔ TP-ID-001: ID is persisted independent of ordering and next identity uses the global maximum (3.105125ms)
✔ TP-LEGACY-001: exact old static copies project read-only, preserve source identities and preserve changed records or content (7.5635ms)
✔ TP-LEGACY-002: repository reads old demo without writes; new legacy-source creation is rejected (351.15375ms)
✔ TP-LEGACY-003: early release content upgrades after person maintenance but genuine technical edits remain intact (5.659292ms)
✔ TP-PAGE-001: route rendering preserves stored IDs and hides objects without additional processing (103.190041ms)
✔ TP-PERSON-001: valid maintenance retains published content, records a log, and rejects wrong-role candidates (326.1825ms)
✔ technical version working-copy reads do not write and failed staging preserves data (first visit) (351.317083ms)
✔ technical version working-copy reads do not write and failed staging preserves data (saved data) (405.84725ms)
[PMS_IDB_LOAD_FAILED] { message: '当前浏览器不支持 IndexedDB,PMS 业务数据无法持久化。' }
✔ 五类页面共享采购到交出的串联 Mock，重复初始化不重置执行事实 (294.945292ms)
✔ 补齐串联 Mock 时压缩历史大签名，避免浏览器存储接近上限导致页面路由失败 (247.829792ms)
✔ 三个中央工厂在组织目录与执行工厂中身份一致且仅出现一次 (0.440083ms)
✔ 花边角色与采购映射归属TMF但供应方仍保留独立身份 (0.072875ms)
✔ 橡筋定长切割仍归SPF，不成为TMF织带截断任务 (0.0905ms)
✔ 旧浏览器组织记录迁移后不与权威TMF并存且保留已有联系人 (3.203ms)
(node:87979) ExperimentalWarning: localStorage is not available because --localstorage-file was not provided.
(Use `node --trace-warnings ...` to show where the warning was created)
✔ 连续织带实际650米交出→648+2实收→染色可用650，仓库和用料保持米制且无公斤换算 (11.152459ms)
✔ 连续长度口径不可用于纱线/码制，普通辅料仍要求实际称重 (1.404458ms)
✔ 原生连续辅料染色650→640：实际工厂实收及用料驱动加工，使用对象对应蓝色织带参考图 (596.246333ms)
✔ 织带与绳子参考档案接入实际物料库，保留图片来源和未确认尺寸，不替换橡筋 (156.178417ms)
✔ 同分钟新建不同幅宽织带和绳径主档不共用 SPU 身份，SKU 保持各自父档与主单位 (37.752334ms)
✔ TMF半成品SKU按SPU→潘通色号→颜色→花型生成，长度和端头不进入SKU (0.31625ms)
(node:87983) ExperimentalWarning: localStorage is not available because --localstorage-file was not provided.
(Use `node --trace-warnings ...` to show where the warning was created)
✔ TMF发布采用链：技术包发布门禁→审核发布→启用→生产单采用→生成织带加工需求 (2161.6585ms)
✔ TMF发布门禁：含织带截断工序但规格未补齐的采用版本不能发布 (457.320375ms)
✔ 正式生产路线只关联相邻同BOM同SKU的染色→印花，不生成数量或修改来源 (1.572458ms)
✔ 跨单/版本/工序/用途/SKU/单位、缺工厂与已有其他接收单都不能接续 (0.270542ms)
✔ 印花连续辅料仅接同版本同BOM的直接截断节点，不修改SKU和数量 (0.691667ms)
✔ 染色来源已绑定印花时拒绝直接截断，不读取不存在的顶层字段 (0.249833ms)
✔ TMF V1 原型范围、工厂身份和现场默认参数已冻结 (0.656792ms)
✔ TMF 风险动作默认要求主管与二次确认，采购行身份不可丢失 (0.831792ms)
[PMS_IDB_LOAD_FAILED] { message: '当前浏览器不支持 IndexedDB,PMS 业务数据无法持久化。' }
[PMS_IDB_UNAVAILABLE] put 跳过,数据仅保留在内存 { store: 'pmsMaterialPurchaseOrderDeltas', key: 'CGF-2026-0007' }
[PMS_IDB_UNAVAILABLE] put 跳过,数据仅保留在内存 { store: 'pmsMaterialPurchaseOrderDeltas', key: 'CGF-2026-0009' }
[PMS_IDB_UNAVAILABLE] put 跳过,数据仅保留在内存 { store: 'pmsMaterialPurchaseOrderDeltas', key: 'CGF-2026-0009' }
{"scenario":"N02","scope":"业务动作主链含纱线重量账；含端头辅材采购实收；不含PCS发布采用页面、纱线采购上游","purchaseReceived":1300,"productionReceived":1000,"warehouseContinuousM":30,"netCutM":1260,"lossM":10,"headUnit":"个","headReceived":2020,"headRemaining":15}
[PMS_IDB_UNAVAILABLE] put 跳过,数据仅保留在内存 { store: 'pmsMaterialPurchaseOrderDeltas', key: 'CGF-2026-0010' }
[PMS_IDB_UNAVAILABLE] put 跳过,数据仅保留在内存 { store: 'pmsMaterialPurchaseOrderDeltas', key: 'CGF-2026-0010' }
{"scenario":"N03","scope":"业务动作主链含纱线重量账；含端头辅材采购实收；不含PCS发布采用页面、纱线采购上游","purchaseReceived":60,"productionReceived":100,"warehouseContinuousM":9,"netCutM":50,"lossM":1,"headUnit":"个","headReceived":202,"headRemaining":1}
[PMS_IDB_UNAVAILABLE] put 跳过,数据仅保留在内存 { store: 'pmsMaterialPurchaseOrderDeltas', key: 'CGF-2026-0011' }
[PMS_IDB_UNAVAILABLE] put 跳过,数据仅保留在内存 { store: 'pmsMaterialPurchaseOrderDeltas', key: 'CGF-2026-0011' }
{"scenario":"N04","scope":"业务动作主链含纱线重量账；含端头辅材采购实收；不含PCS发布采用页面、纱线采购上游","purchaseReceived":100,"productionReceived":50,"warehouseContinuousM":34,"netCutM":65,"lossM":1,"headUnit":"kg","headReceived":0.2,"headRemaining":0.04}
[PMS_IDB_UNAVAILABLE] put 跳过,数据仅保留在内存 { store: 'pmsMaterialPurchaseOrderDeltas', key: 'CGF-2026-0012' }
[PMS_IDB_UNAVAILABLE] put 跳过,数据仅保留在内存 { store: 'pmsMaterialPurchaseOrderDeltas', key: 'CGF-2026-0012' }
{"scenario":"B06","scope":"规范数量动作链；塑料头从仓库实收事实开始，补购基础生产未虚构纱线配方；不代表全部页面验收","continuous":9,"productionReceived":1000,"scrapped":100,"scrappedMeters":120,"loss":11,"metalRemaining":15,"plasticRemaining":2}
{"scenario":"N05","mergedBatch":"FULL-N05-MERGED","purchaseReceivedM":120,"mergedIssuedM":102,"mergedProducedPieces":200,"productionReceivedByOrder":[100,100],"warehouseContinuousM":19,"lossM":1,"returnedM":1}
{"scenario":"B17","mergedBatch":"FULL-B17-MERGED","purchaseReceivedM":120,"mergedIssuedM":102,"mergedProducedPieces":200,"productionReceivedByOrder":[100,100],"warehouseContinuousM":19,"lossM":1,"returnedM":1}
{"scenario":"N01","rawReceivedKg":12,"consumedKg":10,"returnedKg":1,"factoryRemainingKg":1,"semiFinishedReceivedM":1000}
{"scenario":"N02","rawReceivedKg":12,"consumedKg":10,"returnedKg":1,"factoryRemainingKg":1,"semiFinishedReceivedM":1300}
{"scenario":"N03","rawReceivedKg":12,"consumedKg":10,"returnedKg":1,"factoryRemainingKg":1,"semiFinishedReceivedM":60}
{"scenario":"N04","rawReceivedKg":12,"consumedKg":10,"returnedKg":1,"factoryRemainingKg":1,"semiFinishedReceivedM":100}
{"scenario":"N05","rawReceivedKg":12,"consumedKg":10,"returnedKg":1,"factoryRemainingKg":1,"semiFinishedReceivedM":120}
{"scenario":"PRINTBACK-source-fixture","nativePrint":{"inputM":650,"outputM":630,"lossM":20,"outputImage":"MISSING_BLOCKED"},"sourceDispatched":630,"actualReceived":630,"cutMeters":620,"lossMeters":2,"returnedMeters":8,"baseLeftMeters":350,"scope":"原生印花650→630已独立重放；下游630米交出仍为专项夹具，不替代缺图正式交出或N01完整上游"}
{"scenario":"B09-downstream-recovery","basePhysicalM":350,"otherReservedM":350,"baseAvailableM":0,"processedReturnM":8,"productionPieces":[400,600],"scope":"含实际占用失败、释放、发料及印花回料后全链；原生印染20米损耗未执行，不是完整B09通过"}
{"scenario":"B05-cut-recovery","received":[400,600],"frozenPieces":10,"frozenLengthMm":500,"continuous":2.5,"cutLoss":2.5,"upstreamScope":"印花630米已交出为外部专项夹具，不冒充原生印染20米损耗或全N01"}
(node:87987) ExperimentalWarning: localStorage is not available because --localstorage-file was not provided.
(Use `node --trace-warnings ...` to show where the warning was created)
✔ N01～N05：通过现有 PMS 入口下达，每条采购链从零执行到仓库实收；交出不提前增加库存 (46.696458ms)
✔ 半成品加工没有原料实收和足量耗用时禁止产出，补齐同一原料链后才能填报 (15.266917ms)
✔ MOCK-007：规范场景使用同一采购行、基础单和生产需求身份，不复制孤立页面 Mock (5.512417ms)
✔ MOCK-009：重置只重载隔离的运行态，不清除用户浏览器数据 (0.954167ms)
✔ B01/B03：短收保留在途和采购缺口；重复扫描、生成和刷新不双记 (1.622625ms)
✔ B02/B04：多收、错 SKU、错仓和无权限动作不改变任意下游数量；恢复后正常收齐 (4.974708ms)
✔ OVR-001～003：超产与超收须主管二次确认，计划不扩、幂等且下游一致 (15.983833ms)
✔ MASTER-001～003/005：采购与端头采购映射原型内建主档，缺失阻断且身份稳定 (11.343458ms)
✔ MASTER-004：映射前历史记录保留原快照与未映射标记，不批量改写 (0.518084ms)
✔ TERM-001～005：取消后终止处置台逐项决定，未处置不得结案且数量对账守恒 (25.149208ms)
✔ 终止连续余料：实物余量只扣一次报废，拒绝超量且剩余数量可继续处置 (20.985709ms)
✔ GAP-TERM-004：上游未收与生产在途分别确认去向，不可重复登记 (0.833583ms)
✔ DYE-001～003：染色直交织带厂按实际交出分配实收，追溯原染色单且不重复扣料 (765.654667ms)
✔ 采购追加：未开始同步计划，已执行保留原计划和实物并处理变更 (5.854208ms)
✔ B21：保存失败不报成功、不留部分库存；成功后刷新读取同一采购和收货事实 (1.424083ms)
✔ 采购→两种规格截断→拆包回仓→分配发料→生产实收：短收保留缺口，库存及采购不双记 (22.782042ms)
✔ B09：其他需求占用400米时不能再占650；释放50后恢复，错误发料不改变库存 (6.259625ms)
✔ 需求来源：同尺码不同成衣SKU分别保留，BOM适用范围生效，错误快照和重复工序阻断 (0.470167ms)
✔ 待打头条料不计合格产出；超公差实物记不良且照实扣下料当量，未实收不可截断 (36.431625ms)
✔ N04：采购100米→单端硅胶按kg实耗→回仓发料→生产实收50根，连续料剩34米 (30.64175ms)
✔ B15：截断后取消保留1000根在制和1260米当量，释放未发占用并只退连续余料 (26.734666ms)
✔ 已回仓部分发料后取消：释放未发分配，冻结实存，已发在途保留且实收不恢复需求 (24.653916ms)
✔ N02规范数值：采购→实际加工→生产实收及米料/辅材退仓整链 (82.436042ms)
✔ N03规范数值：采购→实际加工→生产实收及米料/辅材退仓整链 (66.02225ms)
✔ N04规范数值：采购→实际加工→生产实收及米料/辅材退仓整链 (67.145ms)
✔ B06规范恢复：误装100根报废→补购100米并补做→生产实收1000根，三套实物账守恒 (139.259917ms)
✔ N05合并批：120米采购→102米合并投入→两生产单各实收100，B17独立副本拆100为40+60 (95.204625ms)
✔ B17合并批：120米采购→102米合并投入→两生产单各实收100，B17独立副本拆100为40+60 (109.117667ms)
✔ N01～N05基础原料重量账：源仓实收→发出→工厂实收→耗用/余料→原仓实收，与米制产出独立 (253.202667ms)
✔ 主生产单暂停/取消直接限制织带执行，已发实收保留且取消处置释放未发占用 (80.999334ms)
✔ 冷启动及旧标签页均读取已保存主单限制，损坏来源不默许执行 (0.317083ms)
✔ 印花交出按两种长度分配，原单分次实收唯一记账，随后截断/回仓/领料守恒 (407.358291ms)
✔ 主单离页保存保留其他页取消及新增单，同单并发编辑和存储失败不覆盖 (2.868584ms)
✔ 技术包换版后旧规格冻结，已交出的仓库及生产在途可实收且不改旧长度 (65.504708ms)
✔ 未发料换版释放旧占用，新需求从备料至生产实收，旧预览和已执行重算阻断 (96.132167ms)
✔ 已加工换版：旧200条冻结并释放未发分配，新550/700mm需求实收1000条，旧预览失效且库存守恒 (124.604458ms)
✔ B05实际410/590错配：短条余量冻结，连续余料8米补10条700mm至两规格生产实收 (213.947ms)
✔ 加工计划时间独立保存：明确时区、并发版本阻断、实际节点不倒推开完工且库存不变 (26.2935ms)
✔ 加工单费用按技术包需求计价：单位、币种和版本可追溯，库存与实收不被费用动作改变 (21.73025ms)
✔ 织带加工单没有接单或开工门禁，投入实收后可直接加工填报 (52.887542ms)
✔ B23未执行采购1000减900：版本留痕、旧预览阻断、重新确认接受后900实际生产实收 (53.347958ms)
✔ B24实收1000退100：仓库交出与TMF分次实收独立，原收保留且净900后减量 (91.431167ms)
✔ 采购取消门禁：无执行事实可取消，已收货或已生产必须先处置不能直接结案 (49.465875ms)
[PMS_IDB_LOAD_FAILED] { message: '当前浏览器不支持 IndexedDB,PMS 业务数据无法持久化。' }
[PMS_IDB_UNAVAILABLE] put 跳过,数据仅保留在内存 { store: 'pmsMaterialPurchaseOrderDeltas', key: 'CGF-2026-0007' }
[PMS_IDB_LOAD_FAILED] { message: '当前浏览器不支持 IndexedDB,PMS 业务数据无法持久化。' }
[PMS_IDB_LOAD_FAILED] { message: '当前浏览器不支持 IndexedDB,PMS 业务数据无法持久化。' }
[PMS_IDB_LOAD_FAILED] { message: '当前浏览器不支持 IndexedDB,PMS 业务数据无法持久化。' }
[PMS_IDB_UNAVAILABLE] put 跳过,数据仅保留在内存 { store: 'pmsMaterialPurchaseOrderDeltas', key: 'CGF-2026-0007' }
[PMS_IDB_UNAVAILABLE] put 跳过,数据仅保留在内存 { store: 'pmsMaterialPurchaseOrderDeltas', key: 'CGF-2026-0007' }
[PMS_IDB_UNAVAILABLE] put 跳过,数据仅保留在内存 { store: 'pmsMaterialPurchaseOrderDeltas', key: 'CGF-2026-0007' }
[PMS_IDB_LOAD_FAILED] { message: '当前浏览器不支持 IndexedDB,PMS 业务数据无法持久化。' }
[PMS_IDB_LOAD_FAILED] { message: '当前浏览器不支持 IndexedDB,PMS 业务数据无法持久化。' }
[PMS_IDB_LOAD_FAILED] { message: '当前浏览器不支持 IndexedDB,PMS 业务数据无法持久化。' }
✔ PMS采购实际仓库实收与原料库存一次保存；分批、刷新、原料使用和退回均不重复履约 (370.426458ms)
✔ 历史手工到货及不支持的单位不能直接变成投入料可用库存 (1.053792ms)
✔ 首次实收前供应商确认与关闭可刷新恢复，保存失败和损坏存储不会覆盖状态 (0.773166ms)
✔ N01采用路线按染色→印花关联原单，多尺码不重复列工序，不修改印染数量 (2.309458ms)
✔ 旧版本、错误SKU、码制单位、取消或变更待处理均不作为有效关联 (0.47ms)
✔ 同号不同生产单或BOM不得关联，重复来源不静默选择，混合快照阻断 (0.382916ms)
✔ 编辑器按尺码保留规格，截断打头不新建SKU，重复保存沿用节点身份 (3.032459ms)
✔ 无印染要求时 TMF 路线只生成截断节点，不凭空生成染色或印花节点 (0.246208ms)
✔ 前序印染产出SKU作为截断投入；保留独立橡筋工艺，移除打头后下游连接截断 (0.683917ms)
✔ 未明确打头、错误辅料BOM、无半成品和不合法前序不能生成可执行路线 (0.322334ms)
(node:87991) ExperimentalWarning: localStorage is not available because --localstorage-file was not provided.
(Use `node --trace-warnings ...` to show where the warning was created)
✔ N01：400 条 50CM 和 600 条 70CM 分行计算，共 620 米；未增加 SKU (1.416916ms)
✔ 缺少尺码数量、非整数条数、公差或测量条件时不猜测需求 (0.421459ms)
✔ B07：未选择打头、缺少端头方式或辅材不能确认；支持两端不同端头 (0.27575ms)
✔ N04/B08：硅胶按重量且必须有覆盖长度，不作为独立金属头计数 (0.103542ms)
✔ B18：打头只能承接对应截断条料，不能换 SKU、换长度或重新领连续料 (2.808125ms)
✔ N05：规格相同可以合并，但尺码、用途和需求身份不靠物理规格键代替 (0.131292ms)
✔ B14：修改后续版本端头要求不能污染生产单历史快照 (0.692125ms)
✔ 发布门禁：含织带截断工序的技术包必须规格完整且规格仍关联当前 BOM (0.181417ms)
(node:87999) ExperimentalWarning: localStorage is not available because --localstorage-file was not provided.
(Use `node --trace-warnings ...` to show where the warning was created)
✔ 已提交新周期可由真实袋档案进入历史，错误袋和未知周期仍拒绝 (1.064417ms)
(node:88003) ExperimentalWarning: localStorage is not available because --localstorage-file was not provided.
(Use `node --trace-warnings ...` to show where the warning was created)
✔ REPLACEMENT_FABRIC 已绑定有效同生产单任务保留归属，不按部位裁片SKU消除 (17.712209ms)
✔ REPLACEMENT_FABRIC 未绑定票不猜任务，可由用户明确同批加入 (6.64075ms)
✔ REPLACEMENT_FABRIC old-factory 旧绑定不可作为当前任务沿用 (6.246042ms)
✔ REPLACEMENT_FABRIC other-order 旧绑定不可作为当前任务沿用 (6.370375ms)
✔ BINDING_STRIP 已绑定有效同生产单任务保留归属，不按部位裁片SKU消除 (6.9715ms)
✔ BINDING_STRIP 未绑定票不猜任务，可由用户明确同批加入 (8.075792ms)
✔ BINDING_STRIP old-factory 旧绑定不可作为当前任务沿用 (6.114959ms)
✔ BINDING_STRIP other-order 旧绑定不可作为当前任务沿用 (5.492167ms)
ℹ tests 736
ℹ suites 0
ℹ pass 736
ℹ fail 0
ℹ cancelled 0
ℹ skipped 0
ℹ todo 0
ℹ duration_ms 16588.499375
vite v6.4.3 building for production...
transforming...
✓ 2736 modules transformed.
Circular chunk: pcs-tech-pack-review -> pcs-tech-pack-bootstrap -> pcs-tech-pack-review. Consider disabling the "output.onlyExplicitManualChunks" option, as enabling it causes the static dependencies of the manual chunk "pcs-tech-pack-bootstrap" to be bundled into the chunk "pcs-tech-pack-review".
rendering chunks...
[plugin vite:reporter] 
(!) /Users/laoer/.codex/worktrees/9ec5/higoods/src/data/fcs/cut-piece-release.ts is dynamically imported by /Users/laoer/.codex/worktrees/9ec5/higoods/src/data/fcs/cutting/cut-piece-ticket-validity.ts, /Users/laoer/.codex/worktrees/9ec5/higoods/src/data/fcs/cutting/cut-piece-ticket-validity.ts, /Users/laoer/.codex/worktrees/9ec5/higoods/src/data/fcs/cutting/cutting-event-repository.ts, /Users/laoer/.codex/worktrees/9ec5/higoods/src/data/fcs/cutting/cutting-event-repository.ts, /Users/laoer/.codex/worktrees/9ec5/higoods/src/data/fcs/production-context-actions.ts but also statically imported by /Users/laoer/.codex/worktrees/9ec5/higoods/src/data/fcs/runtime-process-tasks.ts, /Users/laoer/.codex/worktrees/9ec5/higoods/src/data/fcs/sewing-assignment-readiness.ts, /Users/laoer/.codex/worktrees/9ec5/higoods/src/data/fcs/sewing-production-order-duration.ts, /Users/laoer/.codex/worktrees/9ec5/higoods/src/pages/fcs/material-prep/sewing.ts, /Users/laoer/.codex/worktrees/9ec5/higoods/src/pages/process-factory/cutting/cut-order-release-integration.ts, /Users/laoer/.codex/worktrees/9ec5/higoods/src/pages/process-factory/cutting/cut-piece-release.ts, /Users/laoer/.codex/worktrees/9ec5/higoods/src/pages/process-factory/cutting/cutting-daily-production-report-model.ts, /Users/laoer/.codex/worktrees/9ec5/higoods/src/pages/process-factory/cutting/supplement-management.ts, /Users/laoer/.codex/worktrees/9ec5/higoods/src/pages/sewing-outsourcing/tasks.ts, /Users/laoer/.codex/worktrees/9ec5/higoods/src/pages/unified-dispatch-workbench.ts, dynamic import will not move module into another chunk.

[plugin vite:reporter] 
(!) /Users/laoer/.codex/worktrees/9ec5/higoods/src/components/production-object-floating-entry.ts is dynamically imported by /Users/laoer/.codex/worktrees/9ec5/higoods/src/main.ts but also statically imported by /Users/laoer/.codex/worktrees/9ec5/higoods/src/components/shell.ts, dynamic import will not move module into another chunk.

[plugin vite:reporter] 
(!) /Users/laoer/.codex/worktrees/9ec5/higoods/src/data/fcs/printing-task-domain.ts is dynamically imported by /Users/laoer/.codex/worktrees/9ec5/higoods/src/data/fcs/dyeing-task-domain.ts, /Users/laoer/.codex/worktrees/9ec5/higoods/src/data/fcs/tmf-upstream-process-orders.ts, /Users/laoer/.codex/worktrees/9ec5/higoods/src/data/pms/tmf-material-purchases.ts, /Users/laoer/.codex/worktrees/9ec5/higoods/src/pages/process-factory/accessory/webbing/work-order-detail.ts, /Users/laoer/.codex/worktrees/9ec5/higoods/src/pages/process-factory/accessory/webbing/work-order-detail.ts but also statically imported by /Users/laoer/.codex/worktrees/9ec5/higoods/src/data/fcs/cutting/material-prep.ts, /Users/laoer/.codex/worktrees/9ec5/higoods/src/data/fcs/cutting/supplement-node-facts.ts, /Users/laoer/.codex/worktrees/9ec5/higoods/src/data/fcs/design-revision-material-transfer.ts, /Users/laoer/.codex/worktrees/9ec5/higoods/src/data/fcs/design-revision-process-work-order-adapter.ts, /Users/laoer/.codex/worktrees/9ec5/higoods/src/data/fcs/factory-receiving-links.ts, /Users/laoer/.codex/worktrees/9ec5/higoods/src/data/fcs/factory-receiving-source-sync.ts, /Users/laoer/.codex/worktrees/9ec5/higoods/src/data/fcs/mobile-execution-task-index.ts, /Users/laoer/.codex/worktrees/9ec5/higoods/src/data/fcs/pda-start-link.ts, /Users/laoer/.codex/worktrees/9ec5/higoods/src/data/fcs/printing-factory-demos.ts, /Users/laoer/.codex/worktrees/9ec5/higoods/src/data/fcs/printing-material-receipts.ts, /Users/laoer/.codex/worktrees/9ec5/higoods/src/data/fcs/printing-statistics.ts, /Users/laoer/.codex/worktrees/9ec5/higoods/src/data/fcs/printing-warehouse-view.ts, /Users/laoer/.codex/worktrees/9ec5/higoods/src/data/fcs/printing-work-order-business.ts, /Users/laoer/.codex/worktrees/9ec5/higoods/src/data/fcs/process-action-writeback-service.ts, /Users/laoer/.codex/worktrees/9ec5/higoods/src/data/fcs/process-execution-writeback.ts, /Users/laoer/.codex/worktrees/9ec5/higoods/src/data/fcs/process-mobile-task-binding.ts, /Users/laoer/.codex/worktrees/9ec5/higoods/src/data/fcs/process-warehouse-linkage-service.ts, /Users/laoer/.codex/worktrees/9ec5/higoods/src/data/fcs/process-web-status-actions.ts, /Users/laoer/.codex/worktrees/9ec5/higoods/src/data/fcs/process-work-order-domain.ts, /Users/laoer/.codex/worktrees/9ec5/higoods/src/data/fcs/process-work-order-generation-service.ts, /Users/laoer/.codex/worktrees/9ec5/higoods/src/data/fcs/production-demand-early-process-work-orders.ts, /Users/laoer/.codex/worktrees/9ec5/higoods/src/data/fcs/production-object-overview.ts, /Users/laoer/.codex/worktrees/9ec5/higoods/src/data/fcs/production-process-work-order-service.ts, /Users/laoer/.codex/worktrees/9ec5/higoods/src/data/fcs/production-task-breakdown.ts, /Users/laoer/.codex/worktrees/9ec5/higoods/src/data/fcs/task-print-cards.ts, /Users/laoer/.codex/worktrees/9ec5/higoods/src/pages/pcs-independent-sampling.ts, /Users/laoer/.codex/worktrees/9ec5/higoods/src/pages/pda-exec-detail.ts, /Users/laoer/.codex/worktrees/9ec5/higoods/src/pages/pda-exec.ts, /Users/laoer/.codex/worktrees/9ec5/higoods/src/pages/pda-task-receive.ts, /Users/laoer/.codex/worktrees/9ec5/higoods/src/pages/print/templates/printing-work-order-template.ts, /Users/laoer/.codex/worktrees/9ec5/higoods/src/pages/process-factory/cutting/production-order-overview-projection.ts, /Users/laoer/.codex/worktrees/9ec5/higoods/src/pages/process-factory/dyeing/pending-receipts.ts, /Users/laoer/.codex/worktrees/9ec5/higoods/src/pages/process-factory/printing/dashboards.ts, /Users/laoer/.codex/worktrees/9ec5/higoods/src/pages/process-factory/printing/dialogs.ts, /Users/laoer/.codex/worktrees/9ec5/higoods/src/pages/process-factory/printing/dispatch.ts, /Users/laoer/.codex/worktrees/9ec5/higoods/src/pages/process-factory/printing/events.ts, /Users/laoer/.codex/worktrees/9ec5/higoods/src/pages/process-factory/printing/presentation.ts, /Users/laoer/.codex/worktrees/9ec5/higoods/src/pages/process-factory/printing/shared.ts, /Users/laoer/.codex/worktrees/9ec5/higoods/src/pages/process-factory/printing/statistics.ts, /Users/laoer/.codex/worktrees/9ec5/higoods/src/pages/process-factory/printing/work-order-detail.ts, /Users/laoer/.codex/worktrees/9ec5/higoods/src/pages/process-print-orders.ts, /Users/laoer/.codex/worktrees/9ec5/higoods/src/pages/process-work-orders/early-process-management.ts, /Users/laoer/.codex/worktrees/9ec5/higoods/src/pages/production/demand-domain.ts, /Users/laoer/.codex/worktrees/9ec5/higoods/src/runtime/fcs/cutting/pickup-management-runtime.ts, dynamic import will not move module into another chunk.

computing gzip size...
dist/index.html                                                          12.61 kB │ gzip:   3.07 kB
dist/assets/pcs-pattern-parse.worker-B3_rAVMB.js                         18.52 kB
dist/assets/pcs-record-baseline-BWpImHil.json                         4,125.30 kB │ gzip: 226.59 kB
dist/assets/order-pages-BLg6Ma6N.css                                     85.42 kB │ gzip:  15.73 kB
dist/assets/index-BhxsG5JB.css                                          155.29 kB │ gzip:  25.50 kB
dist/assets/domain-snapshot-DlssZx9q.js                                   0.34 kB │ gzip:   0.25 kB
dist/assets/sample-warehouse-projection-Cgv1rlB-.js                       0.39 kB │ gzip:   0.25 kB
dist/assets/pcs-engineering-bom-snapshot-source-DlXUWD87.js               0.41 kB │ gzip:   0.30 kB
dist/assets/real-qr-placeholder-CKA4YXlP.js                               0.52 kB │ gzip:   0.35 kB
dist/assets/pcs-record-bootstrap-BMid4S6y.js                              0.56 kB │ gzip:   0.45 kB
dist/assets/dialogs-hx4WqNsn.js                                           0.59 kB │ gzip:   0.31 kB
dist/assets/design-revision-pcs-command-DS1yAOAw.js                       0.68 kB │ gzip:   0.37 kB
dist/assets/pcs-storage-error-D2ucxlT-.js                                 0.71 kB │ gzip:   0.52 kB
dist/assets/badge-DbUQOZoe.js                                             0.78 kB │ gzip:   0.42 kB
dist/assets/images-Q79qfJD0.js                                            0.80 kB │ gzip:   0.35 kB
dist/assets/pms-export-CRZxW7LK.js                                        0.83 kB │ gzip:   0.50 kB
dist/assets/placeholder-Db96AsYD.js                                       0.85 kB │ gzip:   0.47 kB
dist/assets/pda-cutting-save-e-E10eaf.js                                  0.89 kB │ gzip:   0.60 kB
dist/assets/trace-CABPJH4F.js                                             0.89 kB │ gzip:   0.51 kB
dist/assets/execution-prep-projection-helpers-DQP2nvil.js                 0.94 kB │ gzip:   0.46 kB
dist/assets/history-Dp5kYeoj.js                                           0.94 kB │ gzip:   0.61 kB
dist/assets/payment-sync-CQ3pZCxD.js                                      0.97 kB │ gzip:   0.62 kB
dist/assets/tmf-reference-images-6geKcU1B.js                              0.98 kB │ gzip:   0.50 kB
dist/assets/print-service-CyrwQfQw.js                                     1.04 kB │ gzip:   0.52 kB
dist/assets/pda-sewing-self-return-mode-CVT5AEl1.js                       1.07 kB │ gzip:   0.54 kB
dist/assets/process-work-order-generation-service-DInFI0l3.js             1.07 kB │ gzip:   0.65 kB
dist/assets/detail.adapter-CS1WDqJN.js                                    1.08 kB │ gzip:   0.68 kB
dist/assets/material-purchase-references-Z3c2Qi82.js                      1.10 kB │ gzip:   0.57 kB
dist/assets/routes-los-CaH2gM2R.js                                        1.14 kB │ gzip:   0.54 kB
dist/assets/dyeing-material-receipts-Cyv-qP-t.js                          1.14 kB │ gzip:   0.75 kB
dist/assets/pda-runtime-D-HU3pmZ.js                                       1.21 kB │ gzip:   0.66 kB
dist/assets/tech-pack-Cl9PxMcY.js                                         1.28 kB │ gzip:   0.58 kB
dist/assets/overview-Czl6MUpI.js                                          1.29 kB │ gzip:   0.71 kB
dist/assets/process-work-order-source-view-BxdeeYAc.js                    1.30 kB │ gzip:   0.58 kB
dist/assets/transfer-bag-handover-mock-B6L175Im.js                        1.31 kB │ gzip:   0.71 kB
dist/assets/pcs-tech-pack-review-notification-repository-DBz4qZSN.js      1.34 kB │ gzip:   0.59 kB
dist/assets/replacement-fabric-scan-BtzAkGxK.js                           1.34 kB │ gzip:   0.82 kB
dist/assets/work-order-action-policy-B_htTkaE.js                          1.34 kB │ gzip:   0.68 kB
dist/assets/real-qr-CPyuFUed.js                                           1.39 kB │ gzip:   0.80 kB
dist/assets/filter-bar-Ba0risiZ.js                                        1.49 kB │ gzip:   0.81 kB
dist/assets/factory-types-DbcizYGx.js                                     1.52 kB │ gzip:   0.65 kB
dist/assets/material-identity-xTXrZ7OI.js                                 1.54 kB │ gzip:   0.84 kB
dist/assets/supplement-material-prep-demand-registry-DI-N3DvB.js          1.56 kB │ gzip:   0.75 kB
dist/assets/task-handover-domain-mWdV8P44.js                              1.57 kB │ gzip:   0.76 kB
dist/assets/pda-cutting-wait-handover-actions-BwPG7uLc.js                 1.58 kB │ gzip:   0.62 kB
dist/assets/warehouse-shared-DiZpv1z5.js                                  1.58 kB │ gzip:   0.51 kB
dist/assets/pcs-material-handoff-0keo9kp3.js                              1.65 kB │ gzip:   0.81 kB
dist/assets/task-chain-pages-adapter-qVAKR8GP.js                          1.71 kB │ gzip:   0.84 kB
dist/assets/pcs-tech-pack-version-log-repository-HdeEyYvd.js              1.73 kB │ gzip:   0.79 kB
dist/assets/real-barcode-BHpCtURR.js                                      1.81 kB │ gzip:   0.96 kB
dist/assets/tmf-upstream-receiving-Cbp9_D3D.js                            1.82 kB │ gzip:   1.14 kB
dist/assets/fei-tickets-storage-7KaIHPKx.js                               1.85 kB │ gzip:   0.58 kB
dist/assets/list-export-jn6qoDRT.js                                       1.86 kB │ gzip:   1.09 kB
dist/assets/toast-BXUvgm0t.js                                             1.87 kB │ gzip:   0.90 kB
dist/assets/wool-pda-scan-BO5ZKxTa.js                                     1.88 kB │ gzip:   1.03 kB
dist/assets/mixed-transfer-bag-ticket-DETTPWFm.js                         1.89 kB │ gzip:   0.79 kB
dist/assets/kol-goto-fixed-total-ledger-XDpMZ3C7.js                       1.93 kB │ gzip:   0.93 kB
dist/assets/table-DkUvzy2A.js                                             2.04 kB │ gzip:   1.02 kB
dist/assets/pcs-action-dialog-BDH5t3S9.js                                 2.09 kB │ gzip:   1.07 kB
dist/assets/binding-process-pda-scan-Dfz_U2p2.js                          2.18 kB │ gzip:   1.13 kB
dist/assets/special-craft-pda-scope-CVoldb4y.js                           2.24 kB │ gzip:   1.02 kB
dist/assets/cutting-record-identity-CtTd0WGy.js                           2.26 kB │ gzip:   1.23 kB
dist/assets/cutting-file-maintenance-l70h5QTh.js                          2.33 kB │ gzip:   1.22 kB
dist/assets/helpers-BFKa6pUf.js                                           2.42 kB │ gzip:   1.21 kB
dist/assets/production-order-tech-pack-runtime-Ckenzles.js                2.44 kB │ gzip:   0.94 kB
dist/assets/mixed-bag-contents-CMkCJpLb.js                                2.52 kB │ gzip:   1.35 kB
dist/assets/tmf-work-order-view-B0z1A2VI.js                               2.56 kB │ gzip:   1.18 kB
dist/assets/production-context-recovery-Ckr-P6gi.js                       2.56 kB │ gzip:   1.30 kB
dist/assets/factory-capacity-profile-mock-Dv5YtZGT.js                     2.64 kB │ gzip:   1.15 kB
dist/assets/pms-excel-import-DnMCWv6B.js                                  2.66 kB │ gzip:   1.32 kB
dist/assets/shared-mroQS0Hu.js                                            2.70 kB │ gzip:   1.02 kB
dist/assets/process-order-list-presentation-uk1TIisc.js                   2.71 kB │ gzip:   1.26 kB
dist/assets/post-finishing-spu-technical-parameters-DeGwPkZz.js           2.79 kB │ gzip:   1.28 kB
dist/assets/marker-plan-projection-CVNpXTnf.js                            2.82 kB │ gzip:   1.22 kB
dist/assets/process-order-task-relations-UyFAX1QZ.js                      2.97 kB │ gzip:   1.29 kB
dist/assets/product-skus-CEt6Fukj.js                                      3.03 kB │ gzip:   0.96 kB
dist/assets/production-order-identity-BDmVYDlJ.js                         3.04 kB │ gzip:   1.26 kB
dist/assets/tabs--aCvt7MO.js                                              3.09 kB │ gzip:   0.93 kB
dist/assets/dialogs-Dn8MgaJV.js                                           3.12 kB │ gzip:   1.28 kB
dist/assets/pda-cutting-runtime-action-inputs-CSgzJN0G.js                 3.13 kB │ gzip:   1.08 kB
dist/assets/trade-subjects-B1U82DIE.js                                    3.16 kB │ gzip:   1.12 kB
dist/assets/cutting-mainline-CH54t3UT.js                                  3.41 kB │ gzip:   1.52 kB
dist/assets/authorization-code-vkoQwBLf.js                                3.58 kB │ gzip:   1.72 kB
dist/assets/work-order-detail-CMJQGYF1.js                                 3.61 kB │ gzip:   1.52 kB
dist/assets/binding-process-warehouse-linkage-service-C7uERvx2.js         3.62 kB │ gzip:   1.38 kB
dist/assets/fcs-route-links-CdIu8Xoq.js                                   3.67 kB │ gzip:   1.20 kB
dist/assets/printing-sheet-preview-B-bzkoAo.js                            3.69 kB │ gzip:   1.75 kB
dist/assets/shared-B0DTEmiu.js                                            3.72 kB │ gzip:   1.69 kB
dist/assets/confirmation-print-CVt8S7UY.js                                3.73 kB │ gzip:   1.58 kB
dist/assets/quality-chain-adapter-93ri-0d0.js                             3.73 kB │ gzip:   1.66 kB
dist/assets/shared-DuZhunSq.js                                            3.87 kB │ gzip:   1.62 kB
dist/assets/task-route-card-4s9nrSY0.js                                   3.99 kB │ gzip:   1.72 kB
dist/assets/sewing-outsourcing-demo-VSf1LHIl.js                           4.05 kB │ gzip:   1.63 kB
dist/assets/task-delivery-card-Ddx6MQQO.js                                4.05 kB │ gzip:   1.80 kB
dist/assets/tipping-form-K5muPs-a.js                                      4.07 kB │ gzip:   2.02 kB
dist/assets/pcs-product-reference-check-CCVxFrhY.js                       4.07 kB │ gzip:   1.69 kB
dist/assets/transfer-bag-repack-mock-CUonz9El.js                          4.09 kB │ gzip:   1.89 kB
dist/assets/production-contract-print-BITP_ORi.js                         4.11 kB │ gzip:   2.09 kB
dist/assets/transit-simple-lists-CQzyD-o_.js                              4.17 kB │ gzip:   1.47 kB
dist/assets/pda-cutting-simple-cut-piece-handover-BcoSYfjc.js             4.29 kB │ gzip:   1.93 kB
dist/assets/supplement-order-registry-CHnc7juB.js                         4.49 kB │ gzip:   1.76 kB
dist/assets/tmf-process-print-preview-a18ABtAR.js                         4.59 kB │ gzip:   2.16 kB
dist/assets/form-DxtyRl7u.js                                              4.74 kB │ gzip:   1.40 kB
dist/assets/layout.helpers-B2KW1-EU.js                                    4.76 kB │ gzip:   1.73 kB
dist/assets/runtime-task-tenders-YGz6fHpq.js                              4.76 kB │ gzip:   1.94 kB
dist/assets/preparation-material-receipt-sources-HUFFgNIc.js              4.76 kB │ gzip:   1.99 kB
dist/assets/relations-Bu7Rv4-Q.js                                         4.80 kB │ gzip:   2.19 kB
dist/assets/sewing-outsourcing-responsibility-CjheJSkI.js                 4.82 kB │ gzip:   2.10 kB
dist/assets/transit-dashboard-ChkBKA5f.js                                 4.85 kB │ gzip:   2.04 kB
dist/assets/result-list-H2PGn5yl.js                                       4.94 kB │ gzip:   2.06 kB
dist/assets/store-domain-dispatch-process-CTdFJo0G.js                     5.00 kB │ gzip:   1.94 kB
dist/assets/progress-board-CHg86Iqs.js                                    5.01 kB │ gzip:   2.21 kB
dist/assets/process-order-list-controller-CDA79H_5.js                     5.09 kB │ gzip:   1.90 kB
dist/assets/cutting-event-migration-M5JmzS7T.js                           5.18 kB │ gzip:   2.07 kB
dist/assets/generated-cut-release-C_4HA4mL.js                             5.23 kB │ gzip:   2.35 kB
dist/assets/material-requirements-CoWk9wNn.js                             5.27 kB │ gzip:   2.24 kB
dist/assets/tmf-upstream-process-orders-7NkCSbYw.js                       5.28 kB │ gzip:   2.45 kB
dist/assets/process-work-order-quality-settlement-BmLxx54p.js             5.33 kB │ gzip:   2.20 kB
dist/assets/replacement-fabric-fei-tickets-DtBUNgLC.js                    5.63 kB │ gzip:   2.48 kB
dist/assets/tmf-process-continuation-B3hoPFRr.js                          5.66 kB │ gzip:   1.62 kB
dist/assets/dispatch-task-sheet-Ci7AvCyA.js                               5.72 kB │ gzip:   2.70 kB
dist/assets/pcs-product-information-DlUdkROi.js                           5.79 kB │ gzip:   2.64 kB
dist/assets/dashboards-CY827Xs2.js                                        5.79 kB │ gzip:   2.75 kB
dist/assets/process-order-three-axis-view-pdSswfX1.js                     5.85 kB │ gzip:   2.36 kB
dist/assets/wls-page-handlers-Dm0T3H1C.js                                 5.86 kB │ gzip:   2.09 kB
dist/assets/retired-cut-piece-pickup-history-CJOleRNo.js                  5.87 kB │ gzip:   2.36 kB
dist/assets/replacement-fabric-label-template-BYkxuD28.js                 5.89 kB │ gzip:   2.61 kB
dist/assets/pda-cutting-nav-context-DCzfu5gm.js                           5.95 kB │ gzip:   1.41 kB
dist/assets/los-live-room-master-C4CCL-p4.js                              5.97 kB │ gzip:   2.66 kB
dist/assets/transfer-bags-projection-CMF6vmgm.js                          6.05 kB │ gzip:   2.38 kB
dist/assets/replacement-fabric-preview-DOcinTcU.js                        6.05 kB │ gzip:   2.86 kB
dist/assets/fcs-pda-pickup-dispute-DacrxK6p.js                            6.18 kB │ gzip:   2.18 kB
dist/assets/pda-wool-warehouse-flows-Dukrexl8.js                          6.23 kB │ gzip:   3.05 kB
dist/assets/warehouse-standard-eSA47dX6.js                                6.30 kB │ gzip:   2.10 kB
dist/assets/fact-view-5KAyRu5w.js                                         6.35 kB │ gzip:   2.11 kB
dist/assets/transfer-bag-goods-label-CDuyCnnC.js                          6.46 kB │ gzip:   2.65 kB
dist/assets/production-contract-center-BVJ_Ja-t.js                        6.62 kB │ gzip:   2.83 kB
dist/assets/sewing-outsourcing-supplement-tracking-CO1SozOo.js            6.63 kB │ gzip:   2.89 kB
dist/assets/workbench-DwhlYGQG.js                                         6.63 kB │ gzip:   2.67 kB
dist/assets/cutting-task-routing-vsN7vZS6.js                              6.65 kB │ gzip:   2.38 kB
dist/assets/factory-receiving-links-C_MVvaaD.js                           6.74 kB │ gzip:   2.72 kB
dist/assets/printing-work-order-template-Cm51YaUm.js                      6.77 kB │ gzip:   3.17 kB
dist/assets/routes-pda-DsQn-YP2.js                                        6.85 kB │ gzip:   2.59 kB
dist/assets/production-contract-master-template-B957I2uc.js               6.85 kB │ gzip:   2.74 kB
dist/assets/shared-DYmkVXfB.js                                            6.86 kB │ gzip:   2.53 kB
dist/assets/routes-pcs-BElsQ0aB.js                                        6.90 kB │ gzip:   1.86 kB
dist/assets/data-management-CpAaZOQU.js                                   7.00 kB │ gzip:   2.56 kB
dist/assets/material-handover-BzVSHxIg.js                                 7.06 kB │ gzip:   2.77 kB
dist/assets/stock-seed-Cj8lLuwm.js                                        7.11 kB │ gzip:   2.44 kB
dist/assets/dye-work-order-times-w7U4XCtx.js                              7.22 kB │ gzip:   2.55 kB
dist/assets/overview.helpers-BP2F5Yu8.js                                  7.36 kB │ gzip:   2.88 kB
dist/assets/pcs-channel-legacy-conversion-Dg3I_fD9.js                     7.40 kB │ gzip:   3.19 kB
dist/assets/shared-Dwg7oZpv.js                                            7.43 kB │ gzip:   2.60 kB
dist/assets/settlement-flow-boundaries-DbkSNas3.js                        7.43 kB │ gzip:   2.53 kB
dist/assets/pcs-testing-order-create-DaZJIqao.js                          7.51 kB │ gzip:   2.93 kB
dist/assets/production-craft-dict-XhlR8UsB.js                             7.51 kB │ gzip:   2.82 kB
dist/assets/transit-warehouse-CGN4xIMS.js                                 7.54 kB │ gzip:   2.13 kB
dist/assets/craft-actions-DsI18OvM.js                                     7.55 kB │ gzip:   3.38 kB
dist/assets/pcs-sample-label-CQUm_CXw.js                                  7.68 kB │ gzip:   3.48 kB
dist/assets/supplement-node-facts-D8_rNH8s.js                             7.76 kB │ gzip:   2.84 kB
dist/assets/sewing-outsourcing-return-tracking-Bd6hBusw.js                7.91 kB │ gzip:   2.96 kB
dist/assets/tmf-process-sheet-template-CNsFQyur.js                        8.00 kB │ gzip:   3.80 kB
dist/assets/pda-transfer-bag-detail-D3InIh-4.js                           8.06 kB │ gzip:   3.03 kB
dist/assets/statistics-Bn94aqAg.js                                        8.07 kB │ gzip:   2.63 kB
dist/assets/progress-exception-lifecycle-BJx0gSBY.js                      8.09 kB │ gzip:   2.70 kB
dist/assets/supplier-supply-archives-Bid-xGw5.js                          8.13 kB │ gzip:   2.60 kB
dist/assets/production-contracts-EfELc97D.js                              8.14 kB │ gzip:   2.78 kB
dist/assets/pda-notify-Cg36QcgF.js                                        8.35 kB │ gzip:   3.11 kB
dist/assets/milestone-configs-DgAlKbbH.js                                 8.41 kB │ gzip:   2.94 kB
dist/assets/pcs-testing-order-list-Ub4iylj8.js                            8.51 kB │ gzip:   3.30 kB
dist/assets/material-process-plans-BBb3cuHk.js                            8.66 kB │ gzip:   3.49 kB
dist/assets/pre-settlement-ledger-repository-BdO76Jwm.js                  8.84 kB │ gzip:   3.03 kB
dist/assets/pcs-pattern-library-config-CqHBzPf1.js                        8.84 kB │ gzip:   2.42 kB
dist/assets/pda-cutting-shared-Q5oszKbc.js                                8.87 kB │ gzip:   2.72 kB
dist/assets/navigation-context-5GcHOdSg.js                                8.87 kB │ gzip:   2.46 kB
dist/assets/warehouses-CSFYi5tN.js                                        8.89 kB │ gzip:   2.11 kB
dist/assets/bom-templates-D5_fvpG1.js                                     8.90 kB │ gzip:   3.70 kB
dist/assets/pda-cutting-execution-unit-B353trKI.js                        9.06 kB │ gzip:   3.44 kB
dist/assets/machine-associations-BRtCuTXJ.js                              9.16 kB │ gzip:   3.11 kB
dist/assets/fei-ticket-numbering-BFXa-6aO.js                              9.21 kB │ gzip:   3.23 kB
dist/assets/pda-notify-detail-s1NE2ge5.js                                 9.24 kB │ gzip:   3.07 kB
dist/assets/pda-execution-BN1azNPb.js                                     9.30 kB │ gzip:   3.69 kB
dist/assets/pda-cutting-fei-ticket-numbering-BKA4_p7R.js                  9.31 kB │ gzip:   3.21 kB
dist/assets/handover-records-DBh7ZOR-.js                                  9.35 kB │ gzip:   3.56 kB
dist/assets/workbench-Ct3jJAaX.js                                         9.38 kB │ gzip:   3.86 kB
dist/assets/pda-warehouse-2qR-ZH9m.js                                     9.43 kB │ gzip:   3.75 kB
dist/assets/mobile-CjWNx-Sh.js                                            9.53 kB │ gzip:   3.08 kB
dist/assets/sewing-pickup-slips-CikM3T8c.js                               9.65 kB │ gzip:   3.63 kB
dist/assets/dye-work-order-online-domain-D9FSvBDM.js                      9.78 kB │ gzip:   3.65 kB
dist/assets/routes-pms-C6xn3xix.js                                        9.80 kB │ gzip:   2.52 kB
dist/assets/production-receipts-BN5oD8cd.js                               9.81 kB │ gzip:   3.95 kB
dist/assets/pda-cutting-transfer-bag-recovery-CvmSORIH.js                 9.88 kB │ gzip:   4.02 kB
dist/assets/pending-receipts-C1F082gZ.js                                  9.91 kB │ gzip:   4.09 kB
dist/assets/continuous-stock-boXwHhf4.js                                 10.09 kB │ gzip:   4.11 kB
dist/assets/statistics-aZs54v_d.js                                       10.10 kB │ gzip:   4.39 kB
dist/assets/trade-subjects-CxkhUFyQ.js                                   10.26 kB │ gzip:   3.73 kB
dist/assets/pda-cutting-transfer-bag-scrap-DLddaA_I.js                   10.26 kB │ gzip:   4.16 kB
dist/assets/production-return-fulfillment-tJZ45kuR.js                    10.50 kB │ gzip:   4.01 kB
dist/assets/bom-templates-ChqjVeph.js                                    10.52 kB │ gzip:   2.48 kB
dist/assets/settings-JUaPMsqs.js                                         10.73 kB │ gzip:   3.24 kB
dist/assets/product-skus-ypRQ_uyQ.js                                     10.74 kB │ gzip:   4.14 kB
dist/assets/yarn-shipments-D7emnJkv.js                                   10.74 kB │ gzip:   4.83 kB
dist/assets/list-PmVJ1KK0.js                                             10.77 kB │ gzip:   3.76 kB
dist/assets/transit-receipts-qkoIB_DB.js                                 10.99 kB │ gzip:   4.02 kB
dist/assets/cutting-event-repository-BTHzcHGo.js                         11.09 kB │ gzip:   4.74 kB
dist/assets/production-context-actions-Dgb788qM.js                       11.14 kB │ gzip:   3.95 kB
dist/assets/presentation-CIj6gwRS.js                                     11.25 kB │ gzip:   4.64 kB
dist/assets/design-revision-pcs-storage-D2ozVRMd.js                      11.28 kB │ gzip:   4.27 kB
dist/assets/pda-exec-link-OQ7VY9PP.js                                    11.31 kB │ gzip:   3.68 kB
dist/assets/material-prep-CU6vyKyF.js                                    11.39 kB │ gzip:   2.68 kB
dist/assets/dyeing-warehouse-view-BqecprCr.js                            11.49 kB │ gzip:   3.95 kB
dist/assets/pcs-engineering-preparation-projection-BAq1fGoN.js           11.49 kB │ gzip:   4.26 kB
dist/assets/pda-login-gPWlP4UX.js                                        11.65 kB │ gzip:   4.51 kB
dist/assets/warehouses-CTv-trOf.js                                       11.74 kB │ gzip:   4.23 kB
dist/assets/purchase-suggestions-CVpQLmRu.js                             11.87 kB │ gzip:   3.70 kB
dist/assets/material-transfers-01EL0oSY.js                               11.99 kB │ gzip:   4.21 kB
dist/assets/task-breakdown-DKYbnqaz.js                                   12.16 kB │ gzip:   4.53 kB
dist/assets/pickup-management-runtime-C6SpuEHn.js                        12.25 kB │ gzip:   4.73 kB
dist/assets/task-execution-adapter-mco6fMSN.js                           12.26 kB │ gzip:   3.69 kB
dist/assets/process-statistics-domain-CCDsIQc2.js                        12.33 kB │ gzip:   4.03 kB
dist/assets/pms-handlers-Dryx4_6u.js                                     12.54 kB │ gzip:   2.88 kB
dist/assets/context-DF4sWQbs.js                                          13.02 kB │ gzip:   4.60 kB
dist/assets/cutting-record-repository-DrCvPmZr.js                        13.04 kB │ gzip:   4.65 kB
dist/assets/meta-DqPRPSX8.js                                             13.16 kB │ gzip:   2.95 kB
dist/assets/handover-records-BdeUkh-o.js                                 13.18 kB │ gzip:   4.15 kB
dist/assets/replacement-fabric-repository-jxpKktQ_.js                    13.25 kB │ gzip:   5.40 kB
dist/assets/handover-print-CGlHnOv0.js                                   13.53 kB │ gzip:   4.95 kB
dist/assets/pda-start-link-DjSfLYpA.js                                   13.62 kB │ gzip:   4.81 kB
dist/assets/inventory-monitor-rqURVK4E.js                                13.66 kB │ gzip:   4.78 kB
dist/assets/bom-detail-eAr-Ek6h.js                                       13.69 kB │ gzip:   4.97 kB
dist/assets/returns-Bjsj1O9F.js                                          13.84 kB │ gzip:   5.13 kB
dist/assets/wls-finished-inbound-Bz57hmeO.js                             13.92 kB │ gzip:   5.31 kB
dist/assets/tmf-base-demo-DaWgqHsN.js                                    13.92 kB │ gzip:   5.02 kB
dist/assets/work-orders-Czdobpa7.js                                      13.99 kB │ gzip:   5.18 kB
dist/assets/wls-inbound-CzXduQXZ.js                                      14.05 kB │ gzip:   5.47 kB
dist/assets/cut-piece-return-warehouse-Ek8A6MAD.js                       14.20 kB │ gzip:   5.08 kB
dist/assets/idb-storage-DYscBY_v.js                                      14.27 kB │ gzip:   5.28 kB
dist/assets/pcs-technical-data-tech-pack-list-Bqq9WQVn.js                14.30 kB │ gzip:   4.92 kB
dist/assets/supplements-uMEG_3iK.js                                      14.34 kB │ gzip:   5.23 kB
dist/assets/mobile-execution-task-index-nTyVlDnz.js                      14.41 kB │ gzip:   3.87 kB
dist/assets/post-finishing-qc-print-template-DknPc0a3.js                 14.50 kB │ gzip:   4.47 kB
dist/assets/work-orders-C-_VmshG.js                                      14.55 kB │ gzip:   4.95 kB
dist/assets/printing-sheet-template-DpHqJjkJ.js                          14.58 kB │ gzip:   5.05 kB
dist/assets/manual-fei-tickets-8AlZHUeW.js                               14.69 kB │ gzip:   5.02 kB
dist/assets/work-orders-45BH3OcN.js                                      14.75 kB │ gzip:   4.78 kB
dist/assets/work-order-detail-aenRXvXC.js                                14.84 kB │ gzip:   4.76 kB
dist/assets/dispatch-task-sheet-template-B2KUQbgc.js                     15.05 kB │ gzip:   6.00 kB
dist/assets/responsibility-transfers-5HPvcsNG.js                         15.10 kB │ gzip:   5.73 kB
dist/assets/workbench-BsxLj9q6.js                                        15.76 kB │ gzip:   4.79 kB
dist/assets/cut-order-supplement-fixture-axuVot1Y.js                     15.96 kB │ gzip:   4.83 kB
dist/assets/outbound-orders-CXaTGKJC.js                                  16.05 kB │ gzip:   5.21 kB
dist/assets/process-web-status-actions-plcgaWVh.js                       16.08 kB │ gzip:   4.30 kB
dist/assets/pcs-handlers-BUTATqRQ.js                                     16.18 kB │ gzip:   4.07 kB
dist/assets/handover-ledger-view-Eh5wgOhh.js                             16.19 kB │ gzip:   4.46 kB
dist/assets/garment-spu-replacement-CFx7gBkY.js                          16.40 kB │ gzip:   5.03 kB
dist/assets/reports-DJaHdvde.js                                          16.48 kB │ gzip:   4.26 kB
dist/assets/machines-fBcV1292.js                                         16.51 kB │ gzip:   5.50 kB
dist/assets/full-flow-print-5g2_c01_.js                                  16.60 kB │ gzip:   5.54 kB
dist/assets/payment-requests-Bvd-tz4B.js                                 16.74 kB │ gzip:   5.49 kB
dist/assets/progress-handover-order-IQ8I7Lvf.js                          16.86 kB │ gzip:   5.02 kB
dist/assets/wls-garment-relabel-tasks-B0AZEux9.js                        16.91 kB │ gzip:   5.59 kB
dist/assets/cut-order-release-integration-CxpxuUPU.js                    17.07 kB │ gzip:   6.11 kB
dist/assets/dispatch-acceptance-sla-Beaf93ZK.js                          17.15 kB │ gzip:   5.13 kB
dist/assets/sewing-cut-piece-return-workflow-CrVGs8Y6.js                 17.21 kB │ gzip:   6.09 kB
dist/assets/part-ticket-records-Bin21FUe.js                              17.36 kB │ gzip:   6.46 kB
dist/assets/pda-cutting-task-detail-aXRmsZoV.js                          17.37 kB │ gzip:   6.13 kB
dist/assets/product-purchase-orders-DIMg_xft.js                          17.42 kB │ gzip:   5.22 kB
dist/assets/cutting-runtime-event-ledger-DV8qplDb.js                     17.42 kB │ gzip:   6.05 kB
dist/assets/production-confirmation-DzaYZyET.js                          17.43 kB │ gzip:   5.94 kB
dist/assets/marker-spreading-projection-Dh3KiIFt.js                      17.50 kB │ gzip:   5.54 kB
dist/assets/output-stock-C2XnZm7J.js                                     17.52 kB │ gzip:   6.59 kB
dist/assets/material-requirements-tTOXatH7.js                            17.55 kB │ gzip:   5.99 kB
dist/assets/sewing-cut-piece-responsibility-D9b8jPna.js                  17.63 kB │ gzip:   5.30 kB
dist/assets/pda-sewing-self-return-DZjzcfhp.js                           17.68 kB │ gzip:   5.98 kB
dist/assets/simple-cut-piece-handover-fixtures-BYe6z6Vc.js               17.74 kB │ gzip:   6.05 kB
dist/assets/progress-cutting-detail-Ccv4AL1E.js                          17.80 kB │ gzip:   4.51 kB
dist/assets/bom-detail-DoeFMmRm.js                                       17.90 kB │ gzip:   5.78 kB
dist/assets/supplier-confirmations-Co-59dQJ.js                           17.94 kB │ gzip:   5.32 kB
dist/assets/purchase-demands-949QMmEu.js                                 18.07 kB │ gzip:   5.81 kB
dist/assets/suppliers-DOxcttzm.js                                        18.16 kB │ gzip:   5.27 kB
dist/assets/store-domain-pda-Bl4jkAiC.js                                 18.21 kB │ gzip:   6.41 kB
dist/assets/pda-notify-due-soon-Bn3-OXuU.js                              18.41 kB │ gzip:   6.28 kB
dist/assets/process-mobile-task-binding-BvIsCqBS.js                      18.56 kB │ gzip:   6.49 kB
dist/assets/tasks-BeCxM2i2.js                                            18.57 kB │ gzip:   6.89 kB
dist/assets/platform-process-result-view-nlQ1p-a-.js                     18.64 kB │ gzip:   5.38 kB
dist/assets/store-domain-statement-source-adapter-CefEvCqD.js            18.71 kB │ gzip:   5.37 kB
dist/assets/generated-cut-orders-qoq01Eye.js                             18.72 kB │ gzip:   5.62 kB
dist/assets/sewing-outsourcing-workbench-DXCT1acj.js                     18.76 kB │ gzip:   6.52 kB
dist/assets/supplier-supply-archives-C7pLs8wE.js                         18.90 kB │ gzip:   5.79 kB
dist/assets/materials-DQo18LQz.js                                        18.93 kB │ gzip:   4.79 kB
dist/assets/pda-warehouse-shared-CCJSjLR-.js                             18.95 kB │ gzip:   5.69 kB
dist/assets/warehouse-CDUDmlwc.js                                        19.11 kB │ gzip:   6.11 kB
dist/assets/production-demand-early-process-work-orders-aagyg7CT.js      19.13 kB │ gzip:   5.74 kB
dist/assets/events-1mJZHdl4.js                                           19.21 kB │ gzip:   7.47 kB
dist/assets/platform.adapter-vd-Egt6Z.js                                 19.25 kB │ gzip:   6.09 kB
dist/assets/kol-goto-pda-domain-DWqG0kiu.js                              19.33 kB │ gzip:   6.58 kB
dist/assets/shared-VTUns74V.js                                           19.43 kB │ gzip:   5.25 kB
dist/assets/units-Cpv-mBpt.js                                            19.73 kB │ gzip:   5.89 kB
dist/assets/post-finishing-current-read-model-WFpAWdEo.js                19.77 kB │ gzip:   5.53 kB
dist/assets/stage-display-DoSm3LlB.js                                    19.84 kB │ gzip:   7.01 kB
dist/assets/factory-sample-verification-flow-DB_aoRbg.js                 19.86 kB │ gzip:   4.87 kB
dist/assets/adjustments-DkwSWjPj.js                                      19.94 kB │ gzip:   6.19 kB
dist/assets/pda-warehouse-inbound-records-CtvS4D9L.js                    20.11 kB │ gzip:   5.84 kB
dist/assets/index-CtqjOB3K.js                                            20.21 kB │ gzip:   5.22 kB
dist/assets/audit-records-D5oVd6NL.js                                    20.35 kB │ gzip:   6.65 kB
dist/assets/process-water-soluble-orders-D1-SV76Q.js                     20.49 kB │ gzip:   6.42 kB
dist/assets/material-process-plans-Cs6w7Pro.js                           20.52 kB │ gzip:   7.57 kB
dist/assets/pda-warehouse-outbound-records-BsmAWgGP.js                   20.61 kB │ gzip:   6.07 kB
dist/assets/overview.adapter-oEQd6tcj.js                                 20.65 kB │ gzip:   6.53 kB
dist/assets/task-orders-CPEfpLb3.js                                      20.83 kB │ gzip:   7.17 kB
dist/assets/pcs-engineering-tech-pack-workspace-Dr1kwclw.js              21.00 kB │ gzip:   7.29 kB
dist/assets/shared-seed-CGi2rQR7.js                                      21.01 kB │ gzip:   6.23 kB
dist/assets/material-purchase-tracking-BS1cMl4T.js                       21.11 kB │ gzip:   6.69 kB
dist/assets/events-BFdMh55q.js                                           21.17 kB │ gzip:   6.55 kB
dist/assets/order-list-columns-DPh6Dj7T.js                               21.20 kB │ gzip:   6.64 kB
dist/assets/los-live-rooms-DrUIE7SN.js                                   21.23 kB │ gzip:   7.67 kB
dist/assets/pcs-testing-order-detail-qxfM0BXp.js                         21.30 kB │ gzip:   6.20 kB
dist/assets/pcs-engineering-master-view-model-C-zGLp3z.js                21.39 kB │ gzip:   7.29 kB
dist/assets/suppliers-ZIjz5_xu.js                                        21.68 kB │ gzip:   6.93 kB
dist/assets/tmf-domain-shared-CsnEeaO8.js                                21.88 kB │ gzip:   8.26 kB
dist/assets/routes-wls-BYsi8QkQ.js                                       22.31 kB │ gzip:   7.24 kB
dist/assets/deduction-analysis-oIOYISHV.js                               22.40 kB │ gzip:   6.54 kB
dist/assets/fei-ticket-numbering-BWVfhech.js                             22.45 kB │ gzip:   6.47 kB
dist/assets/warehouse-location-map-model-BMzRpnZd.js                     22.51 kB │ gzip:   7.14 kB
dist/assets/subject-operations-DrfYfPBe.js                               22.61 kB │ gzip:   7.02 kB
dist/assets/tasks-Cz9sEXp9.js                                            22.80 kB │ gzip:   7.29 kB
dist/assets/progress-statistics-linkage-y-Q73a_k.js                      22.86 kB │ gzip:   6.54 kB
dist/assets/work-order-detail-DXo1Sk2V.js                                22.92 kB │ gzip:   7.37 kB
dist/assets/cut-piece-handover-CnTwbg6Z.js                               22.98 kB │ gzip:   7.43 kB
dist/assets/qc-workbench-BIxykm5H.js                                     23.03 kB │ gzip:   7.18 kB
dist/assets/recheck-orders-CYRXgz8R.js                                   23.18 kB │ gzip:   7.34 kB
dist/assets/cut-piece-returns-TJMGs8P6.js                                23.31 kB │ gzip:   7.20 kB
dist/assets/purchase-suggestions-COuI2frm.js                             23.40 kB │ gzip:   7.33 kB
dist/assets/material-issue-CMA_CqAT.js                                   23.80 kB │ gzip:   5.92 kB
dist/assets/progress-cutting-overview-l0eGcioE.js                        23.83 kB │ gzip:   5.72 kB
dist/assets/dye-work-order-online-view-DeC56S7U.js                       24.15 kB │ gzip:   8.20 kB
dist/assets/quality-deduction-selectors-B3uy90TG.js                      24.26 kB │ gzip:   6.28 kB
dist/assets/production-order-duration-D0lrxIgt.js                        24.27 kB │ gzip:   9.26 kB
dist/assets/production-context-records-u5uSolch.js                       24.40 kB │ gzip:   8.62 kB
dist/assets/material-statements-BbOEGkqV.js                              24.45 kB │ gzip:   6.72 kB
dist/assets/print-preview-2MKhndmG.js                                    24.57 kB │ gzip:   8.23 kB
dist/assets/process-order-task-links-BYffnQxG.js                         24.68 kB │ gzip:   6.87 kB
dist/assets/retired-process-history-CJUukX0u.js                          24.75 kB │ gzip:   6.41 kB
dist/assets/dialogs-DIyhHCYw.js                                          24.86 kB │ gzip:   6.14 kB
dist/assets/material-preparation-Cae44NNj.js                             25.21 kB │ gzip:   8.79 kB
dist/assets/fcs-production-tech-pack-snapshot-CmSxC2ii.js                25.35 kB │ gzip:   6.47 kB
dist/assets/kol-demands-Bbp3yQVa.js                                      25.43 kB │ gzip:   7.39 kB
dist/assets/wls-fabric-demand-board-Dlql9Chy.js                          25.47 kB │ gzip:   6.84 kB
dist/assets/reconciliations-CLcn3spz.js                                  25.55 kB │ gzip:   6.83 kB
dist/assets/machine-associations-BeVKrNsk.js                             25.62 kB │ gzip:   7.75 kB
dist/assets/process-print-orders-DD-RqBm3.js                             25.74 kB │ gzip:   8.55 kB
dist/assets/process-dye-orders-D69gnMCw.js                               25.91 kB │ gzip:   8.63 kB
dist/assets/qc-orders-CjhrA98y.js                                        25.94 kB │ gzip:   8.27 kB
dist/assets/pda-handlers-rulQ2EXA.js                                     26.67 kB │ gzip:   6.40 kB
dist/assets/marker-spreading-utils-DrVMKpgW.js                           26.71 kB │ gzip:   7.82 kB
dist/assets/simple-cut-piece-handover-ui-BPzlgGWa.js                     27.01 kB │ gzip:  10.08 kB
dist/assets/warehouse-location-map-BqOg8e_9.js                           27.06 kB │ gzip:   7.08 kB
dist/assets/pcs-config-workspace-repository-Cba9kTls.js                  27.14 kB │ gzip:  10.27 kB
dist/assets/pda-warehouse-wait-handover-BdjolDYb.js                      27.57 kB │ gzip:   7.15 kB
dist/assets/progress-milestone-config-Dt3v_yAN.js                        27.59 kB │ gzip:   6.15 kB
dist/assets/pcs-pattern-library-detail-x8qlEOkN.js                       27.67 kB │ gzip:   6.59 kB
dist/assets/pda-wool-fact-execution-Bp0lUlHN.js                          28.02 kB │ gzip:   9.35 kB
dist/assets/third-party-factory-rating-ByE4oMvy.js                       28.13 kB │ gzip:   8.05 kB
dist/assets/print-styles-BjQBw8jj.js                                     28.31 kB │ gzip:   4.01 kB
dist/assets/sample-approval-suggestions-BZ9wqTFE.js                      28.32 kB │ gzip:   8.88 kB
dist/assets/factory-status-CaaHgi3C.js                                   28.43 kB │ gzip:   6.02 kB
dist/assets/source-document-detail-Bjdu4-Jl.js                           28.45 kB │ gzip:  10.53 kB
dist/assets/sample-warehouse-CF1JF56M.js                                 28.47 kB │ gzip:   7.34 kB
dist/assets/marker-plan-source-model-CFcwSTIo.js                         28.93 kB │ gzip:   8.49 kB
dist/assets/pcs-engineering-master-list-qevGflkh.js                      28.95 kB │ gzip:  10.10 kB
dist/assets/commands-BXcOz5GG.js                                         29.05 kB │ gzip:   8.24 kB
dist/assets/pcs-engineering-master-detail-UVn4T68i.js                    29.30 kB │ gzip:   8.64 kB
dist/assets/warehouse-Bj-AbccX.js                                        29.79 kB │ gzip:  10.07 kB
dist/assets/logistics-reconciliations-C1e2pjSC.js                        30.17 kB │ gzip:   9.32 kB
dist/assets/pcs-technical-data-BygAvnmo.js                               30.50 kB │ gzip:   8.34 kB
dist/assets/production-order-progress-tracking-tzNuhT-q.js               30.53 kB │ gzip:  10.25 kB
dist/assets/material-reconciliations-Jtes0mKB.js                         30.57 kB │ gzip:   9.31 kB
dist/assets/progress-cutting-exception-center-unRn6bcN.js                30.89 kB │ gzip:   7.19 kB
dist/assets/capability-g7UUBARK.js                                       31.65 kB │ gzip:   6.69 kB
dist/assets/replacement-fabric-fei-tickets-SbEoZhYQ.js                   31.83 kB │ gzip:  10.92 kB
dist/assets/material-archives-Crb_z0Hc.js                                31.86 kB │ gzip:   7.87 kB
dist/assets/factory-performance-D2Dyo3lp.js                              32.31 kB │ gzip:   6.74 kB
dist/assets/handover-orders-BCpebnoC.js                                  32.46 kB │ gzip:   9.19 kB
dist/assets/dialogs-B_kOb7XO.js                                          32.71 kB │ gzip:   9.86 kB
dist/assets/task-detail-JxfKkCa3.js                                      32.81 kB │ gzip:   9.73 kB
dist/assets/effective-task-assignments-NjDQwbuw.js                       33.11 kB │ gzip:  11.03 kB
dist/assets/garment-spu-replacements-CV8XGglz.js                         33.13 kB │ gzip:   9.41 kB
dist/assets/process-warehouse-domain-Dfr0LEgy.js                         33.27 kB │ gzip:   7.62 kB
dist/assets/pcs-tech-pack-bootstrap-HZT8TDX6.js                          33.31 kB │ gzip:   8.49 kB
dist/assets/cut-piece-return-domain-CePElaK7.js                          33.41 kB │ gzip:   9.92 kB
dist/assets/store-domain-settlement-seeds-DEd1Bvx7.js                    33.72 kB │ gzip:   9.01 kB
dist/assets/pcs-pattern-library-DqxNfpcW.js                              33.73 kB │ gzip:   7.65 kB
dist/assets/warehouse-runtime-CujcBYnj.js                                33.87 kB │ gzip:   8.69 kB
dist/assets/pda-shell-Ccn9QxXh.js                                        33.93 kB │ gzip:   9.05 kB
dist/assets/early-process-management-CAv_Mb0B.js                         34.61 kB │ gzip:   8.76 kB
dist/assets/dispatch-acceptance-sla-CiL7qHRA.js                          34.99 kB │ gzip:   7.90 kB
dist/assets/material-purchase-orders-CdHD9SD6.js                         35.16 kB │ gzip:  11.34 kB
dist/assets/stage-orders-B8_xR-RE.js                                     35.33 kB │ gzip:  10.94 kB
dist/assets/pda-post-finishing-flow-C5Vrditb.js                          35.59 kB │ gzip:   9.62 kB
dist/assets/supplier-confirmations-D0XTLB-7.js                           36.09 kB │ gzip:   9.80 kB
dist/assets/stage-order-detail-_pm-7NSQ.js                               36.18 kB │ gzip:  10.68 kB
dist/assets/pda-warehouse-stocktake-CT-n-AHA.js                          36.46 kB │ gzip:   9.43 kB
dist/assets/work-orders-CAPZ-tV0.js                                      36.70 kB │ gzip:  12.40 kB
dist/assets/pending-receipts-BVTMnaAk.js                                 36.96 kB │ gzip:  11.31 kB
dist/assets/pcs-pattern-library-create-B9vPHHvw.js                       37.00 kB │ gzip:   8.66 kB
dist/assets/material-inventory-BDwMRp8h.js                               37.31 kB │ gzip:   9.26 kB
dist/assets/work-order-detail-Clqap_Hq.js                                37.36 kB │ gzip:  10.36 kB
dist/assets/third-party-factory-comprehensive-assessment-w3e3FAoc.js     37.47 kB │ gzip:  11.05 kB
dist/assets/water-soluble-orders-b9mlMls5.js                             37.54 kB │ gzip:  11.46 kB
dist/assets/pda-task-receive-detail-C90JyJEh.js                          37.61 kB │ gzip:   9.35 kB
dist/assets/work-order-detail-DN9OnOKE.js                                37.81 kB │ gzip:  10.38 kB
dist/assets/first-leg-logistics-DQDvUYdp.js                              37.92 kB │ gzip:  10.22 kB
dist/assets/product-purchase-orders-QjKfHE5p.js                          38.01 kB │ gzip:   9.33 kB
dist/assets/pcs-part-template-library-ClIjCUS6.js                        38.07 kB │ gzip:  13.44 kB
dist/assets/cutting-statistics-ab-material-DP2IYd2e.js                   38.13 kB │ gzip:   8.63 kB
dist/assets/store-domain-quality-bootstrap-Da-J-TqY.js                   38.24 kB │ gzip:   5.39 kB
dist/assets/first-leg-carriers-BrV5D6-A.js                               38.36 kB │ gzip:  10.26 kB
dist/assets/pda-cutting-inbound-Cw20YDPY.js                              38.91 kB │ gzip:  11.80 kB
dist/assets/special-processes-ccj-QveK.js                                38.95 kB │ gzip:  10.25 kB
dist/assets/pda-cutting-handover-BNAvLYI_.js                             39.15 kB │ gzip:  12.01 kB
dist/assets/payment-requests-HYMNGlxC.js                                 39.27 kB │ gzip:  10.36 kB
dist/assets/pda-quality-terbplWX.js                                      39.31 kB │ gzip:  10.53 kB
dist/assets/warehouse-BM1Knr-l.js                                        39.73 kB │ gzip:  11.43 kB
dist/assets/semi-finished-orders-BUiFS60q.js                             39.75 kB │ gzip:  12.13 kB
dist/assets/pda-cutting-transfer-bag-repack-8SAwBMi-.js                  40.25 kB │ gzip:  11.55 kB
dist/assets/first-leg-shipments-CrYJof3W.js                              40.88 kB │ gzip:  10.25 kB
dist/assets/fcs-handlers-BHR2_Ydk.js                                     43.02 kB │ gzip:  12.85 kB
dist/assets/pending-receipts-B69htb9v.js                                 43.47 kB │ gzip:  15.65 kB
dist/assets/label-print-template-DI04Sgyo.js                             43.47 kB │ gzip:  12.32 kB
dist/assets/lace-factory-domain-E69dJw3K.js                              44.40 kB │ gzip:  11.20 kB
dist/assets/warehouse-hyxCMqnm.js                                        44.81 kB │ gzip:  11.46 kB
dist/assets/factory-receiving-P13Y8fLg.js                                45.23 kB │ gzip:  15.39 kB
dist/assets/cutting-summary-CCRstIqZ.js                                  45.89 kB │ gzip:  12.24 kB
dist/assets/engineering-file-upload-DMtlgcaa.js                          46.77 kB │ gzip:  14.45 kB
dist/assets/demand-domain-DhtMfSuB.js                                    47.35 kB │ gzip:  10.99 kB
dist/assets/handover-orders-Dgfo9rNW.js                                  47.47 kB │ gzip:   9.30 kB
dist/assets/batches-B5ZHNcpu.js                                          47.58 kB │ gzip:  10.35 kB
dist/assets/settlement-linked-mock-factory-uxCNcLsV.js                   47.83 kB │ gzip:  14.54 kB
dist/assets/warehouse-uqKA3CBr.js                                        47.91 kB │ gzip:  11.47 kB
dist/assets/pcs-record-core-DSzlkzCt.js                                  48.27 kB │ gzip:  16.16 kB
dist/assets/dyeing-CvvOxf7u.js                                           49.16 kB │ gzip:  10.93 kB
dist/assets/printing-D06fEQIU.js                                         49.17 kB │ gzip:  10.94 kB
dist/assets/other-DCM3eXif.js                                            49.18 kB │ gzip:  10.96 kB
dist/assets/sewing-CC1LSXzw.js                                           50.20 kB │ gzip:  11.28 kB
dist/assets/dispatch-tenders-DtZb--nV.js                                 50.33 kB │ gzip:  13.48 kB
dist/assets/progress-material-PAALHC2Q.js                                50.42 kB │ gzip:  10.09 kB
dist/assets/pda-onboarding-Dh_Y_Jsc.js                                   50.59 kB │ gzip:  10.81 kB
dist/assets/pda-task-receive-BvRHugoh.js                                 50.60 kB │ gzip:  12.70 kB
dist/assets/pda-cutting-execution-source-DMJaU3N0.js                     50.86 kB │ gzip:  13.79 kB
dist/assets/pcs-config-workspace-CHp9ULnb.js                             51.29 kB │ gzip:  17.90 kB
dist/assets/pcs-channel-stores-6TW3fawE.js                               51.44 kB │ gzip:  14.99 kB
dist/assets/wait-handover-runtime-CWM38ZGE.js                            52.03 kB │ gzip:  14.50 kB
dist/assets/marker-plan-model-CpN62ASq.js                                52.14 kB │ gzip:  14.93 kB
dist/assets/work-order-detail-D0c8fVUy.js                                53.02 kB │ gzip:  16.56 kB
dist/assets/store-domain-progress-D4vneM3n.js                            53.17 kB │ gzip:  11.82 kB
dist/assets/pda-handover-CnkanSuz.js                                     53.35 kB │ gzip:  14.29 kB
dist/assets/detail-domain-BLAHTRni.js                                    53.60 kB │ gzip:  11.94 kB
dist/assets/pcs-part-template-library-BR5b3ubJ.js                        53.80 kB │ gzip:  11.06 kB
dist/assets/material-purchase-orders-bc2KESFB.js                         53.93 kB │ gzip:  16.38 kB
dist/assets/settlement-cutting-input-Cj-V6UfQ.js                         55.37 kB │ gzip:  11.79 kB
dist/assets/marker-plan-occupancy-CQMQfq7j.js                            57.45 kB │ gzip:  16.14 kB
dist/assets/progress-urge-SGyYGEQV.js                                    58.04 kB │ gzip:  12.11 kB
dist/assets/runtime-inputs-DaL3Gxua.js                                   58.25 kB │ gzip:  15.74 kB
dist/assets/warehouse-location-map-pjG-EOvI.js                           59.37 kB │ gzip:  17.87 kB
dist/assets/pda-cutting-spreading-CoNa3deZ.js                            59.79 kB │ gzip:  14.36 kB
dist/assets/wls-accessory-receipts-DjyCciRh.js                           60.15 kB │ gzip:  15.57 kB
dist/assets/factory-profile-H6vvEFa0.js                                  61.17 kB │ gzip:  14.03 kB
dist/assets/pda-settlement-DFB12hHj.js                                   61.99 kB │ gzip:  14.38 kB
dist/assets/pickup-management-list-DYEBrtqu.js                           63.34 kB │ gzip:  17.88 kB
dist/assets/cutting-6RcE_pvD.js                                          64.51 kB │ gzip:  13.69 kB
dist/assets/progress-handover-LYfBryFf.js                                65.61 kB │ gzip:  14.30 kB
dist/assets/pcs-channel-products-zaKbJ9Bl.js                             66.90 kB │ gzip:  22.23 kB
dist/assets/production-object-overview-1Rcfokx5.js                       67.79 kB │ gzip:  14.32 kB
dist/assets/output-documents-CJ_neTqh.js                                 68.80 kB │ gzip:  23.79 kB
dist/assets/core-J5UKL6mJ.js                                             69.43 kB │ gzip:  13.12 kB
dist/assets/cutting-daily-production-report-CsxE20G5.js                  69.91 kB │ gzip:  19.81 kB
dist/assets/pda-exec-CuogyduJ.js                                         70.05 kB │ gzip:  16.32 kB
dist/assets/context-D5ip0brt.js                                          70.19 kB │ gzip:  21.60 kB
dist/assets/production-object-overview-CnCBs3dK.js                       71.90 kB │ gzip:  16.79 kB
dist/assets/progress-exceptions-e2RqnMpn.js                              72.17 kB │ gzip:  14.02 kB
dist/assets/qc-records-D-1crk61.js                                       72.92 kB │ gzip:  16.69 kB
dist/assets/pcs-product-archives-CM0M2j6Y.js                             73.32 kB │ gzip:  24.50 kB
dist/assets/pcs-engineering-tasks-Dj-tWpXo.js                            73.34 kB │ gzip:  17.55 kB
dist/assets/pcs-sample-management-CT4sCyzJ.js                            74.25 kB │ gzip:  18.47 kB
dist/assets/factory-onboarding-W7JoGPHd.js                               75.30 kB │ gzip:  12.70 kB
dist/assets/sewing-dispatch-BYv6Bdt6.js                                  75.98 kB │ gzip:  19.97 kB
dist/assets/orders-domain-D2KIPPOV.js                                    76.35 kB │ gzip:  16.91 kB
dist/assets/dialogs-CEbFIwDm.js                                          76.54 kB │ gzip:  18.96 kB
dist/assets/settlement-rNZiJRCp.js                                       76.71 kB │ gzip:  12.04 kB
dist/assets/runtime-projections-C5xdMC4C.js                              78.06 kB │ gzip:  18.45 kB
dist/assets/process-action-writeback-service-DK6jgbE7.js                 78.29 kB │ gzip:  17.93 kB
dist/assets/transfer-bags-tG2kTupo.js                                    80.42 kB │ gzip:  20.98 kB
dist/assets/production-progress-CaeRaVUn.js                              82.47 kB │ gzip:  21.09 kB
dist/assets/routes-fcs-BxKOtR8I.js                                       83.06 kB │ gzip:  15.64 kB
dist/assets/cut-piece-release-u55-Ef-n.js                                85.26 kB │ gzip:  25.88 kB
dist/assets/production-CZHEbp0X.js                                       85.38 kB │ gzip:  18.50 kB
dist/assets/pda-handover-detail-BOwvOvQ1.js                              85.49 kB │ gzip:  21.52 kB
dist/assets/pda-warehouse-wait-process-Bs93su9K.js                       89.22 kB │ gzip:  21.87 kB
dist/assets/wait-handover-actions-CYEXSOir.js                            90.10 kB │ gzip:  23.01 kB
dist/assets/events-CXKDMtlY.js                                           90.52 kB │ gzip:  22.37 kB
dist/assets/factory-onboarding-flow-BiiF5Yiu.js                          90.64 kB │ gzip:  23.34 kB
dist/assets/production-tech-pack-change-domain-BDUh27yx.js               91.44 kB │ gzip:  24.08 kB
dist/assets/dispatch-BK6Um9y1.js                                         92.70 kB │ gzip:  28.26 kB
dist/assets/cut-orders-BsAb7ZnH.js                                       96.50 kB │ gzip:  25.12 kB
dist/assets/cut-piece-release-C9JPzIrg.js                               101.46 kB │ gzip:  26.77 kB
dist/assets/post-finishing-full-flow-BjSAh0VF.js                        105.33 kB │ gzip:  27.31 kB
dist/assets/index-Dxlo93hl.js                                           109.46 kB │ gzip:  39.85 kB
dist/assets/pcs-material-archive-detail-CPCG8t_0.js                     110.85 kB │ gzip:  36.86 kB
dist/assets/pcs-independent-sampling-Bordeq87.js                        112.27 kB │ gzip:  31.04 kB
dist/assets/transfer-bag-return-model-bhNZYHcR.js                       115.43 kB │ gzip:  27.31 kB
dist/assets/supplement-management-C16oMik5.js                           115.81 kB │ gzip:  30.87 kB
dist/assets/statements-V8_qThXY.js                                      121.34 kB │ gzip:  25.19 kB
dist/assets/events-RxzYpnI0.js                                          122.94 kB │ gzip:  31.87 kB
dist/assets/unified-dispatch-workbench-Xl5aOrcG.js                      123.68 kB │ gzip:  34.83 kB
dist/assets/tmf-material-purchases-BbiC8gDe.js                          124.74 kB │ gzip:  32.47 kB
dist/assets/special-craft-task-orders-5YJzqH6Y.js                       127.41 kB │ gzip:  33.79 kB
dist/assets/quality-deduction-repository-DrTiCLK-.js                    136.80 kB │ gzip:  26.67 kB
dist/assets/generated-fei-tickets-DMfUtrBQ.js                           143.06 kB │ gzip:  36.23 kB
dist/assets/warehouse-hub-CAqs9kR3.js                                   143.24 kB │ gzip:  36.36 kB
dist/assets/production-timeliness-Vff-2v5T.js                           143.73 kB │ gzip:  47.55 kB
dist/assets/preparation-timing-Ch56ZTrN.js                              146.62 kB │ gzip:  34.66 kB
dist/assets/marker-plan-NAgLMb-h.js                                     152.61 kB │ gzip:  36.43 kB
dist/assets/marker-spreading-DVO-9IAm.js                                156.43 kB │ gzip:  38.64 kB
dist/assets/return-inbound-DTtonG-t.js                                  162.41 kB │ gzip:  28.13 kB
dist/assets/app-shared-Ce0GdlNc.js                                      163.18 kB │ gzip:  40.36 kB
dist/assets/transfer-bag-operations-BnpZW5PS.js                         179.09 kB │ gzip:  44.60 kB
dist/assets/fei-tickets-p0z-xQwp.js                                     185.89 kB │ gzip:  41.23 kB
dist/assets/print-template-registry-BezPK6ZC.js                         200.00 kB │ gzip:  50.91 kB
dist/assets/pcs-pattern-library-Bcj-i2Pz.js                             205.34 kB │ gzip:  45.56 kB
dist/assets/index--GzcKvNw.js                                           210.12 kB │ gzip:  66.49 kB
dist/assets/index-BYAkae0c.js                                           224.64 kB │ gzip:  49.60 kB
dist/assets/pda-exec-detail-ip5jE4Hq.js                                 250.30 kB │ gzip:  58.44 kB
dist/assets/process-tasks-CFWB9m3M.js                                   275.17 kB │ gzip:  76.45 kB
dist/assets/process-domain-BR3vXEwd.js                                  275.82 kB │ gzip:  60.70 kB
dist/assets/production-orders-BFg3RxCP.js                               488.92 kB │ gzip:  47.17 kB
dist/assets/pda-AOwprmr-.js                                             505.21 kB │ gzip:  83.25 kB
dist/assets/pcs-tech-pack-review-BnQ_wV5r.js                            704.23 kB │ gzip: 190.85 kB
dist/assets/material-ledger-CVR4zVCv.js                                 863.52 kB │ gzip: 219.38 kB
dist/assets/production-source-shared-Bj4b3XYm.js                      1,899.17 kB │ gzip: 216.72 kB

(!) Some chunks are larger than 550 kB after minification. Consider:
- Using dynamic import() to code-split the application
- Use build.rollupOptions.output.manualChunks to improve chunking: https://rollupjs.org/configuration-options/#output-manualchunks
- Adjust chunk size limit for this warning via build.chunkSizeWarningLimit.
✓ built in 11.85s
