
> higoods-vanilla-clone@1.0.0 build
> npm run typecheck:engineering && npm test && vite build


> higoods-vanilla-clone@1.0.0 typecheck:engineering
> npm run typecheck:entrypoints && npm run typecheck:scopes


> higoods-vanilla-clone@1.0.0 typecheck:entrypoints
> tsc --project tsconfig.engineering.json


> higoods-vanilla-clone@1.0.0 typecheck:scopes
> node scripts/check-typescript-scope.mjs src/domain/ src/components/ui/ src/state/

TypeScript 全量既有错误：3
本次渐进检查范围：src/domain/、src/components/ui/、src/state/
范围内错误：0
范围外既有错误保留在全量 typecheck 中继续分批治理。

> higoods-vanilla-clone@1.0.0 test
> npm run test:unit


> higoods-vanilla-clone@1.0.0 test:unit
> node --import tsx --test tests/unit/*.test.ts

✔ 浏览器存储封装保持读写删除语义 (0.403042ms)
✔ 浏览器存储不可用或抛错时保持静默降级 (0.083125ms)
✔ ISO与旧本地文本按实际时刻排序，不按空格与T字典排序 (2.793584ms)
✔ 同一时刻不同时间表达仍按账本序号和稳定ID防重复 (7.870917ms)
✔ 整组同分钟含低精度记录时，唯一可靠顺序形成稳定全序，不按成对条件切换 (0.564041ms)
✔ 全部精确时刻仍按秒排序，跨分钟不会被新账本号倒置 (0.078084ms)
✔ 缺少或重复账本顺序不恢复低精度秒数，沿用原时刻规则 (0.079209ms)
✔ 共享生命周期在同分钟旧入仓后允许交出，并保留原周期和事实 (0.453042ms)
✔ 同分钟物理回收之后报废按真实顺序生效，不被周期边界副本或秒数重排 (0.327833ms)
✔ 同步动作反复读同一账本只转换一次，副本可修改，写后/下一动作/异常退出仍独立重读 (1.401833ms)
(node:78681) ExperimentalWarning: localStorage is not available because --localstorage-file was not provided.
(Use `node --trace-warnings ...` to show where the warning was created)
✔ 共享分配门禁拒绝同SKU错色码或错生产单身份 (27.171292ms)
✔ 共享保存拒绝重复借同格，空身份与非法数量 (47.482292ms)
(node:78682) ExperimentalWarning: localStorage is not available because --localstorage-file was not provided.
(Use `node --trace-warnings ...` to show where the warning was created)
✔ N 道只按最终逐票实收，不累计道数或非最终回仓 (1.46675ms)
✔ 末道独有回仓、错票、错工厂、逆序回仓均不得计齐套 (0.1775ms)
✔ 真实厂间完成事实只证明前道，末道仍以实际裁床回仓为准 (0.177042ms)
✔ 前道非法实收不能被加工完成标记绕过 (0.097417ms)
✔ 实际已分配厂取代票上默认厂，多家未确认不猜厂，打印票保持原样 (0.509875ms)
✔ 直转前道须有明确工艺身份完成，最终回仓受前道实物上限约束 (0.091ms)
✔ 零量点收保留凭据；整票不可用和未知资料不贡献 (0.104ms)
✔ 普通未装袋票不进放行，但既有简易交出可保持；正常换袋去重 (0.132541ms)
✔ 装袋同ID错票号、超原票或无效票面不提供可交实物 (0.075ms)
✔ 逐票工艺实收保留真实业务回仓号、来源交出号及仓区库位 (0.12375ms)
✔ 旧实收缺加工完成依据保留实物，但不计最终齐套且明确待核对 (0.108792ms)
(node:78683) ExperimentalWarning: localStorage is not available because --localstorage-file was not provided.
(Use `node --trace-warnings ...` to show where the warning was created)
✔ 冻结原票的真实仓库实收继续更新；冻结后新票进晚到队列，不冒充原产出 (6.942958ms)
✔ 放行备份/读回安全整数与逐格合计，正常零不变成未确认 (0.772083ms)
✔ 无效整票追溯与未知collection不能借备份写入 (0.084167ms)
(node:78685) ExperimentalWarning: localStorage is not available because --localstorage-file was not provided.
(Use `node --trace-warnings ...` to show where the warning was created)
✔ 列表只读余量查询满足正整数身份门禁，K100/A205显示当前风险105、占用0及余量205 (41.050625ms)
✔ 裁片放行保留唯一菜单键和地址，归属裁床仓库管理 (0.162292ms)
✔ 字母与数值尺码升序，自定义尺码保留配置顺序 (0.503083ms)
✔ 非法数量和空白保持非法，不夹取或四舍五入成另一个有效量 (0.09175ms)
✔ 目标确认待保存及整票原因也受离开提醒保护，已保存目标和空白原因不误提醒 (0.133333ms)
✔ 本页导航、补料、系统与当前页签退出统一提醒，关闭其他页签和折叠菜单不误提醒 (0.139125ms)
✔ 未知自定义尺码在目标和放行矩阵明确提示待核对且保留原序，标准尺码不出现提示 (6.457083ms)
✔ 未确认与确认零放行分开，零放行不回退成目标281件 (0.116125ms)
✔ 尚未确认且齐套未知时，确认汇总中的K和R均显示待核对而非零 (2.044959ms)
✔ 目标与放行渲染为相同颜色行、尺码升序列，缺失SKU格保持不可编辑 (2.87225ms)
✔ 逐票详情保留最终回仓实收、完整顺序、袋周期、成衣色与面料色以及差异 (0.468375ms)
✔ 侧栏逐道显示真实交出单、回仓业务号和库位，记录编号放在展开依据中 (0.358041ms)
✔ 加工完成未回仓仍显示未最终回仓，未知工艺不展示普通免工艺依据 (0.200416ms)
✔ 真实前道直转投影接入侧栏，末道实收80显示已最终回仓 (0.437ms)
✔ 跨工厂直转前道不必回裁床，最终实收80片显示已最终回仓 (0.145292ms)
✔ 最终实际点收0片保留完成事实，不显示待加工或待回仓 (0.128042ms)
✔ 历史实收有原始回仓数量但缺加工完成依据，明细保留实收且暂不计齐套 (0.150791ms)
✔ 整票更正确认同时展示票袋工艺放行分配及保留历史责任 (6.844209ms)
✔ 整票登记保存携带打开详情时的版本，旧页面不会改用后来读到的版本 (0.666417ms)
✔ 文案采用短句，目标和放行保留操作边界，整票确认保留实际后果 (14.868042ms)
✔ 具名静态演示材料使用既有真实图片，三道工艺仅按最终回仓计入 (1.462542ms)
✔ 示例内部身份只在追溯展开中显示，真实票号完整保留且确认仍显示实际影响 (16.042375ms)
✔ 真实生成的工艺记录内部UUID只在展开中显示，不替换真实业务号 (4.758ms)
✔ PAGE-008 每张静态放行记录绑定对应款式实图，列表与款号同格并保留大图动作 (39.714875ms)
✔ PAGE-008 每个静态示例的必需物料均绑定对应实物图，资料缺失示例也保留图片 (2.362125ms)
✔ 仓库轻量事件入口保留原库位维护委派，其他业务动作沿用仓库处理器 (0.496291ms)
(node:78686) ExperimentalWarning: localStorage is not available because --localstorage-file was not provided.
(Use `node --trace-warnings ...` to show where the warning was created)
✔ 同次批量袋读取与逐袋严格结果一致，最新实收更正重新计算且不改原事实 (189.290166ms)
✔ 带袋同一秒连续逐票更正有独立事实，同一更正重试只保存一次 (28.44125ms)
✔ 无袋同一秒连续逐票更正有独立事实，同一更正重试只保存一次 (16.251667ms)
✔ 保留历史换袋确认按真实来源入仓先后匹配，ISO与本地文本不丢来源库位 (4.958625ms)
✔ 特殊工艺实回库位从原票快照读取生产单，零实收票不冒充当前库存关联 (25.416ms)
✔ PDA实际入仓入口保留默认时间秒与时区，同一分钟交出后可逐票回仓 (4.828458ms)
✔ PDA实回页按第二张菲票自身当前阶段和实际交出数量显示应回数量 (16.913416ms)
✔ 无袋实收10更正9扣库存差额，重新装袋或实际交出后不反冲其他库存 (33.112209ms)
✔ 明确单道无袋实收9合法实交后更正7保留旧9责任与真实接收厂 (34.827042ms)
✔ 整袋候选与提交共享未知来源、未知必要工艺及整票不可用阻断，caller不能给空事件绕过 (56.612625ms)
✔ 连续工艺具名示例仅提供真实技术包两条未分配任务，不写事实或覆盖旧任务 (4.465958ms)
✔ 不同菲票的同一实际有序工艺链可同袋，链身份不使用每票阶段ID (0.354125ms)
✔ 同链两张菲票保留各自阶段身份并分别实收，不把第二票当第一票工艺 (4.308292ms)
✔ 连续工艺直接由实际持有厂转交下道，前道完成与最后回仓分开记账 (5.75225ms)
✔ 同袋两票连续转交按每票前道和下道身份核对，最后分别回仓 (10.964ms)
✔ 实际任务绑定明确匹配技术包部位工艺、色码、目标对象和当前分配，不采用默认厂 (0.289166ms)
✔ 特殊工艺交出只能读取原票当前阶段与唯一实际承接任务 (0.408083ms)
✔ ISO来源交出后同一分钟实际回仓保留秒与时区，不被文本格式判为早于来源 (15.5425ms)
✔ 逐票实收分别计数，更正库存仅按差额且保留原票 (11.579541ms)
✔ 未核对加工完成不得保存；历史完成未知保留实收P而不能冒充齐套 (4.111958ms)
✔ 缺逐票确认、空白、小数、超量与未说明差异都不写入 (4.103584ms)
✔ 明确零量点收保留事实，但不生成库存或后道实物 (8.428542ms)
✔ 按身份与顺序分袋，普通和不同工艺链被阻断 (0.113333ms)
✔ 无袋按票独立点收，不能重复新增或回到其他裁床工厂 (4.838333ms)
✔ 多道工艺分别保留同票阶段实收，末道不会累加前道数量 (17.389208ms)
✔ 100片已经交出后更正为90片只改依据，保留原实交责任且不反冲库存 (22.837167ms)
✔ 同一分钟旧入仓分钟时间晚于精确装袋账本，不退回已装袋状态 (0.914709ms)
✔ 正常入仓默认保留完整时刻，同分钟装袋后入仓可继续交出 (1.526833ms)
✔ 实际带袋回仓入口保留ISO秒和时区，不先截断成旧本地分钟 (3.830459ms)
✔ 实际无袋回仓入口保留ISO秒和时区，不先截断成旧本地分钟 (3.305083ms)
✔ 实际空袋回仓入口保留ISO秒和时区，不先截断成旧本地分钟 (6.154834ms)
✔ 当前仓库逐票库存：交到工艺厂为0，最终实收3/0只保留一行，更正不复活原5片 (8.06175ms)
✔ 仓库无袋逐票实收：先回一票3片，另票仍在厂；零量实收保留真实库位且只有一行 (6.979583ms)
✔ 无袋回仓先更正2片再重装，后续更正1片不改当前2片，数量冲突待核对 (5.184833ms)
✔ 仓库兼容来源冲突保留实际袋数量，状态待核对而不可分配 (3.751417ms)
✔ 末道无袋已实收3片后更正已被消费的前道，不遮蔽末道当前库存或库位 (5.8755ms)
✔ 最终回仓裁片尚未分配车缝任务，仍按当前实收展示可分配库存，不误判来源冲突 (5.87925ms)
✔ 初始演示订单正常新增装袋手动票进入当前正式放行，保留原目标与放行且不混入PDA变体物料 (633.57675ms)
✔ 旧存储 getter 不可读时，后道演示开关不阻断裁床依赖模块导入 (265.574792ms)
✔ 裁床工艺来源读取不初始化未迁移的全厂接收需求，原工艺厂读取仍保护旧源 (493.692208ms)
✔ 先读裁床来源再进入工艺厂，任务身份与需求数量一致且仓库记录可正常生成 (570.298166ms)
✔ 已准备任务来源后，任务单预览不加载无关工艺厂接收来源 (734.079667ms)
(node:78688) ExperimentalWarning: localStorage is not available because --localstorage-file was not provided.
(Use `node --trace-warnings ...` to show where the warning was created)
✔ 独立裁剪整任务改派保留数量和执行历史，旧有效分配失效，新范围唯一 (56.12125ms)
✔ 裁床改派回原工厂且回填同一业务日期，不复用旧票范围；普通审计不改身份 (0.134042ms)
(node:78690) ExperimentalWarning: localStorage is not available because --localstorage-file was not provided.
(Use `node --trace-warnings ...` to show where the warning was created)
✔ 交出列表省略详情路线读取时保留全部输出字段 (288.059834ms)
(node:78691) ExperimentalWarning: localStorage is not available because --localstorage-file was not provided.
(Use `node --trace-warnings ...` to show where the warning was created)
✔ MIG-001/002/006: management entry and handlers belong to FCS; PFOS keeps execution (3.365916ms)
✔ MIG-003/007: prep and execution read the same early order identities, quantities and match status (549.32375ms)
✔ MIG-004/009: migrated dialogs retain candidate fields, actual material image and task outputs (1.97925ms)
✔ MIG-011: management and execution use the same seven business display columns (9.646834ms)
✔ MIG-007: early dye/print creation and cancellation survive reload (2175.989166ms)
✔ BOM working-copy write failure preserves prior state; retry succeeds (147.559ms)
✔ existing production preparation data does not trigger demo writes on entry (1476.664625ms)
✔ rollback of an unchanged saved BOM does not perform another failing write (21.995417ms)
✔ BOM dictionary preserves old JSON and all snapshot values without mutating input (5.650375ms)
✔ BOM dictionary rejects missing references instead of replacing data silently (0.214667ms)
(node:78697) ExperimentalWarning: localStorage is not available because --localstorage-file was not provided.
(Use `node --trace-warnings ...` to show where the warning was created)
✔ PDA顶栏计数与实际完整待办相同，覆盖各任务工厂及管理员/员工角色 (1704.805667ms)
✔ 解析带标签、小数和空格的长度数量 (0.881291ms)
✔ 解析卷数并对不合法文本返回 0 (0.2225ms)
✔ 证据文件标识把连续空白收口为单个连字符 (0.359834ms)
(node:78700) ExperimentalWarning: localStorage is not available because --localstorage-file was not provided.
(Use `node --trace-warnings ...` to show where the warning was created)
✔ 设计改款可成批生成染色和印花加工单，且完整投影来源与上下游 (952.555375ms)
✔ 设计改款加工单生成幂等，重复请求不增加单据 (38.476875ms)
✔ 同一设计改款任务的不同颜色和 BOM 行分别生成加工单 (49.466792ms)
✔ 成批提交失败时染色与印花加工单一起回滚 (16.383791ms)
✔ 设计改款来源缺关键引用或来源未知时必须阻断 (0.274209ms)
(node:78701) ExperimentalWarning: localStorage is not available because --localstorage-file was not provided.
(Use `node --trace-warnings ...` to show where the warning was created)
✔ 设计改款染后印花必须先分配印花厂，染色交出不能误送中央工厂 (247.596167ms)
✔ 仅染与仅印分别创建一张加工单和一条仓库首道调拨计划 (16.283458ms)
✔ 辅料染色单创建后已有辅料仓调拨计划，分厂时自动落实原单但不冒充实发 (12.371375ms)
✔ 历史双工艺加工单仍可追溯原有染印交接 (425.473458ms)
✔ 先染后印目标 SKU 创建两段加工单，印花只接收本行染后物料而不能跳过染色 (1371.832583ms)
✔ 单独印花 SKU 从仓库发印厂并完成样衣归档 (1481.702ms)
✔ 印花实际交出生成中央工厂待接收原单，实收回写原交接并允许完成加工单 (460.234542ms)
✔ 专业成果没有真实附件时保持未绑定 (8.526459ms)
(node:78704) ExperimentalWarning: localStorage is not available because --localstorage-file was not provided.
(Use `node --trace-warnings ...` to show where the warning was created)
✔ 可打印不等于可建交出单，必须完成真实标签打印 (0.449ms)
✔ 卷规格无效时不可建交出单，且不改变原可打印判定语义 (0.066292ms)
✔ 人工完成印花加工单不再自动填充操作人 (184.933667ms)
(node:78707) ExperimentalWarning: localStorage is not available because --localstorage-file was not provided.
(Use `node --trace-warnings ...` to show where the warning was created)
✔ 非 KOL PDA 导入不生成 KOL 领交料；首次 KOL 访问生成完整且幂等的演示记录 (211.565542ms)
✔ PDA 单任务读取保持普通任务、测试工厂与 KOL 任务内容和查找优先级 (1.464458ms)
(node:78708) ExperimentalWarning: localStorage is not available because --localstorage-file was not provided.
(Use `node --trace-warnings ...` to show where the warning was created)
✔ 实际唛架重复相同来源只建一次，票身份按该单颜色尺码和技术包部位定位 (0.505667ms)
✔ 重复ID不同内容不得覆盖；不同部位实例和尺寸不得合并 (0.233958ms)
✔ 跨单、错颜色、错物料、错部位和错误每件片数均阻断 (0.098375ms)
✔ 真实手动无铺布层序票可读且免层序编号，普通缺区间和伪手动来源仍阻断 (26.040625ms)
✔ 主料唛架只展开其明确部位，拼接料和口袋布各自保留，不猜未知映射 (10.324708ms)
(node:78710) ExperimentalWarning: localStorage is not available because --localstorage-file was not provided.
(Use `node --trace-warnings ...` to show where the warning was created)
✔ 可编辑的演示唛架保存后优先读取用户记录，刷新不恢复原备注和状态 (365.127792ms)
✔ 日报窗口含截止日7天，重点日均独立使用前6天 (0.874208ms)
✔ 未知采购不填0，未BOM不输出完整确定订单需求 (0.131208ms)
✔ 突变必须绝对量与比例同时达到阈值 (0.063584ms)
✔ 截止日突变示例与未完结日不判定 (0.055917ms)
✔ 共享商品按SPU去重而不按关联行累加销量 (0.096ms)
✔ 预选不产生确定用料；BOM需求保留物料归属 (0.146791ms)
✔ 同料BOM优先于预选，不重复关系及需量 (0.069ms)
✔ 两个业务页具有独立容器、标准分页与证据边界 (16.912375ms)
✔ 未进入物料页面时 bridge 不加载业务；加载失败重试后首次渲染即已注册 (4.924041ms)
✔ click 分组顺序、短路、选择器范围保持原行为，重新注册替换旧处理器 (0.536708ms)
✔ 备料写入守卫读取实时角色与水位，阻断时不调用业务处理器 (0.310792ms)
✔ input/change/keyboard 原入口、筛选范围和 change 优先级完整保留 (0.298375ms)
✔ health groups are exhaustive and mutually exclusive in demo (0.846042ms)
✔ coverage and baseline use same inventory plus transit but distinct demand windows (0.072458ms)
✔ zero demand is unavailable rather than infinity and huge finite quotient stays finite (0.090542ms)
✔ date selects different consistent snapshot (0.082666ms)
✔ threshold changes alter classification without changing facts (0.063708ms)
✔ health view carries core P1 business sections and mock caveat (17.63175ms)
✔ AT16 rules do not substitute brand, size or packaging method (0.4265ms)
✔ AT24 equal priority conflict blocks resolution and identifies rules (0.346333ms)
✔ higher explicit priority resolves a lower priority overlap (0.053334ms)
✔ plans distinguish garments and parcels and add loss once (0.1415ms)
✔ AT18 white pendant stock only allocated once (0.267083ms)
✔ event duplicate and old revision do not add consumption; reprints are activity only (0.258ms)
✔ conflicting same revision fails instead of silently choosing a payload (0.119125ms)
✔ AT17/19/20 panel states unresolved ASAYA, independent kit80 and unknown ribbon (0.48775ms)
✔ trigger distinct from target, existing supply produces explainable zero (0.68175ms)
✔ missing mapping or usage and incompatible raw unit block unsafe generation (0.192167ms)
✔ generation reserves remaining once and shared raw pool across target rules (1.003542ms)
✔ production does not increase stock; actual SKU and output bound partial receipts (0.144417ms)
✔ cancelled suggestion releases commitment and raw allocation (0.070125ms)
✔ AT05 committed greige is not available for a second allocation (0.878375ms)
✔ AT06 partial receipt reduces expected supply; checking and qualified never duplicate (0.590334ms)
✔ AT07 unmapped target preserves quantities but gives no target coverage (0.16375ms)
✔ §7.2 loss reduces future supply; rejected receipts never become usable (0.105875ms)
✔ §7.3 unit/yield/route and conservation gaps block deterministic supply (0.184917ms)
✔ §7.3 candidate comparison reports remaining shortage and respects arrival deadline (0.2305ms)
✔ §7.3 zero gap stays zero and nonfinite inputs cannot produce advice (0.094125ms)
✔ panel uses owned local handlers and discloses mock and missing images (1.967375ms)
✔ P2 coefficients and coverage exclude transit (9.155917ms)
✔ P2 coverage buckets have exclusive shared boundaries (0.519916ms)
✔ P2 partial receipts and completed batches count remaining only (0.06275ms)
✔ P2 latest overdue selected only if no future batch; today included (0.057541ms)
✔ P2 search transit and ETA filters compose (0.131708ms)
✔ P2 zero demand and missing BOM preserve distinct nulls; micro demand excluded (0.070417ms)
✔ P2 standard table renders and limits initial rows to first page (6.702292ms)
✔ AT01/02 internal reservation stays in coverage while external reservation is deducted (10.412542ms)
✔ AT03 quality segments are not usable (0.141292ms)
✔ AT04 partial receipt leaves remaining supply only (0.169167ms)
✔ AT08/38 late supply never erases earlier shortage (0.143041ms)
✔ AT09 intermediate deficit determines net need rather than positive closing balance (0.117875ms)
✔ AT10 MOQ and pack rounding, zero stays zero (0.1015ms)
✔ AT11 horizon begins at cutoff and is not expanded by lead time (0.148834ms)
✔ AT12 forecast covered by confirmed demand is excluded before coefficient (0.116458ms)
✔ AT13 no demand has no numeric coverage (0.101833ms)
✔ AT14 cancelling demand does not change stock (0.158834ms)
✔ AT15 latest event revision only (0.393417ms)
✔ AT16/17 directory preserves bag sizes and ASAYA duplicated input is one unresolved SKU (0.14675ms)
✔ AT18 three brands draw from one shared pool (0.179917ms)
✔ AT19/20 kit capacity respects minimum and missing conversion (0.085209ms)
✔ AT21 inactive/unusable stock remains physically visible (0.119875ms)
✔ AT23 affected order identifiers are unique (0.104125ms)
✔ AT25/26 draft does not mutate active and invalidates trial (0.073125ms)
✔ AT26/28 publish requires role and exact trial; history retained (0.178167ms)
✔ AT31 risk cannot close with remaining shortage or skip verification (0.183209ms)
✔ AT37 invalid dates, unknown timezone, bad numeric values rejected (0.107709ms)
✔ duplicate supply chain does not double count and blocks deterministic advice (0.092875ms)
✔ warehouse catalogue includes 17 locations and two garment warehouses (0.040958ms)
✔ candidate comparison retains pre-arrival risk (0.276083ms)
✔ SKU-specific policy wins and duplicate rules block publish (0.122333ms)
(node:78719) ExperimentalWarning: localStorage is not available because --localstorage-file was not provided.
(Use `node --trace-warnings ...` to show where the warning was created)
✔ 逐票与逐打印任务保持原结构，变更一条只保存一条 (2.1965ms)
✔ 草稿按原映射键保存；手工票与操作记录分离，删除票保留审计 (0.500875ms)
✔ 拒绝损坏JSON且不冒充空数据 (0.255625ms)
✔ 拒绝空字符串且不冒充空数据 (0.1075ms)
✔ 拒绝错误根且不冒充空数据 (0.092916ms)
✔ 拒绝重复票号身份且不冒充空数据 (0.098292ms)
✔ 拒绝缺少票号且不冒充空数据 (0.091708ms)
✔ 拒绝错误状态且不冒充空数据 (0.089208ms)
✔ 拒绝打印关联缺失且不冒充空数据 (0.096ms)
✔ 拒绝草稿身份缺失且不冒充空数据 (0.154625ms)
✔ 拒绝手工日志缺失且不冒充空数据 (0.093209ms)
✔ 拒绝手工二维码缺失且不冒充空数据 (0.077333ms)
✔ 已保存实体与备份身份校验，不接受伪造集合或迁移元数据 (0.7795ms)
✔ 袋账派生绑定锁，无需持久化派生票快照；关闭周转解除旧快照锁 (379.902291ms)
✔ 唛架来源和铺布单逐实体保存，保留卷明细、层序及来源引用 (0.195083ms)
✔ 指定保存对象不复制重复静态唛架，也不覆盖其他已保存铺布单 (0.205584ms)
✔ 旧袋账按实体保留绑定与历史，局部动作不复制静态袋档案 (0.288667ms)
✔ 专用打印来源保留原票身份、数量、状态、袋锁及打印对象，不查询全量PDA与库存摘要 (7704.696333ms)
✔ 实际输出首打保持原身份与数量；动态与普通来源均可打印，失效来源阻断，重复首打不新增 (103.759625ms)
✔ 唛架引用读取失败明确阻断，不将迁移或读取错误伪装成空铺布来源 (1.938833ms)
✔ 用户唛架方案逐ID迁移保留床次和占用，修改一张不重写其它方案 (0.430084ms)
✔ PDA及手工票专用唛架定义与原完整投影等价，保留床次、数量和可铺布资格 (499.349625ms)
✔ 裁床配料按真实生产单范围读取与全量结果逐字段相等，保留库存、领取、状态与任务链接 (420.613458ms)
✔ PDA铺布目标直接携带真实已保存铺布单的裁床与负责人，不另算整套列表 (350.910666ms)
✔ 铺布投影复用唛架定义仍保留已保存session的卷明细、裁床、负责人和实际裁剪数量 (385.3885ms)
✔ 路由标准化移除 query 与 hash，但不改动路径 (0.348667ms)
✔ 只匹配路由根或其子路径，不误匹配相似前缀 (0.698875ms)
✔ 可在多个合法根路径中匹配一个 (0.186708ms)
✔ 只把完整生产确认单打印路由识别为命中 (0.206917ms)
✔ 专业任务必须全部有效明细通过且保留成果与审核事实 (0.569583ms)
✔ 纸样名称或物料关联不能替代可读取原文件 (12.736167ms)
(node:78722) ExperimentalWarning: localStorage is not available because --localstorage-file was not provided.
(Use `node --trace-warnings ...` to show where the warning was created)
✔ 目标 SKU 的四种加工组合、前序实物和 BOM Q 均按已建档字段读取 (1.442ms)
✔ 整单总量口径保存后仍按一次总量计算，不被样衣件数重复放大 (1361.111542ms)
✔ 一张设计改款 BOM 同时有 Yard 面料和 PCS 辅料时，各行独立计量且辅料无需加工调拨 (51.383208ms)
✔ 复用既有纸样与参照 BOM 的无印染任务可直接提交样衣并自动完成；复制只生成草稿 (1099.713708ms)
✔ 批量复制保留物料、费用和样衣安排为独立可编辑草稿，不生成工作 (101.954459ms)
✔ 单页创建同时保存物料、费用与样衣要求；失败不留下空任务 (57.501541ms)
✔ 加工按物料行及实际阶段执行：纯染行与先染后印行独立串联 (189.20525ms)
✔ 旧设计任务移除线下工作和依赖，保留加工单身份、样衣成果及原始输入 (1186.676959ms)
✔ 任务汇总排除未启用，待前置只列出未完成依赖，关闭单不继续催办 (1.580375ms)
✔ 筛选覆盖关键词、状态、跟单、待办、类型、团队和日期边界，统计范围一致 (0.290959ms)
✔ CSV包含全部匹配行和任务责任计划，不含操作列，特殊文字正确转义 (0.465209ms)
✔ 生产准备必须读取测款最终通过事实，保存时重新校验且失败不生成主单 (1213.198208ms)
✔ PATTERN_ARTWORK 多明细全部有效项通过才完成，同SKU不同要求不合并 (0.463125ms)
✔ COLOR_FABRIC 多明细全部有效项通过才完成，同SKU不同要求不合并 (0.06525ms)
✔ COLOR_YARN 多明细全部有效项通过才完成，同SKU不同要求不合并 (0.059ms)
✔ 多辅料分单覆盖，第一张下单不足以完成，失效单不能提供覆盖 (0.207208ms)
✔ 专业列表业务字段查询与责任、来源、计划边界组合，未登记计划不误入日期结果 (0.713125ms)
(node:78728) ExperimentalWarning: localStorage is not available because --localstorage-file was not provided.
(Use `node --trace-warnings ...` to show where the warning was created)
✔ targeted PCS baseline reads return independent records without cloning unrelated collections (168.611875ms)
✔ PCS 前插多个新记录保留全部既有位置，重复保存不产生位置变化 (2.850834ms)
✔ PCS 单条置顶、居中插入、删除保持实际顺序且不移动其余记录 (0.238875ms)
✔ PCS 图片按款号和颜色固定，尺码不改变照片，未知对象没有随机图片 (1.447917ms)
✔ 历史 Mock 只替换登记的旧图，保留用户图片及未知款式 (0.77525ms)
✔ 后道 QC 来源 SKU 保留原身份和数量，五种颜色分别绑定对应实拍 (0.202834ms)
✔ 后道历史快照只迁移准确 SKU 的旧示意图，质检数量与用户图不变 (0.236708ms)
(node:78731) ExperimentalWarning: localStorage is not available because --localstorage-file was not provided.
(Use `node --trace-warnings ...` to show where the warning was created)
✔ SAMPLE-FIX-01–05/11: actual request→reserve→approve→pickup→return→receipt; stable own IDs and detached reads (863.245084ms)
✔ SAMPLE-FIX-03/05: all invalid input blocks writes; cancellation/rejection frees only own reservation (440.09925ms)
✔ SAMPLE-FIX-08/09/11: cases and stocktake persist independently, cannot execute twice or masquerade as adjustment (485.836542ms)
(node:78732) ExperimentalWarning: localStorage is not available because --localstorage-file was not provided.
(Use `node --trace-warnings ...` to show where the warning was created)
✔ HG-001/002/004: SKU identity survives duplicate receipts, transfers and repeats; HG resolves SKU (244.504292ms)
✔ HG-005/006/008: printed data and bounded settings; no truncation, images or state writes (0.931708ms)
✔ HG-002/004 regression: older receipt without identities retains its first date; raw SKU is never HG (75.348333ms)
(node:78733) ExperimentalWarning: localStorage is not available because --localstorage-file was not provided.
(Use `node --trace-warnings ...` to show where the warning was created)
✔ SAMP-001–013 Mock: receipt → all SKU tags → live/home → production/factory/department/warehouse → marketing, with adversarial gates (1165.355792ms)
(node:78734) ExperimentalWarning: localStorage is not available because --localstorage-file was not provided.
(Use `node --trace-warnings ...` to show where the warning was created)
✔ PDA 列表轻量摘要与详情的归属、数量、物料和下一步一致 (880.922916ms)
(node:78735) ExperimentalWarning: localStorage is not available because --localstorage-file was not provided.
(Use `node --trace-warnings ...` to show where the warning was created)
✔ 按工厂投影不改变全能力、印花、染色、中央与裁片演示账号可见任务 (849.262792ms)
(node:78736) ExperimentalWarning: localStorage is not available because --localstorage-file was not provided.
(Use `node --trace-warnings ...` to show where the warning was created)
✔ 接单工厂范围保留全量投影中本厂每个任务的身份、数量、状态及接单/中标结果 (2248.5435ms)
(node:78737) ExperimentalWarning: localStorage is not available because --localstorage-file was not provided.
(Use `node --trace-warnings ...` to show where the warning was created)
✔ PDA order/task link indexes preserve all full-index candidates without constructing unrelated material rows (597.46425ms)
✔ ordinary sewing direct lookup keeps every field and factory permission from the complete canonical projection (396.900333ms)
✔ runtime sewing overrides and legacy/missing IDs retain the complete projection result (497.224167ms)
✔ one fresh read-only object snapshot preserves readiness, context and unknown references without refreshing per miss (454.704917ms)
✔ PDA handlers wait for part-ticket hydration, and the real detail is not mounted before both dependencies complete (53.14375ms)
✔ ordinary sewing detail leaves unrelated PMS initialization pending until a normal module entry (34.760584ms)
✔ same-navigation sewing preload discovers actual bundle entries and static closure without evaluating modules (55.200875ms)
✔ preview compression includes the same sewing static chunks and retains existing assets without broad lazy-route output (15.921584ms)
(node:78739) ExperimentalWarning: localStorage is not available because --localstorage-file was not provided.
(Use `node --trace-warnings ...` to show where the warning was created)
✔ 中转袋交出与实际入仓使用同一浏览器本地业务时间，不把 UTC 当作本地时间 (1.58625ms)
[PMS_IDB_LOAD_FAILED] { message: '当前浏览器不支持 IndexedDB,PMS 业务数据无法持久化。' }
✔ 物流商新增字段保存回显并写入操作日志 (2.874125ms)
✔ 物流商数字字段非负校验与运输方式枚举校验 (0.252792ms)
✔ 渠道新增字段保存回显，条件计费字段按计费方式保留 (0.406459ms)
✔ 整柜渠道不要求新增计费字段，仍要求四箱型完整配置 (0.133333ms)
✔ 渠道数字字段非负与时效区间校验 (0.123375ms)
✔ 头程批次聚合展示总箱数、总重量、总体积与转运天数 (0.480292ms)
✔ 工序链按保存顺序生效，合法工序集合固定，非法或重复工序被拒 (2.563292ms)
✔ 坯布 SKU 必填，坯布库存为 0 时调拨资格被拒，补足后恢复 (0.677667ms)
✔ 采购单按勾选 SKU 生成明细，数量与枚举非法被拒 (0.361416ms)
✔ 调拨单可选择调出仓库与调入目标，同步生成加工单号链 (0.464125ms)
✔ 批量刷新库存更新全部监控行与刷新时间并写日志 (0.413542ms)
✔ 手动添加监控 SKU 校验 SKU 必填与重复，添加后进入列表 (0.577708ms)
✔ 物料申报扩展字段保存回显，26 项特殊属性按数组保存 (1.7835ms)
✔ 报关扩展：法定第二计量单位与数值，不报关分支跳过必填校验 (0.341458ms)
✔ BOM 业务选项与价格/成本、工厂、布料字段保存回显 (1.294208ms)
✔ 主体经营 9 项成本明细加调整重算总成本，数据缺失提醒可消除 (0.757166ms)
✔ 供应商从草稿到启用遵循状态机，名称唯一 (1.511084ms)
✔ 供货档案包装换算与快照版本 (0.200375ms)
✔ 物料全部有真实图片，采购补充信息可更新且不新增删除 (0.327834ms)
✔ 成衣与样衣 SKU 只读列表数据完整 (0.065375ms)
✔ 仓库同步更新时间，单位字典唯一且不可删除只可启停 (0.273625ms)
✔ BOM 用量可修改，说明可保存，发布后可生成面辅料需求 (1.300083ms)
[PMS_IDB_LOAD_FAILED] { message: '当前浏览器不支持 IndexedDB,PMS 业务数据无法持久化。' }
[PMS_IDB_UNAVAILABLE] put 跳过,数据仅保留在内存 { store: 'pmsMaterialPurchaseOrderDeltas', key: 'CGF-2026-0005' }
[PMS_IDB_UNAVAILABLE] put 跳过,数据仅保留在内存 { store: 'pmsMaterialPurchaseOrderDeltas', key: 'CGF-2026-0001' }
[PMS_IDB_UNAVAILABLE] put 跳过,数据仅保留在内存 { store: 'pmsMaterialPurchaseOrderDeltas', key: 'CGF-2026-0007' }
✔ 面辅料需求种子就绪且可按物料行下推采购单 (2.355958ms)
✔ 快递信息导入校验采购单存在、单号唯一、日期与数量合法 (0.423708ms)
✔ 国内签收、加入头程、状态推进与到仓自动签收 (0.964583ms)
✔ 供应商确认单需标签齐备，确认后回写采购单 (0.767209ms)
✔ 整柜渠道必须完整配置四个箱型，物流商可启停 (0.309667ms)
✔ 面辅料采购单可带原因关闭，关闭后不能再登记到货 (0.220291ms)
✔ 库存监控触发线与建议量公式，规则异常阻断建单 (4.413125ms)
✔ 建单数量不得超过建议量，调拨与采购资格分别阻断 (0.180125ms)
✔ 中转看板指标、分布与筛选跳转规则 (0.26ms)
✔ 生产单校验与配料任务只读数据完整，系统设置结果为 8/6/10 (0.085208ms)
✔ 种子采购单按 SRM 生成器规律补齐单据级与明细级字段 (1.52875ms)
✔ 新建做货采购单保存采购专员、加急、首单、区域与明细字段并可回显 (1.692084ms)
✔ 未传新增字段时沿用默认值并保持既有命令兼容 (0.197541ms)
✔ 采购专员必填、做货必须选区域、重量非负均抛出中文 PmsDomainError (0.578542ms)
✔ 编辑采购单保存新增字段并回显，非法输入被阻断 (0.52775ms)
✔ BOM 状态与 bomMatched 一致，未发布 BOM 的做货明细为未匹配 (0.364625ms)
✔ 行采购金额使用 roundPmsQty 且汇总等于逐行金额之和 (0.268292ms)
✔ 采购建议按缺口公式与折扣计算，并计入有效 KOL 申请 (0.688625ms)
✔ KOL 草稿与已驳回不计入建议缺口 (0.085625ms)
✔ 建议转采购单后写回已转数量与部分生成状态 (1.392292ms)
✔ 面辅料需求按 BOM 用量与损耗扣减库存和采购中 (0.530042ms)
✔ 重复生成、草稿采购单与非做货采购单均被阻断 (0.122833ms)
✔ KOL 单条超量需要二次确认，超过申请量直接阻断 (0.317666ms)
✔ 驳回 KOL 需求后不再计入建议缺口 (0.123458ms)
✔ 关闭采购单必须填写原因且已关闭不可重复关闭 (0.168583ms)
[PMS_IDB_LOAD_FAILED] { message: '当前浏览器不支持 IndexedDB,PMS 业务数据无法持久化。' }
[PMS_IDB_SAVE_FAILED] 创建请款单 IDB 写入失败 {
  requestNo: 'PAY-M-2026-0006',
  message: '当前浏览器不支持 IndexedDB,PMS 业务数据无法持久化。',
  degraded: 'memory-only'
}
[PMS_IDB_SAVE_FAILED] 创建请款单 IDB 写入失败 {
  requestNo: 'PAY-L-2026-0004',
  message: '当前浏览器不支持 IndexedDB,PMS 业务数据无法持久化。',
  degraded: 'memory-only'
}
[PMS_IDB_SAVE_FAILED] 作废请款单 IDB 写入失败 {
  requestNo: 'PAY-L-2026-0004',
  message: '当前浏览器不支持 IndexedDB,PMS 业务数据无法持久化。',
  degraded: 'memory-only'
}
✔ 主体经营明细总成本、毛利与毛利率公式 (0.730708ms)
✔ 面辅料对账：预计/实际双层公式，费用项与差异双重门禁 (2.913833ms)
✔ 面辅料费用项部分确认、批量确认与编辑失效 (0.531791ms)
✔ 请款草稿跨页创建、请款与付款上限、编辑范围 (0.863167ms)
✔ 物流实际费用 12 列导入校验、不自动确认与确认后锁定 (0.47625ms)
✔ 请款单作废释放来源对账，已有付款不能作废 (0.326625ms)
✔ 供应商账单 9 列导入覆盖实际层且不自动确认 (0.649541ms)
✔ 金额大写按 RMB 规则输出并覆盖跨节零 (0.2895ms)
[PMS_IDB_UNAVAILABLE] put 跳过,数据仅保留在内存 { store: 'pmsMaterialPurchaseOrderDeltas', key: 'CGF-2026-0005' }
[PMS_IDB_LOAD_FAILED] { message: '当前浏览器不支持 IndexedDB,PMS 业务数据无法持久化。' }
[PMS_IDB_UNAVAILABLE] put 跳过,数据仅保留在内存 { store: 'pmsMaterialPurchaseOrderDeltas', key: 'CGF-2026-0005' }
[PMS_IDB_UNAVAILABLE] put 跳过,数据仅保留在内存 { store: 'pmsMaterialPurchaseOrderDeltas', key: 'CGF-2026-0005' }
[PMS_IDB_UNAVAILABLE] put 跳过,数据仅保留在内存 { store: 'pmsMaterialPurchaseOrderDeltas', key: 'CGF-2026-0005' }
[PMS_IDB_UNAVAILABLE] put 跳过,数据仅保留在内存 { store: 'pmsMaterialPurchaseOrderDeltas', key: 'CGF-2026-0005' }
[PMS_IDB_UNAVAILABLE] put 跳过,数据仅保留在内存 { store: 'pmsMaterialPurchaseOrderDeltas', key: 'CGF-2026-0005' }
✔ 生成卷号按前缀、每卷米数、重量与起始序号生成并写入包装明细 (3.797584ms)
✔ 生成卷号时尾卷承载剩余数量，卷数按采购数量与每卷米数自动取整 (0.525125ms)
✔ 非法卷号参数被拒绝并抛出中文域错误 (0.371709ms)
✔ 生成标签后二维码内容包含卷号与箱规，参与打印 (0.44525ms)
✔ 箱规新增自动计算体积，重复箱号与非法尺寸被拒，删除后计数正确 (0.339791ms)
✔ 包装明细可新增与删除，非法输入被拒且删除后计数正确 (0.262291ms)
✔ 被包装明细引用的箱规不能删除 (0.091292ms)
✔ 供应商枚举与 SRM 完全一致，旧枚举不再出现 (0.692667ms)
✔ 种子字段满足 SRM 枚举且协同指标为数字 (0.118375ms)
✔ 新增字段保存并回显，成功命令写入操作日志 (1.298459ms)
✔ 编辑保存新增字段并保持状态机与事件名不变 (0.209709ms)
✔ 非法或缺失输入抛 PmsDomainError 且不写入数据 (0.329125ms)
✔ 详情与列表展示新增字段、SRM 枚举与协同指标 (21.723625ms)
(node:78751) ExperimentalWarning: localStorage is not available because --localstorage-file was not provided.
(Use `node --trace-warnings ...` to show where the warning was created)
✔ CONTRACT-002: business allocation day is day 1 and every calendar day counts, including Sunday (1.100084ms)
✔ CONTRACT-002: the three contracts retain 4/8/9, 5/9/10 and 6/9/12 calendar-day milestones (0.36575ms)
✔ CONTRACT-002: invalid calendar dates and counting days still fail without creating deadlines (0.229875ms)
(node:78752) ExperimentalWarning: localStorage is not available because --localstorage-file was not provided.
(Use `node --trace-warnings ...` to show where the warning was created)
✔ 实际耗时跨周日仍按真实时间差；没有可靠时间不造耗时 (0.453916ms)
✔ 每任务都达成才结束；同一来源去重，作废明细不影响主表 (0.148459ms)
✔ 耗时页 Mock 至少覆盖九张生产单和全部节点，且下游事实不会越过未完成的前置节点 (430.744917ms)
✔ 裁片放行按一张放行单内的多次放行展示并选取节点起止时间 (56.925625ms)
(node:78753) ExperimentalWarning: localStorage is not available because --localstorage-file was not provided.
(Use `node --trace-warnings ...` to show where the warning was created)
✔ EXC-001—004: a reference mark cannot change debt, strict kits or final task responsibility (4.73225ms)
(node:78754) ExperimentalWarning: localStorage is not available because --localstorage-file was not provided.
(Use `node --trace-warnings ...` to show where the warning was created)
✔ 派单新增主档工厂可登记承接关系，未知工厂仍阻断 (2.062083ms)
✔ 专属任务保留整单身份、数量和接收方，工艺分支保留全部前置关系 (0.967417ms)
✔ 原生产单车缝任务仍可被 PPIC 分配与责任移交识别，SKU 总量完整 (6.203334ms)
✔ PRINT-HISTORY-001: demo identities remain fixed and reject another factory or task (0.448375ms)
✔ PRINT-HISTORY-002: DYE-GOTO-GLOBAL historical slot 09 survives independent reloads without overwriting (1969.291708ms)
✔ PRINT-HISTORY-002: ID-FAC-001165 historical slot 09 survives independent reloads without overwriting (2320.420417ms)
(node:78757) ExperimentalWarning: localStorage is not available because --localstorage-file was not provided.
(Use `node --trace-warnings ...` to show where the warning was created)
✔ VERIFY-003: dispatch reads keep all documents and independent copies without projecting unrelated business views (195.863375ms)
✔ frozen printing images are losslessly stored once across orders, tasks and attachments (5.078417ms)
✔ missing or malformed image references fail rather than silently replacing frozen evidence (0.259625ms)
(node:78759) ExperimentalWarning: localStorage is not available because --localstorage-file was not provided.
(Use `node --trace-warnings ...` to show where the warning was created)
✔ PERF-002/004: scoped receiving reads preserve direct receipts and allocations, without exposing mutable facts (12.044417ms)
✔ PERF-002/004: a synchronous relation read matches independent reads and releases its scope after errors (639.706916ms)
✔ PERF-004: batched print list reviews and handovers equal independently read facts (385.603291ms)
✔ PERF-004: scoped handovers keep canonical sorting and task point reads preserve identity (5.574542ms)
✔ PERF-004: reusing warehouse documents preserves each dye order source, quantity and receiver (293.909917ms)
(node:78760) ExperimentalWarning: localStorage is not available because --localstorage-file was not provided.
(Use `node --trace-warnings ...` to show where the warning was created)
✔ craft source selection preserves all previous source choices and isolated snapshots (10.534125ms)
✔ source eligibility is re-evaluated after a source order changes (0.117209ms)
(node:78762) ExperimentalWarning: localStorage is not available because --localstorage-file was not provided.
(Use `node --trace-warnings ...` to show where the warning was created)
✔ 生产单创建来源只覆盖旧匹配事实，不复活已取消或覆盖更新后的匹配 (0.371833ms)
✔ 提前来源随PO唯一保存，重复生成不会追加第二份事实；查询投影不反向写PO (0.276458ms)
✔ 失败和嵌套投影后创建stage标记恢复，不影响后续染印执行保存 (0.186167ms)
✔ 备份拒绝错误归属、重复、未知状态和缺少正式冻结来源的匹配 (0.142ms)
(node:78763) ExperimentalWarning: localStorage is not available because --localstorage-file was not provided.
(Use `node --trace-warnings ...` to show where the warning was created)
✔ 验收数据至少包含 5 张染色和 5 张印花提前加工单，并覆盖全部匹配状态 (383.505667ms)
✔ 印花专业成果把多张图片和多个文件统一保存在同一附件集合 (0.131083ms)
✔ 同一生产需求可手动选择具体专业任务，创建结果保存所选任务与全部成果附件 (44.5645ms)
✔ 创建提前加工单必须选择所属专业任务并明确加工厂 (2.736959ms)
✔ 计划加工数量包含损耗率，且染色印花投入与产出 SKU 必须不同 (0.147125ms)
✔ 专业成果未审核通过时不可创建提前加工单 (0.11525ms)
✔ 多个生产需求合并为一张生产单时，可匹配多张提前染色加工单 (39.03225ms)
✔ 等待技术包的提前单在技术包就绪后可由同一匹配服务自动重试 (19.382292ms)
✔ 合并生产单中只有部分需求有提前单时，只为未覆盖需求补建剩余数量 (47.404875ms)
✔ 已有提前单但正式 BOM 或 SKU 不一致时进入异常，且不重复补建同一工艺单 (55.402458ms)
✔ 取消后重建保留旧单，并建立双向替代关系 (29.079292ms)
✔ 没有提前加工单的需求仍保留正式加工单快照 (10.255709ms)
✔ 查生产入口只在合法系统路由显示，并在打印与 PDA 路由隐藏 (0.592167ms)
✔ 相似前缀和相似打印段不会被当成合法路由 (0.207417ms)
(node:78765) ExperimentalWarning: localStorage is not available because --localstorage-file was not provided.
(Use `node --trace-warnings ...` to show where the warning was created)
✔ 静态生产单更新任务状态时保留原冻结资料，不强造不存在的技术版本 (0.708625ms)
✔ 沿用静态资料的例外不能用于新单、篡改快照或错误技术版本 (0.541709ms)
(node:78766) ExperimentalWarning: localStorage is not available because --localstorage-file was not provided.
(Use `node --trace-warnings ...` to show where the warning was created)
✔ PERF-001: runtime snapshot and all nine subsets preserve every production order value and caller isolation (14.746625ms)
✔ PERF-001: a subset read does not traverse or clone unrelated snapshot sections (0.192625ms)
✔ PERF-001: paper pattern binding strips and nested craft arrays remain isolated after mutation (0.219584ms)
✔ PERF-001: replacing or updating the bound snapshot is visible immediately without a stale cache (0.140625ms)
✔ PERF-001: missing production order keeps null and empty-list contracts (0.07075ms)
✔ finished preparation and purchase keep their delay without claiming current work is on time (4.929542ms)
✔ absence of applicable records and missing timing inputs are not healthy or not-yet-due (1.014083ms)
✔ inbound quantity and final time completeness produce distinct business results (0.28975ms)
✔ reached late milestone has zero only for that milestone, not the whole task (4.514875ms)
✔ creation and handover clocks explain their different unfinished endpoints (1.751875ms)
✔ all current scenes avoid ambiguous headline defaults and literal unknown numbers (15.67725ms)
✔ contract graph with missing allocation date or actual holdings cannot assert not-yet-due or achieved (1.937625ms)
✔ opening a follow-up modal only reads, and empty inputs never appear saved (6.553917ms)
✔ save waits for completion and readback, rejects double-click writes, and stores realtime feedback without a forecast (15.59025ms)
✔ failed save retains all inputs and retries the exact same operation ID (6.529834ms)
✔ commit followed by readback failure remains unconfirmed until a read proves the same record (3.555333ms)
✔ work must belong to the current production order and expected time must be valid (5.124083ms)
✔ read failure retains a draft and does not treat unavailable records as a normal empty history (1.296125ms)
✔ old logs are retained, but never assigned to a new production order by inference (2.0015ms)
✔ FLOW graph late: full lifecycle keeps allocation, execution and four post stages (4.58475ms)
✔ FLOW graph normal: full lifecycle keeps allocation, execution and four post stages (7.653125ms)
✔ FLOW graph complete: full lifecycle keeps allocation, execution and four post stages (1.396875ms)
✔ FLOW graph completeLate: full lifecycle keeps allocation, execution and four post stages (5.455458ms)
✔ FLOW graph completeUnknown: full lifecycle keeps allocation, execution and four post stages (2.715625ms)
✔ FLOW graph partial: full lifecycle keeps allocation, execution and four post stages (2.588791ms)
✔ FLOW graph reordered: full lifecycle keeps allocation, execution and four post stages (3.906708ms)
✔ FLOW graph reachedLate: full lifecycle keeps allocation, execution and four post stages (3.178959ms)
✔ FLOW graph positioning: full lifecycle keeps allocation, execution and four post stages (0.5995ms)
✔ FLOW graph prepPending: full lifecycle keeps allocation, execution and four post stages (0.58475ms)
✔ FLOW graph sampleLate: full lifecycle keeps allocation, execution and four post stages (2.516834ms)
✔ FLOW graph samplePending: full lifecycle keeps allocation, execution and four post stages (2.190709ms)
✔ FLOW graph fullContract: full lifecycle keeps allocation, execution and four post stages (3.803042ms)
✔ FLOW graph materialBatches: full lifecycle keeps allocation, execution and four post stages (0.330709ms)
✔ FLOW graph materialPartial: full lifecycle keeps allocation, execution and four post stages (0.248291ms)
✔ FLOW graph live: full lifecycle keeps allocation, execution and four post stages (1.544709ms)
✔ FLOW graph unknown: full lifecycle keeps allocation, execution and four post stages (0.317833ms)
✔ FLOW graph unassigned: full lifecycle keeps allocation, execution and four post stages (1.281834ms)
✔ FLOW graph sameFactory: full lifecycle keeps allocation, execution and four post stages (2.930458ms)
✔ FLOW graph handoverPartial: full lifecycle keeps allocation, execution and four post stages (0.720959ms)
✔ FLOW live: QC, processing, recheck quantities have distinct current positions while history remains (0.809292ms)
✔ FLOW full contract: scopes and execution documents stay distinct from cumulative contract milestones (0.181042ms)
✔ FLOW delivery: outgoing without warehouse receipt keeps waiting clock active (0.1195ms)
✔ FLOW one post work order shares projects, quantity and clock without per-project chains (0.812334ms)
✔ FLOW bypass records go from completed QC directly to delivery, without fabricated processing or recheck (0.421375ms)
✔ FLOW summary cards distinguish pending, unknown, historical and current states without invented SLA (3.434625ms)
✔ FLOW mixed QC, processing and recheck quantities are summarized as post handling rather than processing (1.085041ms)
✔ FLOW pending inspection and recheck are not started rather than unknown, consistently with rails (0.26625ms)
✔ FLOW pending document cards and summaries describe unstarted clocks rather than missing times (1.052584ms)
✔ FLOW document modal has one project block for its single processing order (0.463625ms)
✔ COPY developer round: unknown purchase keeps allocation and execution responsibilities unverified (0.096583ms)
✔ COPY developer round: mixed post history and active work both remain visible (0.070875ms)
✔ COPY developer round: partial warehouse quantity is not a completed stage (1.686083ms)
✔ COPY developer round: process start and quantity appear once, QC uses its own business action (0.356625ms)
✔ FLOW-MOCK-001: all 20 scenarios retain source facts with documented COPY-211 cutting correction (20.844041ms)
✔ FLOW-MOCK-002: every early-stage scenario has an honest full-flow skeleton and unknown purchase has no invented work (0.509042ms)
✔ FLOW-MOCK-003: allocation and actual sewing are distinct and each of the three contract scopes has only its applicable steps (0.409458ms)
✔ FLOW-MOCK-004: batches partition original receipts within each task and each source receipt exactly once (0.2985ms)
✔ FLOW-MOCK-005: actual positions preserve warehouse, delivery, processing aggregate amounts and explicit unknown remainder (0.209666ms)
✔ FLOW-MOCK-006: current QC, processing, recheck, delivery and warehouse positions have distinct document facts (0.300208ms)
✔ FLOW-MOCK-007: batch event chronology is ordered and all recorded actual events precede the fixed viewing time (0.9855ms)
✔ FLOW-MOCK-008: completed orders keep complete post history and missing last inbound time is never fabricated (0.082083ms)
✔ FLOW-MOCK-009: factory-contracted packing is not assigned again in post, and the no-post-processing route is explicit (0.307958ms)
✔ FLOW-MOCK-010: every new document is task scoped, batch scoped when applicable, and has valid same-scene relationships (1.252792ms)
✔ FLOW-MOCK-011: independent sewing keeps all applicable post items inside one processing document and one overall clock (0.271792ms)
✔ FLOW-MOCK-012: each batch has at most one post-processing document with the prototype item, status, quantity and timing contract (1.422125ms)
✔ FLOW-MOCK-013: actual quality results generate only applicable processing, completion generates recheck, and no processing goes straight to warehouse delivery (0.192625ms)
✔ COPY-211: full contract scope does not duplicate in-house cutting or release (0.093292ms)
✔ every sewing and post-finishing document type opens its actual native module detail (77.81125ms)
✔ sewing task execution preserves the matching contract rather than entering the allocation workbench (4.914709ms)
✔ post-finishing QC and recheck retain their own task results, batches, and downstream documents (23.290958ms)
✔ post delivery shows actual outgoing and finished-goods receipt separately (6.584ms)
✔ completed orders retain the recorded post-finishing document history (3.2335ms)
✔ unknown or wrongly routed full-flow documents do not produce invented detail pages (0.49675ms)
✔ recorded finished-goods receipt without its time stops the handover clock rather than creating current waiting (1.262709ms)
✔ clock completion matches its own final business event across work and handover (0.369958ms)
✔ native post document uses the same Chinese current-position label as the diagram (11.790625ms)
✔ explicitly pending work is not mislabeled as missing actual start time in native clocks (0.660916ms)
✔ native post work detail keeps one project set, one clock and classified quantities (0.670875ms)
✔ post recheck describes SKU quantity and barcode verification rather than a second quality inspection (0.69225ms)
✔ original post work documents preserve their recorded completed quantities without requiring new project fields (2.916917ms)
✔ delivery awaiting warehouse receipt is not described as an unfinished upstream prerequisite (0.617042ms)
✔ completed late work and unfinished overdue work remain different in management and the actual source detail (37.142291ms)
✔ a late reached contract is a ended node, and future unreached targets are not current debt (30.146709ms)
✔ missing allocation date or factory actual pickup keeps unknown distinct from an on-time contract (25.444625ms)
✔ source contract deadline uses allocation day as day 1 even when business date contains a clock time (25.667292ms)
✔ full warehouse quantities without last receipt time never imply an on-time result or enter the rate denominator (23.230666ms)
✔ purchase association unknown never asserts that production has not been created or begun (1.383208ms)
✔ sample timing is by actual handout date and remains separate from approval result (31.116666ms)
✔ completed whole-order elapsed time stops at final warehouse receipt; export names quantities and states precisely (23.012792ms)
✔ zero actual pickup is a known zero awaiting a contract denominator, not a missing value or automatic achievement (22.587375ms)
✔ missing execution evidence does not imply that material has not arrived or that work is confirmed overdue (4.85325ms)
✔ POST-FOLD late: post work is nested and the sewing label is unified (3.955583ms)
✔ POST-FOLD normal: post work is nested and the sewing label is unified (3.578792ms)
✔ POST-FOLD complete: post work is nested and the sewing label is unified (1.308125ms)
✔ POST-FOLD completeLate: post work is nested and the sewing label is unified (3.171375ms)
✔ POST-FOLD completeUnknown: post work is nested and the sewing label is unified (2.340958ms)
✔ POST-FOLD partial: post work is nested and the sewing label is unified (3.09225ms)
✔ POST-FOLD reordered: post work is nested and the sewing label is unified (5.860375ms)
✔ POST-FOLD reachedLate: post work is nested and the sewing label is unified (2.329833ms)
✔ POST-FOLD positioning: post work is nested and the sewing label is unified (0.328166ms)
✔ POST-FOLD prepPending: post work is nested and the sewing label is unified (0.315625ms)
✔ POST-FOLD sampleLate: post work is nested and the sewing label is unified (1.350917ms)
✔ POST-FOLD samplePending: post work is nested and the sewing label is unified (1.318584ms)
✔ POST-FOLD fullContract: post work is nested and the sewing label is unified (2.910708ms)
✔ POST-FOLD materialBatches: post work is nested and the sewing label is unified (0.623292ms)
✔ POST-FOLD materialPartial: post work is nested and the sewing label is unified (0.501667ms)
✔ POST-FOLD live: post work is nested and the sewing label is unified (3.330417ms)
✔ POST-FOLD unknown: post work is nested and the sewing label is unified (0.348167ms)
✔ POST-FOLD unassigned: post work is nested and the sewing label is unified (1.3615ms)
✔ POST-FOLD sameFactory: post work is nested and the sewing label is unified (1.814084ms)
✔ POST-FOLD handoverPartial: post work is nested and the sewing label is unified (0.343666ms)
✔ POST-TIME: completed and active work show actual times and longest own clock without inventing an SLA (0.405084ms)
✔ POST-TIME: known document requirements distinguish unfinished late work from completed late history (0.172416ms)
✔ PAGE-001 / SCENE-17 / 20: 19 unique production orders plus one purchase awaiting association preserve the 19 accepted base scenes (1.256917ms)
✔ MASTER-001 / SCENE-07: reversing purchase order input retains earliest precise start and 28-day deadline (0.216042ms)
✔ MASTER-002: full warehouse completion at the exact deadline is timely; one minute later is late (0.138084ms)
✔ SCENE-03—05: warehouse facts establish completion separately from final timestamp and stale upstream records (0.15775ms)
✔ SCENE-06 / 16 / 18: quantity positions conserve pieces while missing position and task ownership remain distinct (5.803833ms)
✔ CONTRACT-002 / SCENE-13: three return contracts use calendar days including Sunday and their actual held quantities (1.260667ms)
✔ SCENE-19: B factory total 40% cannot cover the independently overdue B01 task (1.171833ms)
✔ SCENE-02 / 08: timely returns and late reached milestone differ from a currently overdue unmet milestone (2.162958ms)
✔ SCENE-09 / 10: preparation is a parallel four/five-day stage with separately recorded production and handover (7.555875ms)
✔ SCENE-11 / 12: sample date is pickup plus three; failed or unsubmitted sample does not move the return deadline (1.748166ms)
✔ SCENE-14: stock 600 meters advances before the independent 900-meter purchase batch, with three work/handover records each (1.499583ms)
✔ SCENE-15: known 600-meter receipt is preserved while the 900-meter purchase remains unknown and currently late (0.563541ms)
✔ SCENE-20: partial factory handover retains 2400 sleeve pieces received and 600 disputed without closing the handover or converting to garments (1.040083ms)
✔ SCENE-01: completed preparation/material delays remain history while sleeve work has a current 600-piece gap (4.870833ms)
✔ PREP / CRAFT: auxiliary work is three days each; bulk dye/print/wash and handovers have no invented SLA (1.6415ms)
✔ SOURCE / UI: document IDs, related ownership, native routes and source summaries are coherent without read mutation (33.005167ms)
✔ SOURCE: there are no future actual events or reversed processing/handover times in the fixed demonstration (4.223958ms)
✔ SCENE late: expanded accepted diagram retains its business nodes and source documents (1.549708ms)
✔ SCENE normal: expanded accepted diagram retains its business nodes and source documents (2.242125ms)
✔ SCENE complete: expanded accepted diagram retains its business nodes and source documents (1.214042ms)
✔ SCENE completeLate: expanded accepted diagram retains its business nodes and source documents (1.426209ms)
✔ SCENE completeUnknown: expanded accepted diagram retains its business nodes and source documents (0.819917ms)
✔ SCENE partial: expanded accepted diagram retains its business nodes and source documents (1.7765ms)
✔ SCENE reordered: expanded accepted diagram retains its business nodes and source documents (2.577459ms)
✔ SCENE reachedLate: expanded accepted diagram retains its business nodes and source documents (2.079334ms)
✔ SCENE positioning: expanded accepted diagram retains its business nodes and source documents (0.564458ms)
✔ SCENE prepPending: expanded accepted diagram retains its business nodes and source documents (0.265375ms)
✔ SCENE sampleLate: expanded accepted diagram retains its business nodes and source documents (0.974084ms)
✔ SCENE samplePending: expanded accepted diagram retains its business nodes and source documents (0.863833ms)
✔ SCENE fullContract: expanded accepted diagram retains its business nodes and source documents (0.952709ms)
✔ SCENE materialBatches: expanded accepted diagram retains its business nodes and source documents (0.479209ms)
✔ SCENE materialPartial: expanded accepted diagram retains its business nodes and source documents (0.3265ms)
✔ SCENE live: expanded accepted diagram retains its business nodes and source documents (1.565792ms)
✔ SCENE unknown: expanded accepted diagram retains its business nodes and source documents (0.144667ms)
✔ SCENE unassigned: expanded accepted diagram retains its business nodes and source documents (0.996125ms)
✔ SCENE sameFactory: expanded accepted diagram retains its business nodes and source documents (1.108667ms)
✔ SCENE handoverPartial: expanded accepted diagram retains its business nodes and source documents (0.55825ms)
✔ PREP-005: supplemental scene retains disabled and change-ended documents without creating active clocks or blocking valid preparation (1.310959ms)
✔ timing documents resolve directly at their native route with the same shared static facts (528.378625ms)
✔ source detail does not resolve unrelated records or a registered record at a wrong module path (0.163ms)
✔ a handover belongs to its original outgoing work rather than a linked next process (0.112791ms)
✔ contract details retain natural-day deadlines and late achievement history (0.443333ms)
✔ partially received material retains unknown purchase receipt instead of inventing zero or full stock (0.228375ms)
✔ production preparation details include parallel requirements and BOM quantities (0.529125ms)
✔ work remaining quantity follows known required and completed quantities in the same unit (0.598208ms)
✔ missing factory sample uses the recorded requirement date and keeps sample approval outside return milestones (0.130208ms)
✔ purchase-only scenario resolves to the existing merchandise purchase and pending-purchase backlink (0.10975ms)
✔ finished-goods detail distinguishes latest partial receipt from full completion time (0.326291ms)
✔ unknown timing standard is amber verification, never a red confirmed-overdue result (0.514125ms)
✔ MIGRATE-001: direct production/pending detail paths have their own active tab identity; discarded tasks/examples/team details are absent (1.04125ms)
✔ MIGRATE-001: stored DDS tabs prune discarded addresses, retain unrelated tabs and correct the live production title without touching input (1.090542ms)
(node:78781) ExperimentalWarning: localStorage is not available because --localstorage-file was not provided.
(Use `node --trace-warnings ...` to show where the warning was created)
✔ VERIFY-003: scoped reads preserve pending/voided sources and defensive copies (4.520333ms)
✔ VERIFY-003: metadata lookup reflects registry changes and returns independent locations (11.1545ms)
✔ 备份恢复不能借原票编号伪造另一种面料的交出回执 (1.59825ms)
(node:78783) ExperimentalWarning: localStorage is not available because --localstorage-file was not provided.
(Use `node --trace-warnings ...` to show where the warning was created)
✔ 换片票文案不显示内部路径，扫码身份和原票号保持 (1.709959ms)
✔ 打印结果选票行使用业务名称区分生产单、面料和颜色，保留原勾选身份 (0.299917ms)
✔ 任务单使用可识别的物料编码，内部技术资料键不进入文字、图片标题和无障碍名称 (1.034958ms)
✔ 换片布固定演示：四个新增生产单覆盖部分打印、补打、交出备用及失效票 (1.1005ms)
✔ 部位票缓存感知已提交事件版本，重复读取同一版本不失效 (0.39275ms)
✔ 按名称排朴，空名拒绝，同名不同编码/颜色保留独立身份 (0.533667ms)
✔ 初始每面料一张，重复分配幂等；新增与补打不混淆 (0.68175ms)
✔ 改派未交票失效，已交历史不抹除，新范围递增序号 (0.479416ms)
✔ 部分出纸仅确认勾选票；重复确认不增加次数，内容变化拒绝 (0.125583ms)
✔ 整个批次多袋并集检查，非本次袋不可借用，顺序无关 (0.283458ms)
✔ 同任务同工厂历史可满足；不同任务或换厂必须另交 (0.165166ms)
✔ 三方自行裁剪排除，资料缺失与无需面料分开判断 (0.059959ms)
✔ 混装按类型和单位分项，换片布不能拆成非5 Yard (0.107958ms)
✔ 局域网 HTTP 的摘要与原生 SHA-256 相同，既有票号不变化 (8.591625ms)
(node:78789) ExperimentalWarning: localStorage is not available because --localstorage-file was not provided.
(Use `node --trace-warnings ...` to show where the warning was created)
✔ 混装打印保留裁片矩阵，捆条和换片布独立附页，不合并单位 (1.107458ms)
✔ 纯换片布袋可生成货物标识，不制造尺码和部位 (0.114042ms)
✔ 混装标签拒绝换片布错误长度、作废票和混生产单 (0.231708ms)
✔ 旧业务存储不可读时仍用已提交的原装袋周期打印三类货物 (0.664083ms)
✔ 生产单按单记录；变更一单不重写其他单和任务 (1.479417ms)
✔ 运行任务独立保存覆盖、拆分、合并、改派及序号，往返保留身份 (0.251041ms)
✔ 有效分配索引、独立记录、审计及序号完整往返，拒绝重复身份和损坏格式 (0.348417ms)
✔ 拒绝空字符串，不吞掉损坏记录 (0.061833ms)
✔ 拒绝数组根，不吞掉损坏记录 (0.047958ms)
✔ 拒绝生产单数组实体，不吞掉损坏记录 (0.042667ms)
✔ 拒绝生产单空编号，不吞掉损坏记录 (0.045833ms)
✔ 拒绝生产单损坏快照，不吞掉损坏记录 (0.042083ms)
✔ 拒绝任务覆盖数组，不吞掉损坏记录 (0.055833ms)
✔ 拒绝任务覆盖身份，不吞掉损坏记录 (0.079375ms)
✔ 拒绝拆分来源身份，不吞掉损坏记录 (0.051625ms)
✔ 拒绝拆分子项损坏，不吞掉损坏记录 (0.051667ms)
✔ 拒绝合并明细损坏，不吞掉损坏记录 (0.047625ms)
✔ 拒绝改派任务身份，不吞掉损坏记录 (0.028291ms)
✔ 拒绝不安全序号，不吞掉损坏记录 (0.034542ms)
✔ 拒绝重复Map键，不吞掉损坏记录 (0.031042ms)
✔ 拒绝current非数组，不吞掉损坏记录 (0.031083ms)
✔ 拒绝current孤儿，不吞掉损坏记录 (0.031917ms)
✔ 拒绝current跨任务，不吞掉损坏记录 (0.028709ms)
✔ 拒绝current重复引用，不吞掉损坏记录 (0.026667ms)
✔ 拒绝审计孤儿，不吞掉损坏记录 (0.029333ms)
✔ 已保存实体损坏编号、缺少meta或重复meta不能伪造正常空源 (0.149417ms)
✔ 未登记key及空白JSON拒绝；null明确代表没有覆盖 (0.047125ms)
✔ 备份校验拒绝未知来源集合、伪造迁移身份及丢失检查点实体 (0.538208ms)
✔ 四类静态运行任务的删除标记完整往返，拒绝混入业务字段或假删除 (0.126542ms)
✔ 分配副产物按实体保存；合同、样衣及PPIC责任保留独立序号 (0.443125ms)
✔ 拒绝缺失渲染必需快照的合同，防止迁移清源后才暴露损坏 (0.046917ms)
✔ 关联实体损坏拒绝 unknown:X (0.040083ms)
✔ 关联实体损坏拒绝 material-context:A (0.028291ms)
✔ 关联实体损坏拒绝 return-sequence:value (0.031916ms)
✔ 关联实体损坏拒绝 sla-current:T (0.023625ms)
✔ 生产创建匹配来源按生产单身份校验并完整恢复 (0.195958ms)
✔ 工厂结束事实只允许明确任务、操作人和时间 (0.715166ms)
✔ 既有招标定标记录保留真实来源编号并校验价格与操作人 (0.192292ms)
✔ 开工交出单头只包含首次零交出事实，拒绝伪造数量和身份 (0.155875ms)
(node:78791) ExperimentalWarning: localStorage is not available because --localstorage-file was not provided.
(Use `node --trace-warnings ...` to show where the warning was created)
✔ 同分配的同名 A/B 面料分别新增和打印；第二面料不被第一范围替代 (72.750125ms)
(node:78792) ExperimentalWarning: localStorage is not available because --localstorage-file was not provided.
(Use `node --trace-warnings ...` to show where the warning was created)
✔ 分配 SKU 的需料不同；多尺码共料去重，名称含朴排除 (1.444458ms)
✔ 完整但全是朴为空集合；缺颜色映射或空名称属于资料错误 (0.649958ms)
✔ 同名不同编码面料不混并；BOM 身份歧义阻断 (0.451292ms)
✔ 交出回执从快照保留三种明细，Yard 与米不进入裁片数量 (1.327459ms)
✔ 回执任务读取保持数组身份；只在事实变更后重新投影 (0.263959ms)
✔ 款式需料读取的配置查询只返回独立副本，不能污染下次来源读取 (0.780875ms)
✔ 来源读取失败时不能把不可用哨兵值当作稳定分配继续保存 (0.38225ms)
✔ 历史裁片实交保留原数量与归属，其他集合不混入 (0.598667ms)
✔ 历史缺原版本、交错明细、负数量或记录身份错误均阻断恢复 (0.283875ms)
✔ 面辅料单不可写入退役裁片历史，未完成迁移标记不可恢复 (0.110375ms)
✔ 并发调用复用同一个模块加载 Promise，成功后继续复用结果 (1.8545ms)
✔ 模块加载失败后清空缓存，下一次调用可以重试 (0.442375ms)
(node:78795) ExperimentalWarning: localStorage is not available because --localstorage-file was not provided.
(Use `node --trace-warnings ...` to show where the warning was created)
✔ CONTRACT-005: native legacy task fixture exposes the actual missing allocation date at PDA and progress board entries (1111.303ms)
(node:78796) ExperimentalWarning: localStorage is not available because --localstorage-file was not provided.
(Use `node --trace-warnings ...` to show where the warning was created)
✔ CONTRACT-002: later factory acceptance retains its fact without postponing business allocation deadlines (1.9855ms)
✔ CONTRACT-002: missing business allocation time produces a visible verification gap instead of acceptance-based deadlines (0.204667ms)
✔ CONTRACT-002: historical acceptance-based snapshots remain intact but cannot establish current contract deadlines (0.265917ms)
✔ CONTRACT-002: shared PDA and progress board show missing allocation dates without claiming zero-receipt tasks are complete (0.460167ms)
✔ CONTRACT-002: confirmed dates still show the next contractual node and complete only after all 100 pieces are received (0.945167ms)
✔ CONTRACT-002: outsourcing tracking uses allocation dates for tender tasks and marks missing dates as unverified (12.389625ms)
(node:78798) ExperimentalWarning: localStorage is not available because --localstorage-file was not provided.
(Use `node --trace-warnings ...` to show where the warning was created)
✔ 刷新时静态样衣命令重建不重放到已移交的持久用户状态，构造失败恢复输入 (4.477ms)
✔ 独立打印外壳只命中完整生产确认单打印路由 (0.53725ms)
✔ 既有固定打印路由仍使用独立打印外壳 (0.094875ms)
(node:78800) ExperimentalWarning: localStorage is not available because --localstorage-file was not provided.
(Use `node --trace-warnings ...` to show where the warning was created)
✔ TP-ID-002: FCS live hydration cannot change the static 26 identities or their numeric sequence (9.230375ms)
✔ TP-DATA-001: baseline has 20 actual complete formal versions and three plus three draft review states (1.377584ms)
✔ TP-ROUTE-001: all twenty formal routes have three resolvable dye→print→wash chains and five two-craft pieces (164.869125ms)
✔ TP-ID-001: ID is persisted independent of ordering and next identity uses the global maximum (1.228542ms)
✔ TP-LEGACY-001: exact old static copies project read-only, preserve source identities and preserve changed records or content (5.670042ms)
✔ TP-LEGACY-002: repository reads old demo without writes; new legacy-source creation is rejected (328.457458ms)
✔ TP-LEGACY-003: early release content upgrades after person maintenance but genuine technical edits remain intact (7.12875ms)
✔ TP-PAGE-001: route rendering preserves stored IDs and hides objects without additional processing (99.322292ms)
✔ TP-PERSON-001: valid maintenance retains published content, records a log, and rejects wrong-role candidates (286.076209ms)
✔ technical version working-copy reads do not write and failed staging preserves data (first visit) (316.490583ms)
✔ technical version working-copy reads do not write and failed staging preserves data (saved data) (366.646458ms)
[PMS_IDB_LOAD_FAILED] { message: '当前浏览器不支持 IndexedDB,PMS 业务数据无法持久化。' }
✔ 五类页面共享采购到交出的串联 Mock，重复初始化不重置执行事实 (249.59175ms)
✔ 补齐串联 Mock 时压缩历史大签名，避免浏览器存储接近上限导致页面路由失败 (224.261583ms)
✔ 三个中央工厂在组织目录与执行工厂中身份一致且仅出现一次 (0.44725ms)
✔ 花边角色与采购映射归属TMF但供应方仍保留独立身份 (0.070958ms)
✔ 橡筋定长切割仍归SPF，不成为TMF织带截断任务 (0.088917ms)
✔ 旧浏览器组织记录迁移后不与权威TMF并存且保留已有联系人 (3.991708ms)
(node:78805) ExperimentalWarning: localStorage is not available because --localstorage-file was not provided.
(Use `node --trace-warnings ...` to show where the warning was created)
✔ 连续织带实际650米交出→648+2实收→染色可用650，仓库和用料保持米制且无公斤换算 (11.7075ms)
✔ 连续长度口径不可用于纱线/码制，普通辅料仍要求实际称重 (0.883042ms)
✔ 原生连续辅料染色650→640：实际工厂实收及用料驱动加工，使用对象对应蓝色织带参考图 (441.120417ms)
✔ 织带与绳子参考档案接入实际物料库，保留图片来源和未确认尺寸，不替换橡筋 (132.685666ms)
✔ 同分钟新建不同幅宽织带和绳径主档不共用 SPU 身份，SKU 保持各自父档与主单位 (27.081541ms)
✔ TMF半成品SKU按SPU→潘通色号→颜色→花型生成，长度和端头不进入SKU (0.305625ms)
(node:78809) ExperimentalWarning: localStorage is not available because --localstorage-file was not provided.
(Use `node --trace-warnings ...` to show where the warning was created)
✔ TMF发布采用链：技术包发布门禁→审核发布→启用→生产单采用→生成织带加工需求 (1536.240625ms)
✔ TMF发布门禁：含织带截断工序但规格未补齐的采用版本不能发布 (422.132542ms)
✔ 正式生产路线只关联相邻同BOM同SKU的染色→印花，不生成数量或修改来源 (1.577125ms)
✔ 跨单/版本/工序/用途/SKU/单位、缺工厂与已有其他接收单都不能接续 (0.49125ms)
✔ 印花连续辅料仅接同版本同BOM的直接截断节点，不修改SKU和数量 (1.211083ms)
✔ 染色来源已绑定印花时拒绝直接截断，不读取不存在的顶层字段 (0.461125ms)
✔ TMF V1 原型范围、工厂身份和现场默认参数已冻结 (1.638625ms)
✔ TMF 风险动作默认要求主管与二次确认，采购行身份不可丢失 (0.076792ms)
[PMS_IDB_LOAD_FAILED] { message: '当前浏览器不支持 IndexedDB,PMS 业务数据无法持久化。' }
[PMS_IDB_UNAVAILABLE] put 跳过,数据仅保留在内存 { store: 'pmsMaterialPurchaseOrderDeltas', key: 'CGF-2026-0007' }
[PMS_IDB_UNAVAILABLE] put 跳过,数据仅保留在内存 { store: 'pmsMaterialPurchaseOrderDeltas', key: 'CGF-2026-0009' }
[PMS_IDB_UNAVAILABLE] put 跳过,数据仅保留在内存 { store: 'pmsMaterialPurchaseOrderDeltas', key: 'CGF-2026-0009' }
{"scenario":"N02","scope":"业务动作主链含纱线重量账；含端头辅材采购实收；不含PCS发布采用页面、纱线采购上游","purchaseReceived":1300,"productionReceived":1000,"warehouseContinuousM":30,"netCutM":1260,"lossM":10,"headUnit":"个","headReceived":2020,"headRemaining":15}
[PMS_IDB_UNAVAILABLE] put 跳过,数据仅保留在内存 { store: 'pmsMaterialPurchaseOrderDeltas', key: 'CGF-2026-0010' }
[PMS_IDB_UNAVAILABLE] put 跳过,数据仅保留在内存 { store: 'pmsMaterialPurchaseOrderDeltas', key: 'CGF-2026-0010' }
{"scenario":"N03","scope":"业务动作主链含纱线重量账；含端头辅材采购实收；不含PCS发布采用页面、纱线采购上游","purchaseReceived":60,"productionReceived":100,"warehouseContinuousM":9,"netCutM":50,"lossM":1,"headUnit":"个","headReceived":202,"headRemaining":1}
[PMS_IDB_UNAVAILABLE] put 跳过,数据仅保留在内存 { store: 'pmsMaterialPurchaseOrderDeltas', key: 'CGF-2026-0011' }
[PMS_IDB_UNAVAILABLE] put 跳过,数据仅保留在内存 { store: 'pmsMaterialPurchaseOrderDeltas', key: 'CGF-2026-0011' }
{"scenario":"N04","scope":"业务动作主链含纱线重量账；含端头辅材采购实收；不含PCS发布采用页面、纱线采购上游","purchaseReceived":100,"productionReceived":50,"warehouseContinuousM":34,"netCutM":65,"lossM":1,"headUnit":"kg","headReceived":0.2,"headRemaining":0.04}
[PMS_IDB_UNAVAILABLE] put 跳过,数据仅保留在内存 { store: 'pmsMaterialPurchaseOrderDeltas', key: 'CGF-2026-0012' }
[PMS_IDB_UNAVAILABLE] put 跳过,数据仅保留在内存 { store: 'pmsMaterialPurchaseOrderDeltas', key: 'CGF-2026-0012' }
{"scenario":"B06","scope":"规范数量动作链；塑料头从仓库实收事实开始，补购基础生产未虚构纱线配方；不代表全部页面验收","continuous":9,"productionReceived":1000,"scrapped":100,"scrappedMeters":120,"loss":11,"metalRemaining":15,"plasticRemaining":2}
{"scenario":"N05","mergedBatch":"FULL-N05-MERGED","purchaseReceivedM":120,"mergedIssuedM":102,"mergedProducedPieces":200,"productionReceivedByOrder":[100,100],"warehouseContinuousM":19,"lossM":1,"returnedM":1}
{"scenario":"B17","mergedBatch":"FULL-B17-MERGED","purchaseReceivedM":120,"mergedIssuedM":102,"mergedProducedPieces":200,"productionReceivedByOrder":[100,100],"warehouseContinuousM":19,"lossM":1,"returnedM":1}
{"scenario":"N01","rawReceivedKg":12,"consumedKg":10,"returnedKg":1,"factoryRemainingKg":1,"semiFinishedReceivedM":1000}
{"scenario":"N02","rawReceivedKg":12,"consumedKg":10,"returnedKg":1,"factoryRemainingKg":1,"semiFinishedReceivedM":1300}
{"scenario":"N03","rawReceivedKg":12,"consumedKg":10,"returnedKg":1,"factoryRemainingKg":1,"semiFinishedReceivedM":60}
{"scenario":"N04","rawReceivedKg":12,"consumedKg":10,"returnedKg":1,"factoryRemainingKg":1,"semiFinishedReceivedM":100}
{"scenario":"N05","rawReceivedKg":12,"consumedKg":10,"returnedKg":1,"factoryRemainingKg":1,"semiFinishedReceivedM":120}
{"scenario":"PRINTBACK-source-fixture","nativePrint":{"inputM":650,"outputM":630,"lossM":20,"outputImage":"MISSING_BLOCKED"},"sourceDispatched":630,"actualReceived":630,"cutMeters":620,"lossMeters":2,"returnedMeters":8,"baseLeftMeters":350,"scope":"原生印花650→630已独立重放；下游630米交出仍为专项夹具，不替代缺图正式交出或N01完整上游"}
{"scenario":"B09-downstream-recovery","basePhysicalM":350,"otherReservedM":350,"baseAvailableM":0,"processedReturnM":8,"productionPieces":[400,600],"scope":"含实际占用失败、释放、发料及印花回料后全链；原生印染20米损耗未执行，不是完整B09通过"}
{"scenario":"B05-cut-recovery","received":[400,600],"frozenPieces":10,"frozenLengthMm":500,"continuous":2.5,"cutLoss":2.5,"upstreamScope":"印花630米已交出为外部专项夹具，不冒充原生印染20米损耗或全N01"}
(node:78813) ExperimentalWarning: localStorage is not available because --localstorage-file was not provided.
(Use `node --trace-warnings ...` to show where the warning was created)
✔ N01～N05：通过现有 PMS 入口下达，每条采购链从零执行到仓库实收；交出不提前增加库存 (14.923834ms)
✔ 半成品加工没有原料实收和足量耗用时禁止产出，补齐同一原料链后才能填报 (3.502417ms)
✔ MOCK-007：规范场景使用同一采购行、基础单和生产需求身份，不复制孤立页面 Mock (4.59225ms)
✔ MOCK-009：重置只重载隔离的运行态，不清除用户浏览器数据 (0.780583ms)
✔ B01/B03：短收保留在途和采购缺口；重复扫描、生成和刷新不双记 (1.550458ms)
✔ B02/B04：多收、错 SKU、错仓和无权限动作不改变任意下游数量；恢复后正常收齐 (2.722209ms)
✔ OVR-001～003：超产与超收须主管二次确认，计划不扩、幂等且下游一致 (4.332959ms)
✔ MASTER-001～003/005：采购与端头采购映射原型内建主档，缺失阻断且身份稳定 (3.652375ms)
✔ MASTER-004：映射前历史记录保留原快照与未映射标记，不批量改写 (0.256375ms)
✔ TERM-001～005：取消后终止处置台逐项决定，未处置不得结案且数量对账守恒 (9.782542ms)
✔ 终止连续余料：实物余量只扣一次报废，拒绝超量且剩余数量可继续处置 (4.132791ms)
✔ GAP-TERM-004：上游未收与生产在途分别确认去向，不可重复登记 (0.676833ms)
✔ DYE-001～003：染色直交织带厂按实际交出分配实收，追溯原染色单且不重复扣料 (401.981125ms)
✔ 采购追加：未开始同步计划，已执行保留原计划和实物并处理变更 (5.556917ms)
✔ B21：保存失败不报成功、不留部分库存；成功后刷新读取同一采购和收货事实 (2.745084ms)
✔ 采购→两种规格截断→拆包回仓→分配发料→生产实收：短收保留缺口，库存及采购不双记 (22.864917ms)
✔ B09：其他需求占用400米时不能再占650；释放50后恢复，错误发料不改变库存 (5.627667ms)
✔ 需求来源：同尺码不同成衣SKU分别保留，BOM适用范围生效，错误快照和重复工序阻断 (0.488875ms)
✔ 待打头条料不计合格产出；超公差实物记不良且照实扣下料当量，未实收不可截断 (34.781833ms)
✔ N04：采购100米→单端硅胶按kg实耗→回仓发料→生产实收50根，连续料剩34米 (25.905333ms)
✔ B15：截断后取消保留1000根在制和1260米当量，释放未发占用并只退连续余料 (30.180041ms)
✔ 已回仓部分发料后取消：释放未发分配，冻结实存，已发在途保留且实收不恢复需求 (17.785791ms)
✔ N02规范数值：采购→实际加工→生产实收及米料/辅材退仓整链 (79.620666ms)
✔ N03规范数值：采购→实际加工→生产实收及米料/辅材退仓整链 (60.065667ms)
✔ N04规范数值：采购→实际加工→生产实收及米料/辅材退仓整链 (67.03125ms)
✔ B06规范恢复：误装100根报废→补购100米并补做→生产实收1000根，三套实物账守恒 (130.704708ms)
✔ N05合并批：120米采购→102米合并投入→两生产单各实收100，B17独立副本拆100为40+60 (89.047417ms)
✔ B17合并批：120米采购→102米合并投入→两生产单各实收100，B17独立副本拆100为40+60 (106.137042ms)
✔ N01～N05基础原料重量账：源仓实收→发出→工厂实收→耗用/余料→原仓实收，与米制产出独立 (237.339791ms)
✔ 主生产单暂停/取消直接限制织带执行，已发实收保留且取消处置释放未发占用 (66.745583ms)
✔ 冷启动及旧标签页均读取已保存主单限制，损坏来源不默许执行 (0.2735ms)
✔ 印花交出按两种长度分配，原单分次实收唯一记账，随后截断/回仓/领料守恒 (383.29675ms)
✔ 主单离页保存保留其他页取消及新增单，同单并发编辑和存储失败不覆盖 (2.933709ms)
✔ 技术包换版后旧规格冻结，已交出的仓库及生产在途可实收且不改旧长度 (62.755042ms)
✔ 未发料换版释放旧占用，新需求从备料至生产实收，旧预览和已执行重算阻断 (112.909ms)
✔ 已加工换版：旧200条冻结并释放未发分配，新550/700mm需求实收1000条，旧预览失效且库存守恒 (127.081833ms)
✔ B05实际410/590错配：短条余量冻结，连续余料8米补10条700mm至两规格生产实收 (216.8305ms)
✔ 加工计划时间独立保存：明确时区、并发版本阻断、实际节点不倒推开完工且库存不变 (30.242791ms)
✔ 加工单费用按技术包需求计价：单位、币种和版本可追溯，库存与实收不被费用动作改变 (20.827375ms)
✔ 织带加工单没有接单或开工门禁，投入实收后可直接加工填报 (55.551916ms)
✔ B23未执行采购1000减900：版本留痕、旧预览阻断、重新确认接受后900实际生产实收 (56.151375ms)
✔ B24实收1000退100：仓库交出与TMF分次实收独立，原收保留且净900后减量 (90.411542ms)
✔ 采购取消门禁：无执行事实可取消，已收货或已生产必须先处置不能直接结案 (49.266541ms)
[PMS_IDB_LOAD_FAILED] { message: '当前浏览器不支持 IndexedDB,PMS 业务数据无法持久化。' }
[PMS_IDB_UNAVAILABLE] put 跳过,数据仅保留在内存 { store: 'pmsMaterialPurchaseOrderDeltas', key: 'CGF-2026-0007' }
[PMS_IDB_LOAD_FAILED] { message: '当前浏览器不支持 IndexedDB,PMS 业务数据无法持久化。' }
[PMS_IDB_LOAD_FAILED] { message: '当前浏览器不支持 IndexedDB,PMS 业务数据无法持久化。' }
[PMS_IDB_LOAD_FAILED] { message: '当前浏览器不支持 IndexedDB,PMS 业务数据无法持久化。' }
[PMS_IDB_UNAVAILABLE] put 跳过,数据仅保留在内存 { store: 'pmsMaterialPurchaseOrderDeltas', key: 'CGF-2026-0007' }
[PMS_IDB_UNAVAILABLE] put 跳过,数据仅保留在内存 { store: 'pmsMaterialPurchaseOrderDeltas', key: 'CGF-2026-0007' }
[PMS_IDB_UNAVAILABLE] put 跳过,数据仅保留在内存 { store: 'pmsMaterialPurchaseOrderDeltas', key: 'CGF-2026-0007' }
[PMS_IDB_LOAD_FAILED] { message: '当前浏览器不支持 IndexedDB,PMS 业务数据无法持久化。' }
[PMS_IDB_LOAD_FAILED] { message: '当前浏览器不支持 IndexedDB,PMS 业务数据无法持久化。' }
[PMS_IDB_LOAD_FAILED] { message: '当前浏览器不支持 IndexedDB,PMS 业务数据无法持久化。' }
✔ PMS采购实际仓库实收与原料库存一次保存；分批、刷新、原料使用和退回均不重复履约 (151.723625ms)
✔ 历史手工到货及不支持的单位不能直接变成投入料可用库存 (0.54125ms)
✔ 首次实收前供应商确认与关闭可刷新恢复，保存失败和损坏存储不会覆盖状态 (0.68925ms)
✔ N01采用路线按染色→印花关联原单，多尺码不重复列工序，不修改印染数量 (1.126042ms)
✔ 旧版本、错误SKU、码制单位、取消或变更待处理均不作为有效关联 (0.220166ms)
✔ 同号不同生产单或BOM不得关联，重复来源不静默选择，混合快照阻断 (0.503625ms)
✔ 编辑器按尺码保留规格，截断打头不新建SKU，重复保存沿用节点身份 (3.855125ms)
✔ 无印染要求时 TMF 路线只生成截断节点，不凭空生成染色或印花节点 (0.196541ms)
✔ 前序印染产出SKU作为截断投入；保留独立橡筋工艺，移除打头后下游连接截断 (0.418833ms)
✔ 未明确打头、错误辅料BOM、无半成品和不合法前序不能生成可执行路线 (0.149792ms)
(node:78817) ExperimentalWarning: localStorage is not available because --localstorage-file was not provided.
(Use `node --trace-warnings ...` to show where the warning was created)
✔ N01：400 条 50CM 和 600 条 70CM 分行计算，共 620 米；未增加 SKU (1.429917ms)
✔ 缺少尺码数量、非整数条数、公差或测量条件时不猜测需求 (0.34675ms)
✔ B07：未选择打头、缺少端头方式或辅材不能确认；支持两端不同端头 (1.661625ms)
✔ N04/B08：硅胶按重量且必须有覆盖长度，不作为独立金属头计数 (0.112958ms)
✔ B18：打头只能承接对应截断条料，不能换 SKU、换长度或重新领连续料 (0.253875ms)
✔ N05：规格相同可以合并，但尺码、用途和需求身份不靠物理规格键代替 (0.095833ms)
✔ B14：修改后续版本端头要求不能污染生产单历史快照 (0.542708ms)
✔ 发布门禁：含织带截断工序的技术包必须规格完整且规格仍关联当前 BOM (0.144041ms)
(node:78818) ExperimentalWarning: localStorage is not available because --localstorage-file was not provided.
(Use `node --trace-warnings ...` to show where the warning was created)
✔ 已提交新周期可由真实袋档案进入历史，错误袋和未知周期仍拒绝 (0.984875ms)
(node:78819) ExperimentalWarning: localStorage is not available because --localstorage-file was not provided.
(Use `node --trace-warnings ...` to show where the warning was created)
✔ REPLACEMENT_FABRIC 已绑定有效同生产单任务保留归属，不按部位裁片SKU消除 (16.289333ms)
✔ REPLACEMENT_FABRIC 未绑定票不猜任务，可由用户明确同批加入 (6.337459ms)
✔ REPLACEMENT_FABRIC old-factory 旧绑定不可作为当前任务沿用 (5.859875ms)
✔ REPLACEMENT_FABRIC other-order 旧绑定不可作为当前任务沿用 (5.773708ms)
✔ BINDING_STRIP 已绑定有效同生产单任务保留归属，不按部位裁片SKU消除 (5.716292ms)
✔ BINDING_STRIP 未绑定票不猜任务，可由用户明确同批加入 (7.348417ms)
✔ BINDING_STRIP old-factory 旧绑定不可作为当前任务沿用 (5.535291ms)
✔ BINDING_STRIP other-order 旧绑定不可作为当前任务沿用 (5.246084ms)
ℹ tests 735
ℹ suites 0
ℹ pass 735
ℹ fail 0
ℹ cancelled 0
ℹ skipped 0
ℹ todo 0
ℹ duration_ms 15623.555709
vite v6.4.3 building for production...
transforming...
✓ 2736 modules transformed.
Circular chunk: pcs-tech-pack-review -> pcs-tech-pack-bootstrap -> pcs-tech-pack-review. Consider disabling the "output.onlyExplicitManualChunks" option, as enabling it causes the static dependencies of the manual chunk "pcs-tech-pack-bootstrap" to be bundled into the chunk "pcs-tech-pack-review".
rendering chunks...
[plugin vite:reporter] 
(!) /Users/laoer/.codex/worktrees/9ec5/higoods/src/data/fcs/cut-piece-release.ts is dynamically imported by /Users/laoer/.codex/worktrees/9ec5/higoods/src/data/fcs/cutting/cut-piece-ticket-validity.ts, /Users/laoer/.codex/worktrees/9ec5/higoods/src/data/fcs/cutting/cut-piece-ticket-validity.ts, /Users/laoer/.codex/worktrees/9ec5/higoods/src/data/fcs/cutting/cutting-event-repository.ts, /Users/laoer/.codex/worktrees/9ec5/higoods/src/data/fcs/cutting/cutting-event-repository.ts, /Users/laoer/.codex/worktrees/9ec5/higoods/src/data/fcs/production-context-actions.ts but also statically imported by /Users/laoer/.codex/worktrees/9ec5/higoods/src/data/fcs/runtime-process-tasks.ts, /Users/laoer/.codex/worktrees/9ec5/higoods/src/data/fcs/sewing-assignment-readiness.ts, /Users/laoer/.codex/worktrees/9ec5/higoods/src/data/fcs/sewing-production-order-duration.ts, /Users/laoer/.codex/worktrees/9ec5/higoods/src/pages/fcs/material-prep/sewing.ts, /Users/laoer/.codex/worktrees/9ec5/higoods/src/pages/process-factory/cutting/cut-order-release-integration.ts, /Users/laoer/.codex/worktrees/9ec5/higoods/src/pages/process-factory/cutting/cut-piece-release.ts, /Users/laoer/.codex/worktrees/9ec5/higoods/src/pages/process-factory/cutting/cutting-daily-production-report-model.ts, /Users/laoer/.codex/worktrees/9ec5/higoods/src/pages/process-factory/cutting/supplement-management.ts, /Users/laoer/.codex/worktrees/9ec5/higoods/src/pages/sewing-outsourcing/tasks.ts, /Users/laoer/.codex/worktrees/9ec5/higoods/src/pages/unified-dispatch-workbench.ts, dynamic import will not move module into another chunk.

[plugin vite:reporter] 
(!) /Users/laoer/.codex/worktrees/9ec5/higoods/src/components/production-object-floating-entry.ts is dynamically imported by /Users/laoer/.codex/worktrees/9ec5/higoods/src/main.ts but also statically imported by /Users/laoer/.codex/worktrees/9ec5/higoods/src/components/shell.ts, dynamic import will not move module into another chunk.

[plugin vite:reporter] 
(!) /Users/laoer/.codex/worktrees/9ec5/higoods/src/data/fcs/printing-task-domain.ts is dynamically imported by /Users/laoer/.codex/worktrees/9ec5/higoods/src/data/fcs/dyeing-task-domain.ts, /Users/laoer/.codex/worktrees/9ec5/higoods/src/data/fcs/tmf-upstream-process-orders.ts, /Users/laoer/.codex/worktrees/9ec5/higoods/src/data/pms/tmf-material-purchases.ts, /Users/laoer/.codex/worktrees/9ec5/higoods/src/pages/process-factory/accessory/webbing/work-order-detail.ts, /Users/laoer/.codex/worktrees/9ec5/higoods/src/pages/process-factory/accessory/webbing/work-order-detail.ts but also statically imported by /Users/laoer/.codex/worktrees/9ec5/higoods/src/data/fcs/cutting/material-prep.ts, /Users/laoer/.codex/worktrees/9ec5/higoods/src/data/fcs/cutting/supplement-node-facts.ts, /Users/laoer/.codex/worktrees/9ec5/higoods/src/data/fcs/design-revision-material-transfer.ts, /Users/laoer/.codex/worktrees/9ec5/higoods/src/data/fcs/design-revision-process-work-order-adapter.ts, /Users/laoer/.codex/worktrees/9ec5/higoods/src/data/fcs/factory-receiving-links.ts, /Users/laoer/.codex/worktrees/9ec5/higoods/src/data/fcs/factory-receiving-source-sync.ts, /Users/laoer/.codex/worktrees/9ec5/higoods/src/data/fcs/mobile-execution-task-index.ts, /Users/laoer/.codex/worktrees/9ec5/higoods/src/data/fcs/pda-start-link.ts, /Users/laoer/.codex/worktrees/9ec5/higoods/src/data/fcs/printing-factory-demos.ts, /Users/laoer/.codex/worktrees/9ec5/higoods/src/data/fcs/printing-material-receipts.ts, /Users/laoer/.codex/worktrees/9ec5/higoods/src/data/fcs/printing-statistics.ts, /Users/laoer/.codex/worktrees/9ec5/higoods/src/data/fcs/printing-warehouse-view.ts, /Users/laoer/.codex/worktrees/9ec5/higoods/src/data/fcs/printing-work-order-business.ts, /Users/laoer/.codex/worktrees/9ec5/higoods/src/data/fcs/process-action-writeback-service.ts, /Users/laoer/.codex/worktrees/9ec5/higoods/src/data/fcs/process-execution-writeback.ts, /Users/laoer/.codex/worktrees/9ec5/higoods/src/data/fcs/process-mobile-task-binding.ts, /Users/laoer/.codex/worktrees/9ec5/higoods/src/data/fcs/process-warehouse-linkage-service.ts, /Users/laoer/.codex/worktrees/9ec5/higoods/src/data/fcs/process-web-status-actions.ts, /Users/laoer/.codex/worktrees/9ec5/higoods/src/data/fcs/process-work-order-domain.ts, /Users/laoer/.codex/worktrees/9ec5/higoods/src/data/fcs/process-work-order-generation-service.ts, /Users/laoer/.codex/worktrees/9ec5/higoods/src/data/fcs/production-demand-early-process-work-orders.ts, /Users/laoer/.codex/worktrees/9ec5/higoods/src/data/fcs/production-object-overview.ts, /Users/laoer/.codex/worktrees/9ec5/higoods/src/data/fcs/production-process-work-order-service.ts, /Users/laoer/.codex/worktrees/9ec5/higoods/src/data/fcs/production-task-breakdown.ts, /Users/laoer/.codex/worktrees/9ec5/higoods/src/data/fcs/task-print-cards.ts, /Users/laoer/.codex/worktrees/9ec5/higoods/src/pages/pcs-independent-sampling.ts, /Users/laoer/.codex/worktrees/9ec5/higoods/src/pages/pda-exec-detail.ts, /Users/laoer/.codex/worktrees/9ec5/higoods/src/pages/pda-exec.ts, /Users/laoer/.codex/worktrees/9ec5/higoods/src/pages/pda-task-receive.ts, /Users/laoer/.codex/worktrees/9ec5/higoods/src/pages/print/templates/printing-work-order-template.ts, /Users/laoer/.codex/worktrees/9ec5/higoods/src/pages/process-factory/cutting/production-order-overview-projection.ts, /Users/laoer/.codex/worktrees/9ec5/higoods/src/pages/process-factory/dyeing/pending-receipts.ts, /Users/laoer/.codex/worktrees/9ec5/higoods/src/pages/process-factory/printing/dashboards.ts, /Users/laoer/.codex/worktrees/9ec5/higoods/src/pages/process-factory/printing/dialogs.ts, /Users/laoer/.codex/worktrees/9ec5/higoods/src/pages/process-factory/printing/dispatch.ts, /Users/laoer/.codex/worktrees/9ec5/higoods/src/pages/process-factory/printing/events.ts, /Users/laoer/.codex/worktrees/9ec5/higoods/src/pages/process-factory/printing/presentation.ts, /Users/laoer/.codex/worktrees/9ec5/higoods/src/pages/process-factory/printing/shared.ts, /Users/laoer/.codex/worktrees/9ec5/higoods/src/pages/process-factory/printing/statistics.ts, /Users/laoer/.codex/worktrees/9ec5/higoods/src/pages/process-factory/printing/work-order-detail.ts, /Users/laoer/.codex/worktrees/9ec5/higoods/src/pages/process-print-orders.ts, /Users/laoer/.codex/worktrees/9ec5/higoods/src/pages/process-work-orders/early-process-management.ts, /Users/laoer/.codex/worktrees/9ec5/higoods/src/pages/production/demand-domain.ts, /Users/laoer/.codex/worktrees/9ec5/higoods/src/runtime/fcs/cutting/pickup-management-runtime.ts, dynamic import will not move module into another chunk.

computing gzip size...
dist/index.html                                                          12.61 kB │ gzip:   3.08 kB
dist/assets/pcs-pattern-parse.worker-B3_rAVMB.js                         18.52 kB
dist/assets/pcs-record-baseline-BWpImHil.json                         4,125.30 kB │ gzip: 226.59 kB
dist/assets/order-pages-BLg6Ma6N.css                                     85.42 kB │ gzip:  15.73 kB
dist/assets/index-DIT6Kke5.css                                          155.27 kB │ gzip:  25.49 kB
dist/assets/domain-snapshot-D8f5UWU1.js                                   0.34 kB │ gzip:   0.26 kB
dist/assets/sample-warehouse-projection-BQEB4uzv.js                       0.39 kB │ gzip:   0.25 kB
dist/assets/pcs-engineering-bom-snapshot-source-DlXUWD87.js               0.41 kB │ gzip:   0.30 kB
dist/assets/real-qr-placeholder-CKA4YXlP.js                               0.52 kB │ gzip:   0.35 kB
dist/assets/pcs-record-bootstrap-DxLkPX76.js                              0.56 kB │ gzip:   0.45 kB
dist/assets/dialogs-DRDw-LrO.js                                           0.59 kB │ gzip:   0.31 kB
dist/assets/design-revision-pcs-command-DwilyCiS.js                       0.68 kB │ gzip:   0.38 kB
dist/assets/pcs-storage-error-D2ucxlT-.js                                 0.71 kB │ gzip:   0.52 kB
dist/assets/badge-DbUQOZoe.js                                             0.78 kB │ gzip:   0.42 kB
dist/assets/images-Q79qfJD0.js                                            0.80 kB │ gzip:   0.35 kB
dist/assets/pms-export-CRZxW7LK.js                                        0.83 kB │ gzip:   0.50 kB
dist/assets/placeholder-Db96AsYD.js                                       0.85 kB │ gzip:   0.47 kB
dist/assets/pda-cutting-save-BXiwkQWg.js                                  0.89 kB │ gzip:   0.60 kB
dist/assets/trace-CABPJH4F.js                                             0.89 kB │ gzip:   0.51 kB
dist/assets/execution-prep-projection-helpers-DZjPeN3q.js                 0.94 kB │ gzip:   0.46 kB
dist/assets/history-Dp5kYeoj.js                                           0.94 kB │ gzip:   0.61 kB
dist/assets/payment-sync-CQ3pZCxD.js                                      0.97 kB │ gzip:   0.62 kB
dist/assets/tmf-reference-images-6geKcU1B.js                              0.98 kB │ gzip:   0.50 kB
dist/assets/print-service-CyrwQfQw.js                                     1.04 kB │ gzip:   0.52 kB
dist/assets/pda-sewing-self-return-mode-CVT5AEl1.js                       1.07 kB │ gzip:   0.54 kB
dist/assets/process-work-order-generation-service-B12UFGnu.js             1.07 kB │ gzip:   0.65 kB
dist/assets/detail.adapter-CM_NNu2S.js                                    1.08 kB │ gzip:   0.68 kB
dist/assets/material-purchase-references-BvlKAkSR.js                      1.10 kB │ gzip:   0.58 kB
dist/assets/routes-los-7VltO8YR.js                                        1.14 kB │ gzip:   0.54 kB
dist/assets/dyeing-material-receipts-D2A5GQMn.js                          1.14 kB │ gzip:   0.75 kB
dist/assets/pda-runtime-roHRGsAR.js                                       1.21 kB │ gzip:   0.66 kB
dist/assets/tech-pack-Bxpmgdzc.js                                         1.28 kB │ gzip:   0.59 kB
dist/assets/overview-Czl6MUpI.js                                          1.29 kB │ gzip:   0.71 kB
dist/assets/process-work-order-source-view-DPcWTqeT.js                    1.30 kB │ gzip:   0.58 kB
dist/assets/transfer-bag-handover-mock-D4I-NF-Y.js                        1.31 kB │ gzip:   0.71 kB
dist/assets/pcs-tech-pack-review-notification-repository-pw1Ld3jD.js      1.34 kB │ gzip:   0.59 kB
dist/assets/replacement-fabric-scan-BeH8ZvDz.js                           1.34 kB │ gzip:   0.82 kB
dist/assets/work-order-action-policy-B_htTkaE.js                          1.34 kB │ gzip:   0.68 kB
dist/assets/real-qr-CPyuFUed.js                                           1.39 kB │ gzip:   0.80 kB
dist/assets/filter-bar-Ba0risiZ.js                                        1.49 kB │ gzip:   0.81 kB
dist/assets/factory-types-DbcizYGx.js                                     1.52 kB │ gzip:   0.65 kB
dist/assets/material-identity-xTXrZ7OI.js                                 1.54 kB │ gzip:   0.84 kB
dist/assets/supplement-material-prep-demand-registry-DI-N3DvB.js          1.56 kB │ gzip:   0.75 kB
dist/assets/task-handover-domain-3O8p3V-w.js                              1.57 kB │ gzip:   0.76 kB
dist/assets/pda-cutting-wait-handover-actions-CXJybpAw.js                 1.58 kB │ gzip:   0.62 kB
dist/assets/warehouse-shared-DiZpv1z5.js                                  1.58 kB │ gzip:   0.51 kB
dist/assets/pcs-material-handoff-DiPbOAdZ.js                              1.65 kB │ gzip:   0.80 kB
dist/assets/task-chain-pages-adapter-BKCrQ0k0.js                          1.71 kB │ gzip:   0.84 kB
dist/assets/pcs-tech-pack-version-log-repository-KIL8sNwb.js              1.73 kB │ gzip:   0.78 kB
dist/assets/real-barcode-BHpCtURR.js                                      1.81 kB │ gzip:   0.96 kB
dist/assets/tmf-upstream-receiving-Dna0hQyo.js                            1.82 kB │ gzip:   1.14 kB
dist/assets/fei-tickets-storage-7KaIHPKx.js                               1.85 kB │ gzip:   0.58 kB
dist/assets/list-export-ZavBzHW4.js                                       1.86 kB │ gzip:   1.09 kB
dist/assets/toast-BXUvgm0t.js                                             1.87 kB │ gzip:   0.90 kB
dist/assets/wool-pda-scan-XlkWBSTq.js                                     1.88 kB │ gzip:   1.03 kB
dist/assets/mixed-transfer-bag-ticket-DETTPWFm.js                         1.89 kB │ gzip:   0.79 kB
dist/assets/kol-goto-fixed-total-ledger-DUthL7yh.js                       1.93 kB │ gzip:   0.93 kB
dist/assets/table-DkUvzy2A.js                                             2.04 kB │ gzip:   1.02 kB
dist/assets/pcs-action-dialog-BDH5t3S9.js                                 2.09 kB │ gzip:   1.07 kB
dist/assets/binding-process-pda-scan-CaG0QF_h.js                          2.18 kB │ gzip:   1.13 kB
dist/assets/special-craft-pda-scope-CSGnOMBS.js                           2.24 kB │ gzip:   1.02 kB
dist/assets/cutting-record-identity-CtTd0WGy.js                           2.26 kB │ gzip:   1.23 kB
dist/assets/cutting-file-maintenance-BbZUbst7.js                          2.33 kB │ gzip:   1.23 kB
dist/assets/helpers-BFKa6pUf.js                                           2.42 kB │ gzip:   1.21 kB
dist/assets/production-order-tech-pack-runtime-R-PMNGUr.js                2.44 kB │ gzip:   0.94 kB
dist/assets/mixed-bag-contents-DzJXb1yC.js                                2.52 kB │ gzip:   1.35 kB
dist/assets/tmf-work-order-view-D3S7TVIy.js                               2.56 kB │ gzip:   1.18 kB
dist/assets/production-context-recovery-Cy4AqVFK.js                       2.56 kB │ gzip:   1.30 kB
dist/assets/factory-capacity-profile-mock-Dv5YtZGT.js                     2.64 kB │ gzip:   1.15 kB
dist/assets/pms-excel-import-DnMCWv6B.js                                  2.66 kB │ gzip:   1.32 kB
dist/assets/shared-mroQS0Hu.js                                            2.70 kB │ gzip:   1.02 kB
dist/assets/process-order-list-presentation-uk1TIisc.js                   2.71 kB │ gzip:   1.26 kB
dist/assets/post-finishing-spu-technical-parameters-B2xeYdMI.js           2.79 kB │ gzip:   1.28 kB
dist/assets/marker-plan-projection-BxQtMn2_.js                            2.82 kB │ gzip:   1.22 kB
dist/assets/process-order-task-relations-CdAsy69F.js                      2.97 kB │ gzip:   1.29 kB
dist/assets/product-skus-CEt6Fukj.js                                      3.03 kB │ gzip:   0.96 kB
dist/assets/production-order-identity-D0hBLPFc.js                         3.04 kB │ gzip:   1.26 kB
dist/assets/tabs--aCvt7MO.js                                              3.09 kB │ gzip:   0.93 kB
dist/assets/dialogs-CHHbvNrQ.js                                           3.12 kB │ gzip:   1.28 kB
dist/assets/pda-cutting-runtime-action-inputs-BKHGqhhL.js                 3.13 kB │ gzip:   1.08 kB
dist/assets/trade-subjects-B1U82DIE.js                                    3.16 kB │ gzip:   1.12 kB
dist/assets/cutting-mainline-Ds9EAgbN.js                                  3.41 kB │ gzip:   1.53 kB
dist/assets/authorization-code-BjCCVU7F.js                                3.58 kB │ gzip:   1.72 kB
dist/assets/work-order-detail-DsJJBtxV.js                                 3.61 kB │ gzip:   1.51 kB
dist/assets/binding-process-warehouse-linkage-service-47r5yLYn.js         3.62 kB │ gzip:   1.38 kB
dist/assets/fcs-route-links-CdIu8Xoq.js                                   3.67 kB │ gzip:   1.20 kB
dist/assets/printing-sheet-preview-CNDuTmys.js                            3.69 kB │ gzip:   1.76 kB
dist/assets/shared-C_C1MlXn.js                                            3.72 kB │ gzip:   1.69 kB
dist/assets/confirmation-print-FKwGKz73.js                                3.73 kB │ gzip:   1.59 kB
dist/assets/quality-chain-adapter-CQlh6z4e.js                             3.73 kB │ gzip:   1.66 kB
dist/assets/shared-BcAq5HCO.js                                            3.87 kB │ gzip:   1.62 kB
dist/assets/task-route-card-CkjW8dBr.js                                   3.99 kB │ gzip:   1.73 kB
dist/assets/sewing-outsourcing-demo-BGOFy-_S.js                           4.05 kB │ gzip:   1.63 kB
dist/assets/task-delivery-card-mNNl4NgN.js                                4.05 kB │ gzip:   1.81 kB
dist/assets/tipping-form-BoX7nQSs.js                                      4.07 kB │ gzip:   2.02 kB
dist/assets/pcs-product-reference-check-Cwwh3YR1.js                       4.07 kB │ gzip:   1.69 kB
dist/assets/transfer-bag-repack-mock-aqZgtwoz.js                          4.09 kB │ gzip:   1.89 kB
dist/assets/production-contract-print-DgNoWQMs.js                         4.11 kB │ gzip:   2.09 kB
dist/assets/transit-simple-lists-3lrKE0CS.js                              4.17 kB │ gzip:   1.47 kB
dist/assets/pda-cutting-simple-cut-piece-handover-Sb0fFlEA.js             4.29 kB │ gzip:   1.93 kB
dist/assets/supplement-order-registry-CHnc7juB.js                         4.49 kB │ gzip:   1.76 kB
dist/assets/tmf-process-print-preview-z-84XSuB.js                         4.59 kB │ gzip:   2.16 kB
dist/assets/form-DxtyRl7u.js                                              4.74 kB │ gzip:   1.40 kB
dist/assets/layout.helpers-B2KW1-EU.js                                    4.76 kB │ gzip:   1.73 kB
dist/assets/runtime-task-tenders-YGz6fHpq.js                              4.76 kB │ gzip:   1.94 kB
dist/assets/preparation-material-receipt-sources-D8DjocQN.js              4.76 kB │ gzip:   1.99 kB
dist/assets/relations-Bi1XKEbu.js                                         4.80 kB │ gzip:   2.19 kB
dist/assets/sewing-outsourcing-responsibility-DjGXnpFD.js                 4.82 kB │ gzip:   2.10 kB
dist/assets/transit-dashboard-DBe7_we4.js                                 4.85 kB │ gzip:   2.04 kB
dist/assets/result-list-D4_TEgAg.js                                       4.94 kB │ gzip:   2.06 kB
dist/assets/store-domain-dispatch-process-BvwG25zk.js                     5.00 kB │ gzip:   1.94 kB
dist/assets/progress-board-BhREQ6Sm.js                                    5.01 kB │ gzip:   2.22 kB
dist/assets/process-order-list-controller-CZFwYwkX.js                     5.09 kB │ gzip:   1.90 kB
dist/assets/cutting-event-migration-BuzPENDG.js                           5.18 kB │ gzip:   2.07 kB
dist/assets/generated-cut-release-CLme1uqJ.js                             5.23 kB │ gzip:   2.36 kB
dist/assets/material-requirements-CoWk9wNn.js                             5.27 kB │ gzip:   2.24 kB
dist/assets/tmf-upstream-process-orders-DILFZmNI.js                       5.28 kB │ gzip:   2.46 kB
dist/assets/process-work-order-quality-settlement-BlTyRi6R.js             5.33 kB │ gzip:   2.20 kB
dist/assets/replacement-fabric-fei-tickets-DtBUNgLC.js                    5.63 kB │ gzip:   2.48 kB
dist/assets/tmf-process-continuation-B3hoPFRr.js                          5.66 kB │ gzip:   1.62 kB
dist/assets/dispatch-task-sheet-Cld1BSfe.js                               5.72 kB │ gzip:   2.71 kB
dist/assets/pcs-product-information-DaRbOZUq.js                           5.79 kB │ gzip:   2.64 kB
dist/assets/dashboards-BUGQI6WZ.js                                        5.79 kB │ gzip:   2.75 kB
dist/assets/process-order-three-axis-view-DaOuknEu.js                     5.85 kB │ gzip:   2.36 kB
dist/assets/wls-page-handlers-C7udnrl9.js                                 5.86 kB │ gzip:   2.10 kB
dist/assets/retired-cut-piece-pickup-history-DBgh0r4n.js                  5.87 kB │ gzip:   2.36 kB
dist/assets/replacement-fabric-label-template-CHKrjBIQ.js                 5.89 kB │ gzip:   2.61 kB
dist/assets/pda-cutting-nav-context-BnNB1J_F.js                           5.95 kB │ gzip:   1.40 kB
dist/assets/los-live-room-master-BtvU-VwW.js                              5.97 kB │ gzip:   2.66 kB
dist/assets/transfer-bags-projection-DvM3fgV7.js                          6.05 kB │ gzip:   2.38 kB
dist/assets/replacement-fabric-preview-BtyS1yaD.js                        6.05 kB │ gzip:   2.87 kB
dist/assets/fcs-pda-pickup-dispute-BMQM7WNt.js                            6.18 kB │ gzip:   2.18 kB
dist/assets/pda-wool-warehouse-flows-CR8TsFFp.js                          6.23 kB │ gzip:   3.06 kB
dist/assets/warehouse-standard-eSA47dX6.js                                6.30 kB │ gzip:   2.10 kB
dist/assets/fact-view-KJQmaUcm.js                                         6.35 kB │ gzip:   2.11 kB
dist/assets/transfer-bag-goods-label-BKRWEfDO.js                          6.46 kB │ gzip:   2.65 kB
dist/assets/production-contract-center-uPwi7siR.js                        6.62 kB │ gzip:   2.83 kB
dist/assets/sewing-outsourcing-supplement-tracking-Cg8D3D_u.js            6.63 kB │ gzip:   2.89 kB
dist/assets/workbench-DVJviUBE.js                                         6.63 kB │ gzip:   2.68 kB
dist/assets/cutting-task-routing-DFI6oJ_b.js                              6.65 kB │ gzip:   2.38 kB
dist/assets/factory-receiving-links-DK7iFK9z.js                           6.74 kB │ gzip:   2.72 kB
dist/assets/printing-work-order-template-Bg3Pv9y2.js                      6.77 kB │ gzip:   3.16 kB
dist/assets/routes-pda-Cntb-do_.js                                        6.85 kB │ gzip:   2.60 kB
dist/assets/production-contract-master-template-B957I2uc.js               6.85 kB │ gzip:   2.74 kB
dist/assets/shared-jB3ChoWX.js                                            6.86 kB │ gzip:   2.53 kB
dist/assets/routes-pcs-BwxjUAnU.js                                        6.90 kB │ gzip:   1.86 kB
dist/assets/data-management-CxFgmR5Q.js                                   7.00 kB │ gzip:   2.56 kB
dist/assets/material-handover-B4XMD48J.js                                 7.06 kB │ gzip:   2.77 kB
dist/assets/stock-seed-Cj8lLuwm.js                                        7.11 kB │ gzip:   2.44 kB
dist/assets/dye-work-order-times-w7U4XCtx.js                              7.22 kB │ gzip:   2.55 kB
dist/assets/overview.helpers-BP2F5Yu8.js                                  7.36 kB │ gzip:   2.88 kB
dist/assets/pcs-channel-legacy-conversion-Dg3I_fD9.js                     7.40 kB │ gzip:   3.19 kB
dist/assets/shared-DO01HLUo.js                                            7.43 kB │ gzip:   2.60 kB
dist/assets/settlement-flow-boundaries-DbkSNas3.js                        7.43 kB │ gzip:   2.53 kB
dist/assets/pcs-testing-order-create-8DzXhvdk.js                          7.51 kB │ gzip:   2.93 kB
dist/assets/production-craft-dict-XhlR8UsB.js                             7.51 kB │ gzip:   2.82 kB
dist/assets/transit-warehouse-CGN4xIMS.js                                 7.54 kB │ gzip:   2.13 kB
dist/assets/craft-actions-B3pKFGlz.js                                     7.55 kB │ gzip:   3.39 kB
dist/assets/pcs-sample-label-C9tFSD_4.js                                  7.68 kB │ gzip:   3.49 kB
dist/assets/supplement-node-facts-DAFf-0Qo.js                             7.76 kB │ gzip:   2.84 kB
dist/assets/sewing-outsourcing-return-tracking-DXJxbVq1.js                7.91 kB │ gzip:   2.96 kB
dist/assets/tmf-process-sheet-template-CoYyXxz_.js                        8.00 kB │ gzip:   3.80 kB
dist/assets/pda-transfer-bag-detail-DlZvWcza.js                           8.06 kB │ gzip:   3.03 kB
dist/assets/statistics-Cjs00pHf.js                                        8.07 kB │ gzip:   2.64 kB
dist/assets/progress-exception-lifecycle-BJx0gSBY.js                      8.09 kB │ gzip:   2.70 kB
dist/assets/supplier-supply-archives-Bid-xGw5.js                          8.13 kB │ gzip:   2.60 kB
dist/assets/production-contracts-BqFAjptO.js                              8.14 kB │ gzip:   2.77 kB
dist/assets/pda-notify-BJFReRki.js                                        8.35 kB │ gzip:   3.12 kB
dist/assets/milestone-configs-DCWjRWfx.js                                 8.41 kB │ gzip:   2.94 kB
dist/assets/pcs-testing-order-list-BKqJ-EID.js                            8.51 kB │ gzip:   3.31 kB
dist/assets/material-process-plans-C2OCdZCs.js                            8.66 kB │ gzip:   3.49 kB
dist/assets/pre-settlement-ledger-repository-w2dYvb-v.js                  8.84 kB │ gzip:   3.02 kB
dist/assets/pcs-pattern-library-config-DnR2t7SP.js                        8.84 kB │ gzip:   2.42 kB
dist/assets/pda-cutting-shared-Iiw2Uw8-.js                                8.87 kB │ gzip:   2.72 kB
dist/assets/navigation-context-5GcHOdSg.js                                8.87 kB │ gzip:   2.46 kB
dist/assets/warehouses-CSFYi5tN.js                                        8.89 kB │ gzip:   2.11 kB
dist/assets/bom-templates-NTIMml82.js                                     8.90 kB │ gzip:   3.70 kB
dist/assets/pda-cutting-execution-unit-CXY8hjnZ.js                        9.06 kB │ gzip:   3.44 kB
dist/assets/machine-associations-CNj9X2zU.js                              9.16 kB │ gzip:   3.11 kB
dist/assets/fei-ticket-numbering-gwMJ3Y0S.js                              9.21 kB │ gzip:   3.23 kB
dist/assets/pda-notify-detail-DOnameY2.js                                 9.24 kB │ gzip:   3.08 kB
dist/assets/pda-execution-C2xEJXru.js                                     9.30 kB │ gzip:   3.69 kB
dist/assets/pda-cutting-fei-ticket-numbering-Cuyd2MTB.js                  9.31 kB │ gzip:   3.22 kB
dist/assets/handover-records-WW1UUey5.js                                  9.35 kB │ gzip:   3.56 kB
dist/assets/workbench-CVB1qJHB.js                                         9.38 kB │ gzip:   3.86 kB
dist/assets/pda-warehouse-CyspORZy.js                                     9.43 kB │ gzip:   3.75 kB
dist/assets/mobile-B43s4up8.js                                            9.53 kB │ gzip:   3.08 kB
dist/assets/sewing-pickup-slips-tIPBfzhh.js                               9.65 kB │ gzip:   3.63 kB
dist/assets/dye-work-order-online-domain-CENfZg5D.js                      9.78 kB │ gzip:   3.65 kB
dist/assets/routes-pms-BFlk2HTh.js                                        9.80 kB │ gzip:   2.52 kB
dist/assets/production-receipts-BSPXuuX6.js                               9.81 kB │ gzip:   3.95 kB
dist/assets/pda-cutting-transfer-bag-recovery-CY00aOF9.js                 9.88 kB │ gzip:   4.03 kB
dist/assets/pending-receipts-CVF9AR7x.js                                  9.91 kB │ gzip:   4.09 kB
dist/assets/continuous-stock-w1WbBNYY.js                                 10.09 kB │ gzip:   4.11 kB
dist/assets/statistics-DwZwoHDa.js                                       10.10 kB │ gzip:   4.39 kB
dist/assets/trade-subjects-DFlufMyN.js                                   10.26 kB │ gzip:   3.73 kB
dist/assets/pda-cutting-transfer-bag-scrap-CrzxV0t9.js                   10.26 kB │ gzip:   4.17 kB
dist/assets/production-return-fulfillment-BlsxL4aE.js                    10.50 kB │ gzip:   4.00 kB
dist/assets/bom-templates-ChqjVeph.js                                    10.52 kB │ gzip:   2.48 kB
dist/assets/settings-NGYaYZE1.js                                         10.73 kB │ gzip:   3.24 kB
dist/assets/product-skus-D4KhRlqM.js                                     10.74 kB │ gzip:   4.14 kB
dist/assets/yarn-shipments-kmMWtbhN.js                                   10.74 kB │ gzip:   4.84 kB
dist/assets/list-C0cpjrIP.js                                             10.77 kB │ gzip:   3.76 kB
dist/assets/transit-receipts-BOa4DcT_.js                                 10.99 kB │ gzip:   4.02 kB
dist/assets/production-context-actions-CpfTbfRr.js                       11.14 kB │ gzip:   3.96 kB
dist/assets/cutting-event-repository-DyAwlBw7.js                         11.16 kB │ gzip:   4.77 kB
dist/assets/presentation-BFuCdliY.js                                     11.25 kB │ gzip:   4.64 kB
dist/assets/design-revision-pcs-storage-D2ozVRMd.js                      11.28 kB │ gzip:   4.27 kB
dist/assets/pda-exec-link-D80MGjid.js                                    11.31 kB │ gzip:   3.68 kB
dist/assets/material-prep-X8AxZI9i.js                                    11.39 kB │ gzip:   2.68 kB
dist/assets/dyeing-warehouse-view-CKQYRDtC.js                            11.49 kB │ gzip:   3.95 kB
dist/assets/pcs-engineering-preparation-projection-Ba884apt.js           11.49 kB │ gzip:   4.26 kB
dist/assets/pda-login-B8aa3o4b.js                                        11.65 kB │ gzip:   4.52 kB
dist/assets/warehouses-g7iM94-S.js                                       11.74 kB │ gzip:   4.23 kB
dist/assets/purchase-suggestions-CVpQLmRu.js                             11.87 kB │ gzip:   3.70 kB
dist/assets/material-transfers-CZj-P0Iy.js                               11.99 kB │ gzip:   4.21 kB
dist/assets/task-breakdown-C0d0LSmP.js                                   12.16 kB │ gzip:   4.53 kB
dist/assets/pickup-management-runtime-BuYJpQ4K.js                        12.25 kB │ gzip:   4.73 kB
dist/assets/task-execution-adapter-aYRS-hEV.js                           12.26 kB │ gzip:   3.69 kB
dist/assets/process-statistics-domain-8iLCK_c4.js                        12.33 kB │ gzip:   4.03 kB
dist/assets/pms-handlers-DEGrWNNP.js                                     12.54 kB │ gzip:   2.89 kB
dist/assets/context-CQCSFYCu.js                                          13.02 kB │ gzip:   4.60 kB
dist/assets/cutting-record-repository-JyXY1bR9.js                        13.04 kB │ gzip:   4.66 kB
dist/assets/meta-DqPRPSX8.js                                             13.16 kB │ gzip:   2.95 kB
dist/assets/handover-records-BEErcn3I.js                                 13.18 kB │ gzip:   4.15 kB
dist/assets/replacement-fabric-repository-DXgn3VkP.js                    13.25 kB │ gzip:   5.41 kB
dist/assets/handover-print-CYPD4Bc9.js                                   13.53 kB │ gzip:   4.96 kB
dist/assets/pda-start-link-BAPh0Weu.js                                   13.62 kB │ gzip:   4.81 kB
dist/assets/inventory-monitor-rqURVK4E.js                                13.66 kB │ gzip:   4.78 kB
dist/assets/bom-detail-eAr-Ek6h.js                                       13.69 kB │ gzip:   4.97 kB
dist/assets/returns-D_ukcSi7.js                                          13.84 kB │ gzip:   5.13 kB
dist/assets/wls-finished-inbound-mymFsOaU.js                             13.92 kB │ gzip:   5.31 kB
dist/assets/tmf-base-demo-nVhFmFDB.js                                    13.92 kB │ gzip:   5.03 kB
dist/assets/work-orders-B7u4l-98.js                                      13.99 kB │ gzip:   5.19 kB
dist/assets/wls-inbound-UPh-T4C8.js                                      14.05 kB │ gzip:   5.48 kB
dist/assets/cut-piece-return-warehouse-D1vnF9j7.js                       14.20 kB │ gzip:   5.08 kB
dist/assets/idb-storage-DYscBY_v.js                                      14.27 kB │ gzip:   5.28 kB
dist/assets/pcs-technical-data-tech-pack-list-D0D9mRf2.js                14.30 kB │ gzip:   4.93 kB
dist/assets/supplements-GS-nPyzs.js                                      14.34 kB │ gzip:   5.24 kB
dist/assets/mobile-execution-task-index--5Wb3YoX.js                      14.41 kB │ gzip:   3.87 kB
dist/assets/post-finishing-qc-print-template-ClQf_KDp.js                 14.50 kB │ gzip:   4.47 kB
dist/assets/work-orders-DjtzQUHh.js                                      14.55 kB │ gzip:   4.95 kB
dist/assets/printing-sheet-template-D95w4TWQ.js                          14.58 kB │ gzip:   5.05 kB
dist/assets/manual-fei-tickets-Cs48Oh4G.js                               14.69 kB │ gzip:   5.02 kB
dist/assets/work-orders-DvnYCadH.js                                      14.75 kB │ gzip:   4.78 kB
dist/assets/work-order-detail-Cw4uSbGP.js                                14.84 kB │ gzip:   4.77 kB
dist/assets/dispatch-task-sheet-template-tpju5q-K.js                     15.05 kB │ gzip:   6.00 kB
dist/assets/responsibility-transfers-CzIsFSaN.js                         15.10 kB │ gzip:   5.73 kB
dist/assets/workbench-DOApC66O.js                                        15.76 kB │ gzip:   4.80 kB
dist/assets/cut-order-supplement-fixture-CYlf4ryO.js                     15.96 kB │ gzip:   4.83 kB
dist/assets/outbound-orders-Bf78da5v.js                                  16.05 kB │ gzip:   5.21 kB
dist/assets/process-web-status-actions-CHassOab.js                       16.08 kB │ gzip:   4.30 kB
dist/assets/pcs-handlers-dpdnkUgT.js                                     16.18 kB │ gzip:   4.06 kB
dist/assets/handover-ledger-view-BZtaQ15j.js                             16.19 kB │ gzip:   4.46 kB
dist/assets/garment-spu-replacement-BVglBvWe.js                          16.40 kB │ gzip:   5.03 kB
dist/assets/reports-Bd6mvCjD.js                                          16.48 kB │ gzip:   4.27 kB
dist/assets/machines-BlWw606z.js                                         16.51 kB │ gzip:   5.51 kB
dist/assets/full-flow-print-D0a7hYiP.js                                  16.60 kB │ gzip:   5.55 kB
dist/assets/payment-requests-Dal8P1h-.js                                 16.74 kB │ gzip:   5.50 kB
dist/assets/progress-handover-order-CDVF9Vte.js                          16.86 kB │ gzip:   5.03 kB
dist/assets/wls-garment-relabel-tasks-CVKlJ7Ae.js                        16.91 kB │ gzip:   5.60 kB
dist/assets/cut-order-release-integration-6S68eRk1.js                    17.07 kB │ gzip:   6.11 kB
dist/assets/dispatch-acceptance-sla-Beaf93ZK.js                          17.15 kB │ gzip:   5.13 kB
dist/assets/sewing-cut-piece-return-workflow-DIgjVwcB.js                 17.21 kB │ gzip:   6.09 kB
dist/assets/part-ticket-records-DaDGREJ1.js                              17.36 kB │ gzip:   6.46 kB
dist/assets/pda-cutting-task-detail-pvNQHFrY.js                          17.37 kB │ gzip:   6.14 kB
dist/assets/product-purchase-orders-DIMg_xft.js                          17.42 kB │ gzip:   5.22 kB
dist/assets/cutting-runtime-event-ledger-DV8qplDb.js                     17.42 kB │ gzip:   6.05 kB
dist/assets/production-confirmation-B9L04iz9.js                          17.43 kB │ gzip:   5.94 kB
dist/assets/marker-spreading-projection-C9imMpj7.js                      17.50 kB │ gzip:   5.54 kB
dist/assets/output-stock-Ca7nEjoh.js                                     17.52 kB │ gzip:   6.60 kB
dist/assets/material-requirements-DKNRfKaL.js                            17.55 kB │ gzip:   6.00 kB
dist/assets/sewing-cut-piece-responsibility-DdZReD1q.js                  17.63 kB │ gzip:   5.30 kB
dist/assets/pda-sewing-self-return-B9fj3zFf.js                           17.68 kB │ gzip:   5.99 kB
dist/assets/simple-cut-piece-handover-fixtures-BtuRmOZy.js               17.74 kB │ gzip:   6.05 kB
dist/assets/progress-cutting-detail-CQ3Icx60.js                          17.80 kB │ gzip:   4.52 kB
dist/assets/bom-detail-mDNc9lRf.js                                       17.90 kB │ gzip:   5.78 kB
dist/assets/supplier-confirmations-Ca551KUm.js                           17.94 kB │ gzip:   5.33 kB
dist/assets/purchase-demands-CzUlz6qj.js                                 18.07 kB │ gzip:   5.82 kB
dist/assets/suppliers-DOxcttzm.js                                        18.16 kB │ gzip:   5.27 kB
dist/assets/store-domain-pda-Bl4jkAiC.js                                 18.21 kB │ gzip:   6.41 kB
dist/assets/pda-notify-due-soon-CREZAtAP.js                              18.41 kB │ gzip:   6.28 kB
dist/assets/process-mobile-task-binding-D9cuC0vc.js                      18.56 kB │ gzip:   6.49 kB
dist/assets/tasks-CvNY_8H1.js                                            18.57 kB │ gzip:   6.90 kB
dist/assets/platform-process-result-view-zeH5Ijv0.js                     18.64 kB │ gzip:   5.37 kB
dist/assets/store-domain-statement-source-adapter-ChHt1klN.js            18.71 kB │ gzip:   5.37 kB
dist/assets/generated-cut-orders-CIY847tn.js                             18.72 kB │ gzip:   5.63 kB
dist/assets/sewing-outsourcing-workbench-CHpL6Los.js                     18.76 kB │ gzip:   6.52 kB
dist/assets/supplier-supply-archives-Rj-PCwWW.js                         18.90 kB │ gzip:   5.80 kB
dist/assets/materials-DQo18LQz.js                                        18.93 kB │ gzip:   4.79 kB
dist/assets/pda-warehouse-shared-uSUr_n7D.js                             18.95 kB │ gzip:   5.69 kB
dist/assets/warehouse-DaLj2DQW.js                                        19.11 kB │ gzip:   6.12 kB
dist/assets/production-demand-early-process-work-orders-Brhkjeep.js      19.13 kB │ gzip:   5.74 kB
dist/assets/events-DWbVhb3R.js                                           19.21 kB │ gzip:   7.47 kB
dist/assets/platform.adapter-BdAl1a6v.js                                 19.25 kB │ gzip:   6.09 kB
dist/assets/kol-goto-pda-domain-DveBCwiJ.js                              19.33 kB │ gzip:   6.58 kB
dist/assets/shared-BXzRTGJB.js                                           19.43 kB │ gzip:   5.25 kB
dist/assets/units-BaDkARv5.js                                            19.73 kB │ gzip:   5.89 kB
dist/assets/post-finishing-current-read-model-DOUPBy8N.js                19.77 kB │ gzip:   5.53 kB
dist/assets/stage-display-BqNSFetr.js                                    19.84 kB │ gzip:   7.01 kB
dist/assets/factory-sample-verification-flow-DB_aoRbg.js                 19.86 kB │ gzip:   4.87 kB
dist/assets/adjustments-Ca3821-j.js                                      19.94 kB │ gzip:   6.19 kB
dist/assets/pda-warehouse-inbound-records-B1-12oeu.js                    20.11 kB │ gzip:   5.85 kB
dist/assets/index-D4I6iFB7.js                                            20.21 kB │ gzip:   5.22 kB
dist/assets/audit-records-DW29wiIA.js                                    20.35 kB │ gzip:   6.65 kB
dist/assets/process-water-soluble-orders-wdHylmW_.js                     20.49 kB │ gzip:   6.43 kB
dist/assets/material-process-plans-B2xORISU.js                           20.52 kB │ gzip:   7.58 kB
dist/assets/pda-warehouse-outbound-records-ITCwTlEq.js                   20.61 kB │ gzip:   6.08 kB
dist/assets/overview.adapter-BUq2PIux.js                                 20.65 kB │ gzip:   6.53 kB
dist/assets/task-orders-B4bCunN4.js                                      20.83 kB │ gzip:   7.18 kB
dist/assets/pcs-engineering-tech-pack-workspace-C2aZUoh-.js              21.00 kB │ gzip:   7.29 kB
dist/assets/shared-seed-CGi2rQR7.js                                      21.01 kB │ gzip:   6.23 kB
dist/assets/material-purchase-tracking-Ck8FY2p5.js                       21.11 kB │ gzip:   6.70 kB
dist/assets/events-BVjXf3Vi.js                                           21.17 kB │ gzip:   6.55 kB
dist/assets/order-list-columns-j0T9nzT6.js                               21.20 kB │ gzip:   6.63 kB
dist/assets/los-live-rooms-BrWgyR5i.js                                   21.23 kB │ gzip:   7.67 kB
dist/assets/pcs-testing-order-detail-BqKsclCH.js                         21.30 kB │ gzip:   6.21 kB
dist/assets/pcs-engineering-master-view-model-CpLx-JIy.js                21.39 kB │ gzip:   7.28 kB
dist/assets/suppliers-BFHT2iHm.js                                        21.68 kB │ gzip:   6.93 kB
dist/assets/tmf-domain-shared-CsnEeaO8.js                                21.88 kB │ gzip:   8.26 kB
dist/assets/routes-wls-BhB4rBvj.js                                       22.31 kB │ gzip:   7.24 kB
dist/assets/deduction-analysis-X2PedFir.js                               22.40 kB │ gzip:   6.54 kB
dist/assets/fei-ticket-numbering-atTF94Xg.js                             22.45 kB │ gzip:   6.48 kB
dist/assets/warehouse-location-map-model-BMzRpnZd.js                     22.51 kB │ gzip:   7.14 kB
dist/assets/subject-operations-sEr6KELc.js                               22.61 kB │ gzip:   7.02 kB
dist/assets/tasks-DAex5cSV.js                                            22.80 kB │ gzip:   7.29 kB
dist/assets/progress-statistics-linkage-eKnCT4N0.js                      22.86 kB │ gzip:   6.54 kB
dist/assets/work-order-detail-BKseXG9G.js                                22.92 kB │ gzip:   7.38 kB
dist/assets/cut-piece-handover-BrCDrCL9.js                               22.98 kB │ gzip:   7.44 kB
dist/assets/qc-workbench-Bd6IG3oM.js                                     23.03 kB │ gzip:   7.18 kB
dist/assets/recheck-orders-CGr43WWB.js                                   23.18 kB │ gzip:   7.34 kB
dist/assets/cut-piece-returns-C8ghkblY.js                                23.31 kB │ gzip:   7.21 kB
dist/assets/purchase-suggestions-BBjyfWVJ.js                             23.40 kB │ gzip:   7.34 kB
dist/assets/material-issue-DV6Ezh86.js                                   23.80 kB │ gzip:   5.92 kB
dist/assets/progress-cutting-overview-UTVdK5NQ.js                        23.83 kB │ gzip:   5.72 kB
dist/assets/dye-work-order-online-view-DupAWtEB.js                       24.15 kB │ gzip:   8.21 kB
dist/assets/quality-deduction-selectors-BV0V4qR_.js                      24.26 kB │ gzip:   6.28 kB
dist/assets/production-order-duration-Ce_0FF1m.js                        24.27 kB │ gzip:   9.27 kB
dist/assets/production-context-records-5OVJSbpc.js                       24.40 kB │ gzip:   8.62 kB
dist/assets/material-statements-CGe64D2m.js                              24.45 kB │ gzip:   6.73 kB
dist/assets/print-preview--A5Mdb4c.js                                    24.57 kB │ gzip:   8.24 kB
dist/assets/process-order-task-links-H6W1JarG.js                         24.68 kB │ gzip:   6.86 kB
dist/assets/retired-process-history-CJUukX0u.js                          24.75 kB │ gzip:   6.41 kB
dist/assets/dialogs-3EKSGrL1.js                                          24.86 kB │ gzip:   6.14 kB
dist/assets/material-preparation-BedcAGWw.js                             25.21 kB │ gzip:   8.79 kB
dist/assets/fcs-production-tech-pack-snapshot-DVlwir5K.js                25.35 kB │ gzip:   6.47 kB
dist/assets/kol-demands-C0R8ZXfP.js                                      25.43 kB │ gzip:   7.39 kB
dist/assets/wls-fabric-demand-board-Xv6JK9TO.js                          25.47 kB │ gzip:   6.84 kB
dist/assets/reconciliations-CiwNlGkW.js                                  25.55 kB │ gzip:   6.84 kB
dist/assets/machine-associations-D1M20IDK.js                             25.62 kB │ gzip:   7.76 kB
dist/assets/process-print-orders-BZh7gqeF.js                             25.74 kB │ gzip:   8.56 kB
dist/assets/process-dye-orders-DWQla4s6.js                               25.91 kB │ gzip:   8.64 kB
dist/assets/qc-orders-D2ry5Rrn.js                                        25.94 kB │ gzip:   8.28 kB
dist/assets/pda-handlers-Cn5wYbu7.js                                     26.67 kB │ gzip:   6.40 kB
dist/assets/marker-spreading-utils-DFLUVLYg.js                           26.71 kB │ gzip:   7.82 kB
dist/assets/simple-cut-piece-handover-ui-CwBrz5Db.js                     27.01 kB │ gzip:  10.08 kB
dist/assets/warehouse-location-map-BqOg8e_9.js                           27.06 kB │ gzip:   7.08 kB
dist/assets/pcs-config-workspace-repository-DUYYu2-k.js                  27.14 kB │ gzip:  10.27 kB
dist/assets/pda-warehouse-wait-handover-C-QO8UQ0.js                      27.57 kB │ gzip:   7.16 kB
dist/assets/progress-milestone-config-BLEvmK29.js                        27.59 kB │ gzip:   6.16 kB
dist/assets/pcs-pattern-library-detail-Kdm8uzFy.js                       27.67 kB │ gzip:   6.59 kB
dist/assets/pda-wool-fact-execution-CmxtKXbU.js                          28.02 kB │ gzip:   9.35 kB
dist/assets/third-party-factory-rating-CeABKI6O.js                       28.13 kB │ gzip:   8.06 kB
dist/assets/print-styles-BjQBw8jj.js                                     28.31 kB │ gzip:   4.01 kB
dist/assets/sample-approval-suggestions-B92qaSDs.js                      28.32 kB │ gzip:   8.88 kB
dist/assets/factory-status-CaaHgi3C.js                                   28.43 kB │ gzip:   6.02 kB
dist/assets/source-document-detail-Bjdu4-Jl.js                           28.45 kB │ gzip:  10.53 kB
dist/assets/sample-warehouse-BHhPoXrC.js                                 28.47 kB │ gzip:   7.35 kB
dist/assets/marker-plan-source-model-B-s5hQ1Q.js                         28.93 kB │ gzip:   8.48 kB
dist/assets/pcs-engineering-master-list-DU14uREk.js                      28.95 kB │ gzip:  10.10 kB
dist/assets/commands-DStuXcFg.js                                         29.05 kB │ gzip:   8.24 kB
dist/assets/pcs-engineering-master-detail-BtItD-Ou.js                    29.30 kB │ gzip:   8.65 kB
dist/assets/warehouse-kZ6PpM-t.js                                        29.79 kB │ gzip:  10.07 kB
dist/assets/logistics-reconciliations-BKNus50V.js                        30.17 kB │ gzip:   9.33 kB
dist/assets/pcs-technical-data-CL3ua7go.js                               30.50 kB │ gzip:   8.35 kB
dist/assets/production-order-progress-tracking-BUVrxWw0.js               30.53 kB │ gzip:  10.26 kB
dist/assets/material-reconciliations-CJ_dM1Uq.js                         30.57 kB │ gzip:   9.33 kB
dist/assets/progress-cutting-exception-center-BC-2mS0P.js                30.89 kB │ gzip:   7.19 kB
dist/assets/capability-g7UUBARK.js                                       31.65 kB │ gzip:   6.69 kB
dist/assets/replacement-fabric-fei-tickets-CovlUhae.js                   31.83 kB │ gzip:  10.93 kB
dist/assets/material-archives-D6wiOXoM.js                                31.86 kB │ gzip:   7.87 kB
dist/assets/factory-performance-D2Dyo3lp.js                              32.31 kB │ gzip:   6.74 kB
dist/assets/handover-orders-DHzX1pNa.js                                  32.46 kB │ gzip:   9.20 kB
dist/assets/dialogs-B3CJzk_v.js                                          32.71 kB │ gzip:   9.86 kB
dist/assets/task-detail-BN9iSExC.js                                      32.81 kB │ gzip:   9.72 kB
dist/assets/effective-task-assignments-CHM9Aftl.js                       33.11 kB │ gzip:  11.03 kB
dist/assets/garment-spu-replacements-F8t630qg.js                         33.13 kB │ gzip:   9.42 kB
dist/assets/process-warehouse-domain-C202EUUS.js                         33.27 kB │ gzip:   7.61 kB
dist/assets/pcs-tech-pack-bootstrap-BQcjXFgS.js                          33.31 kB │ gzip:   8.49 kB
dist/assets/cut-piece-return-domain-C_C704gi.js                          33.41 kB │ gzip:   9.93 kB
dist/assets/store-domain-settlement-seeds-DoySc8FI.js                    33.72 kB │ gzip:   9.01 kB
dist/assets/pcs-pattern-library-D4YaTImn.js                              33.73 kB │ gzip:   7.66 kB
dist/assets/warehouse-runtime-Cg62K6QQ.js                                33.87 kB │ gzip:   8.69 kB
dist/assets/pda-shell-iMPj_3AA.js                                        33.93 kB │ gzip:   9.05 kB
dist/assets/early-process-management-CIePEJM1.js                         34.61 kB │ gzip:   8.76 kB
dist/assets/dispatch-acceptance-sla-CiL7qHRA.js                          34.99 kB │ gzip:   7.90 kB
dist/assets/material-purchase-orders-B6TPNp1k.js                         35.16 kB │ gzip:  11.34 kB
dist/assets/stage-orders-j1XsR5-J.js                                     35.33 kB │ gzip:  10.95 kB
dist/assets/pda-post-finishing-flow-BfRUjm6T.js                          35.59 kB │ gzip:   9.63 kB
dist/assets/supplier-confirmations-CsqCHKp5.js                           36.09 kB │ gzip:   9.81 kB
dist/assets/stage-order-detail-wXG4umgZ.js                               36.18 kB │ gzip:  10.69 kB
dist/assets/pda-warehouse-stocktake-C7AyH8ue.js                          36.46 kB │ gzip:   9.43 kB
dist/assets/work-orders-D3tc2gYH.js                                      36.70 kB │ gzip:  12.41 kB
dist/assets/pending-receipts-BPjtFMWm.js                                 36.96 kB │ gzip:  11.32 kB
dist/assets/pcs-pattern-library-create-nZCz5tIy.js                       37.00 kB │ gzip:   8.66 kB
dist/assets/material-inventory-CoafgszT.js                               37.31 kB │ gzip:   9.26 kB
dist/assets/work-order-detail-DM5bTm9m.js                                37.36 kB │ gzip:  10.36 kB
dist/assets/third-party-factory-comprehensive-assessment-CwUBXkhL.js     37.47 kB │ gzip:  11.05 kB
dist/assets/water-soluble-orders-G5K19Q0H.js                             37.54 kB │ gzip:  11.46 kB
dist/assets/pda-task-receive-detail-B-NWyzz1.js                          37.61 kB │ gzip:   9.36 kB
dist/assets/work-order-detail-Oc2JXlDX.js                                37.81 kB │ gzip:  10.38 kB
dist/assets/first-leg-logistics-C7wUdupT.js                              37.92 kB │ gzip:  10.23 kB
dist/assets/product-purchase-orders-vTRQjgZG.js                          38.01 kB │ gzip:   9.33 kB
dist/assets/pcs-part-template-library-ClIjCUS6.js                        38.07 kB │ gzip:  13.44 kB
dist/assets/cutting-statistics-ab-material-DP2IYd2e.js                   38.13 kB │ gzip:   8.63 kB
dist/assets/store-domain-quality-bootstrap-CNq72On8.js                   38.24 kB │ gzip:   5.39 kB
dist/assets/first-leg-carriers-HbkCMKqU.js                               38.36 kB │ gzip:  10.27 kB
dist/assets/pda-cutting-inbound-CT1TnV3I.js                              38.91 kB │ gzip:  11.81 kB
dist/assets/special-processes-BMENBkuD.js                                38.95 kB │ gzip:  10.26 kB
dist/assets/pda-cutting-handover-DmjjZRya.js                             39.15 kB │ gzip:  12.00 kB
dist/assets/payment-requests-DYoXkqQN.js                                 39.27 kB │ gzip:  10.37 kB
dist/assets/pda-quality-CGviS0hx.js                                      39.31 kB │ gzip:  10.54 kB
dist/assets/warehouse-DfiuhkBc.js                                        39.73 kB │ gzip:  11.44 kB
dist/assets/semi-finished-orders-UyHY7KHW.js                             39.75 kB │ gzip:  12.14 kB
dist/assets/pda-cutting-transfer-bag-repack-Do-rTCAJ.js                  40.25 kB │ gzip:  11.56 kB
dist/assets/first-leg-shipments-Ym2L7K_9.js                              40.88 kB │ gzip:  10.26 kB
dist/assets/fcs-handlers-Dn2AZ7PN.js                                     43.02 kB │ gzip:  12.85 kB
dist/assets/pending-receipts-BSdsHL6X.js                                 43.47 kB │ gzip:  15.65 kB
dist/assets/label-print-template-DjIcKAr3.js                             43.47 kB │ gzip:  12.32 kB
dist/assets/lace-factory-domain-E69dJw3K.js                              44.40 kB │ gzip:  11.20 kB
dist/assets/warehouse-CIC003Vm.js                                        44.81 kB │ gzip:  11.47 kB
dist/assets/factory-receiving-P13Y8fLg.js                                45.23 kB │ gzip:  15.39 kB
dist/assets/cutting-summary-wdsdo8jx.js                                  45.89 kB │ gzip:  12.25 kB
dist/assets/engineering-file-upload-CMC6BfkG.js                          46.77 kB │ gzip:  14.45 kB
dist/assets/demand-domain-CP2qN9PP.js                                    47.35 kB │ gzip:  11.00 kB
dist/assets/handover-orders-DrsJsO6x.js                                  47.47 kB │ gzip:   9.30 kB
dist/assets/batches-Du9SdKKC.js                                          47.58 kB │ gzip:  10.35 kB
dist/assets/settlement-linked-mock-factory-CivU_PLC.js                   47.83 kB │ gzip:  14.54 kB
dist/assets/warehouse-DEfeKLR7.js                                        47.91 kB │ gzip:  11.48 kB
dist/assets/pcs-record-core-FNUasrD2.js                                  48.27 kB │ gzip:  16.16 kB
dist/assets/dyeing-blbSm-Q8.js                                           49.16 kB │ gzip:  10.94 kB
dist/assets/printing-CLBBXSp9.js                                         49.17 kB │ gzip:  10.94 kB
dist/assets/other-C-56TqQ0.js                                            49.18 kB │ gzip:  10.96 kB
dist/assets/sewing-CxjsB05d.js                                           50.20 kB │ gzip:  11.28 kB
dist/assets/dispatch-tenders-CF4jE005.js                                 50.33 kB │ gzip:  13.48 kB
dist/assets/progress-material-DB5Vy_oA.js                                50.42 kB │ gzip:  10.10 kB
dist/assets/pda-onboarding-BPV_t-AK.js                                   50.59 kB │ gzip:  10.82 kB
dist/assets/pda-task-receive-C0zVus3H.js                                 50.60 kB │ gzip:  12.69 kB
dist/assets/pda-cutting-execution-source-Dz0npC9p.js                     50.86 kB │ gzip:  13.79 kB
dist/assets/pcs-config-workspace-OZT_Doq7.js                             51.29 kB │ gzip:  17.91 kB
dist/assets/pcs-channel-stores-CvYb9qCA.js                               51.44 kB │ gzip:  15.00 kB
dist/assets/wait-handover-runtime-CYWiXdtV.js                            52.03 kB │ gzip:  14.50 kB
dist/assets/marker-plan-model-LN354rGj.js                                52.14 kB │ gzip:  14.93 kB
dist/assets/work-order-detail-Bv_4Mg0t.js                                53.02 kB │ gzip:  16.57 kB
dist/assets/store-domain-progress-DrpN3mnc.js                            53.17 kB │ gzip:  11.81 kB
dist/assets/pda-handover-7feUkZVn.js                                     53.35 kB │ gzip:  14.30 kB
dist/assets/detail-domain-C0NIMpuz.js                                    53.60 kB │ gzip:  11.94 kB
dist/assets/pcs-part-template-library-BR5b3ubJ.js                        53.80 kB │ gzip:  11.06 kB
dist/assets/material-purchase-orders-DZS8N4ID.js                         53.93 kB │ gzip:  16.39 kB
dist/assets/settlement-cutting-input-PKbWRh7y.js                         55.37 kB │ gzip:  11.79 kB
dist/assets/marker-plan-occupancy-D7ka1u8H.js                            57.45 kB │ gzip:  16.14 kB
dist/assets/progress-urge-VrbJuKpM.js                                    58.04 kB │ gzip:  12.11 kB
dist/assets/runtime-inputs-Bpb1Fh3a.js                                   58.25 kB │ gzip:  15.74 kB
dist/assets/warehouse-location-map-g_WVuBzo.js                           59.37 kB │ gzip:  17.88 kB
dist/assets/pda-cutting-spreading-Dg8D4Ie_.js                            59.79 kB │ gzip:  14.36 kB
dist/assets/wls-accessory-receipts-Dbp2o1ei.js                           60.15 kB │ gzip:  15.58 kB
dist/assets/factory-profile-H6vvEFa0.js                                  61.17 kB │ gzip:  14.03 kB
dist/assets/pda-settlement-DNP9GqRW.js                                   61.99 kB │ gzip:  14.39 kB
dist/assets/pickup-management-list-D2z0hucI.js                           63.34 kB │ gzip:  17.89 kB
dist/assets/cutting-C1MxTCJq.js                                          64.51 kB │ gzip:  13.70 kB
dist/assets/progress-handover-3rUwNiZt.js                                65.61 kB │ gzip:  14.31 kB
dist/assets/pcs-channel-products-D3PqGew3.js                             66.90 kB │ gzip:  22.23 kB
dist/assets/production-object-overview-PW2EBKJq.js                       67.79 kB │ gzip:  14.32 kB
dist/assets/output-documents-Dbm44T9e.js                                 68.80 kB │ gzip:  23.79 kB
dist/assets/core-BNOQIMBl.js                                             69.43 kB │ gzip:  13.13 kB
dist/assets/cutting-daily-production-report-hoCQur9d.js                  69.91 kB │ gzip:  19.81 kB
dist/assets/pda-exec-5Qpj7G2I.js                                         70.05 kB │ gzip:  16.33 kB
dist/assets/context-DCiADpPN.js                                          70.19 kB │ gzip:  21.60 kB
dist/assets/production-object-overview-DeMH5S3v.js                       71.90 kB │ gzip:  16.79 kB
dist/assets/progress-exceptions-CDGXumPw.js                              72.17 kB │ gzip:  14.02 kB
dist/assets/qc-records-CSW4sAcr.js                                       72.92 kB │ gzip:  16.69 kB
dist/assets/pcs-product-archives-DTW9z4M1.js                             73.32 kB │ gzip:  24.51 kB
dist/assets/pcs-engineering-tasks-f599TQkz.js                            73.34 kB │ gzip:  17.56 kB
dist/assets/pcs-sample-management-Dk2lBchv.js                            74.25 kB │ gzip:  18.47 kB
dist/assets/factory-onboarding-W7JoGPHd.js                               75.30 kB │ gzip:  12.70 kB
dist/assets/sewing-dispatch-B2ewK2o-.js                                  75.98 kB │ gzip:  19.97 kB
dist/assets/orders-domain-BixpaZK-.js                                    76.35 kB │ gzip:  16.91 kB
dist/assets/dialogs-B0C3QcQR.js                                          76.54 kB │ gzip:  18.95 kB
dist/assets/settlement-vdhawRIw.js                                       76.71 kB │ gzip:  12.05 kB
dist/assets/runtime-projections-DP9TfcOy.js                              78.06 kB │ gzip:  18.46 kB
dist/assets/process-action-writeback-service-BnmbaXDc.js                 78.29 kB │ gzip:  17.93 kB
dist/assets/transfer-bags-DkE3dFQV.js                                    80.42 kB │ gzip:  20.97 kB
dist/assets/production-progress-BTPeCp8T.js                              82.47 kB │ gzip:  21.09 kB
dist/assets/routes-fcs-Dv33V9bq.js                                       83.06 kB │ gzip:  15.64 kB
dist/assets/cut-piece-release-D0JLR8KL.js                                85.26 kB │ gzip:  25.88 kB
dist/assets/production-D9dflGWs.js                                       85.38 kB │ gzip:  18.50 kB
dist/assets/pda-handover-detail-DF6Uoye8.js                              85.49 kB │ gzip:  21.53 kB
dist/assets/pda-warehouse-wait-process-nORZlZ3_.js                       89.22 kB │ gzip:  21.88 kB
dist/assets/wait-handover-actions-_vUtYrT5.js                            90.10 kB │ gzip:  23.01 kB
dist/assets/events-CND64EBq.js                                           90.52 kB │ gzip:  22.37 kB
dist/assets/factory-onboarding-flow-BiiF5Yiu.js                          90.64 kB │ gzip:  23.34 kB
dist/assets/production-tech-pack-change-domain-DuA-oTsy.js               91.44 kB │ gzip:  24.08 kB
dist/assets/dispatch-n9l-uD8d.js                                         92.70 kB │ gzip:  28.26 kB
dist/assets/cut-orders-DlNKV3UH.js                                       96.50 kB │ gzip:  25.12 kB
dist/assets/cut-piece-release-h28pjW9D.js                               101.46 kB │ gzip:  26.78 kB
dist/assets/post-finishing-full-flow-D1gC-o93.js                        105.33 kB │ gzip:  27.31 kB
dist/assets/index-CMoai1c7.js                                           109.46 kB │ gzip:  39.85 kB
dist/assets/pcs-material-archive-detail-Ba82iHo4.js                     110.85 kB │ gzip:  36.87 kB
dist/assets/pcs-independent-sampling-B-AxgRu1.js                        112.27 kB │ gzip:  31.05 kB
dist/assets/transfer-bag-return-model-DLiEaVMM.js                       115.43 kB │ gzip:  27.31 kB
dist/assets/supplement-management-AdfDhR3x.js                           115.81 kB │ gzip:  30.88 kB
dist/assets/statements-CRpN7I39.js                                      121.34 kB │ gzip:  25.20 kB
dist/assets/events-CzYyxxlb.js                                          122.94 kB │ gzip:  31.87 kB
dist/assets/unified-dispatch-workbench-B3uPu_H9.js                      123.68 kB │ gzip:  34.83 kB
dist/assets/tmf-material-purchases-V59m6hoQ.js                          124.74 kB │ gzip:  32.48 kB
dist/assets/special-craft-task-orders-1e4qETT3.js                       127.41 kB │ gzip:  33.79 kB
dist/assets/quality-deduction-repository-yiETHEr_.js                    136.80 kB │ gzip:  26.67 kB
dist/assets/generated-fei-tickets-1ozO-ovl.js                           143.06 kB │ gzip:  36.24 kB
dist/assets/warehouse-hub-DxMLp5y0.js                                   143.59 kB │ gzip:  36.42 kB
dist/assets/production-timeliness-Vff-2v5T.js                           143.73 kB │ gzip:  47.55 kB
dist/assets/preparation-timing-QC9WJv6r.js                              146.62 kB │ gzip:  34.66 kB
dist/assets/marker-plan-C7tVh-7A.js                                     152.61 kB │ gzip:  36.44 kB
dist/assets/marker-spreading-CJVj2oxk.js                                156.43 kB │ gzip:  38.64 kB
dist/assets/return-inbound-BDRdxo8v.js                                  162.41 kB │ gzip:  28.14 kB
dist/assets/app-shared-Ce0GdlNc.js                                      163.18 kB │ gzip:  40.36 kB
dist/assets/transfer-bag-operations-Cjz-3kR2.js                         179.09 kB │ gzip:  44.60 kB
dist/assets/fei-tickets-DKsntVNq.js                                     185.89 kB │ gzip:  41.22 kB
dist/assets/print-template-registry-DOqxyyR3.js                         200.00 kB │ gzip:  50.91 kB
dist/assets/pcs-pattern-library-0WJSkEiG.js                             205.34 kB │ gzip:  45.56 kB
dist/assets/index--GzcKvNw.js                                           210.12 kB │ gzip:  66.49 kB
dist/assets/index-R5EUNwiq.js                                           224.31 kB │ gzip:  49.53 kB
dist/assets/pda-exec-detail-B-qLnkRv.js                                 250.30 kB │ gzip:  58.44 kB
dist/assets/process-tasks-YN28FC3d.js                                   275.17 kB │ gzip:  76.45 kB
dist/assets/process-domain-D_HZZaUC.js                                  275.82 kB │ gzip:  60.69 kB
dist/assets/production-orders-CpJKPaT3.js                               488.92 kB │ gzip:  47.17 kB
dist/assets/pda-DrvS4D6M.js                                             505.21 kB │ gzip:  83.25 kB
dist/assets/pcs-tech-pack-review-BwXtKEtX.js                            704.23 kB │ gzip: 190.85 kB
dist/assets/material-ledger-CJNMZslf.js                                 863.52 kB │ gzip: 219.38 kB
dist/assets/production-source-shared-Bj4b3XYm.js                      1,899.17 kB │ gzip: 216.72 kB

(!) Some chunks are larger than 550 kB after minification. Consider:
- Using dynamic import() to code-split the application
- Use build.rollupOptions.output.manualChunks to improve chunking: https://rollupjs.org/configuration-options/#output-manualchunks
- Adjust chunk size limit for this warning via build.chunkSizeWarningLimit.
✓ built in 11.82s
