
> higoods-vanilla-clone@1.0.0 build
> npm run typecheck:engineering && npm test && vite build


> higoods-vanilla-clone@1.0.0 typecheck:engineering
> npm run typecheck:entrypoints && npm run typecheck:scopes


> higoods-vanilla-clone@1.0.0 typecheck:entrypoints
> tsc --project tsconfig.engineering.json


> higoods-vanilla-clone@1.0.0 typecheck:scopes
> node scripts/check-typescript-scope.mjs src/domain/ src/components/ui/ src/state/

TypeScript 全量既有错误：3
本次渐进检查范围：src/domain/、src/components/ui/、src/state/
范围内错误：0
范围外既有错误保留在全量 typecheck 中继续分批治理。

> higoods-vanilla-clone@1.0.0 test
> npm run test:unit


> higoods-vanilla-clone@1.0.0 test:unit
> node --import tsx --test tests/unit/*.test.ts

✔ 浏览器存储封装保持读写删除语义 (0.40775ms)
✔ 浏览器存储不可用或抛错时保持静默降级 (0.201084ms)
✔ ISO与旧本地文本按实际时刻排序，不按空格与T字典排序 (1.939833ms)
✔ 同一时刻不同时间表达仍按账本序号和稳定ID防重复 (8.673125ms)
✔ 整组同分钟含低精度记录时，唯一可靠顺序形成稳定全序，不按成对条件切换 (0.709791ms)
✔ 全部精确时刻仍按秒排序，跨分钟不会被新账本号倒置 (0.082292ms)
✔ 缺少或重复账本顺序不恢复低精度秒数，沿用原时刻规则 (0.084ms)
✔ 共享生命周期在同分钟旧入仓后允许交出，并保留原周期和事实 (0.316666ms)
✔ 同分钟物理回收之后报废按真实顺序生效，不被周期边界副本或秒数重排 (0.1285ms)
✔ 同步动作反复读同一账本只转换一次，副本可修改，写后/下一动作/异常退出仍独立重读 (1.144917ms)
(node:61024) ExperimentalWarning: localStorage is not available because --localstorage-file was not provided.
(Use `node --trace-warnings ...` to show where the warning was created)
✔ 共享分配门禁拒绝同SKU错色码或错生产单身份 (28.087417ms)
✔ 共享保存拒绝重复借同格，空身份与非法数量 (45.536416ms)
(node:61025) ExperimentalWarning: localStorage is not available because --localstorage-file was not provided.
(Use `node --trace-warnings ...` to show where the warning was created)
✔ N 道只按最终逐票实收，不累计道数或非最终回仓 (0.711958ms)
✔ 末道独有回仓、错票、错工厂、逆序回仓均不得计齐套 (0.139708ms)
✔ 真实厂间完成事实只证明前道，末道仍以实际裁床回仓为准 (0.148959ms)
✔ 前道非法实收不能被加工完成标记绕过 (0.893375ms)
✔ 实际已分配厂取代票上默认厂，多家未确认不猜厂，打印票保持原样 (0.509375ms)
✔ 直转前道须有明确工艺身份完成，最终回仓受前道实物上限约束 (0.097166ms)
✔ 零量点收保留凭据；整票不可用和未知资料不贡献 (0.112875ms)
✔ 普通未装袋票不进放行，但既有简易交出可保持；正常换袋去重 (0.281542ms)
✔ 装袋同ID错票号、超原票或无效票面不提供可交实物 (0.197042ms)
✔ 逐票工艺实收保留真实业务回仓号、来源交出号及仓区库位 (0.267958ms)
✔ 旧实收缺加工完成依据保留实物，但不计最终齐套且明确待核对 (0.136916ms)
(node:61026) ExperimentalWarning: localStorage is not available because --localstorage-file was not provided.
(Use `node --trace-warnings ...` to show where the warning was created)
✔ 冻结原票的真实仓库实收继续更新；冻结后新票进晚到队列，不冒充原产出 (11.714917ms)
✔ 放行备份/读回安全整数与逐格合计，正常零不变成未确认 (1.132167ms)
✔ 无效整票追溯与未知collection不能借备份写入 (0.176917ms)
(node:61028) ExperimentalWarning: localStorage is not available because --localstorage-file was not provided.
(Use `node --trace-warnings ...` to show where the warning was created)
✔ 列表只读余量查询满足正整数身份门禁，K100/A205显示当前风险105、占用0及余量205 (93.258167ms)
✔ 裁片放行保留唯一菜单键和地址，归属裁床仓库管理 (0.174291ms)
✔ 字母与数值尺码升序，自定义尺码保留配置顺序 (0.548292ms)
✔ 非法数量和空白保持非法，不夹取或四舍五入成另一个有效量 (0.079916ms)
✔ 目标确认待保存及整票原因也受离开提醒保护，已保存目标和空白原因不误提醒 (0.1355ms)
✔ 本页导航、补料、系统与当前页签退出统一提醒，关闭其他页签和折叠菜单不误提醒 (0.144125ms)
✔ 未知自定义尺码在目标和放行矩阵明确提示待核对且保留原序，标准尺码不出现提示 (8.811ms)
✔ 未确认与确认零放行分开，零放行不回退成目标281件 (0.213584ms)
✔ 尚未确认且齐套未知时，确认汇总中的K和R均显示待核对而非零 (3.72675ms)
✔ 目标与放行渲染为相同颜色行、尺码升序列，缺失SKU格保持不可编辑 (4.190167ms)
✔ 逐票详情保留最终回仓实收、完整顺序、袋周期、成衣色与面料色以及差异 (0.492833ms)
✔ 侧栏逐道显示真实交出单、回仓业务号和库位，记录编号放在展开依据中 (0.338166ms)
✔ 加工完成未回仓仍显示未最终回仓，未知工艺不展示普通免工艺依据 (0.182667ms)
✔ 真实前道直转投影接入侧栏，末道实收80显示已最终回仓 (0.420791ms)
✔ 跨工厂直转前道不必回裁床，最终实收80片显示已最终回仓 (0.148625ms)
✔ 最终实际点收0片保留完成事实，不显示待加工或待回仓 (0.127459ms)
✔ 历史实收有原始回仓数量但缺加工完成依据，明细保留实收且暂不计齐套 (0.135ms)
✔ 整票更正确认同时展示票袋工艺放行分配及保留历史责任 (9.650666ms)
✔ 整票登记保存携带打开详情时的版本，旧页面不会改用后来读到的版本 (0.703459ms)
✔ 文案采用短句，目标和放行保留操作边界，整票确认保留实际后果 (5.290125ms)
✔ 具名静态演示材料使用既有真实图片，三道工艺仅按最终回仓计入 (8.279125ms)
✔ 示例内部身份只在追溯展开中显示，真实票号完整保留且确认仍显示实际影响 (13.438916ms)
✔ 真实生成的工艺记录内部UUID只在展开中显示，不替换真实业务号 (2.252375ms)
(node:61029) ExperimentalWarning: localStorage is not available because --localstorage-file was not provided.
(Use `node --trace-warnings ...` to show where the warning was created)
✔ 同次批量袋读取与逐袋严格结果一致，最新实收更正重新计算且不改原事实 (124.853875ms)
✔ 带袋同一秒连续逐票更正有独立事实，同一更正重试只保存一次 (20.186083ms)
✔ 无袋同一秒连续逐票更正有独立事实，同一更正重试只保存一次 (11.239041ms)
✔ 保留历史换袋确认按真实来源入仓先后匹配，ISO与本地文本不丢来源库位 (0.859708ms)
✔ 特殊工艺实回库位从原票快照读取生产单，零实收票不冒充当前库存关联 (8.143333ms)
✔ PDA实际入仓入口保留默认时间秒与时区，同一分钟交出后可逐票回仓 (7.306083ms)
✔ PDA实回页按第二张菲票自身当前阶段和实际交出数量显示应回数量 (7.762292ms)
✔ 无袋实收10更正9扣库存差额，重新装袋或实际交出后不反冲其他库存 (30.625208ms)
✔ 明确单道无袋实收9合法实交后更正7保留旧9责任与真实接收厂 (34.403666ms)
✔ 整袋候选与提交共享未知来源、未知必要工艺及整票不可用阻断，caller不能给空事件绕过 (50.314917ms)
✔ 连续工艺具名示例仅提供真实技术包两条未分配任务，不写事实或覆盖旧任务 (4.338541ms)
✔ 不同菲票的同一实际有序工艺链可同袋，链身份不使用每票阶段ID (0.340458ms)
✔ 同链两张菲票保留各自阶段身份并分别实收，不把第二票当第一票工艺 (7.52ms)
✔ 连续工艺直接由实际持有厂转交下道，前道完成与最后回仓分开记账 (5.313875ms)
✔ 同袋两票连续转交按每票前道和下道身份核对，最后分别回仓 (19.187791ms)
✔ 实际任务绑定明确匹配技术包部位工艺、色码、目标对象和当前分配，不采用默认厂 (0.294625ms)
✔ 特殊工艺交出只能读取原票当前阶段与唯一实际承接任务 (0.16675ms)
✔ ISO来源交出后同一分钟实际回仓保留秒与时区，不被文本格式判为早于来源 (9.003208ms)
✔ 逐票实收分别计数，更正库存仅按差额且保留原票 (8.443291ms)
✔ 未核对加工完成不得保存；历史完成未知保留实收P而不能冒充齐套 (4.414167ms)
✔ 缺逐票确认、空白、小数、超量与未说明差异都不写入 (3.882333ms)
✔ 明确零量点收保留事实，但不生成库存或后道实物 (3.487417ms)
✔ 按身份与顺序分袋，普通和不同工艺链被阻断 (0.106042ms)
✔ 无袋按票独立点收，不能重复新增或回到其他裁床工厂 (4.566792ms)
✔ 多道工艺分别保留同票阶段实收，末道不会累加前道数量 (12.145125ms)
✔ 100片已经交出后更正为90片只改依据，保留原实交责任且不反冲库存 (34.525875ms)
✔ 同一分钟旧入仓分钟时间晚于精确装袋账本，不退回已装袋状态 (0.92675ms)
✔ 正常入仓默认保留完整时刻，同分钟装袋后入仓可继续交出 (0.670625ms)
✔ 实际带袋回仓入口保留ISO秒和时区，不先截断成旧本地分钟 (3.466541ms)
✔ 实际无袋回仓入口保留ISO秒和时区，不先截断成旧本地分钟 (3.504ms)
✔ 实际空袋回仓入口保留ISO秒和时区，不先截断成旧本地分钟 (3.343375ms)
✔ 初始演示订单正常新增装袋手动票进入当前正式放行，保留原目标与放行且不混入PDA变体物料 (562.534792ms)
✔ 旧存储 getter 不可读时，后道演示开关不阻断裁床依赖模块导入 (260.052542ms)
✔ 裁床工艺来源读取不初始化未迁移的全厂接收需求，原工艺厂读取仍保护旧源 (565.06675ms)
✔ 先读裁床来源再进入工艺厂，任务身份与需求数量一致且仓库记录可正常生成 (579.856792ms)
✔ 已准备任务来源后，任务单预览不加载无关工艺厂接收来源 (705.068292ms)
(node:61031) ExperimentalWarning: localStorage is not available because --localstorage-file was not provided.
(Use `node --trace-warnings ...` to show where the warning was created)
✔ 独立裁剪整任务改派保留数量和执行历史，旧有效分配失效，新范围唯一 (58.65625ms)
✔ 裁床改派回原工厂且回填同一业务日期，不复用旧票范围；普通审计不改身份 (0.152041ms)
(node:61033) ExperimentalWarning: localStorage is not available because --localstorage-file was not provided.
(Use `node --trace-warnings ...` to show where the warning was created)
✔ 交出列表省略详情路线读取时保留全部输出字段 (328.348083ms)
(node:61034) ExperimentalWarning: localStorage is not available because --localstorage-file was not provided.
(Use `node --trace-warnings ...` to show where the warning was created)
✔ MIG-001/002/006: management entry and handlers belong to FCS; PFOS keeps execution (2.215292ms)
✔ MIG-003/007: prep and execution read the same early order identities, quantities and match status (638.466416ms)
✔ MIG-004/009: migrated dialogs retain candidate fields, actual material image and task outputs (0.8185ms)
✔ MIG-011: management and execution use the same seven business display columns (9.015333ms)
✔ MIG-007: early dye/print creation and cancellation survive reload (2252.923917ms)
✔ BOM working-copy write failure preserves prior state; retry succeeds (151.801167ms)
✔ existing production preparation data does not trigger demo writes on entry (1385.882042ms)
✔ rollback of an unchanged saved BOM does not perform another failing write (31.706167ms)
✔ BOM dictionary preserves old JSON and all snapshot values without mutating input (3.660709ms)
✔ BOM dictionary rejects missing references instead of replacing data silently (0.199416ms)
(node:61040) ExperimentalWarning: localStorage is not available because --localstorage-file was not provided.
(Use `node --trace-warnings ...` to show where the warning was created)
✔ PDA顶栏计数与实际完整待办相同，覆盖各任务工厂及管理员/员工角色 (1741.117083ms)
✔ 解析带标签、小数和空格的长度数量 (0.458917ms)
✔ 解析卷数并对不合法文本返回 0 (0.108625ms)
✔ 证据文件标识把连续空白收口为单个连字符 (0.137625ms)
(node:61043) ExperimentalWarning: localStorage is not available because --localstorage-file was not provided.
(Use `node --trace-warnings ...` to show where the warning was created)
✔ 设计改款可成批生成染色和印花加工单，且完整投影来源与上下游 (975.689375ms)
✔ 设计改款加工单生成幂等，重复请求不增加单据 (43.470041ms)
✔ 同一设计改款任务的不同颜色和 BOM 行分别生成加工单 (52.451583ms)
✔ 成批提交失败时染色与印花加工单一起回滚 (19.693166ms)
✔ 设计改款来源缺关键引用或来源未知时必须阻断 (0.185875ms)
(node:61044) ExperimentalWarning: localStorage is not available because --localstorage-file was not provided.
(Use `node --trace-warnings ...` to show where the warning was created)
✔ 设计改款染后印花必须先分配印花厂，染色交出不能误送中央工厂 (292.271042ms)
✔ 仅染与仅印分别创建一张加工单和一条仓库首道调拨计划 (15.383375ms)
✔ 辅料染色单创建后已有辅料仓调拨计划，分厂时自动落实原单但不冒充实发 (10.816833ms)
✔ 历史双工艺加工单仍可追溯原有染印交接 (468.666542ms)
✔ 先染后印目标 SKU 创建两段加工单，印花只接收本行染后物料而不能跳过染色 (1366.569334ms)
✔ 单独印花 SKU 从仓库发印厂并完成样衣归档 (1436.004541ms)
✔ 印花实际交出生成中央工厂待接收原单，实收回写原交接并允许完成加工单 (449.032042ms)
✔ 专业成果没有真实附件时保持未绑定 (10.982417ms)
(node:61047) ExperimentalWarning: localStorage is not available because --localstorage-file was not provided.
(Use `node --trace-warnings ...` to show where the warning was created)
✔ 可打印不等于可建交出单，必须完成真实标签打印 (0.451375ms)
✔ 卷规格无效时不可建交出单，且不改变原可打印判定语义 (0.064041ms)
✔ 人工完成印花加工单不再自动填充操作人 (214.602917ms)
(node:61049) ExperimentalWarning: localStorage is not available because --localstorage-file was not provided.
(Use `node --trace-warnings ...` to show where the warning was created)
✔ 非 KOL PDA 导入不生成 KOL 领交料；首次 KOL 访问生成完整且幂等的演示记录 (206.217583ms)
✔ PDA 单任务读取保持普通任务、测试工厂与 KOL 任务内容和查找优先级 (1.527042ms)
(node:61051) ExperimentalWarning: localStorage is not available because --localstorage-file was not provided.
(Use `node --trace-warnings ...` to show where the warning was created)
✔ 实际唛架重复相同来源只建一次，票身份按该单颜色尺码和技术包部位定位 (0.503834ms)
✔ 重复ID不同内容不得覆盖；不同部位实例和尺寸不得合并 (0.23175ms)
✔ 跨单、错颜色、错物料、错部位和错误每件片数均阻断 (0.094833ms)
✔ 真实手动无铺布层序票可读且免层序编号，普通缺区间和伪手动来源仍阻断 (21.644042ms)
✔ 主料唛架只展开其明确部位，拼接料和口袋布各自保留，不猜未知映射 (6.787208ms)
(node:61053) ExperimentalWarning: localStorage is not available because --localstorage-file was not provided.
(Use `node --trace-warnings ...` to show where the warning was created)
✔ 可编辑的演示唛架保存后优先读取用户记录，刷新不恢复原备注和状态 (388.129292ms)
✔ 日报窗口含截止日7天，重点日均独立使用前6天 (0.447292ms)
✔ 未知采购不填0，未BOM不输出完整确定订单需求 (0.096583ms)
✔ 突变必须绝对量与比例同时达到阈值 (0.055375ms)
✔ 截止日突变示例与未完结日不判定 (0.056041ms)
✔ 共享商品按SPU去重而不按关联行累加销量 (0.093208ms)
✔ 预选不产生确定用料；BOM需求保留物料归属 (0.117333ms)
✔ 同料BOM优先于预选，不重复关系及需量 (0.065458ms)
✔ 两个业务页具有独立容器、标准分页与证据边界 (14.292542ms)
✔ 未进入物料页面时 bridge 不加载业务；加载失败重试后首次渲染即已注册 (3.277208ms)
✔ click 分组顺序、短路、选择器范围保持原行为，重新注册替换旧处理器 (0.54575ms)
✔ 备料写入守卫读取实时角色与水位，阻断时不调用业务处理器 (0.310667ms)
✔ input/change/keyboard 原入口、筛选范围和 change 优先级完整保留 (0.287625ms)
✔ health groups are exhaustive and mutually exclusive in demo (0.783ms)
✔ coverage and baseline use same inventory plus transit but distinct demand windows (0.064ms)
✔ zero demand is unavailable rather than infinity and huge finite quotient stays finite (0.087333ms)
✔ date selects different consistent snapshot (0.085667ms)
✔ threshold changes alter classification without changing facts (0.061625ms)
✔ health view carries core P1 business sections and mock caveat (14.88775ms)
✔ AT16 rules do not substitute brand, size or packaging method (0.760375ms)
✔ AT24 equal priority conflict blocks resolution and identifies rules (0.62125ms)
✔ higher explicit priority resolves a lower priority overlap (0.102084ms)
✔ plans distinguish garments and parcels and add loss once (0.255959ms)
✔ AT18 white pendant stock only allocated once (0.144958ms)
✔ event duplicate and old revision do not add consumption; reprints are activity only (0.210042ms)
✔ conflicting same revision fails instead of silently choosing a payload (0.103833ms)
✔ AT17/19/20 panel states unresolved ASAYA, independent kit80 and unknown ribbon (0.33825ms)
✔ trigger distinct from target, existing supply produces explainable zero (0.559667ms)
✔ missing mapping or usage and incompatible raw unit block unsafe generation (0.162125ms)
✔ generation reserves remaining once and shared raw pool across target rules (0.977375ms)
✔ production does not increase stock; actual SKU and output bound partial receipts (0.159625ms)
✔ cancelled suggestion releases commitment and raw allocation (0.072333ms)
✔ AT05 committed greige is not available for a second allocation (0.842042ms)
✔ AT06 partial receipt reduces expected supply; checking and qualified never duplicate (0.596333ms)
✔ AT07 unmapped target preserves quantities but gives no target coverage (0.150041ms)
✔ §7.2 loss reduces future supply; rejected receipts never become usable (0.106958ms)
✔ §7.3 unit/yield/route and conservation gaps block deterministic supply (0.183292ms)
✔ §7.3 candidate comparison reports remaining shortage and respects arrival deadline (0.238917ms)
✔ §7.3 zero gap stays zero and nonfinite inputs cannot produce advice (0.109708ms)
✔ panel uses owned local handlers and discloses mock and missing images (1.093875ms)
✔ P2 coefficients and coverage exclude transit (7.050583ms)
✔ P2 coverage buckets have exclusive shared boundaries (0.479959ms)
✔ P2 partial receipts and completed batches count remaining only (0.061708ms)
✔ P2 latest overdue selected only if no future batch; today included (0.058125ms)
✔ P2 search transit and ETA filters compose (0.131875ms)
✔ P2 zero demand and missing BOM preserve distinct nulls; micro demand excluded (0.067541ms)
✔ P2 standard table renders and limits initial rows to first page (6.0105ms)
✔ AT01/02 internal reservation stays in coverage while external reservation is deducted (17.271292ms)
✔ AT03 quality segments are not usable (0.151917ms)
✔ AT04 partial receipt leaves remaining supply only (0.166917ms)
✔ AT08/38 late supply never erases earlier shortage (0.13475ms)
✔ AT09 intermediate deficit determines net need rather than positive closing balance (0.120834ms)
✔ AT10 MOQ and pack rounding, zero stays zero (0.115834ms)
✔ AT11 horizon begins at cutoff and is not expanded by lead time (0.1385ms)
✔ AT12 forecast covered by confirmed demand is excluded before coefficient (0.114791ms)
✔ AT13 no demand has no numeric coverage (0.106792ms)
✔ AT14 cancelling demand does not change stock (0.137208ms)
✔ AT15 latest event revision only (0.380417ms)
✔ AT16/17 directory preserves bag sizes and ASAYA duplicated input is one unresolved SKU (0.082875ms)
✔ AT18 three brands draw from one shared pool (0.107792ms)
✔ AT19/20 kit capacity respects minimum and missing conversion (0.052625ms)
✔ AT21 inactive/unusable stock remains physically visible (0.091875ms)
✔ AT23 affected order identifiers are unique (0.088292ms)
✔ AT25/26 draft does not mutate active and invalidates trial (0.055958ms)
✔ AT26/28 publish requires role and exact trial; history retained (0.175791ms)
✔ AT31 risk cannot close with remaining shortage or skip verification (0.146666ms)
✔ AT37 invalid dates, unknown timezone, bad numeric values rejected (0.088292ms)
✔ duplicate supply chain does not double count and blocks deterministic advice (0.080291ms)
✔ warehouse catalogue includes 17 locations and two garment warehouses (0.034541ms)
✔ candidate comparison retains pre-arrival risk (0.2445ms)
✔ SKU-specific policy wins and duplicate rules block publish (0.119458ms)
(node:61062) ExperimentalWarning: localStorage is not available because --localstorage-file was not provided.
(Use `node --trace-warnings ...` to show where the warning was created)
✔ 逐票与逐打印任务保持原结构，变更一条只保存一条 (1.052416ms)
✔ 草稿按原映射键保存；手工票与操作记录分离，删除票保留审计 (0.221666ms)
✔ 拒绝损坏JSON且不冒充空数据 (0.120042ms)
✔ 拒绝空字符串且不冒充空数据 (0.051583ms)
✔ 拒绝错误根且不冒充空数据 (0.045375ms)
✔ 拒绝重复票号身份且不冒充空数据 (0.056708ms)
✔ 拒绝缺少票号且不冒充空数据 (0.043917ms)
✔ 拒绝错误状态且不冒充空数据 (0.037833ms)
✔ 拒绝打印关联缺失且不冒充空数据 (0.052375ms)
✔ 拒绝草稿身份缺失且不冒充空数据 (0.077375ms)
✔ 拒绝手工日志缺失且不冒充空数据 (0.047959ms)
✔ 拒绝手工二维码缺失且不冒充空数据 (0.040041ms)
✔ 已保存实体与备份身份校验，不接受伪造集合或迁移元数据 (0.399042ms)
✔ 袋账派生绑定锁，无需持久化派生票快照；关闭周转解除旧快照锁 (404.629625ms)
✔ 唛架来源和铺布单逐实体保存，保留卷明细、层序及来源引用 (0.302917ms)
✔ 指定保存对象不复制重复静态唛架，也不覆盖其他已保存铺布单 (0.884042ms)
✔ 旧袋账按实体保留绑定与历史，局部动作不复制静态袋档案 (0.674583ms)
✔ 专用打印来源保留原票身份、数量、状态、袋锁及打印对象，不查询全量PDA与库存摘要 (8366.240042ms)
✔ 实际输出首打保持原身份与数量；动态与普通来源均可打印，失效来源阻断，重复首打不新增 (104.089083ms)
✔ 唛架引用读取失败明确阻断，不将迁移或读取错误伪装成空铺布来源 (0.829625ms)
✔ 用户唛架方案逐ID迁移保留床次和占用，修改一张不重写其它方案 (0.17575ms)
✔ PDA及手工票专用唛架定义与原完整投影等价，保留床次、数量和可铺布资格 (433.356958ms)
✔ 裁床配料按真实生产单范围读取与全量结果逐字段相等，保留库存、领取、状态与任务链接 (408.700416ms)
✔ PDA铺布目标直接携带真实已保存铺布单的裁床与负责人，不另算整套列表 (315.712083ms)
✔ 铺布投影复用唛架定义仍保留已保存session的卷明细、裁床、负责人和实际裁剪数量 (276.820834ms)
✔ 路由标准化移除 query 与 hash，但不改动路径 (1.31825ms)
✔ 只匹配路由根或其子路径，不误匹配相似前缀 (0.218208ms)
✔ 可在多个合法根路径中匹配一个 (0.142958ms)
✔ 只把完整生产确认单打印路由识别为命中 (0.191417ms)
✔ 专业任务必须全部有效明细通过且保留成果与审核事实 (0.726208ms)
✔ 纸样名称或物料关联不能替代可读取原文件 (11.150958ms)
(node:61065) ExperimentalWarning: localStorage is not available because --localstorage-file was not provided.
(Use `node --trace-warnings ...` to show where the warning was created)
✔ 目标 SKU 的四种加工组合、前序实物和 BOM Q 均按已建档字段读取 (1.577125ms)
✔ 整单总量口径保存后仍按一次总量计算，不被样衣件数重复放大 (1394.560916ms)
✔ 一张设计改款 BOM 同时有 Yard 面料和 PCS 辅料时，各行独立计量且辅料无需加工调拨 (62.824833ms)
✔ 复用既有纸样与参照 BOM 的无印染任务可直接提交样衣并自动完成；复制只生成草稿 (1295.821625ms)
✔ 批量复制保留物料、费用和样衣安排为独立可编辑草稿，不生成工作 (84.2305ms)
✔ 单页创建同时保存物料、费用与样衣要求；失败不留下空任务 (68.829ms)
✔ 加工按物料行及实际阶段执行：纯染行与先染后印行独立串联 (200.400125ms)
✔ 旧设计任务移除线下工作和依赖，保留加工单身份、样衣成果及原始输入 (1156.478458ms)
✔ 任务汇总排除未启用，待前置只列出未完成依赖，关闭单不继续催办 (0.836166ms)
✔ 筛选覆盖关键词、状态、跟单、待办、类型、团队和日期边界，统计范围一致 (0.686291ms)
✔ CSV包含全部匹配行和任务责任计划，不含操作列，特殊文字正确转义 (0.886791ms)
✔ 生产准备必须读取测款最终通过事实，保存时重新校验且失败不生成主单 (1230.369625ms)
✔ PATTERN_ARTWORK 多明细全部有效项通过才完成，同SKU不同要求不合并 (0.475333ms)
✔ COLOR_FABRIC 多明细全部有效项通过才完成，同SKU不同要求不合并 (0.064875ms)
✔ COLOR_YARN 多明细全部有效项通过才完成，同SKU不同要求不合并 (0.060208ms)
✔ 多辅料分单覆盖，第一张下单不足以完成，失效单不能提供覆盖 (0.212083ms)
✔ 专业列表业务字段查询与责任、来源、计划边界组合，未登记计划不误入日期结果 (1.267416ms)
(node:61071) ExperimentalWarning: localStorage is not available because --localstorage-file was not provided.
(Use `node --trace-warnings ...` to show where the warning was created)
✔ targeted PCS baseline reads return independent records without cloning unrelated collections (128.595625ms)
✔ PCS 前插多个新记录保留全部既有位置，重复保存不产生位置变化 (1.712166ms)
✔ PCS 单条置顶、居中插入、删除保持实际顺序且不移动其余记录 (0.119792ms)
✔ PCS 图片按款号和颜色固定，尺码不改变照片，未知对象没有随机图片 (1.371125ms)
✔ 历史 Mock 只替换登记的旧图，保留用户图片及未知款式 (0.829584ms)
✔ 后道 QC 来源 SKU 保留原身份和数量，五种颜色分别绑定对应实拍 (0.14575ms)
✔ 后道历史快照只迁移准确 SKU 的旧示意图，质检数量与用户图不变 (0.215167ms)
(node:61074) ExperimentalWarning: localStorage is not available because --localstorage-file was not provided.
(Use `node --trace-warnings ...` to show where the warning was created)
✔ SAMPLE-FIX-01–05/11: actual request→reserve→approve→pickup→return→receipt; stable own IDs and detached reads (862.728875ms)
✔ SAMPLE-FIX-03/05: all invalid input blocks writes; cancellation/rejection frees only own reservation (417.524ms)
✔ SAMPLE-FIX-08/09/11: cases and stocktake persist independently, cannot execute twice or masquerade as adjustment (504.883542ms)
(node:61075) ExperimentalWarning: localStorage is not available because --localstorage-file was not provided.
(Use `node --trace-warnings ...` to show where the warning was created)
✔ HG-001/002/004: SKU identity survives duplicate receipts, transfers and repeats; HG resolves SKU (229.164ms)
✔ HG-005/006/008: printed data and bounded settings; no truncation, images or state writes (0.875042ms)
✔ HG-002/004 regression: older receipt without identities retains its first date; raw SKU is never HG (68.927375ms)
(node:61076) ExperimentalWarning: localStorage is not available because --localstorage-file was not provided.
(Use `node --trace-warnings ...` to show where the warning was created)
✔ SAMP-001–013 Mock: receipt → all SKU tags → live/home → production/factory/department/warehouse → marketing, with adversarial gates (1180.496209ms)
(node:61077) ExperimentalWarning: localStorage is not available because --localstorage-file was not provided.
(Use `node --trace-warnings ...` to show where the warning was created)
✔ PDA 列表轻量摘要与详情的归属、数量、物料和下一步一致 (1035.534125ms)
(node:61078) ExperimentalWarning: localStorage is not available because --localstorage-file was not provided.
(Use `node --trace-warnings ...` to show where the warning was created)
✔ 按工厂投影不改变全能力、印花、染色、中央与裁片演示账号可见任务 (840.700292ms)
(node:61079) ExperimentalWarning: localStorage is not available because --localstorage-file was not provided.
(Use `node --trace-warnings ...` to show where the warning was created)
✔ 接单工厂范围保留全量投影中本厂每个任务的身份、数量、状态及接单/中标结果 (2789.669041ms)
(node:61080) ExperimentalWarning: localStorage is not available because --localstorage-file was not provided.
(Use `node --trace-warnings ...` to show where the warning was created)
✔ PDA order/task link indexes preserve all full-index candidates without constructing unrelated material rows (707.2655ms)
✔ ordinary sewing direct lookup keeps every field and factory permission from the complete canonical projection (364.633291ms)
✔ runtime sewing overrides and legacy/missing IDs retain the complete projection result (489.721625ms)
✔ one fresh read-only object snapshot preserves readiness, context and unknown references without refreshing per miss (465.544083ms)
✔ PDA handlers wait for part-ticket hydration, and the real detail is not mounted before both dependencies complete (88.892417ms)
✔ ordinary sewing detail leaves unrelated PMS initialization pending until a normal module entry (50.566917ms)
✔ same-navigation sewing preload discovers actual bundle entries and static closure without evaluating modules (39.348917ms)
✔ preview compression includes the same sewing static chunks and retains existing assets without broad lazy-route output (6.218625ms)
(node:61082) ExperimentalWarning: localStorage is not available because --localstorage-file was not provided.
(Use `node --trace-warnings ...` to show where the warning was created)
✔ 中转袋交出与实际入仓使用同一浏览器本地业务时间，不把 UTC 当作本地时间 (1.121875ms)
[PMS_IDB_LOAD_FAILED] { message: '当前浏览器不支持 IndexedDB,PMS 业务数据无法持久化。' }
✔ 物流商新增字段保存回显并写入操作日志 (4.333875ms)
✔ 物流商数字字段非负校验与运输方式枚举校验 (0.279167ms)
✔ 渠道新增字段保存回显，条件计费字段按计费方式保留 (0.531833ms)
✔ 整柜渠道不要求新增计费字段，仍要求四箱型完整配置 (0.303042ms)
✔ 渠道数字字段非负与时效区间校验 (0.189833ms)
✔ 头程批次聚合展示总箱数、总重量、总体积与转运天数 (0.537583ms)
✔ 工序链按保存顺序生效，合法工序集合固定，非法或重复工序被拒 (2.711875ms)
✔ 坯布 SKU 必填，坯布库存为 0 时调拨资格被拒，补足后恢复 (0.719875ms)
✔ 采购单按勾选 SKU 生成明细，数量与枚举非法被拒 (0.323292ms)
✔ 调拨单可选择调出仓库与调入目标，同步生成加工单号链 (0.419042ms)
✔ 批量刷新库存更新全部监控行与刷新时间并写日志 (0.418166ms)
✔ 手动添加监控 SKU 校验 SKU 必填与重复，添加后进入列表 (0.517167ms)
✔ 物料申报扩展字段保存回显，26 项特殊属性按数组保存 (2.530542ms)
✔ 报关扩展：法定第二计量单位与数值，不报关分支跳过必填校验 (0.175792ms)
✔ BOM 业务选项与价格/成本、工厂、布料字段保存回显 (0.694ms)
✔ 主体经营 9 项成本明细加调整重算总成本，数据缺失提醒可消除 (0.351ms)
✔ 供应商从草稿到启用遵循状态机，名称唯一 (2.344708ms)
✔ 供货档案包装换算与快照版本 (0.390125ms)
✔ 物料全部有真实图片，采购补充信息可更新且不新增删除 (0.7315ms)
✔ 成衣与样衣 SKU 只读列表数据完整 (0.178625ms)
✔ 仓库同步更新时间，单位字典唯一且不可删除只可启停 (0.673375ms)
✔ BOM 用量可修改，说明可保存，发布后可生成面辅料需求 (2.877666ms)
[PMS_IDB_LOAD_FAILED] { message: '当前浏览器不支持 IndexedDB,PMS 业务数据无法持久化。' }
[PMS_IDB_UNAVAILABLE] put 跳过,数据仅保留在内存 { store: 'pmsMaterialPurchaseOrderDeltas', key: 'CGF-2026-0005' }
[PMS_IDB_UNAVAILABLE] put 跳过,数据仅保留在内存 { store: 'pmsMaterialPurchaseOrderDeltas', key: 'CGF-2026-0001' }
[PMS_IDB_UNAVAILABLE] put 跳过,数据仅保留在内存 { store: 'pmsMaterialPurchaseOrderDeltas', key: 'CGF-2026-0007' }
✔ 面辅料需求种子就绪且可按物料行下推采购单 (2.611417ms)
✔ 快递信息导入校验采购单存在、单号唯一、日期与数量合法 (0.435833ms)
✔ 国内签收、加入头程、状态推进与到仓自动签收 (0.923708ms)
✔ 供应商确认单需标签齐备，确认后回写采购单 (0.752417ms)
✔ 整柜渠道必须完整配置四个箱型，物流商可启停 (0.295333ms)
✔ 面辅料采购单可带原因关闭，关闭后不能再登记到货 (0.191209ms)
✔ 库存监控触发线与建议量公式，规则异常阻断建单 (2.388292ms)
✔ 建单数量不得超过建议量，调拨与采购资格分别阻断 (0.161333ms)
✔ 中转看板指标、分布与筛选跳转规则 (0.237708ms)
✔ 生产单校验与配料任务只读数据完整，系统设置结果为 8/6/10 (0.081916ms)
✔ 种子采购单按 SRM 生成器规律补齐单据级与明细级字段 (1.79875ms)
✔ 新建做货采购单保存采购专员、加急、首单、区域与明细字段并可回显 (1.238292ms)
✔ 未传新增字段时沿用默认值并保持既有命令兼容 (0.120166ms)
✔ 采购专员必填、做货必须选区域、重量非负均抛出中文 PmsDomainError (0.34ms)
✔ 编辑采购单保存新增字段并回显，非法输入被阻断 (0.290792ms)
✔ BOM 状态与 bomMatched 一致，未发布 BOM 的做货明细为未匹配 (0.168084ms)
✔ 行采购金额使用 roundPmsQty 且汇总等于逐行金额之和 (0.123125ms)
✔ 采购建议按缺口公式与折扣计算，并计入有效 KOL 申请 (0.709583ms)
✔ KOL 草稿与已驳回不计入建议缺口 (0.110291ms)
✔ 建议转采购单后写回已转数量与部分生成状态 (2.017042ms)
✔ 面辅料需求按 BOM 用量与损耗扣减库存和采购中 (0.508083ms)
✔ 重复生成、草稿采购单与非做货采购单均被阻断 (0.109041ms)
✔ KOL 单条超量需要二次确认，超过申请量直接阻断 (0.59925ms)
✔ 驳回 KOL 需求后不再计入建议缺口 (0.385542ms)
✔ 关闭采购单必须填写原因且已关闭不可重复关闭 (0.349791ms)
[PMS_IDB_LOAD_FAILED] { message: '当前浏览器不支持 IndexedDB,PMS 业务数据无法持久化。' }
[PMS_IDB_SAVE_FAILED] 创建请款单 IDB 写入失败 {
  requestNo: 'PAY-M-2026-0006',
  message: '当前浏览器不支持 IndexedDB,PMS 业务数据无法持久化。',
  degraded: 'memory-only'
}
[PMS_IDB_SAVE_FAILED] 创建请款单 IDB 写入失败 {
  requestNo: 'PAY-L-2026-0004',
  message: '当前浏览器不支持 IndexedDB,PMS 业务数据无法持久化。',
  degraded: 'memory-only'
}
[PMS_IDB_SAVE_FAILED] 作废请款单 IDB 写入失败 {
  requestNo: 'PAY-L-2026-0004',
  message: '当前浏览器不支持 IndexedDB,PMS 业务数据无法持久化。',
  degraded: 'memory-only'
}
✔ 主体经营明细总成本、毛利与毛利率公式 (0.746542ms)
✔ 面辅料对账：预计/实际双层公式，费用项与差异双重门禁 (7.990125ms)
✔ 面辅料费用项部分确认、批量确认与编辑失效 (1.009541ms)
✔ 请款草稿跨页创建、请款与付款上限、编辑范围 (1.430333ms)
✔ 物流实际费用 12 列导入校验、不自动确认与确认后锁定 (0.477917ms)
✔ 请款单作废释放来源对账，已有付款不能作废 (0.340042ms)
✔ 供应商账单 9 列导入覆盖实际层且不自动确认 (0.263084ms)
✔ 金额大写按 RMB 规则输出并覆盖跨节零 (0.124916ms)
[PMS_IDB_UNAVAILABLE] put 跳过,数据仅保留在内存 { store: 'pmsMaterialPurchaseOrderDeltas', key: 'CGF-2026-0005' }
[PMS_IDB_LOAD_FAILED] { message: '当前浏览器不支持 IndexedDB,PMS 业务数据无法持久化。' }
[PMS_IDB_UNAVAILABLE] put 跳过,数据仅保留在内存 { store: 'pmsMaterialPurchaseOrderDeltas', key: 'CGF-2026-0005' }
[PMS_IDB_UNAVAILABLE] put 跳过,数据仅保留在内存 { store: 'pmsMaterialPurchaseOrderDeltas', key: 'CGF-2026-0005' }
[PMS_IDB_UNAVAILABLE] put 跳过,数据仅保留在内存 { store: 'pmsMaterialPurchaseOrderDeltas', key: 'CGF-2026-0005' }
[PMS_IDB_UNAVAILABLE] put 跳过,数据仅保留在内存 { store: 'pmsMaterialPurchaseOrderDeltas', key: 'CGF-2026-0005' }
[PMS_IDB_UNAVAILABLE] put 跳过,数据仅保留在内存 { store: 'pmsMaterialPurchaseOrderDeltas', key: 'CGF-2026-0005' }
✔ 生成卷号按前缀、每卷米数、重量与起始序号生成并写入包装明细 (2.848125ms)
✔ 生成卷号时尾卷承载剩余数量，卷数按采购数量与每卷米数自动取整 (0.562542ms)
✔ 非法卷号参数被拒绝并抛出中文域错误 (0.396334ms)
✔ 生成标签后二维码内容包含卷号与箱规，参与打印 (0.304958ms)
✔ 箱规新增自动计算体积，重复箱号与非法尺寸被拒，删除后计数正确 (0.289458ms)
✔ 包装明细可新增与删除，非法输入被拒且删除后计数正确 (0.253583ms)
✔ 被包装明细引用的箱规不能删除 (0.078334ms)
✔ 供应商枚举与 SRM 完全一致，旧枚举不再出现 (1.521667ms)
✔ 种子字段满足 SRM 枚举且协同指标为数字 (0.273208ms)
✔ 新增字段保存并回显，成功命令写入操作日志 (2.1825ms)
✔ 编辑保存新增字段并保持状态机与事件名不变 (0.398542ms)
✔ 非法或缺失输入抛 PmsDomainError 且不写入数据 (0.869209ms)
✔ 详情与列表展示新增字段、SRM 枚举与协同指标 (24.693834ms)
(node:61094) ExperimentalWarning: localStorage is not available because --localstorage-file was not provided.
(Use `node --trace-warnings ...` to show where the warning was created)
✔ CONTRACT-002: business allocation day is day 1 and every calendar day counts, including Sunday (0.619208ms)
✔ CONTRACT-002: the three contracts retain 4/8/9, 5/9/10 and 6/9/12 calendar-day milestones (0.609084ms)
✔ CONTRACT-002: invalid calendar dates and counting days still fail without creating deadlines (0.4585ms)
(node:61095) ExperimentalWarning: localStorage is not available because --localstorage-file was not provided.
(Use `node --trace-warnings ...` to show where the warning was created)
✔ 实际耗时跨周日仍按真实时间差；没有可靠时间不造耗时 (0.455333ms)
✔ 每任务都达成才结束；同一来源去重，作废明细不影响主表 (0.176625ms)
✔ 耗时页 Mock 至少覆盖九张生产单和全部节点，且下游事实不会越过未完成的前置节点 (479.862667ms)
✔ 裁片放行按一张放行单内的多次放行展示并选取节点起止时间 (49.237708ms)
(node:61096) ExperimentalWarning: localStorage is not available because --localstorage-file was not provided.
(Use `node --trace-warnings ...` to show where the warning was created)
✔ EXC-001—004: a reference mark cannot change debt, strict kits or final task responsibility (6.165875ms)
(node:61097) ExperimentalWarning: localStorage is not available because --localstorage-file was not provided.
(Use `node --trace-warnings ...` to show where the warning was created)
✔ 派单新增主档工厂可登记承接关系，未知工厂仍阻断 (1.765459ms)
✔ 专属任务保留整单身份、数量和接收方，工艺分支保留全部前置关系 (0.835667ms)
✔ 原生产单车缝任务仍可被 PPIC 分配与责任移交识别，SKU 总量完整 (7.556042ms)
✔ PRINT-HISTORY-001: demo identities remain fixed and reject another factory or task (0.975084ms)
✔ PRINT-HISTORY-002: DYE-GOTO-GLOBAL historical slot 09 survives independent reloads without overwriting (2275.201333ms)
✔ PRINT-HISTORY-002: ID-FAC-001165 historical slot 09 survives independent reloads without overwriting (2059.541541ms)
(node:61100) ExperimentalWarning: localStorage is not available because --localstorage-file was not provided.
(Use `node --trace-warnings ...` to show where the warning was created)
✔ VERIFY-003: dispatch reads keep all documents and independent copies without projecting unrelated business views (200.134292ms)
✔ frozen printing images are losslessly stored once across orders, tasks and attachments (3.296959ms)
✔ missing or malformed image references fail rather than silently replacing frozen evidence (0.458667ms)
(node:61102) ExperimentalWarning: localStorage is not available because --localstorage-file was not provided.
(Use `node --trace-warnings ...` to show where the warning was created)
✔ PERF-002/004: scoped receiving reads preserve direct receipts and allocations, without exposing mutable facts (11.506083ms)
✔ PERF-002/004: a synchronous relation read matches independent reads and releases its scope after errors (843.29425ms)
✔ PERF-004: batched print list reviews and handovers equal independently read facts (376.5945ms)
✔ PERF-004: scoped handovers keep canonical sorting and task point reads preserve identity (5.7815ms)
✔ PERF-004: reusing warehouse documents preserves each dye order source, quantity and receiver (326.415541ms)
(node:61103) ExperimentalWarning: localStorage is not available because --localstorage-file was not provided.
(Use `node --trace-warnings ...` to show where the warning was created)
✔ craft source selection preserves all previous source choices and isolated snapshots (8.56775ms)
✔ source eligibility is re-evaluated after a source order changes (0.119042ms)
(node:61105) ExperimentalWarning: localStorage is not available because --localstorage-file was not provided.
(Use `node --trace-warnings ...` to show where the warning was created)
✔ 生产单创建来源只覆盖旧匹配事实，不复活已取消或覆盖更新后的匹配 (0.719084ms)
✔ 提前来源随PO唯一保存，重复生成不会追加第二份事实；查询投影不反向写PO (0.519292ms)
✔ 失败和嵌套投影后创建stage标记恢复，不影响后续染印执行保存 (0.365792ms)
✔ 备份拒绝错误归属、重复、未知状态和缺少正式冻结来源的匹配 (0.255375ms)
(node:61106) ExperimentalWarning: localStorage is not available because --localstorage-file was not provided.
(Use `node --trace-warnings ...` to show where the warning was created)
✔ 验收数据至少包含 5 张染色和 5 张印花提前加工单，并覆盖全部匹配状态 (474.793042ms)
✔ 印花专业成果把多张图片和多个文件统一保存在同一附件集合 (0.148125ms)
✔ 同一生产需求可手动选择具体专业任务，创建结果保存所选任务与全部成果附件 (37.337542ms)
✔ 创建提前加工单必须选择所属专业任务并明确加工厂 (4.621833ms)
✔ 计划加工数量包含损耗率，且染色印花投入与产出 SKU 必须不同 (0.343667ms)
✔ 专业成果未审核通过时不可创建提前加工单 (0.343792ms)
✔ 多个生产需求合并为一张生产单时，可匹配多张提前染色加工单 (34.434708ms)
✔ 等待技术包的提前单在技术包就绪后可由同一匹配服务自动重试 (21.094ms)
✔ 合并生产单中只有部分需求有提前单时，只为未覆盖需求补建剩余数量 (50.20225ms)
✔ 已有提前单但正式 BOM 或 SKU 不一致时进入异常，且不重复补建同一工艺单 (51.830208ms)
✔ 取消后重建保留旧单，并建立双向替代关系 (3.435958ms)
✔ 没有提前加工单的需求仍保留正式加工单快照 (3.911ms)
✔ 查生产入口只在合法系统路由显示，并在打印与 PDA 路由隐藏 (1.050916ms)
✔ 相似前缀和相似打印段不会被当成合法路由 (0.159666ms)
(node:61109) ExperimentalWarning: localStorage is not available because --localstorage-file was not provided.
(Use `node --trace-warnings ...` to show where the warning was created)
✔ 静态生产单更新任务状态时保留原冻结资料，不强造不存在的技术版本 (0.792875ms)
✔ 沿用静态资料的例外不能用于新单、篡改快照或错误技术版本 (0.623667ms)
(node:61116) ExperimentalWarning: localStorage is not available because --localstorage-file was not provided.
(Use `node --trace-warnings ...` to show where the warning was created)
✔ PERF-001: runtime snapshot and all nine subsets preserve every production order value and caller isolation (22.698958ms)
✔ PERF-001: a subset read does not traverse or clone unrelated snapshot sections (0.579167ms)
✔ PERF-001: paper pattern binding strips and nested craft arrays remain isolated after mutation (0.540333ms)
✔ PERF-001: replacing or updating the bound snapshot is visible immediately without a stale cache (0.466959ms)
✔ PERF-001: missing production order keeps null and empty-list contracts (0.199166ms)
✔ finished preparation and purchase keep their delay without claiming current work is on time (6.207292ms)
✔ absence of applicable records and missing timing inputs are not healthy or not-yet-due (0.49625ms)
✔ inbound quantity and final time completeness produce distinct business results (0.127833ms)
✔ reached late milestone has zero only for that milestone, not the whole task (2.255083ms)
✔ creation and handover clocks explain their different unfinished endpoints (1.364792ms)
✔ all current scenes avoid ambiguous headline defaults and literal unknown numbers (27.777958ms)
✔ contract graph with missing allocation date or actual holdings cannot assert not-yet-due or achieved (2.802625ms)
✔ opening a follow-up modal only reads, and empty inputs never appear saved (4.5305ms)
✔ save waits for completion and readback, rejects double-click writes, and stores realtime feedback without a forecast (17.149041ms)
✔ failed save retains all inputs and retries the exact same operation ID (2.781459ms)
✔ commit followed by readback failure remains unconfirmed until a read proves the same record (2.967167ms)
✔ work must belong to the current production order and expected time must be valid (3.397209ms)
✔ read failure retains a draft and does not treat unavailable records as a normal empty history (1.754125ms)
✔ old logs are retained, but never assigned to a new production order by inference (1.593583ms)
✔ FLOW graph late: full lifecycle keeps allocation, execution and four post stages (5.999125ms)
✔ FLOW graph normal: full lifecycle keeps allocation, execution and four post stages (3.902208ms)
✔ FLOW graph complete: full lifecycle keeps allocation, execution and four post stages (2.844708ms)
✔ FLOW graph completeLate: full lifecycle keeps allocation, execution and four post stages (4.354792ms)
✔ FLOW graph completeUnknown: full lifecycle keeps allocation, execution and four post stages (1.168042ms)
✔ FLOW graph partial: full lifecycle keeps allocation, execution and four post stages (1.583375ms)
✔ FLOW graph reordered: full lifecycle keeps allocation, execution and four post stages (3.203625ms)
✔ FLOW graph reachedLate: full lifecycle keeps allocation, execution and four post stages (1.657208ms)
✔ FLOW graph positioning: full lifecycle keeps allocation, execution and four post stages (0.313416ms)
✔ FLOW graph prepPending: full lifecycle keeps allocation, execution and four post stages (0.324625ms)
✔ FLOW graph sampleLate: full lifecycle keeps allocation, execution and four post stages (1.681541ms)
✔ FLOW graph samplePending: full lifecycle keeps allocation, execution and four post stages (2.5105ms)
✔ FLOW graph fullContract: full lifecycle keeps allocation, execution and four post stages (4.015458ms)
✔ FLOW graph materialBatches: full lifecycle keeps allocation, execution and four post stages (0.616875ms)
✔ FLOW graph materialPartial: full lifecycle keeps allocation, execution and four post stages (0.49625ms)
✔ FLOW graph live: full lifecycle keeps allocation, execution and four post stages (5.816167ms)
✔ FLOW graph unknown: full lifecycle keeps allocation, execution and four post stages (0.316667ms)
✔ FLOW graph unassigned: full lifecycle keeps allocation, execution and four post stages (1.329083ms)
✔ FLOW graph sameFactory: full lifecycle keeps allocation, execution and four post stages (7.079875ms)
✔ FLOW graph handoverPartial: full lifecycle keeps allocation, execution and four post stages (0.719834ms)
✔ FLOW live: QC, processing, recheck quantities have distinct current positions while history remains (0.75325ms)
✔ FLOW full contract: scopes and execution documents stay distinct from cumulative contract milestones (0.176292ms)
✔ FLOW delivery: outgoing without warehouse receipt keeps waiting clock active (0.119292ms)
✔ FLOW one post work order shares projects, quantity and clock without per-project chains (1.060833ms)
✔ FLOW bypass records go from completed QC directly to delivery, without fabricated processing or recheck (0.556083ms)
✔ FLOW summary cards distinguish pending, unknown, historical and current states without invented SLA (4.042541ms)
✔ FLOW mixed QC, processing and recheck quantities are summarized as post handling rather than processing (4.397417ms)
✔ FLOW pending inspection and recheck are not started rather than unknown, consistently with rails (0.317125ms)
✔ FLOW pending document cards and summaries describe unstarted clocks rather than missing times (2.111209ms)
✔ FLOW document modal has one project block for its single processing order (0.494334ms)
✔ COPY developer round: unknown purchase keeps allocation and execution responsibilities unverified (0.111041ms)
✔ COPY developer round: mixed post history and active work both remain visible (0.08125ms)
✔ COPY developer round: partial warehouse quantity is not a completed stage (0.920166ms)
✔ COPY developer round: process start and quantity appear once, QC uses its own business action (0.345375ms)
✔ FLOW-MOCK-001: all 20 scenarios retain source facts with documented COPY-211 cutting correction (25.01575ms)
✔ FLOW-MOCK-002: every early-stage scenario has an honest full-flow skeleton and unknown purchase has no invented work (1.254375ms)
✔ FLOW-MOCK-003: allocation and actual sewing are distinct and each of the three contract scopes has only its applicable steps (0.942667ms)
✔ FLOW-MOCK-004: batches partition original receipts within each task and each source receipt exactly once (0.339708ms)
✔ FLOW-MOCK-005: actual positions preserve warehouse, delivery, processing aggregate amounts and explicit unknown remainder (0.180542ms)
✔ FLOW-MOCK-006: current QC, processing, recheck, delivery and warehouse positions have distinct document facts (2.184333ms)
✔ FLOW-MOCK-007: batch event chronology is ordered and all recorded actual events precede the fixed viewing time (1.098542ms)
✔ FLOW-MOCK-008: completed orders keep complete post history and missing last inbound time is never fabricated (0.087959ms)
✔ FLOW-MOCK-009: factory-contracted packing is not assigned again in post, and the no-post-processing route is explicit (0.297417ms)
✔ FLOW-MOCK-010: every new document is task scoped, batch scoped when applicable, and has valid same-scene relationships (1.234875ms)
✔ FLOW-MOCK-011: independent sewing keeps all applicable post items inside one processing document and one overall clock (0.27725ms)
✔ FLOW-MOCK-012: each batch has at most one post-processing document with the prototype item, status, quantity and timing contract (1.379375ms)
✔ FLOW-MOCK-013: actual quality results generate only applicable processing, completion generates recheck, and no processing goes straight to warehouse delivery (0.177083ms)
✔ COPY-211: full contract scope does not duplicate in-house cutting or release (0.096291ms)
✔ every sewing and post-finishing document type opens its actual native module detail (111.515417ms)
✔ sewing task execution preserves the matching contract rather than entering the allocation workbench (2.652542ms)
✔ post-finishing QC and recheck retain their own task results, batches, and downstream documents (24.472916ms)
✔ post delivery shows actual outgoing and finished-goods receipt separately (10.889417ms)
✔ completed orders retain the recorded post-finishing document history (2.719291ms)
✔ unknown or wrongly routed full-flow documents do not produce invented detail pages (0.252667ms)
✔ recorded finished-goods receipt without its time stops the handover clock rather than creating current waiting (0.475416ms)
✔ clock completion matches its own final business event across work and handover (0.115708ms)
✔ native post document uses the same Chinese current-position label as the diagram (12.955792ms)
✔ explicitly pending work is not mislabeled as missing actual start time in native clocks (0.595125ms)
✔ native post work detail keeps one project set, one clock and classified quantities (0.259ms)
✔ post recheck describes SKU quantity and barcode verification rather than a second quality inspection (0.266083ms)
✔ original post work documents preserve their recorded completed quantities without requiring new project fields (1.066333ms)
✔ delivery awaiting warehouse receipt is not described as an unfinished upstream prerequisite (0.262917ms)
✔ completed late work and unfinished overdue work remain different in management and the actual source detail (32.966666ms)
✔ a late reached contract is a ended node, and future unreached targets are not current debt (25.793916ms)
✔ missing allocation date or factory actual pickup keeps unknown distinct from an on-time contract (19.07ms)
✔ source contract deadline uses allocation day as day 1 even when business date contains a clock time (17.638792ms)
✔ full warehouse quantities without last receipt time never imply an on-time result or enter the rate denominator (21.339083ms)
✔ purchase association unknown never asserts that production has not been created or begun (1.459875ms)
✔ sample timing is by actual handout date and remains separate from approval result (18.585ms)
✔ completed whole-order elapsed time stops at final warehouse receipt; export names quantities and states precisely (24.149667ms)
✔ zero actual pickup is a known zero awaiting a contract denominator, not a missing value or automatic achievement (19.120667ms)
✔ missing execution evidence does not imply that material has not arrived or that work is confirmed overdue (5.13325ms)
✔ POST-FOLD late: post work is nested and the sewing label is unified (5.784875ms)
✔ POST-FOLD normal: post work is nested and the sewing label is unified (3.670292ms)
✔ POST-FOLD complete: post work is nested and the sewing label is unified (1.6185ms)
✔ POST-FOLD completeLate: post work is nested and the sewing label is unified (5.831959ms)
✔ POST-FOLD completeUnknown: post work is nested and the sewing label is unified (2.476583ms)
✔ POST-FOLD partial: post work is nested and the sewing label is unified (6.95825ms)
✔ POST-FOLD reordered: post work is nested and the sewing label is unified (7.7645ms)
✔ POST-FOLD reachedLate: post work is nested and the sewing label is unified (6.46275ms)
✔ POST-FOLD positioning: post work is nested and the sewing label is unified (0.695375ms)
✔ POST-FOLD prepPending: post work is nested and the sewing label is unified (0.652333ms)
✔ POST-FOLD sampleLate: post work is nested and the sewing label is unified (2.129667ms)
✔ POST-FOLD samplePending: post work is nested and the sewing label is unified (1.372291ms)
✔ POST-FOLD fullContract: post work is nested and the sewing label is unified (1.874ms)
✔ POST-FOLD materialBatches: post work is nested and the sewing label is unified (0.27325ms)
✔ POST-FOLD materialPartial: post work is nested and the sewing label is unified (0.228417ms)
✔ POST-FOLD live: post work is nested and the sewing label is unified (1.472875ms)
✔ POST-FOLD unknown: post work is nested and the sewing label is unified (0.30925ms)
✔ POST-FOLD unassigned: post work is nested and the sewing label is unified (2.71775ms)
✔ POST-FOLD sameFactory: post work is nested and the sewing label is unified (3.139917ms)
✔ POST-FOLD handoverPartial: post work is nested and the sewing label is unified (0.380542ms)
✔ POST-TIME: completed and active work show actual times and longest own clock without inventing an SLA (0.45625ms)
✔ POST-TIME: known document requirements distinguish unfinished late work from completed late history (0.19975ms)
✔ PAGE-001 / SCENE-17 / 20: 19 unique production orders plus one purchase awaiting association preserve the 19 accepted base scenes (1.209125ms)
✔ MASTER-001 / SCENE-07: reversing purchase order input retains earliest precise start and 28-day deadline (0.200792ms)
✔ MASTER-002: full warehouse completion at the exact deadline is timely; one minute later is late (0.138709ms)
✔ SCENE-03—05: warehouse facts establish completion separately from final timestamp and stale upstream records (0.144084ms)
✔ SCENE-06 / 16 / 18: quantity positions conserve pieces while missing position and task ownership remain distinct (5.145334ms)
✔ CONTRACT-002 / SCENE-13: three return contracts use calendar days including Sunday and their actual held quantities (1.175125ms)
✔ SCENE-19: B factory total 40% cannot cover the independently overdue B01 task (1.034208ms)
✔ SCENE-02 / 08: timely returns and late reached milestone differ from a currently overdue unmet milestone (0.953333ms)
✔ SCENE-09 / 10: preparation is a parallel four/five-day stage with separately recorded production and handover (4.263708ms)
✔ SCENE-11 / 12: sample date is pickup plus three; failed or unsubmitted sample does not move the return deadline (5.888291ms)
✔ SCENE-14: stock 600 meters advances before the independent 900-meter purchase batch, with three work/handover records each (3.624ms)
✔ SCENE-15: known 600-meter receipt is preserved while the 900-meter purchase remains unknown and currently late (0.549792ms)
✔ SCENE-20: partial factory handover retains 2400 sleeve pieces received and 600 disputed without closing the handover or converting to garments (0.9205ms)
✔ SCENE-01: completed preparation/material delays remain history while sleeve work has a current 600-piece gap (1.704667ms)
✔ PREP / CRAFT: auxiliary work is three days each; bulk dye/print/wash and handovers have no invented SLA (1.734ms)
✔ SOURCE / UI: document IDs, related ownership, native routes and source summaries are coherent without read mutation (24.823209ms)
✔ SOURCE: there are no future actual events or reversed processing/handover times in the fixed demonstration (4.278041ms)
✔ SCENE late: expanded accepted diagram retains its business nodes and source documents (0.816916ms)
✔ SCENE normal: expanded accepted diagram retains its business nodes and source documents (1.126958ms)
✔ SCENE complete: expanded accepted diagram retains its business nodes and source documents (0.977791ms)
✔ SCENE completeLate: expanded accepted diagram retains its business nodes and source documents (2.019541ms)
✔ SCENE completeUnknown: expanded accepted diagram retains its business nodes and source documents (2.038334ms)
✔ SCENE partial: expanded accepted diagram retains its business nodes and source documents (2.245834ms)
✔ SCENE reordered: expanded accepted diagram retains its business nodes and source documents (3.752459ms)
✔ SCENE reachedLate: expanded accepted diagram retains its business nodes and source documents (2.032375ms)
✔ SCENE positioning: expanded accepted diagram retains its business nodes and source documents (0.496041ms)
✔ SCENE prepPending: expanded accepted diagram retains its business nodes and source documents (0.504791ms)
✔ SCENE sampleLate: expanded accepted diagram retains its business nodes and source documents (2.069042ms)
✔ SCENE samplePending: expanded accepted diagram retains its business nodes and source documents (1.8595ms)
✔ SCENE fullContract: expanded accepted diagram retains its business nodes and source documents (2.075625ms)
✔ SCENE materialBatches: expanded accepted diagram retains its business nodes and source documents (0.634292ms)
✔ SCENE materialPartial: expanded accepted diagram retains its business nodes and source documents (0.402ms)
✔ SCENE live: expanded accepted diagram retains its business nodes and source documents (1.052917ms)
✔ SCENE unknown: expanded accepted diagram retains its business nodes and source documents (0.107333ms)
✔ SCENE unassigned: expanded accepted diagram retains its business nodes and source documents (0.959ms)
✔ SCENE sameFactory: expanded accepted diagram retains its business nodes and source documents (1.083083ms)
✔ SCENE handoverPartial: expanded accepted diagram retains its business nodes and source documents (0.577083ms)
✔ PREP-005: supplemental scene retains disabled and change-ended documents without creating active clocks or blocking valid preparation (1.097458ms)
✔ timing documents resolve directly at their native route with the same shared static facts (409.414791ms)
✔ source detail does not resolve unrelated records or a registered record at a wrong module path (0.166125ms)
✔ a handover belongs to its original outgoing work rather than a linked next process (0.115458ms)
✔ contract details retain natural-day deadlines and late achievement history (0.428583ms)
✔ partially received material retains unknown purchase receipt instead of inventing zero or full stock (0.237667ms)
✔ production preparation details include parallel requirements and BOM quantities (0.536042ms)
✔ work remaining quantity follows known required and completed quantities in the same unit (0.59275ms)
✔ missing factory sample uses the recorded requirement date and keeps sample approval outside return milestones (0.122084ms)
✔ purchase-only scenario resolves to the existing merchandise purchase and pending-purchase backlink (0.102833ms)
✔ finished-goods detail distinguishes latest partial receipt from full completion time (0.317792ms)
✔ unknown timing standard is amber verification, never a red confirmed-overdue result (0.211167ms)
✔ MIGRATE-001: direct production/pending detail paths have their own active tab identity; discarded tasks/examples/team details are absent (0.561541ms)
✔ MIGRATE-001: stored DDS tabs prune discarded addresses, retain unrelated tabs and correct the live production title without touching input (0.527625ms)
(node:61128) ExperimentalWarning: localStorage is not available because --localstorage-file was not provided.
(Use `node --trace-warnings ...` to show where the warning was created)
✔ VERIFY-003: scoped reads preserve pending/voided sources and defensive copies (3.272083ms)
✔ VERIFY-003: metadata lookup reflects registry changes and returns independent locations (5.223333ms)
✔ 备份恢复不能借原票编号伪造另一种面料的交出回执 (1.651208ms)
(node:61130) ExperimentalWarning: localStorage is not available because --localstorage-file was not provided.
(Use `node --trace-warnings ...` to show where the warning was created)
✔ 换片票文案不显示内部路径，扫码身份和原票号保持 (0.951833ms)
✔ 打印结果选票行使用业务名称区分生产单、面料和颜色，保留原勾选身份 (0.177041ms)
✔ 任务单使用可识别的物料编码，内部技术资料键不进入文字、图片标题和无障碍名称 (0.593625ms)
✔ 换片布固定演示：四个新增生产单覆盖部分打印、补打、交出备用及失效票 (1.736583ms)
✔ 部位票缓存感知已提交事件版本，重复读取同一版本不失效 (0.637334ms)
✔ 按名称排朴，空名拒绝，同名不同编码/颜色保留独立身份 (0.615625ms)
✔ 初始每面料一张，重复分配幂等；新增与补打不混淆 (0.684ms)
✔ 改派未交票失效，已交历史不抹除，新范围递增序号 (0.512375ms)
✔ 部分出纸仅确认勾选票；重复确认不增加次数，内容变化拒绝 (0.134417ms)
✔ 整个批次多袋并集检查，非本次袋不可借用，顺序无关 (0.302584ms)
✔ 同任务同工厂历史可满足；不同任务或换厂必须另交 (0.173458ms)
✔ 三方自行裁剪排除，资料缺失与无需面料分开判断 (0.060583ms)
✔ 混装按类型和单位分项，换片布不能拆成非5 Yard (0.112792ms)
✔ 局域网 HTTP 的摘要与原生 SHA-256 相同，既有票号不变化 (12.211875ms)
(node:61136) ExperimentalWarning: localStorage is not available because --localstorage-file was not provided.
(Use `node --trace-warnings ...` to show where the warning was created)
✔ 混装打印保留裁片矩阵，捆条和换片布独立附页，不合并单位 (1.843958ms)
✔ 纯换片布袋可生成货物标识，不制造尺码和部位 (0.712959ms)
✔ 混装标签拒绝换片布错误长度、作废票和混生产单 (0.510917ms)
✔ 旧业务存储不可读时仍用已提交的原装袋周期打印三类货物 (1.01ms)
✔ 生产单按单记录；变更一单不重写其他单和任务 (1.275ms)
✔ 运行任务独立保存覆盖、拆分、合并、改派及序号，往返保留身份 (0.267375ms)
✔ 有效分配索引、独立记录、审计及序号完整往返，拒绝重复身份和损坏格式 (0.341959ms)
✔ 拒绝空字符串，不吞掉损坏记录 (0.057917ms)
✔ 拒绝数组根，不吞掉损坏记录 (0.043ms)
✔ 拒绝生产单数组实体，不吞掉损坏记录 (0.04125ms)
✔ 拒绝生产单空编号，不吞掉损坏记录 (0.037375ms)
✔ 拒绝生产单损坏快照，不吞掉损坏记录 (0.04075ms)
✔ 拒绝任务覆盖数组，不吞掉损坏记录 (0.055791ms)
✔ 拒绝任务覆盖身份，不吞掉损坏记录 (0.083166ms)
✔ 拒绝拆分来源身份，不吞掉损坏记录 (0.0535ms)
✔ 拒绝拆分子项损坏，不吞掉损坏记录 (0.051792ms)
✔ 拒绝合并明细损坏，不吞掉损坏记录 (0.040708ms)
✔ 拒绝改派任务身份，不吞掉损坏记录 (0.029625ms)
✔ 拒绝不安全序号，不吞掉损坏记录 (0.0325ms)
✔ 拒绝重复Map键，不吞掉损坏记录 (0.0385ms)
✔ 拒绝current非数组，不吞掉损坏记录 (0.03225ms)
✔ 拒绝current孤儿，不吞掉损坏记录 (0.037459ms)
✔ 拒绝current跨任务，不吞掉损坏记录 (0.031292ms)
✔ 拒绝current重复引用，不吞掉损坏记录 (0.029917ms)
✔ 拒绝审计孤儿，不吞掉损坏记录 (0.032167ms)
✔ 已保存实体损坏编号、缺少meta或重复meta不能伪造正常空源 (0.147583ms)
✔ 未登记key及空白JSON拒绝；null明确代表没有覆盖 (0.130083ms)
✔ 备份校验拒绝未知来源集合、伪造迁移身份及丢失检查点实体 (0.5735ms)
✔ 四类静态运行任务的删除标记完整往返，拒绝混入业务字段或假删除 (0.161209ms)
✔ 分配副产物按实体保存；合同、样衣及PPIC责任保留独立序号 (0.438667ms)
✔ 拒绝缺失渲染必需快照的合同，防止迁移清源后才暴露损坏 (0.046833ms)
✔ 关联实体损坏拒绝 unknown:X (0.039709ms)
✔ 关联实体损坏拒绝 material-context:A (0.027541ms)
✔ 关联实体损坏拒绝 return-sequence:value (0.033917ms)
✔ 关联实体损坏拒绝 sla-current:T (0.026459ms)
✔ 生产创建匹配来源按生产单身份校验并完整恢复 (0.170583ms)
✔ 工厂结束事实只允许明确任务、操作人和时间 (0.743292ms)
✔ 既有招标定标记录保留真实来源编号并校验价格与操作人 (0.129167ms)
✔ 开工交出单头只包含首次零交出事实，拒绝伪造数量和身份 (0.154583ms)
(node:61138) ExperimentalWarning: localStorage is not available because --localstorage-file was not provided.
(Use `node --trace-warnings ...` to show where the warning was created)
✔ 同分配的同名 A/B 面料分别新增和打印；第二面料不被第一范围替代 (82.385917ms)
(node:61139) ExperimentalWarning: localStorage is not available because --localstorage-file was not provided.
(Use `node --trace-warnings ...` to show where the warning was created)
✔ 分配 SKU 的需料不同；多尺码共料去重，名称含朴排除 (1.049708ms)
✔ 完整但全是朴为空集合；缺颜色映射或空名称属于资料错误 (0.306041ms)
✔ 同名不同编码面料不混并；BOM 身份歧义阻断 (0.227333ms)
✔ 交出回执从快照保留三种明细，Yard 与米不进入裁片数量 (0.699375ms)
✔ 回执任务读取保持数组身份；只在事实变更后重新投影 (0.223292ms)
✔ 款式需料读取的配置查询只返回独立副本，不能污染下次来源读取 (0.779708ms)
✔ 来源读取失败时不能把不可用哨兵值当作稳定分配继续保存 (0.381667ms)
✔ 历史裁片实交保留原数量与归属，其他集合不混入 (0.527041ms)
✔ 历史缺原版本、交错明细、负数量或记录身份错误均阻断恢复 (0.260417ms)
✔ 面辅料单不可写入退役裁片历史，未完成迁移标记不可恢复 (0.09575ms)
✔ 并发调用复用同一个模块加载 Promise，成功后继续复用结果 (1.3085ms)
✔ 模块加载失败后清空缓存，下一次调用可以重试 (1.530625ms)
(node:61142) ExperimentalWarning: localStorage is not available because --localstorage-file was not provided.
(Use `node --trace-warnings ...` to show where the warning was created)
✔ CONTRACT-005: native legacy task fixture exposes the actual missing allocation date at PDA and progress board entries (1033.474792ms)
(node:61143) ExperimentalWarning: localStorage is not available because --localstorage-file was not provided.
(Use `node --trace-warnings ...` to show where the warning was created)
✔ CONTRACT-002: later factory acceptance retains its fact without postponing business allocation deadlines (0.765625ms)
✔ CONTRACT-002: missing business allocation time produces a visible verification gap instead of acceptance-based deadlines (0.1535ms)
✔ CONTRACT-002: historical acceptance-based snapshots remain intact but cannot establish current contract deadlines (0.255667ms)
✔ CONTRACT-002: shared PDA and progress board show missing allocation dates without claiming zero-receipt tasks are complete (0.508ms)
✔ CONTRACT-002: confirmed dates still show the next contractual node and complete only after all 100 pieces are received (0.365417ms)
✔ CONTRACT-002: outsourcing tracking uses allocation dates for tender tasks and marks missing dates as unverified (11.352542ms)
(node:61145) ExperimentalWarning: localStorage is not available because --localstorage-file was not provided.
(Use `node --trace-warnings ...` to show where the warning was created)
✔ 刷新时静态样衣命令重建不重放到已移交的持久用户状态，构造失败恢复输入 (5.556042ms)
✔ 独立打印外壳只命中完整生产确认单打印路由 (1.12725ms)
✔ 既有固定打印路由仍使用独立打印外壳 (0.118875ms)
(node:61147) ExperimentalWarning: localStorage is not available because --localstorage-file was not provided.
(Use `node --trace-warnings ...` to show where the warning was created)
✔ TP-ID-002: FCS live hydration cannot change the static 26 identities or their numeric sequence (10.914084ms)
✔ TP-DATA-001: baseline has 20 actual complete formal versions and three plus three draft review states (2.664125ms)
✔ TP-ROUTE-001: all twenty formal routes have three resolvable dye→print→wash chains and five two-craft pieces (174.214834ms)
✔ TP-ID-001: ID is persisted independent of ordering and next identity uses the global maximum (1.213375ms)
✔ TP-LEGACY-001: exact old static copies project read-only, preserve source identities and preserve changed records or content (3.175458ms)
✔ TP-LEGACY-002: repository reads old demo without writes; new legacy-source creation is rejected (334.327917ms)
✔ TP-LEGACY-003: early release content upgrades after person maintenance but genuine technical edits remain intact (4.149833ms)
✔ TP-PAGE-001: route rendering preserves stored IDs and hides objects without additional processing (85.695208ms)
✔ TP-PERSON-001: valid maintenance retains published content, records a log, and rejects wrong-role candidates (330.013125ms)
✔ technical version working-copy reads do not write and failed staging preserves data (first visit) (338.502792ms)
✔ technical version working-copy reads do not write and failed staging preserves data (saved data) (399.89625ms)
[PMS_IDB_LOAD_FAILED] { message: '当前浏览器不支持 IndexedDB,PMS 业务数据无法持久化。' }
✔ 五类页面共享采购到交出的串联 Mock，重复初始化不重置执行事实 (225.164333ms)
✔ 补齐串联 Mock 时压缩历史大签名，避免浏览器存储接近上限导致页面路由失败 (233.855833ms)
✔ 三个中央工厂在组织目录与执行工厂中身份一致且仅出现一次 (0.631958ms)
✔ 花边角色与采购映射归属TMF但供应方仍保留独立身份 (0.07825ms)
✔ 橡筋定长切割仍归SPF，不成为TMF织带截断任务 (0.091167ms)
✔ 旧浏览器组织记录迁移后不与权威TMF并存且保留已有联系人 (3.407875ms)
(node:61152) ExperimentalWarning: localStorage is not available because --localstorage-file was not provided.
(Use `node --trace-warnings ...` to show where the warning was created)
✔ 连续织带实际650米交出→648+2实收→染色可用650，仓库和用料保持米制且无公斤换算 (15.702584ms)
✔ 连续长度口径不可用于纱线/码制，普通辅料仍要求实际称重 (2.583333ms)
✔ 原生连续辅料染色650→640：实际工厂实收及用料驱动加工，使用对象对应蓝色织带参考图 (435.6645ms)
✔ 织带与绳子参考档案接入实际物料库，保留图片来源和未确认尺寸，不替换橡筋 (142.441125ms)
✔ 同分钟新建不同幅宽织带和绳径主档不共用 SPU 身份，SKU 保持各自父档与主单位 (22.115875ms)
✔ TMF半成品SKU按SPU→潘通色号→颜色→花型生成，长度和端头不进入SKU (0.137292ms)
(node:61157) ExperimentalWarning: localStorage is not available because --localstorage-file was not provided.
(Use `node --trace-warnings ...` to show where the warning was created)
✔ TMF发布采用链：技术包发布门禁→审核发布→启用→生产单采用→生成织带加工需求 (1524.535958ms)
✔ TMF发布门禁：含织带截断工序但规格未补齐的采用版本不能发布 (419.144083ms)
✔ 正式生产路线只关联相邻同BOM同SKU的染色→印花，不生成数量或修改来源 (1.737083ms)
✔ 跨单/版本/工序/用途/SKU/单位、缺工厂与已有其他接收单都不能接续 (0.486834ms)
✔ 印花连续辅料仅接同版本同BOM的直接截断节点，不修改SKU和数量 (1.218834ms)
✔ 染色来源已绑定印花时拒绝直接截断，不读取不存在的顶层字段 (0.447667ms)
✔ TMF V1 原型范围、工厂身份和现场默认参数已冻结 (0.663458ms)
✔ TMF 风险动作默认要求主管与二次确认，采购行身份不可丢失 (0.061209ms)
[PMS_IDB_LOAD_FAILED] { message: '当前浏览器不支持 IndexedDB,PMS 业务数据无法持久化。' }
[PMS_IDB_UNAVAILABLE] put 跳过,数据仅保留在内存 { store: 'pmsMaterialPurchaseOrderDeltas', key: 'CGF-2026-0007' }
[PMS_IDB_UNAVAILABLE] put 跳过,数据仅保留在内存 { store: 'pmsMaterialPurchaseOrderDeltas', key: 'CGF-2026-0009' }
[PMS_IDB_UNAVAILABLE] put 跳过,数据仅保留在内存 { store: 'pmsMaterialPurchaseOrderDeltas', key: 'CGF-2026-0009' }
{"scenario":"N02","scope":"业务动作主链含纱线重量账；含端头辅材采购实收；不含PCS发布采用页面、纱线采购上游","purchaseReceived":1300,"productionReceived":1000,"warehouseContinuousM":30,"netCutM":1260,"lossM":10,"headUnit":"个","headReceived":2020,"headRemaining":15}
[PMS_IDB_UNAVAILABLE] put 跳过,数据仅保留在内存 { store: 'pmsMaterialPurchaseOrderDeltas', key: 'CGF-2026-0010' }
[PMS_IDB_UNAVAILABLE] put 跳过,数据仅保留在内存 { store: 'pmsMaterialPurchaseOrderDeltas', key: 'CGF-2026-0010' }
{"scenario":"N03","scope":"业务动作主链含纱线重量账；含端头辅材采购实收；不含PCS发布采用页面、纱线采购上游","purchaseReceived":60,"productionReceived":100,"warehouseContinuousM":9,"netCutM":50,"lossM":1,"headUnit":"个","headReceived":202,"headRemaining":1}
[PMS_IDB_UNAVAILABLE] put 跳过,数据仅保留在内存 { store: 'pmsMaterialPurchaseOrderDeltas', key: 'CGF-2026-0011' }
[PMS_IDB_UNAVAILABLE] put 跳过,数据仅保留在内存 { store: 'pmsMaterialPurchaseOrderDeltas', key: 'CGF-2026-0011' }
{"scenario":"N04","scope":"业务动作主链含纱线重量账；含端头辅材采购实收；不含PCS发布采用页面、纱线采购上游","purchaseReceived":100,"productionReceived":50,"warehouseContinuousM":34,"netCutM":65,"lossM":1,"headUnit":"kg","headReceived":0.2,"headRemaining":0.04}
[PMS_IDB_UNAVAILABLE] put 跳过,数据仅保留在内存 { store: 'pmsMaterialPurchaseOrderDeltas', key: 'CGF-2026-0012' }
[PMS_IDB_UNAVAILABLE] put 跳过,数据仅保留在内存 { store: 'pmsMaterialPurchaseOrderDeltas', key: 'CGF-2026-0012' }
{"scenario":"B06","scope":"规范数量动作链；塑料头从仓库实收事实开始，补购基础生产未虚构纱线配方；不代表全部页面验收","continuous":9,"productionReceived":1000,"scrapped":100,"scrappedMeters":120,"loss":11,"metalRemaining":15,"plasticRemaining":2}
{"scenario":"N05","mergedBatch":"FULL-N05-MERGED","purchaseReceivedM":120,"mergedIssuedM":102,"mergedProducedPieces":200,"productionReceivedByOrder":[100,100],"warehouseContinuousM":19,"lossM":1,"returnedM":1}
{"scenario":"B17","mergedBatch":"FULL-B17-MERGED","purchaseReceivedM":120,"mergedIssuedM":102,"mergedProducedPieces":200,"productionReceivedByOrder":[100,100],"warehouseContinuousM":19,"lossM":1,"returnedM":1}
{"scenario":"N01","rawReceivedKg":12,"consumedKg":10,"returnedKg":1,"factoryRemainingKg":1,"semiFinishedReceivedM":1000}
{"scenario":"N02","rawReceivedKg":12,"consumedKg":10,"returnedKg":1,"factoryRemainingKg":1,"semiFinishedReceivedM":1300}
{"scenario":"N03","rawReceivedKg":12,"consumedKg":10,"returnedKg":1,"factoryRemainingKg":1,"semiFinishedReceivedM":60}
{"scenario":"N04","rawReceivedKg":12,"consumedKg":10,"returnedKg":1,"factoryRemainingKg":1,"semiFinishedReceivedM":100}
{"scenario":"N05","rawReceivedKg":12,"consumedKg":10,"returnedKg":1,"factoryRemainingKg":1,"semiFinishedReceivedM":120}
{"scenario":"PRINTBACK-source-fixture","nativePrint":{"inputM":650,"outputM":630,"lossM":20,"outputImage":"MISSING_BLOCKED"},"sourceDispatched":630,"actualReceived":630,"cutMeters":620,"lossMeters":2,"returnedMeters":8,"baseLeftMeters":350,"scope":"原生印花650→630已独立重放；下游630米交出仍为专项夹具，不替代缺图正式交出或N01完整上游"}
{"scenario":"B09-downstream-recovery","basePhysicalM":350,"otherReservedM":350,"baseAvailableM":0,"processedReturnM":8,"productionPieces":[400,600],"scope":"含实际占用失败、释放、发料及印花回料后全链；原生印染20米损耗未执行，不是完整B09通过"}
{"scenario":"B05-cut-recovery","received":[400,600],"frozenPieces":10,"frozenLengthMm":500,"continuous":2.5,"cutLoss":2.5,"upstreamScope":"印花630米已交出为外部专项夹具，不冒充原生印染20米损耗或全N01"}
(node:61160) ExperimentalWarning: localStorage is not available because --localstorage-file was not provided.
(Use `node --trace-warnings ...` to show where the warning was created)
✔ N01～N05：通过现有 PMS 入口下达，每条采购链从零执行到仓库实收；交出不提前增加库存 (19.458167ms)
✔ 半成品加工没有原料实收和足量耗用时禁止产出，补齐同一原料链后才能填报 (6.254125ms)
✔ MOCK-007：规范场景使用同一采购行、基础单和生产需求身份，不复制孤立页面 Mock (3.587709ms)
✔ MOCK-009：重置只重载隔离的运行态，不清除用户浏览器数据 (0.488166ms)
✔ B01/B03：短收保留在途和采购缺口；重复扫描、生成和刷新不双记 (0.843083ms)
✔ B02/B04：多收、错 SKU、错仓和无权限动作不改变任意下游数量；恢复后正常收齐 (1.456333ms)
✔ OVR-001～003：超产与超收须主管二次确认，计划不扩、幂等且下游一致 (2.817666ms)
✔ MASTER-001～003/005：采购与端头采购映射原型内建主档，缺失阻断且身份稳定 (5.551625ms)
✔ MASTER-004：映射前历史记录保留原快照与未映射标记，不批量改写 (0.481834ms)
✔ TERM-001～005：取消后终止处置台逐项决定，未处置不得结案且数量对账守恒 (11.047791ms)
✔ 终止连续余料：实物余量只扣一次报废，拒绝超量且剩余数量可继续处置 (4.90525ms)
✔ GAP-TERM-004：上游未收与生产在途分别确认去向，不可重复登记 (0.728375ms)
✔ DYE-001～003：染色直交织带厂按实际交出分配实收，追溯原染色单且不重复扣料 (401.579333ms)
✔ 采购追加：未开始同步计划，已执行保留原计划和实物并处理变更 (6.075583ms)
✔ B21：保存失败不报成功、不留部分库存；成功后刷新读取同一采购和收货事实 (1.375875ms)
✔ 采购→两种规格截断→拆包回仓→分配发料→生产实收：短收保留缺口，库存及采购不双记 (29.138792ms)
✔ B09：其他需求占用400米时不能再占650；释放50后恢复，错误发料不改变库存 (6.587292ms)
✔ 需求来源：同尺码不同成衣SKU分别保留，BOM适用范围生效，错误快照和重复工序阻断 (0.847459ms)
✔ 待打头条料不计合格产出；超公差实物记不良且照实扣下料当量，未实收不可截断 (35.96675ms)
✔ N04：采购100米→单端硅胶按kg实耗→回仓发料→生产实收50根，连续料剩34米 (29.0655ms)
✔ B15：截断后取消保留1000根在制和1260米当量，释放未发占用并只退连续余料 (24.492334ms)
✔ 已回仓部分发料后取消：释放未发分配，冻结实存，已发在途保留且实收不恢复需求 (19.263666ms)
✔ N02规范数值：采购→实际加工→生产实收及米料/辅材退仓整链 (78.448ms)
✔ N03规范数值：采购→实际加工→生产实收及米料/辅材退仓整链 (59.24275ms)
✔ N04规范数值：采购→实际加工→生产实收及米料/辅材退仓整链 (65.9755ms)
✔ B06规范恢复：误装100根报废→补购100米并补做→生产实收1000根，三套实物账守恒 (143.878958ms)
✔ N05合并批：120米采购→102米合并投入→两生产单各实收100，B17独立副本拆100为40+60 (97.798042ms)
✔ B17合并批：120米采购→102米合并投入→两生产单各实收100，B17独立副本拆100为40+60 (109.087833ms)
✔ N01～N05基础原料重量账：源仓实收→发出→工厂实收→耗用/余料→原仓实收，与米制产出独立 (235.836833ms)
✔ 主生产单暂停/取消直接限制织带执行，已发实收保留且取消处置释放未发占用 (68.598209ms)
✔ 冷启动及旧标签页均读取已保存主单限制，损坏来源不默许执行 (0.287333ms)
✔ 印花交出按两种长度分配，原单分次实收唯一记账，随后截断/回仓/领料守恒 (384.185541ms)
✔ 主单离页保存保留其他页取消及新增单，同单并发编辑和存储失败不覆盖 (2.958542ms)
✔ 技术包换版后旧规格冻结，已交出的仓库及生产在途可实收且不改旧长度 (66.030959ms)
✔ 未发料换版释放旧占用，新需求从备料至生产实收，旧预览和已执行重算阻断 (99.395959ms)
✔ 已加工换版：旧200条冻结并释放未发分配，新550/700mm需求实收1000条，旧预览失效且库存守恒 (125.628208ms)
✔ B05实际410/590错配：短条余量冻结，连续余料8米补10条700mm至两规格生产实收 (212.998167ms)
✔ 加工计划时间独立保存：明确时区、并发版本阻断、实际节点不倒推开完工且库存不变 (26.230792ms)
✔ 加工单费用按技术包需求计价：单位、币种和版本可追溯，库存与实收不被费用动作改变 (22.132375ms)
✔ 织带加工单没有接单或开工门禁，投入实收后可直接加工填报 (53.202916ms)
✔ B23未执行采购1000减900：版本留痕、旧预览阻断、重新确认接受后900实际生产实收 (56.177625ms)
✔ B24实收1000退100：仓库交出与TMF分次实收独立，原收保留且净900后减量 (89.7435ms)
✔ 采购取消门禁：无执行事实可取消，已收货或已生产必须先处置不能直接结案 (50.076875ms)
[PMS_IDB_LOAD_FAILED] { message: '当前浏览器不支持 IndexedDB,PMS 业务数据无法持久化。' }
[PMS_IDB_UNAVAILABLE] put 跳过,数据仅保留在内存 { store: 'pmsMaterialPurchaseOrderDeltas', key: 'CGF-2026-0007' }
[PMS_IDB_LOAD_FAILED] { message: '当前浏览器不支持 IndexedDB,PMS 业务数据无法持久化。' }
[PMS_IDB_LOAD_FAILED] { message: '当前浏览器不支持 IndexedDB,PMS 业务数据无法持久化。' }
[PMS_IDB_LOAD_FAILED] { message: '当前浏览器不支持 IndexedDB,PMS 业务数据无法持久化。' }
[PMS_IDB_UNAVAILABLE] put 跳过,数据仅保留在内存 { store: 'pmsMaterialPurchaseOrderDeltas', key: 'CGF-2026-0007' }
[PMS_IDB_UNAVAILABLE] put 跳过,数据仅保留在内存 { store: 'pmsMaterialPurchaseOrderDeltas', key: 'CGF-2026-0007' }
[PMS_IDB_UNAVAILABLE] put 跳过,数据仅保留在内存 { store: 'pmsMaterialPurchaseOrderDeltas', key: 'CGF-2026-0007' }
[PMS_IDB_LOAD_FAILED] { message: '当前浏览器不支持 IndexedDB,PMS 业务数据无法持久化。' }
[PMS_IDB_LOAD_FAILED] { message: '当前浏览器不支持 IndexedDB,PMS 业务数据无法持久化。' }
[PMS_IDB_LOAD_FAILED] { message: '当前浏览器不支持 IndexedDB,PMS 业务数据无法持久化。' }
✔ PMS采购实际仓库实收与原料库存一次保存；分批、刷新、原料使用和退回均不重复履约 (140.840833ms)
✔ 历史手工到货及不支持的单位不能直接变成投入料可用库存 (0.553042ms)
✔ 首次实收前供应商确认与关闭可刷新恢复，保存失败和损坏存储不会覆盖状态 (0.675ms)
✔ N01采用路线按染色→印花关联原单，多尺码不重复列工序，不修改印染数量 (1.144541ms)
✔ 旧版本、错误SKU、码制单位、取消或变更待处理均不作为有效关联 (0.2245ms)
✔ 同号不同生产单或BOM不得关联，重复来源不静默选择，混合快照阻断 (0.245792ms)
✔ 编辑器按尺码保留规格，截断打头不新建SKU，重复保存沿用节点身份 (1.64575ms)
✔ 无印染要求时 TMF 路线只生成截断节点，不凭空生成染色或印花节点 (0.112791ms)
✔ 前序印染产出SKU作为截断投入；保留独立橡筋工艺，移除打头后下游连接截断 (0.361166ms)
✔ 未明确打头、错误辅料BOM、无半成品和不合法前序不能生成可执行路线 (0.158834ms)
(node:61164) ExperimentalWarning: localStorage is not available because --localstorage-file was not provided.
(Use `node --trace-warnings ...` to show where the warning was created)
✔ N01：400 条 50CM 和 600 条 70CM 分行计算，共 620 米；未增加 SKU (1.266292ms)
✔ 缺少尺码数量、非整数条数、公差或测量条件时不猜测需求 (0.330416ms)
✔ B07：未选择打头、缺少端头方式或辅材不能确认；支持两端不同端头 (0.242458ms)
✔ N04/B08：硅胶按重量且必须有覆盖长度，不作为独立金属头计数 (0.0895ms)
✔ B18：打头只能承接对应截断条料，不能换 SKU、换长度或重新领连续料 (0.249291ms)
✔ N05：规格相同可以合并，但尺码、用途和需求身份不靠物理规格键代替 (0.095459ms)
✔ B14：修改后续版本端头要求不能污染生产单历史快照 (0.608125ms)
✔ 发布门禁：含织带截断工序的技术包必须规格完整且规格仍关联当前 BOM (0.145667ms)
(node:61165) ExperimentalWarning: localStorage is not available because --localstorage-file was not provided.
(Use `node --trace-warnings ...` to show where the warning was created)
✔ 已提交新周期可由真实袋档案进入历史，错误袋和未知周期仍拒绝 (1.108291ms)
(node:61166) ExperimentalWarning: localStorage is not available because --localstorage-file was not provided.
(Use `node --trace-warnings ...` to show where the warning was created)
✔ REPLACEMENT_FABRIC 已绑定有效同生产单任务保留归属，不按部位裁片SKU消除 (17.276125ms)
✔ REPLACEMENT_FABRIC 未绑定票不猜任务，可由用户明确同批加入 (6.711666ms)
✔ REPLACEMENT_FABRIC old-factory 旧绑定不可作为当前任务沿用 (6.331292ms)
✔ REPLACEMENT_FABRIC other-order 旧绑定不可作为当前任务沿用 (6.336625ms)
✔ BINDING_STRIP 已绑定有效同生产单任务保留归属，不按部位裁片SKU消除 (6.045625ms)
✔ BINDING_STRIP 未绑定票不猜任务，可由用户明确同批加入 (7.784125ms)
✔ BINDING_STRIP old-factory 旧绑定不可作为当前任务沿用 (5.581584ms)
✔ BINDING_STRIP other-order 旧绑定不可作为当前任务沿用 (5.513917ms)
ℹ tests 726
ℹ suites 0
ℹ pass 726
ℹ fail 0
ℹ cancelled 0
ℹ skipped 0
ℹ todo 0
ℹ duration_ms 16010.834625
vite v6.4.3 building for production...
transforming...
✓ 2736 modules transformed.
Circular chunk: pcs-tech-pack-review -> pcs-tech-pack-bootstrap -> pcs-tech-pack-review. Consider disabling the "output.onlyExplicitManualChunks" option, as enabling it causes the static dependencies of the manual chunk "pcs-tech-pack-bootstrap" to be bundled into the chunk "pcs-tech-pack-review".
rendering chunks...
[plugin vite:reporter] 
(!) /Users/laoer/.codex/worktrees/9ec5/higoods/src/data/fcs/cut-piece-release.ts is dynamically imported by /Users/laoer/.codex/worktrees/9ec5/higoods/src/data/fcs/cutting/cut-piece-ticket-validity.ts, /Users/laoer/.codex/worktrees/9ec5/higoods/src/data/fcs/cutting/cut-piece-ticket-validity.ts, /Users/laoer/.codex/worktrees/9ec5/higoods/src/data/fcs/cutting/cutting-event-repository.ts, /Users/laoer/.codex/worktrees/9ec5/higoods/src/data/fcs/cutting/cutting-event-repository.ts, /Users/laoer/.codex/worktrees/9ec5/higoods/src/data/fcs/production-context-actions.ts but also statically imported by /Users/laoer/.codex/worktrees/9ec5/higoods/src/data/fcs/runtime-process-tasks.ts, /Users/laoer/.codex/worktrees/9ec5/higoods/src/data/fcs/sewing-assignment-readiness.ts, /Users/laoer/.codex/worktrees/9ec5/higoods/src/data/fcs/sewing-production-order-duration.ts, /Users/laoer/.codex/worktrees/9ec5/higoods/src/pages/fcs/material-prep/sewing.ts, /Users/laoer/.codex/worktrees/9ec5/higoods/src/pages/process-factory/cutting/cut-order-release-integration.ts, /Users/laoer/.codex/worktrees/9ec5/higoods/src/pages/process-factory/cutting/cut-piece-release.ts, /Users/laoer/.codex/worktrees/9ec5/higoods/src/pages/process-factory/cutting/cutting-daily-production-report-model.ts, /Users/laoer/.codex/worktrees/9ec5/higoods/src/pages/process-factory/cutting/supplement-management.ts, /Users/laoer/.codex/worktrees/9ec5/higoods/src/pages/sewing-outsourcing/tasks.ts, /Users/laoer/.codex/worktrees/9ec5/higoods/src/pages/unified-dispatch-workbench.ts, dynamic import will not move module into another chunk.

[plugin vite:reporter] 
(!) /Users/laoer/.codex/worktrees/9ec5/higoods/src/components/production-object-floating-entry.ts is dynamically imported by /Users/laoer/.codex/worktrees/9ec5/higoods/src/main.ts but also statically imported by /Users/laoer/.codex/worktrees/9ec5/higoods/src/components/shell.ts, dynamic import will not move module into another chunk.

[plugin vite:reporter] 
(!) /Users/laoer/.codex/worktrees/9ec5/higoods/src/data/fcs/printing-task-domain.ts is dynamically imported by /Users/laoer/.codex/worktrees/9ec5/higoods/src/data/fcs/dyeing-task-domain.ts, /Users/laoer/.codex/worktrees/9ec5/higoods/src/data/fcs/tmf-upstream-process-orders.ts, /Users/laoer/.codex/worktrees/9ec5/higoods/src/data/pms/tmf-material-purchases.ts, /Users/laoer/.codex/worktrees/9ec5/higoods/src/pages/process-factory/accessory/webbing/work-order-detail.ts, /Users/laoer/.codex/worktrees/9ec5/higoods/src/pages/process-factory/accessory/webbing/work-order-detail.ts but also statically imported by /Users/laoer/.codex/worktrees/9ec5/higoods/src/data/fcs/cutting/material-prep.ts, /Users/laoer/.codex/worktrees/9ec5/higoods/src/data/fcs/cutting/supplement-node-facts.ts, /Users/laoer/.codex/worktrees/9ec5/higoods/src/data/fcs/design-revision-material-transfer.ts, /Users/laoer/.codex/worktrees/9ec5/higoods/src/data/fcs/design-revision-process-work-order-adapter.ts, /Users/laoer/.codex/worktrees/9ec5/higoods/src/data/fcs/factory-receiving-links.ts, /Users/laoer/.codex/worktrees/9ec5/higoods/src/data/fcs/factory-receiving-source-sync.ts, /Users/laoer/.codex/worktrees/9ec5/higoods/src/data/fcs/mobile-execution-task-index.ts, /Users/laoer/.codex/worktrees/9ec5/higoods/src/data/fcs/pda-start-link.ts, /Users/laoer/.codex/worktrees/9ec5/higoods/src/data/fcs/printing-factory-demos.ts, /Users/laoer/.codex/worktrees/9ec5/higoods/src/data/fcs/printing-material-receipts.ts, /Users/laoer/.codex/worktrees/9ec5/higoods/src/data/fcs/printing-statistics.ts, /Users/laoer/.codex/worktrees/9ec5/higoods/src/data/fcs/printing-warehouse-view.ts, /Users/laoer/.codex/worktrees/9ec5/higoods/src/data/fcs/printing-work-order-business.ts, /Users/laoer/.codex/worktrees/9ec5/higoods/src/data/fcs/process-action-writeback-service.ts, /Users/laoer/.codex/worktrees/9ec5/higoods/src/data/fcs/process-execution-writeback.ts, /Users/laoer/.codex/worktrees/9ec5/higoods/src/data/fcs/process-mobile-task-binding.ts, /Users/laoer/.codex/worktrees/9ec5/higoods/src/data/fcs/process-warehouse-linkage-service.ts, /Users/laoer/.codex/worktrees/9ec5/higoods/src/data/fcs/process-web-status-actions.ts, /Users/laoer/.codex/worktrees/9ec5/higoods/src/data/fcs/process-work-order-domain.ts, /Users/laoer/.codex/worktrees/9ec5/higoods/src/data/fcs/process-work-order-generation-service.ts, /Users/laoer/.codex/worktrees/9ec5/higoods/src/data/fcs/production-demand-early-process-work-orders.ts, /Users/laoer/.codex/worktrees/9ec5/higoods/src/data/fcs/production-object-overview.ts, /Users/laoer/.codex/worktrees/9ec5/higoods/src/data/fcs/production-process-work-order-service.ts, /Users/laoer/.codex/worktrees/9ec5/higoods/src/data/fcs/production-task-breakdown.ts, /Users/laoer/.codex/worktrees/9ec5/higoods/src/data/fcs/task-print-cards.ts, /Users/laoer/.codex/worktrees/9ec5/higoods/src/pages/pcs-independent-sampling.ts, /Users/laoer/.codex/worktrees/9ec5/higoods/src/pages/pda-exec-detail.ts, /Users/laoer/.codex/worktrees/9ec5/higoods/src/pages/pda-exec.ts, /Users/laoer/.codex/worktrees/9ec5/higoods/src/pages/pda-task-receive.ts, /Users/laoer/.codex/worktrees/9ec5/higoods/src/pages/print/templates/printing-work-order-template.ts, /Users/laoer/.codex/worktrees/9ec5/higoods/src/pages/process-factory/cutting/production-order-overview-projection.ts, /Users/laoer/.codex/worktrees/9ec5/higoods/src/pages/process-factory/dyeing/pending-receipts.ts, /Users/laoer/.codex/worktrees/9ec5/higoods/src/pages/process-factory/printing/dashboards.ts, /Users/laoer/.codex/worktrees/9ec5/higoods/src/pages/process-factory/printing/dialogs.ts, /Users/laoer/.codex/worktrees/9ec5/higoods/src/pages/process-factory/printing/dispatch.ts, /Users/laoer/.codex/worktrees/9ec5/higoods/src/pages/process-factory/printing/events.ts, /Users/laoer/.codex/worktrees/9ec5/higoods/src/pages/process-factory/printing/presentation.ts, /Users/laoer/.codex/worktrees/9ec5/higoods/src/pages/process-factory/printing/shared.ts, /Users/laoer/.codex/worktrees/9ec5/higoods/src/pages/process-factory/printing/statistics.ts, /Users/laoer/.codex/worktrees/9ec5/higoods/src/pages/process-factory/printing/work-order-detail.ts, /Users/laoer/.codex/worktrees/9ec5/higoods/src/pages/process-print-orders.ts, /Users/laoer/.codex/worktrees/9ec5/higoods/src/pages/process-work-orders/early-process-management.ts, /Users/laoer/.codex/worktrees/9ec5/higoods/src/pages/production/demand-domain.ts, /Users/laoer/.codex/worktrees/9ec5/higoods/src/runtime/fcs/cutting/pickup-management-runtime.ts, dynamic import will not move module into another chunk.

computing gzip size...
dist/index.html                                                          12.61 kB │ gzip:   3.07 kB
dist/assets/pcs-pattern-parse.worker-B3_rAVMB.js                         18.52 kB
dist/assets/pcs-record-baseline-BWpImHil.json                         4,125.30 kB │ gzip: 226.59 kB
dist/assets/order-pages-BLg6Ma6N.css                                     85.42 kB │ gzip:  15.73 kB
dist/assets/index-DIT6Kke5.css                                          155.27 kB │ gzip:  25.49 kB
dist/assets/domain-snapshot-BRc7d5ql.js                                   0.34 kB │ gzip:   0.26 kB
dist/assets/sample-warehouse-projection-CfFYq27i.js                       0.39 kB │ gzip:   0.25 kB
dist/assets/pcs-engineering-bom-snapshot-source-DlXUWD87.js               0.41 kB │ gzip:   0.30 kB
dist/assets/real-qr-placeholder-CKA4YXlP.js                               0.52 kB │ gzip:   0.35 kB
dist/assets/pcs-record-bootstrap-BTkEoHQe.js                              0.56 kB │ gzip:   0.45 kB
dist/assets/dialogs-tWPIBjhH.js                                           0.59 kB │ gzip:   0.31 kB
dist/assets/design-revision-pcs-command-BYJKC7M6.js                       0.68 kB │ gzip:   0.38 kB
dist/assets/pcs-storage-error-D2ucxlT-.js                                 0.71 kB │ gzip:   0.52 kB
dist/assets/badge-DbUQOZoe.js                                             0.78 kB │ gzip:   0.42 kB
dist/assets/images-Q79qfJD0.js                                            0.80 kB │ gzip:   0.35 kB
dist/assets/pms-export-CRZxW7LK.js                                        0.83 kB │ gzip:   0.50 kB
dist/assets/placeholder-Db96AsYD.js                                       0.85 kB │ gzip:   0.47 kB
dist/assets/pda-cutting-save-C8HHu3Uo.js                                  0.89 kB │ gzip:   0.60 kB
dist/assets/trace-CABPJH4F.js                                             0.89 kB │ gzip:   0.51 kB
dist/assets/execution-prep-projection-helpers-CRUEAHQc.js                 0.94 kB │ gzip:   0.46 kB
dist/assets/history-Dp5kYeoj.js                                           0.94 kB │ gzip:   0.61 kB
dist/assets/payment-sync-CQ3pZCxD.js                                      0.97 kB │ gzip:   0.62 kB
dist/assets/tmf-reference-images-6geKcU1B.js                              0.98 kB │ gzip:   0.50 kB
dist/assets/print-service-CyrwQfQw.js                                     1.04 kB │ gzip:   0.52 kB
dist/assets/pda-sewing-self-return-mode-CVT5AEl1.js                       1.07 kB │ gzip:   0.54 kB
dist/assets/process-work-order-generation-service-BP1Y5B-1.js             1.07 kB │ gzip:   0.65 kB
dist/assets/detail.adapter-DcTinQmB.js                                    1.08 kB │ gzip:   0.68 kB
dist/assets/material-purchase-references-DxXy6TP0.js                      1.10 kB │ gzip:   0.58 kB
dist/assets/routes-los-BvqlYnv1.js                                        1.14 kB │ gzip:   0.54 kB
dist/assets/dyeing-material-receipts-CoTeJ9MO.js                          1.14 kB │ gzip:   0.75 kB
dist/assets/pda-runtime-BErvn3cV.js                                       1.21 kB │ gzip:   0.66 kB
dist/assets/tech-pack-BNzLlheB.js                                         1.28 kB │ gzip:   0.59 kB
dist/assets/overview-Czl6MUpI.js                                          1.29 kB │ gzip:   0.71 kB
dist/assets/process-work-order-source-view-B8DEk1fK.js                    1.30 kB │ gzip:   0.58 kB
dist/assets/transfer-bag-handover-mock-DgwI3gTV.js                        1.31 kB │ gzip:   0.71 kB
dist/assets/pcs-tech-pack-review-notification-repository-8nyzmHAG.js      1.34 kB │ gzip:   0.59 kB
dist/assets/replacement-fabric-scan-BS4wVPgL.js                           1.34 kB │ gzip:   0.82 kB
dist/assets/work-order-action-policy-B_htTkaE.js                          1.34 kB │ gzip:   0.68 kB
dist/assets/real-qr-CPyuFUed.js                                           1.39 kB │ gzip:   0.80 kB
dist/assets/filter-bar-Ba0risiZ.js                                        1.49 kB │ gzip:   0.81 kB
dist/assets/factory-types-DbcizYGx.js                                     1.52 kB │ gzip:   0.65 kB
dist/assets/material-identity-xTXrZ7OI.js                                 1.54 kB │ gzip:   0.84 kB
dist/assets/supplement-material-prep-demand-registry-DI-N3DvB.js          1.56 kB │ gzip:   0.75 kB
dist/assets/task-handover-domain-B84Ognx1.js                              1.57 kB │ gzip:   0.76 kB
dist/assets/pda-cutting-wait-handover-actions-T8J-qWT7.js                 1.58 kB │ gzip:   0.62 kB
dist/assets/warehouse-shared-DiZpv1z5.js                                  1.58 kB │ gzip:   0.51 kB
dist/assets/pcs-material-handoff-Bk281Q21.js                              1.65 kB │ gzip:   0.81 kB
dist/assets/task-chain-pages-adapter-CR7m7aSX.js                          1.71 kB │ gzip:   0.84 kB
dist/assets/pcs-tech-pack-version-log-repository-ZucAw8qs.js              1.73 kB │ gzip:   0.78 kB
dist/assets/real-barcode-BHpCtURR.js                                      1.81 kB │ gzip:   0.96 kB
dist/assets/tmf-upstream-receiving-Bcn3PAP3.js                            1.82 kB │ gzip:   1.14 kB
dist/assets/fei-tickets-storage-7KaIHPKx.js                               1.85 kB │ gzip:   0.58 kB
dist/assets/list-export-Cwc_oGwc.js                                       1.86 kB │ gzip:   1.09 kB
dist/assets/toast-BXUvgm0t.js                                             1.87 kB │ gzip:   0.90 kB
dist/assets/wool-pda-scan-Dm9tupS9.js                                     1.88 kB │ gzip:   1.03 kB
dist/assets/mixed-transfer-bag-ticket-DETTPWFm.js                         1.89 kB │ gzip:   0.79 kB
dist/assets/kol-goto-fixed-total-ledger-Cl-YG2t0.js                       1.93 kB │ gzip:   0.93 kB
dist/assets/table-DkUvzy2A.js                                             2.04 kB │ gzip:   1.02 kB
dist/assets/pcs-action-dialog-BDH5t3S9.js                                 2.09 kB │ gzip:   1.07 kB
dist/assets/binding-process-pda-scan-DWAWVCXu.js                          2.18 kB │ gzip:   1.13 kB
dist/assets/special-craft-pda-scope-CfoIyOAj.js                           2.24 kB │ gzip:   1.02 kB
dist/assets/cutting-record-identity-CtTd0WGy.js                           2.26 kB │ gzip:   1.23 kB
dist/assets/cutting-file-maintenance-DCwpvgoN.js                          2.33 kB │ gzip:   1.23 kB
dist/assets/helpers-BFKa6pUf.js                                           2.42 kB │ gzip:   1.21 kB
dist/assets/production-order-tech-pack-runtime-HNx8FdQw.js                2.44 kB │ gzip:   0.94 kB
dist/assets/mixed-bag-contents-DlnUKSPq.js                                2.52 kB │ gzip:   1.35 kB
dist/assets/tmf-work-order-view-BroqQomB.js                               2.56 kB │ gzip:   1.18 kB
dist/assets/production-context-recovery-B-lkPK1G.js                       2.56 kB │ gzip:   1.30 kB
dist/assets/factory-capacity-profile-mock-Dv5YtZGT.js                     2.64 kB │ gzip:   1.15 kB
dist/assets/pms-excel-import-DnMCWv6B.js                                  2.66 kB │ gzip:   1.32 kB
dist/assets/shared-mroQS0Hu.js                                            2.70 kB │ gzip:   1.02 kB
dist/assets/process-order-list-presentation-uk1TIisc.js                   2.71 kB │ gzip:   1.26 kB
dist/assets/post-finishing-spu-technical-parameters-C5Jtxjiu.js           2.79 kB │ gzip:   1.28 kB
dist/assets/marker-plan-projection-Cdamj02o.js                            2.82 kB │ gzip:   1.22 kB
dist/assets/process-order-task-relations-D1dh513u.js                      2.97 kB │ gzip:   1.29 kB
dist/assets/product-skus-CEt6Fukj.js                                      3.03 kB │ gzip:   0.96 kB
dist/assets/production-order-identity-BAlCjZUD.js                         3.04 kB │ gzip:   1.26 kB
dist/assets/tabs--aCvt7MO.js                                              3.09 kB │ gzip:   0.93 kB
dist/assets/dialogs-Dvnfp0o9.js                                           3.12 kB │ gzip:   1.28 kB
dist/assets/pda-cutting-runtime-action-inputs-DltQFmHP.js                 3.13 kB │ gzip:   1.08 kB
dist/assets/trade-subjects-B1U82DIE.js                                    3.16 kB │ gzip:   1.12 kB
dist/assets/cutting-mainline-ir3wr5l-.js                                  3.41 kB │ gzip:   1.53 kB
dist/assets/authorization-code-BvTHJuqU.js                                3.58 kB │ gzip:   1.71 kB
dist/assets/work-order-detail-CRIRuO1h.js                                 3.61 kB │ gzip:   1.52 kB
dist/assets/binding-process-warehouse-linkage-service-BUziNrDc.js         3.62 kB │ gzip:   1.38 kB
dist/assets/fcs-route-links-CdIu8Xoq.js                                   3.67 kB │ gzip:   1.20 kB
dist/assets/printing-sheet-preview-yGxsA_8w.js                            3.69 kB │ gzip:   1.76 kB
dist/assets/shared-DWljKecA.js                                            3.72 kB │ gzip:   1.69 kB
dist/assets/confirmation-print-Bv70wySS.js                                3.73 kB │ gzip:   1.58 kB
dist/assets/quality-chain-adapter-CWeOyMiQ.js                             3.73 kB │ gzip:   1.66 kB
dist/assets/shared-DIjudyce.js                                            3.87 kB │ gzip:   1.62 kB
dist/assets/task-route-card-RtX9aPZB.js                                   3.99 kB │ gzip:   1.72 kB
dist/assets/sewing-outsourcing-demo-CScGARBh.js                           4.05 kB │ gzip:   1.63 kB
dist/assets/task-delivery-card-CTlCqjN8.js                                4.05 kB │ gzip:   1.80 kB
dist/assets/tipping-form-C7saJmBF.js                                      4.07 kB │ gzip:   2.02 kB
dist/assets/pcs-product-reference-check-Cf91SF7x.js                       4.07 kB │ gzip:   1.69 kB
dist/assets/transfer-bag-repack-mock-9dm8N2P6.js                          4.09 kB │ gzip:   1.89 kB
dist/assets/production-contract-print-BdJXCPi9.js                         4.11 kB │ gzip:   2.09 kB
dist/assets/transit-simple-lists-npEAz0Yt.js                              4.17 kB │ gzip:   1.47 kB
dist/assets/pda-cutting-simple-cut-piece-handover-C2gu2lDm.js             4.29 kB │ gzip:   1.93 kB
dist/assets/supplement-order-registry-CHnc7juB.js                         4.49 kB │ gzip:   1.76 kB
dist/assets/tmf-process-print-preview-BphUtGeM.js                         4.59 kB │ gzip:   2.16 kB
dist/assets/form-DxtyRl7u.js                                              4.74 kB │ gzip:   1.40 kB
dist/assets/layout.helpers-B2KW1-EU.js                                    4.76 kB │ gzip:   1.73 kB
dist/assets/runtime-task-tenders-YGz6fHpq.js                              4.76 kB │ gzip:   1.94 kB
dist/assets/preparation-material-receipt-sources-C8iw2p6U.js              4.76 kB │ gzip:   1.99 kB
dist/assets/relations-D_Y1t_N7.js                                         4.80 kB │ gzip:   2.19 kB
dist/assets/sewing-outsourcing-responsibility-BcWNCGRv.js                 4.82 kB │ gzip:   2.10 kB
dist/assets/transit-dashboard-BncA905R.js                                 4.85 kB │ gzip:   2.04 kB
dist/assets/result-list-BysOoAAA.js                                       4.94 kB │ gzip:   2.06 kB
dist/assets/store-domain-dispatch-process-j7d0HnoO.js                     5.00 kB │ gzip:   1.94 kB
dist/assets/progress-board-CxKeCkz5.js                                    5.01 kB │ gzip:   2.22 kB
dist/assets/process-order-list-controller-DCt4THFg.js                     5.09 kB │ gzip:   1.90 kB
dist/assets/cutting-event-migration-Bg_VTcNU.js                           5.18 kB │ gzip:   2.07 kB
dist/assets/generated-cut-release-CrBGsxhN.js                             5.23 kB │ gzip:   2.35 kB
dist/assets/material-requirements-CoWk9wNn.js                             5.27 kB │ gzip:   2.24 kB
dist/assets/tmf-upstream-process-orders-BCVwCwQf.js                       5.28 kB │ gzip:   2.46 kB
dist/assets/process-work-order-quality-settlement-iBVUkJSu.js             5.33 kB │ gzip:   2.20 kB
dist/assets/replacement-fabric-fei-tickets-DtBUNgLC.js                    5.63 kB │ gzip:   2.48 kB
dist/assets/tmf-process-continuation-B3hoPFRr.js                          5.66 kB │ gzip:   1.62 kB
dist/assets/dispatch-task-sheet-CgokUTZ8.js                               5.72 kB │ gzip:   2.71 kB
dist/assets/pcs-product-information-B5aM0u-O.js                           5.79 kB │ gzip:   2.64 kB
dist/assets/dashboards-BripJIuB.js                                        5.79 kB │ gzip:   2.75 kB
dist/assets/process-order-three-axis-view-pam6efEr.js                     5.85 kB │ gzip:   2.36 kB
dist/assets/wls-page-handlers-4BlYFhPY.js                                 5.86 kB │ gzip:   2.09 kB
dist/assets/retired-cut-piece-pickup-history-CNFcCicA.js                  5.87 kB │ gzip:   2.36 kB
dist/assets/replacement-fabric-label-template-ChJsuLav.js                 5.89 kB │ gzip:   2.61 kB
dist/assets/pda-cutting-nav-context-BoFtp--T.js                           5.95 kB │ gzip:   1.40 kB
dist/assets/los-live-room-master-sl2fdkZ6.js                              5.97 kB │ gzip:   2.66 kB
dist/assets/transfer-bags-projection-D8ay9IuD.js                          6.05 kB │ gzip:   2.38 kB
dist/assets/replacement-fabric-preview-Da7ta8nm.js                        6.05 kB │ gzip:   2.87 kB
dist/assets/fcs-pda-pickup-dispute-BhHnvLmz.js                            6.18 kB │ gzip:   2.19 kB
dist/assets/pda-wool-warehouse-flows-B64bnWAe.js                          6.23 kB │ gzip:   3.06 kB
dist/assets/warehouse-standard-eSA47dX6.js                                6.30 kB │ gzip:   2.10 kB
dist/assets/fact-view-BvSAUzzq.js                                         6.35 kB │ gzip:   2.11 kB
dist/assets/transfer-bag-goods-label-DYM2SdvY.js                          6.46 kB │ gzip:   2.65 kB
dist/assets/production-contract-center-DCP8c0Lf.js                        6.62 kB │ gzip:   2.83 kB
dist/assets/sewing-outsourcing-supplement-tracking-CYm4WSyC.js            6.63 kB │ gzip:   2.89 kB
dist/assets/workbench-CL57iTPV.js                                         6.63 kB │ gzip:   2.68 kB
dist/assets/cutting-task-routing-BKYRlAIK.js                              6.65 kB │ gzip:   2.38 kB
dist/assets/factory-receiving-links-B0k07nTy.js                           6.74 kB │ gzip:   2.72 kB
dist/assets/printing-work-order-template-CjOPQl4J.js                      6.77 kB │ gzip:   3.16 kB
dist/assets/routes-pda-CzyQq9GS.js                                        6.85 kB │ gzip:   2.60 kB
dist/assets/production-contract-master-template-B957I2uc.js               6.85 kB │ gzip:   2.74 kB
dist/assets/shared-Ctp-LGGZ.js                                            6.86 kB │ gzip:   2.53 kB
dist/assets/routes-pcs-pSStrbfV.js                                        6.90 kB │ gzip:   1.86 kB
dist/assets/data-management-qDYvWi1F.js                                   7.00 kB │ gzip:   2.56 kB
dist/assets/material-handover-DHHom-Z4.js                                 7.06 kB │ gzip:   2.77 kB
dist/assets/stock-seed-Cj8lLuwm.js                                        7.11 kB │ gzip:   2.44 kB
dist/assets/dye-work-order-times-w7U4XCtx.js                              7.22 kB │ gzip:   2.55 kB
dist/assets/overview.helpers-BP2F5Yu8.js                                  7.36 kB │ gzip:   2.88 kB
dist/assets/pcs-channel-legacy-conversion-Dg3I_fD9.js                     7.40 kB │ gzip:   3.19 kB
dist/assets/shared-D2MOc5jU.js                                            7.43 kB │ gzip:   2.60 kB
dist/assets/settlement-flow-boundaries-DbkSNas3.js                        7.43 kB │ gzip:   2.53 kB
dist/assets/pcs-testing-order-create-CTe3wu8y.js                          7.51 kB │ gzip:   2.93 kB
dist/assets/production-craft-dict-XhlR8UsB.js                             7.51 kB │ gzip:   2.82 kB
dist/assets/transit-warehouse-CGN4xIMS.js                                 7.54 kB │ gzip:   2.13 kB
dist/assets/craft-actions-YoAXY_Ij.js                                     7.55 kB │ gzip:   3.39 kB
dist/assets/pcs-sample-label-CD87MzGB.js                                  7.68 kB │ gzip:   3.48 kB
dist/assets/supplement-node-facts-BfL27Dv5.js                             7.76 kB │ gzip:   2.84 kB
dist/assets/sewing-outsourcing-return-tracking-CD0krMEy.js                7.91 kB │ gzip:   2.96 kB
dist/assets/tmf-process-sheet-template-BqgPUXMG.js                        8.00 kB │ gzip:   3.81 kB
dist/assets/pda-transfer-bag-detail-Del3Eo4u.js                           8.06 kB │ gzip:   3.02 kB
dist/assets/statistics-B_xfcURY.js                                        8.07 kB │ gzip:   2.64 kB
dist/assets/progress-exception-lifecycle-BJx0gSBY.js                      8.09 kB │ gzip:   2.70 kB
dist/assets/supplier-supply-archives-Bid-xGw5.js                          8.13 kB │ gzip:   2.60 kB
dist/assets/production-contracts-BJNJWGsy.js                              8.14 kB │ gzip:   2.78 kB
dist/assets/pda-notify-bTe-nhd3.js                                        8.35 kB │ gzip:   3.11 kB
dist/assets/milestone-configs-ByfyQylz.js                                 8.41 kB │ gzip:   2.94 kB
dist/assets/pcs-testing-order-list-DlbyVNsU.js                            8.51 kB │ gzip:   3.30 kB
dist/assets/material-process-plans-TH0Hvd-G.js                            8.66 kB │ gzip:   3.49 kB
dist/assets/pre-settlement-ledger-repository-3-pB1zFD.js                  8.84 kB │ gzip:   3.02 kB
dist/assets/pcs-pattern-library-config-DczZbcsx.js                        8.84 kB │ gzip:   2.42 kB
dist/assets/pda-cutting-shared-CbLGSkPx.js                                8.87 kB │ gzip:   2.72 kB
dist/assets/navigation-context-5GcHOdSg.js                                8.87 kB │ gzip:   2.46 kB
dist/assets/warehouses-CSFYi5tN.js                                        8.89 kB │ gzip:   2.11 kB
dist/assets/bom-templates-xQ0U-J6r.js                                     8.90 kB │ gzip:   3.70 kB
dist/assets/pda-cutting-execution-unit-Dee0nwTY.js                        9.06 kB │ gzip:   3.44 kB
dist/assets/machine-associations-BLB0xsSD.js                              9.16 kB │ gzip:   3.11 kB
dist/assets/fei-ticket-numbering-DHyw3tV2.js                              9.21 kB │ gzip:   3.23 kB
dist/assets/pda-notify-detail-T6TKlbkz.js                                 9.24 kB │ gzip:   3.08 kB
dist/assets/pda-execution-mDb3f8oN.js                                     9.30 kB │ gzip:   3.69 kB
dist/assets/pda-cutting-fei-ticket-numbering-DsVMDYBp.js                  9.31 kB │ gzip:   3.21 kB
dist/assets/handover-records-z2zDbw9Z.js                                  9.35 kB │ gzip:   3.56 kB
dist/assets/workbench-BKDIeDyR.js                                         9.38 kB │ gzip:   3.86 kB
dist/assets/pda-warehouse-BtpApj3i.js                                     9.43 kB │ gzip:   3.75 kB
dist/assets/mobile-DVvzboZc.js                                            9.53 kB │ gzip:   3.08 kB
dist/assets/sewing-pickup-slips-BcZGvChN.js                               9.65 kB │ gzip:   3.63 kB
dist/assets/dye-work-order-online-domain-DMY_ssl5.js                      9.78 kB │ gzip:   3.65 kB
dist/assets/routes-pms-DTfNT032.js                                        9.80 kB │ gzip:   2.52 kB
dist/assets/production-receipts-CNtbI1OB.js                               9.81 kB │ gzip:   3.95 kB
dist/assets/pda-cutting-transfer-bag-recovery-DVZlm1c1.js                 9.88 kB │ gzip:   4.03 kB
dist/assets/pending-receipts-DiEaimW2.js                                  9.91 kB │ gzip:   4.09 kB
dist/assets/continuous-stock-DLv3VXoG.js                                 10.09 kB │ gzip:   4.11 kB
dist/assets/statistics-BVrKGcst.js                                       10.10 kB │ gzip:   4.39 kB
dist/assets/trade-subjects-C-Pf7b7c.js                                   10.26 kB │ gzip:   3.73 kB
dist/assets/pda-cutting-transfer-bag-scrap-COU5Wcpq.js                   10.26 kB │ gzip:   4.17 kB
dist/assets/production-return-fulfillment-D0mxmeK0.js                    10.50 kB │ gzip:   4.00 kB
dist/assets/bom-templates-ChqjVeph.js                                    10.52 kB │ gzip:   2.48 kB
dist/assets/settings-BpqyN3h2.js                                         10.73 kB │ gzip:   3.24 kB
dist/assets/product-skus-DizXnfc0.js                                     10.74 kB │ gzip:   4.14 kB
dist/assets/yarn-shipments-ZNS94ozD.js                                   10.74 kB │ gzip:   4.84 kB
dist/assets/list-K7yOoCnq.js                                             10.77 kB │ gzip:   3.76 kB
dist/assets/transit-receipts-DAcxfbzX.js                                 10.99 kB │ gzip:   4.02 kB
dist/assets/production-context-actions-Bb1KFECI.js                       11.14 kB │ gzip:   3.95 kB
dist/assets/cutting-event-repository-AKH_Wr-q.js                         11.23 kB │ gzip:   4.76 kB
dist/assets/presentation-8kNni1Mw.js                                     11.25 kB │ gzip:   4.64 kB
dist/assets/design-revision-pcs-storage-D2ozVRMd.js                      11.28 kB │ gzip:   4.27 kB
dist/assets/pda-exec-link-fdkB3rwB.js                                    11.31 kB │ gzip:   3.68 kB
dist/assets/material-prep-DHMOIKUK.js                                    11.39 kB │ gzip:   2.68 kB
dist/assets/dyeing-warehouse-view-UKyeMqnY.js                            11.49 kB │ gzip:   3.95 kB
dist/assets/pcs-engineering-preparation-projection-CtrSo88Y.js           11.49 kB │ gzip:   4.26 kB
dist/assets/pda-login-BWUwzg5A.js                                        11.65 kB │ gzip:   4.51 kB
dist/assets/warehouses-E5dB8k5k.js                                       11.74 kB │ gzip:   4.23 kB
dist/assets/purchase-suggestions-CVpQLmRu.js                             11.87 kB │ gzip:   3.70 kB
dist/assets/material-transfers-CWDR2wxu.js                               11.99 kB │ gzip:   4.21 kB
dist/assets/task-breakdown-C-9jR3px.js                                   12.16 kB │ gzip:   4.53 kB
dist/assets/pickup-management-runtime-HMmnK223.js                        12.25 kB │ gzip:   4.73 kB
dist/assets/task-execution-adapter-HhP62wiO.js                           12.26 kB │ gzip:   3.69 kB
dist/assets/process-statistics-domain-CAt2_P8Y.js                        12.33 kB │ gzip:   4.03 kB
dist/assets/pms-handlers-BVzEeTeS.js                                     12.54 kB │ gzip:   2.89 kB
dist/assets/context-DlgYhZOt.js                                          13.02 kB │ gzip:   4.60 kB
dist/assets/cutting-record-repository-CphpxWhX.js                        13.04 kB │ gzip:   4.66 kB
dist/assets/meta-DqPRPSX8.js                                             13.16 kB │ gzip:   2.95 kB
dist/assets/handover-records-Bv17m_fw.js                                 13.18 kB │ gzip:   4.14 kB
dist/assets/replacement-fabric-repository-BLFFrEN_.js                    13.25 kB │ gzip:   5.41 kB
dist/assets/handover-print-cfBrhg6P.js                                   13.53 kB │ gzip:   4.95 kB
dist/assets/pda-start-link-BiRreh0T.js                                   13.62 kB │ gzip:   4.81 kB
dist/assets/inventory-monitor-rqURVK4E.js                                13.66 kB │ gzip:   4.78 kB
dist/assets/bom-detail-eAr-Ek6h.js                                       13.69 kB │ gzip:   4.97 kB
dist/assets/returns-CvV_t6Y0.js                                          13.84 kB │ gzip:   5.13 kB
dist/assets/wls-finished-inbound-BjFo3bbe.js                             13.92 kB │ gzip:   5.31 kB
dist/assets/tmf-base-demo-CFatuS2l.js                                    13.92 kB │ gzip:   5.03 kB
dist/assets/work-orders-CGBwtglx.js                                      13.99 kB │ gzip:   5.18 kB
dist/assets/wls-inbound-akTmfSDd.js                                      14.05 kB │ gzip:   5.48 kB
dist/assets/cut-piece-return-warehouse-CazVp8cq.js                       14.20 kB │ gzip:   5.07 kB
dist/assets/idb-storage-DYscBY_v.js                                      14.27 kB │ gzip:   5.28 kB
dist/assets/pcs-technical-data-tech-pack-list-AkrPw634.js                14.30 kB │ gzip:   4.92 kB
dist/assets/supplements-Cv9XJks_.js                                      14.34 kB │ gzip:   5.24 kB
dist/assets/mobile-execution-task-index-D8E72G-K.js                      14.41 kB │ gzip:   3.87 kB
dist/assets/post-finishing-qc-print-template-D4RnDWLj.js                 14.50 kB │ gzip:   4.47 kB
dist/assets/work-orders-_3TQXVi4.js                                      14.55 kB │ gzip:   4.95 kB
dist/assets/printing-sheet-template-BXJIFsqz.js                          14.58 kB │ gzip:   5.05 kB
dist/assets/manual-fei-tickets-Q_L4xIgL.js                               14.69 kB │ gzip:   5.02 kB
dist/assets/work-orders-C9CmfjQD.js                                      14.75 kB │ gzip:   4.78 kB
dist/assets/work-order-detail-Btb_rmsI.js                                14.84 kB │ gzip:   4.77 kB
dist/assets/dispatch-task-sheet-template-CQKf4JEl.js                     15.05 kB │ gzip:   6.00 kB
dist/assets/responsibility-transfers-CfGz7ZBS.js                         15.10 kB │ gzip:   5.72 kB
dist/assets/workbench-DFrOvR-M.js                                        15.76 kB │ gzip:   4.79 kB
dist/assets/cut-order-supplement-fixture-CDJg71Dz.js                     15.96 kB │ gzip:   4.83 kB
dist/assets/outbound-orders-DfiE2KPW.js                                  16.05 kB │ gzip:   5.21 kB
dist/assets/process-web-status-actions-jwIFInGa.js                       16.08 kB │ gzip:   4.30 kB
dist/assets/pcs-handlers-BLInh62u.js                                     16.18 kB │ gzip:   4.06 kB
dist/assets/handover-ledger-view-Bmki9XUF.js                             16.19 kB │ gzip:   4.45 kB
dist/assets/garment-spu-replacement-DqcoM7-U.js                          16.40 kB │ gzip:   5.03 kB
dist/assets/reports-DzHOpUQ3.js                                          16.48 kB │ gzip:   4.26 kB
dist/assets/machines-DBZzP1GM.js                                         16.51 kB │ gzip:   5.51 kB
dist/assets/full-flow-print-BkwRosUc.js                                  16.60 kB │ gzip:   5.54 kB
dist/assets/payment-requests-RotT1Hgd.js                                 16.74 kB │ gzip:   5.50 kB
dist/assets/progress-handover-order-CWwry43S.js                          16.86 kB │ gzip:   5.03 kB
dist/assets/wls-garment-relabel-tasks-B3ZDgu2H.js                        16.91 kB │ gzip:   5.59 kB
dist/assets/cut-order-release-integration-D7043BDQ.js                    17.07 kB │ gzip:   6.11 kB
dist/assets/dispatch-acceptance-sla-Beaf93ZK.js                          17.15 kB │ gzip:   5.13 kB
dist/assets/sewing-cut-piece-return-workflow-DEx_DEb5.js                 17.21 kB │ gzip:   6.09 kB
dist/assets/part-ticket-records-CugKMYHV.js                              17.36 kB │ gzip:   6.46 kB
dist/assets/pda-cutting-task-detail-DjTAqja0.js                          17.37 kB │ gzip:   6.13 kB
dist/assets/product-purchase-orders-DIMg_xft.js                          17.42 kB │ gzip:   5.22 kB
dist/assets/cutting-runtime-event-ledger-DV8qplDb.js                     17.42 kB │ gzip:   6.05 kB
dist/assets/production-confirmation-KwIjTF-k.js                          17.43 kB │ gzip:   5.94 kB
dist/assets/marker-spreading-projection-CieOfBSU.js                      17.50 kB │ gzip:   5.53 kB
dist/assets/output-stock-u4MCqcs0.js                                     17.52 kB │ gzip:   6.59 kB
dist/assets/material-requirements-B0GZs3fr.js                            17.55 kB │ gzip:   5.99 kB
dist/assets/sewing-cut-piece-responsibility-Bs1uwrNm.js                  17.63 kB │ gzip:   5.30 kB
dist/assets/pda-sewing-self-return-DAhJRged.js                           17.68 kB │ gzip:   5.99 kB
dist/assets/simple-cut-piece-handover-fixtures-CchnTnDP.js               17.74 kB │ gzip:   6.05 kB
dist/assets/progress-cutting-detail-DUHM-_rM.js                          17.80 kB │ gzip:   4.51 kB
dist/assets/bom-detail-Ctz2iCEa.js                                       17.90 kB │ gzip:   5.78 kB
dist/assets/supplier-confirmations-DVe9kDp3.js                           17.94 kB │ gzip:   5.33 kB
dist/assets/purchase-demands-Bkfj0MC4.js                                 18.07 kB │ gzip:   5.81 kB
dist/assets/suppliers-DOxcttzm.js                                        18.16 kB │ gzip:   5.27 kB
dist/assets/store-domain-pda-Bl4jkAiC.js                                 18.21 kB │ gzip:   6.41 kB
dist/assets/pda-notify-due-soon-K0CVYjHh.js                              18.41 kB │ gzip:   6.29 kB
dist/assets/process-mobile-task-binding-DUlXZ9A2.js                      18.56 kB │ gzip:   6.49 kB
dist/assets/tasks-BdfzoBSg.js                                            18.57 kB │ gzip:   6.90 kB
dist/assets/platform-process-result-view-CRO5EiXd.js                     18.64 kB │ gzip:   5.38 kB
dist/assets/store-domain-statement-source-adapter-DnnRZ3E0.js            18.71 kB │ gzip:   5.37 kB
dist/assets/generated-cut-orders-CYQIg2dt.js                             18.72 kB │ gzip:   5.63 kB
dist/assets/sewing-outsourcing-workbench-BNHHDsHb.js                     18.76 kB │ gzip:   6.52 kB
dist/assets/supplier-supply-archives-OK4ZgrW3.js                         18.90 kB │ gzip:   5.80 kB
dist/assets/materials-DQo18LQz.js                                        18.93 kB │ gzip:   4.79 kB
dist/assets/pda-warehouse-shared-BznuZXBf.js                             18.95 kB │ gzip:   5.68 kB
dist/assets/warehouse-DZUWcqlq.js                                        19.11 kB │ gzip:   6.11 kB
dist/assets/production-demand-early-process-work-orders-DX5QbUzZ.js      19.13 kB │ gzip:   5.74 kB
dist/assets/events-D4EXF4A-.js                                           19.21 kB │ gzip:   7.47 kB
dist/assets/platform.adapter-Ccn2m0rz.js                                 19.25 kB │ gzip:   6.09 kB
dist/assets/kol-goto-pda-domain-D3XmufB3.js                              19.33 kB │ gzip:   6.58 kB
dist/assets/shared-DN4RkH7o.js                                           19.43 kB │ gzip:   5.25 kB
dist/assets/units-dvAPbrx_.js                                            19.73 kB │ gzip:   5.89 kB
dist/assets/post-finishing-current-read-model-DyLzplNL.js                19.77 kB │ gzip:   5.53 kB
dist/assets/stage-display-CJqOldhz.js                                    19.84 kB │ gzip:   7.01 kB
dist/assets/factory-sample-verification-flow-DB_aoRbg.js                 19.86 kB │ gzip:   4.87 kB
dist/assets/adjustments-D5FmvrLF.js                                      19.94 kB │ gzip:   6.20 kB
dist/assets/pda-warehouse-inbound-records-CVWiMnAN.js                    20.11 kB │ gzip:   5.84 kB
dist/assets/index-B2XuGqQB.js                                            20.21 kB │ gzip:   5.22 kB
dist/assets/audit-records-H0oUZnRe.js                                    20.35 kB │ gzip:   6.65 kB
dist/assets/process-water-soluble-orders-DraJTvd4.js                     20.49 kB │ gzip:   6.42 kB
dist/assets/material-process-plans-C2y-E4v3.js                           20.52 kB │ gzip:   7.57 kB
dist/assets/pda-warehouse-outbound-records-DBn0r-t7.js                   20.61 kB │ gzip:   6.07 kB
dist/assets/overview.adapter-CSQ7qATx.js                                 20.65 kB │ gzip:   6.53 kB
dist/assets/task-orders-jmsTQ1_E.js                                      20.83 kB │ gzip:   7.17 kB
dist/assets/pcs-engineering-tech-pack-workspace-BSaXpi7f.js              21.00 kB │ gzip:   7.29 kB
dist/assets/shared-seed-CGi2rQR7.js                                      21.01 kB │ gzip:   6.23 kB
dist/assets/material-purchase-tracking-DaLFDcqj.js                       21.11 kB │ gzip:   6.69 kB
dist/assets/events-CieXO45B.js                                           21.17 kB │ gzip:   6.55 kB
dist/assets/order-list-columns-DvQoWndq.js                               21.20 kB │ gzip:   6.63 kB
dist/assets/los-live-rooms-DNYKhFmn.js                                   21.23 kB │ gzip:   7.67 kB
dist/assets/pcs-testing-order-detail-B9wazqyk.js                         21.30 kB │ gzip:   6.21 kB
dist/assets/pcs-engineering-master-view-model-DnNJh1bO.js                21.39 kB │ gzip:   7.29 kB
dist/assets/suppliers-CaG8gKiF.js                                        21.68 kB │ gzip:   6.93 kB
dist/assets/tmf-domain-shared-CsnEeaO8.js                                21.88 kB │ gzip:   8.26 kB
dist/assets/routes-wls-DKwFeQ0H.js                                       22.31 kB │ gzip:   7.24 kB
dist/assets/deduction-analysis-D_jYgXxt.js                               22.40 kB │ gzip:   6.54 kB
dist/assets/fei-ticket-numbering-DtlQHFKe.js                             22.45 kB │ gzip:   6.47 kB
dist/assets/warehouse-location-map-model-BMzRpnZd.js                     22.51 kB │ gzip:   7.14 kB
dist/assets/subject-operations-Bilgq1so.js                               22.61 kB │ gzip:   7.02 kB
dist/assets/tasks-4VTBMpzv.js                                            22.80 kB │ gzip:   7.29 kB
dist/assets/progress-statistics-linkage-zvgzPH-_.js                      22.86 kB │ gzip:   6.54 kB
dist/assets/work-order-detail-CQfMDpLO.js                                22.92 kB │ gzip:   7.37 kB
dist/assets/cut-piece-handover-DxnzmDaP.js                               22.98 kB │ gzip:   7.43 kB
dist/assets/qc-workbench-cVncx7Vq.js                                     23.03 kB │ gzip:   7.18 kB
dist/assets/recheck-orders-D7rYO7jP.js                                   23.18 kB │ gzip:   7.34 kB
dist/assets/cut-piece-returns-CbVihehn.js                                23.31 kB │ gzip:   7.20 kB
dist/assets/purchase-suggestions-CHV3Bgjz.js                             23.40 kB │ gzip:   7.33 kB
dist/assets/material-issue-CFiuzAp_.js                                   23.80 kB │ gzip:   5.92 kB
dist/assets/progress-cutting-overview-BvkQ1EnG.js                        23.83 kB │ gzip:   5.72 kB
dist/assets/dye-work-order-online-view-ruwunYgf.js                       24.15 kB │ gzip:   8.20 kB
dist/assets/quality-deduction-selectors-Bk6xQ8aP.js                      24.26 kB │ gzip:   6.28 kB
dist/assets/production-order-duration-4I9_GaYW.js                        24.27 kB │ gzip:   9.26 kB
dist/assets/production-context-records-3dGvn7Q3.js                       24.40 kB │ gzip:   8.62 kB
dist/assets/material-statements-DdwqtBB2.js                              24.45 kB │ gzip:   6.73 kB
dist/assets/print-preview-BXlG03Pg.js                                    24.57 kB │ gzip:   8.25 kB
dist/assets/process-order-task-links-afTI1wRK.js                         24.68 kB │ gzip:   6.86 kB
dist/assets/retired-process-history-CJUukX0u.js                          24.75 kB │ gzip:   6.41 kB
dist/assets/dialogs-CpIxX5v_.js                                          24.86 kB │ gzip:   6.14 kB
dist/assets/material-preparation-Dqk39neO.js                             25.21 kB │ gzip:   8.79 kB
dist/assets/fcs-production-tech-pack-snapshot-B2A7hQx6.js                25.35 kB │ gzip:   6.47 kB
dist/assets/kol-demands-LJGHcIV-.js                                      25.43 kB │ gzip:   7.39 kB
dist/assets/wls-fabric-demand-board-CLu9Qyk1.js                          25.47 kB │ gzip:   6.84 kB
dist/assets/reconciliations-CWq4Ix5q.js                                  25.55 kB │ gzip:   6.84 kB
dist/assets/machine-associations-BYd3E6st.js                             25.62 kB │ gzip:   7.75 kB
dist/assets/process-print-orders-B7TDu3aT.js                             25.74 kB │ gzip:   8.55 kB
dist/assets/process-dye-orders-DcYPyQ1l.js                               25.91 kB │ gzip:   8.63 kB
dist/assets/qc-orders-BRXsjJ5A.js                                        25.94 kB │ gzip:   8.28 kB
dist/assets/pda-handlers-CiS1BrlB.js                                     26.67 kB │ gzip:   6.42 kB
dist/assets/marker-spreading-utils-CUyo6kyt.js                           26.71 kB │ gzip:   7.82 kB
dist/assets/simple-cut-piece-handover-ui-CQ7ziqBd.js                     27.01 kB │ gzip:  10.08 kB
dist/assets/warehouse-location-map-BqOg8e_9.js                           27.06 kB │ gzip:   7.08 kB
dist/assets/pcs-config-workspace-repository-w5XfmMJI.js                  27.14 kB │ gzip:  10.27 kB
dist/assets/pda-warehouse-wait-handover-OPLlC9dS.js                      27.57 kB │ gzip:   7.16 kB
dist/assets/progress-milestone-config-aoJSgv7Q.js                        27.59 kB │ gzip:   6.16 kB
dist/assets/pcs-pattern-library-detail-C0LoBxek.js                       27.67 kB │ gzip:   6.59 kB
dist/assets/pda-wool-fact-execution-B5ISTt7Q.js                          28.02 kB │ gzip:   9.35 kB
dist/assets/third-party-factory-rating-BHAUdQyN.js                       28.13 kB │ gzip:   8.06 kB
dist/assets/print-styles-BjQBw8jj.js                                     28.31 kB │ gzip:   4.01 kB
dist/assets/sample-approval-suggestions-B-hBKAwp.js                      28.32 kB │ gzip:   8.88 kB
dist/assets/factory-status-CaaHgi3C.js                                   28.43 kB │ gzip:   6.02 kB
dist/assets/source-document-detail-Bjdu4-Jl.js                           28.45 kB │ gzip:  10.53 kB
dist/assets/sample-warehouse-C5W0_h3Y.js                                 28.47 kB │ gzip:   7.34 kB
dist/assets/marker-plan-source-model-DuBW-7is.js                         28.93 kB │ gzip:   8.49 kB
dist/assets/pcs-engineering-master-list-B0qApt-h.js                      28.95 kB │ gzip:  10.10 kB
dist/assets/commands-CwZzVjLr.js                                         29.05 kB │ gzip:   8.24 kB
dist/assets/pcs-engineering-master-detail-Bni4jn73.js                    29.30 kB │ gzip:   8.64 kB
dist/assets/warehouse--ATFG5aF.js                                        29.79 kB │ gzip:  10.06 kB
dist/assets/logistics-reconciliations-CUThEBK-.js                        30.17 kB │ gzip:   9.33 kB
dist/assets/pcs-technical-data-BqQwtFhT.js                               30.50 kB │ gzip:   8.34 kB
dist/assets/production-order-progress-tracking-Bm_Tvy2M.js               30.53 kB │ gzip:  10.25 kB
dist/assets/material-reconciliations-CPu38cQJ.js                         30.57 kB │ gzip:   9.32 kB
dist/assets/progress-cutting-exception-center-Bpygn0nR.js                30.89 kB │ gzip:   7.19 kB
dist/assets/capability-g7UUBARK.js                                       31.65 kB │ gzip:   6.69 kB
dist/assets/replacement-fabric-fei-tickets-DiN-wW_u.js                   31.83 kB │ gzip:  10.92 kB
dist/assets/material-archives-CHdsTQoh.js                                31.86 kB │ gzip:   7.87 kB
dist/assets/factory-performance-D2Dyo3lp.js                              32.31 kB │ gzip:   6.74 kB
dist/assets/handover-orders-Bcmzi3DA.js                                  32.46 kB │ gzip:   9.19 kB
dist/assets/dialogs-ShVEzocb.js                                          32.71 kB │ gzip:   9.87 kB
dist/assets/task-detail-2r6K0R9E.js                                      32.81 kB │ gzip:   9.73 kB
dist/assets/effective-task-assignments-Hj2QprDW.js                       33.11 kB │ gzip:  11.03 kB
dist/assets/garment-spu-replacements-C8Sj5whs.js                         33.13 kB │ gzip:   9.41 kB
dist/assets/process-warehouse-domain-BT2ZJhPT.js                         33.27 kB │ gzip:   7.61 kB
dist/assets/pcs-tech-pack-bootstrap-DWXawECe.js                          33.31 kB │ gzip:   8.49 kB
dist/assets/cut-piece-return-domain-0G5M4XYw.js                          33.41 kB │ gzip:   9.92 kB
dist/assets/store-domain-settlement-seeds-DhD6FcsM.js                    33.72 kB │ gzip:   9.01 kB
dist/assets/pcs-pattern-library-DKvWRrMW.js                              33.73 kB │ gzip:   7.66 kB
dist/assets/warehouse-runtime-CRlsk0m8.js                                33.87 kB │ gzip:   8.69 kB
dist/assets/pda-shell-BZOLNXrZ.js                                        33.93 kB │ gzip:   9.06 kB
dist/assets/early-process-management-_2GQTQr1.js                         34.61 kB │ gzip:   8.77 kB
dist/assets/dispatch-acceptance-sla-CiL7qHRA.js                          34.99 kB │ gzip:   7.90 kB
dist/assets/material-purchase-orders-CGgvUfYj.js                         35.16 kB │ gzip:  11.34 kB
dist/assets/stage-orders-BgaMHnln.js                                     35.33 kB │ gzip:  10.95 kB
dist/assets/pda-post-finishing-flow-BAfXG-YO.js                          35.59 kB │ gzip:   9.62 kB
dist/assets/supplier-confirmations-5mXXXX5q.js                           36.09 kB │ gzip:   9.80 kB
dist/assets/stage-order-detail-BuCQzVkh.js                               36.18 kB │ gzip:  10.68 kB
dist/assets/pda-warehouse-stocktake-CAVCXUWK.js                          36.46 kB │ gzip:   9.43 kB
dist/assets/work-orders-BQSlDxtF.js                                      36.70 kB │ gzip:  12.40 kB
dist/assets/pending-receipts-Dvg-Ni0y.js                                 36.96 kB │ gzip:  11.31 kB
dist/assets/pcs-pattern-library-create-BOMuE6ll.js                       37.00 kB │ gzip:   8.66 kB
dist/assets/material-inventory-Buismmi-.js                               37.31 kB │ gzip:   9.26 kB
dist/assets/work-order-detail-CUkVgE7u.js                                37.36 kB │ gzip:  10.36 kB
dist/assets/third-party-factory-comprehensive-assessment-CHablXCT.js     37.47 kB │ gzip:  11.05 kB
dist/assets/water-soluble-orders-DiZZODYJ.js                             37.54 kB │ gzip:  11.46 kB
dist/assets/pda-task-receive-detail-smazJOhX.js                          37.61 kB │ gzip:   9.36 kB
dist/assets/work-order-detail-BYJJ8hT2.js                                37.81 kB │ gzip:  10.37 kB
dist/assets/first-leg-logistics-B8XOa4Tu.js                              37.92 kB │ gzip:  10.23 kB
dist/assets/product-purchase-orders-Qw9TkW6_.js                          38.01 kB │ gzip:   9.33 kB
dist/assets/pcs-part-template-library-ClIjCUS6.js                        38.07 kB │ gzip:  13.44 kB
dist/assets/cutting-statistics-ab-material-DP2IYd2e.js                   38.13 kB │ gzip:   8.63 kB
dist/assets/store-domain-quality-bootstrap-SfCyahgv.js                   38.24 kB │ gzip:   5.39 kB
dist/assets/first-leg-carriers-DVQunwxE.js                               38.36 kB │ gzip:  10.26 kB
dist/assets/pda-cutting-inbound-C5CqRVcJ.js                              38.91 kB │ gzip:  11.80 kB
dist/assets/special-processes-CZ4CoeXB.js                                38.95 kB │ gzip:  10.25 kB
dist/assets/pda-cutting-handover-DAZW525n.js                             39.15 kB │ gzip:  12.01 kB
dist/assets/payment-requests-PFlhv0EI.js                                 39.27 kB │ gzip:  10.37 kB
dist/assets/pda-quality-CDgJjYbA.js                                      39.31 kB │ gzip:  10.54 kB
dist/assets/warehouse-cjUjeMyu.js                                        39.73 kB │ gzip:  11.44 kB
dist/assets/semi-finished-orders-Du6VFQmI.js                             39.75 kB │ gzip:  12.13 kB
dist/assets/pda-cutting-transfer-bag-repack-DfEsRvGY.js                  40.25 kB │ gzip:  11.55 kB
dist/assets/first-leg-shipments-B9PhFFbZ.js                              40.88 kB │ gzip:  10.26 kB
dist/assets/fcs-handlers-CMrPJNTs.js                                     42.98 kB │ gzip:  12.82 kB
dist/assets/pending-receipts-D5IEMkRG.js                                 43.47 kB │ gzip:  15.66 kB
dist/assets/label-print-template-AgpZH_rp.js                             43.47 kB │ gzip:  12.32 kB
dist/assets/lace-factory-domain-E69dJw3K.js                              44.40 kB │ gzip:  11.20 kB
dist/assets/warehouse-fzOomBPM.js                                        44.81 kB │ gzip:  11.46 kB
dist/assets/factory-receiving-P13Y8fLg.js                                45.23 kB │ gzip:  15.39 kB
dist/assets/cutting-summary-DwddAbcK.js                                  45.89 kB │ gzip:  12.24 kB
dist/assets/engineering-file-upload-COnoWvcY.js                          46.77 kB │ gzip:  14.45 kB
dist/assets/wait-handover-runtime-iV9zCy1N.js                            47.14 kB │ gzip:  13.08 kB
dist/assets/demand-domain-C6OMrgEq.js                                    47.35 kB │ gzip:  11.00 kB
dist/assets/handover-orders-CqpMMvzQ.js                                  47.47 kB │ gzip:   9.31 kB
dist/assets/batches-CF5uDi_Q.js                                          47.58 kB │ gzip:  10.35 kB
dist/assets/settlement-linked-mock-factory-e2t4D76F.js                   47.83 kB │ gzip:  14.54 kB
dist/assets/warehouse-v-TYUcPv.js                                        47.91 kB │ gzip:  11.48 kB
dist/assets/pcs-record-core-DktTVtSr.js                                  48.27 kB │ gzip:  16.16 kB
dist/assets/dyeing-DfrXBRUF.js                                           49.16 kB │ gzip:  10.94 kB
dist/assets/printing-BiBLE9bJ.js                                         49.17 kB │ gzip:  10.94 kB
dist/assets/other-CqRNVvpJ.js                                            49.18 kB │ gzip:  10.96 kB
dist/assets/sewing-CvWTCuR5.js                                           50.20 kB │ gzip:  11.28 kB
dist/assets/dispatch-tenders-qonE4nfz.js                                 50.33 kB │ gzip:  13.48 kB
dist/assets/progress-material-CvbhCnWG.js                                50.42 kB │ gzip:  10.09 kB
dist/assets/pda-onboarding-s2QpRODo.js                                   50.59 kB │ gzip:  10.82 kB
dist/assets/pda-task-receive-gVZwilE9.js                                 50.60 kB │ gzip:  12.70 kB
dist/assets/pda-cutting-execution-source-CQULO10y.js                     50.86 kB │ gzip:  13.78 kB
dist/assets/pcs-config-workspace-J5f9Hwr2.js                             51.29 kB │ gzip:  17.90 kB
dist/assets/pcs-channel-stores-D9q1weZY.js                               51.44 kB │ gzip:  15.00 kB
dist/assets/marker-plan-model-DfY7AXK5.js                                52.14 kB │ gzip:  14.93 kB
dist/assets/work-order-detail-pOkNUDic.js                                53.02 kB │ gzip:  16.57 kB
dist/assets/store-domain-progress-DWZPuVbF.js                            53.17 kB │ gzip:  11.82 kB
dist/assets/pda-handover-CfeVj6xt.js                                     53.35 kB │ gzip:  14.29 kB
dist/assets/detail-domain-BcZu7gii.js                                    53.60 kB │ gzip:  11.94 kB
dist/assets/pcs-part-template-library-BR5b3ubJ.js                        53.80 kB │ gzip:  11.06 kB
dist/assets/material-purchase-orders-CkyQcnR9.js                         53.93 kB │ gzip:  16.38 kB
dist/assets/settlement-cutting-input-BvrhTcmQ.js                         55.37 kB │ gzip:  11.79 kB
dist/assets/warehouse-location-map-CZzkZr6U.js                           56.96 kB │ gzip:  16.90 kB
dist/assets/marker-plan-occupancy-C0_RoQNB.js                            57.45 kB │ gzip:  16.13 kB
dist/assets/progress-urge-DgfLCY0c.js                                    58.04 kB │ gzip:  12.11 kB
dist/assets/runtime-inputs-C25secop.js                                   58.25 kB │ gzip:  15.74 kB
dist/assets/pda-cutting-spreading-JBfixlaX.js                            59.79 kB │ gzip:  14.36 kB
dist/assets/wls-accessory-receipts-B-MZB7gh.js                           60.15 kB │ gzip:  15.57 kB
dist/assets/factory-profile-H6vvEFa0.js                                  61.17 kB │ gzip:  14.03 kB
dist/assets/pda-settlement-D5sMJq75.js                                   61.99 kB │ gzip:  14.39 kB
dist/assets/pickup-management-list-DpHnOy98.js                           63.27 kB │ gzip:  17.86 kB
dist/assets/cutting-CQ_SzNuA.js                                          64.51 kB │ gzip:  13.70 kB
dist/assets/progress-handover-C2SV3g9B.js                                65.61 kB │ gzip:  14.31 kB
dist/assets/pcs-channel-products-BcVakZPt.js                             66.90 kB │ gzip:  22.23 kB
dist/assets/production-object-overview-Bjk_kR4x.js                       67.79 kB │ gzip:  14.32 kB
dist/assets/output-documents-FQJnl5LR.js                                 68.80 kB │ gzip:  23.79 kB
dist/assets/core-mx2eKKZj.js                                             69.43 kB │ gzip:  13.13 kB
dist/assets/cutting-daily-production-report-kLxYmocz.js                  69.91 kB │ gzip:  19.81 kB
dist/assets/pda-exec-BP8so-Te.js                                         70.05 kB │ gzip:  16.33 kB
dist/assets/context-ywUAVhTJ.js                                          70.19 kB │ gzip:  21.60 kB
dist/assets/production-object-overview-BEbz92U2.js                       71.90 kB │ gzip:  16.79 kB
dist/assets/progress-exceptions-Dp-DYyB_.js                              72.17 kB │ gzip:  14.02 kB
dist/assets/qc-records-V8Cnokku.js                                       72.92 kB │ gzip:  16.69 kB
dist/assets/pcs-product-archives-B4a3dYqm.js                             73.32 kB │ gzip:  24.51 kB
dist/assets/pcs-engineering-tasks-B4-92kNp.js                            73.34 kB │ gzip:  17.56 kB
dist/assets/pcs-sample-management-C04LE-Nv.js                            74.25 kB │ gzip:  18.47 kB
dist/assets/factory-onboarding-W7JoGPHd.js                               75.30 kB │ gzip:  12.70 kB
dist/assets/sewing-dispatch-DybWbbYm.js                                  75.98 kB │ gzip:  19.95 kB
dist/assets/orders-domain-C1Mx6ymC.js                                    76.35 kB │ gzip:  16.91 kB
dist/assets/dialogs-DruTFniw.js                                          76.54 kB │ gzip:  18.96 kB
dist/assets/settlement-Dj220aI2.js                                       76.71 kB │ gzip:  12.05 kB
dist/assets/runtime-projections-uLfA7bhi.js                              78.06 kB │ gzip:  18.45 kB
dist/assets/process-action-writeback-service-BpdeoBZL.js                 78.29 kB │ gzip:  17.93 kB
dist/assets/transfer-bags-Bhw6ItUr.js                                    80.42 kB │ gzip:  20.97 kB
dist/assets/production-progress-C2CbL3hP.js                              82.47 kB │ gzip:  21.08 kB
dist/assets/routes-fcs-DgbcKLMf.js                                       83.06 kB │ gzip:  15.65 kB
dist/assets/cut-piece-release-uEg-6Koa.js                                83.73 kB │ gzip:  25.44 kB
dist/assets/production-BBdGgwhB.js                                       85.38 kB │ gzip:  18.50 kB
dist/assets/pda-handover-detail-BZINcsk2.js                              85.49 kB │ gzip:  21.53 kB
dist/assets/pda-warehouse-wait-process-CDjsvmks.js                       89.19 kB │ gzip:  21.86 kB
dist/assets/wait-handover-actions-Bcn0RdaP.js                            90.10 kB │ gzip:  23.01 kB
dist/assets/events-WeJZVKac.js                                           90.52 kB │ gzip:  22.36 kB
dist/assets/factory-onboarding-flow-BiiF5Yiu.js                          90.64 kB │ gzip:  23.34 kB
dist/assets/production-tech-pack-change-domain-C_JNMzpF.js               91.44 kB │ gzip:  24.08 kB
dist/assets/dispatch-DlqDaQCn.js                                         92.70 kB │ gzip:  28.26 kB
dist/assets/cut-orders-DuWvjysZ.js                                       96.50 kB │ gzip:  25.12 kB
dist/assets/cut-piece-release-DGQeFPQc.js                               101.29 kB │ gzip:  26.72 kB
dist/assets/post-finishing-full-flow-D61b9sXy.js                        105.33 kB │ gzip:  27.31 kB
dist/assets/index-6krvLDm5.js                                           109.46 kB │ gzip:  39.85 kB
dist/assets/pcs-material-archive-detail-CEyVVV99.js                     110.85 kB │ gzip:  36.87 kB
dist/assets/pcs-independent-sampling-DnsyRGtX.js                        112.27 kB │ gzip:  31.04 kB
dist/assets/transfer-bag-return-model-CwYZ7DdS.js                       115.43 kB │ gzip:  27.30 kB
dist/assets/supplement-management-DKVJJJZX.js                           115.81 kB │ gzip:  30.88 kB
dist/assets/statements-DSSufAzZ.js                                      121.34 kB │ gzip:  25.20 kB
dist/assets/events-BWDLIMWu.js                                          122.94 kB │ gzip:  31.87 kB
dist/assets/unified-dispatch-workbench-Y04J24kX.js                      123.68 kB │ gzip:  34.82 kB
dist/assets/tmf-material-purchases-BDViaZwE.js                          124.74 kB │ gzip:  32.48 kB
dist/assets/special-craft-task-orders-DnKKox6L.js                       127.41 kB │ gzip:  33.79 kB
dist/assets/quality-deduction-repository-DNPus460.js                    136.80 kB │ gzip:  26.67 kB
dist/assets/warehouse-hub-v2Y1MQ6k.js                                   142.59 kB │ gzip:  36.10 kB
dist/assets/generated-fei-tickets-BsQq8kim.js                           143.06 kB │ gzip:  36.23 kB
dist/assets/production-timeliness-Vff-2v5T.js                           143.73 kB │ gzip:  47.55 kB
dist/assets/preparation-timing-CbvjMWvq.js                              146.62 kB │ gzip:  34.66 kB
dist/assets/marker-plan-Bn7n-Q_j.js                                     152.61 kB │ gzip:  36.42 kB
dist/assets/marker-spreading-NtsVMsq5.js                                156.43 kB │ gzip:  38.63 kB
dist/assets/return-inbound-6px9mSGP.js                                  162.41 kB │ gzip:  28.13 kB
dist/assets/app-shared-Ce0GdlNc.js                                      163.18 kB │ gzip:  40.36 kB
dist/assets/transfer-bag-operations-CK_xtca-.js                         178.82 kB │ gzip:  44.52 kB
dist/assets/fei-tickets-np14m00H.js                                     185.89 kB │ gzip:  41.22 kB
dist/assets/print-template-registry-BaICYgjI.js                         200.00 kB │ gzip:  50.92 kB
dist/assets/pcs-pattern-library-CkeL-tOL.js                             205.34 kB │ gzip:  45.56 kB
dist/assets/index--GzcKvNw.js                                           210.12 kB │ gzip:  66.49 kB
dist/assets/index-CgxJEiAM.js                                           223.98 kB │ gzip:  49.45 kB
dist/assets/pda-exec-detail-Bqyc9iP5.js                                 250.30 kB │ gzip:  58.44 kB
dist/assets/process-tasks-CK7qJVZt.js                                   275.17 kB │ gzip:  76.45 kB
dist/assets/process-domain-CY6IjUuv.js                                  275.82 kB │ gzip:  60.70 kB
dist/assets/production-orders-CqMvAinM.js                               488.92 kB │ gzip:  47.17 kB
dist/assets/pda-DTNjNDDt.js                                             505.21 kB │ gzip:  83.25 kB
dist/assets/pcs-tech-pack-review-0K6RZQ2-.js                            704.22 kB │ gzip: 190.85 kB
dist/assets/material-ledger-DeN0x5CD.js                                 863.52 kB │ gzip: 219.38 kB
dist/assets/production-source-shared-Bj4b3XYm.js                      1,899.17 kB │ gzip: 216.72 kB

(!) Some chunks are larger than 550 kB after minification. Consider:
- Using dynamic import() to code-split the application
- Use build.rollupOptions.output.manualChunks to improve chunking: https://rollupjs.org/configuration-options/#output-manualchunks
- Adjust chunk size limit for this warning via build.chunkSizeWarningLimit.
✓ built in 12.02s
