
> higoods-vanilla-clone@1.0.0 build
> npm run typecheck:engineering && npm test && vite build


> higoods-vanilla-clone@1.0.0 typecheck:engineering
> npm run typecheck:entrypoints && npm run typecheck:scopes


> higoods-vanilla-clone@1.0.0 typecheck:entrypoints
> tsc --project tsconfig.engineering.json


> higoods-vanilla-clone@1.0.0 typecheck:scopes
> node scripts/check-typescript-scope.mjs src/domain/ src/components/ui/ src/state/

TypeScript 全量既有错误：3
本次渐进检查范围：src/domain/、src/components/ui/、src/state/
范围内错误：0
范围外既有错误保留在全量 typecheck 中继续分批治理。

> higoods-vanilla-clone@1.0.0 test
> npm run test:unit


> higoods-vanilla-clone@1.0.0 test:unit
> node --import tsx --test tests/unit/*.test.ts

✔ 浏览器存储封装保持读写删除语义 (0.755833ms)
✔ 浏览器存储不可用或抛错时保持静默降级 (2.63725ms)
✔ ISO与旧本地文本按实际时刻排序，不按空格与T字典排序 (1.331916ms)
✔ 同一时刻不同时间表达仍按账本序号和稳定ID防重复 (6.635959ms)
✔ 整组同分钟含低精度记录时，唯一可靠顺序形成稳定全序，不按成对条件切换 (0.950333ms)
✔ 全部精确时刻仍按秒排序，跨分钟不会被新账本号倒置 (0.153375ms)
✔ 缺少或重复账本顺序不恢复低精度秒数，沿用原时刻规则 (0.167416ms)
✔ 共享生命周期在同分钟旧入仓后允许交出，并保留原周期和事实 (0.697292ms)
✔ 同分钟物理回收之后报废按真实顺序生效，不被周期边界副本或秒数重排 (0.276375ms)
(node:57945) ExperimentalWarning: localStorage is not available because --localstorage-file was not provided.
(Use `node --trace-warnings ...` to show where the warning was created)
✔ 共享分配门禁拒绝同SKU错色码或错生产单身份 (24.323292ms)
✔ 共享保存拒绝重复借同格，空身份与非法数量 (48.3605ms)
(node:57946) ExperimentalWarning: localStorage is not available because --localstorage-file was not provided.
(Use `node --trace-warnings ...` to show where the warning was created)
✔ N 道只按最终逐票实收，不累计道数或非最终回仓 (2.116292ms)
✔ 末道独有回仓、错票、错工厂、逆序回仓均不得计齐套 (0.178167ms)
✔ 真实厂间完成事实只证明前道，末道仍以实际裁床回仓为准 (0.17675ms)
✔ 前道非法实收不能被加工完成标记绕过 (0.095375ms)
✔ 实际已分配厂取代票上默认厂，多家未确认不猜厂，打印票保持原样 (0.471458ms)
✔ 直转前道须有明确工艺身份完成，最终回仓受前道实物上限约束 (0.144833ms)
✔ 零量点收保留凭据；整票不可用和未知资料不贡献 (0.123208ms)
✔ 普通未装袋票不进放行，但既有简易交出可保持；正常换袋去重 (0.133166ms)
✔ 装袋同ID错票号、超原票或无效票面不提供可交实物 (0.0805ms)
✔ 逐票工艺实收保留真实业务回仓号、来源交出号及仓区库位 (0.124958ms)
✔ 旧实收缺加工完成依据保留实物，但不计最终齐套且明确待核对 (0.109541ms)
(node:57947) ExperimentalWarning: localStorage is not available because --localstorage-file was not provided.
(Use `node --trace-warnings ...` to show where the warning was created)
✔ 冻结原票的真实仓库实收继续更新；冻结后新票进晚到队列，不冒充原产出 (7.7945ms)
✔ 放行备份/读回安全整数与逐格合计，正常零不变成未确认 (0.576541ms)
✔ 无效整票追溯与未知collection不能借备份写入 (2.73825ms)
(node:57949) ExperimentalWarning: localStorage is not available because --localstorage-file was not provided.
(Use `node --trace-warnings ...` to show where the warning was created)
✔ 列表只读余量查询满足正整数身份门禁，K100/A205显示当前风险105、占用0及余量205 (61.11975ms)
✔ 裁片放行保留唯一菜单键和地址，归属裁床仓库管理 (0.168917ms)
✔ 字母与数值尺码升序，自定义尺码保留配置顺序 (0.527667ms)
✔ 非法数量和空白保持非法，不夹取或四舍五入成另一个有效量 (0.082917ms)
✔ 目标确认待保存及整票原因也受离开提醒保护，已保存目标和空白原因不误提醒 (0.134167ms)
✔ 本页导航、补料、系统与当前页签退出统一提醒，关闭其他页签和折叠菜单不误提醒 (0.144291ms)
✔ 未知自定义尺码在目标和放行矩阵明确提示待核对且保留原序，标准尺码不出现提示 (18.234875ms)
✔ 未确认与确认零放行分开，零放行不回退成目标281件 (0.160542ms)
✔ 尚未确认且齐套未知时，确认汇总中的K和R均显示待核对而非零 (2.125791ms)
✔ 目标与放行渲染为相同颜色行、尺码升序列，缺失SKU格保持不可编辑 (5.074959ms)
✔ 逐票详情保留最终回仓实收、完整顺序、袋周期、成衣色与面料色以及差异 (0.9035ms)
✔ 侧栏逐道显示真实交出单、回仓业务号和库位，记录编号放在展开依据中 (0.762041ms)
✔ 加工完成未回仓仍显示未最终回仓，未知工艺不展示普通免工艺依据 (1.478875ms)
✔ 真实前道直转投影接入侧栏，末道实收80显示已最终回仓 (0.468375ms)
✔ 跨工厂直转前道不必回裁床，最终实收80片显示已最终回仓 (0.156708ms)
✔ 最终实际点收0片保留完成事实，不显示待加工或待回仓 (0.130375ms)
✔ 历史实收有原始回仓数量但缺加工完成依据，明细保留实收且暂不计齐套 (0.142583ms)
✔ 整票更正确认同时展示票袋工艺放行分配及保留历史责任 (33.823958ms)
✔ 整票登记保存携带打开详情时的版本，旧页面不会改用后来读到的版本 (1.326958ms)
✔ 文案采用短句，目标和放行保留操作边界，整票确认保留实际后果 (4.439792ms)
✔ 具名静态演示材料使用既有真实图片，三道工艺仅按最终回仓计入 (3.7105ms)
✔ 示例内部身份只在追溯展开中显示，真实票号完整保留且确认仍显示实际影响 (16.535041ms)
✔ 真实生成的工艺记录内部UUID只在展开中显示，不替换真实业务号 (3.931667ms)
(node:57950) ExperimentalWarning: localStorage is not available because --localstorage-file was not provided.
(Use `node --trace-warnings ...` to show where the warning was created)
✔ 带袋同一秒连续逐票更正有独立事实，同一更正重试只保存一次 (87.932791ms)
✔ 无袋同一秒连续逐票更正有独立事实，同一更正重试只保存一次 (15.265333ms)
✔ 保留历史换袋确认按真实来源入仓先后匹配，ISO与本地文本不丢来源库位 (0.87525ms)
✔ 特殊工艺实回库位从原票快照读取生产单，零实收票不冒充当前库存关联 (5.340333ms)
✔ PDA实际入仓入口保留默认时间秒与时区，同一分钟交出后可逐票回仓 (7.898625ms)
✔ PDA实回页按第二张菲票自身当前阶段和实际交出数量显示应回数量 (5.699083ms)
✔ 无袋实收10更正9扣库存差额，重新装袋或实际交出后不反冲其他库存 (30.499833ms)
✔ 明确单道无袋实收9合法实交后更正7保留旧9责任与真实接收厂 (18.668042ms)
✔ 整袋候选与提交共享未知来源、未知必要工艺及整票不可用阻断，caller不能给空事件绕过 (54.016125ms)
✔ 连续工艺具名示例仅提供真实技术包两条未分配任务，不写事实或覆盖旧任务 (9.458542ms)
✔ 不同菲票的同一实际有序工艺链可同袋，链身份不使用每票阶段ID (0.866208ms)
✔ 同链两张菲票保留各自阶段身份并分别实收，不把第二票当第一票工艺 (6.624291ms)
✔ 连续工艺直接由实际持有厂转交下道，前道完成与最后回仓分开记账 (11.333542ms)
✔ 同袋两票连续转交按每票前道和下道身份核对，最后分别回仓 (5.96ms)
✔ 实际任务绑定明确匹配技术包部位工艺、色码、目标对象和当前分配，不采用默认厂 (1.006166ms)
✔ 特殊工艺交出只能读取原票当前阶段与唯一实际承接任务 (0.365958ms)
✔ ISO来源交出后同一分钟实际回仓保留秒与时区，不被文本格式判为早于来源 (13.125917ms)
✔ 逐票实收分别计数，更正库存仅按差额且保留原票 (5.449417ms)
✔ 未核对加工完成不得保存；历史完成未知保留实收P而不能冒充齐套 (3.754125ms)
✔ 缺逐票确认、空白、小数、超量与未说明差异都不写入 (3.561334ms)
✔ 明确零量点收保留事实，但不生成库存或后道实物 (3.266083ms)
✔ 按身份与顺序分袋，普通和不同工艺链被阻断 (0.09625ms)
✔ 无袋按票独立点收，不能重复新增或回到其他裁床工厂 (16.910083ms)
✔ 多道工艺分别保留同票阶段实收，末道不会累加前道数量 (21.838958ms)
✔ 100片已经交出后更正为90片只改依据，保留原实交责任且不反冲库存 (33.460459ms)
✔ 同一分钟旧入仓分钟时间晚于精确装袋账本，不退回已装袋状态 (3.065083ms)
✔ 正常入仓默认保留完整时刻，同分钟装袋后入仓可继续交出 (1.196584ms)
✔ 实际带袋回仓入口保留ISO秒和时区，不先截断成旧本地分钟 (3.568ms)
✔ 实际无袋回仓入口保留ISO秒和时区，不先截断成旧本地分钟 (5.372959ms)
✔ 实际空袋回仓入口保留ISO秒和时区，不先截断成旧本地分钟 (8.112792ms)
✔ 初始演示订单正常新增装袋手动票进入当前正式放行，保留原目标与放行且不混入PDA变体物料 (666.819167ms)
✔ 旧存储 getter 不可读时，后道演示开关不阻断裁床依赖模块导入 (284.609292ms)
✔ 裁床工艺来源读取不初始化未迁移的全厂接收需求，原工艺厂读取仍保护旧源 (509.5295ms)
✔ 先读裁床来源再进入工艺厂，任务身份与需求数量一致且仓库记录可正常生成 (654.788667ms)
✔ 已准备任务来源后，任务单预览不加载无关工艺厂接收来源 (898.729042ms)
(node:57952) ExperimentalWarning: localStorage is not available because --localstorage-file was not provided.
(Use `node --trace-warnings ...` to show where the warning was created)
✔ 独立裁剪整任务改派保留数量和执行历史，旧有效分配失效，新范围唯一 (63.444916ms)
✔ 裁床改派回原工厂且回填同一业务日期，不复用旧票范围；普通审计不改身份 (0.116584ms)
(node:57954) ExperimentalWarning: localStorage is not available because --localstorage-file was not provided.
(Use `node --trace-warnings ...` to show where the warning was created)
✔ 交出列表省略详情路线读取时保留全部输出字段 (324.656083ms)
(node:57955) ExperimentalWarning: localStorage is not available because --localstorage-file was not provided.
(Use `node --trace-warnings ...` to show where the warning was created)
✔ MIG-001/002/006: management entry and handlers belong to FCS; PFOS keeps execution (0.906667ms)
✔ MIG-003/007: prep and execution read the same early order identities, quantities and match status (595.334ms)
✔ MIG-004/009: migrated dialogs retain candidate fields, actual material image and task outputs (0.933125ms)
✔ MIG-011: management and execution use the same seven business display columns (13.03075ms)
✔ MIG-007: early dye/print creation and cancellation survive reload (2483.422375ms)
✔ BOM working-copy write failure preserves prior state; retry succeeds (144.504958ms)
✔ existing production preparation data does not trigger demo writes on entry (1433.408334ms)
✔ rollback of an unchanged saved BOM does not perform another failing write (30.500542ms)
✔ BOM dictionary preserves old JSON and all snapshot values without mutating input (3.721083ms)
✔ BOM dictionary rejects missing references instead of replacing data silently (0.195583ms)
(node:57962) ExperimentalWarning: localStorage is not available because --localstorage-file was not provided.
(Use `node --trace-warnings ...` to show where the warning was created)
✔ PDA顶栏计数与实际完整待办相同，覆盖各任务工厂及管理员/员工角色 (2117.530625ms)
✔ 解析带标签、小数和空格的长度数量 (0.970625ms)
✔ 解析卷数并对不合法文本返回 0 (0.249542ms)
✔ 证据文件标识把连续空白收口为单个连字符 (0.286083ms)
(node:57965) ExperimentalWarning: localStorage is not available because --localstorage-file was not provided.
(Use `node --trace-warnings ...` to show where the warning was created)
✔ 设计改款可成批生成染色和印花加工单，且完整投影来源与上下游 (1265.353708ms)
✔ 设计改款加工单生成幂等，重复请求不增加单据 (118.450334ms)
✔ 同一设计改款任务的不同颜色和 BOM 行分别生成加工单 (76.497042ms)
✔ 成批提交失败时染色与印花加工单一起回滚 (19.599333ms)
✔ 设计改款来源缺关键引用或来源未知时必须阻断 (0.181166ms)
(node:57966) ExperimentalWarning: localStorage is not available because --localstorage-file was not provided.
(Use `node --trace-warnings ...` to show where the warning was created)
✔ 设计改款染后印花必须先分配印花厂，染色交出不能误送中央工厂 (282.618083ms)
✔ 仅染与仅印分别创建一张加工单和一条仓库首道调拨计划 (14.421167ms)
✔ 辅料染色单创建后已有辅料仓调拨计划，分厂时自动落实原单但不冒充实发 (9.008958ms)
✔ 历史双工艺加工单仍可追溯原有染印交接 (585.773208ms)
✔ 先染后印目标 SKU 创建两段加工单，印花只接收本行染后物料而不能跳过染色 (1501.264ms)
✔ 单独印花 SKU 从仓库发印厂并完成样衣归档 (1410.879625ms)
✔ 印花实际交出生成中央工厂待接收原单，实收回写原交接并允许完成加工单 (466.046042ms)
✔ 专业成果没有真实附件时保持未绑定 (6.591459ms)
(node:57969) ExperimentalWarning: localStorage is not available because --localstorage-file was not provided.
(Use `node --trace-warnings ...` to show where the warning was created)
✔ 可打印不等于可建交出单，必须完成真实标签打印 (0.469208ms)
✔ 卷规格无效时不可建交出单，且不改变原可打印判定语义 (0.066375ms)
✔ 人工完成印花加工单不再自动填充操作人 (216.589166ms)
(node:57973) ExperimentalWarning: localStorage is not available because --localstorage-file was not provided.
(Use `node --trace-warnings ...` to show where the warning was created)
✔ 非 KOL PDA 导入不生成 KOL 领交料；首次 KOL 访问生成完整且幂等的演示记录 (291.086ms)
✔ PDA 单任务读取保持普通任务、测试工厂与 KOL 任务内容和查找优先级 (1.654708ms)
(node:57976) ExperimentalWarning: localStorage is not available because --localstorage-file was not provided.
(Use `node --trace-warnings ...` to show where the warning was created)
✔ 实际唛架重复相同来源只建一次，票身份按该单颜色尺码和技术包部位定位 (0.525958ms)
✔ 重复ID不同内容不得覆盖；不同部位实例和尺寸不得合并 (0.6575ms)
✔ 跨单、错颜色、错物料、错部位和错误每件片数均阻断 (0.4135ms)
✔ 真实手动无铺布层序票可读且免层序编号，普通缺区间和伪手动来源仍阻断 (18.959625ms)
✔ 主料唛架只展开其明确部位，拼接料和口袋布各自保留，不猜未知映射 (5.041875ms)
(node:57981) ExperimentalWarning: localStorage is not available because --localstorage-file was not provided.
(Use `node --trace-warnings ...` to show where the warning was created)
✔ 可编辑的演示唛架保存后优先读取用户记录，刷新不恢复原备注和状态 (382.76ms)
✔ 日报窗口含截止日7天，重点日均独立使用前6天 (0.492375ms)
✔ 未知采购不填0，未BOM不输出完整确定订单需求 (0.101292ms)
✔ 突变必须绝对量与比例同时达到阈值 (0.054ms)
✔ 截止日突变示例与未完结日不判定 (0.050333ms)
✔ 共享商品按SPU去重而不按关联行累加销量 (0.081917ms)
✔ 预选不产生确定用料；BOM需求保留物料归属 (0.140625ms)
✔ 同料BOM优先于预选，不重复关系及需量 (0.068917ms)
✔ 两个业务页具有独立容器、标准分页与证据边界 (21.047834ms)
✔ 未进入物料页面时 bridge 不加载业务；加载失败重试后首次渲染即已注册 (4.909ms)
✔ click 分组顺序、短路、选择器范围保持原行为，重新注册替换旧处理器 (1.150333ms)
✔ 备料写入守卫读取实时角色与水位，阻断时不调用业务处理器 (0.68425ms)
✔ input/change/keyboard 原入口、筛选范围和 change 优先级完整保留 (0.655209ms)
✔ health groups are exhaustive and mutually exclusive in demo (6.27425ms)
✔ coverage and baseline use same inventory plus transit but distinct demand windows (0.086375ms)
✔ zero demand is unavailable rather than infinity and huge finite quotient stays finite (0.136541ms)
✔ date selects different consistent snapshot (0.105709ms)
✔ threshold changes alter classification without changing facts (0.067875ms)
✔ health view carries core P1 business sections and mock caveat (27.578792ms)
✔ AT16 rules do not substitute brand, size or packaging method (0.913084ms)
✔ AT24 equal priority conflict blocks resolution and identifies rules (0.87875ms)
✔ higher explicit priority resolves a lower priority overlap (0.129459ms)
✔ plans distinguish garments and parcels and add loss once (0.2775ms)
✔ AT18 white pendant stock only allocated once (0.1495ms)
✔ event duplicate and old revision do not add consumption; reprints are activity only (0.238791ms)
✔ conflicting same revision fails instead of silently choosing a payload (0.141ms)
✔ AT17/19/20 panel states unresolved ASAYA, independent kit80 and unknown ribbon (0.469291ms)
✔ trigger distinct from target, existing supply produces explainable zero (0.572ms)
✔ missing mapping or usage and incompatible raw unit block unsafe generation (0.168959ms)
✔ generation reserves remaining once and shared raw pool across target rules (0.847292ms)
✔ production does not increase stock; actual SKU and output bound partial receipts (0.166042ms)
✔ cancelled suggestion releases commitment and raw allocation (0.080709ms)
✔ AT05 committed greige is not available for a second allocation (0.748958ms)
✔ AT06 partial receipt reduces expected supply; checking and qualified never duplicate (0.339458ms)
✔ AT07 unmapped target preserves quantities but gives no target coverage (0.0855ms)
✔ §7.2 loss reduces future supply; rejected receipts never become usable (0.05625ms)
✔ §7.3 unit/yield/route and conservation gaps block deterministic supply (0.0945ms)
✔ §7.3 candidate comparison reports remaining shortage and respects arrival deadline (0.124125ms)
✔ §7.3 zero gap stays zero and nonfinite inputs cannot produce advice (0.047166ms)
✔ panel uses owned local handlers and discloses mock and missing images (1.17525ms)
✔ P2 coefficients and coverage exclude transit (6.921375ms)
✔ P2 coverage buckets have exclusive shared boundaries (0.486416ms)
✔ P2 partial receipts and completed batches count remaining only (0.061167ms)
✔ P2 latest overdue selected only if no future batch; today included (0.056833ms)
✔ P2 search transit and ETA filters compose (0.13ms)
✔ P2 zero demand and missing BOM preserve distinct nulls; micro demand excluded (0.075334ms)
✔ P2 standard table renders and limits initial rows to first page (5.477625ms)
✔ AT01/02 internal reservation stays in coverage while external reservation is deducted (13.79625ms)
✔ AT03 quality segments are not usable (0.142083ms)
✔ AT04 partial receipt leaves remaining supply only (0.179209ms)
✔ AT08/38 late supply never erases earlier shortage (0.136583ms)
✔ AT09 intermediate deficit determines net need rather than positive closing balance (0.119375ms)
✔ AT10 MOQ and pack rounding, zero stays zero (0.108541ms)
✔ AT11 horizon begins at cutoff and is not expanded by lead time (0.140875ms)
✔ AT12 forecast covered by confirmed demand is excluded before coefficient (0.115708ms)
✔ AT13 no demand has no numeric coverage (0.099041ms)
✔ AT14 cancelling demand does not change stock (0.147625ms)
✔ AT15 latest event revision only (0.375875ms)
✔ AT16/17 directory preserves bag sizes and ASAYA duplicated input is one unresolved SKU (0.082292ms)
✔ AT18 three brands draw from one shared pool (0.115541ms)
✔ AT19/20 kit capacity respects minimum and missing conversion (0.053791ms)
✔ AT21 inactive/unusable stock remains physically visible (0.098917ms)
✔ AT23 affected order identifiers are unique (0.085416ms)
✔ AT25/26 draft does not mutate active and invalidates trial (0.057541ms)
✔ AT26/28 publish requires role and exact trial; history retained (0.168667ms)
✔ AT31 risk cannot close with remaining shortage or skip verification (0.1625ms)
✔ AT37 invalid dates, unknown timezone, bad numeric values rejected (0.076625ms)
✔ duplicate supply chain does not double count and blocks deterministic advice (0.078041ms)
✔ warehouse catalogue includes 17 locations and two garment warehouses (0.035959ms)
✔ candidate comparison retains pre-arrival risk (0.269584ms)
✔ SKU-specific policy wins and duplicate rules block publish (0.1175ms)
(node:57997) ExperimentalWarning: localStorage is not available because --localstorage-file was not provided.
(Use `node --trace-warnings ...` to show where the warning was created)
✔ 逐票与逐打印任务保持原结构，变更一条只保存一条 (2.659708ms)
✔ 草稿按原映射键保存；手工票与操作记录分离，删除票保留审计 (0.492542ms)
✔ 拒绝损坏JSON且不冒充空数据 (0.270208ms)
✔ 拒绝空字符串且不冒充空数据 (0.109458ms)
✔ 拒绝错误根且不冒充空数据 (0.094083ms)
✔ 拒绝重复票号身份且不冒充空数据 (0.090875ms)
✔ 拒绝缺少票号且不冒充空数据 (0.089584ms)
✔ 拒绝错误状态且不冒充空数据 (0.083708ms)
✔ 拒绝打印关联缺失且不冒充空数据 (0.315708ms)
✔ 拒绝草稿身份缺失且不冒充空数据 (0.624084ms)
✔ 拒绝手工日志缺失且不冒充空数据 (0.214292ms)
✔ 拒绝手工二维码缺失且不冒充空数据 (0.11075ms)
✔ 已保存实体与备份身份校验，不接受伪造集合或迁移元数据 (1.47525ms)
✔ 袋账派生绑定锁，无需持久化派生票快照；关闭周转解除旧快照锁 (407.295042ms)
✔ 唛架来源和铺布单逐实体保存，保留卷明细、层序及来源引用 (0.202125ms)
✔ 指定保存对象不复制重复静态唛架，也不覆盖其他已保存铺布单 (0.206834ms)
✔ 旧袋账按实体保留绑定与历史，局部动作不复制静态袋档案 (0.302708ms)
✔ 专用打印来源保留原票身份、数量、状态、袋锁及打印对象，不查询全量PDA与库存摘要 (9141.30625ms)
✔ 实际输出首打保持原身份与数量；动态与普通来源均可打印，失效来源阻断，重复首打不新增 (113.532042ms)
✔ 唛架引用读取失败明确阻断，不将迁移或读取错误伪装成空铺布来源 (0.952667ms)
✔ 用户唛架方案逐ID迁移保留床次和占用，修改一张不重写其它方案 (0.205083ms)
✔ PDA及手工票专用唛架定义与原完整投影等价，保留床次、数量和可铺布资格 (370.521708ms)
✔ 裁床配料按真实生产单范围读取与全量结果逐字段相等，保留库存、领取、状态与任务链接 (258.027625ms)
✔ PDA铺布目标直接携带真实已保存铺布单的裁床与负责人，不另算整套列表 (220.305ms)
✔ 铺布投影复用唛架定义仍保留已保存session的卷明细、裁床、负责人和实际裁剪数量 (221.280666ms)
✔ 路由标准化移除 query 与 hash，但不改动路径 (1.44275ms)
✔ 只匹配路由根或其子路径，不误匹配相似前缀 (0.204834ms)
✔ 可在多个合法根路径中匹配一个 (0.132292ms)
✔ 只把完整生产确认单打印路由识别为命中 (0.17825ms)
✔ 专业任务必须全部有效明细通过且保留成果与审核事实 (0.6195ms)
✔ 纸样名称或物料关联不能替代可读取原文件 (15.092917ms)
(node:58000) ExperimentalWarning: localStorage is not available because --localstorage-file was not provided.
(Use `node --trace-warnings ...` to show where the warning was created)
✔ 目标 SKU 的四种加工组合、前序实物和 BOM Q 均按已建档字段读取 (2.532917ms)
✔ 整单总量口径保存后仍按一次总量计算，不被样衣件数重复放大 (1480.434291ms)
✔ 一张设计改款 BOM 同时有 Yard 面料和 PCS 辅料时，各行独立计量且辅料无需加工调拨 (60.118916ms)
✔ 复用既有纸样与参照 BOM 的无印染任务可直接提交样衣并自动完成；复制只生成草稿 (1154.8455ms)
✔ 批量复制保留物料、费用和样衣安排为独立可编辑草稿，不生成工作 (94.823625ms)
✔ 单页创建同时保存物料、费用与样衣要求；失败不留下空任务 (74.730125ms)
✔ 加工按物料行及实际阶段执行：纯染行与先染后印行独立串联 (182.310791ms)
✔ 旧设计任务移除线下工作和依赖，保留加工单身份、样衣成果及原始输入 (1213.206458ms)
✔ 任务汇总排除未启用，待前置只列出未完成依赖，关闭单不继续催办 (0.96225ms)
✔ 筛选覆盖关键词、状态、跟单、待办、类型、团队和日期边界，统计范围一致 (0.283584ms)
✔ CSV包含全部匹配行和任务责任计划，不含操作列，特殊文字正确转义 (0.432916ms)
✔ 生产准备必须读取测款最终通过事实，保存时重新校验且失败不生成主单 (1210.494833ms)
✔ PATTERN_ARTWORK 多明细全部有效项通过才完成，同SKU不同要求不合并 (0.465ms)
✔ COLOR_FABRIC 多明细全部有效项通过才完成，同SKU不同要求不合并 (0.065833ms)
✔ COLOR_YARN 多明细全部有效项通过才完成，同SKU不同要求不合并 (0.062625ms)
✔ 多辅料分单覆盖，第一张下单不足以完成，失效单不能提供覆盖 (0.216041ms)
✔ 专业列表业务字段查询与责任、来源、计划边界组合，未登记计划不误入日期结果 (0.723708ms)
(node:58006) ExperimentalWarning: localStorage is not available because --localstorage-file was not provided.
(Use `node --trace-warnings ...` to show where the warning was created)
✔ targeted PCS baseline reads return independent records without cloning unrelated collections (144.062583ms)
✔ PCS 前插多个新记录保留全部既有位置，重复保存不产生位置变化 (2.572625ms)
✔ PCS 单条置顶、居中插入、删除保持实际顺序且不移动其余记录 (0.130708ms)
✔ PCS 图片按款号和颜色固定，尺码不改变照片，未知对象没有随机图片 (0.804958ms)
✔ 历史 Mock 只替换登记的旧图，保留用户图片及未知款式 (0.4285ms)
✔ 后道 QC 来源 SKU 保留原身份和数量，五种颜色分别绑定对应实拍 (0.087917ms)
✔ 后道历史快照只迁移准确 SKU 的旧示意图，质检数量与用户图不变 (0.184833ms)
(node:58009) ExperimentalWarning: localStorage is not available because --localstorage-file was not provided.
(Use `node --trace-warnings ...` to show where the warning was created)
✔ SAMPLE-FIX-01–05/11: actual request→reserve→approve→pickup→return→receipt; stable own IDs and detached reads (961.169125ms)
✔ SAMPLE-FIX-03/05: all invalid input blocks writes; cancellation/rejection frees only own reservation (457.606166ms)
✔ SAMPLE-FIX-08/09/11: cases and stocktake persist independently, cannot execute twice or masquerade as adjustment (501.671375ms)
(node:58011) ExperimentalWarning: localStorage is not available because --localstorage-file was not provided.
(Use `node --trace-warnings ...` to show where the warning was created)
✔ HG-001/002/004: SKU identity survives duplicate receipts, transfers and repeats; HG resolves SKU (238.374667ms)
✔ HG-005/006/008: printed data and bounded settings; no truncation, images or state writes (1.029542ms)
✔ HG-002/004 regression: older receipt without identities retains its first date; raw SKU is never HG (83.397ms)
(node:58013) ExperimentalWarning: localStorage is not available because --localstorage-file was not provided.
(Use `node --trace-warnings ...` to show where the warning was created)
✔ SAMP-001–013 Mock: receipt → all SKU tags → live/home → production/factory/department/warehouse → marketing, with adversarial gates (1236.874334ms)
(node:58014) ExperimentalWarning: localStorage is not available because --localstorage-file was not provided.
(Use `node --trace-warnings ...` to show where the warning was created)
✔ PDA 列表轻量摘要与详情的归属、数量、物料和下一步一致 (955.699417ms)
(node:58015) ExperimentalWarning: localStorage is not available because --localstorage-file was not provided.
(Use `node --trace-warnings ...` to show where the warning was created)
✔ 按工厂投影不改变全能力、印花、染色、中央与裁片演示账号可见任务 (873.425959ms)
(node:58017) ExperimentalWarning: localStorage is not available because --localstorage-file was not provided.
(Use `node --trace-warnings ...` to show where the warning was created)
✔ 接单工厂范围保留全量投影中本厂每个任务的身份、数量、状态及接单/中标结果 (2501.507417ms)
(node:58020) ExperimentalWarning: localStorage is not available because --localstorage-file was not provided.
(Use `node --trace-warnings ...` to show where the warning was created)
✔ PDA order/task link indexes preserve all full-index candidates without constructing unrelated material rows (555.306875ms)
✔ ordinary sewing direct lookup keeps every field and factory permission from the complete canonical projection (424.693791ms)
✔ runtime sewing overrides and legacy/missing IDs retain the complete projection result (467.68075ms)
✔ one fresh read-only object snapshot preserves readiness, context and unknown references without refreshing per miss (427.5085ms)
✔ PDA handlers wait for part-ticket hydration, and the real detail is not mounted before both dependencies complete (48.261708ms)
✔ ordinary sewing detail leaves unrelated PMS initialization pending until a normal module entry (20.722083ms)
✔ same-navigation sewing preload discovers actual bundle entries and static closure without evaluating modules (40.166333ms)
✔ preview compression includes the same sewing static chunks and retains existing assets without broad lazy-route output (12.238959ms)
(node:58022) ExperimentalWarning: localStorage is not available because --localstorage-file was not provided.
(Use `node --trace-warnings ...` to show where the warning was created)
✔ 中转袋交出与实际入仓使用同一浏览器本地业务时间，不把 UTC 当作本地时间 (2.341959ms)
[PMS_IDB_LOAD_FAILED] { message: '当前浏览器不支持 IndexedDB,PMS 业务数据无法持久化。' }
✔ 物流商新增字段保存回显并写入操作日志 (3.774708ms)
✔ 物流商数字字段非负校验与运输方式枚举校验 (0.254917ms)
✔ 渠道新增字段保存回显，条件计费字段按计费方式保留 (0.397583ms)
✔ 整柜渠道不要求新增计费字段，仍要求四箱型完整配置 (0.128542ms)
✔ 渠道数字字段非负与时效区间校验 (0.117917ms)
✔ 头程批次聚合展示总箱数、总重量、总体积与转运天数 (0.469417ms)
✔ 工序链按保存顺序生效，合法工序集合固定，非法或重复工序被拒 (2.378208ms)
✔ 坯布 SKU 必填，坯布库存为 0 时调拨资格被拒，补足后恢复 (0.374875ms)
✔ 采购单按勾选 SKU 生成明细，数量与枚举非法被拒 (0.177125ms)
✔ 调拨单可选择调出仓库与调入目标，同步生成加工单号链 (0.214333ms)
✔ 批量刷新库存更新全部监控行与刷新时间并写日志 (0.201917ms)
✔ 手动添加监控 SKU 校验 SKU 必填与重复，添加后进入列表 (0.261084ms)
✔ 物料申报扩展字段保存回显，26 项特殊属性按数组保存 (1.596375ms)
✔ 报关扩展：法定第二计量单位与数值，不报关分支跳过必填校验 (0.170375ms)
✔ BOM 业务选项与价格/成本、工厂、布料字段保存回显 (0.690041ms)
✔ 主体经营 9 项成本明细加调整重算总成本，数据缺失提醒可消除 (0.351375ms)
✔ 供应商从草稿到启用遵循状态机，名称唯一 (2.287417ms)
✔ 供货档案包装换算与快照版本 (0.386416ms)
✔ 物料全部有真实图片，采购补充信息可更新且不新增删除 (0.664583ms)
✔ 成衣与样衣 SKU 只读列表数据完整 (0.139875ms)
✔ 仓库同步更新时间，单位字典唯一且不可删除只可启停 (0.569709ms)
✔ BOM 用量可修改，说明可保存，发布后可生成面辅料需求 (1.806791ms)
[PMS_IDB_LOAD_FAILED] { message: '当前浏览器不支持 IndexedDB,PMS 业务数据无法持久化。' }
[PMS_IDB_UNAVAILABLE] put 跳过,数据仅保留在内存 { store: 'pmsMaterialPurchaseOrderDeltas', key: 'CGF-2026-0005' }
[PMS_IDB_UNAVAILABLE] put 跳过,数据仅保留在内存 { store: 'pmsMaterialPurchaseOrderDeltas', key: 'CGF-2026-0001' }
[PMS_IDB_UNAVAILABLE] put 跳过,数据仅保留在内存 { store: 'pmsMaterialPurchaseOrderDeltas', key: 'CGF-2026-0007' }
✔ 面辅料需求种子就绪且可按物料行下推采购单 (5.062084ms)
✔ 快递信息导入校验采购单存在、单号唯一、日期与数量合法 (0.717125ms)
✔ 国内签收、加入头程、状态推进与到仓自动签收 (3.323916ms)
✔ 供应商确认单需标签齐备，确认后回写采购单 (1.78925ms)
✔ 整柜渠道必须完整配置四个箱型，物流商可启停 (0.778542ms)
✔ 面辅料采购单可带原因关闭，关闭后不能再登记到货 (0.528792ms)
✔ 库存监控触发线与建议量公式，规则异常阻断建单 (2.44225ms)
✔ 建单数量不得超过建议量，调拨与采购资格分别阻断 (0.369625ms)
✔ 中转看板指标、分布与筛选跳转规则 (0.505958ms)
✔ 生产单校验与配料任务只读数据完整，系统设置结果为 8/6/10 (0.1745ms)
✔ 种子采购单按 SRM 生成器规律补齐单据级与明细级字段 (0.705459ms)
✔ 新建做货采购单保存采购专员、加急、首单、区域与明细字段并可回显 (4.074167ms)
✔ 未传新增字段时沿用默认值并保持既有命令兼容 (0.128583ms)
✔ 采购专员必填、做货必须选区域、重量非负均抛出中文 PmsDomainError (0.346292ms)
✔ 编辑采购单保存新增字段并回显，非法输入被阻断 (0.276792ms)
✔ BOM 状态与 bomMatched 一致，未发布 BOM 的做货明细为未匹配 (0.18025ms)
✔ 行采购金额使用 roundPmsQty 且汇总等于逐行金额之和 (0.1165ms)
✔ 采购建议按缺口公式与折扣计算，并计入有效 KOL 申请 (1.384958ms)
✔ KOL 草稿与已驳回不计入建议缺口 (0.228792ms)
✔ 建议转采购单后写回已转数量与部分生成状态 (3.774333ms)
✔ 面辅料需求按 BOM 用量与损耗扣减库存和采购中 (0.56275ms)
✔ 重复生成、草稿采购单与非做货采购单均被阻断 (0.10575ms)
✔ KOL 单条超量需要二次确认，超过申请量直接阻断 (0.46225ms)
✔ 驳回 KOL 需求后不再计入建议缺口 (0.166459ms)
✔ 关闭采购单必须填写原因且已关闭不可重复关闭 (0.180125ms)
[PMS_IDB_LOAD_FAILED] { message: '当前浏览器不支持 IndexedDB,PMS 业务数据无法持久化。' }
[PMS_IDB_SAVE_FAILED] 创建请款单 IDB 写入失败 {
  requestNo: 'PAY-M-2026-0006',
  message: '当前浏览器不支持 IndexedDB,PMS 业务数据无法持久化。',
  degraded: 'memory-only'
}
[PMS_IDB_SAVE_FAILED] 创建请款单 IDB 写入失败 {
  requestNo: 'PAY-L-2026-0004',
  message: '当前浏览器不支持 IndexedDB,PMS 业务数据无法持久化。',
  degraded: 'memory-only'
}
[PMS_IDB_SAVE_FAILED] 作废请款单 IDB 写入失败 {
  requestNo: 'PAY-L-2026-0004',
  message: '当前浏览器不支持 IndexedDB,PMS 业务数据无法持久化。',
  degraded: 'memory-only'
}
✔ 主体经营明细总成本、毛利与毛利率公式 (0.683792ms)
✔ 面辅料对账：预计/实际双层公式，费用项与差异双重门禁 (2.950875ms)
✔ 面辅料费用项部分确认、批量确认与编辑失效 (0.509084ms)
✔ 请款草稿跨页创建、请款与付款上限、编辑范围 (0.863083ms)
✔ 物流实际费用 12 列导入校验、不自动确认与确认后锁定 (0.472917ms)
✔ 请款单作废释放来源对账，已有付款不能作废 (0.324959ms)
✔ 供应商账单 9 列导入覆盖实际层且不自动确认 (0.268167ms)
✔ 金额大写按 RMB 规则输出并覆盖跨节零 (0.11525ms)
[PMS_IDB_UNAVAILABLE] put 跳过,数据仅保留在内存 { store: 'pmsMaterialPurchaseOrderDeltas', key: 'CGF-2026-0005' }
[PMS_IDB_LOAD_FAILED] { message: '当前浏览器不支持 IndexedDB,PMS 业务数据无法持久化。' }
[PMS_IDB_UNAVAILABLE] put 跳过,数据仅保留在内存 { store: 'pmsMaterialPurchaseOrderDeltas', key: 'CGF-2026-0005' }
[PMS_IDB_UNAVAILABLE] put 跳过,数据仅保留在内存 { store: 'pmsMaterialPurchaseOrderDeltas', key: 'CGF-2026-0005' }
[PMS_IDB_UNAVAILABLE] put 跳过,数据仅保留在内存 { store: 'pmsMaterialPurchaseOrderDeltas', key: 'CGF-2026-0005' }
[PMS_IDB_UNAVAILABLE] put 跳过,数据仅保留在内存 { store: 'pmsMaterialPurchaseOrderDeltas', key: 'CGF-2026-0005' }
[PMS_IDB_UNAVAILABLE] put 跳过,数据仅保留在内存 { store: 'pmsMaterialPurchaseOrderDeltas', key: 'CGF-2026-0005' }
✔ 生成卷号按前缀、每卷米数、重量与起始序号生成并写入包装明细 (2.699208ms)
✔ 生成卷号时尾卷承载剩余数量，卷数按采购数量与每卷米数自动取整 (0.502625ms)
✔ 非法卷号参数被拒绝并抛出中文域错误 (0.798917ms)
✔ 生成标签后二维码内容包含卷号与箱规，参与打印 (0.760291ms)
✔ 箱规新增自动计算体积，重复箱号与非法尺寸被拒，删除后计数正确 (0.429875ms)
✔ 包装明细可新增与删除，非法输入被拒且删除后计数正确 (0.279709ms)
✔ 被包装明细引用的箱规不能删除 (0.085375ms)
✔ 供应商枚举与 SRM 完全一致，旧枚举不再出现 (0.799875ms)
✔ 种子字段满足 SRM 枚举且协同指标为数字 (0.140917ms)
✔ 新增字段保存并回显，成功命令写入操作日志 (1.355541ms)
✔ 编辑保存新增字段并保持状态机与事件名不变 (0.213375ms)
✔ 非法或缺失输入抛 PmsDomainError 且不写入数据 (0.302584ms)
✔ 详情与列表展示新增字段、SRM 枚举与协同指标 (17.6195ms)
(node:58035) ExperimentalWarning: localStorage is not available because --localstorage-file was not provided.
(Use `node --trace-warnings ...` to show where the warning was created)
✔ CONTRACT-002: business allocation day is day 1 and every calendar day counts, including Sunday (1.143542ms)
✔ CONTRACT-002: the three contracts retain 4/8/9, 5/9/10 and 6/9/12 calendar-day milestones (0.371333ms)
✔ CONTRACT-002: invalid calendar dates and counting days still fail without creating deadlines (0.306959ms)
(node:58036) ExperimentalWarning: localStorage is not available because --localstorage-file was not provided.
(Use `node --trace-warnings ...` to show where the warning was created)
✔ 实际耗时跨周日仍按真实时间差；没有可靠时间不造耗时 (1.223208ms)
✔ 每任务都达成才结束；同一来源去重，作废明细不影响主表 (0.358375ms)
✔ 耗时页 Mock 至少覆盖九张生产单和全部节点，且下游事实不会越过未完成的前置节点 (521.918875ms)
✔ 裁片放行按一张放行单内的多次放行展示并选取节点起止时间 (41.25025ms)
(node:58037) ExperimentalWarning: localStorage is not available because --localstorage-file was not provided.
(Use `node --trace-warnings ...` to show where the warning was created)
✔ EXC-001—004: a reference mark cannot change debt, strict kits or final task responsibility (2.833084ms)
(node:58038) ExperimentalWarning: localStorage is not available because --localstorage-file was not provided.
(Use `node --trace-warnings ...` to show where the warning was created)
✔ 派单新增主档工厂可登记承接关系，未知工厂仍阻断 (1.73ms)
✔ 专属任务保留整单身份、数量和接收方，工艺分支保留全部前置关系 (0.824709ms)
✔ 原生产单车缝任务仍可被 PPIC 分配与责任移交识别，SKU 总量完整 (14.42425ms)
✔ PRINT-HISTORY-001: demo identities remain fixed and reject another factory or task (1.184ms)
✔ PRINT-HISTORY-002: DYE-GOTO-GLOBAL historical slot 09 survives independent reloads without overwriting (2021.027417ms)
✔ PRINT-HISTORY-002: ID-FAC-001165 historical slot 09 survives independent reloads without overwriting (2065.919417ms)
(node:58041) ExperimentalWarning: localStorage is not available because --localstorage-file was not provided.
(Use `node --trace-warnings ...` to show where the warning was created)
✔ VERIFY-003: dispatch reads keep all documents and independent copies without projecting unrelated business views (222.952791ms)
✔ frozen printing images are losslessly stored once across orders, tasks and attachments (2.863334ms)
✔ missing or malformed image references fail rather than silently replacing frozen evidence (0.241959ms)
(node:58046) ExperimentalWarning: localStorage is not available because --localstorage-file was not provided.
(Use `node --trace-warnings ...` to show where the warning was created)
✔ PERF-002/004: scoped receiving reads preserve direct receipts and allocations, without exposing mutable facts (12.925167ms)
✔ PERF-002/004: a synchronous relation read matches independent reads and releases its scope after errors (612.282541ms)
✔ PERF-004: batched print list reviews and handovers equal independently read facts (271.951583ms)
✔ PERF-004: scoped handovers keep canonical sorting and task point reads preserve identity (11.545167ms)
✔ PERF-004: reusing warehouse documents preserves each dye order source, quantity and receiver (241.14725ms)
(node:58049) ExperimentalWarning: localStorage is not available because --localstorage-file was not provided.
(Use `node --trace-warnings ...` to show where the warning was created)
✔ craft source selection preserves all previous source choices and isolated snapshots (12.009792ms)
✔ source eligibility is re-evaluated after a source order changes (0.112417ms)
(node:58050) ExperimentalWarning: localStorage is not available because --localstorage-file was not provided.
(Use `node --trace-warnings ...` to show where the warning was created)
✔ 生产单创建来源只覆盖旧匹配事实，不复活已取消或覆盖更新后的匹配 (0.407ms)
✔ 提前来源随PO唯一保存，重复生成不会追加第二份事实；查询投影不反向写PO (0.273792ms)
✔ 失败和嵌套投影后创建stage标记恢复，不影响后续染印执行保存 (0.203833ms)
✔ 备份拒绝错误归属、重复、未知状态和缺少正式冻结来源的匹配 (0.148292ms)
(node:58051) ExperimentalWarning: localStorage is not available because --localstorage-file was not provided.
(Use `node --trace-warnings ...` to show where the warning was created)
✔ 验收数据至少包含 5 张染色和 5 张印花提前加工单，并覆盖全部匹配状态 (336.859375ms)
✔ 印花专业成果把多张图片和多个文件统一保存在同一附件集合 (0.341542ms)
✔ 同一生产需求可手动选择具体专业任务，创建结果保存所选任务与全部成果附件 (36.685834ms)
✔ 创建提前加工单必须选择所属专业任务并明确加工厂 (3.239083ms)
✔ 计划加工数量包含损耗率，且染色印花投入与产出 SKU 必须不同 (0.293917ms)
✔ 专业成果未审核通过时不可创建提前加工单 (0.208208ms)
✔ 多个生产需求合并为一张生产单时，可匹配多张提前染色加工单 (35.509375ms)
✔ 等待技术包的提前单在技术包就绪后可由同一匹配服务自动重试 (12.63975ms)
✔ 合并生产单中只有部分需求有提前单时，只为未覆盖需求补建剩余数量 (33.053958ms)
✔ 已有提前单但正式 BOM 或 SKU 不一致时进入异常，且不重复补建同一工艺单 (37.004083ms)
✔ 取消后重建保留旧单，并建立双向替代关系 (7.097541ms)
✔ 没有提前加工单的需求仍保留正式加工单快照 (4.443625ms)
✔ 查生产入口只在合法系统路由显示，并在打印与 PDA 路由隐藏 (1.046541ms)
✔ 相似前缀和相似打印段不会被当成合法路由 (0.169959ms)
(node:58053) ExperimentalWarning: localStorage is not available because --localstorage-file was not provided.
(Use `node --trace-warnings ...` to show where the warning was created)
✔ 静态生产单更新任务状态时保留原冻结资料，不强造不存在的技术版本 (0.705125ms)
✔ 沿用静态资料的例外不能用于新单、篡改快照或错误技术版本 (0.540875ms)
(node:58054) ExperimentalWarning: localStorage is not available because --localstorage-file was not provided.
(Use `node --trace-warnings ...` to show where the warning was created)
✔ PERF-001: runtime snapshot and all nine subsets preserve every production order value and caller isolation (17.464125ms)
✔ PERF-001: a subset read does not traverse or clone unrelated snapshot sections (0.405833ms)
✔ PERF-001: paper pattern binding strips and nested craft arrays remain isolated after mutation (0.469292ms)
✔ PERF-001: replacing or updating the bound snapshot is visible immediately without a stale cache (0.300125ms)
✔ PERF-001: missing production order keeps null and empty-list contracts (0.149792ms)
✔ finished preparation and purchase keep their delay without claiming current work is on time (4.272125ms)
✔ absence of applicable records and missing timing inputs are not healthy or not-yet-due (1.365708ms)
✔ inbound quantity and final time completeness produce distinct business results (0.363666ms)
✔ reached late milestone has zero only for that milestone, not the whole task (2.654667ms)
✔ creation and handover clocks explain their different unfinished endpoints (2.39625ms)
✔ all current scenes avoid ambiguous headline defaults and literal unknown numbers (20.595458ms)
✔ contract graph with missing allocation date or actual holdings cannot assert not-yet-due or achieved (2.372708ms)
✔ opening a follow-up modal only reads, and empty inputs never appear saved (9.027042ms)
✔ save waits for completion and readback, rejects double-click writes, and stores realtime feedback without a forecast (17.60675ms)
✔ failed save retains all inputs and retries the exact same operation ID (3.384917ms)
✔ commit followed by readback failure remains unconfirmed until a read proves the same record (2.738084ms)
✔ work must belong to the current production order and expected time must be valid (2.611042ms)
✔ read failure retains a draft and does not treat unavailable records as a normal empty history (1.599792ms)
✔ old logs are retained, but never assigned to a new production order by inference (1.554041ms)
✔ FLOW graph late: full lifecycle keeps allocation, execution and four post stages (6.046958ms)
✔ FLOW graph normal: full lifecycle keeps allocation, execution and four post stages (4.885292ms)
✔ FLOW graph complete: full lifecycle keeps allocation, execution and four post stages (2.083667ms)
✔ FLOW graph completeLate: full lifecycle keeps allocation, execution and four post stages (4.977ms)
✔ FLOW graph completeUnknown: full lifecycle keeps allocation, execution and four post stages (2.640584ms)
✔ FLOW graph partial: full lifecycle keeps allocation, execution and four post stages (3.119292ms)
✔ FLOW graph reordered: full lifecycle keeps allocation, execution and four post stages (4.881ms)
✔ FLOW graph reachedLate: full lifecycle keeps allocation, execution and four post stages (2.442625ms)
✔ FLOW graph positioning: full lifecycle keeps allocation, execution and four post stages (0.332083ms)
✔ FLOW graph prepPending: full lifecycle keeps allocation, execution and four post stages (0.307542ms)
✔ FLOW graph sampleLate: full lifecycle keeps allocation, execution and four post stages (1.363ms)
✔ FLOW graph samplePending: full lifecycle keeps allocation, execution and four post stages (1.505792ms)
✔ FLOW graph fullContract: full lifecycle keeps allocation, execution and four post stages (3.441791ms)
✔ FLOW graph materialBatches: full lifecycle keeps allocation, execution and four post stages (0.582292ms)
✔ FLOW graph materialPartial: full lifecycle keeps allocation, execution and four post stages (0.497292ms)
✔ FLOW graph live: full lifecycle keeps allocation, execution and four post stages (3.158125ms)
✔ FLOW graph unknown: full lifecycle keeps allocation, execution and four post stages (0.628917ms)
✔ FLOW graph unassigned: full lifecycle keeps allocation, execution and four post stages (2.539167ms)
✔ FLOW graph sameFactory: full lifecycle keeps allocation, execution and four post stages (3.191792ms)
✔ FLOW graph handoverPartial: full lifecycle keeps allocation, execution and four post stages (2.423458ms)
✔ FLOW live: QC, processing, recheck quantities have distinct current positions while history remains (0.9385ms)
✔ FLOW full contract: scopes and execution documents stay distinct from cumulative contract milestones (0.186ms)
✔ FLOW delivery: outgoing without warehouse receipt keeps waiting clock active (0.116833ms)
✔ FLOW one post work order shares projects, quantity and clock without per-project chains (0.82925ms)
✔ FLOW bypass records go from completed QC directly to delivery, without fabricated processing or recheck (0.290167ms)
✔ FLOW summary cards distinguish pending, unknown, historical and current states without invented SLA (1.744417ms)
✔ FLOW mixed QC, processing and recheck quantities are summarized as post handling rather than processing (0.533667ms)
✔ FLOW pending inspection and recheck are not started rather than unknown, consistently with rails (0.115458ms)
✔ FLOW pending document cards and summaries describe unstarted clocks rather than missing times (0.84175ms)
✔ FLOW document modal has one project block for its single processing order (0.454958ms)
✔ COPY developer round: unknown purchase keeps allocation and execution responsibilities unverified (0.085292ms)
✔ COPY developer round: mixed post history and active work both remain visible (0.062584ms)
✔ COPY developer round: partial warehouse quantity is not a completed stage (2.197667ms)
✔ COPY developer round: process start and quantity appear once, QC uses its own business action (0.766917ms)
✔ FLOW-MOCK-001: all 20 scenarios retain source facts with documented COPY-211 cutting correction (20.458917ms)
✔ FLOW-MOCK-002: every early-stage scenario has an honest full-flow skeleton and unknown purchase has no invented work (0.517708ms)
✔ FLOW-MOCK-003: allocation and actual sewing are distinct and each of the three contract scopes has only its applicable steps (0.427041ms)
✔ FLOW-MOCK-004: batches partition original receipts within each task and each source receipt exactly once (0.3265ms)
✔ FLOW-MOCK-005: actual positions preserve warehouse, delivery, processing aggregate amounts and explicit unknown remainder (0.182459ms)
✔ FLOW-MOCK-006: current QC, processing, recheck, delivery and warehouse positions have distinct document facts (0.603125ms)
✔ FLOW-MOCK-007: batch event chronology is ordered and all recorded actual events precede the fixed viewing time (2.0825ms)
✔ FLOW-MOCK-008: completed orders keep complete post history and missing last inbound time is never fabricated (0.219917ms)
✔ FLOW-MOCK-009: factory-contracted packing is not assigned again in post, and the no-post-processing route is explicit (0.709ms)
✔ FLOW-MOCK-010: every new document is task scoped, batch scoped when applicable, and has valid same-scene relationships (2.924042ms)
✔ FLOW-MOCK-011: independent sewing keeps all applicable post items inside one processing document and one overall clock (0.675833ms)
✔ FLOW-MOCK-012: each batch has at most one post-processing document with the prototype item, status, quantity and timing contract (4.3655ms)
✔ FLOW-MOCK-013: actual quality results generate only applicable processing, completion generates recheck, and no processing goes straight to warehouse delivery (0.507333ms)
✔ COPY-211: full contract scope does not duplicate in-house cutting or release (0.216667ms)
✔ every sewing and post-finishing document type opens its actual native module detail (80.34275ms)
✔ sewing task execution preserves the matching contract rather than entering the allocation workbench (2.537375ms)
✔ post-finishing QC and recheck retain their own task results, batches, and downstream documents (20.1355ms)
✔ post delivery shows actual outgoing and finished-goods receipt separately (11.788625ms)
✔ completed orders retain the recorded post-finishing document history (3.161791ms)
✔ unknown or wrongly routed full-flow documents do not produce invented detail pages (0.495292ms)
✔ recorded finished-goods receipt without its time stops the handover clock rather than creating current waiting (0.5475ms)
✔ clock completion matches its own final business event across work and handover (0.12875ms)
✔ native post document uses the same Chinese current-position label as the diagram (12.629917ms)
✔ explicitly pending work is not mislabeled as missing actual start time in native clocks (0.495458ms)
✔ native post work detail keeps one project set, one clock and classified quantities (0.259416ms)
✔ post recheck describes SKU quantity and barcode verification rather than a second quality inspection (0.303583ms)
✔ original post work documents preserve their recorded completed quantities without requiring new project fields (1.200791ms)
✔ delivery awaiting warehouse receipt is not described as an unfinished upstream prerequisite (0.461833ms)
✔ completed late work and unfinished overdue work remain different in management and the actual source detail (31.475666ms)
✔ a late reached contract is a ended node, and future unreached targets are not current debt (21.035584ms)
✔ missing allocation date or factory actual pickup keeps unknown distinct from an on-time contract (24.898834ms)
✔ source contract deadline uses allocation day as day 1 even when business date contains a clock time (22.893458ms)
✔ full warehouse quantities without last receipt time never imply an on-time result or enter the rate denominator (20.231291ms)
✔ purchase association unknown never asserts that production has not been created or begun (0.791583ms)
✔ sample timing is by actual handout date and remains separate from approval result (20.514ms)
✔ completed whole-order elapsed time stops at final warehouse receipt; export names quantities and states precisely (19.096458ms)
✔ zero actual pickup is a known zero awaiting a contract denominator, not a missing value or automatic achievement (18.204584ms)
✔ missing execution evidence does not imply that material has not arrived or that work is confirmed overdue (3.018959ms)
✔ POST-FOLD late: post work is nested and the sewing label is unified (6.507583ms)
✔ POST-FOLD normal: post work is nested and the sewing label is unified (3.673333ms)
✔ POST-FOLD complete: post work is nested and the sewing label is unified (1.583667ms)
✔ POST-FOLD completeLate: post work is nested and the sewing label is unified (5.900458ms)
✔ POST-FOLD completeUnknown: post work is nested and the sewing label is unified (1.704625ms)
✔ POST-FOLD partial: post work is nested and the sewing label is unified (1.589791ms)
✔ POST-FOLD reordered: post work is nested and the sewing label is unified (3.8975ms)
✔ POST-FOLD reachedLate: post work is nested and the sewing label is unified (3.409583ms)
✔ POST-FOLD positioning: post work is nested and the sewing label is unified (0.440416ms)
✔ POST-FOLD prepPending: post work is nested and the sewing label is unified (0.310792ms)
✔ POST-FOLD sampleLate: post work is nested and the sewing label is unified (3.926416ms)
✔ POST-FOLD samplePending: post work is nested and the sewing label is unified (5.198ms)
✔ POST-FOLD fullContract: post work is nested and the sewing label is unified (5.347125ms)
✔ POST-FOLD materialBatches: post work is nested and the sewing label is unified (0.810416ms)
✔ POST-FOLD materialPartial: post work is nested and the sewing label is unified (0.688667ms)
✔ POST-FOLD live: post work is nested and the sewing label is unified (5.973083ms)
✔ POST-FOLD unknown: post work is nested and the sewing label is unified (0.71525ms)
✔ POST-FOLD unassigned: post work is nested and the sewing label is unified (5.477417ms)
✔ POST-FOLD sameFactory: post work is nested and the sewing label is unified (1.993ms)
✔ POST-FOLD handoverPartial: post work is nested and the sewing label is unified (0.362875ms)
✔ POST-TIME: completed and active work show actual times and longest own clock without inventing an SLA (0.432459ms)
✔ POST-TIME: known document requirements distinguish unfinished late work from completed late history (0.189208ms)
✔ PAGE-001 / SCENE-17 / 20: 19 unique production orders plus one purchase awaiting association preserve the 19 accepted base scenes (1.162542ms)
✔ MASTER-001 / SCENE-07: reversing purchase order input retains earliest precise start and 28-day deadline (0.215042ms)
✔ MASTER-002: full warehouse completion at the exact deadline is timely; one minute later is late (0.148584ms)
✔ SCENE-03—05: warehouse facts establish completion separately from final timestamp and stale upstream records (0.15475ms)
✔ SCENE-06 / 16 / 18: quantity positions conserve pieces while missing position and task ownership remain distinct (4.341ms)
✔ CONTRACT-002 / SCENE-13: three return contracts use calendar days including Sunday and their actual held quantities (1.154792ms)
✔ SCENE-19: B factory total 40% cannot cover the independently overdue B01 task (1.281083ms)
✔ SCENE-02 / 08: timely returns and late reached milestone differ from a currently overdue unmet milestone (0.960417ms)
✔ SCENE-09 / 10: preparation is a parallel four/five-day stage with separately recorded production and handover (3.196583ms)
✔ SCENE-11 / 12: sample date is pickup plus three; failed or unsubmitted sample does not move the return deadline (1.841042ms)
✔ SCENE-14: stock 600 meters advances before the independent 900-meter purchase batch, with three work/handover records each (1.695042ms)
✔ SCENE-15: known 600-meter receipt is preserved while the 900-meter purchase remains unknown and currently late (0.51025ms)
✔ SCENE-20: partial factory handover retains 2400 sleeve pieces received and 600 disputed without closing the handover or converting to garments (0.93375ms)
✔ SCENE-01: completed preparation/material delays remain history while sleeve work has a current 600-piece gap (1.794709ms)
✔ PREP / CRAFT: auxiliary work is three days each; bulk dye/print/wash and handovers have no invented SLA (1.545833ms)
✔ SOURCE / UI: document IDs, related ownership, native routes and source summaries are coherent without read mutation (38.86675ms)
✔ SOURCE: there are no future actual events or reversed processing/handover times in the fixed demonstration (5.610708ms)
✔ SCENE late: expanded accepted diagram retains its business nodes and source documents (3.140708ms)
✔ SCENE normal: expanded accepted diagram retains its business nodes and source documents (2.486042ms)
✔ SCENE complete: expanded accepted diagram retains its business nodes and source documents (1.048834ms)
✔ SCENE completeLate: expanded accepted diagram retains its business nodes and source documents (1.378625ms)
✔ SCENE completeUnknown: expanded accepted diagram retains its business nodes and source documents (0.839041ms)
✔ SCENE partial: expanded accepted diagram retains its business nodes and source documents (1.037291ms)
✔ SCENE reordered: expanded accepted diagram retains its business nodes and source documents (4.438167ms)
✔ SCENE reachedLate: expanded accepted diagram retains its business nodes and source documents (1.01225ms)
✔ SCENE positioning: expanded accepted diagram retains its business nodes and source documents (0.245208ms)
✔ SCENE prepPending: expanded accepted diagram retains its business nodes and source documents (0.224209ms)
✔ SCENE sampleLate: expanded accepted diagram retains its business nodes and source documents (0.905167ms)
✔ SCENE samplePending: expanded accepted diagram retains its business nodes and source documents (0.854292ms)
✔ SCENE fullContract: expanded accepted diagram retains its business nodes and source documents (1.746458ms)
✔ SCENE materialBatches: expanded accepted diagram retains its business nodes and source documents (0.584667ms)
✔ SCENE materialPartial: expanded accepted diagram retains its business nodes and source documents (0.360833ms)
✔ SCENE live: expanded accepted diagram retains its business nodes and source documents (1.034417ms)
✔ SCENE unknown: expanded accepted diagram retains its business nodes and source documents (0.105292ms)
✔ SCENE unassigned: expanded accepted diagram retains its business nodes and source documents (1.677792ms)
✔ SCENE sameFactory: expanded accepted diagram retains its business nodes and source documents (1.526875ms)
✔ SCENE handoverPartial: expanded accepted diagram retains its business nodes and source documents (1.242333ms)
✔ PREP-005: supplemental scene retains disabled and change-ended documents without creating active clocks or blocking valid preparation (2.920833ms)
✔ timing documents resolve directly at their native route with the same shared static facts (423.712667ms)
✔ source detail does not resolve unrelated records or a registered record at a wrong module path (0.158792ms)
✔ a handover belongs to its original outgoing work rather than a linked next process (0.1135ms)
✔ contract details retain natural-day deadlines and late achievement history (0.414375ms)
✔ partially received material retains unknown purchase receipt instead of inventing zero or full stock (0.217833ms)
✔ production preparation details include parallel requirements and BOM quantities (0.506166ms)
✔ work remaining quantity follows known required and completed quantities in the same unit (6.686875ms)
✔ missing factory sample uses the recorded requirement date and keeps sample approval outside return milestones (0.207125ms)
✔ purchase-only scenario resolves to the existing merchandise purchase and pending-purchase backlink (0.137083ms)
✔ finished-goods detail distinguishes latest partial receipt from full completion time (0.362125ms)
✔ unknown timing standard is amber verification, never a red confirmed-overdue result (0.253ms)
✔ MIGRATE-001: direct production/pending detail paths have their own active tab identity; discarded tasks/examples/team details are absent (0.563083ms)
✔ MIGRATE-001: stored DDS tabs prune discarded addresses, retain unrelated tabs and correct the live production title without touching input (0.516708ms)
(node:58067) ExperimentalWarning: localStorage is not available because --localstorage-file was not provided.
(Use `node --trace-warnings ...` to show where the warning was created)
✔ VERIFY-003: scoped reads preserve pending/voided sources and defensive copies (5.658917ms)
✔ VERIFY-003: metadata lookup reflects registry changes and returns independent locations (8.131791ms)
✔ 备份恢复不能借原票编号伪造另一种面料的交出回执 (0.823542ms)
(node:58069) ExperimentalWarning: localStorage is not available because --localstorage-file was not provided.
(Use `node --trace-warnings ...` to show where the warning was created)
✔ 换片票文案不显示内部路径，扫码身份和原票号保持 (1.242875ms)
✔ 打印结果选票行使用业务名称区分生产单、面料和颜色，保留原勾选身份 (0.139917ms)
✔ 任务单使用可识别的物料编码，内部技术资料键不进入文字、图片标题和无障碍名称 (0.556042ms)
✔ 换片布固定演示：四个新增生产单覆盖部分打印、补打、交出备用及失效票 (1.51625ms)
✔ 部位票缓存感知已提交事件版本，重复读取同一版本不失效 (0.676417ms)
✔ 按名称排朴，空名拒绝，同名不同编码/颜色保留独立身份 (0.8985ms)
✔ 初始每面料一张，重复分配幂等；新增与补打不混淆 (0.733667ms)
✔ 改派未交票失效，已交历史不抹除，新范围递增序号 (0.541875ms)
✔ 部分出纸仅确认勾选票；重复确认不增加次数，内容变化拒绝 (0.139792ms)
✔ 整个批次多袋并集检查，非本次袋不可借用，顺序无关 (0.767ms)
✔ 同任务同工厂历史可满足；不同任务或换厂必须另交 (0.634583ms)
✔ 三方自行裁剪排除，资料缺失与无需面料分开判断 (0.15ms)
✔ 混装按类型和单位分项，换片布不能拆成非5 Yard (0.535041ms)
✔ 局域网 HTTP 的摘要与原生 SHA-256 相同，既有票号不变化 (12.741417ms)
(node:58075) ExperimentalWarning: localStorage is not available because --localstorage-file was not provided.
(Use `node --trace-warnings ...` to show where the warning was created)
✔ 混装打印保留裁片矩阵，捆条和换片布独立附页，不合并单位 (2.016209ms)
✔ 纯换片布袋可生成货物标识，不制造尺码和部位 (0.231625ms)
✔ 混装标签拒绝换片布错误长度、作废票和混生产单 (0.430417ms)
✔ 旧业务存储不可读时仍用已提交的原装袋周期打印三类货物 (1.002208ms)
✔ 生产单按单记录；变更一单不重写其他单和任务 (1.23075ms)
✔ 运行任务独立保存覆盖、拆分、合并、改派及序号，往返保留身份 (0.22675ms)
✔ 有效分配索引、独立记录、审计及序号完整往返，拒绝重复身份和损坏格式 (0.90025ms)
✔ 拒绝空字符串，不吞掉损坏记录 (0.140458ms)
✔ 拒绝数组根，不吞掉损坏记录 (0.092708ms)
✔ 拒绝生产单数组实体，不吞掉损坏记录 (0.131125ms)
✔ 拒绝生产单空编号，不吞掉损坏记录 (0.091292ms)
✔ 拒绝生产单损坏快照，不吞掉损坏记录 (0.088292ms)
✔ 拒绝任务覆盖数组，不吞掉损坏记录 (0.213959ms)
✔ 拒绝任务覆盖身份，不吞掉损坏记录 (0.664708ms)
✔ 拒绝拆分来源身份，不吞掉损坏记录 (0.0735ms)
✔ 拒绝拆分子项损坏，不吞掉损坏记录 (0.055625ms)
✔ 拒绝合并明细损坏，不吞掉损坏记录 (0.1985ms)
✔ 拒绝改派任务身份，不吞掉损坏记录 (0.104ms)
✔ 拒绝不安全序号，不吞掉损坏记录 (0.169792ms)
✔ 拒绝重复Map键，不吞掉损坏记录 (0.205666ms)
✔ 拒绝current非数组，不吞掉损坏记录 (0.041375ms)
✔ 拒绝current孤儿，不吞掉损坏记录 (0.037292ms)
✔ 拒绝current跨任务，不吞掉损坏记录 (0.027708ms)
✔ 拒绝current重复引用，不吞掉损坏记录 (0.024375ms)
✔ 拒绝审计孤儿，不吞掉损坏记录 (0.0255ms)
✔ 已保存实体损坏编号、缺少meta或重复meta不能伪造正常空源 (0.153875ms)
✔ 未登记key及空白JSON拒绝；null明确代表没有覆盖 (0.051417ms)
✔ 备份校验拒绝未知来源集合、伪造迁移身份及丢失检查点实体 (0.608291ms)
✔ 四类静态运行任务的删除标记完整往返，拒绝混入业务字段或假删除 (0.133333ms)
✔ 分配副产物按实体保存；合同、样衣及PPIC责任保留独立序号 (0.4385ms)
✔ 拒绝缺失渲染必需快照的合同，防止迁移清源后才暴露损坏 (0.047208ms)
✔ 关联实体损坏拒绝 unknown:X (0.038208ms)
✔ 关联实体损坏拒绝 material-context:A (0.026708ms)
✔ 关联实体损坏拒绝 return-sequence:value (0.031ms)
✔ 关联实体损坏拒绝 sla-current:T (0.024292ms)
✔ 生产创建匹配来源按生产单身份校验并完整恢复 (0.177209ms)
✔ 工厂结束事实只允许明确任务、操作人和时间 (0.797209ms)
✔ 既有招标定标记录保留真实来源编号并校验价格与操作人 (0.133417ms)
✔ 开工交出单头只包含首次零交出事实，拒绝伪造数量和身份 (0.150708ms)
(node:58077) ExperimentalWarning: localStorage is not available because --localstorage-file was not provided.
(Use `node --trace-warnings ...` to show where the warning was created)
✔ 同分配的同名 A/B 面料分别新增和打印；第二面料不被第一范围替代 (97.253292ms)
(node:58078) ExperimentalWarning: localStorage is not available because --localstorage-file was not provided.
(Use `node --trace-warnings ...` to show where the warning was created)
✔ 分配 SKU 的需料不同；多尺码共料去重，名称含朴排除 (1.119625ms)
✔ 完整但全是朴为空集合；缺颜色映射或空名称属于资料错误 (0.344166ms)
✔ 同名不同编码面料不混并；BOM 身份歧义阻断 (0.222083ms)
✔ 交出回执从快照保留三种明细，Yard 与米不进入裁片数量 (0.732709ms)
✔ 回执任务读取保持数组身份；只在事实变更后重新投影 (0.215875ms)
✔ 款式需料读取的配置查询只返回独立副本，不能污染下次来源读取 (0.732209ms)
✔ 来源读取失败时不能把不可用哨兵值当作稳定分配继续保存 (0.360541ms)
✔ 历史裁片实交保留原数量与归属，其他集合不混入 (0.543416ms)
✔ 历史缺原版本、交错明细、负数量或记录身份错误均阻断恢复 (0.258583ms)
✔ 面辅料单不可写入退役裁片历史，未完成迁移标记不可恢复 (0.097084ms)
✔ 并发调用复用同一个模块加载 Promise，成功后继续复用结果 (0.680042ms)
✔ 模块加载失败后清空缓存，下一次调用可以重试 (0.9455ms)
(node:58081) ExperimentalWarning: localStorage is not available because --localstorage-file was not provided.
(Use `node --trace-warnings ...` to show where the warning was created)
✔ CONTRACT-005: native legacy task fixture exposes the actual missing allocation date at PDA and progress board entries (1053.667792ms)
(node:58082) ExperimentalWarning: localStorage is not available because --localstorage-file was not provided.
(Use `node --trace-warnings ...` to show where the warning was created)
✔ CONTRACT-002: later factory acceptance retains its fact without postponing business allocation deadlines (0.747875ms)
✔ CONTRACT-002: missing business allocation time produces a visible verification gap instead of acceptance-based deadlines (0.150459ms)
✔ CONTRACT-002: historical acceptance-based snapshots remain intact but cannot establish current contract deadlines (0.240334ms)
✔ CONTRACT-002: shared PDA and progress board show missing allocation dates without claiming zero-receipt tasks are complete (0.442875ms)
✔ CONTRACT-002: confirmed dates still show the next contractual node and complete only after all 100 pieces are received (0.351666ms)
✔ CONTRACT-002: outsourcing tracking uses allocation dates for tender tasks and marks missing dates as unverified (11.378125ms)
(node:58084) ExperimentalWarning: localStorage is not available because --localstorage-file was not provided.
(Use `node --trace-warnings ...` to show where the warning was created)
✔ 刷新时静态样衣命令重建不重放到已移交的持久用户状态，构造失败恢复输入 (5.880167ms)
✔ 独立打印外壳只命中完整生产确认单打印路由 (0.502084ms)
✔ 既有固定打印路由仍使用独立打印外壳 (0.088083ms)
(node:58086) ExperimentalWarning: localStorage is not available because --localstorage-file was not provided.
(Use `node --trace-warnings ...` to show where the warning was created)
✔ TP-ID-002: FCS live hydration cannot change the static 26 identities or their numeric sequence (8.456625ms)
✔ TP-DATA-001: baseline has 20 actual complete formal versions and three plus three draft review states (1.251209ms)
✔ TP-ROUTE-001: all twenty formal routes have three resolvable dye→print→wash chains and five two-craft pieces (139.694ms)
✔ TP-ID-001: ID is persisted independent of ordering and next identity uses the global maximum (1.209292ms)
✔ TP-LEGACY-001: exact old static copies project read-only, preserve source identities and preserve changed records or content (3.20275ms)
✔ TP-LEGACY-002: repository reads old demo without writes; new legacy-source creation is rejected (296.154792ms)
✔ TP-LEGACY-003: early release content upgrades after person maintenance but genuine technical edits remain intact (5.57725ms)
✔ TP-PAGE-001: route rendering preserves stored IDs and hides objects without additional processing (99.573125ms)
✔ TP-PERSON-001: valid maintenance retains published content, records a log, and rejects wrong-role candidates (305.443917ms)
✔ technical version working-copy reads do not write and failed staging preserves data (first visit) (331.37075ms)
✔ technical version working-copy reads do not write and failed staging preserves data (saved data) (398.363291ms)
[PMS_IDB_LOAD_FAILED] { message: '当前浏览器不支持 IndexedDB,PMS 业务数据无法持久化。' }
✔ 五类页面共享采购到交出的串联 Mock，重复初始化不重置执行事实 (225.348958ms)
✔ 补齐串联 Mock 时压缩历史大签名，避免浏览器存储接近上限导致页面路由失败 (238.282875ms)
✔ 三个中央工厂在组织目录与执行工厂中身份一致且仅出现一次 (0.808208ms)
✔ 花边角色与采购映射归属TMF但供应方仍保留独立身份 (0.152167ms)
✔ 橡筋定长切割仍归SPF，不成为TMF织带截断任务 (0.161542ms)
✔ 旧浏览器组织记录迁移后不与权威TMF并存且保留已有联系人 (6.517875ms)
(node:58092) ExperimentalWarning: localStorage is not available because --localstorage-file was not provided.
(Use `node --trace-warnings ...` to show where the warning was created)
✔ 连续织带实际650米交出→648+2实收→染色可用650，仓库和用料保持米制且无公斤换算 (16.313833ms)
✔ 连续长度口径不可用于纱线/码制，普通辅料仍要求实际称重 (1.884667ms)
✔ 原生连续辅料染色650→640：实际工厂实收及用料驱动加工，使用对象对应蓝色织带参考图 (410.702917ms)
✔ 织带与绳子参考档案接入实际物料库，保留图片来源和未确认尺寸，不替换橡筋 (136.09125ms)
✔ 同分钟新建不同幅宽织带和绳径主档不共用 SPU 身份，SKU 保持各自父档与主单位 (19.039834ms)
✔ TMF半成品SKU按SPU→潘通色号→颜色→花型生成，长度和端头不进入SKU (0.250583ms)
(node:58096) ExperimentalWarning: localStorage is not available because --localstorage-file was not provided.
(Use `node --trace-warnings ...` to show where the warning was created)
✔ TMF发布采用链：技术包发布门禁→审核发布→启用→生产单采用→生成织带加工需求 (1580.605542ms)
✔ TMF发布门禁：含织带截断工序但规格未补齐的采用版本不能发布 (414.028125ms)
✔ 正式生产路线只关联相邻同BOM同SKU的染色→印花，不生成数量或修改来源 (1.01225ms)
✔ 跨单/版本/工序/用途/SKU/单位、缺工厂与已有其他接收单都不能接续 (0.251416ms)
✔ 印花连续辅料仅接同版本同BOM的直接截断节点，不修改SKU和数量 (0.667ms)
✔ 染色来源已绑定印花时拒绝直接截断，不读取不存在的顶层字段 (0.242125ms)
✔ TMF V1 原型范围、工厂身份和现场默认参数已冻结 (0.735875ms)
✔ TMF 风险动作默认要求主管与二次确认，采购行身份不可丢失 (0.06225ms)
[PMS_IDB_LOAD_FAILED] { message: '当前浏览器不支持 IndexedDB,PMS 业务数据无法持久化。' }
[PMS_IDB_UNAVAILABLE] put 跳过,数据仅保留在内存 { store: 'pmsMaterialPurchaseOrderDeltas', key: 'CGF-2026-0007' }
[PMS_IDB_UNAVAILABLE] put 跳过,数据仅保留在内存 { store: 'pmsMaterialPurchaseOrderDeltas', key: 'CGF-2026-0009' }
[PMS_IDB_UNAVAILABLE] put 跳过,数据仅保留在内存 { store: 'pmsMaterialPurchaseOrderDeltas', key: 'CGF-2026-0009' }
{"scenario":"N02","scope":"业务动作主链含纱线重量账；含端头辅材采购实收；不含PCS发布采用页面、纱线采购上游","purchaseReceived":1300,"productionReceived":1000,"warehouseContinuousM":30,"netCutM":1260,"lossM":10,"headUnit":"个","headReceived":2020,"headRemaining":15}
[PMS_IDB_UNAVAILABLE] put 跳过,数据仅保留在内存 { store: 'pmsMaterialPurchaseOrderDeltas', key: 'CGF-2026-0010' }
[PMS_IDB_UNAVAILABLE] put 跳过,数据仅保留在内存 { store: 'pmsMaterialPurchaseOrderDeltas', key: 'CGF-2026-0010' }
{"scenario":"N03","scope":"业务动作主链含纱线重量账；含端头辅材采购实收；不含PCS发布采用页面、纱线采购上游","purchaseReceived":60,"productionReceived":100,"warehouseContinuousM":9,"netCutM":50,"lossM":1,"headUnit":"个","headReceived":202,"headRemaining":1}
[PMS_IDB_UNAVAILABLE] put 跳过,数据仅保留在内存 { store: 'pmsMaterialPurchaseOrderDeltas', key: 'CGF-2026-0011' }
[PMS_IDB_UNAVAILABLE] put 跳过,数据仅保留在内存 { store: 'pmsMaterialPurchaseOrderDeltas', key: 'CGF-2026-0011' }
{"scenario":"N04","scope":"业务动作主链含纱线重量账；含端头辅材采购实收；不含PCS发布采用页面、纱线采购上游","purchaseReceived":100,"productionReceived":50,"warehouseContinuousM":34,"netCutM":65,"lossM":1,"headUnit":"kg","headReceived":0.2,"headRemaining":0.04}
[PMS_IDB_UNAVAILABLE] put 跳过,数据仅保留在内存 { store: 'pmsMaterialPurchaseOrderDeltas', key: 'CGF-2026-0012' }
[PMS_IDB_UNAVAILABLE] put 跳过,数据仅保留在内存 { store: 'pmsMaterialPurchaseOrderDeltas', key: 'CGF-2026-0012' }
{"scenario":"B06","scope":"规范数量动作链；塑料头从仓库实收事实开始，补购基础生产未虚构纱线配方；不代表全部页面验收","continuous":9,"productionReceived":1000,"scrapped":100,"scrappedMeters":120,"loss":11,"metalRemaining":15,"plasticRemaining":2}
{"scenario":"N05","mergedBatch":"FULL-N05-MERGED","purchaseReceivedM":120,"mergedIssuedM":102,"mergedProducedPieces":200,"productionReceivedByOrder":[100,100],"warehouseContinuousM":19,"lossM":1,"returnedM":1}
{"scenario":"B17","mergedBatch":"FULL-B17-MERGED","purchaseReceivedM":120,"mergedIssuedM":102,"mergedProducedPieces":200,"productionReceivedByOrder":[100,100],"warehouseContinuousM":19,"lossM":1,"returnedM":1}
{"scenario":"N01","rawReceivedKg":12,"consumedKg":10,"returnedKg":1,"factoryRemainingKg":1,"semiFinishedReceivedM":1000}
{"scenario":"N02","rawReceivedKg":12,"consumedKg":10,"returnedKg":1,"factoryRemainingKg":1,"semiFinishedReceivedM":1300}
{"scenario":"N03","rawReceivedKg":12,"consumedKg":10,"returnedKg":1,"factoryRemainingKg":1,"semiFinishedReceivedM":60}
{"scenario":"N04","rawReceivedKg":12,"consumedKg":10,"returnedKg":1,"factoryRemainingKg":1,"semiFinishedReceivedM":100}
{"scenario":"N05","rawReceivedKg":12,"consumedKg":10,"returnedKg":1,"factoryRemainingKg":1,"semiFinishedReceivedM":120}
{"scenario":"PRINTBACK-source-fixture","nativePrint":{"inputM":650,"outputM":630,"lossM":20,"outputImage":"MISSING_BLOCKED"},"sourceDispatched":630,"actualReceived":630,"cutMeters":620,"lossMeters":2,"returnedMeters":8,"baseLeftMeters":350,"scope":"原生印花650→630已独立重放；下游630米交出仍为专项夹具，不替代缺图正式交出或N01完整上游"}
{"scenario":"B09-downstream-recovery","basePhysicalM":350,"otherReservedM":350,"baseAvailableM":0,"processedReturnM":8,"productionPieces":[400,600],"scope":"含实际占用失败、释放、发料及印花回料后全链；原生印染20米损耗未执行，不是完整B09通过"}
{"scenario":"B05-cut-recovery","received":[400,600],"frozenPieces":10,"frozenLengthMm":500,"continuous":2.5,"cutLoss":2.5,"upstreamScope":"印花630米已交出为外部专项夹具，不冒充原生印染20米损耗或全N01"}
(node:58099) ExperimentalWarning: localStorage is not available because --localstorage-file was not provided.
(Use `node --trace-warnings ...` to show where the warning was created)
✔ N01～N05：通过现有 PMS 入口下达，每条采购链从零执行到仓库实收；交出不提前增加库存 (23.532083ms)
✔ 半成品加工没有原料实收和足量耗用时禁止产出，补齐同一原料链后才能填报 (4.602208ms)
✔ MOCK-007：规范场景使用同一采购行、基础单和生产需求身份，不复制孤立页面 Mock (3.532584ms)
✔ MOCK-009：重置只重载隔离的运行态，不清除用户浏览器数据 (0.703167ms)
✔ B01/B03：短收保留在途和采购缺口；重复扫描、生成和刷新不双记 (1.544125ms)
✔ B02/B04：多收、错 SKU、错仓和无权限动作不改变任意下游数量；恢复后正常收齐 (1.57625ms)
✔ OVR-001～003：超产与超收须主管二次确认，计划不扩、幂等且下游一致 (2.650583ms)
✔ MASTER-001～003/005：采购与端头采购映射原型内建主档，缺失阻断且身份稳定 (3.692167ms)
✔ MASTER-004：映射前历史记录保留原快照与未映射标记，不批量改写 (0.273042ms)
✔ TERM-001～005：取消后终止处置台逐项决定，未处置不得结案且数量对账守恒 (9.8205ms)
✔ 终止连续余料：实物余量只扣一次报废，拒绝超量且剩余数量可继续处置 (6.338166ms)
✔ GAP-TERM-004：上游未收与生产在途分别确认去向，不可重复登记 (0.683042ms)
✔ DYE-001～003：染色直交织带厂按实际交出分配实收，追溯原染色单且不重复扣料 (436.049709ms)
✔ 采购追加：未开始同步计划，已执行保留原计划和实物并处理变更 (5.612167ms)
✔ B21：保存失败不报成功、不留部分库存；成功后刷新读取同一采购和收货事实 (1.572125ms)
✔ 采购→两种规格截断→拆包回仓→分配发料→生产实收：短收保留缺口，库存及采购不双记 (22.063875ms)
✔ B09：其他需求占用400米时不能再占650；释放50后恢复，错误发料不改变库存 (5.634208ms)
✔ 需求来源：同尺码不同成衣SKU分别保留，BOM适用范围生效，错误快照和重复工序阻断 (0.430167ms)
✔ 待打头条料不计合格产出；超公差实物记不良且照实扣下料当量，未实收不可截断 (35.340584ms)
✔ N04：采购100米→单端硅胶按kg实耗→回仓发料→生产实收50根，连续料剩34米 (29.162208ms)
✔ B15：截断后取消保留1000根在制和1260米当量，释放未发占用并只退连续余料 (25.368416ms)
✔ 已回仓部分发料后取消：释放未发分配，冻结实存，已发在途保留且实收不恢复需求 (21.111375ms)
✔ N02规范数值：采购→实际加工→生产实收及米料/辅材退仓整链 (81.925792ms)
✔ N03规范数值：采购→实际加工→生产实收及米料/辅材退仓整链 (67.679ms)
✔ N04规范数值：采购→实际加工→生产实收及米料/辅材退仓整链 (70.172166ms)
✔ B06规范恢复：误装100根报废→补购100米并补做→生产实收1000根，三套实物账守恒 (143.607375ms)
✔ N05合并批：120米采购→102米合并投入→两生产单各实收100，B17独立副本拆100为40+60 (100.964667ms)
✔ B17合并批：120米采购→102米合并投入→两生产单各实收100，B17独立副本拆100为40+60 (108.780208ms)
✔ N01～N05基础原料重量账：源仓实收→发出→工厂实收→耗用/余料→原仓实收，与米制产出独立 (239.756291ms)
✔ 主生产单暂停/取消直接限制织带执行，已发实收保留且取消处置释放未发占用 (69.71225ms)
✔ 冷启动及旧标签页均读取已保存主单限制，损坏来源不默许执行 (0.312875ms)
✔ 印花交出按两种长度分配，原单分次实收唯一记账，随后截断/回仓/领料守恒 (383.549458ms)
✔ 主单离页保存保留其他页取消及新增单，同单并发编辑和存储失败不覆盖 (2.898333ms)
✔ 技术包换版后旧规格冻结，已交出的仓库及生产在途可实收且不改旧长度 (64.801708ms)
✔ 未发料换版释放旧占用，新需求从备料至生产实收，旧预览和已执行重算阻断 (107.254792ms)
✔ 已加工换版：旧200条冻结并释放未发分配，新550/700mm需求实收1000条，旧预览失效且库存守恒 (127.096625ms)
✔ B05实际410/590错配：短条余量冻结，连续余料8米补10条700mm至两规格生产实收 (216.989292ms)
✔ 加工计划时间独立保存：明确时区、并发版本阻断、实际节点不倒推开完工且库存不变 (30.335292ms)
✔ 加工单费用按技术包需求计价：单位、币种和版本可追溯，库存与实收不被费用动作改变 (19.514ms)
✔ 织带加工单没有接单或开工门禁，投入实收后可直接加工填报 (52.880125ms)
✔ B23未执行采购1000减900：版本留痕、旧预览阻断、重新确认接受后900实际生产实收 (53.290833ms)
✔ B24实收1000退100：仓库交出与TMF分次实收独立，原收保留且净900后减量 (89.170583ms)
✔ 采购取消门禁：无执行事实可取消，已收货或已生产必须先处置不能直接结案 (49.268042ms)
[PMS_IDB_LOAD_FAILED] { message: '当前浏览器不支持 IndexedDB,PMS 业务数据无法持久化。' }
[PMS_IDB_UNAVAILABLE] put 跳过,数据仅保留在内存 { store: 'pmsMaterialPurchaseOrderDeltas', key: 'CGF-2026-0007' }
[PMS_IDB_LOAD_FAILED] { message: '当前浏览器不支持 IndexedDB,PMS 业务数据无法持久化。' }
[PMS_IDB_LOAD_FAILED] { message: '当前浏览器不支持 IndexedDB,PMS 业务数据无法持久化。' }
[PMS_IDB_LOAD_FAILED] { message: '当前浏览器不支持 IndexedDB,PMS 业务数据无法持久化。' }
[PMS_IDB_UNAVAILABLE] put 跳过,数据仅保留在内存 { store: 'pmsMaterialPurchaseOrderDeltas', key: 'CGF-2026-0007' }
[PMS_IDB_UNAVAILABLE] put 跳过,数据仅保留在内存 { store: 'pmsMaterialPurchaseOrderDeltas', key: 'CGF-2026-0007' }
[PMS_IDB_UNAVAILABLE] put 跳过,数据仅保留在内存 { store: 'pmsMaterialPurchaseOrderDeltas', key: 'CGF-2026-0007' }
[PMS_IDB_LOAD_FAILED] { message: '当前浏览器不支持 IndexedDB,PMS 业务数据无法持久化。' }
[PMS_IDB_LOAD_FAILED] { message: '当前浏览器不支持 IndexedDB,PMS 业务数据无法持久化。' }
[PMS_IDB_LOAD_FAILED] { message: '当前浏览器不支持 IndexedDB,PMS 业务数据无法持久化。' }
✔ PMS采购实际仓库实收与原料库存一次保存；分批、刷新、原料使用和退回均不重复履约 (151.5055ms)
✔ 历史手工到货及不支持的单位不能直接变成投入料可用库存 (0.485667ms)
✔ 首次实收前供应商确认与关闭可刷新恢复，保存失败和损坏存储不会覆盖状态 (0.80975ms)
✔ N01采用路线按染色→印花关联原单，多尺码不重复列工序，不修改印染数量 (2.117375ms)
✔ 旧版本、错误SKU、码制单位、取消或变更待处理均不作为有效关联 (0.480292ms)
✔ 同号不同生产单或BOM不得关联，重复来源不静默选择，混合快照阻断 (0.467208ms)
✔ 编辑器按尺码保留规格，截断打头不新建SKU，重复保存沿用节点身份 (2.990458ms)
✔ 无印染要求时 TMF 路线只生成截断节点，不凭空生成染色或印花节点 (0.183208ms)
✔ 前序印染产出SKU作为截断投入；保留独立橡筋工艺，移除打头后下游连接截断 (0.418542ms)
✔ 未明确打头、错误辅料BOM、无半成品和不合法前序不能生成可执行路线 (0.158375ms)
(node:58103) ExperimentalWarning: localStorage is not available because --localstorage-file was not provided.
(Use `node --trace-warnings ...` to show where the warning was created)
✔ N01：400 条 50CM 和 600 条 70CM 分行计算，共 620 米；未增加 SKU (1.220084ms)
✔ 缺少尺码数量、非整数条数、公差或测量条件时不猜测需求 (0.3005ms)
✔ B07：未选择打头、缺少端头方式或辅材不能确认；支持两端不同端头 (0.239083ms)
✔ N04/B08：硅胶按重量且必须有覆盖长度，不作为独立金属头计数 (0.088ms)
✔ B18：打头只能承接对应截断条料，不能换 SKU、换长度或重新领连续料 (0.236584ms)
✔ N05：规格相同可以合并，但尺码、用途和需求身份不靠物理规格键代替 (0.085584ms)
✔ B14：修改后续版本端头要求不能污染生产单历史快照 (1.756333ms)
✔ 发布门禁：含织带截断工序的技术包必须规格完整且规格仍关联当前 BOM (0.429584ms)
(node:58104) ExperimentalWarning: localStorage is not available because --localstorage-file was not provided.
(Use `node --trace-warnings ...` to show where the warning was created)
✔ 已提交新周期可由真实袋档案进入历史，错误袋和未知周期仍拒绝 (1.098042ms)
(node:58105) ExperimentalWarning: localStorage is not available because --localstorage-file was not provided.
(Use `node --trace-warnings ...` to show where the warning was created)
✔ REPLACEMENT_FABRIC 已绑定有效同生产单任务保留归属，不按部位裁片SKU消除 (21.211542ms)
✔ REPLACEMENT_FABRIC 未绑定票不猜任务，可由用户明确同批加入 (7.105333ms)
✔ REPLACEMENT_FABRIC old-factory 旧绑定不可作为当前任务沿用 (6.746125ms)
✔ REPLACEMENT_FABRIC other-order 旧绑定不可作为当前任务沿用 (6.284375ms)
✔ BINDING_STRIP 已绑定有效同生产单任务保留归属，不按部位裁片SKU消除 (6.274708ms)
✔ BINDING_STRIP 未绑定票不猜任务，可由用户明确同批加入 (8.588541ms)
✔ BINDING_STRIP old-factory 旧绑定不可作为当前任务沿用 (5.813125ms)
✔ BINDING_STRIP other-order 旧绑定不可作为当前任务沿用 (5.447042ms)
ℹ tests 724
ℹ suites 0
ℹ pass 724
ℹ fail 0
ℹ cancelled 0
ℹ skipped 0
ℹ todo 0
ℹ duration_ms 16006.194292
vite v6.4.3 building for production...
transforming...
✓ 2736 modules transformed.
Circular chunk: pcs-tech-pack-review -> pcs-tech-pack-bootstrap -> pcs-tech-pack-review. Consider disabling the "output.onlyExplicitManualChunks" option, as enabling it causes the static dependencies of the manual chunk "pcs-tech-pack-bootstrap" to be bundled into the chunk "pcs-tech-pack-review".
rendering chunks...
[plugin vite:reporter] 
(!) /Users/laoer/.codex/worktrees/9ec5/higoods/src/data/fcs/cut-piece-release.ts is dynamically imported by /Users/laoer/.codex/worktrees/9ec5/higoods/src/data/fcs/cutting/cut-piece-ticket-validity.ts, /Users/laoer/.codex/worktrees/9ec5/higoods/src/data/fcs/cutting/cut-piece-ticket-validity.ts, /Users/laoer/.codex/worktrees/9ec5/higoods/src/data/fcs/cutting/cutting-event-repository.ts, /Users/laoer/.codex/worktrees/9ec5/higoods/src/data/fcs/cutting/cutting-event-repository.ts, /Users/laoer/.codex/worktrees/9ec5/higoods/src/data/fcs/production-context-actions.ts but also statically imported by /Users/laoer/.codex/worktrees/9ec5/higoods/src/data/fcs/runtime-process-tasks.ts, /Users/laoer/.codex/worktrees/9ec5/higoods/src/data/fcs/sewing-assignment-readiness.ts, /Users/laoer/.codex/worktrees/9ec5/higoods/src/data/fcs/sewing-production-order-duration.ts, /Users/laoer/.codex/worktrees/9ec5/higoods/src/pages/fcs/material-prep/sewing.ts, /Users/laoer/.codex/worktrees/9ec5/higoods/src/pages/process-factory/cutting/cut-order-release-integration.ts, /Users/laoer/.codex/worktrees/9ec5/higoods/src/pages/process-factory/cutting/cut-piece-release.ts, /Users/laoer/.codex/worktrees/9ec5/higoods/src/pages/process-factory/cutting/cutting-daily-production-report-model.ts, /Users/laoer/.codex/worktrees/9ec5/higoods/src/pages/process-factory/cutting/supplement-management.ts, /Users/laoer/.codex/worktrees/9ec5/higoods/src/pages/sewing-outsourcing/tasks.ts, /Users/laoer/.codex/worktrees/9ec5/higoods/src/pages/unified-dispatch-workbench.ts, dynamic import will not move module into another chunk.

[plugin vite:reporter] 
(!) /Users/laoer/.codex/worktrees/9ec5/higoods/src/components/production-object-floating-entry.ts is dynamically imported by /Users/laoer/.codex/worktrees/9ec5/higoods/src/main.ts but also statically imported by /Users/laoer/.codex/worktrees/9ec5/higoods/src/components/shell.ts, dynamic import will not move module into another chunk.

[plugin vite:reporter] 
(!) /Users/laoer/.codex/worktrees/9ec5/higoods/src/data/fcs/printing-task-domain.ts is dynamically imported by /Users/laoer/.codex/worktrees/9ec5/higoods/src/data/fcs/dyeing-task-domain.ts, /Users/laoer/.codex/worktrees/9ec5/higoods/src/data/fcs/tmf-upstream-process-orders.ts, /Users/laoer/.codex/worktrees/9ec5/higoods/src/data/pms/tmf-material-purchases.ts, /Users/laoer/.codex/worktrees/9ec5/higoods/src/pages/process-factory/accessory/webbing/work-order-detail.ts, /Users/laoer/.codex/worktrees/9ec5/higoods/src/pages/process-factory/accessory/webbing/work-order-detail.ts but also statically imported by /Users/laoer/.codex/worktrees/9ec5/higoods/src/data/fcs/cutting/material-prep.ts, /Users/laoer/.codex/worktrees/9ec5/higoods/src/data/fcs/cutting/supplement-node-facts.ts, /Users/laoer/.codex/worktrees/9ec5/higoods/src/data/fcs/design-revision-material-transfer.ts, /Users/laoer/.codex/worktrees/9ec5/higoods/src/data/fcs/design-revision-process-work-order-adapter.ts, /Users/laoer/.codex/worktrees/9ec5/higoods/src/data/fcs/factory-receiving-links.ts, /Users/laoer/.codex/worktrees/9ec5/higoods/src/data/fcs/factory-receiving-source-sync.ts, /Users/laoer/.codex/worktrees/9ec5/higoods/src/data/fcs/mobile-execution-task-index.ts, /Users/laoer/.codex/worktrees/9ec5/higoods/src/data/fcs/pda-start-link.ts, /Users/laoer/.codex/worktrees/9ec5/higoods/src/data/fcs/printing-factory-demos.ts, /Users/laoer/.codex/worktrees/9ec5/higoods/src/data/fcs/printing-material-receipts.ts, /Users/laoer/.codex/worktrees/9ec5/higoods/src/data/fcs/printing-statistics.ts, /Users/laoer/.codex/worktrees/9ec5/higoods/src/data/fcs/printing-warehouse-view.ts, /Users/laoer/.codex/worktrees/9ec5/higoods/src/data/fcs/printing-work-order-business.ts, /Users/laoer/.codex/worktrees/9ec5/higoods/src/data/fcs/process-action-writeback-service.ts, /Users/laoer/.codex/worktrees/9ec5/higoods/src/data/fcs/process-execution-writeback.ts, /Users/laoer/.codex/worktrees/9ec5/higoods/src/data/fcs/process-mobile-task-binding.ts, /Users/laoer/.codex/worktrees/9ec5/higoods/src/data/fcs/process-warehouse-linkage-service.ts, /Users/laoer/.codex/worktrees/9ec5/higoods/src/data/fcs/process-web-status-actions.ts, /Users/laoer/.codex/worktrees/9ec5/higoods/src/data/fcs/process-work-order-domain.ts, /Users/laoer/.codex/worktrees/9ec5/higoods/src/data/fcs/process-work-order-generation-service.ts, /Users/laoer/.codex/worktrees/9ec5/higoods/src/data/fcs/production-demand-early-process-work-orders.ts, /Users/laoer/.codex/worktrees/9ec5/higoods/src/data/fcs/production-object-overview.ts, /Users/laoer/.codex/worktrees/9ec5/higoods/src/data/fcs/production-process-work-order-service.ts, /Users/laoer/.codex/worktrees/9ec5/higoods/src/data/fcs/production-task-breakdown.ts, /Users/laoer/.codex/worktrees/9ec5/higoods/src/data/fcs/task-print-cards.ts, /Users/laoer/.codex/worktrees/9ec5/higoods/src/pages/pcs-independent-sampling.ts, /Users/laoer/.codex/worktrees/9ec5/higoods/src/pages/pda-exec-detail.ts, /Users/laoer/.codex/worktrees/9ec5/higoods/src/pages/pda-exec.ts, /Users/laoer/.codex/worktrees/9ec5/higoods/src/pages/pda-task-receive.ts, /Users/laoer/.codex/worktrees/9ec5/higoods/src/pages/print/templates/printing-work-order-template.ts, /Users/laoer/.codex/worktrees/9ec5/higoods/src/pages/process-factory/cutting/production-order-overview-projection.ts, /Users/laoer/.codex/worktrees/9ec5/higoods/src/pages/process-factory/dyeing/pending-receipts.ts, /Users/laoer/.codex/worktrees/9ec5/higoods/src/pages/process-factory/printing/dashboards.ts, /Users/laoer/.codex/worktrees/9ec5/higoods/src/pages/process-factory/printing/dialogs.ts, /Users/laoer/.codex/worktrees/9ec5/higoods/src/pages/process-factory/printing/dispatch.ts, /Users/laoer/.codex/worktrees/9ec5/higoods/src/pages/process-factory/printing/events.ts, /Users/laoer/.codex/worktrees/9ec5/higoods/src/pages/process-factory/printing/presentation.ts, /Users/laoer/.codex/worktrees/9ec5/higoods/src/pages/process-factory/printing/shared.ts, /Users/laoer/.codex/worktrees/9ec5/higoods/src/pages/process-factory/printing/statistics.ts, /Users/laoer/.codex/worktrees/9ec5/higoods/src/pages/process-factory/printing/work-order-detail.ts, /Users/laoer/.codex/worktrees/9ec5/higoods/src/pages/process-print-orders.ts, /Users/laoer/.codex/worktrees/9ec5/higoods/src/pages/process-work-orders/early-process-management.ts, /Users/laoer/.codex/worktrees/9ec5/higoods/src/pages/production/demand-domain.ts, /Users/laoer/.codex/worktrees/9ec5/higoods/src/runtime/fcs/cutting/pickup-management-runtime.ts, dynamic import will not move module into another chunk.

computing gzip size...
dist/index.html                                                          12.61 kB │ gzip:   3.08 kB
dist/assets/pcs-pattern-parse.worker-B3_rAVMB.js                         18.52 kB
dist/assets/pcs-record-baseline-BWpImHil.json                         4,125.30 kB │ gzip: 226.59 kB
dist/assets/order-pages-BLg6Ma6N.css                                     85.42 kB │ gzip:  15.73 kB
dist/assets/index-DIT6Kke5.css                                          155.27 kB │ gzip:  25.49 kB
dist/assets/domain-snapshot-CWUJukgc.js                                   0.34 kB │ gzip:   0.26 kB
dist/assets/sample-warehouse-projection-A5BpWSXq.js                       0.39 kB │ gzip:   0.26 kB
dist/assets/pcs-engineering-bom-snapshot-source-DlXUWD87.js               0.41 kB │ gzip:   0.30 kB
dist/assets/real-qr-placeholder-CKA4YXlP.js                               0.52 kB │ gzip:   0.35 kB
dist/assets/pcs-record-bootstrap-DDgiX1Kc.js                              0.56 kB │ gzip:   0.45 kB
dist/assets/dialogs-e9X-ak2W.js                                           0.59 kB │ gzip:   0.31 kB
dist/assets/design-revision-pcs-command-LJK54H8s.js                       0.68 kB │ gzip:   0.38 kB
dist/assets/pcs-storage-error-D2ucxlT-.js                                 0.71 kB │ gzip:   0.52 kB
dist/assets/badge-DbUQOZoe.js                                             0.78 kB │ gzip:   0.42 kB
dist/assets/images-Q79qfJD0.js                                            0.80 kB │ gzip:   0.35 kB
dist/assets/pms-export-CRZxW7LK.js                                        0.83 kB │ gzip:   0.50 kB
dist/assets/placeholder-Db96AsYD.js                                       0.85 kB │ gzip:   0.47 kB
dist/assets/pda-cutting-save-B8sf9V77.js                                  0.89 kB │ gzip:   0.60 kB
dist/assets/trace-CABPJH4F.js                                             0.89 kB │ gzip:   0.51 kB
dist/assets/execution-prep-projection-helpers-BbRIXJNZ.js                 0.94 kB │ gzip:   0.46 kB
dist/assets/history-Dp5kYeoj.js                                           0.94 kB │ gzip:   0.61 kB
dist/assets/payment-sync-CQ3pZCxD.js                                      0.97 kB │ gzip:   0.62 kB
dist/assets/tmf-reference-images-6geKcU1B.js                              0.98 kB │ gzip:   0.50 kB
dist/assets/print-service-CyrwQfQw.js                                     1.04 kB │ gzip:   0.52 kB
dist/assets/pda-sewing-self-return-mode-CVT5AEl1.js                       1.07 kB │ gzip:   0.54 kB
dist/assets/process-work-order-generation-service-D-xHFzRx.js             1.07 kB │ gzip:   0.65 kB
dist/assets/detail.adapter-CLnr86vp.js                                    1.08 kB │ gzip:   0.68 kB
dist/assets/material-purchase-references-x6F7iNud.js                      1.10 kB │ gzip:   0.57 kB
dist/assets/routes-los-BFsKE69y.js                                        1.14 kB │ gzip:   0.54 kB
dist/assets/dyeing-material-receipts-C-t9qBsU.js                          1.14 kB │ gzip:   0.75 kB
dist/assets/pda-runtime-COf9j5J2.js                                       1.21 kB │ gzip:   0.66 kB
dist/assets/tech-pack-DGucMn5e.js                                         1.28 kB │ gzip:   0.59 kB
dist/assets/overview-Czl6MUpI.js                                          1.29 kB │ gzip:   0.71 kB
dist/assets/process-work-order-source-view-BwFfPQAf.js                    1.30 kB │ gzip:   0.58 kB
dist/assets/transfer-bag-handover-mock-BKGygiBX.js                        1.31 kB │ gzip:   0.71 kB
dist/assets/pcs-tech-pack-review-notification-repository-CaDiuxMI.js      1.34 kB │ gzip:   0.59 kB
dist/assets/replacement-fabric-scan-qf4WRxJ7.js                           1.34 kB │ gzip:   0.82 kB
dist/assets/work-order-action-policy-B_htTkaE.js                          1.34 kB │ gzip:   0.68 kB
dist/assets/real-qr-CPyuFUed.js                                           1.39 kB │ gzip:   0.80 kB
dist/assets/filter-bar-Ba0risiZ.js                                        1.49 kB │ gzip:   0.81 kB
dist/assets/factory-types-DbcizYGx.js                                     1.52 kB │ gzip:   0.65 kB
dist/assets/material-identity-xTXrZ7OI.js                                 1.54 kB │ gzip:   0.84 kB
dist/assets/supplement-material-prep-demand-registry-DI-N3DvB.js          1.56 kB │ gzip:   0.75 kB
dist/assets/task-handover-domain-BOCL9giZ.js                              1.57 kB │ gzip:   0.76 kB
dist/assets/pda-cutting-wait-handover-actions-BIfLQIr3.js                 1.58 kB │ gzip:   0.62 kB
dist/assets/warehouse-shared-DiZpv1z5.js                                  1.58 kB │ gzip:   0.51 kB
dist/assets/pcs-material-handoff-p9gGjTu7.js                              1.65 kB │ gzip:   0.80 kB
dist/assets/task-chain-pages-adapter-EEsKyg9B.js                          1.71 kB │ gzip:   0.84 kB
dist/assets/pcs-tech-pack-version-log-repository-DfALltrg.js              1.73 kB │ gzip:   0.79 kB
dist/assets/real-barcode-BHpCtURR.js                                      1.81 kB │ gzip:   0.96 kB
dist/assets/tmf-upstream-receiving-D4mj3-Y8.js                            1.82 kB │ gzip:   1.14 kB
dist/assets/fei-tickets-storage-7KaIHPKx.js                               1.85 kB │ gzip:   0.58 kB
dist/assets/list-export-D1HKuwCw.js                                       1.86 kB │ gzip:   1.09 kB
dist/assets/toast-BXUvgm0t.js                                             1.87 kB │ gzip:   0.90 kB
dist/assets/wool-pda-scan-BlIxVS-w.js                                     1.88 kB │ gzip:   1.03 kB
dist/assets/mixed-transfer-bag-ticket-DETTPWFm.js                         1.89 kB │ gzip:   0.79 kB
dist/assets/kol-goto-fixed-total-ledger-CeM2EroZ.js                       1.93 kB │ gzip:   0.93 kB
dist/assets/table-DkUvzy2A.js                                             2.04 kB │ gzip:   1.02 kB
dist/assets/pcs-action-dialog-BDH5t3S9.js                                 2.09 kB │ gzip:   1.07 kB
dist/assets/binding-process-pda-scan-BVvh014o.js                          2.18 kB │ gzip:   1.13 kB
dist/assets/special-craft-pda-scope-C_5dsnoi.js                           2.24 kB │ gzip:   1.02 kB
dist/assets/cutting-record-identity-CtTd0WGy.js                           2.26 kB │ gzip:   1.23 kB
dist/assets/cutting-file-maintenance-RI3Y4uN7.js                          2.33 kB │ gzip:   1.23 kB
dist/assets/helpers-BFKa6pUf.js                                           2.42 kB │ gzip:   1.21 kB
dist/assets/production-order-tech-pack-runtime-DCRbDgWP.js                2.44 kB │ gzip:   0.94 kB
dist/assets/mixed-bag-contents-B55vmPms.js                                2.52 kB │ gzip:   1.35 kB
dist/assets/tmf-work-order-view-CPHJfu7_.js                               2.56 kB │ gzip:   1.18 kB
dist/assets/production-context-recovery-BrHw_rxs.js                       2.56 kB │ gzip:   1.30 kB
dist/assets/factory-capacity-profile-mock-Dv5YtZGT.js                     2.64 kB │ gzip:   1.15 kB
dist/assets/pms-excel-import-DnMCWv6B.js                                  2.66 kB │ gzip:   1.32 kB
dist/assets/shared-mroQS0Hu.js                                            2.70 kB │ gzip:   1.02 kB
dist/assets/process-order-list-presentation-uk1TIisc.js                   2.71 kB │ gzip:   1.26 kB
dist/assets/post-finishing-spu-technical-parameters-CBcivKCG.js           2.79 kB │ gzip:   1.28 kB
dist/assets/marker-plan-projection-CJzWRMcc.js                            2.82 kB │ gzip:   1.22 kB
dist/assets/process-order-task-relations-DLJeAct1.js                      2.97 kB │ gzip:   1.29 kB
dist/assets/product-skus-CEt6Fukj.js                                      3.03 kB │ gzip:   0.96 kB
dist/assets/production-order-identity-D7zqNCGE.js                         3.04 kB │ gzip:   1.26 kB
dist/assets/tabs--aCvt7MO.js                                              3.09 kB │ gzip:   0.93 kB
dist/assets/dialogs-8o_NiK7Z.js                                           3.12 kB │ gzip:   1.28 kB
dist/assets/pda-cutting-runtime-action-inputs-Bb95KMrm.js                 3.13 kB │ gzip:   1.08 kB
dist/assets/trade-subjects-B1U82DIE.js                                    3.16 kB │ gzip:   1.12 kB
dist/assets/cutting-mainline-C1xSGnQ_.js                                  3.41 kB │ gzip:   1.53 kB
dist/assets/authorization-code-tiAZaK1J.js                                3.58 kB │ gzip:   1.72 kB
dist/assets/work-order-detail-i-MXDL8F.js                                 3.61 kB │ gzip:   1.52 kB
dist/assets/binding-process-warehouse-linkage-service-BvDqp-QR.js         3.62 kB │ gzip:   1.38 kB
dist/assets/fcs-route-links-CdIu8Xoq.js                                   3.67 kB │ gzip:   1.20 kB
dist/assets/printing-sheet-preview-BKfoFfoe.js                            3.69 kB │ gzip:   1.75 kB
dist/assets/shared-BeTcLdpO.js                                            3.72 kB │ gzip:   1.69 kB
dist/assets/confirmation-print-Bn6LoEvl.js                                3.73 kB │ gzip:   1.58 kB
dist/assets/quality-chain-adapter-DTSaqdRY.js                             3.73 kB │ gzip:   1.66 kB
dist/assets/shared-CuTZ2DPC.js                                            3.87 kB │ gzip:   1.62 kB
dist/assets/task-route-card-K2XIE-_J.js                                   3.99 kB │ gzip:   1.73 kB
dist/assets/sewing-outsourcing-demo-DYlUPAlQ.js                           4.05 kB │ gzip:   1.63 kB
dist/assets/task-delivery-card-NE2zEIR_.js                                4.05 kB │ gzip:   1.81 kB
dist/assets/tipping-form-BKsKx4jF.js                                      4.07 kB │ gzip:   2.02 kB
dist/assets/pcs-product-reference-check-BB-taXuX.js                       4.07 kB │ gzip:   1.69 kB
dist/assets/transfer-bag-repack-mock-cKNNHX9-.js                          4.09 kB │ gzip:   1.89 kB
dist/assets/production-contract-print-BVwSEUjg.js                         4.11 kB │ gzip:   2.09 kB
dist/assets/transit-simple-lists-DBBt3mpC.js                              4.17 kB │ gzip:   1.47 kB
dist/assets/pda-cutting-simple-cut-piece-handover-BBfDDf75.js             4.29 kB │ gzip:   1.93 kB
dist/assets/supplement-order-registry-CHnc7juB.js                         4.49 kB │ gzip:   1.76 kB
dist/assets/tmf-process-print-preview-B5o2SeO7.js                         4.59 kB │ gzip:   2.16 kB
dist/assets/form-DxtyRl7u.js                                              4.74 kB │ gzip:   1.40 kB
dist/assets/layout.helpers-B2KW1-EU.js                                    4.76 kB │ gzip:   1.73 kB
dist/assets/runtime-task-tenders-YGz6fHpq.js                              4.76 kB │ gzip:   1.94 kB
dist/assets/preparation-material-receipt-sources-CVA6wuJo.js              4.76 kB │ gzip:   1.99 kB
dist/assets/relations-DhGLdoCD.js                                         4.80 kB │ gzip:   2.19 kB
dist/assets/sewing-outsourcing-responsibility-SakJQzxl.js                 4.82 kB │ gzip:   2.10 kB
dist/assets/transit-dashboard-W6OaHLYi.js                                 4.85 kB │ gzip:   2.04 kB
dist/assets/result-list-C2IlLuku.js                                       4.94 kB │ gzip:   2.06 kB
dist/assets/store-domain-dispatch-process-DBQsRe0Y.js                     5.00 kB │ gzip:   1.94 kB
dist/assets/progress-board-BdcnpKN2.js                                    5.01 kB │ gzip:   2.21 kB
dist/assets/process-order-list-controller-CpX_nLyt.js                     5.09 kB │ gzip:   1.90 kB
dist/assets/cutting-event-migration-BRB9lpYQ.js                           5.18 kB │ gzip:   2.07 kB
dist/assets/generated-cut-release-BCBCLVRy.js                             5.23 kB │ gzip:   2.35 kB
dist/assets/material-requirements-CoWk9wNn.js                             5.27 kB │ gzip:   2.24 kB
dist/assets/tmf-upstream-process-orders-DwHocWMG.js                       5.28 kB │ gzip:   2.45 kB
dist/assets/process-work-order-quality-settlement-CDt23p8J.js             5.33 kB │ gzip:   2.20 kB
dist/assets/replacement-fabric-fei-tickets-DtBUNgLC.js                    5.63 kB │ gzip:   2.48 kB
dist/assets/tmf-process-continuation-B3hoPFRr.js                          5.66 kB │ gzip:   1.62 kB
dist/assets/dispatch-task-sheet-DPRbWvtV.js                               5.72 kB │ gzip:   2.71 kB
dist/assets/pcs-product-information-DrdFThGg.js                           5.79 kB │ gzip:   2.64 kB
dist/assets/dashboards-B9Ajh041.js                                        5.79 kB │ gzip:   2.74 kB
dist/assets/process-order-three-axis-view-_B-Q7KPd.js                     5.85 kB │ gzip:   2.36 kB
dist/assets/wls-page-handlers-Db0vDf3A.js                                 5.86 kB │ gzip:   2.09 kB
dist/assets/retired-cut-piece-pickup-history-C3wCtonr.js                  5.87 kB │ gzip:   2.37 kB
dist/assets/replacement-fabric-label-template-pnYKz7cZ.js                 5.89 kB │ gzip:   2.61 kB
dist/assets/pda-cutting-nav-context-DG1_Zcoc.js                           5.95 kB │ gzip:   1.41 kB
dist/assets/los-live-room-master-BiFJafTS.js                              5.97 kB │ gzip:   2.66 kB
dist/assets/transfer-bags-projection-B3W4dNHI.js                          6.05 kB │ gzip:   2.38 kB
dist/assets/replacement-fabric-preview-gEkBjVXR.js                        6.05 kB │ gzip:   2.86 kB
dist/assets/fcs-pda-pickup-dispute-CQoJkg3e.js                            6.18 kB │ gzip:   2.19 kB
dist/assets/pda-wool-warehouse-flows-DxhX7a3c.js                          6.23 kB │ gzip:   3.06 kB
dist/assets/warehouse-standard-eSA47dX6.js                                6.30 kB │ gzip:   2.10 kB
dist/assets/fact-view-yXu8kUff.js                                         6.35 kB │ gzip:   2.11 kB
dist/assets/transfer-bag-goods-label-BW9jITJe.js                          6.46 kB │ gzip:   2.65 kB
dist/assets/production-contract-center-fwo8lVmy.js                        6.62 kB │ gzip:   2.83 kB
dist/assets/sewing-outsourcing-supplement-tracking-CSWvhxA3.js            6.63 kB │ gzip:   2.89 kB
dist/assets/workbench-C9048Xr7.js                                         6.63 kB │ gzip:   2.68 kB
dist/assets/cutting-task-routing-DNfP-8FH.js                              6.65 kB │ gzip:   2.38 kB
dist/assets/factory-receiving-links-2c7fEzlg.js                           6.74 kB │ gzip:   2.72 kB
dist/assets/printing-work-order-template-CRp5VR9s.js                      6.77 kB │ gzip:   3.16 kB
dist/assets/routes-pda-Cun1Da3T.js                                        6.85 kB │ gzip:   2.59 kB
dist/assets/production-contract-master-template-B957I2uc.js               6.85 kB │ gzip:   2.74 kB
dist/assets/shared-tpfWaTch.js                                            6.86 kB │ gzip:   2.53 kB
dist/assets/routes-pcs-COZkGtWJ.js                                        6.90 kB │ gzip:   1.85 kB
dist/assets/data-management-CgCnpXnt.js                                   7.00 kB │ gzip:   2.56 kB
dist/assets/material-handover-FkbSF9iA.js                                 7.06 kB │ gzip:   2.77 kB
dist/assets/stock-seed-Cj8lLuwm.js                                        7.11 kB │ gzip:   2.44 kB
dist/assets/dye-work-order-times-w7U4XCtx.js                              7.22 kB │ gzip:   2.55 kB
dist/assets/overview.helpers-BP2F5Yu8.js                                  7.36 kB │ gzip:   2.88 kB
dist/assets/pcs-channel-legacy-conversion-Dg3I_fD9.js                     7.40 kB │ gzip:   3.19 kB
dist/assets/shared-BsmIJLb9.js                                            7.43 kB │ gzip:   2.60 kB
dist/assets/settlement-flow-boundaries-DbkSNas3.js                        7.43 kB │ gzip:   2.53 kB
dist/assets/pcs-testing-order-create-Bd8v-Kou.js                          7.51 kB │ gzip:   2.93 kB
dist/assets/production-craft-dict-XhlR8UsB.js                             7.51 kB │ gzip:   2.82 kB
dist/assets/transit-warehouse-CGN4xIMS.js                                 7.54 kB │ gzip:   2.13 kB
dist/assets/craft-actions-C8aekrDQ.js                                     7.55 kB │ gzip:   3.38 kB
dist/assets/pcs-sample-label-D58GyZuO.js                                  7.68 kB │ gzip:   3.48 kB
dist/assets/supplement-node-facts-mByPryyW.js                             7.76 kB │ gzip:   2.84 kB
dist/assets/sewing-outsourcing-return-tracking-wNf0hBDU.js                7.91 kB │ gzip:   2.96 kB
dist/assets/tmf-process-sheet-template-DctbgapE.js                        8.00 kB │ gzip:   3.80 kB
dist/assets/pda-transfer-bag-detail-BZAI_RkE.js                           8.06 kB │ gzip:   3.02 kB
dist/assets/statistics-BYJ8AhsS.js                                        8.07 kB │ gzip:   2.64 kB
dist/assets/progress-exception-lifecycle-BJx0gSBY.js                      8.09 kB │ gzip:   2.70 kB
dist/assets/supplier-supply-archives-Bid-xGw5.js                          8.13 kB │ gzip:   2.60 kB
dist/assets/production-contracts-BM4HwhWR.js                              8.14 kB │ gzip:   2.78 kB
dist/assets/pda-notify-0MCLuvEG.js                                        8.35 kB │ gzip:   3.12 kB
dist/assets/milestone-configs-BpuPvxzH.js                                 8.41 kB │ gzip:   2.94 kB
dist/assets/pcs-testing-order-list-DG4kuBOw.js                            8.51 kB │ gzip:   3.30 kB
dist/assets/material-process-plans-BR2sWVC6.js                            8.66 kB │ gzip:   3.49 kB
dist/assets/pre-settlement-ledger-repository-C3OR1LVa.js                  8.84 kB │ gzip:   3.03 kB
dist/assets/pcs-pattern-library-config-fVvIWy_o.js                        8.84 kB │ gzip:   2.42 kB
dist/assets/pda-cutting-shared-X22Qmn-X.js                                8.87 kB │ gzip:   2.72 kB
dist/assets/navigation-context-5GcHOdSg.js                                8.87 kB │ gzip:   2.46 kB
dist/assets/warehouses-CSFYi5tN.js                                        8.89 kB │ gzip:   2.11 kB
dist/assets/bom-templates-DU5ymuIu.js                                     8.90 kB │ gzip:   3.70 kB
dist/assets/pda-cutting-execution-unit-DzDLMBiC.js                        9.06 kB │ gzip:   3.44 kB
dist/assets/machine-associations-D5Uf4VQF.js                              9.16 kB │ gzip:   3.11 kB
dist/assets/fei-ticket-numbering-CrkWfgrv.js                              9.21 kB │ gzip:   3.23 kB
dist/assets/pda-notify-detail-VOpTyp9m.js                                 9.24 kB │ gzip:   3.07 kB
dist/assets/pda-execution-ofwTKLgr.js                                     9.30 kB │ gzip:   3.69 kB
dist/assets/pda-cutting-fei-ticket-numbering-BCvBqQkG.js                  9.31 kB │ gzip:   3.21 kB
dist/assets/handover-records-BtROVAum.js                                  9.35 kB │ gzip:   3.55 kB
dist/assets/workbench-Bc0v9R0V.js                                         9.38 kB │ gzip:   3.86 kB
dist/assets/pda-warehouse-CkCwEJC4.js                                     9.43 kB │ gzip:   3.74 kB
dist/assets/mobile-B7lfqNdB.js                                            9.53 kB │ gzip:   3.08 kB
dist/assets/sewing-pickup-slips-DS670KP0.js                               9.65 kB │ gzip:   3.63 kB
dist/assets/dye-work-order-online-domain-BSPonAXG.js                      9.78 kB │ gzip:   3.65 kB
dist/assets/routes-pms-FYVPiWrF.js                                        9.80 kB │ gzip:   2.52 kB
dist/assets/production-receipts-BD4AHby8.js                               9.81 kB │ gzip:   3.95 kB
dist/assets/pda-cutting-transfer-bag-recovery-DPHyO8Rp.js                 9.88 kB │ gzip:   4.03 kB
dist/assets/pending-receipts-DZ_nK6jO.js                                  9.91 kB │ gzip:   4.09 kB
dist/assets/continuous-stock-T4T5so6y.js                                 10.09 kB │ gzip:   4.11 kB
dist/assets/statistics-BrJK6fV7.js                                       10.10 kB │ gzip:   4.39 kB
dist/assets/trade-subjects-C5VGxBXq.js                                   10.26 kB │ gzip:   3.73 kB
dist/assets/pda-cutting-transfer-bag-scrap-Bub5x13N.js                   10.26 kB │ gzip:   4.17 kB
dist/assets/production-return-fulfillment-BIHmz4GT.js                    10.50 kB │ gzip:   4.00 kB
dist/assets/bom-templates-ChqjVeph.js                                    10.52 kB │ gzip:   2.48 kB
dist/assets/settings-BewMYZx0.js                                         10.73 kB │ gzip:   3.24 kB
dist/assets/product-skus-DTO3pjls.js                                     10.74 kB │ gzip:   4.14 kB
dist/assets/yarn-shipments-CNBwaYQF.js                                   10.74 kB │ gzip:   4.84 kB
dist/assets/list-Bopnol6F.js                                             10.77 kB │ gzip:   3.76 kB
dist/assets/transit-receipts-UWsGRawV.js                                 10.99 kB │ gzip:   4.02 kB
dist/assets/production-context-actions-BjTY5Gsa.js                       11.14 kB │ gzip:   3.95 kB
dist/assets/cutting-event-repository-KPSxb8u4.js                         11.21 kB │ gzip:   4.75 kB
dist/assets/presentation-BVyeZeuV.js                                     11.25 kB │ gzip:   4.64 kB
dist/assets/design-revision-pcs-storage-D2ozVRMd.js                      11.28 kB │ gzip:   4.27 kB
dist/assets/pda-exec-link-Se1sOHIk.js                                    11.31 kB │ gzip:   3.68 kB
dist/assets/material-prep-CQIHAFg0.js                                    11.39 kB │ gzip:   2.68 kB
dist/assets/dyeing-warehouse-view-BhBMZzDx.js                            11.49 kB │ gzip:   3.95 kB
dist/assets/pcs-engineering-preparation-projection-Cxzv9xMo.js           11.49 kB │ gzip:   4.26 kB
dist/assets/pda-login-CGaSl7Uf.js                                        11.65 kB │ gzip:   4.51 kB
dist/assets/warehouses-ChPV03vz.js                                       11.74 kB │ gzip:   4.23 kB
dist/assets/purchase-suggestions-CVpQLmRu.js                             11.87 kB │ gzip:   3.70 kB
dist/assets/material-transfers-Cw4I_FJd.js                               11.99 kB │ gzip:   4.21 kB
dist/assets/task-breakdown-CVVk-scf.js                                   12.16 kB │ gzip:   4.52 kB
dist/assets/pickup-management-runtime-DVHiy-Ka.js                        12.25 kB │ gzip:   4.73 kB
dist/assets/task-execution-adapter-CVlfV-v3.js                           12.26 kB │ gzip:   3.69 kB
dist/assets/process-statistics-domain-BE2U4yDl.js                        12.33 kB │ gzip:   4.03 kB
dist/assets/pms-handlers-M1zmonJj.js                                     12.54 kB │ gzip:   2.88 kB
dist/assets/context-Dw8qn3YI.js                                          13.02 kB │ gzip:   4.59 kB
dist/assets/cutting-record-repository-BDMITKRk.js                        13.04 kB │ gzip:   4.66 kB
dist/assets/meta-DqPRPSX8.js                                             13.16 kB │ gzip:   2.95 kB
dist/assets/handover-records-B4yGTlEr.js                                 13.18 kB │ gzip:   4.14 kB
dist/assets/replacement-fabric-repository-BlLATPYM.js                    13.25 kB │ gzip:   5.40 kB
dist/assets/handover-print-C8yeUG_k.js                                   13.53 kB │ gzip:   4.95 kB
dist/assets/pda-start-link-D1UB8Szj.js                                   13.62 kB │ gzip:   4.81 kB
dist/assets/inventory-monitor-rqURVK4E.js                                13.66 kB │ gzip:   4.78 kB
dist/assets/bom-detail-eAr-Ek6h.js                                       13.69 kB │ gzip:   4.97 kB
dist/assets/returns-BlBKAOcJ.js                                          13.84 kB │ gzip:   5.12 kB
dist/assets/wls-finished-inbound-DX_fulS4.js                             13.92 kB │ gzip:   5.31 kB
dist/assets/tmf-base-demo-CSQDWgO8.js                                    13.92 kB │ gzip:   5.02 kB
dist/assets/work-orders-NahFp3cY.js                                      13.99 kB │ gzip:   5.18 kB
dist/assets/wls-inbound-CyNR0SKU.js                                      14.05 kB │ gzip:   5.47 kB
dist/assets/cut-piece-return-warehouse-BVSMCN2s.js                       14.20 kB │ gzip:   5.08 kB
dist/assets/idb-storage-DYscBY_v.js                                      14.27 kB │ gzip:   5.28 kB
dist/assets/pcs-technical-data-tech-pack-list-BQAli-0K.js                14.30 kB │ gzip:   4.92 kB
dist/assets/supplements-vIw8upWR.js                                      14.34 kB │ gzip:   5.23 kB
dist/assets/mobile-execution-task-index-CjqO8Uui.js                      14.41 kB │ gzip:   3.87 kB
dist/assets/post-finishing-qc-print-template-HQ5dq_Jj.js                 14.50 kB │ gzip:   4.47 kB
dist/assets/work-orders-DTin1X0L.js                                      14.55 kB │ gzip:   4.95 kB
dist/assets/printing-sheet-template-C3OiprkI.js                          14.58 kB │ gzip:   5.05 kB
dist/assets/manual-fei-tickets-S7zJ7aOH.js                               14.69 kB │ gzip:   5.02 kB
dist/assets/work-orders-DlchaEYH.js                                      14.75 kB │ gzip:   4.78 kB
dist/assets/work-order-detail-BTxkQ5j3.js                                14.84 kB │ gzip:   4.76 kB
dist/assets/dispatch-task-sheet-template-CI9miYFC.js                     15.05 kB │ gzip:   6.00 kB
dist/assets/responsibility-transfers-CJd4wXHr.js                         15.10 kB │ gzip:   5.73 kB
dist/assets/workbench-CcS38Eeq.js                                        15.76 kB │ gzip:   4.79 kB
dist/assets/cut-order-supplement-fixture-BWLxRESi.js                     15.96 kB │ gzip:   4.83 kB
dist/assets/outbound-orders-BT0DXfsJ.js                                  16.05 kB │ gzip:   5.21 kB
dist/assets/process-web-status-actions-wlAGhy9s.js                       16.08 kB │ gzip:   4.30 kB
dist/assets/pcs-handlers-BHox9Tk5.js                                     16.18 kB │ gzip:   4.07 kB
dist/assets/handover-ledger-view-CPeUXj68.js                             16.19 kB │ gzip:   4.46 kB
dist/assets/garment-spu-replacement-Cg0xgKHf.js                          16.40 kB │ gzip:   5.03 kB
dist/assets/reports-C7S-peqy.js                                          16.48 kB │ gzip:   4.26 kB
dist/assets/machines-DOM6cins.js                                         16.51 kB │ gzip:   5.50 kB
dist/assets/full-flow-print-BfTQRgpS.js                                  16.60 kB │ gzip:   5.54 kB
dist/assets/payment-requests-Cp7LYnwV.js                                 16.74 kB │ gzip:   5.49 kB
dist/assets/progress-handover-order-ClinQge3.js                          16.86 kB │ gzip:   5.02 kB
dist/assets/wls-garment-relabel-tasks-2vVtxiKW.js                        16.91 kB │ gzip:   5.59 kB
dist/assets/cut-order-release-integration-arQEGR6a.js                    17.07 kB │ gzip:   6.11 kB
dist/assets/cutting-runtime-event-ledger-Di-G5Dbv.js                     17.12 kB │ gzip:   5.92 kB
dist/assets/dispatch-acceptance-sla-Beaf93ZK.js                          17.15 kB │ gzip:   5.13 kB
dist/assets/sewing-cut-piece-return-workflow-CEafk4Hp.js                 17.21 kB │ gzip:   6.09 kB
dist/assets/part-ticket-records-B3tY-e4b.js                              17.36 kB │ gzip:   6.46 kB
dist/assets/pda-cutting-task-detail-BwSIRtsz.js                          17.37 kB │ gzip:   6.14 kB
dist/assets/product-purchase-orders-DIMg_xft.js                          17.42 kB │ gzip:   5.22 kB
dist/assets/production-confirmation-D5Hn_oo7.js                          17.43 kB │ gzip:   5.94 kB
dist/assets/marker-spreading-projection-BjPTjr2S.js                      17.50 kB │ gzip:   5.54 kB
dist/assets/output-stock-CTJUAmM7.js                                     17.52 kB │ gzip:   6.59 kB
dist/assets/material-requirements-D89SPaok.js                            17.55 kB │ gzip:   5.99 kB
dist/assets/sewing-cut-piece-responsibility-CgL5y-Q2.js                  17.63 kB │ gzip:   5.30 kB
dist/assets/pda-sewing-self-return-DGW1KTY-.js                           17.68 kB │ gzip:   5.98 kB
dist/assets/simple-cut-piece-handover-fixtures-B47nl_oL.js               17.74 kB │ gzip:   6.05 kB
dist/assets/progress-cutting-detail-DcTNSnLJ.js                          17.80 kB │ gzip:   4.51 kB
dist/assets/bom-detail-DVtMomy6.js                                       17.90 kB │ gzip:   5.78 kB
dist/assets/supplier-confirmations-ZWDP2_x2.js                           17.94 kB │ gzip:   5.32 kB
dist/assets/purchase-demands-DzTsxOa7.js                                 18.07 kB │ gzip:   5.81 kB
dist/assets/suppliers-DOxcttzm.js                                        18.16 kB │ gzip:   5.27 kB
dist/assets/store-domain-pda-Bl4jkAiC.js                                 18.21 kB │ gzip:   6.41 kB
dist/assets/pda-notify-due-soon-D9No21cY.js                              18.41 kB │ gzip:   6.28 kB
dist/assets/process-mobile-task-binding-81sGujQO.js                      18.56 kB │ gzip:   6.49 kB
dist/assets/tasks-bluvl30c.js                                            18.57 kB │ gzip:   6.89 kB
dist/assets/platform-process-result-view-BjIlhuAX.js                     18.64 kB │ gzip:   5.38 kB
dist/assets/store-domain-statement-source-adapter-DwBIYaVu.js            18.71 kB │ gzip:   5.37 kB
dist/assets/generated-cut-orders-DQm_8Q2Y.js                             18.72 kB │ gzip:   5.62 kB
dist/assets/sewing-outsourcing-workbench-y6PvVK8p.js                     18.76 kB │ gzip:   6.52 kB
dist/assets/supplier-supply-archives-B-WxVVWs.js                         18.90 kB │ gzip:   5.79 kB
dist/assets/materials-DQo18LQz.js                                        18.93 kB │ gzip:   4.79 kB
dist/assets/pda-warehouse-shared-Bi_Fcz0l.js                             18.95 kB │ gzip:   5.69 kB
dist/assets/warehouse-CoMaIUn2.js                                        19.11 kB │ gzip:   6.12 kB
dist/assets/production-demand-early-process-work-orders-DJ4BtK4X.js      19.13 kB │ gzip:   5.74 kB
dist/assets/events-BM2NpqxQ.js                                           19.21 kB │ gzip:   7.47 kB
dist/assets/platform.adapter-SVWTkypI.js                                 19.25 kB │ gzip:   6.09 kB
dist/assets/kol-goto-pda-domain-BiVKrdjL.js                              19.33 kB │ gzip:   6.58 kB
dist/assets/shared-CagxbRJK.js                                           19.43 kB │ gzip:   5.25 kB
dist/assets/units-BpiDHqEO.js                                            19.73 kB │ gzip:   5.89 kB
dist/assets/post-finishing-current-read-model-7XX2eIKt.js                19.77 kB │ gzip:   5.53 kB
dist/assets/stage-display-Ui-XJDEH.js                                    19.84 kB │ gzip:   7.01 kB
dist/assets/factory-sample-verification-flow-DB_aoRbg.js                 19.86 kB │ gzip:   4.87 kB
dist/assets/adjustments-B5BKanrk.js                                      19.94 kB │ gzip:   6.19 kB
dist/assets/pda-warehouse-inbound-records-BKHq4S_l.js                    20.11 kB │ gzip:   5.84 kB
dist/assets/index-BaGg26nb.js                                            20.21 kB │ gzip:   5.22 kB
dist/assets/audit-records-Da-3c_6g.js                                    20.35 kB │ gzip:   6.64 kB
dist/assets/process-water-soluble-orders-D6yJkSOS.js                     20.49 kB │ gzip:   6.42 kB
dist/assets/material-process-plans-CkAH9EDz.js                           20.52 kB │ gzip:   7.57 kB
dist/assets/pda-warehouse-outbound-records-BwuCGBNj.js                   20.61 kB │ gzip:   6.07 kB
dist/assets/overview.adapter-Bw1z7c-8.js                                 20.65 kB │ gzip:   6.53 kB
dist/assets/task-orders-jFTHdBKn.js                                      20.83 kB │ gzip:   7.17 kB
dist/assets/pcs-engineering-tech-pack-workspace-JEbpFl7Y.js              21.00 kB │ gzip:   7.29 kB
dist/assets/shared-seed-CGi2rQR7.js                                      21.01 kB │ gzip:   6.23 kB
dist/assets/material-purchase-tracking-D8yIejn4.js                       21.11 kB │ gzip:   6.69 kB
dist/assets/events-Csyk7KwU.js                                           21.17 kB │ gzip:   6.55 kB
dist/assets/order-list-columns-CEgmHqDp.js                               21.20 kB │ gzip:   6.63 kB
dist/assets/los-live-rooms-D-OFpVBc.js                                   21.23 kB │ gzip:   7.67 kB
dist/assets/pcs-testing-order-detail-BuRIUHYa.js                         21.30 kB │ gzip:   6.21 kB
dist/assets/pcs-engineering-master-view-model-CnaMce0K.js                21.39 kB │ gzip:   7.29 kB
dist/assets/suppliers-CVFQtn9q.js                                        21.68 kB │ gzip:   6.93 kB
dist/assets/tmf-domain-shared-CsnEeaO8.js                                21.88 kB │ gzip:   8.26 kB
dist/assets/routes-wls-Bu5aFEv6.js                                       22.31 kB │ gzip:   7.24 kB
dist/assets/deduction-analysis-CQU-PuAB.js                               22.40 kB │ gzip:   6.54 kB
dist/assets/fei-ticket-numbering-BZNgqw9e.js                             22.45 kB │ gzip:   6.47 kB
dist/assets/warehouse-location-map-model-BMzRpnZd.js                     22.51 kB │ gzip:   7.14 kB
dist/assets/subject-operations-BbeGW9f6.js                               22.61 kB │ gzip:   7.02 kB
dist/assets/tasks-Bicl_zay.js                                            22.80 kB │ gzip:   7.28 kB
dist/assets/progress-statistics-linkage-BgxMrj17.js                      22.86 kB │ gzip:   6.54 kB
dist/assets/work-order-detail-BfrhWzA-.js                                22.92 kB │ gzip:   7.37 kB
dist/assets/cut-piece-handover-B-i6jCmd.js                               22.98 kB │ gzip:   7.43 kB
dist/assets/qc-workbench-BYEcgvsg.js                                     23.03 kB │ gzip:   7.18 kB
dist/assets/recheck-orders-CzceRlA2.js                                   23.18 kB │ gzip:   7.34 kB
dist/assets/cut-piece-returns-E7xmPkmR.js                                23.31 kB │ gzip:   7.20 kB
dist/assets/purchase-suggestions-DA8sqjlS.js                             23.40 kB │ gzip:   7.33 kB
dist/assets/material-issue-ztdO_SsK.js                                   23.80 kB │ gzip:   5.92 kB
dist/assets/progress-cutting-overview-pF8G3RaK.js                        23.83 kB │ gzip:   5.72 kB
dist/assets/dye-work-order-online-view-DVOnKBGB.js                       24.15 kB │ gzip:   8.21 kB
dist/assets/quality-deduction-selectors-CBB7G-Ii.js                      24.26 kB │ gzip:   6.28 kB
dist/assets/production-order-duration-CpUPyBLj.js                        24.27 kB │ gzip:   9.26 kB
dist/assets/production-context-records-Y_U_6KRX.js                       24.40 kB │ gzip:   8.62 kB
dist/assets/material-statements-DOHIiD7G.js                              24.45 kB │ gzip:   6.73 kB
dist/assets/print-preview-BinulQ1t.js                                    24.57 kB │ gzip:   8.24 kB
dist/assets/process-order-task-links-DyZSbRfA.js                         24.68 kB │ gzip:   6.86 kB
dist/assets/retired-process-history-CJUukX0u.js                          24.75 kB │ gzip:   6.41 kB
dist/assets/dialogs-ClrUVZkB.js                                          24.86 kB │ gzip:   6.14 kB
dist/assets/material-preparation-SbLtVEvC.js                             25.21 kB │ gzip:   8.79 kB
dist/assets/fcs-production-tech-pack-snapshot-BtfMRXa-.js                25.35 kB │ gzip:   6.47 kB
dist/assets/kol-demands-QzFnFxr9.js                                      25.43 kB │ gzip:   7.39 kB
dist/assets/wls-fabric-demand-board-DSn4QL3I.js                          25.47 kB │ gzip:   6.83 kB
dist/assets/reconciliations-DJMGfknb.js                                  25.55 kB │ gzip:   6.83 kB
dist/assets/machine-associations-DAYjMb49.js                             25.62 kB │ gzip:   7.75 kB
dist/assets/process-print-orders-qxyG8Ypd.js                             25.74 kB │ gzip:   8.55 kB
dist/assets/process-dye-orders-PLJRlmx0.js                               25.91 kB │ gzip:   8.63 kB
dist/assets/qc-orders-BnvcIUfD.js                                        25.94 kB │ gzip:   8.28 kB
dist/assets/pda-handlers-C83Al7e7.js                                     26.67 kB │ gzip:   6.41 kB
dist/assets/marker-spreading-utils-Djz6Dajs.js                           26.71 kB │ gzip:   7.82 kB
dist/assets/simple-cut-piece-handover-ui-BoPisHD9.js                     27.01 kB │ gzip:  10.08 kB
dist/assets/warehouse-location-map-BqOg8e_9.js                           27.06 kB │ gzip:   7.08 kB
dist/assets/pcs-config-workspace-repository-C3U7DRiW.js                  27.14 kB │ gzip:  10.27 kB
dist/assets/pda-warehouse-wait-handover-Ggqqgr_j.js                      27.57 kB │ gzip:   7.15 kB
dist/assets/progress-milestone-config-Cxp_p-w4.js                        27.59 kB │ gzip:   6.15 kB
dist/assets/pcs-pattern-library-detail-y3p6ubgq.js                       27.67 kB │ gzip:   6.59 kB
dist/assets/pda-wool-fact-execution-B4O55a81.js                          28.02 kB │ gzip:   9.35 kB
dist/assets/third-party-factory-rating-D9a-b8--.js                       28.13 kB │ gzip:   8.05 kB
dist/assets/print-styles-BjQBw8jj.js                                     28.31 kB │ gzip:   4.01 kB
dist/assets/sample-approval-suggestions-DwOwTRhX.js                      28.32 kB │ gzip:   8.87 kB
dist/assets/factory-status-CaaHgi3C.js                                   28.43 kB │ gzip:   6.02 kB
dist/assets/source-document-detail-Bjdu4-Jl.js                           28.45 kB │ gzip:  10.53 kB
dist/assets/sample-warehouse-C7kFiels.js                                 28.47 kB │ gzip:   7.34 kB
dist/assets/marker-plan-source-model-D562NYbe.js                         28.93 kB │ gzip:   8.49 kB
dist/assets/pcs-engineering-master-list-DyaDbtlx.js                      28.95 kB │ gzip:  10.09 kB
dist/assets/commands-BfkqAJp2.js                                         29.05 kB │ gzip:   8.24 kB
dist/assets/pcs-engineering-master-detail-BqtgNHH-.js                    29.30 kB │ gzip:   8.64 kB
dist/assets/warehouse-HivAzXEn.js                                        29.79 kB │ gzip:  10.06 kB
dist/assets/logistics-reconciliations-D0j5ailP.js                        30.17 kB │ gzip:   9.32 kB
dist/assets/pcs-technical-data-CGRoN3jy.js                               30.50 kB │ gzip:   8.34 kB
dist/assets/production-order-progress-tracking-D6U0wKaY.js               30.53 kB │ gzip:  10.25 kB
dist/assets/material-reconciliations-DD8XYDTJ.js                         30.57 kB │ gzip:   9.32 kB
dist/assets/progress-cutting-exception-center-RmtTrlAx.js                30.89 kB │ gzip:   7.19 kB
dist/assets/capability-g7UUBARK.js                                       31.65 kB │ gzip:   6.69 kB
dist/assets/replacement-fabric-fei-tickets-DUXTGggR.js                   31.83 kB │ gzip:  10.92 kB
dist/assets/material-archives-DWiRSdpr.js                                31.86 kB │ gzip:   7.87 kB
dist/assets/factory-performance-D2Dyo3lp.js                              32.31 kB │ gzip:   6.74 kB
dist/assets/handover-orders-BnE0nLxY.js                                  32.46 kB │ gzip:   9.20 kB
dist/assets/dialogs-DBwWXL_x.js                                          32.71 kB │ gzip:   9.86 kB
dist/assets/task-detail-uB3WutvA.js                                      32.81 kB │ gzip:   9.72 kB
dist/assets/effective-task-assignments-CZipwHjc.js                       33.11 kB │ gzip:  11.03 kB
dist/assets/garment-spu-replacements-Jgr719d5.js                         33.13 kB │ gzip:   9.41 kB
dist/assets/process-warehouse-domain-DcmnViSX.js                         33.27 kB │ gzip:   7.61 kB
dist/assets/pcs-tech-pack-bootstrap-Cmt4mSiJ.js                          33.31 kB │ gzip:   8.49 kB
dist/assets/cut-piece-return-domain-xYaEcCR-.js                          33.41 kB │ gzip:   9.92 kB
dist/assets/store-domain-settlement-seeds-Cjhk9q6f.js                    33.72 kB │ gzip:   9.01 kB
dist/assets/pcs-pattern-library-hlGNcxRd.js                              33.73 kB │ gzip:   7.65 kB
dist/assets/warehouse-runtime-C9JJtWAm.js                                33.87 kB │ gzip:   8.69 kB
dist/assets/pda-shell-Bxke9Gs8.js                                        33.93 kB │ gzip:   9.06 kB
dist/assets/early-process-management-CzRthhHe.js                         34.61 kB │ gzip:   8.76 kB
dist/assets/dispatch-acceptance-sla-CiL7qHRA.js                          34.99 kB │ gzip:   7.90 kB
dist/assets/material-purchase-orders-agIhYJ_T.js                         35.16 kB │ gzip:  11.33 kB
dist/assets/stage-orders-dBBras-F.js                                     35.33 kB │ gzip:  10.94 kB
dist/assets/pda-post-finishing-flow-BtyvxEns.js                          35.59 kB │ gzip:   9.62 kB
dist/assets/supplier-confirmations-DdRkSrIC.js                           36.09 kB │ gzip:   9.80 kB
dist/assets/stage-order-detail-DzDyvMjK.js                               36.18 kB │ gzip:  10.69 kB
dist/assets/pda-warehouse-stocktake-CuzFjUSW.js                          36.46 kB │ gzip:   9.43 kB
dist/assets/work-orders-e_TH1F7Y.js                                      36.70 kB │ gzip:  12.40 kB
dist/assets/pending-receipts-BVKmTwhi.js                                 36.96 kB │ gzip:  11.31 kB
dist/assets/pcs-pattern-library-create-Ct7PWC9t.js                       37.00 kB │ gzip:   8.66 kB
dist/assets/material-inventory-CeR46xrN.js                               37.31 kB │ gzip:   9.26 kB
dist/assets/work-order-detail-DwhuezLH.js                                37.36 kB │ gzip:  10.36 kB
dist/assets/third-party-factory-comprehensive-assessment-BPNaGxw6.js     37.47 kB │ gzip:  11.05 kB
dist/assets/water-soluble-orders-CKGrPaZe.js                             37.54 kB │ gzip:  11.46 kB
dist/assets/pda-task-receive-detail-BRA48TO6.js                          37.61 kB │ gzip:   9.36 kB
dist/assets/work-order-detail-CyAUoVOc.js                                37.81 kB │ gzip:  10.37 kB
dist/assets/first-leg-logistics-Csf8Xdon.js                              37.92 kB │ gzip:  10.22 kB
dist/assets/product-purchase-orders-IxJWjtQa.js                          38.01 kB │ gzip:   9.33 kB
dist/assets/pcs-part-template-library-ClIjCUS6.js                        38.07 kB │ gzip:  13.44 kB
dist/assets/cutting-statistics-ab-material-DP2IYd2e.js                   38.13 kB │ gzip:   8.63 kB
dist/assets/store-domain-quality-bootstrap-BiSEnveV.js                   38.24 kB │ gzip:   5.39 kB
dist/assets/first-leg-carriers-nHgzNInA.js                               38.36 kB │ gzip:  10.26 kB
dist/assets/pda-cutting-inbound-CJTgpy-F.js                              38.91 kB │ gzip:  11.80 kB
dist/assets/special-processes-Bv3xfUtE.js                                38.95 kB │ gzip:  10.26 kB
dist/assets/pda-cutting-handover-KONKTSZV.js                             39.15 kB │ gzip:  12.02 kB
dist/assets/payment-requests-DFC1GQE3.js                                 39.27 kB │ gzip:  10.36 kB
dist/assets/pda-quality-BWKHk2pp.js                                      39.31 kB │ gzip:  10.54 kB
dist/assets/warehouse-D36T_yt8.js                                        39.73 kB │ gzip:  11.43 kB
dist/assets/semi-finished-orders-Ds1IO8Bs.js                             39.75 kB │ gzip:  12.13 kB
dist/assets/pda-cutting-transfer-bag-repack-Dw17jn9k.js                  40.25 kB │ gzip:  11.56 kB
dist/assets/first-leg-shipments-VY6VQJbO.js                              40.88 kB │ gzip:  10.25 kB
dist/assets/fcs-handlers-BCGuw1DL.js                                     42.98 kB │ gzip:  12.83 kB
dist/assets/pending-receipts-DCW4Hlok.js                                 43.47 kB │ gzip:  15.65 kB
dist/assets/label-print-template-OrF1RJAl.js                             43.47 kB │ gzip:  12.33 kB
dist/assets/lace-factory-domain-E69dJw3K.js                              44.40 kB │ gzip:  11.20 kB
dist/assets/warehouse-BIt2fb-9.js                                        44.81 kB │ gzip:  11.46 kB
dist/assets/factory-receiving-P13Y8fLg.js                                45.23 kB │ gzip:  15.39 kB
dist/assets/cutting-summary-D_wTi81C.js                                  45.89 kB │ gzip:  12.24 kB
dist/assets/engineering-file-upload-OVZqza5H.js                          46.77 kB │ gzip:  14.45 kB
dist/assets/wait-handover-runtime-DRoTMvY5.js                            47.14 kB │ gzip:  13.08 kB
dist/assets/demand-domain-BrQMrCFu.js                                    47.35 kB │ gzip:  11.00 kB
dist/assets/handover-orders-CQABdYPg.js                                  47.47 kB │ gzip:   9.30 kB
dist/assets/batches-BfPxFNSX.js                                          47.58 kB │ gzip:  10.35 kB
dist/assets/settlement-linked-mock-factory-BuGcb4gq.js                   47.83 kB │ gzip:  14.54 kB
dist/assets/warehouse-COA7escf.js                                        47.91 kB │ gzip:  11.47 kB
dist/assets/pcs-record-core-DYtvaTv8.js                                  48.27 kB │ gzip:  16.16 kB
dist/assets/dyeing-DJR7oa5C.js                                           49.16 kB │ gzip:  10.94 kB
dist/assets/printing-CclPqV85.js                                         49.17 kB │ gzip:  10.94 kB
dist/assets/other-OIS3Be8n.js                                            49.18 kB │ gzip:  10.96 kB
dist/assets/sewing-Re57mlcK.js                                           50.20 kB │ gzip:  11.28 kB
dist/assets/dispatch-tenders-x_286fXH.js                                 50.33 kB │ gzip:  13.48 kB
dist/assets/progress-material-Jviv_aW2.js                                50.42 kB │ gzip:  10.09 kB
dist/assets/pda-onboarding-DVWbedqX.js                                   50.59 kB │ gzip:  10.82 kB
dist/assets/pda-task-receive-6UjY2DJ7.js                                 50.60 kB │ gzip:  12.70 kB
dist/assets/pda-cutting-execution-source-DVImku6n.js                     50.86 kB │ gzip:  13.78 kB
dist/assets/pcs-config-workspace-Bt_cccKs.js                             51.29 kB │ gzip:  17.90 kB
dist/assets/pcs-channel-stores-CkVlg0Yg.js                               51.44 kB │ gzip:  14.99 kB
dist/assets/marker-plan-model-7hEezhyr.js                                52.14 kB │ gzip:  14.93 kB
dist/assets/work-order-detail-iZFJmv6d.js                                53.02 kB │ gzip:  16.56 kB
dist/assets/store-domain-progress-CBWPRvTg.js                            53.17 kB │ gzip:  11.82 kB
dist/assets/pda-handover-Cx-A8kBx.js                                     53.35 kB │ gzip:  14.29 kB
dist/assets/detail-domain-CHThDKpC.js                                    53.60 kB │ gzip:  11.94 kB
dist/assets/pcs-part-template-library-BR5b3ubJ.js                        53.80 kB │ gzip:  11.06 kB
dist/assets/material-purchase-orders-DXUsRjJR.js                         53.93 kB │ gzip:  16.38 kB
dist/assets/settlement-cutting-input-DX7HG8-y.js                         55.37 kB │ gzip:  11.79 kB
dist/assets/warehouse-location-map-BjDnrFXO.js                           56.96 kB │ gzip:  16.90 kB
dist/assets/marker-plan-occupancy-DWUyb0qV.js                            57.45 kB │ gzip:  16.14 kB
dist/assets/progress-urge-BwUHGR1o.js                                    58.04 kB │ gzip:  12.11 kB
dist/assets/runtime-inputs-MskThxqj.js                                   58.25 kB │ gzip:  15.74 kB
dist/assets/pda-cutting-spreading-lGavCYgQ.js                            59.79 kB │ gzip:  14.36 kB
dist/assets/wls-accessory-receipts-BQ58oLgo.js                           60.15 kB │ gzip:  15.57 kB
dist/assets/factory-profile-H6vvEFa0.js                                  61.17 kB │ gzip:  14.03 kB
dist/assets/pda-settlement-B5vNZJMm.js                                   61.99 kB │ gzip:  14.39 kB
dist/assets/pickup-management-list-h99v-O26.js                           63.27 kB │ gzip:  17.85 kB
dist/assets/cutting-BffNtt6D.js                                          64.51 kB │ gzip:  13.70 kB
dist/assets/progress-handover-vo_CI-zD.js                                65.61 kB │ gzip:  14.31 kB
dist/assets/pcs-channel-products-DH_XrQfz.js                             66.90 kB │ gzip:  22.23 kB
dist/assets/production-object-overview-BqOqF5oH.js                       67.79 kB │ gzip:  14.32 kB
dist/assets/output-documents-B0fmQ3in.js                                 68.80 kB │ gzip:  23.79 kB
dist/assets/core-i1Y1U579.js                                             69.43 kB │ gzip:  13.12 kB
dist/assets/cutting-daily-production-report-CI5IZSZO.js                  69.91 kB │ gzip:  19.81 kB
dist/assets/pda-exec-CvP8MiK2.js                                         70.05 kB │ gzip:  16.32 kB
dist/assets/context-Bp_u40pf.js                                          70.19 kB │ gzip:  21.60 kB
dist/assets/production-object-overview-B8a2Htca.js                       71.90 kB │ gzip:  16.79 kB
dist/assets/progress-exceptions-BgaoY77i.js                              72.17 kB │ gzip:  14.02 kB
dist/assets/qc-records-B2asq80g.js                                       72.92 kB │ gzip:  16.70 kB
dist/assets/pcs-product-archives-nqmZ1gSD.js                             73.32 kB │ gzip:  24.50 kB
dist/assets/pcs-engineering-tasks-DTRApbyb.js                            73.34 kB │ gzip:  17.56 kB
dist/assets/pcs-sample-management-B_JXRQPF.js                            74.25 kB │ gzip:  18.47 kB
dist/assets/factory-onboarding-W7JoGPHd.js                               75.30 kB │ gzip:  12.70 kB
dist/assets/sewing-dispatch-1drYdgMI.js                                  75.98 kB │ gzip:  19.96 kB
dist/assets/orders-domain-Dyxz4yAn.js                                    76.35 kB │ gzip:  16.91 kB
dist/assets/dialogs-Bcd4kmjB.js                                          76.54 kB │ gzip:  18.96 kB
dist/assets/settlement-BttsUA_c.js                                       76.71 kB │ gzip:  12.04 kB
dist/assets/runtime-projections-Cyk0VFJU.js                              78.06 kB │ gzip:  18.45 kB
dist/assets/process-action-writeback-service-CiHlXH6t.js                 78.29 kB │ gzip:  17.93 kB
dist/assets/transfer-bags-DtKSv0Wd.js                                    80.42 kB │ gzip:  20.97 kB
dist/assets/production-progress-B1efdVvq.js                              82.47 kB │ gzip:  21.09 kB
dist/assets/routes-fcs-D0mLKdPj.js                                       83.06 kB │ gzip:  15.63 kB
dist/assets/cut-piece-release-DlpJUpxZ.js                                83.73 kB │ gzip:  25.44 kB
dist/assets/production-fBLms1sq.js                                       85.38 kB │ gzip:  18.50 kB
dist/assets/pda-handover-detail-CRCZTNae.js                              85.49 kB │ gzip:  21.53 kB
dist/assets/pda-warehouse-wait-process-DNxzUYGC.js                       89.19 kB │ gzip:  21.85 kB
dist/assets/wait-handover-actions-CGgS147Z.js                            89.67 kB │ gzip:  22.90 kB
dist/assets/events-Cas7Fih_.js                                           90.52 kB │ gzip:  22.37 kB
dist/assets/factory-onboarding-flow-BiiF5Yiu.js                          90.64 kB │ gzip:  23.34 kB
dist/assets/production-tech-pack-change-domain-BQmgR5Gw.js               91.44 kB │ gzip:  24.08 kB
dist/assets/dispatch-b2MOVhv3.js                                         92.70 kB │ gzip:  28.26 kB
dist/assets/cut-orders-BX6wc0s9.js                                       96.50 kB │ gzip:  25.12 kB
dist/assets/cut-piece-release-DuZQ0v3Y.js                               101.29 kB │ gzip:  26.72 kB
dist/assets/post-finishing-full-flow-D54bVrvf.js                        105.33 kB │ gzip:  27.31 kB
dist/assets/index-DMrT5h5L.js                                           109.46 kB │ gzip:  39.85 kB
dist/assets/pcs-material-archive-detail-DDdcVLx8.js                     110.85 kB │ gzip:  36.86 kB
dist/assets/pcs-independent-sampling-Z_xxAq8N.js                        112.27 kB │ gzip:  31.04 kB
dist/assets/transfer-bag-return-model-CsbrV7tJ.js                       115.43 kB │ gzip:  27.31 kB
dist/assets/supplement-management-Dhfi8VDl.js                           115.81 kB │ gzip:  30.88 kB
dist/assets/statements-DSQ1d-5B.js                                      121.34 kB │ gzip:  25.19 kB
dist/assets/events-DLfmwTGK.js                                          122.94 kB │ gzip:  31.87 kB
dist/assets/unified-dispatch-workbench-BB8Ki4vC.js                      123.68 kB │ gzip:  34.82 kB
dist/assets/tmf-material-purchases-CeuIZvRL.js                          124.74 kB │ gzip:  32.47 kB
dist/assets/special-craft-task-orders-U-LaUk0q.js                       127.41 kB │ gzip:  33.79 kB
dist/assets/quality-deduction-repository-B0uzOLIT.js                    136.80 kB │ gzip:  26.67 kB
dist/assets/warehouse-hub-HKDGUGjY.js                                   142.59 kB │ gzip:  36.10 kB
dist/assets/generated-fei-tickets-B1t_OgiJ.js                           143.06 kB │ gzip:  36.24 kB
dist/assets/production-timeliness-Vff-2v5T.js                           143.73 kB │ gzip:  47.55 kB
dist/assets/preparation-timing-DhTtM2gv.js                              146.62 kB │ gzip:  34.66 kB
dist/assets/marker-plan-BcoXm50V.js                                     152.61 kB │ gzip:  36.43 kB
dist/assets/marker-spreading-Bvu6syw5.js                                156.43 kB │ gzip:  38.64 kB
dist/assets/return-inbound-BqMbgtiB.js                                  162.41 kB │ gzip:  28.13 kB
dist/assets/app-shared-Ce0GdlNc.js                                      163.18 kB │ gzip:  40.36 kB
dist/assets/transfer-bag-operations-D0O-f8AG.js                         178.59 kB │ gzip:  44.41 kB
dist/assets/fei-tickets-CGFr7aoF.js                                     185.89 kB │ gzip:  41.23 kB
dist/assets/print-template-registry-B5OoiJaG.js                         200.00 kB │ gzip:  50.91 kB
dist/assets/pcs-pattern-library-C1yQHb8Q.js                             205.34 kB │ gzip:  45.57 kB
dist/assets/index--GzcKvNw.js                                           210.12 kB │ gzip:  66.49 kB
dist/assets/index-Dm4Xv_k3.js                                           223.98 kB │ gzip:  49.48 kB
dist/assets/pda-exec-detail-TrdYze3G.js                                 250.30 kB │ gzip:  58.45 kB
dist/assets/process-tasks-DmIdBisz.js                                   275.17 kB │ gzip:  76.45 kB
dist/assets/process-domain-D78yO29G.js                                  275.82 kB │ gzip:  60.70 kB
dist/assets/production-orders-DhGO9Sl5.js                               488.92 kB │ gzip:  47.17 kB
dist/assets/pda-Di6jiJxi.js                                             505.21 kB │ gzip:  83.25 kB
dist/assets/pcs-tech-pack-review-CuiaM1IV.js                            704.22 kB │ gzip: 190.85 kB
dist/assets/material-ledger-m68wzMMl.js                                 863.52 kB │ gzip: 219.38 kB
dist/assets/production-source-shared-Bj4b3XYm.js                      1,899.17 kB │ gzip: 216.72 kB

(!) Some chunks are larger than 550 kB after minification. Consider:
- Using dynamic import() to code-split the application
- Use build.rollupOptions.output.manualChunks to improve chunking: https://rollupjs.org/configuration-options/#output-manualchunks
- Adjust chunk size limit for this warning via build.chunkSizeWarningLimit.
✓ built in 11.69s
