
> higoods-vanilla-clone@1.0.0 build
> npm run typecheck:engineering && npm test && vite build


> higoods-vanilla-clone@1.0.0 typecheck:engineering
> npm run typecheck:entrypoints && npm run typecheck:scopes


> higoods-vanilla-clone@1.0.0 typecheck:entrypoints
> tsc --project tsconfig.engineering.json


> higoods-vanilla-clone@1.0.0 typecheck:scopes
> node scripts/check-typescript-scope.mjs src/domain/ src/components/ui/ src/state/

TypeScript 全量既有错误：3
本次渐进检查范围：src/domain/、src/components/ui/、src/state/
范围内错误：0
范围外既有错误保留在全量 typecheck 中继续分批治理。

> higoods-vanilla-clone@1.0.0 test
> npm run test:unit


> higoods-vanilla-clone@1.0.0 test:unit
> node --import tsx --test tests/unit/*.test.ts

✔ 浏览器存储封装保持读写删除语义 (0.879625ms)
✔ 浏览器存储不可用或抛错时保持静默降级 (0.179084ms)
✔ ISO与旧本地文本按实际时刻排序，不按空格与T字典排序 (1.956584ms)
✔ 同一时刻不同时间表达仍按账本序号和稳定ID防重复 (13.23675ms)
(node:74568) ExperimentalWarning: localStorage is not available because --localstorage-file was not provided.
(Use `node --trace-warnings ...` to show where the warning was created)
✔ 共享分配门禁拒绝同SKU错色码或错生产单身份 (31.524792ms)
✔ 共享保存拒绝重复借同格，空身份与非法数量 (101.272042ms)
(node:74569) ExperimentalWarning: localStorage is not available because --localstorage-file was not provided.
(Use `node --trace-warnings ...` to show where the warning was created)
✔ N 道只按最终逐票实收，不累计道数或非最终回仓 (0.92075ms)
✔ 末道独有回仓、错票、错工厂、逆序回仓均不得计齐套 (0.15425ms)
✔ 真实厂间完成事实只证明前道，末道仍以实际裁床回仓为准 (0.173583ms)
✔ 前道非法实收不能被加工完成标记绕过 (0.101875ms)
✔ 实际已分配厂取代票上默认厂，多家未确认不猜厂，打印票保持原样 (0.560167ms)
✔ 直转前道须有明确工艺身份完成，最终回仓受前道实物上限约束 (0.092208ms)
✔ 零量点收保留凭据；整票不可用和未知资料不贡献 (0.108875ms)
✔ 普通未装袋票不进放行，但既有简易交出可保持；正常换袋去重 (0.136666ms)
✔ 装袋同ID错票号、超原票或无效票面不提供可交实物 (0.078083ms)
✔ 旧实收缺加工完成依据保留实物，但不计最终齐套且明确待核对 (0.15675ms)
(node:74570) ExperimentalWarning: localStorage is not available because --localstorage-file was not provided.
(Use `node --trace-warnings ...` to show where the warning was created)
✔ 冻结原票的真实仓库实收继续更新；冻结后新票进晚到队列，不冒充原产出 (15.168042ms)
✔ 放行备份/读回安全整数与逐格合计，正常零不变成未确认 (1.220667ms)
✔ 无效整票追溯与未知collection不能借备份写入 (0.197667ms)
(node:74572) ExperimentalWarning: localStorage is not available because --localstorage-file was not provided.
(Use `node --trace-warnings ...` to show where the warning was created)
✔ 列表只读余量查询满足正整数身份门禁，K100/A205显示当前风险105、占用0及余量205 (90.986709ms)
✔ 裁片放行保留唯一菜单键和地址，归属裁床仓库管理 (0.421625ms)
✔ 字母与数值尺码升序，自定义尺码保留配置顺序 (1.03375ms)
✔ 非法数量和空白保持非法，不夹取或四舍五入成另一个有效量 (0.205ms)
✔ 目标确认待保存及整票原因也受离开提醒保护，已保存目标和空白原因不误提醒 (0.256125ms)
✔ 本页导航、补料、系统与当前页签退出统一提醒，关闭其他页签和折叠菜单不误提醒 (0.356917ms)
✔ 未知自定义尺码在目标和放行矩阵明确提示待核对且保留原序，标准尺码不出现提示 (14.050875ms)
✔ 未确认与确认零放行分开，零放行不回退成目标281件 (0.151958ms)
✔ 尚未确认且齐套未知时，确认汇总中的K和R均显示待核对而非零 (5.057958ms)
✔ 目标与放行渲染为相同颜色行、尺码升序列，缺失SKU格保持不可编辑 (6.313791ms)
✔ 逐票详情保留最终回仓实收、完整顺序、袋周期、成衣色与面料色以及差异 (0.469791ms)
✔ 加工完成未回仓仍显示未最终回仓，未知工艺不展示普通免工艺依据 (0.232167ms)
✔ 跨工厂直转前道不必回裁床，最终实收80片显示已最终回仓 (0.167666ms)
✔ 最终实际点收0片保留完成事实，不显示待加工或待回仓 (0.1685ms)
✔ 历史实收有原始回仓数量但缺加工完成依据，明细保留实收且暂不计齐套 (0.169958ms)
✔ 整票更正确认同时展示票袋工艺放行分配及保留历史责任 (6.818875ms)
✔ 整票登记保存携带打开详情时的版本，旧页面不会改用后来读到的版本 (1.35125ms)
✔ 文案采用短句，目标和放行保留操作边界，整票确认保留实际后果 (7.381625ms)
✔ 具名静态演示材料使用既有真实图片，三道工艺仅按最终回仓计入 (0.863459ms)
(node:74573) ExperimentalWarning: localStorage is not available because --localstorage-file was not provided.
(Use `node --trace-warnings ...` to show where the warning was created)
✔ 连续工艺具名示例仅提供真实技术包两条未分配任务，不写事实或覆盖旧任务 (6.347625ms)
✔ 不同菲票的同一实际有序工艺链可同袋，链身份不使用每票阶段ID (1.256417ms)
✔ 同链两张菲票保留各自阶段身份并分别实收，不把第二票当第一票工艺 (237.808041ms)
✔ 连续工艺直接由实际持有厂转交下道，前道完成与最后回仓分开记账 (16.765792ms)
✔ 同袋两票连续转交按每票前道和下道身份核对，最后分别回仓 (7.756416ms)
✔ 实际任务绑定明确匹配技术包部位工艺、色码、目标对象和当前分配，不采用默认厂 (0.653292ms)
✔ 特殊工艺交出只能读取原票当前阶段与唯一实际承接任务 (0.838ms)
✔ ISO来源交出后同一分钟实际回仓保留秒与时区，不被文本格式判为早于来源 (12.319625ms)
✔ 逐票实收分别计数，更正库存仅按差额且保留原票 (14.943334ms)
✔ 未核对加工完成不得保存；历史完成未知保留实收P而不能冒充齐套 (17.776084ms)
✔ 缺逐票确认、空白、小数、超量与未说明差异都不写入 (6.787208ms)
✔ 明确零量点收保留事实，但不生成库存或后道实物 (11.19475ms)
✔ 按身份与顺序分袋，普通和不同工艺链被阻断 (0.303416ms)
✔ 无袋按票独立点收，不能重复新增或回到其他裁床工厂 (14.330084ms)
✔ 多道工艺分别保留同票阶段实收，末道不会累加前道数量 (54.117917ms)
✔ 100片已经交出后更正为90片只改依据，保留原实交责任且不反冲库存 (32.35025ms)
(node:74574) ExperimentalWarning: localStorage is not available because --localstorage-file was not provided.
(Use `node --trace-warnings ...` to show where the warning was created)
✔ 独立裁剪整任务改派保留数量和执行历史，旧有效分配失效，新范围唯一 (75.285416ms)
✔ 裁床改派回原工厂且回填同一业务日期，不复用旧票范围；普通审计不改身份 (0.144959ms)
(node:74575) ExperimentalWarning: localStorage is not available because --localstorage-file was not provided.
(Use `node --trace-warnings ...` to show where the warning was created)
✔ 交出列表省略详情路线读取时保留全部输出字段 (485.044875ms)
(node:74577) ExperimentalWarning: localStorage is not available because --localstorage-file was not provided.
(Use `node --trace-warnings ...` to show where the warning was created)
✔ MIG-001/002/006: management entry and handlers belong to FCS; PFOS keeps execution (2.197ms)
✔ MIG-003/007: prep and execution read the same early order identities, quantities and match status (919.863834ms)
✔ MIG-004/009: migrated dialogs retain candidate fields, actual material image and task outputs (1.092667ms)
✔ MIG-011: management and execution use the same seven business display columns (17.183959ms)
✔ MIG-007: early dye/print creation and cancellation survive reload (3100.984334ms)
✔ BOM working-copy write failure preserves prior state; retry succeeds (183.852375ms)
✔ existing production preparation data does not trigger demo writes on entry (1958.790583ms)
✔ rollback of an unchanged saved BOM does not perform another failing write (32.127458ms)
✔ BOM dictionary preserves old JSON and all snapshot values without mutating input (5.966416ms)
✔ BOM dictionary rejects missing references instead of replacing data silently (0.242292ms)
(node:74582) ExperimentalWarning: localStorage is not available because --localstorage-file was not provided.
(Use `node --trace-warnings ...` to show where the warning was created)
✔ PDA顶栏计数与实际完整待办相同，覆盖各任务工厂及管理员/员工角色 (2320.697417ms)
✔ 解析带标签、小数和空格的长度数量 (0.505833ms)
✔ 解析卷数并对不合法文本返回 0 (0.118125ms)
✔ 证据文件标识把连续空白收口为单个连字符 (0.164125ms)
(node:74584) ExperimentalWarning: localStorage is not available because --localstorage-file was not provided.
(Use `node --trace-warnings ...` to show where the warning was created)
✔ 设计改款可成批生成染色和印花加工单，且完整投影来源与上下游 (1213.536458ms)
✔ 设计改款加工单生成幂等，重复请求不增加单据 (66.182125ms)
✔ 同一设计改款任务的不同颜色和 BOM 行分别生成加工单 (83.655541ms)
✔ 成批提交失败时染色与印花加工单一起回滚 (21.851834ms)
✔ 设计改款来源缺关键引用或来源未知时必须阻断 (0.230334ms)
(node:74585) ExperimentalWarning: localStorage is not available because --localstorage-file was not provided.
(Use `node --trace-warnings ...` to show where the warning was created)
✔ 设计改款染后印花必须先分配印花厂，染色交出不能误送中央工厂 (382.192292ms)
✔ 仅染与仅印分别创建一张加工单和一条仓库首道调拨计划 (43.726875ms)
✔ 辅料染色单创建后已有辅料仓调拨计划，分厂时自动落实原单但不冒充实发 (22.046834ms)
✔ 历史双工艺加工单仍可追溯原有染印交接 (637.539708ms)
✔ 先染后印目标 SKU 创建两段加工单，印花只接收本行染后物料而不能跳过染色 (1748.912959ms)
✔ 单独印花 SKU 从仓库发印厂并完成样衣归档 (2201.964875ms)
✔ 印花实际交出生成中央工厂待接收原单，实收回写原交接并允许完成加工单 (840.172208ms)
✔ 专业成果没有真实附件时保持未绑定 (21.066625ms)
(node:74587) ExperimentalWarning: localStorage is not available because --localstorage-file was not provided.
(Use `node --trace-warnings ...` to show where the warning was created)
✔ 可打印不等于可建交出单，必须完成真实标签打印 (0.753916ms)
✔ 卷规格无效时不可建交出单，且不改变原可打印判定语义 (0.094417ms)
✔ 人工完成印花加工单不再自动填充操作人 (294.614917ms)
(node:74594) ExperimentalWarning: localStorage is not available because --localstorage-file was not provided.
(Use `node --trace-warnings ...` to show where the warning was created)
✔ 非 KOL PDA 导入不生成 KOL 领交料；首次 KOL 访问生成完整且幂等的演示记录 (246.564583ms)
✔ PDA 单任务读取保持普通任务、测试工厂与 KOL 任务内容和查找优先级 (3.335958ms)
(node:74595) ExperimentalWarning: localStorage is not available because --localstorage-file was not provided.
(Use `node --trace-warnings ...` to show where the warning was created)
✔ 实际唛架重复相同来源只建一次，票身份按该单颜色尺码和技术包部位定位 (1.188709ms)
✔ 重复ID不同内容不得覆盖；不同部位实例和尺寸不得合并 (0.653667ms)
✔ 跨单、错颜色、错物料、错部位和错误每件片数均阻断 (0.159875ms)
✔ 真实手动无铺布层序票可读且免层序编号，普通缺区间和伪手动来源仍阻断 (29.605542ms)
✔ 主料唛架只展开其明确部位，拼接料和口袋布各自保留，不猜未知映射 (7.472459ms)
(node:74596) ExperimentalWarning: localStorage is not available because --localstorage-file was not provided.
(Use `node --trace-warnings ...` to show where the warning was created)
✔ 可编辑的演示唛架保存后优先读取用户记录，刷新不恢复原备注和状态 (478.135041ms)
✔ 日报窗口含截止日7天，重点日均独立使用前6天 (0.535167ms)
✔ 未知采购不填0，未BOM不输出完整确定订单需求 (0.115584ms)
✔ 突变必须绝对量与比例同时达到阈值 (0.061958ms)
✔ 截止日突变示例与未完结日不判定 (0.062917ms)
✔ 共享商品按SPU去重而不按关联行累加销量 (0.096792ms)
✔ 预选不产生确定用料；BOM需求保留物料归属 (0.140791ms)
✔ 同料BOM优先于预选，不重复关系及需量 (0.128875ms)
✔ 两个业务页具有独立容器、标准分页与证据边界 (20.60675ms)
✔ 未进入物料页面时 bridge 不加载业务；加载失败重试后首次渲染即已注册 (4.172708ms)
✔ click 分组顺序、短路、选择器范围保持原行为，重新注册替换旧处理器 (0.681833ms)
✔ 备料写入守卫读取实时角色与水位，阻断时不调用业务处理器 (0.398834ms)
✔ input/change/keyboard 原入口、筛选范围和 change 优先级完整保留 (0.353958ms)
✔ health groups are exhaustive and mutually exclusive in demo (2.48ms)
✔ coverage and baseline use same inventory plus transit but distinct demand windows (0.17ms)
✔ zero demand is unavailable rather than infinity and huge finite quotient stays finite (0.306ms)
✔ date selects different consistent snapshot (0.231667ms)
✔ threshold changes alter classification without changing facts (0.182959ms)
✔ health view carries core P1 business sections and mock caveat (16.728125ms)
✔ AT16 rules do not substitute brand, size or packaging method (0.833042ms)
✔ AT24 equal priority conflict blocks resolution and identifies rules (0.685291ms)
✔ higher explicit priority resolves a lower priority overlap (0.108ms)
✔ plans distinguish garments and parcels and add loss once (0.271917ms)
✔ AT18 white pendant stock only allocated once (0.157875ms)
✔ event duplicate and old revision do not add consumption; reprints are activity only (0.224709ms)
✔ conflicting same revision fails instead of silently choosing a payload (0.118041ms)
✔ AT17/19/20 panel states unresolved ASAYA, independent kit80 and unknown ribbon (0.471583ms)
✔ trigger distinct from target, existing supply produces explainable zero (0.759333ms)
✔ missing mapping or usage and incompatible raw unit block unsafe generation (1.075708ms)
✔ generation reserves remaining once and shared raw pool across target rules (3.603625ms)
✔ production does not increase stock; actual SKU and output bound partial receipts (0.4425ms)
✔ cancelled suggestion releases commitment and raw allocation (0.192125ms)
✔ AT05 committed greige is not available for a second allocation (0.572625ms)
✔ AT06 partial receipt reduces expected supply; checking and qualified never duplicate (0.417417ms)
✔ AT07 unmapped target preserves quantities but gives no target coverage (0.1035ms)
✔ §7.2 loss reduces future supply; rejected receipts never become usable (0.067833ms)
✔ §7.3 unit/yield/route and conservation gaps block deterministic supply (0.116958ms)
✔ §7.3 candidate comparison reports remaining shortage and respects arrival deadline (0.154917ms)
✔ §7.3 zero gap stays zero and nonfinite inputs cannot produce advice (0.053541ms)
✔ panel uses owned local handlers and discloses mock and missing images (1.962ms)
✔ P2 coefficients and coverage exclude transit (11.740042ms)
✔ P2 coverage buckets have exclusive shared boundaries (1.067417ms)
✔ P2 partial receipts and completed batches count remaining only (0.158958ms)
✔ P2 latest overdue selected only if no future batch; today included (0.123667ms)
✔ P2 search transit and ETA filters compose (0.273083ms)
✔ P2 zero demand and missing BOM preserve distinct nulls; micro demand excluded (0.168209ms)
✔ P2 standard table renders and limits initial rows to first page (8.499083ms)
✔ AT01/02 internal reservation stays in coverage while external reservation is deducted (20.123875ms)
✔ AT03 quality segments are not usable (0.196667ms)
✔ AT04 partial receipt leaves remaining supply only (0.223417ms)
✔ AT08/38 late supply never erases earlier shortage (0.169625ms)
✔ AT09 intermediate deficit determines net need rather than positive closing balance (0.14425ms)
✔ AT10 MOQ and pack rounding, zero stays zero (0.134333ms)
✔ AT11 horizon begins at cutoff and is not expanded by lead time (0.212709ms)
✔ AT12 forecast covered by confirmed demand is excluded before coefficient (0.141291ms)
✔ AT13 no demand has no numeric coverage (0.120417ms)
✔ AT14 cancelling demand does not change stock (0.173625ms)
✔ AT15 latest event revision only (0.480042ms)
✔ AT16/17 directory preserves bag sizes and ASAYA duplicated input is one unresolved SKU (0.093708ms)
✔ AT18 three brands draw from one shared pool (0.127833ms)
✔ AT19/20 kit capacity respects minimum and missing conversion (0.076458ms)
✔ AT21 inactive/unusable stock remains physically visible (0.105708ms)
✔ AT23 affected order identifiers are unique (0.097334ms)
✔ AT25/26 draft does not mutate active and invalidates trial (0.064834ms)
✔ AT26/28 publish requires role and exact trial; history retained (0.2115ms)
✔ AT31 risk cannot close with remaining shortage or skip verification (0.186625ms)
✔ AT37 invalid dates, unknown timezone, bad numeric values rejected (0.095542ms)
✔ duplicate supply chain does not double count and blocks deterministic advice (0.090083ms)
✔ warehouse catalogue includes 17 locations and two garment warehouses (0.046458ms)
✔ candidate comparison retains pre-arrival risk (0.339375ms)
✔ SKU-specific policy wins and duplicate rules block publish (0.136167ms)
(node:74607) ExperimentalWarning: localStorage is not available because --localstorage-file was not provided.
(Use `node --trace-warnings ...` to show where the warning was created)
✔ 逐票与逐打印任务保持原结构，变更一条只保存一条 (1.415208ms)
✔ 草稿按原映射键保存；手工票与操作记录分离，删除票保留审计 (0.298375ms)
✔ 拒绝损坏JSON且不冒充空数据 (0.146958ms)
✔ 拒绝空字符串且不冒充空数据 (0.067416ms)
✔ 拒绝错误根且不冒充空数据 (0.055ms)
✔ 拒绝重复票号身份且不冒充空数据 (0.06075ms)
✔ 拒绝缺少票号且不冒充空数据 (0.074459ms)
✔ 拒绝错误状态且不冒充空数据 (0.049584ms)
✔ 拒绝打印关联缺失且不冒充空数据 (0.055959ms)
✔ 拒绝草稿身份缺失且不冒充空数据 (0.450917ms)
✔ 拒绝手工日志缺失且不冒充空数据 (0.124333ms)
✔ 拒绝手工二维码缺失且不冒充空数据 (0.085875ms)
✔ 已保存实体与备份身份校验，不接受伪造集合或迁移元数据 (0.917583ms)
✔ 袋账派生绑定锁，无需持久化派生票快照；关闭周转解除旧快照锁 (564.358ms)
✔ 唛架来源和铺布单逐实体保存，保留卷明细、层序及来源引用 (1.802125ms)
✔ 指定保存对象不复制重复静态唛架，也不覆盖其他已保存铺布单 (0.283333ms)
✔ 旧袋账按实体保留绑定与历史，局部动作不复制静态袋档案 (0.352834ms)
✔ 专用打印来源保留原票身份、数量、状态、袋锁及打印对象，不查询全量PDA与库存摘要 (12363.916417ms)
✔ 实际输出首打保持原身份与数量；动态与普通来源均可打印，失效来源阻断，重复首打不新增 (137.914334ms)
✔ 唛架引用读取失败明确阻断，不将迁移或读取错误伪装成空铺布来源 (2.78ms)
✔ 用户唛架方案逐ID迁移保留床次和占用，修改一张不重写其它方案 (0.503458ms)
✔ PDA及手工票专用唛架定义与原完整投影等价，保留床次、数量和可铺布资格 (667.005125ms)
✔ 裁床配料按真实生产单范围读取与全量结果逐字段相等，保留库存、领取、状态与任务链接 (536.208583ms)
✔ PDA铺布目标直接携带真实已保存铺布单的裁床与负责人，不另算整套列表 (470.014ms)
✔ 铺布投影复用唛架定义仍保留已保存session的卷明细、裁床、负责人和实际裁剪数量 (309.320125ms)
✔ 路由标准化移除 query 与 hash，但不改动路径 (0.917125ms)
✔ 只匹配路由根或其子路径，不误匹配相似前缀 (0.146417ms)
✔ 可在多个合法根路径中匹配一个 (0.084583ms)
✔ 只把完整生产确认单打印路由识别为命中 (0.121416ms)
✔ 专业任务必须全部有效明细通过且保留成果与审核事实 (1.094166ms)
✔ 纸样名称或物料关联不能替代可读取原文件 (15.897083ms)
(node:74610) ExperimentalWarning: localStorage is not available because --localstorage-file was not provided.
(Use `node --trace-warnings ...` to show where the warning was created)
✔ 目标 SKU 的四种加工组合、前序实物和 BOM Q 均按已建档字段读取 (1.691209ms)
✔ 整单总量口径保存后仍按一次总量计算，不被样衣件数重复放大 (2160.869291ms)
✔ 一张设计改款 BOM 同时有 Yard 面料和 PCS 辅料时，各行独立计量且辅料无需加工调拨 (75.333041ms)
✔ 复用既有纸样与参照 BOM 的无印染任务可直接提交样衣并自动完成；复制只生成草稿 (1761.505542ms)
✔ 批量复制保留物料、费用和样衣安排为独立可编辑草稿，不生成工作 (108.618875ms)
✔ 单页创建同时保存物料、费用与样衣要求；失败不留下空任务 (62.13025ms)
✔ 加工按物料行及实际阶段执行：纯染行与先染后印行独立串联 (238.870166ms)
✔ 旧设计任务移除线下工作和依赖，保留加工单身份、样衣成果及原始输入 (1912.931417ms)
✔ 任务汇总排除未启用，待前置只列出未完成依赖，关闭单不继续催办 (3.35525ms)
✔ 筛选覆盖关键词、状态、跟单、待办、类型、团队和日期边界，统计范围一致 (0.643ms)
✔ CSV包含全部匹配行和任务责任计划，不含操作列，特殊文字正确转义 (0.524209ms)
✔ 生产准备必须读取测款最终通过事实，保存时重新校验且失败不生成主单 (1902.517458ms)
✔ PATTERN_ARTWORK 多明细全部有效项通过才完成，同SKU不同要求不合并 (0.557666ms)
✔ COLOR_FABRIC 多明细全部有效项通过才完成，同SKU不同要求不合并 (0.078708ms)
✔ COLOR_YARN 多明细全部有效项通过才完成，同SKU不同要求不合并 (0.073667ms)
✔ 多辅料分单覆盖，第一张下单不足以完成，失效单不能提供覆盖 (0.256333ms)
✔ 专业列表业务字段查询与责任、来源、计划边界组合，未登记计划不误入日期结果 (1.324541ms)
(node:74616) ExperimentalWarning: localStorage is not available because --localstorage-file was not provided.
(Use `node --trace-warnings ...` to show where the warning was created)
✔ targeted PCS baseline reads return independent records without cloning unrelated collections (217.384958ms)
✔ PCS 前插多个新记录保留全部既有位置，重复保存不产生位置变化 (1.341958ms)
✔ PCS 单条置顶、居中插入、删除保持实际顺序且不移动其余记录 (0.136375ms)
✔ PCS 图片按款号和颜色固定，尺码不改变照片，未知对象没有随机图片 (2.693333ms)
✔ 历史 Mock 只替换登记的旧图，保留用户图片及未知款式 (0.934542ms)
✔ 后道 QC 来源 SKU 保留原身份和数量，五种颜色分别绑定对应实拍 (0.178917ms)
✔ 后道历史快照只迁移准确 SKU 的旧示意图，质检数量与用户图不变 (0.365ms)
(node:74626) ExperimentalWarning: localStorage is not available because --localstorage-file was not provided.
(Use `node --trace-warnings ...` to show where the warning was created)
✔ SAMPLE-FIX-01–05/11: actual request→reserve→approve→pickup→return→receipt; stable own IDs and detached reads (1377.024791ms)
✔ SAMPLE-FIX-03/05: all invalid input blocks writes; cancellation/rejection frees only own reservation (513.034292ms)
✔ SAMPLE-FIX-08/09/11: cases and stocktake persist independently, cannot execute twice or masquerade as adjustment (697.138208ms)
(node:74627) ExperimentalWarning: localStorage is not available because --localstorage-file was not provided.
(Use `node --trace-warnings ...` to show where the warning was created)
✔ HG-001/002/004: SKU identity survives duplicate receipts, transfers and repeats; HG resolves SKU (359.033417ms)
✔ HG-005/006/008: printed data and bounded settings; no truncation, images or state writes (0.700042ms)
✔ HG-002/004 regression: older receipt without identities retains its first date; raw SKU is never HG (141.950375ms)
(node:74629) ExperimentalWarning: localStorage is not available because --localstorage-file was not provided.
(Use `node --trace-warnings ...` to show where the warning was created)
✔ SAMP-001–013 Mock: receipt → all SKU tags → live/home → production/factory/department/warehouse → marketing, with adversarial gates (1549.480041ms)
(node:74630) ExperimentalWarning: localStorage is not available because --localstorage-file was not provided.
(Use `node --trace-warnings ...` to show where the warning was created)
✔ PDA 列表轻量摘要与详情的归属、数量、物料和下一步一致 (1493.277375ms)
(node:74631) ExperimentalWarning: localStorage is not available because --localstorage-file was not provided.
(Use `node --trace-warnings ...` to show where the warning was created)
✔ 按工厂投影不改变全能力、印花、染色、中央与裁片演示账号可见任务 (1281.596708ms)
(node:74635) ExperimentalWarning: localStorage is not available because --localstorage-file was not provided.
(Use `node --trace-warnings ...` to show where the warning was created)
✔ 接单工厂范围保留全量投影中本厂每个任务的身份、数量、状态及接单/中标结果 (3504.513792ms)
(node:74636) ExperimentalWarning: localStorage is not available because --localstorage-file was not provided.
(Use `node --trace-warnings ...` to show where the warning was created)
✔ PDA order/task link indexes preserve all full-index candidates without constructing unrelated material rows (845.987708ms)
✔ ordinary sewing direct lookup keeps every field and factory permission from the complete canonical projection (604.495459ms)
✔ runtime sewing overrides and legacy/missing IDs retain the complete projection result (737.644708ms)
✔ one fresh read-only object snapshot preserves readiness, context and unknown references without refreshing per miss (655.614875ms)
✔ PDA handlers wait for part-ticket hydration, and the real detail is not mounted before both dependencies complete (69.235542ms)
✔ ordinary sewing detail leaves unrelated PMS initialization pending until a normal module entry (28.551875ms)
✔ same-navigation sewing preload discovers actual bundle entries and static closure without evaluating modules (54.817833ms)
✔ preview compression includes the same sewing static chunks and retains existing assets without broad lazy-route output (10.351583ms)
(node:74638) ExperimentalWarning: localStorage is not available because --localstorage-file was not provided.
(Use `node --trace-warnings ...` to show where the warning was created)
✔ 中转袋交出与实际入仓使用同一浏览器本地业务时间，不把 UTC 当作本地时间 (2.713375ms)
[PMS_IDB_LOAD_FAILED] { message: '当前浏览器不支持 IndexedDB,PMS 业务数据无法持久化。' }
✔ 物流商新增字段保存回显并写入操作日志 (3.961667ms)
✔ 物流商数字字段非负校验与运输方式枚举校验 (0.337833ms)
✔ 渠道新增字段保存回显，条件计费字段按计费方式保留 (0.522709ms)
✔ 整柜渠道不要求新增计费字段，仍要求四箱型完整配置 (0.170375ms)
✔ 渠道数字字段非负与时效区间校验 (0.144292ms)
✔ 头程批次聚合展示总箱数、总重量、总体积与转运天数 (0.569458ms)
✔ 工序链按保存顺序生效，合法工序集合固定，非法或重复工序被拒 (3.809334ms)
✔ 坯布 SKU 必填，坯布库存为 0 时调拨资格被拒，补足后恢复 (1.014916ms)
✔ 采购单按勾选 SKU 生成明细，数量与枚举非法被拒 (0.218959ms)
✔ 调拨单可选择调出仓库与调入目标，同步生成加工单号链 (0.273625ms)
✔ 批量刷新库存更新全部监控行与刷新时间并写日志 (0.237959ms)
✔ 手动添加监控 SKU 校验 SKU 必填与重复，添加后进入列表 (0.321ms)
✔ 物料申报扩展字段保存回显，26 项特殊属性按数组保存 (8.363041ms)
✔ 报关扩展：法定第二计量单位与数值，不报关分支跳过必填校验 (0.213375ms)
✔ BOM 业务选项与价格/成本、工厂、布料字段保存回显 (0.76225ms)
✔ 主体经营 9 项成本明细加调整重算总成本，数据缺失提醒可消除 (0.399083ms)
✔ 供应商从草稿到启用遵循状态机，名称唯一 (2.844ms)
✔ 供货档案包装换算与快照版本 (0.417459ms)
✔ 物料全部有真实图片，采购补充信息可更新且不新增删除 (0.408292ms)
✔ 成衣与样衣 SKU 只读列表数据完整 (1.227875ms)
✔ 仓库同步更新时间，单位字典唯一且不可删除只可启停 (0.40575ms)
✔ BOM 用量可修改，说明可保存，发布后可生成面辅料需求 (2.796333ms)
[PMS_IDB_LOAD_FAILED] { message: '当前浏览器不支持 IndexedDB,PMS 业务数据无法持久化。' }
[PMS_IDB_UNAVAILABLE] put 跳过,数据仅保留在内存 { store: 'pmsMaterialPurchaseOrderDeltas', key: 'CGF-2026-0005' }
[PMS_IDB_UNAVAILABLE] put 跳过,数据仅保留在内存 { store: 'pmsMaterialPurchaseOrderDeltas', key: 'CGF-2026-0001' }
[PMS_IDB_UNAVAILABLE] put 跳过,数据仅保留在内存 { store: 'pmsMaterialPurchaseOrderDeltas', key: 'CGF-2026-0007' }
✔ 面辅料需求种子就绪且可按物料行下推采购单 (3.396583ms)
✔ 快递信息导入校验采购单存在、单号唯一、日期与数量合法 (0.924375ms)
✔ 国内签收、加入头程、状态推进与到仓自动签收 (2.332ms)
✔ 供应商确认单需标签齐备，确认后回写采购单 (3.083625ms)
✔ 整柜渠道必须完整配置四个箱型，物流商可启停 (0.650834ms)
✔ 面辅料采购单可带原因关闭，关闭后不能再登记到货 (0.325833ms)
✔ 库存监控触发线与建议量公式，规则异常阻断建单 (2.647416ms)
✔ 建单数量不得超过建议量，调拨与采购资格分别阻断 (0.239583ms)
✔ 中转看板指标、分布与筛选跳转规则 (0.308667ms)
✔ 生产单校验与配料任务只读数据完整，系统设置结果为 8/6/10 (0.098875ms)
✔ 种子采购单按 SRM 生成器规律补齐单据级与明细级字段 (0.823292ms)
✔ 新建做货采购单保存采购专员、加急、首单、区域与明细字段并可回显 (1.177333ms)
✔ 未传新增字段时沿用默认值并保持既有命令兼容 (0.116292ms)
✔ 采购专员必填、做货必须选区域、重量非负均抛出中文 PmsDomainError (0.342375ms)
✔ 编辑采购单保存新增字段并回显，非法输入被阻断 (0.301917ms)
✔ BOM 状态与 bomMatched 一致，未发布 BOM 的做货明细为未匹配 (0.18275ms)
✔ 行采购金额使用 roundPmsQty 且汇总等于逐行金额之和 (0.1405ms)
✔ 采购建议按缺口公式与折扣计算，并计入有效 KOL 申请 (0.912958ms)
✔ KOL 草稿与已驳回不计入建议缺口 (0.120167ms)
✔ 建议转采购单后写回已转数量与部分生成状态 (1.987875ms)
✔ 面辅料需求按 BOM 用量与损耗扣减库存和采购中 (0.857833ms)
✔ 重复生成、草稿采购单与非做货采购单均被阻断 (0.174708ms)
✔ KOL 单条超量需要二次确认，超过申请量直接阻断 (0.575ms)
✔ 驳回 KOL 需求后不再计入建议缺口 (0.145708ms)
✔ 关闭采购单必须填写原因且已关闭不可重复关闭 (0.200875ms)
[PMS_IDB_LOAD_FAILED] { message: '当前浏览器不支持 IndexedDB,PMS 业务数据无法持久化。' }
[PMS_IDB_SAVE_FAILED] 创建请款单 IDB 写入失败 {
  requestNo: 'PAY-M-2026-0006',
  message: '当前浏览器不支持 IndexedDB,PMS 业务数据无法持久化。',
  degraded: 'memory-only'
}
[PMS_IDB_SAVE_FAILED] 创建请款单 IDB 写入失败 {
  requestNo: 'PAY-L-2026-0004',
  message: '当前浏览器不支持 IndexedDB,PMS 业务数据无法持久化。',
  degraded: 'memory-only'
}
[PMS_IDB_SAVE_FAILED] 作废请款单 IDB 写入失败 {
  requestNo: 'PAY-L-2026-0004',
  message: '当前浏览器不支持 IndexedDB,PMS 业务数据无法持久化。',
  degraded: 'memory-only'
}
✔ 主体经营明细总成本、毛利与毛利率公式 (1.473375ms)
✔ 面辅料对账：预计/实际双层公式，费用项与差异双重门禁 (6.299791ms)
✔ 面辅料费用项部分确认、批量确认与编辑失效 (1.074125ms)
✔ 请款草稿跨页创建、请款与付款上限、编辑范围 (1.87725ms)
✔ 物流实际费用 12 列导入校验、不自动确认与确认后锁定 (0.786416ms)
✔ 请款单作废释放来源对账，已有付款不能作废 (0.458417ms)
✔ 供应商账单 9 列导入覆盖实际层且不自动确认 (0.328458ms)
✔ 金额大写按 RMB 规则输出并覆盖跨节零 (0.147375ms)
[PMS_IDB_UNAVAILABLE] put 跳过,数据仅保留在内存 { store: 'pmsMaterialPurchaseOrderDeltas', key: 'CGF-2026-0005' }
[PMS_IDB_LOAD_FAILED] { message: '当前浏览器不支持 IndexedDB,PMS 业务数据无法持久化。' }
[PMS_IDB_UNAVAILABLE] put 跳过,数据仅保留在内存 { store: 'pmsMaterialPurchaseOrderDeltas', key: 'CGF-2026-0005' }
[PMS_IDB_UNAVAILABLE] put 跳过,数据仅保留在内存 { store: 'pmsMaterialPurchaseOrderDeltas', key: 'CGF-2026-0005' }
[PMS_IDB_UNAVAILABLE] put 跳过,数据仅保留在内存 { store: 'pmsMaterialPurchaseOrderDeltas', key: 'CGF-2026-0005' }
[PMS_IDB_UNAVAILABLE] put 跳过,数据仅保留在内存 { store: 'pmsMaterialPurchaseOrderDeltas', key: 'CGF-2026-0005' }
[PMS_IDB_UNAVAILABLE] put 跳过,数据仅保留在内存 { store: 'pmsMaterialPurchaseOrderDeltas', key: 'CGF-2026-0005' }
✔ 生成卷号按前缀、每卷米数、重量与起始序号生成并写入包装明细 (7.867083ms)
✔ 生成卷号时尾卷承载剩余数量，卷数按采购数量与每卷米数自动取整 (1.452792ms)
✔ 非法卷号参数被拒绝并抛出中文域错误 (1.570166ms)
✔ 生成标签后二维码内容包含卷号与箱规，参与打印 (0.730167ms)
✔ 箱规新增自动计算体积，重复箱号与非法尺寸被拒，删除后计数正确 (0.45875ms)
✔ 包装明细可新增与删除，非法输入被拒且删除后计数正确 (0.370334ms)
✔ 被包装明细引用的箱规不能删除 (0.116083ms)
✔ 供应商枚举与 SRM 完全一致，旧枚举不再出现 (0.915375ms)
✔ 种子字段满足 SRM 枚举且协同指标为数字 (0.1545ms)
✔ 新增字段保存并回显，成功命令写入操作日志 (1.521875ms)
✔ 编辑保存新增字段并保持状态机与事件名不变 (0.259875ms)
✔ 非法或缺失输入抛 PmsDomainError 且不写入数据 (0.375875ms)
✔ 详情与列表展示新增字段、SRM 枚举与协同指标 (17.5455ms)
(node:74650) ExperimentalWarning: localStorage is not available because --localstorage-file was not provided.
(Use `node --trace-warnings ...` to show where the warning was created)
✔ CONTRACT-002: business allocation day is day 1 and every calendar day counts, including Sunday (3.604334ms)
✔ CONTRACT-002: the three contracts retain 4/8/9, 5/9/10 and 6/9/12 calendar-day milestones (0.52875ms)
✔ CONTRACT-002: invalid calendar dates and counting days still fail without creating deadlines (0.271833ms)
(node:74651) ExperimentalWarning: localStorage is not available because --localstorage-file was not provided.
(Use `node --trace-warnings ...` to show where the warning was created)
✔ 实际耗时跨周日仍按真实时间差；没有可靠时间不造耗时 (2.2165ms)
✔ 每任务都达成才结束；同一来源去重，作废明细不影响主表 (0.574167ms)
✔ 耗时页 Mock 至少覆盖九张生产单和全部节点，且下游事实不会越过未完成的前置节点 (861.940667ms)
✔ 裁片放行按一张放行单内的多次放行展示并选取节点起止时间 (48.378375ms)
(node:74653) ExperimentalWarning: localStorage is not available because --localstorage-file was not provided.
(Use `node --trace-warnings ...` to show where the warning was created)
✔ EXC-001—004: a reference mark cannot change debt, strict kits or final task responsibility (7.65575ms)
(node:74655) ExperimentalWarning: localStorage is not available because --localstorage-file was not provided.
(Use `node --trace-warnings ...` to show where the warning was created)
✔ 派单新增主档工厂可登记承接关系，未知工厂仍阻断 (4.980208ms)
✔ 专属任务保留整单身份、数量和接收方，工艺分支保留全部前置关系 (1.544709ms)
✔ 原生产单车缝任务仍可被 PPIC 分配与责任移交识别，SKU 总量完整 (10.335916ms)
✔ PRINT-HISTORY-001: demo identities remain fixed and reject another factory or task (1.369167ms)
✔ PRINT-HISTORY-002: DYE-GOTO-GLOBAL historical slot 09 survives independent reloads without overwriting (3739.528917ms)
✔ PRINT-HISTORY-002: ID-FAC-001165 historical slot 09 survives independent reloads without overwriting (3131.020959ms)
(node:74658) ExperimentalWarning: localStorage is not available because --localstorage-file was not provided.
(Use `node --trace-warnings ...` to show where the warning was created)
✔ VERIFY-003: dispatch reads keep all documents and independent copies without projecting unrelated business views (410.789959ms)
✔ frozen printing images are losslessly stored once across orders, tasks and attachments (5.253833ms)
✔ missing or malformed image references fail rather than silently replacing frozen evidence (0.756583ms)
(node:74661) ExperimentalWarning: localStorage is not available because --localstorage-file was not provided.
(Use `node --trace-warnings ...` to show where the warning was created)
✔ PERF-002/004: scoped receiving reads preserve direct receipts and allocations, without exposing mutable facts (17.220917ms)
✔ PERF-002/004: a synchronous relation read matches independent reads and releases its scope after errors (1016.204625ms)
✔ PERF-004: batched print list reviews and handovers equal independently read facts (1043.487833ms)
✔ PERF-004: scoped handovers keep canonical sorting and task point reads preserve identity (35.377541ms)
✔ PERF-004: reusing warehouse documents preserves each dye order source, quantity and receiver (434.655417ms)
(node:74665) ExperimentalWarning: localStorage is not available because --localstorage-file was not provided.
(Use `node --trace-warnings ...` to show where the warning was created)
✔ craft source selection preserves all previous source choices and isolated snapshots (21.174ms)
✔ source eligibility is re-evaluated after a source order changes (0.184458ms)
(node:74667) ExperimentalWarning: localStorage is not available because --localstorage-file was not provided.
(Use `node --trace-warnings ...` to show where the warning was created)
✔ 生产单创建来源只覆盖旧匹配事实，不复活已取消或覆盖更新后的匹配 (0.5325ms)
✔ 提前来源随PO唯一保存，重复生成不会追加第二份事实；查询投影不反向写PO (0.349542ms)
✔ 失败和嵌套投影后创建stage标记恢复，不影响后续染印执行保存 (0.228083ms)
✔ 备份拒绝错误归属、重复、未知状态和缺少正式冻结来源的匹配 (0.168208ms)
(node:74669) ExperimentalWarning: localStorage is not available because --localstorage-file was not provided.
(Use `node --trace-warnings ...` to show where the warning was created)
✔ 验收数据至少包含 5 张染色和 5 张印花提前加工单，并覆盖全部匹配状态 (781.605083ms)
✔ 印花专业成果把多张图片和多个文件统一保存在同一附件集合 (0.164833ms)
✔ 同一生产需求可手动选择具体专业任务，创建结果保存所选任务与全部成果附件 (70.543ms)
✔ 创建提前加工单必须选择所属专业任务并明确加工厂 (7.971917ms)
✔ 计划加工数量包含损耗率，且染色印花投入与产出 SKU 必须不同 (0.812958ms)
✔ 专业成果未审核通过时不可创建提前加工单 (0.58275ms)
✔ 多个生产需求合并为一张生产单时，可匹配多张提前染色加工单 (91.393542ms)
✔ 等待技术包的提前单在技术包就绪后可由同一匹配服务自动重试 (51.046375ms)
✔ 合并生产单中只有部分需求有提前单时，只为未覆盖需求补建剩余数量 (290.699375ms)
✔ 已有提前单但正式 BOM 或 SKU 不一致时进入异常，且不重复补建同一工艺单 (71.894ms)
✔ 取消后重建保留旧单，并建立双向替代关系 (14.259292ms)
✔ 没有提前加工单的需求仍保留正式加工单快照 (15.212334ms)
✔ 查生产入口只在合法系统路由显示，并在打印与 PDA 路由隐藏 (1.641625ms)
✔ 相似前缀和相似打印段不会被当成合法路由 (0.208583ms)
(node:74671) ExperimentalWarning: localStorage is not available because --localstorage-file was not provided.
(Use `node --trace-warnings ...` to show where the warning was created)
✔ 静态生产单更新任务状态时保留原冻结资料，不强造不存在的技术版本 (0.904625ms)
✔ 沿用静态资料的例外不能用于新单、篡改快照或错误技术版本 (0.923375ms)
(node:74673) ExperimentalWarning: localStorage is not available because --localstorage-file was not provided.
(Use `node --trace-warnings ...` to show where the warning was created)
✔ PERF-001: runtime snapshot and all nine subsets preserve every production order value and caller isolation (32.601292ms)
✔ PERF-001: a subset read does not traverse or clone unrelated snapshot sections (0.219458ms)
✔ PERF-001: paper pattern binding strips and nested craft arrays remain isolated after mutation (0.241375ms)
✔ PERF-001: replacing or updating the bound snapshot is visible immediately without a stale cache (0.647792ms)
✔ PERF-001: missing production order keeps null and empty-list contracts (0.089541ms)
✔ finished preparation and purchase keep their delay without claiming current work is on time (11.611709ms)
✔ absence of applicable records and missing timing inputs are not healthy or not-yet-due (0.744083ms)
✔ inbound quantity and final time completeness produce distinct business results (0.184667ms)
✔ reached late milestone has zero only for that milestone, not the whole task (3.033375ms)
✔ creation and handover clocks explain their different unfinished endpoints (14.629875ms)
✔ all current scenes avoid ambiguous headline defaults and literal unknown numbers (24.034625ms)
✔ contract graph with missing allocation date or actual holdings cannot assert not-yet-due or achieved (3.335084ms)
✔ opening a follow-up modal only reads, and empty inputs never appear saved (14.534625ms)
✔ save waits for completion and readback, rejects double-click writes, and stores realtime feedback without a forecast (49.365208ms)
✔ failed save retains all inputs and retries the exact same operation ID (2.85675ms)
✔ commit followed by readback failure remains unconfirmed until a read proves the same record (3.670125ms)
✔ work must belong to the current production order and expected time must be valid (2.317833ms)
✔ read failure retains a draft and does not treat unavailable records as a normal empty history (2.238ms)
✔ old logs are retained, but never assigned to a new production order by inference (5.83975ms)
✔ FLOW graph late: full lifecycle keeps allocation, execution and four post stages (19.22625ms)
✔ FLOW graph normal: full lifecycle keeps allocation, execution and four post stages (10.749042ms)
✔ FLOW graph complete: full lifecycle keeps allocation, execution and four post stages (5.089708ms)
✔ FLOW graph completeLate: full lifecycle keeps allocation, execution and four post stages (10.123041ms)
✔ FLOW graph completeUnknown: full lifecycle keeps allocation, execution and four post stages (1.69875ms)
✔ FLOW graph partial: full lifecycle keeps allocation, execution and four post stages (2.269958ms)
✔ FLOW graph reordered: full lifecycle keeps allocation, execution and four post stages (7.422042ms)
✔ FLOW graph reachedLate: full lifecycle keeps allocation, execution and four post stages (3.369792ms)
✔ FLOW graph positioning: full lifecycle keeps allocation, execution and four post stages (0.487208ms)
✔ FLOW graph prepPending: full lifecycle keeps allocation, execution and four post stages (0.431666ms)
✔ FLOW graph sampleLate: full lifecycle keeps allocation, execution and four post stages (1.910708ms)
✔ FLOW graph samplePending: full lifecycle keeps allocation, execution and four post stages (2.428583ms)
✔ FLOW graph fullContract: full lifecycle keeps allocation, execution and four post stages (4.466916ms)
✔ FLOW graph materialBatches: full lifecycle keeps allocation, execution and four post stages (0.630917ms)
✔ FLOW graph materialPartial: full lifecycle keeps allocation, execution and four post stages (0.365458ms)
✔ FLOW graph live: full lifecycle keeps allocation, execution and four post stages (4.837583ms)
✔ FLOW graph unknown: full lifecycle keeps allocation, execution and four post stages (2.329834ms)
✔ FLOW graph unassigned: full lifecycle keeps allocation, execution and four post stages (2.331208ms)
✔ FLOW graph sameFactory: full lifecycle keeps allocation, execution and four post stages (4.354208ms)
✔ FLOW graph handoverPartial: full lifecycle keeps allocation, execution and four post stages (2.358166ms)
✔ FLOW live: QC, processing, recheck quantities have distinct current positions while history remains (0.530125ms)
✔ FLOW full contract: scopes and execution documents stay distinct from cumulative contract milestones (0.140375ms)
✔ FLOW delivery: outgoing without warehouse receipt keeps waiting clock active (0.082417ms)
✔ FLOW one post work order shares projects, quantity and clock without per-project chains (0.622167ms)
✔ FLOW bypass records go from completed QC directly to delivery, without fabricated processing or recheck (0.297667ms)
✔ FLOW summary cards distinguish pending, unknown, historical and current states without invented SLA (4.6025ms)
✔ FLOW mixed QC, processing and recheck quantities are summarized as post handling rather than processing (0.941917ms)
✔ FLOW pending inspection and recheck are not started rather than unknown, consistently with rails (0.154958ms)
✔ FLOW pending document cards and summaries describe unstarted clocks rather than missing times (1.101583ms)
✔ FLOW document modal has one project block for its single processing order (0.51675ms)
✔ COPY developer round: unknown purchase keeps allocation and execution responsibilities unverified (0.10825ms)
✔ COPY developer round: mixed post history and active work both remain visible (0.077375ms)
✔ COPY developer round: partial warehouse quantity is not a completed stage (5.478833ms)
✔ COPY developer round: process start and quantity appear once, QC uses its own business action (1.168333ms)
✔ FLOW-MOCK-001: all 20 scenarios retain source facts with documented COPY-211 cutting correction (320.869584ms)
✔ FLOW-MOCK-002: every early-stage scenario has an honest full-flow skeleton and unknown purchase has no invented work (5.146708ms)
✔ FLOW-MOCK-003: allocation and actual sewing are distinct and each of the three contract scopes has only its applicable steps (1.843375ms)
✔ FLOW-MOCK-004: batches partition original receipts within each task and each source receipt exactly once (0.801ms)
✔ FLOW-MOCK-005: actual positions preserve warehouse, delivery, processing aggregate amounts and explicit unknown remainder (0.244709ms)
✔ FLOW-MOCK-006: current QC, processing, recheck, delivery and warehouse positions have distinct document facts (0.392875ms)
✔ FLOW-MOCK-007: batch event chronology is ordered and all recorded actual events precede the fixed viewing time (1.483875ms)
✔ FLOW-MOCK-008: completed orders keep complete post history and missing last inbound time is never fabricated (0.15825ms)
✔ FLOW-MOCK-009: factory-contracted packing is not assigned again in post, and the no-post-processing route is explicit (1.362458ms)
✔ FLOW-MOCK-010: every new document is task scoped, batch scoped when applicable, and has valid same-scene relationships (4.936708ms)
✔ FLOW-MOCK-011: independent sewing keeps all applicable post items inside one processing document and one overall clock (0.504917ms)
✔ FLOW-MOCK-012: each batch has at most one post-processing document with the prototype item, status, quantity and timing contract (4.204875ms)
✔ FLOW-MOCK-013: actual quality results generate only applicable processing, completion generates recheck, and no processing goes straight to warehouse delivery (3.303916ms)
✔ COPY-211: full contract scope does not duplicate in-house cutting or release (1.130917ms)
✔ every sewing and post-finishing document type opens its actual native module detail (184.592541ms)
✔ sewing task execution preserves the matching contract rather than entering the allocation workbench (9.173875ms)
✔ post-finishing QC and recheck retain their own task results, batches, and downstream documents (31.457ms)
✔ post delivery shows actual outgoing and finished-goods receipt separately (11.40775ms)
✔ completed orders retain the recorded post-finishing document history (1.966792ms)
✔ unknown or wrongly routed full-flow documents do not produce invented detail pages (0.285042ms)
✔ recorded finished-goods receipt without its time stops the handover clock rather than creating current waiting (0.558125ms)
✔ clock completion matches its own final business event across work and handover (0.131667ms)
✔ native post document uses the same Chinese current-position label as the diagram (23.041792ms)
✔ explicitly pending work is not mislabeled as missing actual start time in native clocks (0.672ms)
✔ native post work detail keeps one project set, one clock and classified quantities (0.345084ms)
✔ post recheck describes SKU quantity and barcode verification rather than a second quality inspection (0.360208ms)
✔ original post work documents preserve their recorded completed quantities without requiring new project fields (1.523583ms)
✔ delivery awaiting warehouse receipt is not described as an unfinished upstream prerequisite (0.417042ms)
✔ completed late work and unfinished overdue work remain different in management and the actual source detail (44.374209ms)
✔ a late reached contract is a ended node, and future unreached targets are not current debt (44.234042ms)
✔ missing allocation date or factory actual pickup keeps unknown distinct from an on-time contract (45.562166ms)
✔ source contract deadline uses allocation day as day 1 even when business date contains a clock time (41.575958ms)
✔ full warehouse quantities without last receipt time never imply an on-time result or enter the rate denominator (31.3755ms)
✔ purchase association unknown never asserts that production has not been created or begun (1.023917ms)
✔ sample timing is by actual handout date and remains separate from approval result (48.041625ms)
✔ completed whole-order elapsed time stops at final warehouse receipt; export names quantities and states precisely (44.530416ms)
✔ zero actual pickup is a known zero awaiting a contract denominator, not a missing value or automatic achievement (56.875917ms)
✔ missing execution evidence does not imply that material has not arrived or that work is confirmed overdue (6.467916ms)
✔ POST-FOLD late: post work is nested and the sewing label is unified (8.358541ms)
✔ POST-FOLD normal: post work is nested and the sewing label is unified (5.729333ms)
✔ POST-FOLD complete: post work is nested and the sewing label is unified (2.138375ms)
✔ POST-FOLD completeLate: post work is nested and the sewing label is unified (5.50675ms)
✔ POST-FOLD completeUnknown: post work is nested and the sewing label is unified (1.400875ms)
✔ POST-FOLD partial: post work is nested and the sewing label is unified (13.722208ms)
✔ POST-FOLD reordered: post work is nested and the sewing label is unified (4.499416ms)
✔ POST-FOLD reachedLate: post work is nested and the sewing label is unified (4.449667ms)
✔ POST-FOLD positioning: post work is nested and the sewing label is unified (0.932084ms)
✔ POST-FOLD prepPending: post work is nested and the sewing label is unified (0.479583ms)
✔ POST-FOLD sampleLate: post work is nested and the sewing label is unified (1.945208ms)
✔ POST-FOLD samplePending: post work is nested and the sewing label is unified (6.312417ms)
✔ POST-FOLD fullContract: post work is nested and the sewing label is unified (3.667ms)
✔ POST-FOLD materialBatches: post work is nested and the sewing label is unified (0.375667ms)
✔ POST-FOLD materialPartial: post work is nested and the sewing label is unified (0.299292ms)
✔ POST-FOLD live: post work is nested and the sewing label is unified (4.033041ms)
✔ POST-FOLD unknown: post work is nested and the sewing label is unified (0.462791ms)
✔ POST-FOLD unassigned: post work is nested and the sewing label is unified (1.618417ms)
✔ POST-FOLD sameFactory: post work is nested and the sewing label is unified (2.845458ms)
✔ POST-FOLD handoverPartial: post work is nested and the sewing label is unified (0.864334ms)
✔ POST-TIME: completed and active work show actual times and longest own clock without inventing an SLA (1.072459ms)
✔ POST-TIME: known document requirements distinguish unfinished late work from completed late history (0.450125ms)
✔ PAGE-001 / SCENE-17 / 20: 19 unique production orders plus one purchase awaiting association preserve the 19 accepted base scenes (2.144458ms)
✔ MASTER-001 / SCENE-07: reversing purchase order input retains earliest precise start and 28-day deadline (0.371792ms)
✔ MASTER-002: full warehouse completion at the exact deadline is timely; one minute later is late (0.169083ms)
✔ SCENE-03—05: warehouse facts establish completion separately from final timestamp and stale upstream records (0.178875ms)
✔ SCENE-06 / 16 / 18: quantity positions conserve pieces while missing position and task ownership remain distinct (8.199291ms)
✔ CONTRACT-002 / SCENE-13: three return contracts use calendar days including Sunday and their actual held quantities (1.982875ms)
✔ SCENE-19: B factory total 40% cannot cover the independently overdue B01 task (3.102709ms)
✔ SCENE-02 / 08: timely returns and late reached milestone differ from a currently overdue unmet milestone (3.8345ms)
✔ SCENE-09 / 10: preparation is a parallel four/five-day stage with separately recorded production and handover (5.806042ms)
✔ SCENE-11 / 12: sample date is pickup plus three; failed or unsubmitted sample does not move the return deadline (7.559459ms)
✔ SCENE-14: stock 600 meters advances before the independent 900-meter purchase batch, with three work/handover records each (3.879833ms)
✔ SCENE-15: known 600-meter receipt is preserved while the 900-meter purchase remains unknown and currently late (1.189625ms)
✔ SCENE-20: partial factory handover retains 2400 sleeve pieces received and 600 disputed without closing the handover or converting to garments (2.205042ms)
✔ SCENE-01: completed preparation/material delays remain history while sleeve work has a current 600-piece gap (3.397459ms)
✔ PREP / CRAFT: auxiliary work is three days each; bulk dye/print/wash and handovers have no invented SLA (2.757ms)
✔ SOURCE / UI: document IDs, related ownership, native routes and source summaries are coherent without read mutation (54.665542ms)
✔ SOURCE: there are no future actual events or reversed processing/handover times in the fixed demonstration (6.898458ms)
✔ SCENE late: expanded accepted diagram retains its business nodes and source documents (3.395167ms)
✔ SCENE normal: expanded accepted diagram retains its business nodes and source documents (2.63775ms)
✔ SCENE complete: expanded accepted diagram retains its business nodes and source documents (5.120209ms)
✔ SCENE completeLate: expanded accepted diagram retains its business nodes and source documents (3.459541ms)
✔ SCENE completeUnknown: expanded accepted diagram retains its business nodes and source documents (2.252958ms)
✔ SCENE partial: expanded accepted diagram retains its business nodes and source documents (3.042875ms)
✔ SCENE reordered: expanded accepted diagram retains its business nodes and source documents (2.445333ms)
✔ SCENE reachedLate: expanded accepted diagram retains its business nodes and source documents (4.013833ms)
✔ SCENE positioning: expanded accepted diagram retains its business nodes and source documents (0.456084ms)
✔ SCENE prepPending: expanded accepted diagram retains its business nodes and source documents (0.711916ms)
✔ SCENE sampleLate: expanded accepted diagram retains its business nodes and source documents (3.737458ms)
✔ SCENE samplePending: expanded accepted diagram retains its business nodes and source documents (3.939875ms)
✔ SCENE fullContract: expanded accepted diagram retains its business nodes and source documents (3.021916ms)
✔ SCENE materialBatches: expanded accepted diagram retains its business nodes and source documents (0.710292ms)
✔ SCENE materialPartial: expanded accepted diagram retains its business nodes and source documents (1.44025ms)
✔ SCENE live: expanded accepted diagram retains its business nodes and source documents (4.149958ms)
✔ SCENE unknown: expanded accepted diagram retains its business nodes and source documents (0.15475ms)
✔ SCENE unassigned: expanded accepted diagram retains its business nodes and source documents (1.888292ms)
✔ SCENE sameFactory: expanded accepted diagram retains its business nodes and source documents (2.56475ms)
✔ SCENE handoverPartial: expanded accepted diagram retains its business nodes and source documents (1.544833ms)
✔ PREP-005: supplemental scene retains disabled and change-ended documents without creating active clocks or blocking valid preparation (1.759291ms)
✔ timing documents resolve directly at their native route with the same shared static facts (667.062208ms)
✔ source detail does not resolve unrelated records or a registered record at a wrong module path (0.208709ms)
✔ a handover belongs to its original outgoing work rather than a linked next process (0.142625ms)
✔ contract details retain natural-day deadlines and late achievement history (3.799792ms)
✔ partially received material retains unknown purchase receipt instead of inventing zero or full stock (1.896042ms)
✔ production preparation details include parallel requirements and BOM quantities (1.820334ms)
✔ work remaining quantity follows known required and completed quantities in the same unit (0.886875ms)
✔ missing factory sample uses the recorded requirement date and keeps sample approval outside return milestones (0.196958ms)
✔ purchase-only scenario resolves to the existing merchandise purchase and pending-purchase backlink (0.149292ms)
✔ finished-goods detail distinguishes latest partial receipt from full completion time (0.437917ms)
✔ unknown timing standard is amber verification, never a red confirmed-overdue result (0.295167ms)
✔ MIGRATE-001: direct production/pending detail paths have their own active tab identity; discarded tasks/examples/team details are absent (1.937208ms)
✔ MIGRATE-001: stored DDS tabs prune discarded addresses, retain unrelated tabs and correct the live production title without touching input (1.417666ms)
(node:74695) ExperimentalWarning: localStorage is not available because --localstorage-file was not provided.
(Use `node --trace-warnings ...` to show where the warning was created)
✔ VERIFY-003: scoped reads preserve pending/voided sources and defensive copies (5.363458ms)
✔ VERIFY-003: metadata lookup reflects registry changes and returns independent locations (11.108709ms)
✔ 备份恢复不能借原票编号伪造另一种面料的交出回执 (1.295792ms)
(node:74697) ExperimentalWarning: localStorage is not available because --localstorage-file was not provided.
(Use `node --trace-warnings ...` to show where the warning was created)
✔ 换片票文案不显示内部路径，扫码身份和原票号保持 (5.349334ms)
✔ 换片布固定演示：四个新增生产单覆盖部分打印、补打、交出备用及失效票 (1.213083ms)
✔ 部位票缓存感知已提交事件版本，重复读取同一版本不失效 (1.097542ms)
✔ 按名称排朴，空名拒绝，同名不同编码/颜色保留独立身份 (0.668708ms)
✔ 初始每面料一张，重复分配幂等；新增与补打不混淆 (0.761583ms)
✔ 改派未交票失效，已交历史不抹除，新范围递增序号 (0.572667ms)
✔ 部分出纸仅确认勾选票；重复确认不增加次数，内容变化拒绝 (0.153ms)
✔ 整个批次多袋并集检查，非本次袋不可借用，顺序无关 (0.480167ms)
✔ 同任务同工厂历史可满足；不同任务或换厂必须另交 (0.692416ms)
✔ 三方自行裁剪排除，资料缺失与无需面料分开判断 (0.170042ms)
✔ 混装按类型和单位分项，换片布不能拆成非5 Yard (0.26125ms)
✔ 局域网 HTTP 的摘要与原生 SHA-256 相同，既有票号不变化 (15.48875ms)
(node:74704) ExperimentalWarning: localStorage is not available because --localstorage-file was not provided.
(Use `node --trace-warnings ...` to show where the warning was created)
✔ 混装打印保留裁片矩阵，捆条和换片布独立附页，不合并单位 (2.412709ms)
✔ 纯换片布袋可生成货物标识，不制造尺码和部位 (0.266625ms)
✔ 混装标签拒绝换片布错误长度、作废票和混生产单 (0.560667ms)
✔ 旧业务存储不可读时仍用已提交的原装袋周期打印三类货物 (0.977042ms)
✔ 生产单按单记录；变更一单不重写其他单和任务 (1.569166ms)
✔ 运行任务独立保存覆盖、拆分、合并、改派及序号，往返保留身份 (0.276042ms)
✔ 有效分配索引、独立记录、审计及序号完整往返，拒绝重复身份和损坏格式 (0.421834ms)
✔ 拒绝空字符串，不吞掉损坏记录 (0.07225ms)
✔ 拒绝数组根，不吞掉损坏记录 (0.058083ms)
✔ 拒绝生产单数组实体，不吞掉损坏记录 (0.056209ms)
✔ 拒绝生产单空编号，不吞掉损坏记录 (0.051292ms)
✔ 拒绝生产单损坏快照，不吞掉损坏记录 (0.052334ms)
✔ 拒绝任务覆盖数组，不吞掉损坏记录 (0.070166ms)
✔ 拒绝任务覆盖身份，不吞掉损坏记录 (0.111125ms)
✔ 拒绝拆分来源身份，不吞掉损坏记录 (0.0675ms)
✔ 拒绝拆分子项损坏，不吞掉损坏记录 (0.0585ms)
✔ 拒绝合并明细损坏，不吞掉损坏记录 (0.069167ms)
✔ 拒绝改派任务身份，不吞掉损坏记录 (0.035333ms)
✔ 拒绝不安全序号，不吞掉损坏记录 (0.0385ms)
✔ 拒绝重复Map键，不吞掉损坏记录 (0.040917ms)
✔ 拒绝current非数组，不吞掉损坏记录 (0.039333ms)
✔ 拒绝current孤儿，不吞掉损坏记录 (0.038417ms)
✔ 拒绝current跨任务，不吞掉损坏记录 (0.048875ms)
✔ 拒绝current重复引用，不吞掉损坏记录 (0.0395ms)
✔ 拒绝审计孤儿，不吞掉损坏记录 (0.035875ms)
✔ 已保存实体损坏编号、缺少meta或重复meta不能伪造正常空源 (0.158209ms)
✔ 未登记key及空白JSON拒绝；null明确代表没有覆盖 (0.0585ms)
✔ 备份校验拒绝未知来源集合、伪造迁移身份及丢失检查点实体 (1.599875ms)
✔ 四类静态运行任务的删除标记完整往返，拒绝混入业务字段或假删除 (0.370541ms)
✔ 分配副产物按实体保存；合同、样衣及PPIC责任保留独立序号 (1.368541ms)
✔ 拒绝缺失渲染必需快照的合同，防止迁移清源后才暴露损坏 (0.318208ms)
✔ 关联实体损坏拒绝 unknown:X (0.120625ms)
✔ 关联实体损坏拒绝 material-context:A (0.069166ms)
✔ 关联实体损坏拒绝 return-sequence:value (0.055042ms)
✔ 关联实体损坏拒绝 sla-current:T (0.149666ms)
✔ 生产创建匹配来源按生产单身份校验并完整恢复 (0.324166ms)
✔ 工厂结束事实只允许明确任务、操作人和时间 (0.863208ms)
✔ 既有招标定标记录保留真实来源编号并校验价格与操作人 (0.213417ms)
✔ 开工交出单头只包含首次零交出事实，拒绝伪造数量和身份 (0.259667ms)
(node:74706) ExperimentalWarning: localStorage is not available because --localstorage-file was not provided.
(Use `node --trace-warnings ...` to show where the warning was created)
✔ 同分配的同名 A/B 面料分别新增和打印；第二面料不被第一范围替代 (92.526208ms)
(node:74708) ExperimentalWarning: localStorage is not available because --localstorage-file was not provided.
(Use `node --trace-warnings ...` to show where the warning was created)
✔ 分配 SKU 的需料不同；多尺码共料去重，名称含朴排除 (1.411167ms)
✔ 完整但全是朴为空集合；缺颜色映射或空名称属于资料错误 (1.6175ms)
✔ 同名不同编码面料不混并；BOM 身份歧义阻断 (0.357375ms)
✔ 交出回执从快照保留三种明细，Yard 与米不进入裁片数量 (0.801917ms)
✔ 回执任务读取保持数组身份；只在事实变更后重新投影 (0.316625ms)
✔ 款式需料读取的配置查询只返回独立副本，不能污染下次来源读取 (18.873958ms)
✔ 来源读取失败时不能把不可用哨兵值当作稳定分配继续保存 (1.166792ms)
✔ 历史裁片实交保留原数量与归属，其他集合不混入 (0.679542ms)
✔ 历史缺原版本、交错明细、负数量或记录身份错误均阻断恢复 (0.328041ms)
✔ 面辅料单不可写入退役裁片历史，未完成迁移标记不可恢复 (0.307625ms)
✔ 并发调用复用同一个模块加载 Promise，成功后继续复用结果 (0.839ms)
✔ 模块加载失败后清空缓存，下一次调用可以重试 (0.311708ms)
(node:74711) ExperimentalWarning: localStorage is not available because --localstorage-file was not provided.
(Use `node --trace-warnings ...` to show where the warning was created)
✔ CONTRACT-005: native legacy task fixture exposes the actual missing allocation date at PDA and progress board entries (1493.935208ms)
(node:74712) ExperimentalWarning: localStorage is not available because --localstorage-file was not provided.
(Use `node --trace-warnings ...` to show where the warning was created)
✔ CONTRACT-002: later factory acceptance retains its fact without postponing business allocation deadlines (1.490042ms)
✔ CONTRACT-002: missing business allocation time produces a visible verification gap instead of acceptance-based deadlines (0.208917ms)
✔ CONTRACT-002: historical acceptance-based snapshots remain intact but cannot establish current contract deadlines (0.306542ms)
✔ CONTRACT-002: shared PDA and progress board show missing allocation dates without claiming zero-receipt tasks are complete (0.587416ms)
✔ CONTRACT-002: confirmed dates still show the next contractual node and complete only after all 100 pieces are received (0.442875ms)
✔ CONTRACT-002: outsourcing tracking uses allocation dates for tender tasks and marks missing dates as unverified (19.100458ms)
(node:74713) ExperimentalWarning: localStorage is not available because --localstorage-file was not provided.
(Use `node --trace-warnings ...` to show where the warning was created)
✔ 刷新时静态样衣命令重建不重放到已移交的持久用户状态，构造失败恢复输入 (12.516834ms)
✔ 独立打印外壳只命中完整生产确认单打印路由 (0.618292ms)
✔ 既有固定打印路由仍使用独立打印外壳 (0.112083ms)
(node:74717) ExperimentalWarning: localStorage is not available because --localstorage-file was not provided.
(Use `node --trace-warnings ...` to show where the warning was created)
✔ TP-ID-002: FCS live hydration cannot change the static 26 identities or their numeric sequence (12.798791ms)
✔ TP-DATA-001: baseline has 20 actual complete formal versions and three plus three draft review states (2.673959ms)
✔ TP-ROUTE-001: all twenty formal routes have three resolvable dye→print→wash chains and five two-craft pieces (208.145625ms)
✔ TP-ID-001: ID is persisted independent of ordering and next identity uses the global maximum (4.45ms)
✔ TP-LEGACY-001: exact old static copies project read-only, preserve source identities and preserve changed records or content (18.562625ms)
✔ TP-LEGACY-002: repository reads old demo without writes; new legacy-source creation is rejected (408.554083ms)
✔ TP-LEGACY-003: early release content upgrades after person maintenance but genuine technical edits remain intact (6.795708ms)
✔ TP-PAGE-001: route rendering preserves stored IDs and hides objects without additional processing (114.230916ms)
✔ TP-PERSON-001: valid maintenance retains published content, records a log, and rejects wrong-role candidates (387.23325ms)
✔ technical version working-copy reads do not write and failed staging preserves data (first visit) (404.435667ms)
✔ technical version working-copy reads do not write and failed staging preserves data (saved data) (498.455292ms)
[PMS_IDB_LOAD_FAILED] { message: '当前浏览器不支持 IndexedDB,PMS 业务数据无法持久化。' }
✔ 五类页面共享采购到交出的串联 Mock，重复初始化不重置执行事实 (333.2785ms)
✔ 补齐串联 Mock 时压缩历史大签名，避免浏览器存储接近上限导致页面路由失败 (299.613125ms)
✔ 三个中央工厂在组织目录与执行工厂中身份一致且仅出现一次 (0.561958ms)
✔ 花边角色与采购映射归属TMF但供应方仍保留独立身份 (0.089583ms)
✔ 橡筋定长切割仍归SPF，不成为TMF织带截断任务 (0.110042ms)
✔ 旧浏览器组织记录迁移后不与权威TMF并存且保留已有联系人 (3.282125ms)
(node:74726) ExperimentalWarning: localStorage is not available because --localstorage-file was not provided.
(Use `node --trace-warnings ...` to show where the warning was created)
✔ 连续织带实际650米交出→648+2实收→染色可用650，仓库和用料保持米制且无公斤换算 (14.622542ms)
✔ 连续长度口径不可用于纱线/码制，普通辅料仍要求实际称重 (1.154917ms)
✔ 原生连续辅料染色650→640：实际工厂实收及用料驱动加工，使用对象对应蓝色织带参考图 (607.369458ms)
✔ 织带与绳子参考档案接入实际物料库，保留图片来源和未确认尺寸，不替换橡筋 (153.691667ms)
✔ 同分钟新建不同幅宽织带和绳径主档不共用 SPU 身份，SKU 保持各自父档与主单位 (24.124125ms)
✔ TMF半成品SKU按SPU→潘通色号→颜色→花型生成，长度和端头不进入SKU (0.182ms)
(node:74729) ExperimentalWarning: localStorage is not available because --localstorage-file was not provided.
(Use `node --trace-warnings ...` to show where the warning was created)
✔ TMF发布采用链：技术包发布门禁→审核发布→启用→生产单采用→生成织带加工需求 (2476.345416ms)
✔ TMF发布门禁：含织带截断工序但规格未补齐的采用版本不能发布 (698.416167ms)
✔ 正式生产路线只关联相邻同BOM同SKU的染色→印花，不生成数量或修改来源 (0.979375ms)
✔ 跨单/版本/工序/用途/SKU/单位、缺工厂与已有其他接收单都不能接续 (0.282ms)
✔ 印花连续辅料仅接同版本同BOM的直接截断节点，不修改SKU和数量 (0.695042ms)
✔ 染色来源已绑定印花时拒绝直接截断，不读取不存在的顶层字段 (0.258083ms)
✔ TMF V1 原型范围、工厂身份和现场默认参数已冻结 (0.925ms)
✔ TMF 风险动作默认要求主管与二次确认，采购行身份不可丢失 (0.108917ms)
[PMS_IDB_LOAD_FAILED] { message: '当前浏览器不支持 IndexedDB,PMS 业务数据无法持久化。' }
[PMS_IDB_UNAVAILABLE] put 跳过,数据仅保留在内存 { store: 'pmsMaterialPurchaseOrderDeltas', key: 'CGF-2026-0007' }
[PMS_IDB_UNAVAILABLE] put 跳过,数据仅保留在内存 { store: 'pmsMaterialPurchaseOrderDeltas', key: 'CGF-2026-0009' }
[PMS_IDB_UNAVAILABLE] put 跳过,数据仅保留在内存 { store: 'pmsMaterialPurchaseOrderDeltas', key: 'CGF-2026-0009' }
{"scenario":"N02","scope":"业务动作主链含纱线重量账；含端头辅材采购实收；不含PCS发布采用页面、纱线采购上游","purchaseReceived":1300,"productionReceived":1000,"warehouseContinuousM":30,"netCutM":1260,"lossM":10,"headUnit":"个","headReceived":2020,"headRemaining":15}
[PMS_IDB_UNAVAILABLE] put 跳过,数据仅保留在内存 { store: 'pmsMaterialPurchaseOrderDeltas', key: 'CGF-2026-0010' }
[PMS_IDB_UNAVAILABLE] put 跳过,数据仅保留在内存 { store: 'pmsMaterialPurchaseOrderDeltas', key: 'CGF-2026-0010' }
{"scenario":"N03","scope":"业务动作主链含纱线重量账；含端头辅材采购实收；不含PCS发布采用页面、纱线采购上游","purchaseReceived":60,"productionReceived":100,"warehouseContinuousM":9,"netCutM":50,"lossM":1,"headUnit":"个","headReceived":202,"headRemaining":1}
[PMS_IDB_UNAVAILABLE] put 跳过,数据仅保留在内存 { store: 'pmsMaterialPurchaseOrderDeltas', key: 'CGF-2026-0011' }
[PMS_IDB_UNAVAILABLE] put 跳过,数据仅保留在内存 { store: 'pmsMaterialPurchaseOrderDeltas', key: 'CGF-2026-0011' }
{"scenario":"N04","scope":"业务动作主链含纱线重量账；含端头辅材采购实收；不含PCS发布采用页面、纱线采购上游","purchaseReceived":100,"productionReceived":50,"warehouseContinuousM":34,"netCutM":65,"lossM":1,"headUnit":"kg","headReceived":0.2,"headRemaining":0.04}
[PMS_IDB_UNAVAILABLE] put 跳过,数据仅保留在内存 { store: 'pmsMaterialPurchaseOrderDeltas', key: 'CGF-2026-0012' }
[PMS_IDB_UNAVAILABLE] put 跳过,数据仅保留在内存 { store: 'pmsMaterialPurchaseOrderDeltas', key: 'CGF-2026-0012' }
{"scenario":"B06","scope":"规范数量动作链；塑料头从仓库实收事实开始，补购基础生产未虚构纱线配方；不代表全部页面验收","continuous":9,"productionReceived":1000,"scrapped":100,"scrappedMeters":120,"loss":11,"metalRemaining":15,"plasticRemaining":2}
{"scenario":"N05","mergedBatch":"FULL-N05-MERGED","purchaseReceivedM":120,"mergedIssuedM":102,"mergedProducedPieces":200,"productionReceivedByOrder":[100,100],"warehouseContinuousM":19,"lossM":1,"returnedM":1}
{"scenario":"B17","mergedBatch":"FULL-B17-MERGED","purchaseReceivedM":120,"mergedIssuedM":102,"mergedProducedPieces":200,"productionReceivedByOrder":[100,100],"warehouseContinuousM":19,"lossM":1,"returnedM":1}
{"scenario":"N01","rawReceivedKg":12,"consumedKg":10,"returnedKg":1,"factoryRemainingKg":1,"semiFinishedReceivedM":1000}
{"scenario":"N02","rawReceivedKg":12,"consumedKg":10,"returnedKg":1,"factoryRemainingKg":1,"semiFinishedReceivedM":1300}
{"scenario":"N03","rawReceivedKg":12,"consumedKg":10,"returnedKg":1,"factoryRemainingKg":1,"semiFinishedReceivedM":60}
{"scenario":"N04","rawReceivedKg":12,"consumedKg":10,"returnedKg":1,"factoryRemainingKg":1,"semiFinishedReceivedM":100}
{"scenario":"N05","rawReceivedKg":12,"consumedKg":10,"returnedKg":1,"factoryRemainingKg":1,"semiFinishedReceivedM":120}
{"scenario":"PRINTBACK-source-fixture","nativePrint":{"inputM":650,"outputM":630,"lossM":20,"outputImage":"MISSING_BLOCKED"},"sourceDispatched":630,"actualReceived":630,"cutMeters":620,"lossMeters":2,"returnedMeters":8,"baseLeftMeters":350,"scope":"原生印花650→630已独立重放；下游630米交出仍为专项夹具，不替代缺图正式交出或N01完整上游"}
{"scenario":"B09-downstream-recovery","basePhysicalM":350,"otherReservedM":350,"baseAvailableM":0,"processedReturnM":8,"productionPieces":[400,600],"scope":"含实际占用失败、释放、发料及印花回料后全链；原生印染20米损耗未执行，不是完整B09通过"}
{"scenario":"B05-cut-recovery","received":[400,600],"frozenPieces":10,"frozenLengthMm":500,"continuous":2.5,"cutLoss":2.5,"upstreamScope":"印花630米已交出为外部专项夹具，不冒充原生印染20米损耗或全N01"}
(node:74732) ExperimentalWarning: localStorage is not available because --localstorage-file was not provided.
(Use `node --trace-warnings ...` to show where the warning was created)
✔ N01～N05：通过现有 PMS 入口下达，每条采购链从零执行到仓库实收；交出不提前增加库存 (21.834417ms)
✔ 半成品加工没有原料实收和足量耗用时禁止产出，补齐同一原料链后才能填报 (5.408208ms)
✔ MOCK-007：规范场景使用同一采购行、基础单和生产需求身份，不复制孤立页面 Mock (4.741458ms)
✔ MOCK-009：重置只重载隔离的运行态，不清除用户浏览器数据 (0.464333ms)
✔ B01/B03：短收保留在途和采购缺口；重复扫描、生成和刷新不双记 (1.276584ms)
✔ B02/B04：多收、错 SKU、错仓和无权限动作不改变任意下游数量；恢复后正常收齐 (1.853292ms)
✔ OVR-001～003：超产与超收须主管二次确认，计划不扩、幂等且下游一致 (3.297958ms)
✔ MASTER-001～003/005：采购与端头采购映射原型内建主档，缺失阻断且身份稳定 (7.991375ms)
✔ MASTER-004：映射前历史记录保留原快照与未映射标记，不批量改写 (0.783ms)
✔ TERM-001～005：取消后终止处置台逐项决定，未处置不得结案且数量对账守恒 (11.046209ms)
✔ 终止连续余料：实物余量只扣一次报废，拒绝超量且剩余数量可继续处置 (5.428417ms)
✔ GAP-TERM-004：上游未收与生产在途分别确认去向，不可重复登记 (1.004667ms)
✔ DYE-001～003：染色直交织带厂按实际交出分配实收，追溯原染色单且不重复扣料 (723.142792ms)
✔ 采购追加：未开始同步计划，已执行保留原计划和实物并处理变更 (8.702625ms)
✔ B21：保存失败不报成功、不留部分库存；成功后刷新读取同一采购和收货事实 (1.789958ms)
✔ 采购→两种规格截断→拆包回仓→分配发料→生产实收：短收保留缺口，库存及采购不双记 (34.814625ms)
✔ B09：其他需求占用400米时不能再占650；释放50后恢复，错误发料不改变库存 (8.057333ms)
✔ 需求来源：同尺码不同成衣SKU分别保留，BOM适用范围生效，错误快照和重复工序阻断 (0.661375ms)
✔ 待打头条料不计合格产出；超公差实物记不良且照实扣下料当量，未实收不可截断 (50.195333ms)
✔ N04：采购100米→单端硅胶按kg实耗→回仓发料→生产实收50根，连续料剩34米 (35.136666ms)
✔ B15：截断后取消保留1000根在制和1260米当量，释放未发占用并只退连续余料 (42.084458ms)
✔ 已回仓部分发料后取消：释放未发分配，冻结实存，已发在途保留且实收不恢复需求 (22.483417ms)
✔ N02规范数值：采购→实际加工→生产实收及米料/辅材退仓整链 (105.347833ms)
✔ N03规范数值：采购→实际加工→生产实收及米料/辅材退仓整链 (79.771ms)
✔ N04规范数值：采购→实际加工→生产实收及米料/辅材退仓整链 (86.227667ms)
✔ B06规范恢复：误装100根报废→补购100米并补做→生产实收1000根，三套实物账守恒 (202.859708ms)
✔ N05合并批：120米采购→102米合并投入→两生产单各实收100，B17独立副本拆100为40+60 (161.385209ms)
✔ B17合并批：120米采购→102米合并投入→两生产单各实收100，B17独立副本拆100为40+60 (215.52325ms)
✔ N01～N05基础原料重量账：源仓实收→发出→工厂实收→耗用/余料→原仓实收，与米制产出独立 (437.714375ms)
✔ 主生产单暂停/取消直接限制织带执行，已发实收保留且取消处置释放未发占用 (99.926834ms)
✔ 冷启动及旧标签页均读取已保存主单限制，损坏来源不默许执行 (0.446958ms)
✔ 印花交出按两种长度分配，原单分次实收唯一记账，随后截断/回仓/领料守恒 (732.36475ms)
✔ 主单离页保存保留其他页取消及新增单，同单并发编辑和存储失败不覆盖 (5.99175ms)
✔ 技术包换版后旧规格冻结，已交出的仓库及生产在途可实收且不改旧长度 (95.444083ms)
✔ 未发料换版释放旧占用，新需求从备料至生产实收，旧预览和已执行重算阻断 (138.327541ms)
✔ 已加工换版：旧200条冻结并释放未发分配，新550/700mm需求实收1000条，旧预览失效且库存守恒 (169.801ms)
✔ B05实际410/590错配：短条余量冻结，连续余料8米补10条700mm至两规格生产实收 (310.69125ms)
✔ 加工计划时间独立保存：明确时区、并发版本阻断、实际节点不倒推开完工且库存不变 (30.681ms)
✔ 加工单费用按技术包需求计价：单位、币种和版本可追溯，库存与实收不被费用动作改变 (27.067791ms)
✔ 织带加工单没有接单或开工门禁，投入实收后可直接加工填报 (73.302875ms)
✔ B23未执行采购1000减900：版本留痕、旧预览阻断、重新确认接受后900实际生产实收 (67.413542ms)
✔ B24实收1000退100：仓库交出与TMF分次实收独立，原收保留且净900后减量 (113.866291ms)
✔ 采购取消门禁：无执行事实可取消，已收货或已生产必须先处置不能直接结案 (63.269042ms)
[PMS_IDB_LOAD_FAILED] { message: '当前浏览器不支持 IndexedDB,PMS 业务数据无法持久化。' }
[PMS_IDB_UNAVAILABLE] put 跳过,数据仅保留在内存 { store: 'pmsMaterialPurchaseOrderDeltas', key: 'CGF-2026-0007' }
[PMS_IDB_LOAD_FAILED] { message: '当前浏览器不支持 IndexedDB,PMS 业务数据无法持久化。' }
[PMS_IDB_LOAD_FAILED] { message: '当前浏览器不支持 IndexedDB,PMS 业务数据无法持久化。' }
[PMS_IDB_LOAD_FAILED] { message: '当前浏览器不支持 IndexedDB,PMS 业务数据无法持久化。' }
[PMS_IDB_UNAVAILABLE] put 跳过,数据仅保留在内存 { store: 'pmsMaterialPurchaseOrderDeltas', key: 'CGF-2026-0007' }
[PMS_IDB_UNAVAILABLE] put 跳过,数据仅保留在内存 { store: 'pmsMaterialPurchaseOrderDeltas', key: 'CGF-2026-0007' }
[PMS_IDB_UNAVAILABLE] put 跳过,数据仅保留在内存 { store: 'pmsMaterialPurchaseOrderDeltas', key: 'CGF-2026-0007' }
[PMS_IDB_LOAD_FAILED] { message: '当前浏览器不支持 IndexedDB,PMS 业务数据无法持久化。' }
[PMS_IDB_LOAD_FAILED] { message: '当前浏览器不支持 IndexedDB,PMS 业务数据无法持久化。' }
[PMS_IDB_LOAD_FAILED] { message: '当前浏览器不支持 IndexedDB,PMS 业务数据无法持久化。' }
✔ PMS采购实际仓库实收与原料库存一次保存；分批、刷新、原料使用和退回均不重复履约 (223.726833ms)
✔ 历史手工到货及不支持的单位不能直接变成投入料可用库存 (0.726917ms)
✔ 首次实收前供应商确认与关闭可刷新恢复，保存失败和损坏存储不会覆盖状态 (2.819125ms)
✔ N01采用路线按染色→印花关联原单，多尺码不重复列工序，不修改印染数量 (1.761709ms)
✔ 旧版本、错误SKU、码制单位、取消或变更待处理均不作为有效关联 (0.362125ms)
✔ 同号不同生产单或BOM不得关联，重复来源不静默选择，混合快照阻断 (0.351333ms)
✔ 编辑器按尺码保留规格，截断打头不新建SKU，重复保存沿用节点身份 (4.90625ms)
✔ 无印染要求时 TMF 路线只生成截断节点，不凭空生成染色或印花节点 (0.387083ms)
✔ 前序印染产出SKU作为截断投入；保留独立橡筋工艺，移除打头后下游连接截断 (0.950583ms)
✔ 未明确打头、错误辅料BOM、无半成品和不合法前序不能生成可执行路线 (0.344125ms)
(node:74736) ExperimentalWarning: localStorage is not available because --localstorage-file was not provided.
(Use `node --trace-warnings ...` to show where the warning was created)
✔ N01：400 条 50CM 和 600 条 70CM 分行计算，共 620 米；未增加 SKU (2.694208ms)
✔ 缺少尺码数量、非整数条数、公差或测量条件时不猜测需求 (0.921208ms)
✔ B07：未选择打头、缺少端头方式或辅材不能确认；支持两端不同端头 (0.523709ms)
✔ N04/B08：硅胶按重量且必须有覆盖长度，不作为独立金属头计数 (0.21175ms)
✔ B18：打头只能承接对应截断条料，不能换 SKU、换长度或重新领连续料 (0.708625ms)
✔ N05：规格相同可以合并，但尺码、用途和需求身份不靠物理规格键代替 (0.281459ms)
✔ B14：修改后续版本端头要求不能污染生产单历史快照 (1.7245ms)
✔ 发布门禁：含织带截断工序的技术包必须规格完整且规格仍关联当前 BOM (8.185166ms)
(node:74737) ExperimentalWarning: localStorage is not available because --localstorage-file was not provided.
(Use `node --trace-warnings ...` to show where the warning was created)
✔ 已提交新周期可由真实袋档案进入历史，错误袋和未知周期仍拒绝 (1.397083ms)
(node:74738) ExperimentalWarning: localStorage is not available because --localstorage-file was not provided.
(Use `node --trace-warnings ...` to show where the warning was created)
✔ REPLACEMENT_FABRIC 已绑定有效同生产单任务保留归属，不按部位裁片SKU消除 (21.912ms)
✔ REPLACEMENT_FABRIC 未绑定票不猜任务，可由用户明确同批加入 (10.554709ms)
✔ REPLACEMENT_FABRIC old-factory 旧绑定不可作为当前任务沿用 (15.970667ms)
✔ REPLACEMENT_FABRIC other-order 旧绑定不可作为当前任务沿用 (10.4695ms)
✔ BINDING_STRIP 已绑定有效同生产单任务保留归属，不按部位裁片SKU消除 (7.823208ms)
✔ BINDING_STRIP 未绑定票不猜任务，可由用户明确同批加入 (6.848417ms)
✔ BINDING_STRIP old-factory 旧绑定不可作为当前任务沿用 (6.81875ms)
✔ BINDING_STRIP other-order 旧绑定不可作为当前任务沿用 (6.97975ms)
ℹ tests 693
ℹ suites 0
ℹ pass 693
ℹ fail 0
ℹ cancelled 0
ℹ skipped 0
ℹ todo 0
ℹ duration_ms 22154.232542
vite v6.4.3 building for production...
transforming...
✓ 2736 modules transformed.
Circular chunk: pcs-tech-pack-review -> pcs-tech-pack-bootstrap -> pcs-tech-pack-review. Consider disabling the "output.onlyExplicitManualChunks" option, as enabling it causes the static dependencies of the manual chunk "pcs-tech-pack-bootstrap" to be bundled into the chunk "pcs-tech-pack-review".
rendering chunks...
[plugin vite:reporter] 
(!) /Users/laoer/.codex/worktrees/9ec5/higoods/src/components/production-object-floating-entry.ts is dynamically imported by /Users/laoer/.codex/worktrees/9ec5/higoods/src/main.ts but also statically imported by /Users/laoer/.codex/worktrees/9ec5/higoods/src/components/shell.ts, dynamic import will not move module into another chunk.

[plugin vite:reporter] 
(!) /Users/laoer/.codex/worktrees/9ec5/higoods/src/data/fcs/cut-piece-release.ts is dynamically imported by /Users/laoer/.codex/worktrees/9ec5/higoods/src/data/fcs/cutting/cut-piece-ticket-validity.ts, /Users/laoer/.codex/worktrees/9ec5/higoods/src/data/fcs/cutting/cut-piece-ticket-validity.ts, /Users/laoer/.codex/worktrees/9ec5/higoods/src/data/fcs/cutting/cutting-event-repository.ts, /Users/laoer/.codex/worktrees/9ec5/higoods/src/data/fcs/cutting/cutting-event-repository.ts, /Users/laoer/.codex/worktrees/9ec5/higoods/src/data/fcs/production-context-actions.ts but also statically imported by /Users/laoer/.codex/worktrees/9ec5/higoods/src/data/fcs/runtime-process-tasks.ts, /Users/laoer/.codex/worktrees/9ec5/higoods/src/data/fcs/sewing-assignment-readiness.ts, /Users/laoer/.codex/worktrees/9ec5/higoods/src/data/fcs/sewing-production-order-duration.ts, /Users/laoer/.codex/worktrees/9ec5/higoods/src/pages/fcs/material-prep/sewing.ts, /Users/laoer/.codex/worktrees/9ec5/higoods/src/pages/process-factory/cutting/cut-order-release-integration.ts, /Users/laoer/.codex/worktrees/9ec5/higoods/src/pages/process-factory/cutting/cut-piece-release.ts, /Users/laoer/.codex/worktrees/9ec5/higoods/src/pages/process-factory/cutting/cutting-daily-production-report-model.ts, /Users/laoer/.codex/worktrees/9ec5/higoods/src/pages/process-factory/cutting/supplement-management.ts, /Users/laoer/.codex/worktrees/9ec5/higoods/src/pages/sewing-outsourcing/tasks.ts, /Users/laoer/.codex/worktrees/9ec5/higoods/src/pages/unified-dispatch-workbench.ts, dynamic import will not move module into another chunk.

[plugin vite:reporter] 
(!) /Users/laoer/.codex/worktrees/9ec5/higoods/src/data/fcs/printing-task-domain.ts is dynamically imported by /Users/laoer/.codex/worktrees/9ec5/higoods/src/data/fcs/dyeing-task-domain.ts, /Users/laoer/.codex/worktrees/9ec5/higoods/src/data/fcs/tmf-upstream-process-orders.ts, /Users/laoer/.codex/worktrees/9ec5/higoods/src/data/pms/tmf-material-purchases.ts, /Users/laoer/.codex/worktrees/9ec5/higoods/src/pages/process-factory/accessory/webbing/work-order-detail.ts, /Users/laoer/.codex/worktrees/9ec5/higoods/src/pages/process-factory/accessory/webbing/work-order-detail.ts but also statically imported by /Users/laoer/.codex/worktrees/9ec5/higoods/src/data/fcs/cutting/material-prep.ts, /Users/laoer/.codex/worktrees/9ec5/higoods/src/data/fcs/cutting/supplement-node-facts.ts, /Users/laoer/.codex/worktrees/9ec5/higoods/src/data/fcs/design-revision-material-transfer.ts, /Users/laoer/.codex/worktrees/9ec5/higoods/src/data/fcs/design-revision-process-work-order-adapter.ts, /Users/laoer/.codex/worktrees/9ec5/higoods/src/data/fcs/factory-receiving-links.ts, /Users/laoer/.codex/worktrees/9ec5/higoods/src/data/fcs/factory-receiving-source-sync.ts, /Users/laoer/.codex/worktrees/9ec5/higoods/src/data/fcs/mobile-execution-task-index.ts, /Users/laoer/.codex/worktrees/9ec5/higoods/src/data/fcs/pda-start-link.ts, /Users/laoer/.codex/worktrees/9ec5/higoods/src/data/fcs/printing-factory-demos.ts, /Users/laoer/.codex/worktrees/9ec5/higoods/src/data/fcs/printing-material-receipts.ts, /Users/laoer/.codex/worktrees/9ec5/higoods/src/data/fcs/printing-statistics.ts, /Users/laoer/.codex/worktrees/9ec5/higoods/src/data/fcs/printing-warehouse-view.ts, /Users/laoer/.codex/worktrees/9ec5/higoods/src/data/fcs/printing-work-order-business.ts, /Users/laoer/.codex/worktrees/9ec5/higoods/src/data/fcs/process-action-writeback-service.ts, /Users/laoer/.codex/worktrees/9ec5/higoods/src/data/fcs/process-execution-writeback.ts, /Users/laoer/.codex/worktrees/9ec5/higoods/src/data/fcs/process-mobile-task-binding.ts, /Users/laoer/.codex/worktrees/9ec5/higoods/src/data/fcs/process-warehouse-linkage-service.ts, /Users/laoer/.codex/worktrees/9ec5/higoods/src/data/fcs/process-web-status-actions.ts, /Users/laoer/.codex/worktrees/9ec5/higoods/src/data/fcs/process-work-order-domain.ts, /Users/laoer/.codex/worktrees/9ec5/higoods/src/data/fcs/process-work-order-generation-service.ts, /Users/laoer/.codex/worktrees/9ec5/higoods/src/data/fcs/production-demand-early-process-work-orders.ts, /Users/laoer/.codex/worktrees/9ec5/higoods/src/data/fcs/production-object-overview.ts, /Users/laoer/.codex/worktrees/9ec5/higoods/src/data/fcs/production-process-work-order-service.ts, /Users/laoer/.codex/worktrees/9ec5/higoods/src/data/fcs/production-task-breakdown.ts, /Users/laoer/.codex/worktrees/9ec5/higoods/src/data/fcs/task-print-cards.ts, /Users/laoer/.codex/worktrees/9ec5/higoods/src/pages/pcs-independent-sampling.ts, /Users/laoer/.codex/worktrees/9ec5/higoods/src/pages/pda-exec-detail.ts, /Users/laoer/.codex/worktrees/9ec5/higoods/src/pages/pda-exec.ts, /Users/laoer/.codex/worktrees/9ec5/higoods/src/pages/pda-task-receive.ts, /Users/laoer/.codex/worktrees/9ec5/higoods/src/pages/print/templates/printing-work-order-template.ts, /Users/laoer/.codex/worktrees/9ec5/higoods/src/pages/process-factory/cutting/production-order-overview-projection.ts, /Users/laoer/.codex/worktrees/9ec5/higoods/src/pages/process-factory/dyeing/pending-receipts.ts, /Users/laoer/.codex/worktrees/9ec5/higoods/src/pages/process-factory/printing/dashboards.ts, /Users/laoer/.codex/worktrees/9ec5/higoods/src/pages/process-factory/printing/dialogs.ts, /Users/laoer/.codex/worktrees/9ec5/higoods/src/pages/process-factory/printing/dispatch.ts, /Users/laoer/.codex/worktrees/9ec5/higoods/src/pages/process-factory/printing/events.ts, /Users/laoer/.codex/worktrees/9ec5/higoods/src/pages/process-factory/printing/presentation.ts, /Users/laoer/.codex/worktrees/9ec5/higoods/src/pages/process-factory/printing/shared.ts, /Users/laoer/.codex/worktrees/9ec5/higoods/src/pages/process-factory/printing/statistics.ts, /Users/laoer/.codex/worktrees/9ec5/higoods/src/pages/process-factory/printing/work-order-detail.ts, /Users/laoer/.codex/worktrees/9ec5/higoods/src/pages/process-print-orders.ts, /Users/laoer/.codex/worktrees/9ec5/higoods/src/pages/process-work-orders/early-process-management.ts, /Users/laoer/.codex/worktrees/9ec5/higoods/src/pages/production/demand-domain.ts, /Users/laoer/.codex/worktrees/9ec5/higoods/src/runtime/fcs/cutting/pickup-management-runtime.ts, dynamic import will not move module into another chunk.

computing gzip size...
dist/index.html                                                          12.67 kB │ gzip:   3.08 kB
dist/assets/pcs-pattern-parse.worker-B3_rAVMB.js                         18.52 kB
dist/assets/pcs-record-baseline-BWpImHil.json                         4,125.30 kB │ gzip: 226.59 kB
dist/assets/order-pages-BLg6Ma6N.css                                     85.42 kB │ gzip:  15.73 kB
dist/assets/index-ohj5SmiW.css                                          155.28 kB │ gzip:  25.50 kB
dist/assets/domain-snapshot-BHTcyZv4.js                                   0.34 kB │ gzip:   0.26 kB
dist/assets/sample-warehouse-projection-2eQ4Pey0.js                       0.39 kB │ gzip:   0.25 kB
dist/assets/pcs-engineering-bom-snapshot-source-C8cuesNz.js               0.41 kB │ gzip:   0.30 kB
dist/assets/real-qr-placeholder-B7_ArJ6c.js                               0.52 kB │ gzip:   0.36 kB
dist/assets/pcs-record-bootstrap-Bldjggnr.js                              0.56 kB │ gzip:   0.45 kB
dist/assets/dialogs-CZNx79Hl.js                                           0.59 kB │ gzip:   0.31 kB
dist/assets/design-revision-pcs-command-DvTs8gWx.js                       0.68 kB │ gzip:   0.38 kB
dist/assets/pcs-storage-error-CmZMLu7g.js                                 0.71 kB │ gzip:   0.52 kB
dist/assets/badge--EF7A_yG.js                                             0.78 kB │ gzip:   0.42 kB
dist/assets/images-Q79qfJD0.js                                            0.80 kB │ gzip:   0.35 kB
dist/assets/pms-export-DJ6aUok-.js                                        0.83 kB │ gzip:   0.50 kB
dist/assets/placeholder-8u5IzgcC.js                                       0.85 kB │ gzip:   0.47 kB
dist/assets/pda-cutting-save-Bh3brgOw.js                                  0.89 kB │ gzip:   0.60 kB
dist/assets/trace-AjCi0YgM.js                                             0.89 kB │ gzip:   0.51 kB
dist/assets/execution-prep-projection-helpers-B9_WfyCQ.js                 0.94 kB │ gzip:   0.46 kB
dist/assets/history-fnQroGfp.js                                           0.94 kB │ gzip:   0.61 kB
dist/assets/payment-sync-RGQcHwur.js                                      0.97 kB │ gzip:   0.62 kB
dist/assets/tmf-reference-images-6geKcU1B.js                              0.98 kB │ gzip:   0.50 kB
dist/assets/print-service-CyrwQfQw.js                                     1.04 kB │ gzip:   0.52 kB
dist/assets/pda-sewing-self-return-mode-CVT5AEl1.js                       1.07 kB │ gzip:   0.54 kB
dist/assets/process-work-order-generation-service-DQn4qjdh.js             1.07 kB │ gzip:   0.65 kB
dist/assets/detail.adapter-D-35K-CD.js                                    1.08 kB │ gzip:   0.68 kB
dist/assets/material-purchase-references-C2WzBGFB.js                      1.10 kB │ gzip:   0.58 kB
dist/assets/routes-los-GyxpyD69.js                                        1.14 kB │ gzip:   0.54 kB
dist/assets/dyeing-material-receipts-DELJGq82.js                          1.14 kB │ gzip:   0.75 kB
dist/assets/pda-runtime-nVsCRPwR.js                                       1.21 kB │ gzip:   0.66 kB
dist/assets/tech-pack-DE7M3dZQ.js                                         1.28 kB │ gzip:   0.59 kB
dist/assets/overview-FFTbtts9.js                                          1.29 kB │ gzip:   0.71 kB
dist/assets/process-work-order-source-view-BOLPbH9N.js                    1.30 kB │ gzip:   0.58 kB
dist/assets/transfer-bag-handover-mock-Dc3QOVWY.js                        1.31 kB │ gzip:   0.71 kB
dist/assets/pcs-tech-pack-review-notification-repository-COTEUybf.js      1.34 kB │ gzip:   0.59 kB
dist/assets/replacement-fabric-scan-Diay0N2r.js                           1.34 kB │ gzip:   0.82 kB
dist/assets/work-order-action-policy-B_htTkaE.js                          1.34 kB │ gzip:   0.68 kB
dist/assets/real-qr-CG1xZ-h5.js                                           1.39 kB │ gzip:   0.80 kB
dist/assets/filter-bar-sv68655V.js                                        1.49 kB │ gzip:   0.81 kB
dist/assets/factory-types-DbcizYGx.js                                     1.52 kB │ gzip:   0.65 kB
dist/assets/material-identity-BuQHVmit.js                                 1.54 kB │ gzip:   0.84 kB
dist/assets/supplement-material-prep-demand-registry-DI-N3DvB.js          1.56 kB │ gzip:   0.75 kB
dist/assets/task-handover-domain-BeN87kJH.js                              1.57 kB │ gzip:   0.76 kB
dist/assets/pda-cutting-wait-handover-actions-YCpk_142.js                 1.58 kB │ gzip:   0.62 kB
dist/assets/warehouse-shared-DmdSJ9Sq.js                                  1.58 kB │ gzip:   0.51 kB
dist/assets/pcs-material-handoff-BQYOLEhO.js                              1.65 kB │ gzip:   0.80 kB
dist/assets/task-chain-pages-adapter-C11RO3GO.js                          1.71 kB │ gzip:   0.84 kB
dist/assets/pcs-tech-pack-version-log-repository-Cd8L3m6p.js              1.73 kB │ gzip:   0.78 kB
dist/assets/real-barcode-D8PcXnPm.js                                      1.81 kB │ gzip:   0.96 kB
dist/assets/tmf-upstream-receiving-DaESKIZy.js                            1.82 kB │ gzip:   1.14 kB
dist/assets/fei-tickets-storage-7KaIHPKx.js                               1.85 kB │ gzip:   0.58 kB
dist/assets/list-export-1nBGBWPs.js                                       1.86 kB │ gzip:   1.09 kB
dist/assets/toast-DGuU0sOi.js                                             1.87 kB │ gzip:   0.90 kB
dist/assets/wool-pda-scan-BJKV7CS6.js                                     1.88 kB │ gzip:   1.03 kB
dist/assets/mixed-transfer-bag-ticket-DETTPWFm.js                         1.89 kB │ gzip:   0.79 kB
dist/assets/kol-goto-fixed-total-ledger-Bo4eaV3_.js                       1.93 kB │ gzip:   0.93 kB
dist/assets/table-DiIGwTxB.js                                             2.04 kB │ gzip:   1.02 kB
dist/assets/pcs-action-dialog-Dc8HNTvI.js                                 2.09 kB │ gzip:   1.07 kB
dist/assets/binding-process-pda-scan-CewM74XS.js                          2.18 kB │ gzip:   1.13 kB
dist/assets/special-craft-pda-scope-D_xj3pUU.js                           2.24 kB │ gzip:   1.02 kB
dist/assets/cutting-record-identity-CtTd0WGy.js                           2.26 kB │ gzip:   1.23 kB
dist/assets/cutting-file-maintenance-CpFf-ADS.js                          2.33 kB │ gzip:   1.23 kB
dist/assets/helpers-BFKa6pUf.js                                           2.42 kB │ gzip:   1.21 kB
dist/assets/production-order-tech-pack-runtime-BcwCTCvK.js                2.44 kB │ gzip:   0.94 kB
dist/assets/mixed-bag-contents-BK_l-f1F.js                                2.52 kB │ gzip:   1.35 kB
dist/assets/tmf-work-order-view-BH8NU6y0.js                               2.56 kB │ gzip:   1.18 kB
dist/assets/production-context-recovery-Dau10mrQ.js                       2.56 kB │ gzip:   1.30 kB
dist/assets/factory-capacity-profile-mock-Dv5YtZGT.js                     2.64 kB │ gzip:   1.15 kB
dist/assets/pms-excel-import-DnMCWv6B.js                                  2.66 kB │ gzip:   1.32 kB
dist/assets/shared-DOZQ5sol.js                                            2.70 kB │ gzip:   1.02 kB
dist/assets/process-order-list-presentation-CDSqgPc3.js                   2.71 kB │ gzip:   1.26 kB
dist/assets/post-finishing-spu-technical-parameters-B9tQM7pA.js           2.79 kB │ gzip:   1.28 kB
dist/assets/marker-plan-projection-IqGF1e86.js                            2.82 kB │ gzip:   1.22 kB
dist/assets/process-order-task-relations-qG2YyQ4t.js                      2.97 kB │ gzip:   1.29 kB
dist/assets/product-skus-CEt6Fukj.js                                      3.03 kB │ gzip:   0.96 kB
dist/assets/production-order-identity-JqaIuzBe.js                         3.04 kB │ gzip:   1.26 kB
dist/assets/dialogs-59O3o0Y_.js                                           3.08 kB │ gzip:   1.26 kB
dist/assets/tabs-BMV0CGH_.js                                              3.09 kB │ gzip:   0.93 kB
dist/assets/pda-cutting-runtime-action-inputs-DlqNd2Y6.js                 3.13 kB │ gzip:   1.08 kB
dist/assets/trade-subjects-B1U82DIE.js                                    3.16 kB │ gzip:   1.12 kB
dist/assets/cutting-mainline-jL_8Xmdl.js                                  3.41 kB │ gzip:   1.53 kB
dist/assets/authorization-code-COeHWDKz.js                                3.58 kB │ gzip:   1.72 kB
dist/assets/work-order-detail-Fa9J-adZ.js                                 3.62 kB │ gzip:   1.51 kB
dist/assets/binding-process-warehouse-linkage-service-Cfxrlmdq.js         3.62 kB │ gzip:   1.38 kB
dist/assets/printing-sheet-preview-BmV2Dbwg.js                            3.65 kB │ gzip:   1.73 kB
dist/assets/fcs-route-links-CdIu8Xoq.js                                   3.67 kB │ gzip:   1.20 kB
dist/assets/shared-BE6j2p7a.js                                            3.72 kB │ gzip:   1.69 kB
dist/assets/quality-chain-adapter-ZnasNzh-.js                             3.73 kB │ gzip:   1.66 kB
dist/assets/confirmation-print-BCs-Tzj9.js                                3.79 kB │ gzip:   1.60 kB
dist/assets/shared-Py2FZsTJ.js                                            3.87 kB │ gzip:   1.62 kB
dist/assets/sewing-outsourcing-demo-Dl3gstGm.js                           4.05 kB │ gzip:   1.63 kB
dist/assets/task-route-card-qo2i9JSn.js                                   4.05 kB │ gzip:   1.74 kB
dist/assets/tipping-form-BMnZ0Sls.js                                      4.07 kB │ gzip:   2.03 kB
dist/assets/pcs-product-reference-check-Cpy8Bd44.js                       4.07 kB │ gzip:   1.69 kB
dist/assets/production-contract-print-CTSevf6E.js                         4.07 kB │ gzip:   2.07 kB
dist/assets/transfer-bag-repack-mock-wbyqEiw4.js                          4.09 kB │ gzip:   1.89 kB
dist/assets/task-delivery-card-DdiMVxp6.js                                4.11 kB │ gzip:   1.82 kB
dist/assets/transit-simple-lists-Dq1sYYT4.js                              4.17 kB │ gzip:   1.47 kB
dist/assets/pda-cutting-simple-cut-piece-handover-uko97Cwc.js             4.35 kB │ gzip:   1.94 kB
dist/assets/supplement-order-registry-CHnc7juB.js                         4.49 kB │ gzip:   1.76 kB
dist/assets/tmf-process-print-preview-Lpk8JXzT.js                         4.59 kB │ gzip:   2.16 kB
dist/assets/form-CxjwV3f4.js                                              4.74 kB │ gzip:   1.40 kB
dist/assets/layout.helpers-B4bvJRCq.js                                    4.76 kB │ gzip:   1.73 kB
dist/assets/runtime-task-tenders-YGz6fHpq.js                              4.76 kB │ gzip:   1.94 kB
dist/assets/preparation-material-receipt-sources-wBfU4t1I.js              4.76 kB │ gzip:   1.98 kB
dist/assets/relations-qPqtcqd_.js                                         4.80 kB │ gzip:   2.19 kB
dist/assets/sewing-outsourcing-responsibility-CTGcMylw.js                 4.82 kB │ gzip:   2.10 kB
dist/assets/transit-dashboard-BgT1y6oP.js                                 4.85 kB │ gzip:   2.04 kB
dist/assets/result-list-BEnFzeks.js                                       4.94 kB │ gzip:   2.06 kB
dist/assets/generated-cut-release-Cxi7dbfX.js                             4.95 kB │ gzip:   2.25 kB
dist/assets/store-domain-dispatch-process-Bdz4tNsa.js                     5.00 kB │ gzip:   1.94 kB
dist/assets/progress-board-2EOvlVZZ.js                                    5.02 kB │ gzip:   2.21 kB
dist/assets/process-order-list-controller-qwGI9Hia.js                     5.09 kB │ gzip:   1.90 kB
dist/assets/cutting-event-migration-Cr4oTzh0.js                           5.18 kB │ gzip:   2.07 kB
dist/assets/tmf-upstream-process-orders-DrZsFOwS.js                       5.23 kB │ gzip:   2.43 kB
dist/assets/material-requirements-CoWk9wNn.js                             5.27 kB │ gzip:   2.24 kB
dist/assets/process-work-order-quality-settlement-CjlVIwXy.js             5.33 kB │ gzip:   2.20 kB
dist/assets/replacement-fabric-fei-tickets-Ch1-5-QO.js                    5.60 kB │ gzip:   2.46 kB
dist/assets/tmf-process-continuation-B3hoPFRr.js                          5.66 kB │ gzip:   1.62 kB
dist/assets/dispatch-task-sheet-HkKe3v5l.js                               5.72 kB │ gzip:   2.71 kB
dist/assets/dashboards-9P8smtjh.js                                        5.75 kB │ gzip:   2.72 kB
dist/assets/pcs-product-information-h700fvMz.js                           5.79 kB │ gzip:   2.64 kB
dist/assets/wls-page-handlers--SIEjg_2.js                                 5.82 kB │ gzip:   2.07 kB
dist/assets/process-order-three-axis-view-B5VClrOP.js                     5.85 kB │ gzip:   2.36 kB
dist/assets/replacement-fabric-label-template-hMoTaf73.js                 5.86 kB │ gzip:   2.60 kB
dist/assets/retired-cut-piece-pickup-history-pGVYbTa6.js                  5.87 kB │ gzip:   2.36 kB
dist/assets/pda-cutting-nav-context-Cms9PMLn.js                           5.95 kB │ gzip:   1.41 kB
dist/assets/replacement-fabric-preview-C6tuVpF1.js                        5.95 kB │ gzip:   2.83 kB
dist/assets/los-live-room-master-BjwnMU4P.js                              5.97 kB │ gzip:   2.66 kB
dist/assets/transfer-bags-projection-ByeEO182.js                          6.05 kB │ gzip:   2.38 kB
dist/assets/fcs-pda-pickup-dispute-Txwod6zy.js                            6.18 kB │ gzip:   2.18 kB
dist/assets/pda-wool-warehouse-flows-DsziICxG.js                          6.19 kB │ gzip:   3.04 kB
dist/assets/warehouse-standard-BM7AFX-H.js                                6.30 kB │ gzip:   2.10 kB
dist/assets/fact-view-CAYcnWho.js                                         6.35 kB │ gzip:   2.11 kB
dist/assets/transfer-bag-goods-label-CMZK5Ut_.js                          6.46 kB │ gzip:   2.65 kB
dist/assets/production-contract-center-CuiInKWk.js                        6.62 kB │ gzip:   2.83 kB
dist/assets/sewing-outsourcing-supplement-tracking-CaW6eOOA.js            6.63 kB │ gzip:   2.89 kB
dist/assets/workbench-BF3lehRV.js                                         6.63 kB │ gzip:   2.68 kB
dist/assets/cutting-task-routing-B_ziOul8.js                              6.65 kB │ gzip:   2.38 kB
dist/assets/factory-receiving-links-VfEh49aI.js                           6.74 kB │ gzip:   2.72 kB
dist/assets/printing-work-order-template-AmamrCCh.js                      6.83 kB │ gzip:   3.17 kB
dist/assets/production-contract-master-template-B_w3yhSM.js               6.85 kB │ gzip:   2.74 kB
dist/assets/shared-BeKS68rg.js                                            6.86 kB │ gzip:   2.53 kB
dist/assets/routes-pda-DsQLk1PC.js                                        6.86 kB │ gzip:   2.60 kB
dist/assets/routes-pcs-KzAf9wp6.js                                        6.90 kB │ gzip:   1.86 kB
dist/assets/data-management-DLkXFA9B.js                                   7.00 kB │ gzip:   2.56 kB
dist/assets/material-handover-BaxyYbUZ.js                                 7.06 kB │ gzip:   2.77 kB
dist/assets/stock-seed-Cj8lLuwm.js                                        7.11 kB │ gzip:   2.44 kB
dist/assets/dye-work-order-times-w7U4XCtx.js                              7.22 kB │ gzip:   2.55 kB
dist/assets/overview.helpers-BP2F5Yu8.js                                  7.36 kB │ gzip:   2.88 kB
dist/assets/pcs-channel-legacy-conversion-Dg3I_fD9.js                     7.40 kB │ gzip:   3.19 kB
dist/assets/shared-4X1EGaM_.js                                            7.43 kB │ gzip:   2.60 kB
dist/assets/settlement-flow-boundaries-DbkSNas3.js                        7.43 kB │ gzip:   2.53 kB
dist/assets/craft-actions-DAOIsm5L.js                                     7.51 kB │ gzip:   3.37 kB
dist/assets/pcs-testing-order-create-DFq0w7uq.js                          7.51 kB │ gzip:   2.93 kB
dist/assets/production-craft-dict-DCLBfYdP.js                             7.51 kB │ gzip:   2.83 kB
dist/assets/transit-warehouse-CGN4xIMS.js                                 7.54 kB │ gzip:   2.13 kB
dist/assets/pcs-sample-label-CGu8bj8K.js                                  7.68 kB │ gzip:   3.48 kB
dist/assets/supplement-node-facts-CK8uVONy.js                             7.76 kB │ gzip:   2.84 kB
dist/assets/sewing-outsourcing-return-tracking-LEYtkCyw.js                7.91 kB │ gzip:   2.96 kB
dist/assets/tmf-process-sheet-template-DU0CAH99.js                        8.00 kB │ gzip:   3.80 kB
dist/assets/statistics-B8by-ku7.js                                        8.03 kB │ gzip:   2.62 kB
dist/assets/pda-transfer-bag-detail-B8QhaV5w.js                           8.08 kB │ gzip:   3.02 kB
dist/assets/progress-exception-lifecycle-BJx0gSBY.js                      8.09 kB │ gzip:   2.70 kB
dist/assets/supplier-supply-archives-Bid-xGw5.js                          8.13 kB │ gzip:   2.60 kB
dist/assets/production-contracts-C6X9P4ii.js                              8.14 kB │ gzip:   2.78 kB
dist/assets/pda-notify-B9qll503.js                                        8.31 kB │ gzip:   3.09 kB
dist/assets/milestone-configs-Ci9j4QsQ.js                                 8.41 kB │ gzip:   2.94 kB
dist/assets/pcs-testing-order-list-cnVRMEID.js                            8.51 kB │ gzip:   3.30 kB
dist/assets/material-process-plans-CADJqXXS.js                            8.66 kB │ gzip:   3.49 kB
dist/assets/pre-settlement-ledger-repository-CEed75Gl.js                  8.84 kB │ gzip:   3.03 kB
dist/assets/pcs-pattern-library-config-AdVkALlO.js                        8.84 kB │ gzip:   2.42 kB
dist/assets/pda-cutting-shared-DgIvPidH.js                                8.87 kB │ gzip:   2.72 kB
dist/assets/navigation-context-Be470wDr.js                                8.87 kB │ gzip:   2.46 kB
dist/assets/warehouses-CSFYi5tN.js                                        8.89 kB │ gzip:   2.11 kB
dist/assets/bom-templates-CWIXBPa_.js                                     8.90 kB │ gzip:   3.70 kB
dist/assets/pda-cutting-execution-unit-BFu8TyVm.js                        9.12 kB │ gzip:   3.46 kB
dist/assets/machine-associations-D0kDM9yo.js                              9.16 kB │ gzip:   3.11 kB
dist/assets/pda-notify-detail-DjdOCXik.js                                 9.20 kB │ gzip:   3.05 kB
dist/assets/fei-ticket-numbering-C5s2eGG5.js                              9.21 kB │ gzip:   3.23 kB
dist/assets/pda-cutting-fei-ticket-numbering-BQyQPX0w.js                  9.27 kB │ gzip:   3.19 kB
dist/assets/pda-execution-CtwU8IjV.js                                     9.30 kB │ gzip:   3.69 kB
dist/assets/workbench-BbBgJR3w.js                                         9.34 kB │ gzip:   3.84 kB
dist/assets/handover-records-NCwWMTxJ.js                                  9.35 kB │ gzip:   3.56 kB
dist/assets/pda-warehouse-D9_BW8kJ.js                                     9.48 kB │ gzip:   3.76 kB
dist/assets/mobile-Cg29-403.js                                            9.53 kB │ gzip:   3.08 kB
dist/assets/sewing-pickup-slips-DSXkSVDt.js                               9.65 kB │ gzip:   3.63 kB
dist/assets/pda-cutting-transfer-bag-recovery-Dk_XKji_.js                 9.75 kB │ gzip:   3.98 kB
dist/assets/dye-work-order-online-domain-uddOzniT.js                      9.78 kB │ gzip:   3.65 kB
dist/assets/routes-pms-CFFvCvce.js                                        9.80 kB │ gzip:   2.52 kB
dist/assets/production-receipts-C4S8t0o5.js                               9.81 kB │ gzip:   3.95 kB
dist/assets/pending-receipts-4EczJBFA.js                                  9.91 kB │ gzip:   4.10 kB
dist/assets/statistics-DJ_fCSR1.js                                       10.06 kB │ gzip:   4.37 kB
dist/assets/continuous-stock-DRKZn0Ej.js                                 10.09 kB │ gzip:   4.11 kB
dist/assets/pda-cutting-transfer-bag-scrap-DzsnodwF.js                   10.14 kB │ gzip:   4.12 kB
dist/assets/trade-subjects-a_hhpzVW.js                                   10.26 kB │ gzip:   3.73 kB
dist/assets/production-context-actions-tpiKxhVz.js                       10.34 kB │ gzip:   3.77 kB
dist/assets/production-return-fulfillment-CBHN6C9F.js                    10.50 kB │ gzip:   4.00 kB
dist/assets/bom-templates-ChqjVeph.js                                    10.52 kB │ gzip:   2.48 kB
dist/assets/cut-piece-release-facts-BqgbWJ6b.js                          10.61 kB │ gzip:   4.31 kB
dist/assets/yarn-shipments-CNMlTElq.js                                   10.70 kB │ gzip:   4.81 kB
dist/assets/list-DbgH5Wxh.js                                             10.73 kB │ gzip:   3.73 kB
dist/assets/settings-Baweowws.js                                         10.73 kB │ gzip:   3.24 kB
dist/assets/product-skus-2MzTxl9A.js                                     10.74 kB │ gzip:   4.14 kB
dist/assets/transit-receipts-D05BO3NS.js                                 10.99 kB │ gzip:   4.02 kB
dist/assets/presentation-8kgQiSuy.js                                     11.25 kB │ gzip:   4.64 kB
dist/assets/design-revision-pcs-storage-D2ozVRMd.js                      11.28 kB │ gzip:   4.27 kB
dist/assets/pda-exec-link-D1UKokB9.js                                    11.31 kB │ gzip:   3.69 kB
dist/assets/material-prep-COsotvhL.js                                    11.39 kB │ gzip:   2.68 kB
dist/assets/cutting-event-repository-BG5nPRjB.js                         11.44 kB │ gzip:   4.86 kB
dist/assets/dyeing-warehouse-view-Bsz1W3xv.js                            11.49 kB │ gzip:   3.95 kB
dist/assets/pcs-engineering-preparation-projection-CZ4A-Ggi.js           11.49 kB │ gzip:   4.26 kB
dist/assets/pda-login-BBsMND9J.js                                        11.66 kB │ gzip:   4.51 kB
dist/assets/warehouses-dVRueqim.js                                       11.74 kB │ gzip:   4.23 kB
dist/assets/purchase-suggestions-CVpQLmRu.js                             11.87 kB │ gzip:   3.70 kB
dist/assets/material-transfers-DEUVjFPw.js                               11.99 kB │ gzip:   4.21 kB
dist/assets/task-breakdown-B60Ekmmb.js                                   12.12 kB │ gzip:   4.51 kB
dist/assets/pickup-management-runtime-Cv3Jcm0l.js                        12.25 kB │ gzip:   4.73 kB
dist/assets/task-execution-adapter-PazaHWpZ.js                           12.26 kB │ gzip:   3.69 kB
dist/assets/process-statistics-domain-B30C-uRK.js                        12.33 kB │ gzip:   4.03 kB
dist/assets/replacement-fabric-repository-CGrHNetP.js                    12.43 kB │ gzip:   5.06 kB
dist/assets/pms-handlers-DBhzVwug.js                                     12.54 kB │ gzip:   2.89 kB
dist/assets/context-D9_z9bgR.js                                          13.02 kB │ gzip:   4.60 kB
dist/assets/cutting-record-repository-DD_1uJgM.js                        13.04 kB │ gzip:   4.66 kB
dist/assets/meta-6sBRp4bY.js                                             13.16 kB │ gzip:   2.95 kB
dist/assets/handover-records-CYrdJndD.js                                 13.18 kB │ gzip:   4.14 kB
dist/assets/handover-print-DP3KPGqI.js                                   13.50 kB │ gzip:   4.94 kB
dist/assets/pda-start-link-mVAEb_0x.js                                   13.62 kB │ gzip:   4.81 kB
dist/assets/inventory-monitor-rqURVK4E.js                                13.66 kB │ gzip:   4.78 kB
dist/assets/bom-detail-eAr-Ek6h.js                                       13.69 kB │ gzip:   4.97 kB
dist/assets/returns-DOicwR6D.js                                          13.80 kB │ gzip:   5.11 kB
dist/assets/wls-finished-inbound-DFvnurI6.js                             13.92 kB │ gzip:   5.31 kB
dist/assets/tmf-base-demo-kuedDUTr.js                                    13.92 kB │ gzip:   5.03 kB
dist/assets/work-orders-Zll2kBMY.js                                      13.99 kB │ gzip:   5.19 kB
dist/assets/wls-inbound-CufqdIDD.js                                      14.01 kB │ gzip:   5.45 kB
dist/assets/cut-piece-return-warehouse-C3A6utLC.js                       14.16 kB │ gzip:   5.05 kB
dist/assets/idb-storage-DYscBY_v.js                                      14.27 kB │ gzip:   5.28 kB
dist/assets/pcs-technical-data-tech-pack-list-C-LTtckE.js                14.30 kB │ gzip:   4.92 kB
dist/assets/supplements-cPDOML1N.js                                      14.30 kB │ gzip:   5.22 kB
dist/assets/mobile-execution-task-index-DuWQq0v_.js                      14.41 kB │ gzip:   3.87 kB
dist/assets/post-finishing-qc-print-template-YURNfj9O.js                 14.50 kB │ gzip:   4.47 kB
dist/assets/work-orders-ClF6qa2B.js                                      14.55 kB │ gzip:   4.95 kB
dist/assets/printing-sheet-template-Br8osNne.js                          14.58 kB │ gzip:   5.05 kB
dist/assets/manual-fei-tickets-BEfSujEm.js                               14.69 kB │ gzip:   5.02 kB
dist/assets/work-orders-BQN64xyf.js                                      14.75 kB │ gzip:   4.78 kB
dist/assets/work-order-detail-hgJTjMU1.js                                14.84 kB │ gzip:   4.77 kB
dist/assets/responsibility-transfers-Zzcn9EYU.js                         15.06 kB │ gzip:   5.70 kB
dist/assets/workbench-CJq5rG9B.js                                        15.72 kB │ gzip:   4.77 kB
dist/assets/cut-order-supplement-fixture-B8Lc6AlS.js                     15.96 kB │ gzip:   4.83 kB
dist/assets/outbound-orders-CeE8AiBo.js                                  16.05 kB │ gzip:   5.21 kB
dist/assets/process-web-status-actions-DFVBUKK-.js                       16.08 kB │ gzip:   4.29 kB
dist/assets/pcs-handlers-DZL9eRok.js                                     16.14 kB │ gzip:   4.04 kB
dist/assets/handover-ledger-view-BCLKzYgP.js                             16.19 kB │ gzip:   4.46 kB
dist/assets/garment-spu-replacement-bSKRCvpH.js                          16.40 kB │ gzip:   5.03 kB
dist/assets/reports-BGyT1FuJ.js                                          16.44 kB │ gzip:   4.24 kB
dist/assets/machines-BW5AE3Mp.js                                         16.47 kB │ gzip:   5.49 kB
dist/assets/full-flow-print-D278_Coz.js                                  16.56 kB │ gzip:   5.52 kB
dist/assets/cutting-runtime-event-ledger-C88kVmr8.js                     16.58 kB │ gzip:   5.69 kB
dist/assets/payment-requests-C11-oYc3.js                                 16.74 kB │ gzip:   5.50 kB
dist/assets/progress-handover-order-CrYQ_u1m.js                          16.82 kB │ gzip:   5.00 kB
dist/assets/wls-garment-relabel-tasks-BtuScx6r.js                        16.91 kB │ gzip:   5.59 kB
dist/assets/cut-order-release-integration-C1jGEEdR.js                    17.12 kB │ gzip:   6.13 kB
dist/assets/dispatch-acceptance-sla-D1wQBc9d.js                          17.15 kB │ gzip:   5.13 kB
dist/assets/sewing-cut-piece-return-workflow-DztTy8d9.js                 17.21 kB │ gzip:   6.09 kB
dist/assets/pda-cutting-task-detail-CuRr1nLE.js                          17.33 kB │ gzip:   6.11 kB
dist/assets/part-ticket-records-Db0-Airh.js                              17.36 kB │ gzip:   6.46 kB
dist/assets/product-purchase-orders-DIMg_xft.js                          17.42 kB │ gzip:   5.22 kB
dist/assets/production-confirmation-DTd4d_5s.js                          17.43 kB │ gzip:   5.94 kB
dist/assets/marker-spreading-projection-BMZNBAOt.js                      17.50 kB │ gzip:   5.54 kB
dist/assets/output-stock-CxWeWn9I.js                                     17.52 kB │ gzip:   6.59 kB
dist/assets/material-requirements-_SQQ8bLd.js                            17.55 kB │ gzip:   5.99 kB
dist/assets/sewing-cut-piece-responsibility-CYs9F5-_.js                  17.63 kB │ gzip:   5.30 kB
dist/assets/pda-sewing-self-return-DwZfpdER.js                           17.64 kB │ gzip:   5.96 kB
dist/assets/simple-cut-piece-handover-fixtures-Cd3M86is.js               17.74 kB │ gzip:   6.03 kB
dist/assets/progress-cutting-detail-9-i5GWFV.js                          17.76 kB │ gzip:   4.48 kB
dist/assets/bom-detail-D8alznUf.js                                       17.90 kB │ gzip:   5.78 kB
dist/assets/supplier-confirmations-D0PBNjL7.js                           17.94 kB │ gzip:   5.33 kB
dist/assets/purchase-demands-miTY-D3R.js                                 18.07 kB │ gzip:   5.81 kB
dist/assets/suppliers-DOxcttzm.js                                        18.16 kB │ gzip:   5.27 kB
dist/assets/store-domain-pda-BUpEur_k.js                                 18.21 kB │ gzip:   6.41 kB
dist/assets/pda-notify-due-soon-DDcqT9By.js                              18.37 kB │ gzip:   6.26 kB
dist/assets/tasks-CmO4YC2u.js                                            18.53 kB │ gzip:   6.89 kB
dist/assets/process-mobile-task-binding-UL5hnWDe.js                      18.56 kB │ gzip:   6.49 kB
dist/assets/generated-cut-orders-D1BYqwma.js                             18.60 kB │ gzip:   5.58 kB
dist/assets/platform-process-result-view-CsmMwMAb.js                     18.64 kB │ gzip:   5.38 kB
dist/assets/store-domain-statement-source-adapter-Cy9xqKT_.js            18.71 kB │ gzip:   5.37 kB
dist/assets/sewing-outsourcing-workbench-BvOJOkci.js                     18.76 kB │ gzip:   6.52 kB
dist/assets/supplier-supply-archives-C-yRiSci.js                         18.90 kB │ gzip:   5.80 kB
dist/assets/materials-DQo18LQz.js                                        18.93 kB │ gzip:   4.79 kB
dist/assets/pda-warehouse-shared-OjB1r-rh.js                             18.95 kB │ gzip:   5.69 kB
dist/assets/warehouse-mJht8_hm.js                                        19.07 kB │ gzip:   6.10 kB
dist/assets/production-demand-early-process-work-orders-inJv0Dax.js      19.13 kB │ gzip:   5.74 kB
dist/assets/events-aglbulPF.js                                           19.17 kB │ gzip:   7.45 kB
dist/assets/platform.adapter-CqOOh0S7.js                                 19.25 kB │ gzip:   6.09 kB
dist/assets/kol-goto-pda-domain-BPLyldmZ.js                              19.33 kB │ gzip:   6.58 kB
dist/assets/shared-CF5XddAJ.js                                           19.43 kB │ gzip:   5.25 kB
dist/assets/units-DP8lmi4G.js                                            19.73 kB │ gzip:   5.90 kB
dist/assets/post-finishing-current-read-model-DNgFyQ76.js                19.77 kB │ gzip:   5.53 kB
dist/assets/stage-display-BHPbGn7D.js                                    19.84 kB │ gzip:   7.01 kB
dist/assets/factory-sample-verification-flow-CTzey6be.js                 19.86 kB │ gzip:   4.87 kB
dist/assets/adjustments-t35I-FZj.js                                      19.90 kB │ gzip:   6.17 kB
dist/assets/pda-warehouse-inbound-records-CRr5x8t2.js                    20.16 kB │ gzip:   5.86 kB
dist/assets/index-MrHLgKte.js                                            20.21 kB │ gzip:   5.22 kB
dist/assets/audit-records-7_a4e8hJ.js                                    20.35 kB │ gzip:   6.65 kB
dist/assets/process-water-soluble-orders-8MlbhDlP.js                     20.45 kB │ gzip:   6.41 kB
dist/assets/material-process-plans-8QLnv2ow.js                           20.52 kB │ gzip:   7.57 kB
dist/assets/overview.adapter-CkgJqOLX.js                                 20.65 kB │ gzip:   6.53 kB
dist/assets/pda-warehouse-outbound-records-DtVehP5I.js                   20.67 kB │ gzip:   6.09 kB
dist/assets/task-orders-BJzdBjqS.js                                      20.84 kB │ gzip:   7.16 kB
dist/assets/pcs-engineering-tech-pack-workspace-lt4-xSZY.js              21.00 kB │ gzip:   7.29 kB
dist/assets/shared-seed-CGi2rQR7.js                                      21.01 kB │ gzip:   6.23 kB
dist/assets/material-purchase-tracking-Bg1aXDRr.js                       21.11 kB │ gzip:   6.70 kB
dist/assets/events-vgw1pswt.js                                           21.17 kB │ gzip:   6.56 kB
dist/assets/order-list-columns-C-6vVa2V.js                               21.20 kB │ gzip:   6.63 kB
dist/assets/los-live-rooms-JMFQOLj6.js                                   21.23 kB │ gzip:   7.67 kB
dist/assets/pcs-testing-order-detail-DB1I9nBH.js                         21.30 kB │ gzip:   6.21 kB
dist/assets/pcs-engineering-master-view-model-BSM0pu3a.js                21.39 kB │ gzip:   7.29 kB
dist/assets/suppliers-BL_I1DFo.js                                        21.68 kB │ gzip:   6.93 kB
dist/assets/tmf-domain-shared-CsnEeaO8.js                                21.88 kB │ gzip:   8.26 kB
dist/assets/routes-wls-BlTE0ofv.js                                       22.31 kB │ gzip:   7.24 kB
dist/assets/deduction-analysis-qEXwj50o.js                               22.36 kB │ gzip:   6.52 kB
dist/assets/fei-ticket-numbering-BGwG3mVq.js                             22.41 kB │ gzip:   6.45 kB
dist/assets/warehouse-location-map-model-B_cwBeL1.js                     22.51 kB │ gzip:   7.14 kB
dist/assets/subject-operations-DusDsery.js                               22.61 kB │ gzip:   7.02 kB
dist/assets/tasks-D3uHlu-9.js                                            22.80 kB │ gzip:   7.29 kB
dist/assets/progress-statistics-linkage-DRQuBYDW.js                      22.86 kB │ gzip:   6.54 kB
dist/assets/work-order-detail-BqlDqlyV.js                                22.88 kB │ gzip:   7.35 kB
dist/assets/cut-piece-handover-qaIH15Sf.js                               22.94 kB │ gzip:   7.42 kB
dist/assets/qc-workbench-DBfjebeF.js                                     23.03 kB │ gzip:   7.18 kB
dist/assets/recheck-orders-BoevSDVk.js                                   23.18 kB │ gzip:   7.34 kB
dist/assets/cut-piece-returns-DHiKIDQl.js                                23.27 kB │ gzip:   7.18 kB
dist/assets/purchase-suggestions-BuEEwkgr.js                             23.40 kB │ gzip:   7.33 kB
dist/assets/material-issue-BSaKAkay.js                                   23.76 kB │ gzip:   5.90 kB
dist/assets/progress-cutting-overview-D3FShn6v.js                        23.79 kB │ gzip:   5.70 kB
dist/assets/dye-work-order-online-view-Y863XoTI.js                       24.15 kB │ gzip:   8.20 kB
dist/assets/production-order-duration-DL8Mk-GS.js                        24.23 kB │ gzip:   9.24 kB
dist/assets/quality-deduction-selectors-DTR9Kf4m.js                      24.26 kB │ gzip:   6.28 kB
dist/assets/print-preview-IAi95Ug3.js                                    24.29 kB │ gzip:   8.19 kB
dist/assets/production-context-records-DZVz6oOA.js                       24.40 kB │ gzip:   8.62 kB
dist/assets/material-statements-BRrJtpTJ.js                              24.41 kB │ gzip:   6.71 kB
dist/assets/process-order-task-links-bNqkgrEj.js                         24.68 kB │ gzip:   6.86 kB
dist/assets/retired-process-history-BGnh6FK9.js                          24.75 kB │ gzip:   6.41 kB
dist/assets/dialogs-BpJFuWY3.js                                          24.86 kB │ gzip:   6.14 kB
dist/assets/material-preparation-BhKTGVOX.js                             25.21 kB │ gzip:   8.79 kB
dist/assets/fcs-production-tech-pack-snapshot-BE4KjRNn.js                25.35 kB │ gzip:   6.47 kB
dist/assets/kol-demands-5hJkhLOf.js                                      25.43 kB │ gzip:   7.39 kB
dist/assets/wls-fabric-demand-board-CAk49vs5.js                          25.47 kB │ gzip:   6.84 kB
dist/assets/reconciliations-DIvqsp4j.js                                  25.55 kB │ gzip:   6.84 kB
dist/assets/machine-associations-BLREMi8B.js                             25.58 kB │ gzip:   7.73 kB
dist/assets/process-print-orders-Codc2O5H.js                             25.75 kB │ gzip:   8.55 kB
dist/assets/qc-orders-7L-kwb4P.js                                        25.90 kB │ gzip:   8.26 kB
dist/assets/process-dye-orders-d5GDdNWi.js                               25.92 kB │ gzip:   8.63 kB
dist/assets/simple-cut-piece-handover-ui-CiwJHOdA.js                     26.53 kB │ gzip:   9.91 kB
dist/assets/marker-spreading-utils-B7MNA1E-.js                           26.71 kB │ gzip:   7.82 kB
dist/assets/pda-handlers-x68uHkjU.js                                     26.76 kB │ gzip:   6.44 kB
dist/assets/warehouse-location-map-CiP_uI82.js                           27.06 kB │ gzip:   7.08 kB
dist/assets/pcs-config-workspace-repository-ClTA29Zy.js                  27.14 kB │ gzip:  10.28 kB
dist/assets/progress-milestone-config-BQsxl8r1.js                        27.55 kB │ gzip:   6.14 kB
dist/assets/pda-warehouse-wait-handover-DHjtK4DA.js                      27.63 kB │ gzip:   7.18 kB
dist/assets/pcs-pattern-library-detail-DiatAfP0.js                       27.67 kB │ gzip:   6.59 kB
dist/assets/pda-wool-fact-execution-D1rfXm7G.js                          28.02 kB │ gzip:   9.35 kB
dist/assets/third-party-factory-rating-Bqiq4r1j.js                       28.09 kB │ gzip:   8.03 kB
dist/assets/sample-approval-suggestions-CLEdJPIA.js                      28.28 kB │ gzip:   8.85 kB
dist/assets/print-styles-BjQBw8jj.js                                     28.31 kB │ gzip:   4.01 kB
dist/assets/factory-status-EOR5kdue.js                                   28.43 kB │ gzip:   6.02 kB
dist/assets/source-document-detail-D6inHi3B.js                           28.45 kB │ gzip:  10.53 kB
dist/assets/sample-warehouse-CDiXMawd.js                                 28.53 kB │ gzip:   7.36 kB
dist/assets/marker-plan-source-model-C6zpGlJ3.js                         28.93 kB │ gzip:   8.49 kB
dist/assets/pcs-engineering-master-list-C75GwTgW.js                      28.95 kB │ gzip:  10.10 kB
dist/assets/commands-DlXvfiBz.js                                         29.05 kB │ gzip:   8.24 kB
dist/assets/pcs-engineering-master-detail-BqOEUgL7.js                    29.30 kB │ gzip:   8.64 kB
dist/assets/warehouse-dibGiTjt.js                                        29.75 kB │ gzip:  10.04 kB
dist/assets/logistics-reconciliations-JnyJz96Q.js                        30.17 kB │ gzip:   9.33 kB
dist/assets/pcs-technical-data-DFLT3WN8.js                               30.50 kB │ gzip:   8.35 kB
dist/assets/production-order-progress-tracking-BsxujKhF.js               30.53 kB │ gzip:  10.25 kB
dist/assets/material-reconciliations-DqfpyaVH.js                         30.57 kB │ gzip:   9.32 kB
dist/assets/progress-cutting-exception-center-Piba-6hG.js                30.85 kB │ gzip:   7.16 kB
dist/assets/replacement-fabric-fei-tickets-DOIQcPmV.js                   31.05 kB │ gzip:  10.61 kB
dist/assets/capability-DnPgkc7D.js                                       31.65 kB │ gzip:   6.70 kB
dist/assets/material-archives-CNCPHPFM.js                                31.86 kB │ gzip:   7.87 kB
dist/assets/factory-performance-Y-7W-7Eh.js                              32.31 kB │ gzip:   6.74 kB
dist/assets/handover-orders-DJ5-2Ypy.js                                  32.42 kB │ gzip:   9.18 kB
dist/assets/dialogs-BBBFwPCC.js                                          32.71 kB │ gzip:   9.87 kB
dist/assets/task-detail-xFpZxBpZ.js                                      32.81 kB │ gzip:   9.72 kB
dist/assets/effective-task-assignments-DDcVSg6J.js                       33.11 kB │ gzip:  11.03 kB
dist/assets/garment-spu-replacements-CsSxICLg.js                         33.13 kB │ gzip:   9.41 kB
dist/assets/process-warehouse-domain-BUm25PZy.js                         33.27 kB │ gzip:   7.61 kB
dist/assets/pcs-tech-pack-bootstrap-DX1sqvgN.js                          33.31 kB │ gzip:   8.49 kB
dist/assets/cut-piece-return-domain-n2vfTsnh.js                          33.41 kB │ gzip:   9.92 kB
dist/assets/store-domain-settlement-seeds-BBK6jrZ7.js                    33.72 kB │ gzip:   9.01 kB
dist/assets/pcs-pattern-library-D1WxQedr.js                              33.73 kB │ gzip:   7.66 kB
dist/assets/warehouse-runtime-BgO74ZHL.js                                33.87 kB │ gzip:   8.69 kB
dist/assets/pda-shell-BdbLiOH-.js                                        33.93 kB │ gzip:   9.05 kB
dist/assets/early-process-management-ClGaeg37.js                         34.61 kB │ gzip:   8.77 kB
dist/assets/dispatch-acceptance-sla-ymf6upTH.js                          34.99 kB │ gzip:   7.91 kB
dist/assets/material-purchase-orders-CHzyX_Rx.js                         35.16 kB │ gzip:  11.34 kB
dist/assets/stage-orders-DVRBWkB4.js                                     35.30 kB │ gzip:  10.93 kB
dist/assets/pda-post-finishing-flow-CcGS5D6F.js                          35.59 kB │ gzip:   9.62 kB
dist/assets/supplier-confirmations-CdL_shB6.js                           36.09 kB │ gzip:   9.80 kB
dist/assets/stage-order-detail-B6t0P1UM.js                               36.15 kB │ gzip:  10.66 kB
dist/assets/pda-warehouse-stocktake-AKxWi67i.js                          36.52 kB │ gzip:   9.44 kB
dist/assets/work-orders-I_NWDCX_.js                                      36.66 kB │ gzip:  12.39 kB
dist/assets/pending-receipts-DqS51MMF.js                                 36.92 kB │ gzip:  11.29 kB
dist/assets/pcs-pattern-library-create-D2Kv9Udq.js                       37.00 kB │ gzip:   8.66 kB
dist/assets/material-inventory-1C9oK-eB.js                               37.31 kB │ gzip:   9.26 kB
dist/assets/work-order-detail-CHyHSUad.js                                37.37 kB │ gzip:  10.36 kB
dist/assets/third-party-factory-comprehensive-assessment-D0ofJOFU.js     37.47 kB │ gzip:  11.05 kB
dist/assets/water-soluble-orders-B3BVGmU7.js                             37.50 kB │ gzip:  11.44 kB
dist/assets/pda-task-receive-detail-D00GHQHZ.js                          37.57 kB │ gzip:   9.33 kB
dist/assets/work-order-detail-DBxHsy5a.js                                37.77 kB │ gzip:  10.35 kB
dist/assets/first-leg-logistics-CUSEGJVU.js                              37.92 kB │ gzip:  10.22 kB
dist/assets/product-purchase-orders-D5gTTUvY.js                          38.01 kB │ gzip:   9.33 kB
dist/assets/pcs-part-template-library-V4xzf4yk.js                        38.07 kB │ gzip:  13.44 kB
dist/assets/cutting-statistics-ab-material-Bg3UdCe_.js                   38.13 kB │ gzip:   8.63 kB
dist/assets/store-domain-quality-bootstrap-zunumluX.js                   38.24 kB │ gzip:   5.39 kB
dist/assets/first-leg-carriers-x8GiXgw_.js                               38.36 kB │ gzip:  10.26 kB
dist/assets/pda-cutting-inbound-DaDJHk7v.js                              38.84 kB │ gzip:  11.81 kB
dist/assets/special-processes-Dc81E5vM.js                                38.91 kB │ gzip:  10.22 kB
dist/assets/pda-cutting-handover-DtDQ8300.js                             39.12 kB │ gzip:  11.98 kB
dist/assets/pda-quality-C7pmapcO.js                                      39.27 kB │ gzip:  10.51 kB
dist/assets/payment-requests-8CtfJv1f.js                                 39.27 kB │ gzip:  10.37 kB
dist/assets/warehouse-zSutKC98.js                                        39.69 kB │ gzip:  11.41 kB
dist/assets/semi-finished-orders-r4Fb0Edt.js                             39.75 kB │ gzip:  12.14 kB
dist/assets/pda-cutting-transfer-bag-repack-CWTrtYla.js                  40.31 kB │ gzip:  11.57 kB
dist/assets/first-leg-shipments-BDWBfJ5W.js                              40.88 kB │ gzip:  10.26 kB
dist/assets/fcs-handlers-CMCWBptD.js                                     43.04 kB │ gzip:  12.86 kB
dist/assets/pending-receipts-CkKsXS_o.js                                 43.43 kB │ gzip:  15.62 kB
dist/assets/label-print-template-D1iQhleg.js                             43.47 kB │ gzip:  12.33 kB
dist/assets/lace-factory-domain-E69dJw3K.js                              44.40 kB │ gzip:  11.20 kB
dist/assets/warehouse-CyqCzGTT.js                                        44.81 kB │ gzip:  11.46 kB
dist/assets/factory-receiving-DB_R3TzG.js                                45.23 kB │ gzip:  15.39 kB
dist/assets/cutting-summary-DnjsK63u.js                                  45.95 kB │ gzip:  12.25 kB
dist/assets/wait-handover-runtime-CS8gfQ6B.js                            46.62 kB │ gzip:  12.91 kB
dist/assets/engineering-file-upload-C_lAVF-v.js                          46.77 kB │ gzip:  14.46 kB
dist/assets/demand-domain-DB1VESD9.js                                    47.31 kB │ gzip:  10.98 kB
dist/assets/handover-orders-Cl3C0rei.js                                  47.47 kB │ gzip:   9.30 kB
dist/assets/batches-Do6nu0pi.js                                          47.54 kB │ gzip:  10.33 kB
dist/assets/settlement-linked-mock-factory-VShouU1t.js                   47.83 kB │ gzip:  14.54 kB
dist/assets/warehouse-BkQP3nL1.js                                        47.87 kB │ gzip:  11.45 kB
dist/assets/pcs-record-core-BaZmwgGO.js                                  48.27 kB │ gzip:  16.16 kB
dist/assets/dyeing-k7yzvOPv.js                                           49.12 kB │ gzip:  10.92 kB
dist/assets/printing-Bu50dg-R.js                                         49.13 kB │ gzip:  10.92 kB
dist/assets/other-Dm8-cRzo.js                                            49.14 kB │ gzip:  10.93 kB
dist/assets/sewing-RVAHZ1Fc.js                                           50.16 kB │ gzip:  11.26 kB
dist/assets/dispatch-tenders-BzRhrXsG.js                                 50.29 kB │ gzip:  13.46 kB
dist/assets/progress-material-pN1CrokZ.js                                50.38 kB │ gzip:  10.07 kB
dist/assets/pda-onboarding-CjjSRBZf.js                                   50.59 kB │ gzip:  10.81 kB
dist/assets/pda-task-receive-WRV0ESKb.js                                 50.60 kB │ gzip:  12.70 kB
dist/assets/pda-cutting-execution-source-e5ndeXny.js                     50.86 kB │ gzip:  13.79 kB
dist/assets/pcs-config-workspace-iiwoBhLz.js                             51.29 kB │ gzip:  17.90 kB
dist/assets/pcs-channel-stores-g1MhBtvT.js                               51.44 kB │ gzip:  15.00 kB
dist/assets/marker-plan-model-oHZYLmEh.js                                52.14 kB │ gzip:  14.93 kB
dist/assets/work-order-detail-D4mdd2jd.js                                52.92 kB │ gzip:  16.53 kB
dist/assets/store-domain-progress-DSx5m65T.js                            53.17 kB │ gzip:  11.82 kB
dist/assets/pda-handover-D9RyOZkr.js                                     53.31 kB │ gzip:  14.27 kB
dist/assets/detail-domain-Bjw-p0xC.js                                    53.56 kB │ gzip:  11.91 kB
dist/assets/pcs-part-template-library-D1xCP82z.js                        53.80 kB │ gzip:  11.07 kB
dist/assets/material-purchase-orders-D7HlqiBC.js                         53.93 kB │ gzip:  16.38 kB
dist/assets/settlement-cutting-input-DP8kzbtM.js                         55.33 kB │ gzip:  11.76 kB
dist/assets/warehouse-location-map-B0cQqWIS.js                           56.96 kB │ gzip:  16.90 kB
dist/assets/marker-plan-occupancy-C16XrvI3.js                            57.45 kB │ gzip:  16.14 kB
dist/assets/progress-urge-Bua_KE_k.js                                    58.00 kB │ gzip:  12.09 kB
dist/assets/runtime-inputs-DDgwLMQV.js                                   58.25 kB │ gzip:  15.74 kB
dist/assets/pda-cutting-spreading-BlOu-qZD.js                            59.84 kB │ gzip:  14.37 kB
dist/assets/wls-accessory-receipts-BRQe9bRf.js                           60.11 kB │ gzip:  15.55 kB
dist/assets/factory-profile-C7O1BSMg.js                                  61.17 kB │ gzip:  14.04 kB
dist/assets/pda-settlement-Byg5IsMR.js                                   61.95 kB │ gzip:  14.36 kB
dist/assets/pickup-management-list-BbfZUxiZ.js                           63.28 kB │ gzip:  17.85 kB
dist/assets/cutting-BtQb9cOz.js                                          64.47 kB │ gzip:  13.67 kB
dist/assets/progress-handover-CzE8lEX1.js                                65.57 kB │ gzip:  14.29 kB
dist/assets/special-craft-fei-ticket-flow-AXUlXbOj.js                    66.58 kB │ gzip:  15.82 kB
dist/assets/pcs-channel-products-BQq7Aoay.js                             66.90 kB │ gzip:  22.23 kB
dist/assets/production-object-overview-BpexZYTv.js                       67.75 kB │ gzip:  14.30 kB
dist/assets/output-documents-BsAE70oD.js                                 68.76 kB │ gzip:  23.77 kB
dist/assets/core-B3UmP8Xf.js                                             69.43 kB │ gzip:  13.13 kB
dist/assets/cutting-daily-production-report-pREziZUm.js                  69.97 kB │ gzip:  19.82 kB
dist/assets/pda-exec-C9lJUXV2.js                                         70.01 kB │ gzip:  16.30 kB
dist/assets/context-BKOiQ3TS.js                                          70.19 kB │ gzip:  21.61 kB
dist/assets/production-object-overview-DzJ3ZS-G.js                       71.90 kB │ gzip:  16.79 kB
dist/assets/progress-exceptions-D3jmCOu-.js                              72.13 kB │ gzip:  14.00 kB
dist/assets/qc-records-D-D0wBO3.js                                       72.88 kB │ gzip:  16.66 kB
dist/assets/pcs-product-archives-DOCVcZwq.js                             73.32 kB │ gzip:  24.50 kB
dist/assets/pcs-engineering-tasks-BZWqeodn.js                            73.34 kB │ gzip:  17.56 kB
dist/assets/pcs-sample-management-GFRBl8Dx.js                            74.25 kB │ gzip:  18.47 kB
dist/assets/factory-onboarding-BEOU7PNz.js                               75.30 kB │ gzip:  12.70 kB
dist/assets/sewing-dispatch-CtxV1FI2.js                                  76.19 kB │ gzip:  20.02 kB
dist/assets/orders-domain-CjggFc8g.js                                    76.35 kB │ gzip:  16.91 kB
dist/assets/dialogs-Csh1RCAB.js                                          76.54 kB │ gzip:  18.95 kB
dist/assets/settlement-BWAl4jNg.js                                       76.67 kB │ gzip:  12.03 kB
dist/assets/runtime-projections-Cj_vIwM6.js                              78.06 kB │ gzip:  18.45 kB
dist/assets/process-action-writeback-service-DBpTU8VT.js                 78.30 kB │ gzip:  17.92 kB
dist/assets/transfer-bags-D4HZwrDm.js                                    80.48 kB │ gzip:  20.99 kB
dist/assets/production-progress-CcaXTi0W.js                              82.53 kB │ gzip:  21.09 kB
dist/assets/routes-fcs-BEl7aPUI.js                                       82.88 kB │ gzip:  15.64 kB
dist/assets/production-Ac8zp273.js                                       85.34 kB │ gzip:  18.48 kB
dist/assets/pda-handover-detail-C-eu9HRO.js                              85.51 kB │ gzip:  21.52 kB
dist/assets/pda-warehouse-wait-process-BceuPOUY.js                       89.25 kB │ gzip:  21.87 kB
dist/assets/wait-handover-actions-C4IrqL9u.js                            89.63 kB │ gzip:  22.88 kB
dist/assets/events-C5MVxM4u.js                                           90.52 kB │ gzip:  22.37 kB
dist/assets/factory-onboarding-flow-CC61n5wt.js                          90.64 kB │ gzip:  23.34 kB
dist/assets/production-tech-pack-change-domain-CVB538CO.js               91.44 kB │ gzip:  24.08 kB
dist/assets/dispatch-iLDx-ylb.js                                         92.70 kB │ gzip:  28.26 kB
dist/assets/cut-orders-BKm3UrUT.js                                       96.56 kB │ gzip:  25.14 kB
dist/assets/cut-piece-release-C-IYMhp6.js                                99.12 kB │ gzip:  26.05 kB
dist/assets/transfer-bag-operations-CEBGCGG4.js                          99.18 kB │ gzip:  25.39 kB
dist/assets/post-finishing-full-flow-CHC0ioJZ.js                        105.34 kB │ gzip:  27.31 kB
dist/assets/index-AcuSm-Zg.js                                           109.46 kB │ gzip:  39.85 kB
dist/assets/pcs-material-archive-detail-x6AKIQBF.js                     110.85 kB │ gzip:  36.87 kB
dist/assets/pcs-independent-sampling-DMV_nGXm.js                        112.23 kB │ gzip:  31.02 kB
dist/assets/transfer-bag-return-model-DGYNY1sM.js                       115.43 kB │ gzip:  27.31 kB
dist/assets/supplement-management-IOA5AHQ6.js                           115.77 kB │ gzip:  30.86 kB
dist/assets/statements-CanftnP7.js                                      121.30 kB │ gzip:  25.17 kB
dist/assets/events-AnWKiv4N.js                                          122.94 kB │ gzip:  31.87 kB
dist/assets/unified-dispatch-workbench-C8xInsnT.js                      123.41 kB │ gzip:  34.72 kB
dist/assets/tmf-material-purchases-C2xLVXZW.js                          124.70 kB │ gzip:  32.45 kB
dist/assets/special-craft-task-orders-DjJxRteE.js                       126.93 kB │ gzip:  33.64 kB
dist/assets/quality-deduction-repository-CTqUK_51.js                    136.80 kB │ gzip:  26.67 kB
dist/assets/warehouse-hub-BrQyM4en.js                                   142.65 kB │ gzip:  36.11 kB
dist/assets/generated-fei-tickets-6AYkYUBp.js                           143.06 kB │ gzip:  36.22 kB
dist/assets/production-timeliness-DNMJP4PZ.js                           143.73 kB │ gzip:  47.55 kB
dist/assets/preparation-timing-CC2M9DS3.js                              146.62 kB │ gzip:  34.66 kB
dist/assets/marker-plan-BW4h3NL5.js                                     152.67 kB │ gzip:  36.45 kB
dist/assets/marker-spreading-r9BFCol2.js                                156.49 kB │ gzip:  38.66 kB
dist/assets/return-inbound-DM4LcoH9.js                                  162.41 kB │ gzip:  28.14 kB
dist/assets/app-shared-BlZC61jd.js                                      163.18 kB │ gzip:  40.36 kB
dist/assets/fei-tickets-DOSoCEup.js                                     186.04 kB │ gzip:  41.31 kB
dist/assets/pcs-pattern-library-ByDZxF0G.js                             205.34 kB │ gzip:  45.57 kB
dist/assets/index--GzcKvNw.js                                           210.12 kB │ gzip:  66.49 kB
dist/assets/print-template-registry-ohWtcRPA.js                         213.43 kB │ gzip:  55.29 kB
dist/assets/index-9asai138.js                                           223.20 kB │ gzip:  49.44 kB
dist/assets/pda-exec-detail-CcYKa00z.js                                 250.31 kB │ gzip:  58.42 kB
dist/assets/process-domain-tJQI9Kch.js                                  275.82 kB │ gzip:  60.70 kB
dist/assets/process-tasks-Bvi8327O.js                                   358.77 kB │ gzip: 101.00 kB
dist/assets/production-orders-DBUMoCEq.js                               488.91 kB │ gzip:  47.17 kB
dist/assets/pda-DdjJGG89.js                                             505.21 kB │ gzip:  83.25 kB
dist/assets/pcs-tech-pack-review-DlwhbV8L.js                            704.22 kB │ gzip: 190.85 kB
dist/assets/material-ledger-BbfPOsOn.js                                 863.48 kB │ gzip: 219.34 kB
dist/assets/production-source-shared-Bj4b3XYm.js                      1,899.17 kB │ gzip: 216.72 kB

(!) Some chunks are larger than 550 kB after minification. Consider:
- Using dynamic import() to code-split the application
- Use build.rollupOptions.output.manualChunks to improve chunking: https://rollupjs.org/configuration-options/#output-manualchunks
- Adjust chunk size limit for this warning via build.chunkSizeWarningLimit.
✓ built in 15.70s
