
> higoods-vanilla-clone@1.0.0 build
> npm run typecheck:engineering && npm test && vite build


> higoods-vanilla-clone@1.0.0 typecheck:engineering
> npm run typecheck:entrypoints && npm run typecheck:scopes


> higoods-vanilla-clone@1.0.0 typecheck:entrypoints
> tsc --project tsconfig.engineering.json


> higoods-vanilla-clone@1.0.0 typecheck:scopes
> node scripts/check-typescript-scope.mjs src/domain/ src/components/ui/ src/state/

TypeScript 全量既有错误：3
本次渐进检查范围：src/domain/、src/components/ui/、src/state/
范围内错误：0
范围外既有错误保留在全量 typecheck 中继续分批治理。

> higoods-vanilla-clone@1.0.0 test
> npm run test:unit


> higoods-vanilla-clone@1.0.0 test:unit
> node --import tsx --test tests/unit/*.test.ts

✔ 浏览器存储封装保持读写删除语义 (0.433625ms)
✔ 浏览器存储不可用或抛错时保持静默降级 (0.356959ms)
✔ ISO与旧本地文本按实际时刻排序，不按空格与T字典排序 (4.390459ms)
✔ 同一时刻不同时间表达仍按账本序号和稳定ID防重复 (18.212833ms)
(node:10923) ExperimentalWarning: localStorage is not available because --localstorage-file was not provided.
(Use `node --trace-warnings ...` to show where the warning was created)
✔ 共享分配门禁拒绝同SKU错色码或错生产单身份 (24.061166ms)
✔ 共享保存拒绝重复借同格，空身份与非法数量 (78.910833ms)
(node:10924) ExperimentalWarning: localStorage is not available because --localstorage-file was not provided.
(Use `node --trace-warnings ...` to show where the warning was created)
✔ N 道只按最终逐票实收，不累计道数或非最终回仓 (1.042584ms)
✔ 末道独有回仓、错票、错工厂、逆序回仓均不得计齐套 (0.527417ms)
✔ 真实厂间完成事实只证明前道，末道仍以实际裁床回仓为准 (0.224417ms)
✔ 前道非法实收不能被加工完成标记绕过 (0.158041ms)
✔ 实际已分配厂取代票上默认厂，多家未确认不猜厂，打印票保持原样 (0.986583ms)
✔ 直转前道须有明确工艺身份完成，最终回仓受前道实物上限约束 (0.215ms)
✔ 零量点收保留凭据；整票不可用和未知资料不贡献 (0.219208ms)
✔ 普通未装袋票不进放行，但既有简易交出可保持；正常换袋去重 (0.275625ms)
✔ 装袋同ID错票号、超原票或无效票面不提供可交实物 (0.1735ms)
✔ 旧实收缺加工完成依据保留实物，但不计最终齐套且明确待核对 (0.329333ms)
(node:10925) ExperimentalWarning: localStorage is not available because --localstorage-file was not provided.
(Use `node --trace-warnings ...` to show where the warning was created)
✔ 冻结原票的真实仓库实收继续更新；冻结后新票进晚到队列，不冒充原产出 (12.452292ms)
✔ 放行备份/读回安全整数与逐格合计，正常零不变成未确认 (1.746167ms)
✔ 无效整票追溯与未知collection不能借备份写入 (0.178333ms)
(node:10927) ExperimentalWarning: localStorage is not available because --localstorage-file was not provided.
(Use `node --trace-warnings ...` to show where the warning was created)
✔ 列表只读余量查询满足正整数身份门禁，K100/A205显示当前风险105、占用0及余量205 (77.15425ms)
✔ 裁片放行保留唯一菜单键和地址，归属裁床仓库管理 (0.175125ms)
✔ 字母与数值尺码升序，自定义尺码保留配置顺序 (0.550375ms)
✔ 非法数量和空白保持非法，不夹取或四舍五入成另一个有效量 (0.09475ms)
✔ 目标确认待保存及整票原因也受离开提醒保护，已保存目标和空白原因不误提醒 (0.129334ms)
✔ 本页导航、补料、系统与当前页签退出统一提醒，关闭其他页签和折叠菜单不误提醒 (0.1485ms)
✔ 未知自定义尺码在目标和放行矩阵明确提示待核对且保留原序，标准尺码不出现提示 (8.200709ms)
✔ 未确认与确认零放行分开，零放行不回退成目标281件 (0.143542ms)
✔ 尚未确认且齐套未知时，确认汇总中的K和R均显示待核对而非零 (4.285167ms)
✔ 目标与放行渲染为相同颜色行、尺码升序列，缺失SKU格保持不可编辑 (5.43375ms)
✔ 逐票详情保留最终回仓实收、完整顺序、袋周期、成衣色与面料色以及差异 (0.781625ms)
✔ 加工完成未回仓仍显示未最终回仓，未知工艺不展示普通免工艺依据 (0.4205ms)
✔ 跨工厂直转前道不必回裁床，最终实收80片显示已最终回仓 (0.315583ms)
✔ 最终实际点收0片保留完成事实，不显示待加工或待回仓 (0.296166ms)
✔ 历史实收有原始回仓数量但缺加工完成依据，明细保留实收且暂不计齐套 (0.328708ms)
✔ 整票更正确认同时展示票袋工艺放行分配及保留历史责任 (9.348209ms)
✔ 整票登记保存携带打开详情时的版本，旧页面不会改用后来读到的版本 (0.718541ms)
✔ 文案采用短句，目标和放行保留操作边界，整票确认保留实际后果 (9.910375ms)
✔ 具名静态演示材料使用既有真实图片，三道工艺仅按最终回仓计入 (4.213167ms)
(node:10928) ExperimentalWarning: localStorage is not available because --localstorage-file was not provided.
(Use `node --trace-warnings ...` to show where the warning was created)
✔ 连续工艺具名示例仅提供真实技术包两条未分配任务，不写事实或覆盖旧任务 (6.913416ms)
✔ 不同菲票的同一实际有序工艺链可同袋，链身份不使用每票阶段ID (1.842834ms)
✔ 同链两张菲票保留各自阶段身份并分别实收，不把第二票当第一票工艺 (388.23975ms)
✔ 连续工艺直接由实际持有厂转交下道，前道完成与最后回仓分开记账 (13.193542ms)
✔ 同袋两票连续转交按每票前道和下道身份核对，最后分别回仓 (11.340208ms)
✔ 实际任务绑定明确匹配技术包部位工艺、色码、目标对象和当前分配，不采用默认厂 (0.902083ms)
✔ 特殊工艺交出只能读取原票当前阶段与唯一实际承接任务 (0.734375ms)
✔ ISO来源交出后同一分钟实际回仓保留秒与时区，不被文本格式判为早于来源 (22.534166ms)
✔ 逐票实收分别计数，更正库存仅按差额且保留原票 (11.000875ms)
✔ 未核对加工完成不得保存；历史完成未知保留实收P而不能冒充齐套 (8.897667ms)
✔ 缺逐票确认、空白、小数、超量与未说明差异都不写入 (18.1685ms)
✔ 明确零量点收保留事实，但不生成库存或后道实物 (14.754292ms)
✔ 按身份与顺序分袋，普通和不同工艺链被阻断 (0.14825ms)
✔ 无袋按票独立点收，不能重复新增或回到其他裁床工厂 (30.344ms)
✔ 多道工艺分别保留同票阶段实收，末道不会累加前道数量 (30.666292ms)
✔ 100片已经交出后更正为90片只改依据，保留原实交责任且不反冲库存 (14.375583ms)
(node:10929) ExperimentalWarning: localStorage is not available because --localstorage-file was not provided.
(Use `node --trace-warnings ...` to show where the warning was created)
✔ 独立裁剪整任务改派保留数量和执行历史，旧有效分配失效，新范围唯一 (87.545958ms)
✔ 裁床改派回原工厂且回填同一业务日期，不复用旧票范围；普通审计不改身份 (0.287458ms)
(node:10930) ExperimentalWarning: localStorage is not available because --localstorage-file was not provided.
(Use `node --trace-warnings ...` to show where the warning was created)
✔ 交出列表省略详情路线读取时保留全部输出字段 (744.684042ms)
(node:10933) ExperimentalWarning: localStorage is not available because --localstorage-file was not provided.
(Use `node --trace-warnings ...` to show where the warning was created)
✔ MIG-001/002/006: management entry and handlers belong to FCS; PFOS keeps execution (1.222458ms)
✔ MIG-003/007: prep and execution read the same early order identities, quantities and match status (871.670709ms)
✔ MIG-004/009: migrated dialogs retain candidate fields, actual material image and task outputs (2.699708ms)
✔ MIG-011: management and execution use the same seven business display columns (29.259292ms)
✔ MIG-007: early dye/print creation and cancellation survive reload (4542.059916ms)
✔ BOM working-copy write failure preserves prior state; retry succeeds (371.894666ms)
✔ existing production preparation data does not trigger demo writes on entry (2709.711583ms)
✔ rollback of an unchanged saved BOM does not perform another failing write (43.392208ms)
✔ BOM dictionary preserves old JSON and all snapshot values without mutating input (5.152625ms)
✔ BOM dictionary rejects missing references instead of replacing data silently (0.205ms)
(node:10939) ExperimentalWarning: localStorage is not available because --localstorage-file was not provided.
(Use `node --trace-warnings ...` to show where the warning was created)
✔ PDA顶栏计数与实际完整待办相同，覆盖各任务工厂及管理员/员工角色 (3237.293708ms)
✔ 解析带标签、小数和空格的长度数量 (1.269166ms)
✔ 解析卷数并对不合法文本返回 0 (0.141209ms)
✔ 证据文件标识把连续空白收口为单个连字符 (0.170666ms)
(node:10941) ExperimentalWarning: localStorage is not available because --localstorage-file was not provided.
(Use `node --trace-warnings ...` to show where the warning was created)
✔ 设计改款可成批生成染色和印花加工单，且完整投影来源与上下游 (2197.446708ms)
✔ 设计改款加工单生成幂等，重复请求不增加单据 (86.599084ms)
✔ 同一设计改款任务的不同颜色和 BOM 行分别生成加工单 (64.839417ms)
✔ 成批提交失败时染色与印花加工单一起回滚 (117.8545ms)
✔ 设计改款来源缺关键引用或来源未知时必须阻断 (0.431208ms)
(node:10943) ExperimentalWarning: localStorage is not available because --localstorage-file was not provided.
(Use `node --trace-warnings ...` to show where the warning was created)
✔ 设计改款染后印花必须先分配印花厂，染色交出不能误送中央工厂 (393.786833ms)
✔ 仅染与仅印分别创建一张加工单和一条仓库首道调拨计划 (24.6325ms)
✔ 辅料染色单创建后已有辅料仓调拨计划，分厂时自动落实原单但不冒充实发 (14.905917ms)
✔ 历史双工艺加工单仍可追溯原有染印交接 (1261.448166ms)
✔ 先染后印目标 SKU 创建两段加工单，印花只接收本行染后物料而不能跳过染色 (2924.666ms)
✔ 单独印花 SKU 从仓库发印厂并完成样衣归档 (3961.880209ms)
✔ 印花实际交出生成中央工厂待接收原单，实收回写原交接并允许完成加工单 (845.777ms)
✔ 专业成果没有真实附件时保持未绑定 (12.621875ms)
(node:10944) ExperimentalWarning: localStorage is not available because --localstorage-file was not provided.
(Use `node --trace-warnings ...` to show where the warning was created)
✔ 可打印不等于可建交出单，必须完成真实标签打印 (0.521583ms)
✔ 卷规格无效时不可建交出单，且不改变原可打印判定语义 (0.077291ms)
✔ 人工完成印花加工单不再自动填充操作人 (298.903ms)
(node:10947) ExperimentalWarning: localStorage is not available because --localstorage-file was not provided.
(Use `node --trace-warnings ...` to show where the warning was created)
✔ 非 KOL PDA 导入不生成 KOL 领交料；首次 KOL 访问生成完整且幂等的演示记录 (971.386792ms)
✔ PDA 单任务读取保持普通任务、测试工厂与 KOL 任务内容和查找优先级 (3.916709ms)
(node:10948) ExperimentalWarning: localStorage is not available because --localstorage-file was not provided.
(Use `node --trace-warnings ...` to show where the warning was created)
✔ 实际唛架重复相同来源只建一次，票身份按该单颜色尺码和技术包部位定位 (1.402583ms)
✔ 重复ID不同内容不得覆盖；不同部位实例和尺寸不得合并 (0.88625ms)
✔ 跨单、错颜色、错物料、错部位和错误每件片数均阻断 (0.211208ms)
✔ 真实手动无铺布层序票可读且免层序编号，普通缺区间和伪手动来源仍阻断 (63.00375ms)
✔ 主料唛架只展开其明确部位，拼接料和口袋布各自保留，不猜未知映射 (9.691833ms)
(node:10952) ExperimentalWarning: localStorage is not available because --localstorage-file was not provided.
(Use `node --trace-warnings ...` to show where the warning was created)
✔ 可编辑的演示唛架保存后优先读取用户记录，刷新不恢复原备注和状态 (1285.725417ms)
✔ 日报窗口含截止日7天，重点日均独立使用前6天 (1.0735ms)
✔ 未知采购不填0，未BOM不输出完整确定订单需求 (0.138291ms)
✔ 突变必须绝对量与比例同时达到阈值 (0.064625ms)
✔ 截止日突变示例与未完结日不判定 (0.061792ms)
✔ 共享商品按SPU去重而不按关联行累加销量 (0.101959ms)
✔ 预选不产生确定用料；BOM需求保留物料归属 (0.135125ms)
✔ 同料BOM优先于预选，不重复关系及需量 (0.320666ms)
✔ 两个业务页具有独立容器、标准分页与证据边界 (169.002959ms)
✔ 未进入物料页面时 bridge 不加载业务；加载失败重试后首次渲染即已注册 (4.302791ms)
✔ click 分组顺序、短路、选择器范围保持原行为，重新注册替换旧处理器 (0.757541ms)
✔ 备料写入守卫读取实时角色与水位，阻断时不调用业务处理器 (0.669041ms)
✔ input/change/keyboard 原入口、筛选范围和 change 优先级完整保留 (0.456375ms)
✔ health groups are exhaustive and mutually exclusive in demo (1.659709ms)
✔ coverage and baseline use same inventory plus transit but distinct demand windows (0.100584ms)
✔ zero demand is unavailable rather than infinity and huge finite quotient stays finite (0.121541ms)
✔ date selects different consistent snapshot (0.274541ms)
✔ threshold changes alter classification without changing facts (0.20275ms)
✔ health view carries core P1 business sections and mock caveat (22.330083ms)
✔ AT16 rules do not substitute brand, size or packaging method (0.48425ms)
✔ AT24 equal priority conflict blocks resolution and identifies rules (0.539667ms)
✔ higher explicit priority resolves a lower priority overlap (0.083541ms)
✔ plans distinguish garments and parcels and add loss once (0.18525ms)
✔ AT18 white pendant stock only allocated once (0.090208ms)
✔ event duplicate and old revision do not add consumption; reprints are activity only (0.126125ms)
✔ conflicting same revision fails instead of silently choosing a payload (0.0595ms)
✔ AT17/19/20 panel states unresolved ASAYA, independent kit80 and unknown ribbon (0.306209ms)
✔ trigger distinct from target, existing supply produces explainable zero (1.155ms)
✔ missing mapping or usage and incompatible raw unit block unsafe generation (0.335041ms)
✔ generation reserves remaining once and shared raw pool across target rules (1.335333ms)
✔ production does not increase stock; actual SKU and output bound partial receipts (0.407375ms)
✔ cancelled suggestion releases commitment and raw allocation (0.209208ms)
✔ AT05 committed greige is not available for a second allocation (0.688792ms)
✔ AT06 partial receipt reduces expected supply; checking and qualified never duplicate (0.360334ms)
✔ AT07 unmapped target preserves quantities but gives no target coverage (0.169792ms)
✔ §7.2 loss reduces future supply; rejected receipts never become usable (0.16275ms)
✔ §7.3 unit/yield/route and conservation gaps block deterministic supply (0.203167ms)
✔ §7.3 candidate comparison reports remaining shortage and respects arrival deadline (1.021375ms)
✔ §7.3 zero gap stays zero and nonfinite inputs cannot produce advice (0.128625ms)
✔ panel uses owned local handlers and discloses mock and missing images (2.243333ms)
✔ P2 coefficients and coverage exclude transit (9.840833ms)
✔ P2 coverage buckets have exclusive shared boundaries (0.568625ms)
✔ P2 partial receipts and completed batches count remaining only (0.214167ms)
✔ P2 latest overdue selected only if no future batch; today included (0.2515ms)
✔ P2 search transit and ETA filters compose (0.43425ms)
✔ P2 zero demand and missing BOM preserve distinct nulls; micro demand excluded (0.109916ms)
✔ P2 standard table renders and limits initial rows to first page (12.521209ms)
✔ AT01/02 internal reservation stays in coverage while external reservation is deducted (18.218333ms)
✔ AT03 quality segments are not usable (0.163834ms)
✔ AT04 partial receipt leaves remaining supply only (0.190833ms)
✔ AT08/38 late supply never erases earlier shortage (0.152541ms)
✔ AT09 intermediate deficit determines net need rather than positive closing balance (0.135666ms)
✔ AT10 MOQ and pack rounding, zero stays zero (0.131625ms)
✔ AT11 horizon begins at cutoff and is not expanded by lead time (0.153708ms)
✔ AT12 forecast covered by confirmed demand is excluded before coefficient (0.14025ms)
✔ AT13 no demand has no numeric coverage (0.114209ms)
✔ AT14 cancelling demand does not change stock (0.1585ms)
✔ AT15 latest event revision only (0.440125ms)
✔ AT16/17 directory preserves bag sizes and ASAYA duplicated input is one unresolved SKU (0.092791ms)
✔ AT18 three brands draw from one shared pool (0.125209ms)
✔ AT19/20 kit capacity respects minimum and missing conversion (0.072916ms)
✔ AT21 inactive/unusable stock remains physically visible (0.154542ms)
✔ AT23 affected order identifiers are unique (0.088125ms)
✔ AT25/26 draft does not mutate active and invalidates trial (0.061334ms)
✔ AT26/28 publish requires role and exact trial; history retained (0.198667ms)
✔ AT31 risk cannot close with remaining shortage or skip verification (0.170416ms)
✔ AT37 invalid dates, unknown timezone, bad numeric values rejected (0.09175ms)
✔ duplicate supply chain does not double count and blocks deterministic advice (0.096584ms)
✔ warehouse catalogue includes 17 locations and two garment warehouses (0.040917ms)
✔ candidate comparison retains pre-arrival risk (0.339959ms)
✔ SKU-specific policy wins and duplicate rules block publish (0.136667ms)
(node:10963) ExperimentalWarning: localStorage is not available because --localstorage-file was not provided.
(Use `node --trace-warnings ...` to show where the warning was created)
✔ 逐票与逐打印任务保持原结构，变更一条只保存一条 (2.056458ms)
✔ 草稿按原映射键保存；手工票与操作记录分离，删除票保留审计 (0.267ms)
✔ 拒绝损坏JSON且不冒充空数据 (0.13775ms)
✔ 拒绝空字符串且不冒充空数据 (0.058208ms)
✔ 拒绝错误根且不冒充空数据 (0.05175ms)
✔ 拒绝重复票号身份且不冒充空数据 (0.118791ms)
✔ 拒绝缺少票号且不冒充空数据 (0.339875ms)
✔ 拒绝错误状态且不冒充空数据 (0.15625ms)
✔ 拒绝打印关联缺失且不冒充空数据 (0.115708ms)
✔ 拒绝草稿身份缺失且不冒充空数据 (0.165375ms)
✔ 拒绝手工日志缺失且不冒充空数据 (0.277125ms)
✔ 拒绝手工二维码缺失且不冒充空数据 (0.357084ms)
✔ 已保存实体与备份身份校验，不接受伪造集合或迁移元数据 (0.574959ms)
✔ 袋账派生绑定锁，无需持久化派生票快照；关闭周转解除旧快照锁 (1344.055792ms)
✔ 唛架来源和铺布单逐实体保存，保留卷明细、层序及来源引用 (0.606ms)
✔ 指定保存对象不复制重复静态唛架，也不覆盖其他已保存铺布单 (0.715375ms)
✔ 旧袋账按实体保留绑定与历史，局部动作不复制静态袋档案 (0.741041ms)
✔ 专用打印来源保留原票身份、数量、状态、袋锁及打印对象，不查询全量PDA与库存摘要 (30814.749792ms)
✔ 实际输出首打保持原身份与数量；动态与普通来源均可打印，失效来源阻断，重复首打不新增 (198.3875ms)
✔ 唛架引用读取失败明确阻断，不将迁移或读取错误伪装成空铺布来源 (3.142125ms)
✔ 用户唛架方案逐ID迁移保留床次和占用，修改一张不重写其它方案 (0.927917ms)
✔ PDA及手工票专用唛架定义与原完整投影等价，保留床次、数量和可铺布资格 (871.088209ms)
✔ 裁床配料按真实生产单范围读取与全量结果逐字段相等，保留库存、领取、状态与任务链接 (583.108125ms)
✔ PDA铺布目标直接携带真实已保存铺布单的裁床与负责人，不另算整套列表 (946.2865ms)
✔ 铺布投影复用唛架定义仍保留已保存session的卷明细、裁床、负责人和实际裁剪数量 (1292.044209ms)
✔ 路由标准化移除 query 与 hash，但不改动路径 (0.935958ms)
✔ 只匹配路由根或其子路径，不误匹配相似前缀 (0.278ms)
✔ 可在多个合法根路径中匹配一个 (0.142833ms)
✔ 只把完整生产确认单打印路由识别为命中 (0.207708ms)
✔ 专业任务必须全部有效明细通过且保留成果与审核事实 (1.462417ms)
✔ 纸样名称或物料关联不能替代可读取原文件 (95.684458ms)
(node:10966) ExperimentalWarning: localStorage is not available because --localstorage-file was not provided.
(Use `node --trace-warnings ...` to show where the warning was created)
✔ 目标 SKU 的四种加工组合、前序实物和 BOM Q 均按已建档字段读取 (1.713833ms)
✔ 整单总量口径保存后仍按一次总量计算，不被样衣件数重复放大 (3918.201583ms)
✔ 一张设计改款 BOM 同时有 Yard 面料和 PCS 辅料时，各行独立计量且辅料无需加工调拨 (129.872208ms)
✔ 复用既有纸样与参照 BOM 的无印染任务可直接提交样衣并自动完成；复制只生成草稿 (3861.423958ms)
✔ 批量复制保留物料、费用和样衣安排为独立可编辑草稿，不生成工作 (203.406584ms)
✔ 单页创建同时保存物料、费用与样衣要求；失败不留下空任务 (114.763916ms)
✔ 加工按物料行及实际阶段执行：纯染行与先染后印行独立串联 (339.268ms)
✔ 旧设计任务移除线下工作和依赖，保留加工单身份、样衣成果及原始输入 (3715.842833ms)
✔ 任务汇总排除未启用，待前置只列出未完成依赖，关闭单不继续催办 (1.213458ms)
✔ 筛选覆盖关键词、状态、跟单、待办、类型、团队和日期边界，统计范围一致 (0.3105ms)
✔ CSV包含全部匹配行和任务责任计划，不含操作列，特殊文字正确转义 (1.101917ms)
✔ 生产准备必须读取测款最终通过事实，保存时重新校验且失败不生成主单 (3083.840708ms)
✔ PATTERN_ARTWORK 多明细全部有效项通过才完成，同SKU不同要求不合并 (0.526916ms)
✔ COLOR_FABRIC 多明细全部有效项通过才完成，同SKU不同要求不合并 (0.077ms)
✔ COLOR_YARN 多明细全部有效项通过才完成，同SKU不同要求不合并 (0.072959ms)
✔ 多辅料分单覆盖，第一张下单不足以完成，失效单不能提供覆盖 (0.238042ms)
✔ 专业列表业务字段查询与责任、来源、计划边界组合，未登记计划不误入日期结果 (0.859167ms)
(node:10974) ExperimentalWarning: localStorage is not available because --localstorage-file was not provided.
(Use `node --trace-warnings ...` to show where the warning was created)
✔ targeted PCS baseline reads return independent records without cloning unrelated collections (340.441417ms)
✔ PCS 前插多个新记录保留全部既有位置，重复保存不产生位置变化 (2.569875ms)
✔ PCS 单条置顶、居中插入、删除保持实际顺序且不移动其余记录 (0.165666ms)
✔ PCS 图片按款号和颜色固定，尺码不改变照片，未知对象没有随机图片 (0.853458ms)
✔ 历史 Mock 只替换登记的旧图，保留用户图片及未知款式 (0.4775ms)
✔ 后道 QC 来源 SKU 保留原身份和数量，五种颜色分别绑定对应实拍 (0.097083ms)
✔ 后道历史快照只迁移准确 SKU 的旧示意图，质检数量与用户图不变 (0.307292ms)
(node:10977) ExperimentalWarning: localStorage is not available because --localstorage-file was not provided.
(Use `node --trace-warnings ...` to show where the warning was created)
✔ SAMPLE-FIX-01–05/11: actual request→reserve→approve→pickup→return→receipt; stable own IDs and detached reads (2732.950542ms)
✔ SAMPLE-FIX-03/05: all invalid input blocks writes; cancellation/rejection frees only own reservation (1068.152583ms)
✔ SAMPLE-FIX-08/09/11: cases and stocktake persist independently, cannot execute twice or masquerade as adjustment (833.241792ms)
(node:10979) ExperimentalWarning: localStorage is not available because --localstorage-file was not provided.
(Use `node --trace-warnings ...` to show where the warning was created)
✔ HG-001/002/004: SKU identity survives duplicate receipts, transfers and repeats; HG resolves SKU (641.068ms)
✔ HG-005/006/008: printed data and bounded settings; no truncation, images or state writes (0.942083ms)
✔ HG-002/004 regression: older receipt without identities retains its first date; raw SKU is never HG (179.283917ms)
(node:10983) ExperimentalWarning: localStorage is not available because --localstorage-file was not provided.
(Use `node --trace-warnings ...` to show where the warning was created)
✔ SAMP-001–013 Mock: receipt → all SKU tags → live/home → production/factory/department/warehouse → marketing, with adversarial gates (2410.493958ms)
(node:10984) ExperimentalWarning: localStorage is not available because --localstorage-file was not provided.
(Use `node --trace-warnings ...` to show where the warning was created)
✔ PDA 列表轻量摘要与详情的归属、数量、物料和下一步一致 (1610.325708ms)
(node:10985) ExperimentalWarning: localStorage is not available because --localstorage-file was not provided.
(Use `node --trace-warnings ...` to show where the warning was created)
✔ 按工厂投影不改变全能力、印花、染色、中央与裁片演示账号可见任务 (2933.162792ms)
(node:10999) ExperimentalWarning: localStorage is not available because --localstorage-file was not provided.
(Use `node --trace-warnings ...` to show where the warning was created)
✔ 接单工厂范围保留全量投影中本厂每个任务的身份、数量、状态及接单/中标结果 (17578.830083ms)
(node:11000) ExperimentalWarning: localStorage is not available because --localstorage-file was not provided.
(Use `node --trace-warnings ...` to show where the warning was created)
✔ PDA order/task link indexes preserve all full-index candidates without constructing unrelated material rows (3854.786458ms)
✔ ordinary sewing direct lookup keeps every field and factory permission from the complete canonical projection (5022.385ms)
✔ runtime sewing overrides and legacy/missing IDs retain the complete projection result (5821.793ms)
✔ one fresh read-only object snapshot preserves readiness, context and unknown references without refreshing per miss (1856.961333ms)
✔ PDA handlers wait for part-ticket hydration, and the real detail is not mounted before both dependencies complete (76.954334ms)
✔ ordinary sewing detail leaves unrelated PMS initialization pending until a normal module entry (29.0135ms)
✔ same-navigation sewing preload discovers actual bundle entries and static closure without evaluating modules (127.769416ms)
✔ preview compression includes the same sewing static chunks and retains existing assets without broad lazy-route output (38.813833ms)
(node:11002) ExperimentalWarning: localStorage is not available because --localstorage-file was not provided.
(Use `node --trace-warnings ...` to show where the warning was created)
✔ 中转袋交出与实际入仓使用同一浏览器本地业务时间，不把 UTC 当作本地时间 (6.890791ms)
[PMS_IDB_LOAD_FAILED] { message: '当前浏览器不支持 IndexedDB,PMS 业务数据无法持久化。' }
✔ 物流商新增字段保存回显并写入操作日志 (3.825625ms)
✔ 物流商数字字段非负校验与运输方式枚举校验 (0.278583ms)
✔ 渠道新增字段保存回显，条件计费字段按计费方式保留 (0.567166ms)
✔ 整柜渠道不要求新增计费字段，仍要求四箱型完整配置 (0.188125ms)
✔ 渠道数字字段非负与时效区间校验 (0.195125ms)
✔ 头程批次聚合展示总箱数、总重量、总体积与转运天数 (0.626959ms)
✔ 工序链按保存顺序生效，合法工序集合固定，非法或重复工序被拒 (6.258167ms)
✔ 坯布 SKU 必填，坯布库存为 0 时调拨资格被拒，补足后恢复 (0.505667ms)
✔ 采购单按勾选 SKU 生成明细，数量与枚举非法被拒 (0.180417ms)
✔ 调拨单可选择调出仓库与调入目标，同步生成加工单号链 (0.27925ms)
✔ 批量刷新库存更新全部监控行与刷新时间并写日志 (0.273666ms)
✔ 手动添加监控 SKU 校验 SKU 必填与重复，添加后进入列表 (0.327833ms)
✔ 物料申报扩展字段保存回显，26 项特殊属性按数组保存 (3.007667ms)
✔ 报关扩展：法定第二计量单位与数值，不报关分支跳过必填校验 (0.210417ms)
✔ BOM 业务选项与价格/成本、工厂、布料字段保存回显 (0.710666ms)
✔ 主体经营 9 项成本明细加调整重算总成本，数据缺失提醒可消除 (0.371334ms)
✔ 供应商从草稿到启用遵循状态机，名称唯一 (11.139875ms)
✔ 供货档案包装换算与快照版本 (0.294416ms)
✔ 物料全部有真实图片，采购补充信息可更新且不新增删除 (0.525542ms)
✔ 成衣与样衣 SKU 只读列表数据完整 (0.089375ms)
✔ 仓库同步更新时间，单位字典唯一且不可删除只可启停 (0.419083ms)
✔ BOM 用量可修改，说明可保存，发布后可生成面辅料需求 (3.299167ms)
[PMS_IDB_LOAD_FAILED] { message: '当前浏览器不支持 IndexedDB,PMS 业务数据无法持久化。' }
[PMS_IDB_UNAVAILABLE] put 跳过,数据仅保留在内存 { store: 'pmsMaterialPurchaseOrderDeltas', key: 'CGF-2026-0005' }
[PMS_IDB_UNAVAILABLE] put 跳过,数据仅保留在内存 { store: 'pmsMaterialPurchaseOrderDeltas', key: 'CGF-2026-0001' }
[PMS_IDB_UNAVAILABLE] put 跳过,数据仅保留在内存 { store: 'pmsMaterialPurchaseOrderDeltas', key: 'CGF-2026-0007' }
✔ 面辅料需求种子就绪且可按物料行下推采购单 (11.29225ms)
✔ 快递信息导入校验采购单存在、单号唯一、日期与数量合法 (8.590625ms)
✔ 国内签收、加入头程、状态推进与到仓自动签收 (3.091958ms)
✔ 供应商确认单需标签齐备，确认后回写采购单 (2.559208ms)
✔ 整柜渠道必须完整配置四个箱型，物流商可启停 (0.854875ms)
✔ 面辅料采购单可带原因关闭，关闭后不能再登记到货 (0.562042ms)
✔ 库存监控触发线与建议量公式，规则异常阻断建单 (2.436083ms)
✔ 建单数量不得超过建议量，调拨与采购资格分别阻断 (0.273542ms)
✔ 中转看板指标、分布与筛选跳转规则 (0.70675ms)
✔ 生产单校验与配料任务只读数据完整，系统设置结果为 8/6/10 (0.247042ms)
✔ 种子采购单按 SRM 生成器规律补齐单据级与明细级字段 (1.192667ms)
✔ 新建做货采购单保存采购专员、加急、首单、区域与明细字段并可回显 (10.843542ms)
✔ 未传新增字段时沿用默认值并保持既有命令兼容 (0.149875ms)
✔ 采购专员必填、做货必须选区域、重量非负均抛出中文 PmsDomainError (0.47475ms)
✔ 编辑采购单保存新增字段并回显，非法输入被阻断 (0.441875ms)
✔ BOM 状态与 bomMatched 一致，未发布 BOM 的做货明细为未匹配 (0.230917ms)
✔ 行采购金额使用 roundPmsQty 且汇总等于逐行金额之和 (0.144375ms)
✔ 采购建议按缺口公式与折扣计算，并计入有效 KOL 申请 (0.89225ms)
✔ KOL 草稿与已驳回不计入建议缺口 (0.189083ms)
✔ 建议转采购单后写回已转数量与部分生成状态 (2.352042ms)
✔ 面辅料需求按 BOM 用量与损耗扣减库存和采购中 (0.93875ms)
✔ 重复生成、草稿采购单与非做货采购单均被阻断 (0.419917ms)
✔ KOL 单条超量需要二次确认，超过申请量直接阻断 (0.415958ms)
✔ 驳回 KOL 需求后不再计入建议缺口 (0.159ms)
✔ 关闭采购单必须填写原因且已关闭不可重复关闭 (0.192209ms)
[PMS_IDB_LOAD_FAILED] { message: '当前浏览器不支持 IndexedDB,PMS 业务数据无法持久化。' }
[PMS_IDB_SAVE_FAILED] 创建请款单 IDB 写入失败 {
  requestNo: 'PAY-M-2026-0006',
  message: '当前浏览器不支持 IndexedDB,PMS 业务数据无法持久化。',
  degraded: 'memory-only'
}
[PMS_IDB_SAVE_FAILED] 创建请款单 IDB 写入失败 {
  requestNo: 'PAY-L-2026-0004',
  message: '当前浏览器不支持 IndexedDB,PMS 业务数据无法持久化。',
  degraded: 'memory-only'
}
[PMS_IDB_SAVE_FAILED] 作废请款单 IDB 写入失败 {
  requestNo: 'PAY-L-2026-0004',
  message: '当前浏览器不支持 IndexedDB,PMS 业务数据无法持久化。',
  degraded: 'memory-only'
}
✔ 主体经营明细总成本、毛利与毛利率公式 (1.67725ms)
✔ 面辅料对账：预计/实际双层公式，费用项与差异双重门禁 (8.788333ms)
✔ 面辅料费用项部分确认、批量确认与编辑失效 (0.761334ms)
✔ 请款草稿跨页创建、请款与付款上限、编辑范围 (1.111542ms)
✔ 物流实际费用 12 列导入校验、不自动确认与确认后锁定 (0.55325ms)
✔ 请款单作废释放来源对账，已有付款不能作废 (0.510541ms)
✔ 供应商账单 9 列导入覆盖实际层且不自动确认 (1.131ms)
✔ 金额大写按 RMB 规则输出并覆盖跨节零 (8.129875ms)
[PMS_IDB_UNAVAILABLE] put 跳过,数据仅保留在内存 { store: 'pmsMaterialPurchaseOrderDeltas', key: 'CGF-2026-0005' }
[PMS_IDB_LOAD_FAILED] { message: '当前浏览器不支持 IndexedDB,PMS 业务数据无法持久化。' }
[PMS_IDB_UNAVAILABLE] put 跳过,数据仅保留在内存 { store: 'pmsMaterialPurchaseOrderDeltas', key: 'CGF-2026-0005' }
[PMS_IDB_UNAVAILABLE] put 跳过,数据仅保留在内存 { store: 'pmsMaterialPurchaseOrderDeltas', key: 'CGF-2026-0005' }
[PMS_IDB_UNAVAILABLE] put 跳过,数据仅保留在内存 { store: 'pmsMaterialPurchaseOrderDeltas', key: 'CGF-2026-0005' }
[PMS_IDB_UNAVAILABLE] put 跳过,数据仅保留在内存 { store: 'pmsMaterialPurchaseOrderDeltas', key: 'CGF-2026-0005' }
[PMS_IDB_UNAVAILABLE] put 跳过,数据仅保留在内存 { store: 'pmsMaterialPurchaseOrderDeltas', key: 'CGF-2026-0005' }
✔ 生成卷号按前缀、每卷米数、重量与起始序号生成并写入包装明细 (4.631292ms)
✔ 生成卷号时尾卷承载剩余数量，卷数按采购数量与每卷米数自动取整 (0.648042ms)
✔ 非法卷号参数被拒绝并抛出中文域错误 (0.444333ms)
✔ 生成标签后二维码内容包含卷号与箱规，参与打印 (0.37225ms)
✔ 箱规新增自动计算体积，重复箱号与非法尺寸被拒，删除后计数正确 (3.126292ms)
✔ 包装明细可新增与删除，非法输入被拒且删除后计数正确 (1.088ms)
✔ 被包装明细引用的箱规不能删除 (0.239292ms)
✔ 供应商枚举与 SRM 完全一致，旧枚举不再出现 (2.371625ms)
✔ 种子字段满足 SRM 枚举且协同指标为数字 (0.354667ms)
✔ 新增字段保存并回显，成功命令写入操作日志 (2.898542ms)
✔ 编辑保存新增字段并保持状态机与事件名不变 (4.022833ms)
✔ 非法或缺失输入抛 PmsDomainError 且不写入数据 (1.138708ms)
✔ 详情与列表展示新增字段、SRM 枚举与协同指标 (29.1105ms)
(node:11017) ExperimentalWarning: localStorage is not available because --localstorage-file was not provided.
(Use `node --trace-warnings ...` to show where the warning was created)
✔ CONTRACT-002: business allocation day is day 1 and every calendar day counts, including Sunday (0.764292ms)
✔ CONTRACT-002: the three contracts retain 4/8/9, 5/9/10 and 6/9/12 calendar-day milestones (1.0825ms)
✔ CONTRACT-002: invalid calendar dates and counting days still fail without creating deadlines (0.355667ms)
(node:11018) ExperimentalWarning: localStorage is not available because --localstorage-file was not provided.
(Use `node --trace-warnings ...` to show where the warning was created)
✔ 实际耗时跨周日仍按真实时间差；没有可靠时间不造耗时 (3.430167ms)
✔ 每任务都达成才结束；同一来源去重，作废明细不影响主表 (0.569125ms)
✔ 耗时页 Mock 至少覆盖九张生产单和全部节点，且下游事实不会越过未完成的前置节点 (5949.223625ms)
✔ 裁片放行按一张放行单内的多次放行展示并选取节点起止时间 (1289.954042ms)
(node:11019) ExperimentalWarning: localStorage is not available because --localstorage-file was not provided.
(Use `node --trace-warnings ...` to show where the warning was created)
✔ EXC-001—004: a reference mark cannot change debt, strict kits or final task responsibility (70.147958ms)
(node:11020) ExperimentalWarning: localStorage is not available because --localstorage-file was not provided.
(Use `node --trace-warnings ...` to show where the warning was created)
✔ 派单新增主档工厂可登记承接关系，未知工厂仍阻断 (3.821917ms)
✔ 专属任务保留整单身份、数量和接收方，工艺分支保留全部前置关系 (2.083709ms)
✔ 原生产单车缝任务仍可被 PPIC 分配与责任移交识别，SKU 总量完整 (513.556916ms)
✔ PRINT-HISTORY-001: demo identities remain fixed and reject another factory or task (2.130459ms)
✔ PRINT-HISTORY-002: DYE-GOTO-GLOBAL historical slot 09 survives independent reloads without overwriting (16238.009667ms)
✔ PRINT-HISTORY-002: ID-FAC-001165 historical slot 09 survives independent reloads without overwriting (4720.053833ms)
(node:11221) ExperimentalWarning: localStorage is not available because --localstorage-file was not provided.
(Use `node --trace-warnings ...` to show where the warning was created)
✔ VERIFY-003: dispatch reads keep all documents and independent copies without projecting unrelated business views (1264.251666ms)
✔ frozen printing images are losslessly stored once across orders, tasks and attachments (177.634542ms)
✔ missing or malformed image references fail rather than silently replacing frozen evidence (0.604459ms)
(node:11341) ExperimentalWarning: localStorage is not available because --localstorage-file was not provided.
(Use `node --trace-warnings ...` to show where the warning was created)
✔ PERF-002/004: scoped receiving reads preserve direct receipts and allocations, without exposing mutable facts (188.94975ms)
✔ PERF-002/004: a synchronous relation read matches independent reads and releases its scope after errors (2394.135ms)
✔ PERF-004: batched print list reviews and handovers equal independently read facts (662.488542ms)
✔ PERF-004: scoped handovers keep canonical sorting and task point reads preserve identity (14.940042ms)
✔ PERF-004: reusing warehouse documents preserves each dye order source, quantity and receiver (389.642292ms)
(node:11461) ExperimentalWarning: localStorage is not available because --localstorage-file was not provided.
(Use `node --trace-warnings ...` to show where the warning was created)
✔ craft source selection preserves all previous source choices and isolated snapshots (20.976125ms)
✔ source eligibility is re-evaluated after a source order changes (0.460417ms)
(node:11542) ExperimentalWarning: localStorage is not available because --localstorage-file was not provided.
(Use `node --trace-warnings ...` to show where the warning was created)
✔ 生产单创建来源只覆盖旧匹配事实，不复活已取消或覆盖更新后的匹配 (1.1195ms)
✔ 提前来源随PO唯一保存，重复生成不会追加第二份事实；查询投影不反向写PO (1.582166ms)
✔ 失败和嵌套投影后创建stage标记恢复，不影响后续染印执行保存 (0.641792ms)
✔ 备份拒绝错误归属、重复、未知状态和缺少正式冻结来源的匹配 (0.19775ms)
(node:11602) ExperimentalWarning: localStorage is not available because --localstorage-file was not provided.
(Use `node --trace-warnings ...` to show where the warning was created)
✔ 验收数据至少包含 5 张染色和 5 张印花提前加工单，并覆盖全部匹配状态 (610.925333ms)
✔ 印花专业成果把多张图片和多个文件统一保存在同一附件集合 (0.210167ms)
✔ 同一生产需求可手动选择具体专业任务，创建结果保存所选任务与全部成果附件 (57.260375ms)
✔ 创建提前加工单必须选择所属专业任务并明确加工厂 (31.292792ms)
✔ 计划加工数量包含损耗率，且染色印花投入与产出 SKU 必须不同 (0.191959ms)
✔ 专业成果未审核通过时不可创建提前加工单 (0.140042ms)
✔ 多个生产需求合并为一张生产单时，可匹配多张提前染色加工单 (84.170166ms)
✔ 等待技术包的提前单在技术包就绪后可由同一匹配服务自动重试 (37.555125ms)
✔ 合并生产单中只有部分需求有提前单时，只为未覆盖需求补建剩余数量 (76.170791ms)
✔ 已有提前单但正式 BOM 或 SKU 不一致时进入异常，且不重复补建同一工艺单 (55.155584ms)
✔ 取消后重建保留旧单，并建立双向替代关系 (5.77975ms)
✔ 没有提前加工单的需求仍保留正式加工单快照 (6.1465ms)
✔ 查生产入口只在合法系统路由显示，并在打印与 PDA 路由隐藏 (1.975541ms)
✔ 相似前缀和相似打印段不会被当成合法路由 (0.351042ms)
(node:11604) ExperimentalWarning: localStorage is not available because --localstorage-file was not provided.
(Use `node --trace-warnings ...` to show where the warning was created)
✔ 静态生产单更新任务状态时保留原冻结资料，不强造不存在的技术版本 (9.346208ms)
✔ 沿用静态资料的例外不能用于新单、篡改快照或错误技术版本 (2.061959ms)
(node:11675) ExperimentalWarning: localStorage is not available because --localstorage-file was not provided.
(Use `node --trace-warnings ...` to show where the warning was created)
✔ PERF-001: runtime snapshot and all nine subsets preserve every production order value and caller isolation (20.086083ms)
✔ PERF-001: a subset read does not traverse or clone unrelated snapshot sections (0.498375ms)
✔ PERF-001: paper pattern binding strips and nested craft arrays remain isolated after mutation (0.482666ms)
✔ PERF-001: replacing or updating the bound snapshot is visible immediately without a stale cache (0.30675ms)
✔ PERF-001: missing production order keeps null and empty-list contracts (0.164459ms)
✔ finished preparation and purchase keep their delay without claiming current work is on time (6.104083ms)
✔ absence of applicable records and missing timing inputs are not healthy or not-yet-due (0.613709ms)
✔ inbound quantity and final time completeness produce distinct business results (0.179458ms)
✔ reached late milestone has zero only for that milestone, not the whole task (4.307625ms)
✔ creation and handover clocks explain their different unfinished endpoints (7.697917ms)
✔ all current scenes avoid ambiguous headline defaults and literal unknown numbers (23.36125ms)
✔ contract graph with missing allocation date or actual holdings cannot assert not-yet-due or achieved (3.060458ms)
✔ opening a follow-up modal only reads, and empty inputs never appear saved (7.604959ms)
✔ save waits for completion and readback, rejects double-click writes, and stores realtime feedback without a forecast (41.391625ms)
✔ failed save retains all inputs and retries the exact same operation ID (3.495083ms)
✔ commit followed by readback failure remains unconfirmed until a read proves the same record (3.268166ms)
✔ work must belong to the current production order and expected time must be valid (2.132833ms)
✔ read failure retains a draft and does not treat unavailable records as a normal empty history (1.6745ms)
✔ old logs are retained, but never assigned to a new production order by inference (1.010917ms)
✔ FLOW graph late: full lifecycle keeps allocation, execution and four post stages (6.344666ms)
✔ FLOW graph normal: full lifecycle keeps allocation, execution and four post stages (4.617875ms)
✔ FLOW graph complete: full lifecycle keeps allocation, execution and four post stages (1.712375ms)
✔ FLOW graph completeLate: full lifecycle keeps allocation, execution and four post stages (17.736042ms)
✔ FLOW graph completeUnknown: full lifecycle keeps allocation, execution and four post stages (3.70875ms)
✔ FLOW graph partial: full lifecycle keeps allocation, execution and four post stages (1.883333ms)
✔ FLOW graph reordered: full lifecycle keeps allocation, execution and four post stages (5.563209ms)
✔ FLOW graph reachedLate: full lifecycle keeps allocation, execution and four post stages (7.861667ms)
✔ FLOW graph positioning: full lifecycle keeps allocation, execution and four post stages (4.466042ms)
✔ FLOW graph prepPending: full lifecycle keeps allocation, execution and four post stages (0.519292ms)
✔ FLOW graph sampleLate: full lifecycle keeps allocation, execution and four post stages (8.074417ms)
✔ FLOW graph samplePending: full lifecycle keeps allocation, execution and four post stages (7.516916ms)
✔ FLOW graph fullContract: full lifecycle keeps allocation, execution and four post stages (5.023041ms)
✔ FLOW graph materialBatches: full lifecycle keeps allocation, execution and four post stages (0.346834ms)
✔ FLOW graph materialPartial: full lifecycle keeps allocation, execution and four post stages (0.272833ms)
✔ FLOW graph live: full lifecycle keeps allocation, execution and four post stages (3.863834ms)
✔ FLOW graph unknown: full lifecycle keeps allocation, execution and four post stages (0.4185ms)
✔ FLOW graph unassigned: full lifecycle keeps allocation, execution and four post stages (1.717083ms)
✔ FLOW graph sameFactory: full lifecycle keeps allocation, execution and four post stages (4.577667ms)
✔ FLOW graph handoverPartial: full lifecycle keeps allocation, execution and four post stages (0.708584ms)
✔ FLOW live: QC, processing, recheck quantities have distinct current positions while history remains (1.221625ms)
✔ FLOW full contract: scopes and execution documents stay distinct from cumulative contract milestones (4.541208ms)
✔ FLOW delivery: outgoing without warehouse receipt keeps waiting clock active (0.152ms)
✔ FLOW one post work order shares projects, quantity and clock without per-project chains (0.560792ms)
✔ FLOW bypass records go from completed QC directly to delivery, without fabricated processing or recheck (0.591208ms)
✔ FLOW summary cards distinguish pending, unknown, historical and current states without invented SLA (2.488709ms)
✔ FLOW mixed QC, processing and recheck quantities are summarized as post handling rather than processing (0.896083ms)
✔ FLOW pending inspection and recheck are not started rather than unknown, consistently with rails (0.930917ms)
✔ FLOW pending document cards and summaries describe unstarted clocks rather than missing times (2.208ms)
✔ FLOW document modal has one project block for its single processing order (0.561916ms)
✔ COPY developer round: unknown purchase keeps allocation and execution responsibilities unverified (0.126208ms)
✔ COPY developer round: mixed post history and active work both remain visible (0.089042ms)
✔ COPY developer round: partial warehouse quantity is not a completed stage (1.640334ms)
✔ COPY developer round: process start and quantity appear once, QC uses its own business action (2.862292ms)
✔ FLOW-MOCK-001: all 20 scenarios retain source facts with documented COPY-211 cutting correction (36.194833ms)
✔ FLOW-MOCK-002: every early-stage scenario has an honest full-flow skeleton and unknown purchase has no invented work (1.041167ms)
✔ FLOW-MOCK-003: allocation and actual sewing are distinct and each of the three contract scopes has only its applicable steps (0.967542ms)
✔ FLOW-MOCK-004: batches partition original receipts within each task and each source receipt exactly once (0.859583ms)
✔ FLOW-MOCK-005: actual positions preserve warehouse, delivery, processing aggregate amounts and explicit unknown remainder (0.28825ms)
✔ FLOW-MOCK-006: current QC, processing, recheck, delivery and warehouse positions have distinct document facts (0.420667ms)
✔ FLOW-MOCK-007: batch event chronology is ordered and all recorded actual events precede the fixed viewing time (1.382167ms)
✔ FLOW-MOCK-008: completed orders keep complete post history and missing last inbound time is never fabricated (0.134042ms)
✔ FLOW-MOCK-009: factory-contracted packing is not assigned again in post, and the no-post-processing route is explicit (0.364792ms)
✔ FLOW-MOCK-010: every new document is task scoped, batch scoped when applicable, and has valid same-scene relationships (1.594667ms)
✔ FLOW-MOCK-011: independent sewing keeps all applicable post items inside one processing document and one overall clock (0.3535ms)
✔ FLOW-MOCK-012: each batch has at most one post-processing document with the prototype item, status, quantity and timing contract (14.005875ms)
✔ FLOW-MOCK-013: actual quality results generate only applicable processing, completion generates recheck, and no processing goes straight to warehouse delivery (0.406166ms)
✔ COPY-211: full contract scope does not duplicate in-house cutting or release (0.15075ms)
✔ every sewing and post-finishing document type opens its actual native module detail (121.583375ms)
✔ sewing task execution preserves the matching contract rather than entering the allocation workbench (3.507333ms)
✔ post-finishing QC and recheck retain their own task results, batches, and downstream documents (23.179792ms)
✔ post delivery shows actual outgoing and finished-goods receipt separately (10.2235ms)
✔ completed orders retain the recorded post-finishing document history (2.0595ms)
✔ unknown or wrongly routed full-flow documents do not produce invented detail pages (0.291583ms)
✔ recorded finished-goods receipt without its time stops the handover clock rather than creating current waiting (3.536167ms)
✔ clock completion matches its own final business event across work and handover (0.357875ms)
✔ native post document uses the same Chinese current-position label as the diagram (17.918625ms)
✔ explicitly pending work is not mislabeled as missing actual start time in native clocks (0.721709ms)
✔ native post work detail keeps one project set, one clock and classified quantities (0.317125ms)
✔ post recheck describes SKU quantity and barcode verification rather than a second quality inspection (0.357416ms)
✔ original post work documents preserve their recorded completed quantities without requiring new project fields (4.01025ms)
✔ delivery awaiting warehouse receipt is not described as an unfinished upstream prerequisite (0.440083ms)
✔ completed late work and unfinished overdue work remain different in management and the actual source detail (103.367209ms)
✔ a late reached contract is a ended node, and future unreached targets are not current debt (43.243166ms)
✔ missing allocation date or factory actual pickup keeps unknown distinct from an on-time contract (42.854916ms)
✔ source contract deadline uses allocation day as day 1 even when business date contains a clock time (37.281917ms)
✔ full warehouse quantities without last receipt time never imply an on-time result or enter the rate denominator (46.34775ms)
✔ purchase association unknown never asserts that production has not been created or begun (2.108291ms)
✔ sample timing is by actual handout date and remains separate from approval result (39.311042ms)
✔ completed whole-order elapsed time stops at final warehouse receipt; export names quantities and states precisely (38.059333ms)
✔ zero actual pickup is a known zero awaiting a contract denominator, not a missing value or automatic achievement (54.540042ms)
✔ missing execution evidence does not imply that material has not arrived or that work is confirmed overdue (97.775542ms)
✔ POST-FOLD late: post work is nested and the sewing label is unified (7.128833ms)
✔ POST-FOLD normal: post work is nested and the sewing label is unified (6.647ms)
✔ POST-FOLD complete: post work is nested and the sewing label is unified (2.825791ms)
✔ POST-FOLD completeLate: post work is nested and the sewing label is unified (5.957625ms)
✔ POST-FOLD completeUnknown: post work is nested and the sewing label is unified (3.268917ms)
✔ POST-FOLD partial: post work is nested and the sewing label is unified (2.736792ms)
✔ POST-FOLD reordered: post work is nested and the sewing label is unified (5.785125ms)
✔ POST-FOLD reachedLate: post work is nested and the sewing label is unified (2.412417ms)
✔ POST-FOLD positioning: post work is nested and the sewing label is unified (0.43675ms)
✔ POST-FOLD prepPending: post work is nested and the sewing label is unified (0.405333ms)
✔ POST-FOLD sampleLate: post work is nested and the sewing label is unified (4.151667ms)
✔ POST-FOLD samplePending: post work is nested and the sewing label is unified (3.982459ms)
✔ POST-FOLD fullContract: post work is nested and the sewing label is unified (3.5285ms)
✔ POST-FOLD materialBatches: post work is nested and the sewing label is unified (0.711083ms)
✔ POST-FOLD materialPartial: post work is nested and the sewing label is unified (0.621875ms)
✔ POST-FOLD live: post work is nested and the sewing label is unified (3.42475ms)
✔ POST-FOLD unknown: post work is nested and the sewing label is unified (0.70425ms)
✔ POST-FOLD unassigned: post work is nested and the sewing label is unified (2.446542ms)
✔ POST-FOLD sameFactory: post work is nested and the sewing label is unified (4.577458ms)
✔ POST-FOLD handoverPartial: post work is nested and the sewing label is unified (0.476375ms)
✔ POST-TIME: completed and active work show actual times and longest own clock without inventing an SLA (0.559041ms)
✔ POST-TIME: known document requirements distinguish unfinished late work from completed late history (0.240792ms)
✔ PAGE-001 / SCENE-17 / 20: 19 unique production orders plus one purchase awaiting association preserve the 19 accepted base scenes (1.435667ms)
✔ MASTER-001 / SCENE-07: reversing purchase order input retains earliest precise start and 28-day deadline (0.413ms)
✔ MASTER-002: full warehouse completion at the exact deadline is timely; one minute later is late (0.660541ms)
✔ SCENE-03—05: warehouse facts establish completion separately from final timestamp and stale upstream records (0.256833ms)
✔ SCENE-06 / 16 / 18: quantity positions conserve pieces while missing position and task ownership remain distinct (6.470958ms)
✔ CONTRACT-002 / SCENE-13: three return contracts use calendar days including Sunday and their actual held quantities (1.311083ms)
✔ SCENE-19: B factory total 40% cannot cover the independently overdue B01 task (3.200541ms)
✔ SCENE-02 / 08: timely returns and late reached milestone differ from a currently overdue unmet milestone (1.990292ms)
✔ SCENE-09 / 10: preparation is a parallel four/five-day stage with separately recorded production and handover (7.8005ms)
✔ SCENE-11 / 12: sample date is pickup plus three; failed or unsubmitted sample does not move the return deadline (2.526833ms)
✔ SCENE-14: stock 600 meters advances before the independent 900-meter purchase batch, with three work/handover records each (2.242458ms)
✔ SCENE-15: known 600-meter receipt is preserved while the 900-meter purchase remains unknown and currently late (1.893333ms)
✔ SCENE-20: partial factory handover retains 2400 sleeve pieces received and 600 disputed without closing the handover or converting to garments (1.672667ms)
✔ SCENE-01: completed preparation/material delays remain history while sleeve work has a current 600-piece gap (2.956ms)
✔ PREP / CRAFT: auxiliary work is three days each; bulk dye/print/wash and handovers have no invented SLA (2.003125ms)
✔ SOURCE / UI: document IDs, related ownership, native routes and source summaries are coherent without read mutation (43.859208ms)
✔ SOURCE: there are no future actual events or reversed processing/handover times in the fixed demonstration (6.861125ms)
✔ SCENE late: expanded accepted diagram retains its business nodes and source documents (1.07725ms)
✔ SCENE normal: expanded accepted diagram retains its business nodes and source documents (3.3295ms)
✔ SCENE complete: expanded accepted diagram retains its business nodes and source documents (1.244666ms)
✔ SCENE completeLate: expanded accepted diagram retains its business nodes and source documents (3.107292ms)
✔ SCENE completeUnknown: expanded accepted diagram retains its business nodes and source documents (2.278292ms)
✔ SCENE partial: expanded accepted diagram retains its business nodes and source documents (3.505458ms)
✔ SCENE reordered: expanded accepted diagram retains its business nodes and source documents (2.652459ms)
✔ SCENE reachedLate: expanded accepted diagram retains its business nodes and source documents (2.267333ms)
✔ SCENE positioning: expanded accepted diagram retains its business nodes and source documents (0.608792ms)
✔ SCENE prepPending: expanded accepted diagram retains its business nodes and source documents (0.520542ms)
✔ SCENE sampleLate: expanded accepted diagram retains its business nodes and source documents (2.147208ms)
✔ SCENE samplePending: expanded accepted diagram retains its business nodes and source documents (1.271875ms)
✔ SCENE fullContract: expanded accepted diagram retains its business nodes and source documents (1.37625ms)
✔ SCENE materialBatches: expanded accepted diagram retains its business nodes and source documents (12.831916ms)
✔ SCENE materialPartial: expanded accepted diagram retains its business nodes and source documents (29.28625ms)
✔ SCENE live: expanded accepted diagram retains its business nodes and source documents (4.373042ms)
✔ SCENE unknown: expanded accepted diagram retains its business nodes and source documents (0.178875ms)
✔ SCENE unassigned: expanded accepted diagram retains its business nodes and source documents (2.890417ms)
✔ SCENE sameFactory: expanded accepted diagram retains its business nodes and source documents (1.979583ms)
✔ SCENE handoverPartial: expanded accepted diagram retains its business nodes and source documents (1.448917ms)
✔ PREP-005: supplemental scene retains disabled and change-ended documents without creating active clocks or blocking valid preparation (1.2325ms)
✔ timing documents resolve directly at their native route with the same shared static facts (859.148209ms)
✔ source detail does not resolve unrelated records or a registered record at a wrong module path (0.517167ms)
✔ a handover belongs to its original outgoing work rather than a linked next process (0.271292ms)
✔ contract details retain natural-day deadlines and late achievement history (1.321667ms)
✔ partially received material retains unknown purchase receipt instead of inventing zero or full stock (0.73425ms)
✔ production preparation details include parallel requirements and BOM quantities (3.735958ms)
✔ work remaining quantity follows known required and completed quantities in the same unit (1.072167ms)
✔ missing factory sample uses the recorded requirement date and keeps sample approval outside return milestones (0.205583ms)
✔ purchase-only scenario resolves to the existing merchandise purchase and pending-purchase backlink (0.136917ms)
✔ finished-goods detail distinguishes latest partial receipt from full completion time (0.415625ms)
✔ unknown timing standard is amber verification, never a red confirmed-overdue result (0.28425ms)
✔ MIGRATE-001: direct production/pending detail paths have their own active tab identity; discarded tasks/examples/team details are absent (4.188125ms)
✔ MIGRATE-001: stored DDS tabs prune discarded addresses, retain unrelated tabs and correct the live production title without touching input (3.314084ms)
(node:11694) ExperimentalWarning: localStorage is not available because --localstorage-file was not provided.
(Use `node --trace-warnings ...` to show where the warning was created)
✔ VERIFY-003: scoped reads preserve pending/voided sources and defensive copies (18.015917ms)
✔ VERIFY-003: metadata lookup reflects registry changes and returns independent locations (12.209917ms)
✔ 备份恢复不能借原票编号伪造另一种面料的交出回执 (1.012459ms)
(node:11697) ExperimentalWarning: localStorage is not available because --localstorage-file was not provided.
(Use `node --trace-warnings ...` to show where the warning was created)
✔ 换片票文案不显示内部路径，扫码身份和原票号保持 (2.000083ms)
✔ 打印结果选票行使用业务名称区分生产单、面料和颜色，保留原勾选身份 (0.461667ms)
✔ 任务单使用可识别的物料编码，内部技术资料键不进入文字、图片标题和无障碍名称 (1.192792ms)
✔ 换片布固定演示：四个新增生产单覆盖部分打印、补打、交出备用及失效票 (1.775875ms)
✔ 部位票缓存感知已提交事件版本，重复读取同一版本不失效 (0.494041ms)
✔ 按名称排朴，空名拒绝，同名不同编码/颜色保留独立身份 (1.54075ms)
✔ 初始每面料一张，重复分配幂等；新增与补打不混淆 (1.632125ms)
✔ 改派未交票失效，已交历史不抹除，新范围递增序号 (1.315959ms)
✔ 部分出纸仅确认勾选票；重复确认不增加次数，内容变化拒绝 (0.371458ms)
✔ 整个批次多袋并集检查，非本次袋不可借用，顺序无关 (0.374875ms)
✔ 同任务同工厂历史可满足；不同任务或换厂必须另交 (0.221458ms)
✔ 三方自行裁剪排除，资料缺失与无需面料分开判断 (0.073958ms)
✔ 混装按类型和单位分项，换片布不能拆成非5 Yard (0.133834ms)
✔ 局域网 HTTP 的摘要与原生 SHA-256 相同，既有票号不变化 (12.10375ms)
(node:11705) ExperimentalWarning: localStorage is not available because --localstorage-file was not provided.
(Use `node --trace-warnings ...` to show where the warning was created)
✔ 混装打印保留裁片矩阵，捆条和换片布独立附页，不合并单位 (3.148208ms)
✔ 纯换片布袋可生成货物标识，不制造尺码和部位 (0.327584ms)
✔ 混装标签拒绝换片布错误长度、作废票和混生产单 (0.560875ms)
✔ 旧业务存储不可读时仍用已提交的原装袋周期打印三类货物 (0.594583ms)
✔ 生产单按单记录；变更一单不重写其他单和任务 (1.993084ms)
✔ 运行任务独立保存覆盖、拆分、合并、改派及序号，往返保留身份 (0.2785ms)
✔ 有效分配索引、独立记录、审计及序号完整往返，拒绝重复身份和损坏格式 (0.833ms)
✔ 拒绝空字符串，不吞掉损坏记录 (0.149292ms)
✔ 拒绝数组根，不吞掉损坏记录 (0.104208ms)
✔ 拒绝生产单数组实体，不吞掉损坏记录 (0.093542ms)
✔ 拒绝生产单空编号，不吞掉损坏记录 (0.0815ms)
✔ 拒绝生产单损坏快照，不吞掉损坏记录 (0.092917ms)
✔ 拒绝任务覆盖数组，不吞掉损坏记录 (0.136083ms)
✔ 拒绝任务覆盖身份，不吞掉损坏记录 (0.15875ms)
✔ 拒绝拆分来源身份，不吞掉损坏记录 (0.106083ms)
✔ 拒绝拆分子项损坏，不吞掉损坏记录 (0.114708ms)
✔ 拒绝合并明细损坏，不吞掉损坏记录 (0.097208ms)
✔ 拒绝改派任务身份，不吞掉损坏记录 (0.061875ms)
✔ 拒绝不安全序号，不吞掉损坏记录 (0.068083ms)
✔ 拒绝重复Map键，不吞掉损坏记录 (0.079084ms)
✔ 拒绝current非数组，不吞掉损坏记录 (0.068833ms)
✔ 拒绝current孤儿，不吞掉损坏记录 (0.09225ms)
✔ 拒绝current跨任务，不吞掉损坏记录 (0.065833ms)
✔ 拒绝current重复引用，不吞掉损坏记录 (0.0865ms)
✔ 拒绝审计孤儿，不吞掉损坏记录 (0.066416ms)
✔ 已保存实体损坏编号、缺少meta或重复meta不能伪造正常空源 (0.443333ms)
✔ 未登记key及空白JSON拒绝；null明确代表没有覆盖 (0.093791ms)
✔ 备份校验拒绝未知来源集合、伪造迁移身份及丢失检查点实体 (0.736083ms)
✔ 四类静态运行任务的删除标记完整往返，拒绝混入业务字段或假删除 (0.161709ms)
✔ 分配副产物按实体保存；合同、样衣及PPIC责任保留独立序号 (0.530084ms)
✔ 拒绝缺失渲染必需快照的合同，防止迁移清源后才暴露损坏 (0.058ms)
✔ 关联实体损坏拒绝 unknown:X (0.04675ms)
✔ 关联实体损坏拒绝 material-context:A (0.033292ms)
✔ 关联实体损坏拒绝 return-sequence:value (0.037917ms)
✔ 关联实体损坏拒绝 sla-current:T (0.027542ms)
✔ 生产创建匹配来源按生产单身份校验并完整恢复 (0.212958ms)
✔ 工厂结束事实只允许明确任务、操作人和时间 (1.811917ms)
✔ 既有招标定标记录保留真实来源编号并校验价格与操作人 (0.366041ms)
✔ 开工交出单头只包含首次零交出事实，拒绝伪造数量和身份 (0.411958ms)
(node:11708) ExperimentalWarning: localStorage is not available because --localstorage-file was not provided.
(Use `node --trace-warnings ...` to show where the warning was created)
✔ 同分配的同名 A/B 面料分别新增和打印；第二面料不被第一范围替代 (191.776375ms)
(node:11709) ExperimentalWarning: localStorage is not available because --localstorage-file was not provided.
(Use `node --trace-warnings ...` to show where the warning was created)
✔ 分配 SKU 的需料不同；多尺码共料去重，名称含朴排除 (2.512334ms)
✔ 完整但全是朴为空集合；缺颜色映射或空名称属于资料错误 (0.906916ms)
✔ 同名不同编码面料不混并；BOM 身份歧义阻断 (0.555333ms)
✔ 交出回执从快照保留三种明细，Yard 与米不进入裁片数量 (1.664792ms)
✔ 回执任务读取保持数组身份；只在事实变更后重新投影 (1.929625ms)
✔ 款式需料读取的配置查询只返回独立副本，不能污染下次来源读取 (1.593208ms)
✔ 来源读取失败时不能把不可用哨兵值当作稳定分配继续保存 (0.5025ms)
✔ 历史裁片实交保留原数量与归属，其他集合不混入 (4.35275ms)
✔ 历史缺原版本、交错明细、负数量或记录身份错误均阻断恢复 (0.668916ms)
✔ 面辅料单不可写入退役裁片历史，未完成迁移标记不可恢复 (0.683417ms)
✔ 并发调用复用同一个模块加载 Promise，成功后继续复用结果 (1.457625ms)
✔ 模块加载失败后清空缓存，下一次调用可以重试 (0.800459ms)
(node:11713) ExperimentalWarning: localStorage is not available because --localstorage-file was not provided.
(Use `node --trace-warnings ...` to show where the warning was created)
✔ CONTRACT-005: native legacy task fixture exposes the actual missing allocation date at PDA and progress board entries (1810.962375ms)
(node:11714) ExperimentalWarning: localStorage is not available because --localstorage-file was not provided.
(Use `node --trace-warnings ...` to show where the warning was created)
✔ CONTRACT-002: later factory acceptance retains its fact without postponing business allocation deadlines (1.935625ms)
✔ CONTRACT-002: missing business allocation time produces a visible verification gap instead of acceptance-based deadlines (0.775958ms)
✔ CONTRACT-002: historical acceptance-based snapshots remain intact but cannot establish current contract deadlines (3.116875ms)
✔ CONTRACT-002: shared PDA and progress board show missing allocation dates without claiming zero-receipt tasks are complete (1.009791ms)
✔ CONTRACT-002: confirmed dates still show the next contractual node and complete only after all 100 pieces are received (1.119125ms)
✔ CONTRACT-002: outsourcing tracking uses allocation dates for tender tasks and marks missing dates as unverified (26.930666ms)
(node:11715) ExperimentalWarning: localStorage is not available because --localstorage-file was not provided.
(Use `node --trace-warnings ...` to show where the warning was created)
✔ 刷新时静态样衣命令重建不重放到已移交的持久用户状态，构造失败恢复输入 (21.360292ms)
✔ 独立打印外壳只命中完整生产确认单打印路由 (1.84325ms)
✔ 既有固定打印路由仍使用独立打印外壳 (0.26375ms)
(node:11718) ExperimentalWarning: localStorage is not available because --localstorage-file was not provided.
(Use `node --trace-warnings ...` to show where the warning was created)
✔ TP-ID-002: FCS live hydration cannot change the static 26 identities or their numeric sequence (17.40925ms)
✔ TP-DATA-001: baseline has 20 actual complete formal versions and three plus three draft review states (5.384584ms)
✔ TP-ROUTE-001: all twenty formal routes have three resolvable dye→print→wash chains and five two-craft pieces (264.811958ms)
✔ TP-ID-001: ID is persisted independent of ordering and next identity uses the global maximum (2.523584ms)
✔ TP-LEGACY-001: exact old static copies project read-only, preserve source identities and preserve changed records or content (8.403041ms)
✔ TP-LEGACY-002: repository reads old demo without writes; new legacy-source creation is rejected (555.967625ms)
✔ TP-LEGACY-003: early release content upgrades after person maintenance but genuine technical edits remain intact (4.924208ms)
✔ TP-PAGE-001: route rendering preserves stored IDs and hides objects without additional processing (179.764375ms)
✔ TP-PERSON-001: valid maintenance retains published content, records a log, and rejects wrong-role candidates (450.489125ms)
✔ technical version working-copy reads do not write and failed staging preserves data (first visit) (703.518542ms)
✔ technical version working-copy reads do not write and failed staging preserves data (saved data) (703.464875ms)
[PMS_IDB_LOAD_FAILED] { message: '当前浏览器不支持 IndexedDB,PMS 业务数据无法持久化。' }
✔ 五类页面共享采购到交出的串联 Mock，重复初始化不重置执行事实 (447.960041ms)
✔ 补齐串联 Mock 时压缩历史大签名，避免浏览器存储接近上限导致页面路由失败 (398.998834ms)
✔ 三个中央工厂在组织目录与执行工厂中身份一致且仅出现一次 (0.886334ms)
✔ 花边角色与采购映射归属TMF但供应方仍保留独立身份 (0.216708ms)
✔ 橡筋定长切割仍归SPF，不成为TMF织带截断任务 (0.18575ms)
✔ 旧浏览器组织记录迁移后不与权威TMF并存且保留已有联系人 (6.78425ms)
(node:11725) ExperimentalWarning: localStorage is not available because --localstorage-file was not provided.
(Use `node --trace-warnings ...` to show where the warning was created)
✔ 连续织带实际650米交出→648+2实收→染色可用650，仓库和用料保持米制且无公斤换算 (18.1485ms)
✔ 连续长度口径不可用于纱线/码制，普通辅料仍要求实际称重 (1.102959ms)
✔ 原生连续辅料染色650→640：实际工厂实收及用料驱动加工，使用对象对应蓝色织带参考图 (861.116625ms)
✔ 织带与绳子参考档案接入实际物料库，保留图片来源和未确认尺寸，不替换橡筋 (404.337375ms)
✔ 同分钟新建不同幅宽织带和绳径主档不共用 SPU 身份，SKU 保持各自父档与主单位 (35.297125ms)
✔ TMF半成品SKU按SPU→潘通色号→颜色→花型生成，长度和端头不进入SKU (0.501209ms)
(node:11729) ExperimentalWarning: localStorage is not available because --localstorage-file was not provided.
(Use `node --trace-warnings ...` to show where the warning was created)
✔ TMF发布采用链：技术包发布门禁→审核发布→启用→生产单采用→生成织带加工需求 (3634.280333ms)
✔ TMF发布门禁：含织带截断工序但规格未补齐的采用版本不能发布 (630.305541ms)
✔ 正式生产路线只关联相邻同BOM同SKU的染色→印花，不生成数量或修改来源 (3.802041ms)
✔ 跨单/版本/工序/用途/SKU/单位、缺工厂与已有其他接收单都不能接续 (0.680333ms)
✔ 印花连续辅料仅接同版本同BOM的直接截断节点，不修改SKU和数量 (1.576625ms)
✔ 染色来源已绑定印花时拒绝直接截断，不读取不存在的顶层字段 (0.375542ms)
✔ TMF V1 原型范围、工厂身份和现场默认参数已冻结 (1.583125ms)
✔ TMF 风险动作默认要求主管与二次确认，采购行身份不可丢失 (0.290125ms)
[PMS_IDB_LOAD_FAILED] { message: '当前浏览器不支持 IndexedDB,PMS 业务数据无法持久化。' }
[PMS_IDB_UNAVAILABLE] put 跳过,数据仅保留在内存 { store: 'pmsMaterialPurchaseOrderDeltas', key: 'CGF-2026-0007' }
[PMS_IDB_UNAVAILABLE] put 跳过,数据仅保留在内存 { store: 'pmsMaterialPurchaseOrderDeltas', key: 'CGF-2026-0009' }
[PMS_IDB_UNAVAILABLE] put 跳过,数据仅保留在内存 { store: 'pmsMaterialPurchaseOrderDeltas', key: 'CGF-2026-0009' }
{"scenario":"N02","scope":"业务动作主链含纱线重量账；含端头辅材采购实收；不含PCS发布采用页面、纱线采购上游","purchaseReceived":1300,"productionReceived":1000,"warehouseContinuousM":30,"netCutM":1260,"lossM":10,"headUnit":"个","headReceived":2020,"headRemaining":15}
[PMS_IDB_UNAVAILABLE] put 跳过,数据仅保留在内存 { store: 'pmsMaterialPurchaseOrderDeltas', key: 'CGF-2026-0010' }
[PMS_IDB_UNAVAILABLE] put 跳过,数据仅保留在内存 { store: 'pmsMaterialPurchaseOrderDeltas', key: 'CGF-2026-0010' }
{"scenario":"N03","scope":"业务动作主链含纱线重量账；含端头辅材采购实收；不含PCS发布采用页面、纱线采购上游","purchaseReceived":60,"productionReceived":100,"warehouseContinuousM":9,"netCutM":50,"lossM":1,"headUnit":"个","headReceived":202,"headRemaining":1}
[PMS_IDB_UNAVAILABLE] put 跳过,数据仅保留在内存 { store: 'pmsMaterialPurchaseOrderDeltas', key: 'CGF-2026-0011' }
[PMS_IDB_UNAVAILABLE] put 跳过,数据仅保留在内存 { store: 'pmsMaterialPurchaseOrderDeltas', key: 'CGF-2026-0011' }
{"scenario":"N04","scope":"业务动作主链含纱线重量账；含端头辅材采购实收；不含PCS发布采用页面、纱线采购上游","purchaseReceived":100,"productionReceived":50,"warehouseContinuousM":34,"netCutM":65,"lossM":1,"headUnit":"kg","headReceived":0.2,"headRemaining":0.04}
[PMS_IDB_UNAVAILABLE] put 跳过,数据仅保留在内存 { store: 'pmsMaterialPurchaseOrderDeltas', key: 'CGF-2026-0012' }
[PMS_IDB_UNAVAILABLE] put 跳过,数据仅保留在内存 { store: 'pmsMaterialPurchaseOrderDeltas', key: 'CGF-2026-0012' }
{"scenario":"B06","scope":"规范数量动作链；塑料头从仓库实收事实开始，补购基础生产未虚构纱线配方；不代表全部页面验收","continuous":9,"productionReceived":1000,"scrapped":100,"scrappedMeters":120,"loss":11,"metalRemaining":15,"plasticRemaining":2}
{"scenario":"N05","mergedBatch":"FULL-N05-MERGED","purchaseReceivedM":120,"mergedIssuedM":102,"mergedProducedPieces":200,"productionReceivedByOrder":[100,100],"warehouseContinuousM":19,"lossM":1,"returnedM":1}
{"scenario":"B17","mergedBatch":"FULL-B17-MERGED","purchaseReceivedM":120,"mergedIssuedM":102,"mergedProducedPieces":200,"productionReceivedByOrder":[100,100],"warehouseContinuousM":19,"lossM":1,"returnedM":1}
{"scenario":"N01","rawReceivedKg":12,"consumedKg":10,"returnedKg":1,"factoryRemainingKg":1,"semiFinishedReceivedM":1000}
{"scenario":"N02","rawReceivedKg":12,"consumedKg":10,"returnedKg":1,"factoryRemainingKg":1,"semiFinishedReceivedM":1300}
{"scenario":"N03","rawReceivedKg":12,"consumedKg":10,"returnedKg":1,"factoryRemainingKg":1,"semiFinishedReceivedM":60}
{"scenario":"N04","rawReceivedKg":12,"consumedKg":10,"returnedKg":1,"factoryRemainingKg":1,"semiFinishedReceivedM":100}
{"scenario":"N05","rawReceivedKg":12,"consumedKg":10,"returnedKg":1,"factoryRemainingKg":1,"semiFinishedReceivedM":120}
{"scenario":"PRINTBACK-source-fixture","nativePrint":{"inputM":650,"outputM":630,"lossM":20,"outputImage":"MISSING_BLOCKED"},"sourceDispatched":630,"actualReceived":630,"cutMeters":620,"lossMeters":2,"returnedMeters":8,"baseLeftMeters":350,"scope":"原生印花650→630已独立重放；下游630米交出仍为专项夹具，不替代缺图正式交出或N01完整上游"}
{"scenario":"B09-downstream-recovery","basePhysicalM":350,"otherReservedM":350,"baseAvailableM":0,"processedReturnM":8,"productionPieces":[400,600],"scope":"含实际占用失败、释放、发料及印花回料后全链；原生印染20米损耗未执行，不是完整B09通过"}
{"scenario":"B05-cut-recovery","received":[400,600],"frozenPieces":10,"frozenLengthMm":500,"continuous":2.5,"cutLoss":2.5,"upstreamScope":"印花630米已交出为外部专项夹具，不冒充原生印染20米损耗或全N01"}
(node:11732) ExperimentalWarning: localStorage is not available because --localstorage-file was not provided.
(Use `node --trace-warnings ...` to show where the warning was created)
✔ N01～N05：通过现有 PMS 入口下达，每条采购链从零执行到仓库实收；交出不提前增加库存 (18.554375ms)
✔ 半成品加工没有原料实收和足量耗用时禁止产出，补齐同一原料链后才能填报 (7.604083ms)
✔ MOCK-007：规范场景使用同一采购行、基础单和生产需求身份，不复制孤立页面 Mock (4.301791ms)
✔ MOCK-009：重置只重载隔离的运行态，不清除用户浏览器数据 (0.454292ms)
✔ B01/B03：短收保留在途和采购缺口；重复扫描、生成和刷新不双记 (0.958375ms)
✔ B02/B04：多收、错 SKU、错仓和无权限动作不改变任意下游数量；恢复后正常收齐 (3.690542ms)
✔ OVR-001～003：超产与超收须主管二次确认，计划不扩、幂等且下游一致 (6.047333ms)
✔ MASTER-001～003/005：采购与端头采购映射原型内建主档，缺失阻断且身份稳定 (5.523166ms)
✔ MASTER-004：映射前历史记录保留原快照与未映射标记，不批量改写 (0.56725ms)
✔ TERM-001～005：取消后终止处置台逐项决定，未处置不得结案且数量对账守恒 (18.415ms)
✔ 终止连续余料：实物余量只扣一次报废，拒绝超量且剩余数量可继续处置 (10.152167ms)
✔ GAP-TERM-004：上游未收与生产在途分别确认去向，不可重复登记 (1.35075ms)
✔ DYE-001～003：染色直交织带厂按实际交出分配实收，追溯原染色单且不重复扣料 (2006.206042ms)
✔ 采购追加：未开始同步计划，已执行保留原计划和实物并处理变更 (12.77525ms)
✔ B21：保存失败不报成功、不留部分库存；成功后刷新读取同一采购和收货事实 (3.700958ms)
✔ 采购→两种规格截断→拆包回仓→分配发料→生产实收：短收保留缺口，库存及采购不双记 (64.936917ms)
✔ B09：其他需求占用400米时不能再占650；释放50后恢复，错误发料不改变库存 (21.83225ms)
✔ 需求来源：同尺码不同成衣SKU分别保留，BOM适用范围生效，错误快照和重复工序阻断 (8.819208ms)
✔ 待打头条料不计合格产出；超公差实物记不良且照实扣下料当量，未实收不可截断 (122.2365ms)
✔ N04：采购100米→单端硅胶按kg实耗→回仓发料→生产实收50根，连续料剩34米 (45.721167ms)
✔ B15：截断后取消保留1000根在制和1260米当量，释放未发占用并只退连续余料 (29.604ms)
✔ 已回仓部分发料后取消：释放未发分配，冻结实存，已发在途保留且实收不恢复需求 (24.437292ms)
✔ N02规范数值：采购→实际加工→生产实收及米料/辅材退仓整链 (99.557292ms)
✔ N03规范数值：采购→实际加工→生产实收及米料/辅材退仓整链 (96.763125ms)
✔ N04规范数值：采购→实际加工→生产实收及米料/辅材退仓整链 (93.887125ms)
✔ B06规范恢复：误装100根报废→补购100米并补做→生产实收1000根，三套实物账守恒 (194.626833ms)
✔ N05合并批：120米采购→102米合并投入→两生产单各实收100，B17独立副本拆100为40+60 (126.642333ms)
✔ B17合并批：120米采购→102米合并投入→两生产单各实收100，B17独立副本拆100为40+60 (137.744791ms)
✔ N01～N05基础原料重量账：源仓实收→发出→工厂实收→耗用/余料→原仓实收，与米制产出独立 (370.513583ms)
✔ 主生产单暂停/取消直接限制织带执行，已发实收保留且取消处置释放未发占用 (91.035084ms)
✔ 冷启动及旧标签页均读取已保存主单限制，损坏来源不默许执行 (0.40875ms)
✔ 印花交出按两种长度分配，原单分次实收唯一记账，随后截断/回仓/领料守恒 (550.602709ms)
✔ 主单离页保存保留其他页取消及新增单，同单并发编辑和存储失败不覆盖 (3.3645ms)
✔ 技术包换版后旧规格冻结，已交出的仓库及生产在途可实收且不改旧长度 (91.456542ms)
✔ 未发料换版释放旧占用，新需求从备料至生产实收，旧预览和已执行重算阻断 (159.443917ms)
✔ 已加工换版：旧200条冻结并释放未发分配，新550/700mm需求实收1000条，旧预览失效且库存守恒 (217.630958ms)
✔ B05实际410/590错配：短条余量冻结，连续余料8米补10条700mm至两规格生产实收 (291.006333ms)
✔ 加工计划时间独立保存：明确时区、并发版本阻断、实际节点不倒推开完工且库存不变 (47.561916ms)
✔ 加工单费用按技术包需求计价：单位、币种和版本可追溯，库存与实收不被费用动作改变 (87.353083ms)
✔ 织带加工单没有接单或开工门禁，投入实收后可直接加工填报 (88.017917ms)
✔ B23未执行采购1000减900：版本留痕、旧预览阻断、重新确认接受后900实际生产实收 (89.361458ms)
✔ B24实收1000退100：仓库交出与TMF分次实收独立，原收保留且净900后减量 (554.235292ms)
✔ 采购取消门禁：无执行事实可取消，已收货或已生产必须先处置不能直接结案 (260.311875ms)
[PMS_IDB_LOAD_FAILED] { message: '当前浏览器不支持 IndexedDB,PMS 业务数据无法持久化。' }
[PMS_IDB_UNAVAILABLE] put 跳过,数据仅保留在内存 { store: 'pmsMaterialPurchaseOrderDeltas', key: 'CGF-2026-0007' }
[PMS_IDB_LOAD_FAILED] { message: '当前浏览器不支持 IndexedDB,PMS 业务数据无法持久化。' }
[PMS_IDB_LOAD_FAILED] { message: '当前浏览器不支持 IndexedDB,PMS 业务数据无法持久化。' }
[PMS_IDB_LOAD_FAILED] { message: '当前浏览器不支持 IndexedDB,PMS 业务数据无法持久化。' }
[PMS_IDB_UNAVAILABLE] put 跳过,数据仅保留在内存 { store: 'pmsMaterialPurchaseOrderDeltas', key: 'CGF-2026-0007' }
[PMS_IDB_UNAVAILABLE] put 跳过,数据仅保留在内存 { store: 'pmsMaterialPurchaseOrderDeltas', key: 'CGF-2026-0007' }
[PMS_IDB_UNAVAILABLE] put 跳过,数据仅保留在内存 { store: 'pmsMaterialPurchaseOrderDeltas', key: 'CGF-2026-0007' }
[PMS_IDB_LOAD_FAILED] { message: '当前浏览器不支持 IndexedDB,PMS 业务数据无法持久化。' }
[PMS_IDB_LOAD_FAILED] { message: '当前浏览器不支持 IndexedDB,PMS 业务数据无法持久化。' }
[PMS_IDB_LOAD_FAILED] { message: '当前浏览器不支持 IndexedDB,PMS 业务数据无法持久化。' }
✔ PMS采购实际仓库实收与原料库存一次保存；分批、刷新、原料使用和退回均不重复履约 (239.472041ms)
✔ 历史手工到货及不支持的单位不能直接变成投入料可用库存 (0.768583ms)
✔ 首次实收前供应商确认与关闭可刷新恢复，保存失败和损坏存储不会覆盖状态 (0.970125ms)
✔ N01采用路线按染色→印花关联原单，多尺码不重复列工序，不修改印染数量 (1.335083ms)
✔ 旧版本、错误SKU、码制单位、取消或变更待处理均不作为有效关联 (0.261541ms)
✔ 同号不同生产单或BOM不得关联，重复来源不静默选择，混合快照阻断 (0.289792ms)
✔ 编辑器按尺码保留规格，截断打头不新建SKU，重复保存沿用节点身份 (2.116917ms)
✔ 无印染要求时 TMF 路线只生成截断节点，不凭空生成染色或印花节点 (0.142084ms)
✔ 前序印染产出SKU作为截断投入；保留独立橡筋工艺，移除打头后下游连接截断 (0.986917ms)
✔ 未明确打头、错误辅料BOM、无半成品和不合法前序不能生成可执行路线 (0.352375ms)
(node:11736) ExperimentalWarning: localStorage is not available because --localstorage-file was not provided.
(Use `node --trace-warnings ...` to show where the warning was created)
✔ N01：400 条 50CM 和 600 条 70CM 分行计算，共 620 米；未增加 SKU (5.587042ms)
✔ 缺少尺码数量、非整数条数、公差或测量条件时不猜测需求 (1.007708ms)
✔ B07：未选择打头、缺少端头方式或辅材不能确认；支持两端不同端头 (0.862416ms)
✔ N04/B08：硅胶按重量且必须有覆盖长度，不作为独立金属头计数 (0.240375ms)
✔ B18：打头只能承接对应截断条料，不能换 SKU、换长度或重新领连续料 (0.422667ms)
✔ N05：规格相同可以合并，但尺码、用途和需求身份不靠物理规格键代替 (0.176542ms)
✔ B14：修改后续版本端头要求不能污染生产单历史快照 (1.6785ms)
✔ 发布门禁：含织带截断工序的技术包必须规格完整且规格仍关联当前 BOM (0.349875ms)
(node:11737) ExperimentalWarning: localStorage is not available because --localstorage-file was not provided.
(Use `node --trace-warnings ...` to show where the warning was created)
✔ 已提交新周期可由真实袋档案进入历史，错误袋和未知周期仍拒绝 (1.139958ms)
(node:11738) ExperimentalWarning: localStorage is not available because --localstorage-file was not provided.
(Use `node --trace-warnings ...` to show where the warning was created)
✔ REPLACEMENT_FABRIC 已绑定有效同生产单任务保留归属，不按部位裁片SKU消除 (44.218125ms)
✔ REPLACEMENT_FABRIC 未绑定票不猜任务，可由用户明确同批加入 (27.908ms)
✔ REPLACEMENT_FABRIC old-factory 旧绑定不可作为当前任务沿用 (28.862042ms)
✔ REPLACEMENT_FABRIC other-order 旧绑定不可作为当前任务沿用 (45.130584ms)
✔ BINDING_STRIP 已绑定有效同生产单任务保留归属，不按部位裁片SKU消除 (17.402042ms)
✔ BINDING_STRIP 未绑定票不猜任务，可由用户明确同批加入 (12.247041ms)
✔ BINDING_STRIP old-factory 旧绑定不可作为当前任务沿用 (11.216834ms)
✔ BINDING_STRIP other-order 旧绑定不可作为当前任务沿用 (9.939875ms)
ℹ tests 695
ℹ suites 0
ℹ pass 695
ℹ fail 0
ℹ cancelled 0
ℹ skipped 0
ℹ todo 0
ℹ duration_ms 45455.8165
vite v6.4.3 building for production...
transforming...
✓ 2736 modules transformed.
Circular chunk: pcs-tech-pack-review -> pcs-tech-pack-bootstrap -> pcs-tech-pack-review. Consider disabling the "output.onlyExplicitManualChunks" option, as enabling it causes the static dependencies of the manual chunk "pcs-tech-pack-bootstrap" to be bundled into the chunk "pcs-tech-pack-review".
rendering chunks...
[plugin vite:reporter] 
(!) /Users/laoer/.codex/worktrees/9ec5/higoods/src/data/fcs/cut-piece-release.ts is dynamically imported by /Users/laoer/.codex/worktrees/9ec5/higoods/src/data/fcs/cutting/cut-piece-ticket-validity.ts, /Users/laoer/.codex/worktrees/9ec5/higoods/src/data/fcs/cutting/cut-piece-ticket-validity.ts, /Users/laoer/.codex/worktrees/9ec5/higoods/src/data/fcs/cutting/cutting-event-repository.ts, /Users/laoer/.codex/worktrees/9ec5/higoods/src/data/fcs/cutting/cutting-event-repository.ts, /Users/laoer/.codex/worktrees/9ec5/higoods/src/data/fcs/production-context-actions.ts but also statically imported by /Users/laoer/.codex/worktrees/9ec5/higoods/src/data/fcs/runtime-process-tasks.ts, /Users/laoer/.codex/worktrees/9ec5/higoods/src/data/fcs/sewing-assignment-readiness.ts, /Users/laoer/.codex/worktrees/9ec5/higoods/src/data/fcs/sewing-production-order-duration.ts, /Users/laoer/.codex/worktrees/9ec5/higoods/src/pages/fcs/material-prep/sewing.ts, /Users/laoer/.codex/worktrees/9ec5/higoods/src/pages/process-factory/cutting/cut-order-release-integration.ts, /Users/laoer/.codex/worktrees/9ec5/higoods/src/pages/process-factory/cutting/cut-piece-release.ts, /Users/laoer/.codex/worktrees/9ec5/higoods/src/pages/process-factory/cutting/cutting-daily-production-report-model.ts, /Users/laoer/.codex/worktrees/9ec5/higoods/src/pages/process-factory/cutting/supplement-management.ts, /Users/laoer/.codex/worktrees/9ec5/higoods/src/pages/sewing-outsourcing/tasks.ts, /Users/laoer/.codex/worktrees/9ec5/higoods/src/pages/unified-dispatch-workbench.ts, dynamic import will not move module into another chunk.

[plugin vite:reporter] 
(!) /Users/laoer/.codex/worktrees/9ec5/higoods/src/components/production-object-floating-entry.ts is dynamically imported by /Users/laoer/.codex/worktrees/9ec5/higoods/src/main.ts but also statically imported by /Users/laoer/.codex/worktrees/9ec5/higoods/src/components/shell.ts, dynamic import will not move module into another chunk.

[plugin vite:reporter] 
(!) /Users/laoer/.codex/worktrees/9ec5/higoods/src/data/fcs/printing-task-domain.ts is dynamically imported by /Users/laoer/.codex/worktrees/9ec5/higoods/src/data/fcs/dyeing-task-domain.ts, /Users/laoer/.codex/worktrees/9ec5/higoods/src/data/fcs/tmf-upstream-process-orders.ts, /Users/laoer/.codex/worktrees/9ec5/higoods/src/data/pms/tmf-material-purchases.ts, /Users/laoer/.codex/worktrees/9ec5/higoods/src/pages/process-factory/accessory/webbing/work-order-detail.ts, /Users/laoer/.codex/worktrees/9ec5/higoods/src/pages/process-factory/accessory/webbing/work-order-detail.ts but also statically imported by /Users/laoer/.codex/worktrees/9ec5/higoods/src/data/fcs/cutting/material-prep.ts, /Users/laoer/.codex/worktrees/9ec5/higoods/src/data/fcs/cutting/supplement-node-facts.ts, /Users/laoer/.codex/worktrees/9ec5/higoods/src/data/fcs/design-revision-material-transfer.ts, /Users/laoer/.codex/worktrees/9ec5/higoods/src/data/fcs/design-revision-process-work-order-adapter.ts, /Users/laoer/.codex/worktrees/9ec5/higoods/src/data/fcs/factory-receiving-links.ts, /Users/laoer/.codex/worktrees/9ec5/higoods/src/data/fcs/factory-receiving-source-sync.ts, /Users/laoer/.codex/worktrees/9ec5/higoods/src/data/fcs/mobile-execution-task-index.ts, /Users/laoer/.codex/worktrees/9ec5/higoods/src/data/fcs/pda-start-link.ts, /Users/laoer/.codex/worktrees/9ec5/higoods/src/data/fcs/printing-factory-demos.ts, /Users/laoer/.codex/worktrees/9ec5/higoods/src/data/fcs/printing-material-receipts.ts, /Users/laoer/.codex/worktrees/9ec5/higoods/src/data/fcs/printing-statistics.ts, /Users/laoer/.codex/worktrees/9ec5/higoods/src/data/fcs/printing-warehouse-view.ts, /Users/laoer/.codex/worktrees/9ec5/higoods/src/data/fcs/printing-work-order-business.ts, /Users/laoer/.codex/worktrees/9ec5/higoods/src/data/fcs/process-action-writeback-service.ts, /Users/laoer/.codex/worktrees/9ec5/higoods/src/data/fcs/process-execution-writeback.ts, /Users/laoer/.codex/worktrees/9ec5/higoods/src/data/fcs/process-mobile-task-binding.ts, /Users/laoer/.codex/worktrees/9ec5/higoods/src/data/fcs/process-warehouse-linkage-service.ts, /Users/laoer/.codex/worktrees/9ec5/higoods/src/data/fcs/process-web-status-actions.ts, /Users/laoer/.codex/worktrees/9ec5/higoods/src/data/fcs/process-work-order-domain.ts, /Users/laoer/.codex/worktrees/9ec5/higoods/src/data/fcs/process-work-order-generation-service.ts, /Users/laoer/.codex/worktrees/9ec5/higoods/src/data/fcs/production-demand-early-process-work-orders.ts, /Users/laoer/.codex/worktrees/9ec5/higoods/src/data/fcs/production-object-overview.ts, /Users/laoer/.codex/worktrees/9ec5/higoods/src/data/fcs/production-process-work-order-service.ts, /Users/laoer/.codex/worktrees/9ec5/higoods/src/data/fcs/production-task-breakdown.ts, /Users/laoer/.codex/worktrees/9ec5/higoods/src/data/fcs/task-print-cards.ts, /Users/laoer/.codex/worktrees/9ec5/higoods/src/pages/pcs-independent-sampling.ts, /Users/laoer/.codex/worktrees/9ec5/higoods/src/pages/pda-exec-detail.ts, /Users/laoer/.codex/worktrees/9ec5/higoods/src/pages/pda-exec.ts, /Users/laoer/.codex/worktrees/9ec5/higoods/src/pages/pda-task-receive.ts, /Users/laoer/.codex/worktrees/9ec5/higoods/src/pages/print/templates/printing-work-order-template.ts, /Users/laoer/.codex/worktrees/9ec5/higoods/src/pages/process-factory/cutting/production-order-overview-projection.ts, /Users/laoer/.codex/worktrees/9ec5/higoods/src/pages/process-factory/dyeing/pending-receipts.ts, /Users/laoer/.codex/worktrees/9ec5/higoods/src/pages/process-factory/printing/dashboards.ts, /Users/laoer/.codex/worktrees/9ec5/higoods/src/pages/process-factory/printing/dialogs.ts, /Users/laoer/.codex/worktrees/9ec5/higoods/src/pages/process-factory/printing/dispatch.ts, /Users/laoer/.codex/worktrees/9ec5/higoods/src/pages/process-factory/printing/events.ts, /Users/laoer/.codex/worktrees/9ec5/higoods/src/pages/process-factory/printing/presentation.ts, /Users/laoer/.codex/worktrees/9ec5/higoods/src/pages/process-factory/printing/shared.ts, /Users/laoer/.codex/worktrees/9ec5/higoods/src/pages/process-factory/printing/statistics.ts, /Users/laoer/.codex/worktrees/9ec5/higoods/src/pages/process-factory/printing/work-order-detail.ts, /Users/laoer/.codex/worktrees/9ec5/higoods/src/pages/process-print-orders.ts, /Users/laoer/.codex/worktrees/9ec5/higoods/src/pages/process-work-orders/early-process-management.ts, /Users/laoer/.codex/worktrees/9ec5/higoods/src/pages/production/demand-domain.ts, /Users/laoer/.codex/worktrees/9ec5/higoods/src/runtime/fcs/cutting/pickup-management-runtime.ts, dynamic import will not move module into another chunk.

computing gzip size...
dist/index.html                                                          12.71 kB │ gzip:   3.10 kB
dist/assets/pcs-pattern-parse.worker-B3_rAVMB.js                         18.52 kB
dist/assets/pcs-record-baseline-BWpImHil.json                         4,125.30 kB │ gzip: 226.59 kB
dist/assets/order-pages-BLg6Ma6N.css                                     85.42 kB │ gzip:  15.73 kB
dist/assets/index-DIT6Kke5.css                                          155.27 kB │ gzip:  25.49 kB
dist/assets/domain-snapshot-BEXsHTRP.js                                   0.34 kB │ gzip:   0.26 kB
dist/assets/sample-warehouse-projection-bP0izhc9.js                       0.39 kB │ gzip:   0.25 kB
dist/assets/pcs-engineering-bom-snapshot-source-C8cuesNz.js               0.41 kB │ gzip:   0.30 kB
dist/assets/real-qr-placeholder-B7_ArJ6c.js                               0.52 kB │ gzip:   0.36 kB
dist/assets/pcs-record-bootstrap-CYx-Yzt6.js                              0.56 kB │ gzip:   0.45 kB
dist/assets/dialogs-Bqy2HNij.js                                           0.59 kB │ gzip:   0.31 kB
dist/assets/design-revision-pcs-command-Dw0CFpKg.js                       0.68 kB │ gzip:   0.38 kB
dist/assets/pcs-storage-error-CmZMLu7g.js                                 0.71 kB │ gzip:   0.52 kB
dist/assets/badge--EF7A_yG.js                                             0.78 kB │ gzip:   0.42 kB
dist/assets/images-Q79qfJD0.js                                            0.80 kB │ gzip:   0.35 kB
dist/assets/pms-export-DJ6aUok-.js                                        0.83 kB │ gzip:   0.50 kB
dist/assets/placeholder-8u5IzgcC.js                                       0.85 kB │ gzip:   0.47 kB
dist/assets/pda-cutting-save-DG6a2aLT.js                                  0.89 kB │ gzip:   0.60 kB
dist/assets/trace-AjCi0YgM.js                                             0.89 kB │ gzip:   0.51 kB
dist/assets/execution-prep-projection-helpers-CFnbGatN.js                 0.94 kB │ gzip:   0.46 kB
dist/assets/history-fnQroGfp.js                                           0.94 kB │ gzip:   0.61 kB
dist/assets/payment-sync-RGQcHwur.js                                      0.97 kB │ gzip:   0.62 kB
dist/assets/tmf-reference-images-6geKcU1B.js                              0.98 kB │ gzip:   0.50 kB
dist/assets/print-service-CyrwQfQw.js                                     1.04 kB │ gzip:   0.52 kB
dist/assets/pda-sewing-self-return-mode-CVT5AEl1.js                       1.07 kB │ gzip:   0.54 kB
dist/assets/process-work-order-generation-service-CcN2_9Di.js             1.07 kB │ gzip:   0.65 kB
dist/assets/detail.adapter-CqWE0ssm.js                                    1.08 kB │ gzip:   0.68 kB
dist/assets/material-purchase-references--zT-9o-p.js                      1.10 kB │ gzip:   0.58 kB
dist/assets/routes-los-C9wZHOzE.js                                        1.14 kB │ gzip:   0.54 kB
dist/assets/dyeing-material-receipts-DtmkCTcW.js                          1.14 kB │ gzip:   0.75 kB
dist/assets/pda-runtime-CAD7oSpT.js                                       1.21 kB │ gzip:   0.66 kB
dist/assets/tech-pack-B82RlGpD.js                                         1.28 kB │ gzip:   0.58 kB
dist/assets/overview-FFTbtts9.js                                          1.29 kB │ gzip:   0.71 kB
dist/assets/process-work-order-source-view-BsDWvrwj.js                    1.30 kB │ gzip:   0.58 kB
dist/assets/transfer-bag-handover-mock-yV7X1Pax.js                        1.31 kB │ gzip:   0.71 kB
dist/assets/pcs-tech-pack-review-notification-repository-DPkABbEY.js      1.34 kB │ gzip:   0.59 kB
dist/assets/replacement-fabric-scan-eHMPpMOC.js                           1.34 kB │ gzip:   0.83 kB
dist/assets/work-order-action-policy-B_htTkaE.js                          1.34 kB │ gzip:   0.68 kB
dist/assets/real-qr-CG1xZ-h5.js                                           1.39 kB │ gzip:   0.80 kB
dist/assets/filter-bar-sv68655V.js                                        1.49 kB │ gzip:   0.81 kB
dist/assets/factory-types-DbcizYGx.js                                     1.52 kB │ gzip:   0.65 kB
dist/assets/material-identity-BuQHVmit.js                                 1.54 kB │ gzip:   0.84 kB
dist/assets/supplement-material-prep-demand-registry-DI-N3DvB.js          1.56 kB │ gzip:   0.75 kB
dist/assets/task-handover-domain-ClsJoQre.js                              1.57 kB │ gzip:   0.76 kB
dist/assets/pda-cutting-wait-handover-actions-DH_XT87p.js                 1.58 kB │ gzip:   0.62 kB
dist/assets/warehouse-shared-DmdSJ9Sq.js                                  1.58 kB │ gzip:   0.51 kB
dist/assets/pcs-material-handoff-C3mileEX.js                              1.65 kB │ gzip:   0.80 kB
dist/assets/task-chain-pages-adapter-trS7jFnX.js                          1.71 kB │ gzip:   0.84 kB
dist/assets/pcs-tech-pack-version-log-repository-By5SClaF.js              1.73 kB │ gzip:   0.79 kB
dist/assets/real-barcode-D8PcXnPm.js                                      1.81 kB │ gzip:   0.96 kB
dist/assets/tmf-upstream-receiving-_8ZmDm8z.js                            1.82 kB │ gzip:   1.14 kB
dist/assets/fei-tickets-storage-7KaIHPKx.js                               1.85 kB │ gzip:   0.58 kB
dist/assets/list-export-DQQylfg_.js                                       1.86 kB │ gzip:   1.09 kB
dist/assets/toast-DGuU0sOi.js                                             1.87 kB │ gzip:   0.90 kB
dist/assets/wool-pda-scan-pzB5wUQA.js                                     1.88 kB │ gzip:   1.04 kB
dist/assets/mixed-transfer-bag-ticket-DETTPWFm.js                         1.89 kB │ gzip:   0.79 kB
dist/assets/kol-goto-fixed-total-ledger-BDkUv7pG.js                       1.93 kB │ gzip:   0.93 kB
dist/assets/table-DiIGwTxB.js                                             2.04 kB │ gzip:   1.02 kB
dist/assets/pcs-action-dialog-Dc8HNTvI.js                                 2.09 kB │ gzip:   1.07 kB
dist/assets/binding-process-pda-scan-D6r2erzK.js                          2.18 kB │ gzip:   1.13 kB
dist/assets/special-craft-pda-scope-kWldmKvN.js                           2.24 kB │ gzip:   1.02 kB
dist/assets/cutting-record-identity-CtTd0WGy.js                           2.26 kB │ gzip:   1.23 kB
dist/assets/cutting-file-maintenance-h9Z0h6Zw.js                          2.33 kB │ gzip:   1.23 kB
dist/assets/helpers-BFKa6pUf.js                                           2.42 kB │ gzip:   1.21 kB
dist/assets/production-order-tech-pack-runtime-YzxXu8BV.js                2.44 kB │ gzip:   0.94 kB
dist/assets/mixed-bag-contents-CCo7dnzo.js                                2.52 kB │ gzip:   1.35 kB
dist/assets/tmf-work-order-view-BAgwm9hc.js                               2.56 kB │ gzip:   1.18 kB
dist/assets/production-context-recovery-KjREggqA.js                       2.56 kB │ gzip:   1.30 kB
dist/assets/factory-capacity-profile-mock-Dv5YtZGT.js                     2.64 kB │ gzip:   1.15 kB
dist/assets/pms-excel-import-DnMCWv6B.js                                  2.66 kB │ gzip:   1.32 kB
dist/assets/shared-DOZQ5sol.js                                            2.70 kB │ gzip:   1.02 kB
dist/assets/process-order-list-presentation-CDSqgPc3.js                   2.71 kB │ gzip:   1.26 kB
dist/assets/post-finishing-spu-technical-parameters-0Yc4wwyX.js           2.79 kB │ gzip:   1.28 kB
dist/assets/marker-plan-projection-BGNOppW3.js                            2.82 kB │ gzip:   1.22 kB
dist/assets/process-order-task-relations-Do5Bu_MR.js                      2.97 kB │ gzip:   1.29 kB
dist/assets/product-skus-CEt6Fukj.js                                      3.03 kB │ gzip:   0.96 kB
dist/assets/production-order-identity-D9Ax9Sl-.js                         3.04 kB │ gzip:   1.26 kB
dist/assets/tabs-BMV0CGH_.js                                              3.09 kB │ gzip:   0.93 kB
dist/assets/dialogs-DnSSeNSJ.js                                           3.12 kB │ gzip:   1.28 kB
dist/assets/pda-cutting-runtime-action-inputs-BVVRBDEz.js                 3.13 kB │ gzip:   1.08 kB
dist/assets/trade-subjects-B1U82DIE.js                                    3.16 kB │ gzip:   1.12 kB
dist/assets/cutting-mainline-DkS9bshx.js                                  3.41 kB │ gzip:   1.53 kB
dist/assets/authorization-code-ZuxDBJc5.js                                3.58 kB │ gzip:   1.72 kB
dist/assets/binding-process-warehouse-linkage-service-BgndBABt.js         3.62 kB │ gzip:   1.38 kB
dist/assets/work-order-detail-DTDZSjJl.js                                 3.66 kB │ gzip:   1.53 kB
dist/assets/fcs-route-links-CdIu8Xoq.js                                   3.67 kB │ gzip:   1.20 kB
dist/assets/printing-sheet-preview-BHP7EHCh.js                            3.69 kB │ gzip:   1.76 kB
dist/assets/shared-BHxny38b.js                                            3.72 kB │ gzip:   1.69 kB
dist/assets/quality-chain-adapter-DwHj3u-J.js                             3.73 kB │ gzip:   1.66 kB
dist/assets/confirmation-print-CrJarUX-.js                                3.83 kB │ gzip:   1.61 kB
dist/assets/shared-B18zvJdZ.js                                            3.87 kB │ gzip:   1.62 kB
dist/assets/sewing-outsourcing-demo-onZetNMS.js                           4.05 kB │ gzip:   1.63 kB
dist/assets/tipping-form-ByAklIIc.js                                      4.07 kB │ gzip:   2.02 kB
dist/assets/pcs-product-reference-check-DyMk0koe.js                       4.07 kB │ gzip:   1.69 kB
dist/assets/transfer-bag-repack-mock-Dn7-kw74.js                          4.09 kB │ gzip:   1.89 kB
dist/assets/task-route-card-D7XFyFQ0.js                                   4.09 kB │ gzip:   1.75 kB
dist/assets/production-contract-print-mfG9Uoil.js                         4.11 kB │ gzip:   2.09 kB
dist/assets/task-delivery-card-CxWEGP9H.js                                4.15 kB │ gzip:   1.83 kB
dist/assets/transit-simple-lists-DQaYNal4.js                              4.17 kB │ gzip:   1.47 kB
dist/assets/pda-cutting-simple-cut-piece-handover-BgZfFikk.js             4.39 kB │ gzip:   1.96 kB
dist/assets/supplement-order-registry-CHnc7juB.js                         4.49 kB │ gzip:   1.76 kB
dist/assets/tmf-process-print-preview-D-Bwk1mx.js                         4.59 kB │ gzip:   2.16 kB
dist/assets/form-CxjwV3f4.js                                              4.74 kB │ gzip:   1.40 kB
dist/assets/layout.helpers-B4bvJRCq.js                                    4.76 kB │ gzip:   1.73 kB
dist/assets/runtime-task-tenders-YGz6fHpq.js                              4.76 kB │ gzip:   1.94 kB
dist/assets/preparation-material-receipt-sources-Pf0JdrEC.js              4.76 kB │ gzip:   1.99 kB
dist/assets/relations-BNMfLCCt.js                                         4.80 kB │ gzip:   2.19 kB
dist/assets/sewing-outsourcing-responsibility-D8bPT6Ma.js                 4.82 kB │ gzip:   2.10 kB
dist/assets/transit-dashboard-BafKKc9V.js                                 4.85 kB │ gzip:   2.04 kB
dist/assets/result-list-DCe14LOI.js                                       4.94 kB │ gzip:   2.06 kB
dist/assets/generated-cut-release-Cec1Gk3p.js                             4.99 kB │ gzip:   2.26 kB
dist/assets/store-domain-dispatch-process-Crm9rtGA.js                     5.00 kB │ gzip:   1.94 kB
dist/assets/progress-board-pxcqjm2r.js                                    5.06 kB │ gzip:   2.24 kB
dist/assets/process-order-list-controller-Dai1ZMR_.js                     5.09 kB │ gzip:   1.91 kB
dist/assets/cutting-event-migration-DGvEFHNH.js                           5.18 kB │ gzip:   2.07 kB
dist/assets/material-requirements-CoWk9wNn.js                             5.27 kB │ gzip:   2.24 kB
dist/assets/tmf-upstream-process-orders-Ko77MBUW.js                       5.28 kB │ gzip:   2.45 kB
dist/assets/process-work-order-quality-settlement-DiWq-Fgt.js             5.33 kB │ gzip:   2.20 kB
dist/assets/replacement-fabric-fei-tickets-DtBUNgLC.js                    5.63 kB │ gzip:   2.48 kB
dist/assets/tmf-process-continuation-B3hoPFRr.js                          5.66 kB │ gzip:   1.62 kB
dist/assets/dispatch-task-sheet-CUlH-YSL.js                               5.72 kB │ gzip:   2.71 kB
dist/assets/pcs-product-information-B3IpQdA2.js                           5.79 kB │ gzip:   2.65 kB
dist/assets/dashboards-DZelkeXM.js                                        5.79 kB │ gzip:   2.75 kB
dist/assets/process-order-three-axis-view-mDqA9rP6.js                     5.85 kB │ gzip:   2.36 kB
dist/assets/wls-page-handlers-CV1wkQWX.js                                 5.86 kB │ gzip:   2.10 kB
dist/assets/retired-cut-piece-pickup-history-CLJdkceS.js                  5.87 kB │ gzip:   2.36 kB
dist/assets/replacement-fabric-label-template-BxTIk7Yh.js                 5.89 kB │ gzip:   2.61 kB
dist/assets/pda-cutting-nav-context-CGiwLY9T.js                           5.95 kB │ gzip:   1.41 kB
dist/assets/los-live-room-master-Cs2aU8hV.js                              5.97 kB │ gzip:   2.66 kB
dist/assets/transfer-bags-projection-CtJRr6tG.js                          6.05 kB │ gzip:   2.38 kB
dist/assets/replacement-fabric-preview-DV1nANJ7.js                        6.05 kB │ gzip:   2.86 kB
dist/assets/fcs-pda-pickup-dispute-BsDXCP-v.js                            6.18 kB │ gzip:   2.18 kB
dist/assets/pda-wool-warehouse-flows-CHt12BFQ.js                          6.23 kB │ gzip:   3.05 kB
dist/assets/warehouse-standard-BM7AFX-H.js                                6.30 kB │ gzip:   2.10 kB
dist/assets/fact-view-BwUbs_lk.js                                         6.35 kB │ gzip:   2.11 kB
dist/assets/transfer-bag-goods-label-BU6HOdag.js                          6.46 kB │ gzip:   2.65 kB
dist/assets/production-contract-center-ovdEitjE.js                        6.62 kB │ gzip:   2.82 kB
dist/assets/sewing-outsourcing-supplement-tracking-YpeSQBcn.js            6.63 kB │ gzip:   2.89 kB
dist/assets/workbench-BDVCwUKg.js                                         6.63 kB │ gzip:   2.68 kB
dist/assets/cutting-task-routing-BC1IKKG-.js                              6.65 kB │ gzip:   2.38 kB
dist/assets/factory-receiving-links-CiFa56sK.js                           6.74 kB │ gzip:   2.71 kB
dist/assets/production-contract-master-template-B_w3yhSM.js               6.85 kB │ gzip:   2.74 kB
dist/assets/shared-DvxsO1Ve.js                                            6.86 kB │ gzip:   2.53 kB
dist/assets/printing-work-order-template-CwRsliWC.js                      6.87 kB │ gzip:   3.19 kB
dist/assets/routes-pda-DigiqX5s.js                                        6.90 kB │ gzip:   2.61 kB
dist/assets/routes-pcs-BGDVtjZK.js                                        6.90 kB │ gzip:   1.86 kB
dist/assets/data-management-Cci-A4ay.js                                   7.00 kB │ gzip:   2.56 kB
dist/assets/material-handover-DSpm75Ff.js                                 7.06 kB │ gzip:   2.77 kB
dist/assets/stock-seed-Cj8lLuwm.js                                        7.11 kB │ gzip:   2.44 kB
dist/assets/dye-work-order-times-w7U4XCtx.js                              7.22 kB │ gzip:   2.55 kB
dist/assets/overview.helpers-BP2F5Yu8.js                                  7.36 kB │ gzip:   2.88 kB
dist/assets/pcs-channel-legacy-conversion-Dg3I_fD9.js                     7.40 kB │ gzip:   3.19 kB
dist/assets/shared-BLw8X_8_.js                                            7.43 kB │ gzip:   2.60 kB
dist/assets/settlement-flow-boundaries-DbkSNas3.js                        7.43 kB │ gzip:   2.53 kB
dist/assets/pcs-testing-order-create-vScn4yfR.js                          7.51 kB │ gzip:   2.93 kB
dist/assets/production-craft-dict-DCLBfYdP.js                             7.51 kB │ gzip:   2.83 kB
dist/assets/transit-warehouse-CGN4xIMS.js                                 7.54 kB │ gzip:   2.13 kB
dist/assets/craft-actions-BT0CqniI.js                                     7.55 kB │ gzip:   3.38 kB
dist/assets/pcs-sample-label-Belv2fIa.js                                  7.68 kB │ gzip:   3.48 kB
dist/assets/supplement-node-facts-B5vmmWNn.js                             7.76 kB │ gzip:   2.84 kB
dist/assets/sewing-outsourcing-return-tracking-DUAX7Y2t.js                7.91 kB │ gzip:   2.96 kB
dist/assets/tmf-process-sheet-template-DADWRzgQ.js                        8.00 kB │ gzip:   3.80 kB
dist/assets/statistics-CdbJ7_wk.js                                        8.07 kB │ gzip:   2.64 kB
dist/assets/progress-exception-lifecycle-BJx0gSBY.js                      8.09 kB │ gzip:   2.70 kB
dist/assets/pda-transfer-bag-detail-C0124wJV.js                           8.12 kB │ gzip:   3.04 kB
dist/assets/supplier-supply-archives-Bid-xGw5.js                          8.13 kB │ gzip:   2.60 kB
dist/assets/production-contracts-TWc8nsmw.js                              8.14 kB │ gzip:   2.78 kB
dist/assets/pda-notify-C2O8snLG.js                                        8.35 kB │ gzip:   3.11 kB
dist/assets/milestone-configs-BnIYq0d-.js                                 8.41 kB │ gzip:   2.94 kB
dist/assets/pcs-testing-order-list-UqSe_Etg.js                            8.51 kB │ gzip:   3.30 kB
dist/assets/material-process-plans-CXJdpn6n.js                            8.66 kB │ gzip:   3.49 kB
dist/assets/pre-settlement-ledger-repository-JYwAVr9-.js                  8.84 kB │ gzip:   3.03 kB
dist/assets/pcs-pattern-library-config-C1-Bq2E8.js                        8.84 kB │ gzip:   2.42 kB
dist/assets/pda-cutting-shared-Vvzyfg0x.js                                8.87 kB │ gzip:   2.73 kB
dist/assets/navigation-context-Be470wDr.js                                8.87 kB │ gzip:   2.46 kB
dist/assets/warehouses-CSFYi5tN.js                                        8.89 kB │ gzip:   2.11 kB
dist/assets/bom-templates-6Fq4nI4p.js                                     8.90 kB │ gzip:   3.70 kB
dist/assets/pda-cutting-execution-unit-_r-LEu5G.js                        9.16 kB │ gzip:   3.47 kB
dist/assets/machine-associations-B698112R.js                              9.16 kB │ gzip:   3.11 kB
dist/assets/fei-ticket-numbering-CsgcIImo.js                              9.21 kB │ gzip:   3.23 kB
dist/assets/pda-notify-detail-B8fDua3d.js                                 9.24 kB │ gzip:   3.08 kB
dist/assets/pda-execution-DcCh-Kcc.js                                     9.30 kB │ gzip:   3.69 kB
dist/assets/pda-cutting-fei-ticket-numbering-l3aAzFSw.js                  9.31 kB │ gzip:   3.21 kB
dist/assets/handover-records-CLzv7GLH.js                                  9.35 kB │ gzip:   3.56 kB
dist/assets/workbench-BdCnHgHh.js                                         9.38 kB │ gzip:   3.86 kB
dist/assets/pda-warehouse-CEPDn9S2.js                                     9.52 kB │ gzip:   3.78 kB
dist/assets/mobile-Dni_yYON.js                                            9.53 kB │ gzip:   3.08 kB
dist/assets/sewing-pickup-slips-TwrY6-o9.js                               9.65 kB │ gzip:   3.63 kB
dist/assets/dye-work-order-online-domain-BbUSP8TA.js                      9.78 kB │ gzip:   3.65 kB
dist/assets/pda-cutting-transfer-bag-recovery-DDl-cDmf.js                 9.79 kB │ gzip:   4.00 kB
dist/assets/routes-pms-BaoEyKNT.js                                        9.80 kB │ gzip:   2.52 kB
dist/assets/production-receipts-BZZ9qEpJ.js                               9.81 kB │ gzip:   3.95 kB
dist/assets/pending-receipts-C1NU0Fn0.js                                  9.91 kB │ gzip:   4.09 kB
dist/assets/continuous-stock-0BkGJARE.js                                 10.09 kB │ gzip:   4.11 kB
dist/assets/statistics-CwcxYkef.js                                       10.10 kB │ gzip:   4.39 kB
dist/assets/pda-cutting-transfer-bag-scrap-CvnN87zy.js                   10.18 kB │ gzip:   4.14 kB
dist/assets/trade-subjects-em0OwvdN.js                                   10.26 kB │ gzip:   3.73 kB
dist/assets/production-context-actions-DMv7oeDt.js                       10.41 kB │ gzip:   3.78 kB
dist/assets/production-return-fulfillment-B2-PI-F9.js                    10.50 kB │ gzip:   4.01 kB
dist/assets/bom-templates-ChqjVeph.js                                    10.52 kB │ gzip:   2.48 kB
dist/assets/cut-piece-release-facts-CQTuLjAA.js                          10.65 kB │ gzip:   4.32 kB
dist/assets/settings-BAehLOfn.js                                         10.73 kB │ gzip:   3.25 kB
dist/assets/product-skus--pQzrI8Q.js                                     10.74 kB │ gzip:   4.14 kB
dist/assets/yarn-shipments-BUFsiV8x.js                                   10.74 kB │ gzip:   4.83 kB
dist/assets/list-3bN2rHND.js                                             10.77 kB │ gzip:   3.76 kB
dist/assets/transit-receipts-rUOJI2-y.js                                 10.99 kB │ gzip:   4.02 kB
dist/assets/cutting-event-repository-HEsSO91X.js                         11.21 kB │ gzip:   4.75 kB
dist/assets/presentation-DXdzO2s-.js                                     11.25 kB │ gzip:   4.64 kB
dist/assets/design-revision-pcs-storage-D2ozVRMd.js                      11.28 kB │ gzip:   4.27 kB
dist/assets/pda-exec-link-Boykcz4d.js                                    11.31 kB │ gzip:   3.68 kB
dist/assets/material-prep-DAmMQ6lQ.js                                    11.39 kB │ gzip:   2.68 kB
dist/assets/dyeing-warehouse-view-Bz1pKtwW.js                            11.49 kB │ gzip:   3.95 kB
dist/assets/pcs-engineering-preparation-projection-D1IibQHv.js           11.49 kB │ gzip:   4.26 kB
dist/assets/pda-login-CpV9IKIU.js                                        11.71 kB │ gzip:   4.53 kB
dist/assets/warehouses-C94GMjgv.js                                       11.74 kB │ gzip:   4.23 kB
dist/assets/purchase-suggestions-CVpQLmRu.js                             11.87 kB │ gzip:   3.70 kB
dist/assets/material-transfers-DGF5u-eg.js                               11.99 kB │ gzip:   4.21 kB
dist/assets/task-breakdown-D6pPtzth.js                                   12.16 kB │ gzip:   4.53 kB
dist/assets/pickup-management-runtime-BXbXuVKn.js                        12.25 kB │ gzip:   4.73 kB
dist/assets/task-execution-adapter-CW6wteKt.js                           12.26 kB │ gzip:   3.69 kB
dist/assets/process-statistics-domain-CcTvY-oj.js                        12.33 kB │ gzip:   4.03 kB
dist/assets/replacement-fabric-repository-DsozmTDS.js                    12.47 kB │ gzip:   5.08 kB
dist/assets/pms-handlers-BX581OIc.js                                     12.54 kB │ gzip:   2.88 kB
dist/assets/context-DVoo5m8v.js                                          13.02 kB │ gzip:   4.60 kB
dist/assets/cutting-record-repository-CTPARhpc.js                        13.04 kB │ gzip:   4.66 kB
dist/assets/meta-6sBRp4bY.js                                             13.16 kB │ gzip:   2.95 kB
dist/assets/handover-records-Bjm9zgA0.js                                 13.18 kB │ gzip:   4.14 kB
dist/assets/handover-print-e4K6XRwM.js                                   13.53 kB │ gzip:   4.95 kB
dist/assets/pda-start-link-Cv3_LRIO.js                                   13.62 kB │ gzip:   4.81 kB
dist/assets/inventory-monitor-rqURVK4E.js                                13.66 kB │ gzip:   4.78 kB
dist/assets/bom-detail-eAr-Ek6h.js                                       13.69 kB │ gzip:   4.97 kB
dist/assets/returns-C0453gIA.js                                          13.84 kB │ gzip:   5.13 kB
dist/assets/wls-finished-inbound-CmQ9k-sG.js                             13.92 kB │ gzip:   5.31 kB
dist/assets/tmf-base-demo-KeQa-MF3.js                                    13.92 kB │ gzip:   5.03 kB
dist/assets/work-orders-BVOhwm2_.js                                      13.99 kB │ gzip:   5.19 kB
dist/assets/wls-inbound-BkcP978i.js                                      14.05 kB │ gzip:   5.48 kB
dist/assets/cut-piece-return-warehouse-FPMusoQI.js                       14.20 kB │ gzip:   5.08 kB
dist/assets/idb-storage-DYscBY_v.js                                      14.27 kB │ gzip:   5.28 kB
dist/assets/pcs-technical-data-tech-pack-list-Cv3Z7WK-.js                14.30 kB │ gzip:   4.92 kB
dist/assets/supplements-Cg7Cqikr.js                                      14.34 kB │ gzip:   5.23 kB
dist/assets/mobile-execution-task-index-BItNNYcB.js                      14.41 kB │ gzip:   3.87 kB
dist/assets/post-finishing-qc-print-template-Cu4V-aIu.js                 14.50 kB │ gzip:   4.47 kB
dist/assets/work-orders-8OUL1DGc.js                                      14.55 kB │ gzip:   4.95 kB
dist/assets/printing-sheet-template-uheZ_dz3.js                          14.58 kB │ gzip:   5.05 kB
dist/assets/manual-fei-tickets-D2UIgiFX.js                               14.69 kB │ gzip:   5.03 kB
dist/assets/work-orders-DgU_uQJW.js                                      14.75 kB │ gzip:   4.78 kB
dist/assets/work-order-detail-DmiTJCox.js                                14.84 kB │ gzip:   4.76 kB
dist/assets/responsibility-transfers-DOlg6D-f.js                         15.10 kB │ gzip:   5.73 kB
dist/assets/workbench-DuzH-52d.js                                        15.76 kB │ gzip:   4.79 kB
dist/assets/cut-order-supplement-fixture-zbWLko2W.js                     15.96 kB │ gzip:   4.83 kB
dist/assets/outbound-orders-C3TK3kTU.js                                  16.05 kB │ gzip:   5.21 kB
dist/assets/process-web-status-actions-C_J39LYX.js                       16.08 kB │ gzip:   4.30 kB
dist/assets/pcs-handlers-BEqzdrSV.js                                     16.18 kB │ gzip:   4.06 kB
dist/assets/handover-ledger-view-THwsmoqq.js                             16.19 kB │ gzip:   4.46 kB
dist/assets/garment-spu-replacement-BCrk1roX.js                          16.40 kB │ gzip:   5.03 kB
dist/assets/reports-B_I8N7NI.js                                          16.48 kB │ gzip:   4.26 kB
dist/assets/machines-D_s0nrqO.js                                         16.51 kB │ gzip:   5.51 kB
dist/assets/cutting-runtime-event-ledger-C88kVmr8.js                     16.58 kB │ gzip:   5.69 kB
dist/assets/full-flow-print-mPtmKzxV.js                                  16.60 kB │ gzip:   5.54 kB
dist/assets/payment-requests-Ct2DVabk.js                                 16.74 kB │ gzip:   5.50 kB
dist/assets/progress-handover-order-e4hcoNBn.js                          16.86 kB │ gzip:   5.03 kB
dist/assets/wls-garment-relabel-tasks-B9Jtq2we.js                        16.91 kB │ gzip:   5.59 kB
dist/assets/dispatch-acceptance-sla-D1wQBc9d.js                          17.15 kB │ gzip:   5.13 kB
dist/assets/cut-order-release-integration-BBmefmUq.js                    17.16 kB │ gzip:   6.14 kB
dist/assets/sewing-cut-piece-return-workflow-CBtVfDIv.js                 17.21 kB │ gzip:   6.09 kB
dist/assets/part-ticket-records-DrC6qf_3.js                              17.36 kB │ gzip:   6.46 kB
dist/assets/pda-cutting-task-detail-C_GwSrGz.js                          17.37 kB │ gzip:   6.14 kB
dist/assets/product-purchase-orders-DIMg_xft.js                          17.42 kB │ gzip:   5.22 kB
dist/assets/production-confirmation-DS_s0D1h.js                          17.43 kB │ gzip:   5.94 kB
dist/assets/marker-spreading-projection-XE5BVNsA.js                      17.50 kB │ gzip:   5.54 kB
dist/assets/output-stock-CcpUx4DX.js                                     17.52 kB │ gzip:   6.60 kB
dist/assets/material-requirements-DBAanp7X.js                            17.55 kB │ gzip:   5.99 kB
dist/assets/sewing-cut-piece-responsibility-Db-AFsCX.js                  17.63 kB │ gzip:   5.30 kB
dist/assets/pda-sewing-self-return-CO1fou3u.js                           17.68 kB │ gzip:   5.98 kB
dist/assets/simple-cut-piece-handover-fixtures-tkYKes0D.js               17.78 kB │ gzip:   6.05 kB
dist/assets/progress-cutting-detail-BAKGSjCo.js                          17.80 kB │ gzip:   4.51 kB
dist/assets/bom-detail-CfaZOID7.js                                       17.90 kB │ gzip:   5.78 kB
dist/assets/supplier-confirmations-BJ5G9v1B.js                           17.94 kB │ gzip:   5.33 kB
dist/assets/purchase-demands-8kYln4vY.js                                 18.07 kB │ gzip:   5.82 kB
dist/assets/suppliers-DOxcttzm.js                                        18.16 kB │ gzip:   5.27 kB
dist/assets/store-domain-pda-BUpEur_k.js                                 18.21 kB │ gzip:   6.41 kB
dist/assets/pda-notify-due-soon-T060tmEW.js                              18.41 kB │ gzip:   6.28 kB
dist/assets/process-mobile-task-binding-BvjHMAIT.js                      18.56 kB │ gzip:   6.49 kB
dist/assets/tasks-IvfsGXxt.js                                            18.57 kB │ gzip:   6.90 kB
dist/assets/platform-process-result-view-ChkwR7jS.js                     18.64 kB │ gzip:   5.38 kB
dist/assets/generated-cut-orders-GjrjX8Ue.js                             18.64 kB │ gzip:   5.59 kB
dist/assets/store-domain-statement-source-adapter-Du5RV0Dr.js            18.71 kB │ gzip:   5.37 kB
dist/assets/sewing-outsourcing-workbench-dvk9hcTA.js                     18.76 kB │ gzip:   6.52 kB
dist/assets/supplier-supply-archives-iwrbamD0.js                         18.90 kB │ gzip:   5.80 kB
dist/assets/materials-DQo18LQz.js                                        18.93 kB │ gzip:   4.79 kB
dist/assets/pda-warehouse-shared-RKELiynZ.js                             18.95 kB │ gzip:   5.69 kB
dist/assets/warehouse-V58Apd8p.js                                        19.11 kB │ gzip:   6.12 kB
dist/assets/production-demand-early-process-work-orders-Dv5JsQNz.js      19.13 kB │ gzip:   5.74 kB
dist/assets/events-Dstdbmum.js                                           19.21 kB │ gzip:   7.47 kB
dist/assets/platform.adapter-DzFcrmdc.js                                 19.25 kB │ gzip:   6.09 kB
dist/assets/kol-goto-pda-domain-IfOhQIh1.js                              19.33 kB │ gzip:   6.58 kB
dist/assets/shared-CL5BuSfh.js                                           19.43 kB │ gzip:   5.25 kB
dist/assets/units-DjgiZ-lg.js                                            19.73 kB │ gzip:   5.90 kB
dist/assets/post-finishing-current-read-model-C_Wt6i89.js                19.77 kB │ gzip:   5.53 kB
dist/assets/stage-display-CJA0pSDu.js                                    19.84 kB │ gzip:   7.01 kB
dist/assets/factory-sample-verification-flow-CTzey6be.js                 19.86 kB │ gzip:   4.87 kB
dist/assets/adjustments-CxTVC_pT.js                                      19.94 kB │ gzip:   6.19 kB
dist/assets/pda-warehouse-inbound-records-x41pMElK.js                    20.20 kB │ gzip:   5.88 kB
dist/assets/index-BW5leMaC.js                                            20.21 kB │ gzip:   5.22 kB
dist/assets/audit-records-Zk6AWW6T.js                                    20.35 kB │ gzip:   6.65 kB
dist/assets/process-water-soluble-orders-CvwNgSBb.js                     20.49 kB │ gzip:   6.43 kB
dist/assets/material-process-plans-CxJWEg0Z.js                           20.52 kB │ gzip:   7.57 kB
dist/assets/overview.adapter-DEqBnmgv.js                                 20.65 kB │ gzip:   6.53 kB
dist/assets/pda-warehouse-outbound-records-B0hFx-su.js                   20.71 kB │ gzip:   6.11 kB
dist/assets/task-orders-CX9OEn8P.js                                      20.88 kB │ gzip:   7.19 kB
dist/assets/pcs-engineering-tech-pack-workspace-CzgfTMGq.js              21.00 kB │ gzip:   7.29 kB
dist/assets/shared-seed-CGi2rQR7.js                                      21.01 kB │ gzip:   6.23 kB
dist/assets/material-purchase-tracking-afw43xWo.js                       21.11 kB │ gzip:   6.69 kB
dist/assets/events-qHO0RPnM.js                                           21.17 kB │ gzip:   6.56 kB
dist/assets/order-list-columns-CO_UxGVY.js                               21.20 kB │ gzip:   6.63 kB
dist/assets/los-live-rooms-BmzQm6zB.js                                   21.23 kB │ gzip:   7.67 kB
dist/assets/pcs-testing-order-detail-B28LEa1I.js                         21.30 kB │ gzip:   6.21 kB
dist/assets/pcs-engineering-master-view-model-BnyFa0-B.js                21.39 kB │ gzip:   7.29 kB
dist/assets/suppliers-DUEOFt_u.js                                        21.68 kB │ gzip:   6.93 kB
dist/assets/tmf-domain-shared-CsnEeaO8.js                                21.88 kB │ gzip:   8.26 kB
dist/assets/routes-wls--DqNx3ni.js                                       22.31 kB │ gzip:   7.24 kB
dist/assets/deduction-analysis-CU7mGxKs.js                               22.40 kB │ gzip:   6.54 kB
dist/assets/fei-ticket-numbering-CHfegggT.js                             22.45 kB │ gzip:   6.47 kB
dist/assets/warehouse-location-map-model-B_cwBeL1.js                     22.51 kB │ gzip:   7.14 kB
dist/assets/subject-operations-C1z6Icir.js                               22.61 kB │ gzip:   7.02 kB
dist/assets/tasks-CiM6Yutp.js                                            22.80 kB │ gzip:   7.29 kB
dist/assets/progress-statistics-linkage-N9kMIpvI.js                      22.86 kB │ gzip:   6.54 kB
dist/assets/work-order-detail-g2-0EdUy.js                                22.92 kB │ gzip:   7.37 kB
dist/assets/cut-piece-handover-CerJh7QZ.js                               22.98 kB │ gzip:   7.43 kB
dist/assets/qc-workbench-CdAYucbF.js                                     23.03 kB │ gzip:   7.18 kB
dist/assets/recheck-orders-sgAkS0bs.js                                   23.18 kB │ gzip:   7.34 kB
dist/assets/cut-piece-returns-BUDQ80DI.js                                23.31 kB │ gzip:   7.20 kB
dist/assets/purchase-suggestions-hU2iF330.js                             23.40 kB │ gzip:   7.34 kB
dist/assets/material-issue-BWKNsfno.js                                   23.80 kB │ gzip:   5.92 kB
dist/assets/progress-cutting-overview-DekTI-fj.js                        23.83 kB │ gzip:   5.72 kB
dist/assets/dye-work-order-online-view-B5ZH7Vuc.js                       24.15 kB │ gzip:   8.20 kB
dist/assets/quality-deduction-selectors-Cgbk7seC.js                      24.26 kB │ gzip:   6.28 kB
dist/assets/production-order-duration-Bmu0e4uX.js                        24.27 kB │ gzip:   9.26 kB
dist/assets/print-preview-DBRzRU5Q.js                                    24.39 kB │ gzip:   8.21 kB
dist/assets/production-context-records-BFIR2kp1.js                       24.40 kB │ gzip:   8.62 kB
dist/assets/material-statements-DVo9PXk0.js                              24.45 kB │ gzip:   6.73 kB
dist/assets/process-order-task-links-Bg__9e44.js                         24.68 kB │ gzip:   6.87 kB
dist/assets/retired-process-history-BGnh6FK9.js                          24.75 kB │ gzip:   6.41 kB
dist/assets/dialogs-RJDBffxI.js                                          24.86 kB │ gzip:   6.14 kB
dist/assets/material-preparation-DQ5v2vEp.js                             25.21 kB │ gzip:   8.79 kB
dist/assets/fcs-production-tech-pack-snapshot-Do4Ki00z.js                25.35 kB │ gzip:   6.47 kB
dist/assets/kol-demands-ChCZKFoV.js                                      25.43 kB │ gzip:   7.39 kB
dist/assets/wls-fabric-demand-board-CVB4aoKU.js                          25.47 kB │ gzip:   6.84 kB
dist/assets/reconciliations-DLAAotns.js                                  25.55 kB │ gzip:   6.84 kB
dist/assets/machine-associations-Cqk_p-gb.js                             25.62 kB │ gzip:   7.76 kB
dist/assets/process-print-orders-C4oS_-gW.js                             25.79 kB │ gzip:   8.57 kB
dist/assets/qc-orders--31z2n8b.js                                        25.94 kB │ gzip:   8.28 kB
dist/assets/process-dye-orders-s-sUnfOI.js                               25.96 kB │ gzip:   8.65 kB
dist/assets/marker-spreading-utils-CbsjNWpr.js                           26.71 kB │ gzip:   7.82 kB
dist/assets/pda-handlers-CCveeXJv.js                                     26.93 kB │ gzip:   6.48 kB
dist/assets/warehouse-location-map-CiP_uI82.js                           27.06 kB │ gzip:   7.08 kB
dist/assets/simple-cut-piece-handover-ui-BXsatfUe.js                     27.13 kB │ gzip:  10.12 kB
dist/assets/pcs-config-workspace-repository-BBi19ReK.js                  27.14 kB │ gzip:  10.27 kB
dist/assets/progress-milestone-config-CuhyRrap.js                        27.59 kB │ gzip:   6.15 kB
dist/assets/pda-warehouse-wait-handover-DDGl2wWC.js                      27.67 kB │ gzip:   7.19 kB
dist/assets/pcs-pattern-library-detail-BW2fm2WB.js                       27.67 kB │ gzip:   6.59 kB
dist/assets/pda-wool-fact-execution-BLtk_tio.js                          28.02 kB │ gzip:   9.35 kB
dist/assets/third-party-factory-rating-0DFtIxmQ.js                       28.13 kB │ gzip:   8.05 kB
dist/assets/print-styles-BjQBw8jj.js                                     28.31 kB │ gzip:   4.01 kB
dist/assets/sample-approval-suggestions-3_OQOHFb.js                      28.32 kB │ gzip:   8.88 kB
dist/assets/factory-status-EOR5kdue.js                                   28.43 kB │ gzip:   6.02 kB
dist/assets/source-document-detail-D6inHi3B.js                           28.45 kB │ gzip:  10.53 kB
dist/assets/sample-warehouse-CFodGlG4.js                                 28.57 kB │ gzip:   7.37 kB
dist/assets/marker-plan-source-model-Dvu1jOUl.js                         28.93 kB │ gzip:   8.49 kB
dist/assets/pcs-engineering-master-list-DWWrVvy4.js                      28.95 kB │ gzip:  10.10 kB
dist/assets/commands-DMeOcDGp.js                                         29.05 kB │ gzip:   8.24 kB
dist/assets/pcs-engineering-master-detail-Bo5dgTpE.js                    29.30 kB │ gzip:   8.64 kB
dist/assets/warehouse-K_6sok7K.js                                        29.79 kB │ gzip:  10.06 kB
dist/assets/logistics-reconciliations-CGIigpSv.js                        30.17 kB │ gzip:   9.33 kB
dist/assets/pcs-technical-data-ByAsBNWy.js                               30.50 kB │ gzip:   8.34 kB
dist/assets/production-order-progress-tracking-B5bl0g8r.js               30.53 kB │ gzip:  10.25 kB
dist/assets/material-reconciliations-DczzFA_-.js                         30.57 kB │ gzip:   9.32 kB
dist/assets/progress-cutting-exception-center-By8Sa0or.js                30.89 kB │ gzip:   7.19 kB
dist/assets/replacement-fabric-fei-tickets-B3YeR9R1.js                   31.13 kB │ gzip:  10.64 kB
dist/assets/capability-DnPgkc7D.js                                       31.65 kB │ gzip:   6.70 kB
dist/assets/material-archives-DHcPOI2T.js                                31.86 kB │ gzip:   7.87 kB
dist/assets/factory-performance-Y-7W-7Eh.js                              32.31 kB │ gzip:   6.74 kB
dist/assets/handover-orders-VY7svpKP.js                                  32.46 kB │ gzip:   9.20 kB
dist/assets/dialogs-DR7Cqbw_.js                                          32.71 kB │ gzip:   9.86 kB
dist/assets/task-detail-COrqjXQM.js                                      32.81 kB │ gzip:   9.72 kB
dist/assets/effective-task-assignments-D39B1Pov.js                       33.11 kB │ gzip:  11.03 kB
dist/assets/garment-spu-replacements-DEbOvKjX.js                         33.13 kB │ gzip:   9.41 kB
dist/assets/process-warehouse-domain-DIT6GeOa.js                         33.27 kB │ gzip:   7.62 kB
dist/assets/pcs-tech-pack-bootstrap-DYRZveNa.js                          33.31 kB │ gzip:   8.49 kB
dist/assets/cut-piece-return-domain-BYrA3YOx.js                          33.41 kB │ gzip:   9.93 kB
dist/assets/store-domain-settlement-seeds-Bfa1Obza.js                    33.72 kB │ gzip:   9.01 kB
dist/assets/pcs-pattern-library-B7dSGis2.js                              33.73 kB │ gzip:   7.66 kB
dist/assets/warehouse-runtime-D0AXjV9c.js                                33.87 kB │ gzip:   8.69 kB
dist/assets/pda-shell-C5ZUFRGh.js                                        33.93 kB │ gzip:   9.06 kB
dist/assets/early-process-management-BmVUZ93-.js                         34.61 kB │ gzip:   8.77 kB
dist/assets/dispatch-acceptance-sla-ymf6upTH.js                          34.99 kB │ gzip:   7.91 kB
dist/assets/material-purchase-orders-CkpnYNk2.js                         35.16 kB │ gzip:  11.34 kB
dist/assets/stage-orders-DEyNILad.js                                     35.33 kB │ gzip:  10.95 kB
dist/assets/pda-post-finishing-flow-Dxt8uBYW.js                          35.59 kB │ gzip:   9.62 kB
dist/assets/supplier-confirmations-Dg-sQeKg.js                           36.09 kB │ gzip:   9.80 kB
dist/assets/stage-order-detail-Bo_fw9X8.js                               36.18 kB │ gzip:  10.69 kB
dist/assets/pda-warehouse-stocktake-WzRs8OEa.js                          36.56 kB │ gzip:   9.46 kB
dist/assets/work-orders-Bh-IDqZF.js                                      36.70 kB │ gzip:  12.40 kB
dist/assets/pending-receipts-13ZBUEfV.js                                 36.96 kB │ gzip:  11.31 kB
dist/assets/pcs-pattern-library-create-Dk0EA2tD.js                       37.00 kB │ gzip:   8.66 kB
dist/assets/material-inventory-C3C85rWa.js                               37.31 kB │ gzip:   9.27 kB
dist/assets/work-order-detail-h-9EdJtM.js                                37.41 kB │ gzip:  10.38 kB
dist/assets/third-party-factory-comprehensive-assessment-BWylBrvM.js     37.47 kB │ gzip:  11.05 kB
dist/assets/water-soluble-orders-BonySaP9.js                             37.54 kB │ gzip:  11.46 kB
dist/assets/pda-task-receive-detail-BwmwbZ-C.js                          37.61 kB │ gzip:   9.36 kB
dist/assets/work-order-detail-D_hSau1M.js                                37.81 kB │ gzip:  10.37 kB
dist/assets/first-leg-logistics-BRJU56nM.js                              37.92 kB │ gzip:  10.22 kB
dist/assets/product-purchase-orders-CAyW7eVS.js                          38.01 kB │ gzip:   9.33 kB
dist/assets/pcs-part-template-library-V4xzf4yk.js                        38.07 kB │ gzip:  13.44 kB
dist/assets/cutting-statistics-ab-material-Bg3UdCe_.js                   38.13 kB │ gzip:   8.63 kB
dist/assets/store-domain-quality-bootstrap-CgKkFtPf.js                   38.24 kB │ gzip:   5.40 kB
dist/assets/first-leg-carriers-2adJrAvV.js                               38.36 kB │ gzip:  10.26 kB
dist/assets/pda-cutting-inbound-CxY8CBwZ.js                              38.88 kB │ gzip:  11.81 kB
dist/assets/special-processes-LS0sy_k8.js                                38.95 kB │ gzip:  10.25 kB
dist/assets/pda-cutting-handover-D2V_LFI2.js                             39.16 kB │ gzip:  11.99 kB
dist/assets/payment-requests-C_WsxnzF.js                                 39.27 kB │ gzip:  10.37 kB
dist/assets/pda-quality-C9SNJXid.js                                      39.31 kB │ gzip:  10.53 kB
dist/assets/warehouse-CGya0iGs.js                                        39.73 kB │ gzip:  11.44 kB
dist/assets/semi-finished-orders-Ru_kOE5F.js                             39.75 kB │ gzip:  12.13 kB
dist/assets/pda-cutting-transfer-bag-repack-orLhv-dH.js                  40.35 kB │ gzip:  11.58 kB
dist/assets/first-leg-shipments-B_v3wZnj.js                              40.88 kB │ gzip:  10.26 kB
dist/assets/fcs-handlers-DoTJHjFi.js                                     43.08 kB │ gzip:  12.86 kB
dist/assets/pending-receipts-CVfmKruP.js                                 43.47 kB │ gzip:  15.65 kB
dist/assets/label-print-template-BeLGCFN7.js                             43.47 kB │ gzip:  12.32 kB
dist/assets/lace-factory-domain-E69dJw3K.js                              44.40 kB │ gzip:  11.20 kB
dist/assets/warehouse-OFgAxzYh.js                                        44.81 kB │ gzip:  11.46 kB
dist/assets/factory-receiving-DB_R3TzG.js                                45.23 kB │ gzip:  15.39 kB
dist/assets/cutting-summary-QJnNNC0l.js                                  45.99 kB │ gzip:  12.27 kB
dist/assets/wait-handover-runtime-CvCMyV-8.js                            46.67 kB │ gzip:  12.93 kB
dist/assets/engineering-file-upload-BJVKEpVy.js                          46.77 kB │ gzip:  14.45 kB
dist/assets/demand-domain-0-06np6M.js                                    47.35 kB │ gzip:  11.00 kB
dist/assets/handover-orders-DPxUztlJ.js                                  47.47 kB │ gzip:   9.31 kB
dist/assets/batches-CDL2_-Br.js                                          47.58 kB │ gzip:  10.35 kB
dist/assets/settlement-linked-mock-factory-DpZNBTE3.js                   47.83 kB │ gzip:  14.54 kB
dist/assets/warehouse-BgcoQ3nZ.js                                        47.91 kB │ gzip:  11.47 kB
dist/assets/pcs-record-core-37dgSabl.js                                  48.27 kB │ gzip:  16.17 kB
dist/assets/dyeing-DjHP2y0A.js                                           49.16 kB │ gzip:  10.94 kB
dist/assets/printing-9LkiwyFn.js                                         49.17 kB │ gzip:  10.94 kB
dist/assets/other-BnFgjICV.js                                            49.18 kB │ gzip:  10.96 kB
dist/assets/sewing-BaT3VS5T.js                                           50.20 kB │ gzip:  11.28 kB
dist/assets/dispatch-tenders-BkXW8Ih0.js                                 50.33 kB │ gzip:  13.48 kB
dist/assets/progress-material-DxShnCGZ.js                                50.42 kB │ gzip:  10.09 kB
dist/assets/pda-onboarding-C2NshX_3.js                                   50.59 kB │ gzip:  10.81 kB
dist/assets/pda-task-receive-g3fdJlEL.js                                 50.60 kB │ gzip:  12.70 kB
dist/assets/pda-cutting-execution-source-B3HSFDgR.js                     50.86 kB │ gzip:  13.79 kB
dist/assets/pcs-config-workspace-ckAdVN1w.js                             51.29 kB │ gzip:  17.90 kB
dist/assets/pcs-channel-stores-B2VD52dr.js                               51.44 kB │ gzip:  15.00 kB
dist/assets/marker-plan-model-CM5cEy8P.js                                52.14 kB │ gzip:  14.94 kB
dist/assets/work-order-detail-CSsV0HXq.js                                53.02 kB │ gzip:  16.56 kB
dist/assets/store-domain-progress-BqlBt3GT.js                            53.17 kB │ gzip:  11.82 kB
dist/assets/pda-handover-dqBU0J8A.js                                     53.35 kB │ gzip:  14.29 kB
dist/assets/detail-domain-BmnahOPm.js                                    53.60 kB │ gzip:  11.93 kB
dist/assets/pcs-part-template-library-D1xCP82z.js                        53.80 kB │ gzip:  11.07 kB
dist/assets/material-purchase-orders-BbNiKaBV.js                         53.93 kB │ gzip:  16.38 kB
dist/assets/settlement-cutting-input-C1do0J80.js                         55.37 kB │ gzip:  11.79 kB
dist/assets/warehouse-location-map-BdFApUxf.js                           56.96 kB │ gzip:  16.90 kB
dist/assets/marker-plan-occupancy-CLZCv-1J.js                            57.45 kB │ gzip:  16.14 kB
dist/assets/progress-urge-DaxZEuyL.js                                    58.04 kB │ gzip:  12.10 kB
dist/assets/runtime-inputs-D0Wcwgdr.js                                   58.25 kB │ gzip:  15.74 kB
dist/assets/pda-cutting-spreading-t9U84vtZ.js                            59.88 kB │ gzip:  14.38 kB
dist/assets/wls-accessory-receipts-C0AvKCK7.js                           60.15 kB │ gzip:  15.57 kB
dist/assets/factory-profile-C7O1BSMg.js                                  61.17 kB │ gzip:  14.04 kB
dist/assets/pda-settlement-qxajEh1v.js                                   61.99 kB │ gzip:  14.38 kB
dist/assets/pickup-management-list-BAAJz1jm.js                           63.32 kB │ gzip:  17.88 kB
dist/assets/cutting-zL2f7A-o.js                                          64.51 kB │ gzip:  13.70 kB
dist/assets/progress-handover-d6kL4Ubs.js                                65.61 kB │ gzip:  14.31 kB
dist/assets/special-craft-fei-ticket-flow-BLWCOCjG.js                    66.63 kB │ gzip:  15.84 kB
dist/assets/pcs-channel-products-BtKI-h7H.js                             66.90 kB │ gzip:  22.23 kB
dist/assets/production-object-overview-BvK3owFg.js                       67.79 kB │ gzip:  14.32 kB
dist/assets/output-documents-D3QKyQGF.js                                 68.80 kB │ gzip:  23.79 kB
dist/assets/core-BLWRq2ts.js                                             69.43 kB │ gzip:  13.12 kB
dist/assets/cutting-daily-production-report-DlMTdSdM.js                  70.01 kB │ gzip:  19.83 kB
dist/assets/pda-exec-DoYWqMQL.js                                         70.05 kB │ gzip:  16.32 kB
dist/assets/context-Cq-XG-GZ.js                                          70.19 kB │ gzip:  21.60 kB
dist/assets/production-object-overview-DepWdyUB.js                       71.90 kB │ gzip:  16.79 kB
dist/assets/progress-exceptions-CXoSuk0l.js                              72.17 kB │ gzip:  14.02 kB
dist/assets/qc-records-C6JrKbYZ.js                                       72.92 kB │ gzip:  16.69 kB
dist/assets/pcs-product-archives-DBkPeuA5.js                             73.32 kB │ gzip:  24.50 kB
dist/assets/pcs-engineering-tasks-0vXHqeSA.js                            73.34 kB │ gzip:  17.56 kB
dist/assets/pcs-sample-management-CdyrWdW-.js                            74.25 kB │ gzip:  18.47 kB
dist/assets/factory-onboarding-BEOU7PNz.js                               75.30 kB │ gzip:  12.70 kB
dist/assets/sewing-dispatch-CVu9HGTN.js                                  76.19 kB │ gzip:  20.02 kB
dist/assets/orders-domain-tIwwGNa7.js                                    76.35 kB │ gzip:  16.91 kB
dist/assets/dialogs-DZA-ssUQ.js                                          76.54 kB │ gzip:  18.96 kB
dist/assets/settlement-JqbqpLqT.js                                       76.71 kB │ gzip:  12.05 kB
dist/assets/runtime-projections-HPWbz1X1.js                              78.06 kB │ gzip:  18.45 kB
dist/assets/process-action-writeback-service-K5otSgXV.js                 78.30 kB │ gzip:  17.92 kB
dist/assets/transfer-bags-ByaOQVj_.js                                    80.52 kB │ gzip:  21.00 kB
dist/assets/production-progress-DhIOYxaN.js                              82.57 kB │ gzip:  21.11 kB
dist/assets/routes-fcs-CaqWzqW8.js                                       83.38 kB │ gzip:  15.69 kB
dist/assets/cut-piece-release-BTY5UI41.js                                83.62 kB │ gzip:  25.37 kB
dist/assets/production-DctrCJUp.js                                       85.38 kB │ gzip:  18.50 kB
dist/assets/pda-handover-detail-BT4lIQ7c.js                              85.55 kB │ gzip:  21.53 kB
dist/assets/pda-warehouse-wait-process-P60SllP_.js                       89.29 kB │ gzip:  21.89 kB
dist/assets/wait-handover-actions-BIjcPm_f.js                            89.64 kB │ gzip:  22.88 kB
dist/assets/events-CZfXBU1-.js                                           90.52 kB │ gzip:  22.37 kB
dist/assets/factory-onboarding-flow-CC61n5wt.js                          90.64 kB │ gzip:  23.34 kB
dist/assets/production-tech-pack-change-domain-CPyiLjlR.js               91.44 kB │ gzip:  24.08 kB
dist/assets/dispatch-OhaaaH2y.js                                         92.70 kB │ gzip:  28.26 kB
dist/assets/cut-orders-BtxqH-iQ.js                                       96.60 kB │ gzip:  25.15 kB
dist/assets/cut-piece-release-CQTu_SLK.js                                99.02 kB │ gzip:  25.94 kB
dist/assets/transfer-bag-operations-CtYO4_RG.js                          99.23 kB │ gzip:  25.41 kB
dist/assets/post-finishing-full-flow-CWsG1r6t.js                        105.34 kB │ gzip:  27.31 kB
dist/assets/index-z51o1TbF.js                                           109.46 kB │ gzip:  39.85 kB
dist/assets/pcs-material-archive-detail-gSeJFpvR.js                     110.85 kB │ gzip:  36.86 kB
dist/assets/pcs-independent-sampling-By4-88Or.js                        112.27 kB │ gzip:  31.04 kB
dist/assets/transfer-bag-return-model-C7WpiPSi.js                       115.43 kB │ gzip:  27.31 kB
dist/assets/supplement-management-DoGW3LZx.js                           115.81 kB │ gzip:  30.88 kB
dist/assets/statements-B54C5Mor.js                                      121.34 kB │ gzip:  25.20 kB
dist/assets/events-DnC-pduj.js                                          122.94 kB │ gzip:  31.87 kB
dist/assets/unified-dispatch-workbench-DJxdFF3u.js                      123.45 kB │ gzip:  34.74 kB
dist/assets/tmf-material-purchases-MKIZ6JfE.js                          124.74 kB │ gzip:  32.48 kB
dist/assets/special-craft-task-orders-BWLCDKwS.js                       126.93 kB │ gzip:  33.65 kB
dist/assets/quality-deduction-repository-TFB8dIOP.js                    136.80 kB │ gzip:  26.67 kB
dist/assets/warehouse-hub-3yBR1cit.js                                   142.69 kB │ gzip:  36.12 kB
dist/assets/generated-fei-tickets-Bf7_QP7q.js                           143.06 kB │ gzip:  36.24 kB
dist/assets/production-timeliness-DNMJP4PZ.js                           143.73 kB │ gzip:  47.55 kB
dist/assets/preparation-timing-D56kXCSO.js                              146.62 kB │ gzip:  34.66 kB
dist/assets/marker-plan-CwfxDmMj.js                                     152.71 kB │ gzip:  36.45 kB
dist/assets/marker-spreading-uLhT-ysd.js                                156.53 kB │ gzip:  38.67 kB
dist/assets/return-inbound-uSYJ51UK.js                                  162.41 kB │ gzip:  28.14 kB
dist/assets/app-shared-BlZC61jd.js                                      163.18 kB │ gzip:  40.36 kB
dist/assets/fei-tickets-DTxSvoel.js                                     186.04 kB │ gzip:  41.31 kB
dist/assets/pcs-pattern-library-Ds0omGpl.js                             205.34 kB │ gzip:  45.56 kB
dist/assets/index--GzcKvNw.js                                           210.12 kB │ gzip:  66.49 kB
dist/assets/print-template-registry-C0Y4rU67.js                         213.39 kB │ gzip:  55.30 kB
dist/assets/index-BFyFHx14.js                                           223.90 kB │ gzip:  49.52 kB
dist/assets/pda-exec-detail-BpxsyhNX.js                                 250.35 kB │ gzip:  58.44 kB
dist/assets/process-tasks-D0VtfXdz.js                                   275.17 kB │ gzip:  76.45 kB
dist/assets/process-domain-Bnh1lPAG.js                                  275.82 kB │ gzip:  60.70 kB
dist/assets/production-orders-mM2vOgT4.js                               488.92 kB │ gzip:  47.17 kB
dist/assets/pda-B7AoZYGY.js                                             505.21 kB │ gzip:  83.25 kB
dist/assets/pcs-tech-pack-review-BL6SRGup.js                            704.22 kB │ gzip: 190.85 kB
dist/assets/material-ledger-DF_NRakP.js                                 863.52 kB │ gzip: 219.36 kB
dist/assets/production-source-shared-Bj4b3XYm.js                      1,899.17 kB │ gzip: 216.72 kB

(!) Some chunks are larger than 550 kB after minification. Consider:
- Using dynamic import() to code-split the application
- Use build.rollupOptions.output.manualChunks to improve chunking: https://rollupjs.org/configuration-options/#output-manualchunks
- Adjust chunk size limit for this warning via build.chunkSizeWarningLimit.
✓ built in 25.10s
