
> higoods-vanilla-clone@1.0.0 build
> npm run typecheck:engineering && npm test && vite build


> higoods-vanilla-clone@1.0.0 typecheck:engineering
> npm run typecheck:entrypoints && npm run typecheck:scopes


> higoods-vanilla-clone@1.0.0 typecheck:entrypoints
> tsc --project tsconfig.engineering.json


> higoods-vanilla-clone@1.0.0 typecheck:scopes
> node scripts/check-typescript-scope.mjs src/domain/ src/components/ui/ src/state/

TypeScript 全量既有错误：3
本次渐进检查范围：src/domain/、src/components/ui/、src/state/
范围内错误：0
范围外既有错误保留在全量 typecheck 中继续分批治理。

> higoods-vanilla-clone@1.0.0 test
> npm run test:unit


> higoods-vanilla-clone@1.0.0 test:unit
> node --import tsx --test tests/unit/*.test.ts

✔ 浏览器存储封装保持读写删除语义 (0.847792ms)
✔ 浏览器存储不可用或抛错时保持静默降级 (0.111125ms)
✔ ISO与旧本地文本按实际时刻排序，不按空格与T字典排序 (1.573208ms)
✔ 同一时刻不同时间表达仍按账本序号和稳定ID防重复 (5.787167ms)
✔ 整组同分钟含低精度记录时，唯一可靠顺序形成稳定全序，不按成对条件切换 (0.852333ms)
✔ 全部精确时刻仍按秒排序，跨分钟不会被新账本号倒置 (0.176333ms)
✔ 缺少或重复账本顺序不恢复低精度秒数，沿用原时刻规则 (0.1755ms)
✔ 共享生命周期在同分钟旧入仓后允许交出，并保留原周期和事实 (0.585417ms)
✔ 同分钟物理回收之后报废按真实顺序生效，不被周期边界副本或秒数重排 (0.256916ms)
(node:48066) ExperimentalWarning: localStorage is not available because --localstorage-file was not provided.
(Use `node --trace-warnings ...` to show where the warning was created)
✔ 共享分配门禁拒绝同SKU错色码或错生产单身份 (23.079125ms)
✔ 共享保存拒绝重复借同格，空身份与非法数量 (66.805666ms)
(node:48067) ExperimentalWarning: localStorage is not available because --localstorage-file was not provided.
(Use `node --trace-warnings ...` to show where the warning was created)
✔ N 道只按最终逐票实收，不累计道数或非最终回仓 (1.644625ms)
✔ 末道独有回仓、错票、错工厂、逆序回仓均不得计齐套 (0.331ms)
✔ 真实厂间完成事实只证明前道，末道仍以实际裁床回仓为准 (0.214834ms)
✔ 前道非法实收不能被加工完成标记绕过 (0.102459ms)
✔ 实际已分配厂取代票上默认厂，多家未确认不猜厂，打印票保持原样 (1.066959ms)
✔ 直转前道须有明确工艺身份完成，最终回仓受前道实物上限约束 (0.349708ms)
✔ 零量点收保留凭据；整票不可用和未知资料不贡献 (0.254667ms)
✔ 普通未装袋票不进放行，但既有简易交出可保持；正常换袋去重 (0.432833ms)
✔ 装袋同ID错票号、超原票或无效票面不提供可交实物 (0.334042ms)
✔ 逐票工艺实收保留真实业务回仓号、来源交出号及仓区库位 (0.242ms)
✔ 旧实收缺加工完成依据保留实物，但不计最终齐套且明确待核对 (0.114958ms)
(node:48068) ExperimentalWarning: localStorage is not available because --localstorage-file was not provided.
(Use `node --trace-warnings ...` to show where the warning was created)
✔ 冻结原票的真实仓库实收继续更新；冻结后新票进晚到队列，不冒充原产出 (7.287792ms)
✔ 放行备份/读回安全整数与逐格合计，正常零不变成未确认 (1.184666ms)
✔ 无效整票追溯与未知collection不能借备份写入 (0.167833ms)
(node:48070) ExperimentalWarning: localStorage is not available because --localstorage-file was not provided.
(Use `node --trace-warnings ...` to show where the warning was created)
✔ 列表只读余量查询满足正整数身份门禁，K100/A205显示当前风险105、占用0及余量205 (66.630084ms)
✔ 裁片放行保留唯一菜单键和地址，归属裁床仓库管理 (0.269875ms)
✔ 字母与数值尺码升序，自定义尺码保留配置顺序 (0.5565ms)
✔ 非法数量和空白保持非法，不夹取或四舍五入成另一个有效量 (0.090458ms)
✔ 目标确认待保存及整票原因也受离开提醒保护，已保存目标和空白原因不误提醒 (0.133541ms)
✔ 本页导航、补料、系统与当前页签退出统一提醒，关闭其他页签和折叠菜单不误提醒 (0.140709ms)
✔ 未知自定义尺码在目标和放行矩阵明确提示待核对且保留原序，标准尺码不出现提示 (4.779459ms)
✔ 未确认与确认零放行分开，零放行不回退成目标281件 (0.09275ms)
✔ 尚未确认且齐套未知时，确认汇总中的K和R均显示待核对而非零 (2.005042ms)
✔ 目标与放行渲染为相同颜色行、尺码升序列，缺失SKU格保持不可编辑 (2.184833ms)
✔ 逐票详情保留最终回仓实收、完整顺序、袋周期、成衣色与面料色以及差异 (0.4375ms)
✔ 侧栏逐道显示真实交出单、回仓业务号和库位，记录编号放在展开依据中 (0.338334ms)
✔ 加工完成未回仓仍显示未最终回仓，未知工艺不展示普通免工艺依据 (0.185667ms)
✔ 真实前道直转投影接入侧栏，末道实收80显示已最终回仓 (0.504042ms)
✔ 跨工厂直转前道不必回裁床，最终实收80片显示已最终回仓 (0.204459ms)
✔ 最终实际点收0片保留完成事实，不显示待加工或待回仓 (0.138667ms)
✔ 历史实收有原始回仓数量但缺加工完成依据，明细保留实收且暂不计齐套 (0.144667ms)
✔ 整票更正确认同时展示票袋工艺放行分配及保留历史责任 (9.613875ms)
✔ 整票登记保存携带打开详情时的版本，旧页面不会改用后来读到的版本 (0.672292ms)
✔ 文案采用短句，目标和放行保留操作边界，整票确认保留实际后果 (14.937333ms)
✔ 具名静态演示材料使用既有真实图片，三道工艺仅按最终回仓计入 (0.86325ms)
✔ 示例内部身份只在追溯展开中显示，真实票号完整保留且确认仍显示实际影响 (8.682291ms)
✔ 真实生成的工艺记录内部UUID只在展开中显示，不替换真实业务号 (4.903708ms)
(node:48071) ExperimentalWarning: localStorage is not available because --localstorage-file was not provided.
(Use `node --trace-warnings ...` to show where the warning was created)
✔ 保留历史换袋确认按真实来源入仓先后匹配，ISO与本地文本不丢来源库位 (4.573791ms)
✔ 特殊工艺实回库位从原票快照读取生产单，零实收票不冒充当前库存关联 (105.946834ms)
✔ PDA实际入仓入口保留默认时间秒与时区，同一分钟交出后可逐票回仓 (8.110209ms)
✔ PDA实回页按第二张菲票自身当前阶段和实际交出数量显示应回数量 (9.411584ms)
✔ 无袋实收10更正9扣库存差额，重新装袋或实际交出后不反冲其他库存 (33.31625ms)
✔ 明确单道无袋实收9合法实交后更正7保留旧9责任与真实接收厂 (24.43375ms)
✔ 整袋候选与提交共享未知来源、未知必要工艺及整票不可用阻断，caller不能给空事件绕过 (45.433458ms)
✔ 连续工艺具名示例仅提供真实技术包两条未分配任务，不写事实或覆盖旧任务 (5.839083ms)
✔ 不同菲票的同一实际有序工艺链可同袋，链身份不使用每票阶段ID (0.867417ms)
✔ 同链两张菲票保留各自阶段身份并分别实收，不把第二票当第一票工艺 (5.588125ms)
✔ 连续工艺直接由实际持有厂转交下道，前道完成与最后回仓分开记账 (7.096792ms)
✔ 同袋两票连续转交按每票前道和下道身份核对，最后分别回仓 (5.491792ms)
✔ 实际任务绑定明确匹配技术包部位工艺、色码、目标对象和当前分配，不采用默认厂 (0.516541ms)
✔ 特殊工艺交出只能读取原票当前阶段与唯一实际承接任务 (0.340959ms)
✔ ISO来源交出后同一分钟实际回仓保留秒与时区，不被文本格式判为早于来源 (32.025ms)
✔ 逐票实收分别计数，更正库存仅按差额且保留原票 (6.722625ms)
✔ 未核对加工完成不得保存；历史完成未知保留实收P而不能冒充齐套 (4.026375ms)
✔ 缺逐票确认、空白、小数、超量与未说明差异都不写入 (5.543ms)
✔ 明确零量点收保留事实，但不生成库存或后道实物 (3.816083ms)
✔ 按身份与顺序分袋，普通和不同工艺链被阻断 (0.108209ms)
✔ 无袋按票独立点收，不能重复新增或回到其他裁床工厂 (4.248708ms)
✔ 多道工艺分别保留同票阶段实收，末道不会累加前道数量 (21.60075ms)
✔ 100片已经交出后更正为90片只改依据，保留原实交责任且不反冲库存 (14.866542ms)
✔ 同一分钟旧入仓分钟时间晚于精确装袋账本，不退回已装袋状态 (1.172416ms)
✔ 正常入仓默认保留完整时刻，同分钟装袋后入仓可继续交出 (0.71325ms)
✔ 实际带袋回仓入口保留ISO秒和时区，不先截断成旧本地分钟 (4.685584ms)
✔ 实际无袋回仓入口保留ISO秒和时区，不先截断成旧本地分钟 (6.965834ms)
✔ 实际空袋回仓入口保留ISO秒和时区，不先截断成旧本地分钟 (6.887542ms)
✔ 旧存储 getter 不可读时，后道演示开关不阻断裁床依赖模块导入 (262.882542ms)
✔ 裁床工艺来源读取不初始化未迁移的全厂接收需求，原工艺厂读取仍保护旧源 (550.916792ms)
✔ 先读裁床来源再进入工艺厂，任务身份与需求数量一致且仓库记录可正常生成 (637.425167ms)
✔ 已准备任务来源后，任务单预览不加载无关工艺厂接收来源 (670.787959ms)
(node:48073) ExperimentalWarning: localStorage is not available because --localstorage-file was not provided.
(Use `node --trace-warnings ...` to show where the warning was created)
✔ 独立裁剪整任务改派保留数量和执行历史，旧有效分配失效，新范围唯一 (61.618208ms)
✔ 裁床改派回原工厂且回填同一业务日期，不复用旧票范围；普通审计不改身份 (0.594167ms)
(node:48075) ExperimentalWarning: localStorage is not available because --localstorage-file was not provided.
(Use `node --trace-warnings ...` to show where the warning was created)
✔ 交出列表省略详情路线读取时保留全部输出字段 (334.536417ms)
(node:48076) ExperimentalWarning: localStorage is not available because --localstorage-file was not provided.
(Use `node --trace-warnings ...` to show where the warning was created)
✔ MIG-001/002/006: management entry and handlers belong to FCS; PFOS keeps execution (1.746958ms)
✔ MIG-003/007: prep and execution read the same early order identities, quantities and match status (576.569792ms)
✔ MIG-004/009: migrated dialogs retain candidate fields, actual material image and task outputs (1.899625ms)
✔ MIG-011: management and execution use the same seven business display columns (8.147458ms)
✔ MIG-007: early dye/print creation and cancellation survive reload (2319.21575ms)
✔ BOM working-copy write failure preserves prior state; retry succeeds (178.168709ms)
✔ existing production preparation data does not trigger demo writes on entry (1446.29675ms)
✔ rollback of an unchanged saved BOM does not perform another failing write (25.01275ms)
✔ BOM dictionary preserves old JSON and all snapshot values without mutating input (2.963208ms)
✔ BOM dictionary rejects missing references instead of replacing data silently (0.195875ms)
(node:48083) ExperimentalWarning: localStorage is not available because --localstorage-file was not provided.
(Use `node --trace-warnings ...` to show where the warning was created)
✔ PDA顶栏计数与实际完整待办相同，覆盖各任务工厂及管理员/员工角色 (1793.713834ms)
✔ 解析带标签、小数和空格的长度数量 (0.462334ms)
✔ 解析卷数并对不合法文本返回 0 (0.112ms)
✔ 证据文件标识把连续空白收口为单个连字符 (0.149541ms)
(node:48086) ExperimentalWarning: localStorage is not available because --localstorage-file was not provided.
(Use `node --trace-warnings ...` to show where the warning was created)
✔ 设计改款可成批生成染色和印花加工单，且完整投影来源与上下游 (1031.638458ms)
✔ 设计改款加工单生成幂等，重复请求不增加单据 (61.974209ms)
✔ 同一设计改款任务的不同颜色和 BOM 行分别生成加工单 (71.883083ms)
✔ 成批提交失败时染色与印花加工单一起回滚 (26.635083ms)
✔ 设计改款来源缺关键引用或来源未知时必须阻断 (0.191375ms)
(node:48087) ExperimentalWarning: localStorage is not available because --localstorage-file was not provided.
(Use `node --trace-warnings ...` to show where the warning was created)
✔ 设计改款染后印花必须先分配印花厂，染色交出不能误送中央工厂 (268.610167ms)
✔ 仅染与仅印分别创建一张加工单和一条仓库首道调拨计划 (21.008167ms)
✔ 辅料染色单创建后已有辅料仓调拨计划，分厂时自动落实原单但不冒充实发 (15.561417ms)
✔ 历史双工艺加工单仍可追溯原有染印交接 (713.013959ms)
✔ 先染后印目标 SKU 创建两段加工单，印花只接收本行染后物料而不能跳过染色 (1464.567833ms)
✔ 单独印花 SKU 从仓库发印厂并完成样衣归档 (1421.235208ms)
✔ 印花实际交出生成中央工厂待接收原单，实收回写原交接并允许完成加工单 (462.031625ms)
✔ 专业成果没有真实附件时保持未绑定 (7.992958ms)
(node:48089) ExperimentalWarning: localStorage is not available because --localstorage-file was not provided.
(Use `node --trace-warnings ...` to show where the warning was created)
✔ 可打印不等于可建交出单，必须完成真实标签打印 (0.476167ms)
✔ 卷规格无效时不可建交出单，且不改变原可打印判定语义 (0.06775ms)
✔ 人工完成印花加工单不再自动填充操作人 (198.771125ms)
(node:48093) ExperimentalWarning: localStorage is not available because --localstorage-file was not provided.
(Use `node --trace-warnings ...` to show where the warning was created)
✔ 非 KOL PDA 导入不生成 KOL 领交料；首次 KOL 访问生成完整且幂等的演示记录 (253.243375ms)
✔ PDA 单任务读取保持普通任务、测试工厂与 KOL 任务内容和查找优先级 (2.144042ms)
(node:48094) ExperimentalWarning: localStorage is not available because --localstorage-file was not provided.
(Use `node --trace-warnings ...` to show where the warning was created)
✔ 实际唛架重复相同来源只建一次，票身份按该单颜色尺码和技术包部位定位 (0.648ms)
✔ 重复ID不同内容不得覆盖；不同部位实例和尺寸不得合并 (0.251167ms)
✔ 跨单、错颜色、错物料、错部位和错误每件片数均阻断 (0.104042ms)
✔ 真实手动无铺布层序票可读且免层序编号，普通缺区间和伪手动来源仍阻断 (22.966375ms)
✔ 主料唛架只展开其明确部位，拼接料和口袋布各自保留，不猜未知映射 (6.220041ms)
(node:48095) ExperimentalWarning: localStorage is not available because --localstorage-file was not provided.
(Use `node --trace-warnings ...` to show where the warning was created)
✔ 可编辑的演示唛架保存后优先读取用户记录，刷新不恢复原备注和状态 (558.607959ms)
✔ 日报窗口含截止日7天，重点日均独立使用前6天 (0.509958ms)
✔ 未知采购不填0，未BOM不输出完整确定订单需求 (0.110125ms)
✔ 突变必须绝对量与比例同时达到阈值 (0.061958ms)
✔ 截止日突变示例与未完结日不判定 (0.058583ms)
✔ 共享商品按SPU去重而不按关联行累加销量 (0.088667ms)
✔ 预选不产生确定用料；BOM需求保留物料归属 (0.138834ms)
✔ 同料BOM优先于预选，不重复关系及需量 (0.06775ms)
✔ 两个业务页具有独立容器、标准分页与证据边界 (21.599958ms)
✔ 未进入物料页面时 bridge 不加载业务；加载失败重试后首次渲染即已注册 (3.816375ms)
✔ click 分组顺序、短路、选择器范围保持原行为，重新注册替换旧处理器 (0.567042ms)
✔ 备料写入守卫读取实时角色与水位，阻断时不调用业务处理器 (0.3095ms)
✔ input/change/keyboard 原入口、筛选范围和 change 优先级完整保留 (0.291916ms)
✔ health groups are exhaustive and mutually exclusive in demo (1.478625ms)
✔ coverage and baseline use same inventory plus transit but distinct demand windows (0.069375ms)
✔ zero demand is unavailable rather than infinity and huge finite quotient stays finite (0.0855ms)
✔ date selects different consistent snapshot (0.083791ms)
✔ threshold changes alter classification without changing facts (0.060875ms)
✔ health view carries core P1 business sections and mock caveat (13.425208ms)
✔ AT16 rules do not substitute brand, size or packaging method (0.873875ms)
✔ AT24 equal priority conflict blocks resolution and identifies rules (0.712084ms)
✔ higher explicit priority resolves a lower priority overlap (0.122ms)
✔ plans distinguish garments and parcels and add loss once (0.280167ms)
✔ AT18 white pendant stock only allocated once (0.146667ms)
✔ event duplicate and old revision do not add consumption; reprints are activity only (0.222083ms)
✔ conflicting same revision fails instead of silently choosing a payload (0.109167ms)
✔ AT17/19/20 panel states unresolved ASAYA, independent kit80 and unknown ribbon (0.519292ms)
✔ trigger distinct from target, existing supply produces explainable zero (0.566875ms)
✔ missing mapping or usage and incompatible raw unit block unsafe generation (0.171208ms)
✔ generation reserves remaining once and shared raw pool across target rules (0.709708ms)
✔ production does not increase stock; actual SKU and output bound partial receipts (0.135667ms)
✔ cancelled suggestion releases commitment and raw allocation (0.066041ms)
✔ AT05 committed greige is not available for a second allocation (0.883084ms)
✔ AT06 partial receipt reduces expected supply; checking and qualified never duplicate (0.632625ms)
✔ AT07 unmapped target preserves quantities but gives no target coverage (0.164083ms)
✔ §7.2 loss reduces future supply; rejected receipts never become usable (0.112ms)
✔ §7.3 unit/yield/route and conservation gaps block deterministic supply (0.407833ms)
✔ §7.3 candidate comparison reports remaining shortage and respects arrival deadline (0.434708ms)
✔ §7.3 zero gap stays zero and nonfinite inputs cannot produce advice (0.240584ms)
✔ panel uses owned local handlers and discloses mock and missing images (2.654709ms)
✔ P2 coefficients and coverage exclude transit (13.546708ms)
✔ P2 coverage buckets have exclusive shared boundaries (0.508417ms)
✔ P2 partial receipts and completed batches count remaining only (0.063416ms)
✔ P2 latest overdue selected only if no future batch; today included (0.0575ms)
✔ P2 search transit and ETA filters compose (0.130041ms)
✔ P2 zero demand and missing BOM preserve distinct nulls; micro demand excluded (0.064875ms)
✔ P2 standard table renders and limits initial rows to first page (5.516708ms)
✔ AT01/02 internal reservation stays in coverage while external reservation is deducted (23.712834ms)
✔ AT03 quality segments are not usable (0.146916ms)
✔ AT04 partial receipt leaves remaining supply only (0.184833ms)
✔ AT08/38 late supply never erases earlier shortage (0.143833ms)
✔ AT09 intermediate deficit determines net need rather than positive closing balance (0.121166ms)
✔ AT10 MOQ and pack rounding, zero stays zero (0.108875ms)
✔ AT11 horizon begins at cutoff and is not expanded by lead time (0.177208ms)
✔ AT12 forecast covered by confirmed demand is excluded before coefficient (0.11975ms)
✔ AT13 no demand has no numeric coverage (0.723375ms)
✔ AT14 cancelling demand does not change stock (0.545833ms)
✔ AT15 latest event revision only (0.407959ms)
✔ AT16/17 directory preserves bag sizes and ASAYA duplicated input is one unresolved SKU (0.087292ms)
✔ AT18 three brands draw from one shared pool (0.14ms)
✔ AT19/20 kit capacity respects minimum and missing conversion (0.056458ms)
✔ AT21 inactive/unusable stock remains physically visible (0.092958ms)
✔ AT23 affected order identifiers are unique (0.086083ms)
✔ AT25/26 draft does not mutate active and invalidates trial (0.056458ms)
✔ AT26/28 publish requires role and exact trial; history retained (0.174917ms)
✔ AT31 risk cannot close with remaining shortage or skip verification (0.163208ms)
✔ AT37 invalid dates, unknown timezone, bad numeric values rejected (0.087583ms)
✔ duplicate supply chain does not double count and blocks deterministic advice (0.078917ms)
✔ warehouse catalogue includes 17 locations and two garment warehouses (0.03675ms)
✔ candidate comparison retains pre-arrival risk (0.245666ms)
✔ SKU-specific policy wins and duplicate rules block publish (0.120041ms)
(node:48108) ExperimentalWarning: localStorage is not available because --localstorage-file was not provided.
(Use `node --trace-warnings ...` to show where the warning was created)
✔ 逐票与逐打印任务保持原结构，变更一条只保存一条 (10.936ms)
✔ 草稿按原映射键保存；手工票与操作记录分离，删除票保留审计 (0.338292ms)
✔ 拒绝损坏JSON且不冒充空数据 (0.1515ms)
✔ 拒绝空字符串且不冒充空数据 (0.053625ms)
✔ 拒绝错误根且不冒充空数据 (0.043458ms)
✔ 拒绝重复票号身份且不冒充空数据 (0.040666ms)
✔ 拒绝缺少票号且不冒充空数据 (0.039875ms)
✔ 拒绝错误状态且不冒充空数据 (0.038875ms)
✔ 拒绝打印关联缺失且不冒充空数据 (0.043667ms)
✔ 拒绝草稿身份缺失且不冒充空数据 (0.079291ms)
✔ 拒绝手工日志缺失且不冒充空数据 (0.047334ms)
✔ 拒绝手工二维码缺失且不冒充空数据 (0.037708ms)
✔ 已保存实体与备份身份校验，不接受伪造集合或迁移元数据 (0.4255ms)
✔ 袋账派生绑定锁，无需持久化派生票快照；关闭周转解除旧快照锁 (434.637084ms)
✔ 唛架来源和铺布单逐实体保存，保留卷明细、层序及来源引用 (0.414583ms)
✔ 指定保存对象不复制重复静态唛架，也不覆盖其他已保存铺布单 (0.705917ms)
✔ 旧袋账按实体保留绑定与历史，局部动作不复制静态袋档案 (0.696916ms)
✔ 专用打印来源保留原票身份、数量、状态、袋锁及打印对象，不查询全量PDA与库存摘要 (7693.403708ms)
✔ 实际输出首打保持原身份与数量；动态与普通来源均可打印，失效来源阻断，重复首打不新增 (100.750042ms)
✔ 唛架引用读取失败明确阻断，不将迁移或读取错误伪装成空铺布来源 (8.19275ms)
✔ 用户唛架方案逐ID迁移保留床次和占用，修改一张不重写其它方案 (0.252459ms)
✔ PDA及手工票专用唛架定义与原完整投影等价，保留床次、数量和可铺布资格 (502.517042ms)
✔ 裁床配料按真实生产单范围读取与全量结果逐字段相等，保留库存、领取、状态与任务链接 (432.932958ms)
✔ PDA铺布目标直接携带真实已保存铺布单的裁床与负责人，不另算整套列表 (337.683291ms)
✔ 铺布投影复用唛架定义仍保留已保存session的卷明细、裁床、负责人和实际裁剪数量 (300.920917ms)
✔ 路由标准化移除 query 与 hash，但不改动路径 (0.641458ms)
✔ 只匹配路由根或其子路径，不误匹配相似前缀 (0.63875ms)
✔ 可在多个合法根路径中匹配一个 (0.076417ms)
✔ 只把完整生产确认单打印路由识别为命中 (0.103833ms)
✔ 专业任务必须全部有效明细通过且保留成果与审核事实 (0.605958ms)
✔ 纸样名称或物料关联不能替代可读取原文件 (13.842667ms)
(node:48111) ExperimentalWarning: localStorage is not available because --localstorage-file was not provided.
(Use `node --trace-warnings ...` to show where the warning was created)
✔ 目标 SKU 的四种加工组合、前序实物和 BOM Q 均按已建档字段读取 (1.402208ms)
✔ 整单总量口径保存后仍按一次总量计算，不被样衣件数重复放大 (1406.844541ms)
✔ 一张设计改款 BOM 同时有 Yard 面料和 PCS 辅料时，各行独立计量且辅料无需加工调拨 (63.044209ms)
✔ 复用既有纸样与参照 BOM 的无印染任务可直接提交样衣并自动完成；复制只生成草稿 (1085.900208ms)
✔ 批量复制保留物料、费用和样衣安排为独立可编辑草稿，不生成工作 (97.950041ms)
✔ 单页创建同时保存物料、费用与样衣要求；失败不留下空任务 (43.585416ms)
✔ 加工按物料行及实际阶段执行：纯染行与先染后印行独立串联 (158.855667ms)
✔ 旧设计任务移除线下工作和依赖，保留加工单身份、样衣成果及原始输入 (1194.872875ms)
✔ 任务汇总排除未启用，待前置只列出未完成依赖，关闭单不继续催办 (0.901291ms)
✔ 筛选覆盖关键词、状态、跟单、待办、类型、团队和日期边界，统计范围一致 (0.264334ms)
✔ CSV包含全部匹配行和任务责任计划，不含操作列，特殊文字正确转义 (0.44725ms)
✔ 生产准备必须读取测款最终通过事实，保存时重新校验且失败不生成主单 (1193.521084ms)
✔ PATTERN_ARTWORK 多明细全部有效项通过才完成，同SKU不同要求不合并 (0.433667ms)
✔ COLOR_FABRIC 多明细全部有效项通过才完成，同SKU不同要求不合并 (0.068334ms)
✔ COLOR_YARN 多明细全部有效项通过才完成，同SKU不同要求不合并 (0.060542ms)
✔ 多辅料分单覆盖，第一张下单不足以完成，失效单不能提供覆盖 (0.201208ms)
✔ 专业列表业务字段查询与责任、来源、计划边界组合，未登记计划不误入日期结果 (0.828875ms)
(node:48117) ExperimentalWarning: localStorage is not available because --localstorage-file was not provided.
(Use `node --trace-warnings ...` to show where the warning was created)
✔ targeted PCS baseline reads return independent records without cloning unrelated collections (142.821667ms)
✔ PCS 前插多个新记录保留全部既有位置，重复保存不产生位置变化 (1.688917ms)
✔ PCS 单条置顶、居中插入、删除保持实际顺序且不移动其余记录 (0.117875ms)
✔ PCS 图片按款号和颜色固定，尺码不改变照片，未知对象没有随机图片 (0.693042ms)
✔ 历史 Mock 只替换登记的旧图，保留用户图片及未知款式 (0.393375ms)
✔ 后道 QC 来源 SKU 保留原身份和数量，五种颜色分别绑定对应实拍 (0.077917ms)
✔ 后道历史快照只迁移准确 SKU 的旧示意图，质检数量与用户图不变 (0.180541ms)
(node:48120) ExperimentalWarning: localStorage is not available because --localstorage-file was not provided.
(Use `node --trace-warnings ...` to show where the warning was created)
✔ SAMPLE-FIX-01–05/11: actual request→reserve→approve→pickup→return→receipt; stable own IDs and detached reads (798.330625ms)
✔ SAMPLE-FIX-03/05: all invalid input blocks writes; cancellation/rejection frees only own reservation (389.616417ms)
✔ SAMPLE-FIX-08/09/11: cases and stocktake persist independently, cannot execute twice or masquerade as adjustment (547.291625ms)
(node:48121) ExperimentalWarning: localStorage is not available because --localstorage-file was not provided.
(Use `node --trace-warnings ...` to show where the warning was created)
✔ HG-001/002/004: SKU identity survives duplicate receipts, transfers and repeats; HG resolves SKU (221.649208ms)
✔ HG-005/006/008: printed data and bounded settings; no truncation, images or state writes (0.512375ms)
✔ HG-002/004 regression: older receipt without identities retains its first date; raw SKU is never HG (68.394375ms)
(node:48122) ExperimentalWarning: localStorage is not available because --localstorage-file was not provided.
(Use `node --trace-warnings ...` to show where the warning was created)
✔ SAMP-001–013 Mock: receipt → all SKU tags → live/home → production/factory/department/warehouse → marketing, with adversarial gates (1149.278375ms)
(node:48123) ExperimentalWarning: localStorage is not available because --localstorage-file was not provided.
(Use `node --trace-warnings ...` to show where the warning was created)
✔ PDA 列表轻量摘要与详情的归属、数量、物料和下一步一致 (878.579041ms)
(node:48124) ExperimentalWarning: localStorage is not available because --localstorage-file was not provided.
(Use `node --trace-warnings ...` to show where the warning was created)
✔ 按工厂投影不改变全能力、印花、染色、中央与裁片演示账号可见任务 (858.049708ms)
(node:48125) ExperimentalWarning: localStorage is not available because --localstorage-file was not provided.
(Use `node --trace-warnings ...` to show where the warning was created)
✔ 接单工厂范围保留全量投影中本厂每个任务的身份、数量、状态及接单/中标结果 (2378.283084ms)
(node:48126) ExperimentalWarning: localStorage is not available because --localstorage-file was not provided.
(Use `node --trace-warnings ...` to show where the warning was created)
✔ PDA order/task link indexes preserve all full-index candidates without constructing unrelated material rows (512.603958ms)
✔ ordinary sewing direct lookup keeps every field and factory permission from the complete canonical projection (415.100041ms)
✔ runtime sewing overrides and legacy/missing IDs retain the complete projection result (542.471958ms)
✔ one fresh read-only object snapshot preserves readiness, context and unknown references without refreshing per miss (412.893375ms)
✔ PDA handlers wait for part-ticket hydration, and the real detail is not mounted before both dependencies complete (40.89175ms)
✔ ordinary sewing detail leaves unrelated PMS initialization pending until a normal module entry (20.111542ms)
✔ same-navigation sewing preload discovers actual bundle entries and static closure without evaluating modules (39.918041ms)
✔ preview compression includes the same sewing static chunks and retains existing assets without broad lazy-route output (13.732041ms)
(node:48128) ExperimentalWarning: localStorage is not available because --localstorage-file was not provided.
(Use `node --trace-warnings ...` to show where the warning was created)
✔ 中转袋交出与实际入仓使用同一浏览器本地业务时间，不把 UTC 当作本地时间 (4.133208ms)
[PMS_IDB_LOAD_FAILED] { message: '当前浏览器不支持 IndexedDB,PMS 业务数据无法持久化。' }
✔ 物流商新增字段保存回显并写入操作日志 (4.37575ms)
✔ 物流商数字字段非负校验与运输方式枚举校验 (0.498958ms)
✔ 渠道新增字段保存回显，条件计费字段按计费方式保留 (0.798458ms)
✔ 整柜渠道不要求新增计费字段，仍要求四箱型完整配置 (0.27775ms)
✔ 渠道数字字段非负与时效区间校验 (0.262291ms)
✔ 头程批次聚合展示总箱数、总重量、总体积与转运天数 (1.869292ms)
✔ 工序链按保存顺序生效，合法工序集合固定，非法或重复工序被拒 (4.808333ms)
✔ 坯布 SKU 必填，坯布库存为 0 时调拨资格被拒，补足后恢复 (0.684625ms)
✔ 采购单按勾选 SKU 生成明细，数量与枚举非法被拒 (0.319333ms)
✔ 调拨单可选择调出仓库与调入目标，同步生成加工单号链 (0.386417ms)
✔ 批量刷新库存更新全部监控行与刷新时间并写日志 (0.389375ms)
✔ 手动添加监控 SKU 校验 SKU 必填与重复，添加后进入列表 (0.890209ms)
✔ 物料申报扩展字段保存回显，26 项特殊属性按数组保存 (2.784625ms)
✔ 报关扩展：法定第二计量单位与数值，不报关分支跳过必填校验 (0.18175ms)
✔ BOM 业务选项与价格/成本、工厂、布料字段保存回显 (0.712708ms)
✔ 主体经营 9 项成本明细加调整重算总成本，数据缺失提醒可消除 (0.374542ms)
✔ 供应商从草稿到启用遵循状态机，名称唯一 (2.713792ms)
✔ 供货档案包装换算与快照版本 (0.235709ms)
✔ 物料全部有真实图片，采购补充信息可更新且不新增删除 (0.341625ms)
✔ 成衣与样衣 SKU 只读列表数据完整 (0.06425ms)
✔ 仓库同步更新时间，单位字典唯一且不可删除只可启停 (0.262291ms)
✔ BOM 用量可修改，说明可保存，发布后可生成面辅料需求 (1.402042ms)
[PMS_IDB_LOAD_FAILED] { message: '当前浏览器不支持 IndexedDB,PMS 业务数据无法持久化。' }
[PMS_IDB_UNAVAILABLE] put 跳过,数据仅保留在内存 { store: 'pmsMaterialPurchaseOrderDeltas', key: 'CGF-2026-0005' }
[PMS_IDB_UNAVAILABLE] put 跳过,数据仅保留在内存 { store: 'pmsMaterialPurchaseOrderDeltas', key: 'CGF-2026-0001' }
[PMS_IDB_UNAVAILABLE] put 跳过,数据仅保留在内存 { store: 'pmsMaterialPurchaseOrderDeltas', key: 'CGF-2026-0007' }
✔ 面辅料需求种子就绪且可按物料行下推采购单 (2.629041ms)
✔ 快递信息导入校验采购单存在、单号唯一、日期与数量合法 (0.439125ms)
✔ 国内签收、加入头程、状态推进与到仓自动签收 (0.9765ms)
✔ 供应商确认单需标签齐备，确认后回写采购单 (0.7295ms)
✔ 整柜渠道必须完整配置四个箱型，物流商可启停 (0.291041ms)
✔ 面辅料采购单可带原因关闭，关闭后不能再登记到货 (0.196625ms)
✔ 库存监控触发线与建议量公式，规则异常阻断建单 (1.713208ms)
✔ 建单数量不得超过建议量，调拨与采购资格分别阻断 (0.1815ms)
✔ 中转看板指标、分布与筛选跳转规则 (0.250166ms)
✔ 生产单校验与配料任务只读数据完整，系统设置结果为 8/6/10 (0.082542ms)
✔ 种子采购单按 SRM 生成器规律补齐单据级与明细级字段 (1.681458ms)
✔ 新建做货采购单保存采购专员、加急、首单、区域与明细字段并可回显 (1.537ms)
✔ 未传新增字段时沿用默认值并保持既有命令兼容 (0.133125ms)
✔ 采购专员必填、做货必须选区域、重量非负均抛出中文 PmsDomainError (0.329666ms)
✔ 编辑采购单保存新增字段并回显，非法输入被阻断 (0.272166ms)
✔ BOM 状态与 bomMatched 一致，未发布 BOM 的做货明细为未匹配 (0.172208ms)
✔ 行采购金额使用 roundPmsQty 且汇总等于逐行金额之和 (0.11825ms)
✔ 采购建议按缺口公式与折扣计算，并计入有效 KOL 申请 (0.703959ms)
✔ KOL 草稿与已驳回不计入建议缺口 (0.086708ms)
✔ 建议转采购单后写回已转数量与部分生成状态 (1.247667ms)
✔ 面辅料需求按 BOM 用量与损耗扣减库存和采购中 (0.507583ms)
✔ 重复生成、草稿采购单与非做货采购单均被阻断 (0.105667ms)
✔ KOL 单条超量需要二次确认，超过申请量直接阻断 (0.291417ms)
✔ 驳回 KOL 需求后不再计入建议缺口 (0.114458ms)
✔ 关闭采购单必须填写原因且已关闭不可重复关闭 (0.159875ms)
[PMS_IDB_LOAD_FAILED] { message: '当前浏览器不支持 IndexedDB,PMS 业务数据无法持久化。' }
[PMS_IDB_SAVE_FAILED] 创建请款单 IDB 写入失败 {
  requestNo: 'PAY-M-2026-0006',
  message: '当前浏览器不支持 IndexedDB,PMS 业务数据无法持久化。',
  degraded: 'memory-only'
}
[PMS_IDB_SAVE_FAILED] 创建请款单 IDB 写入失败 {
  requestNo: 'PAY-L-2026-0004',
  message: '当前浏览器不支持 IndexedDB,PMS 业务数据无法持久化。',
  degraded: 'memory-only'
}
[PMS_IDB_SAVE_FAILED] 作废请款单 IDB 写入失败 {
  requestNo: 'PAY-L-2026-0004',
  message: '当前浏览器不支持 IndexedDB,PMS 业务数据无法持久化。',
  degraded: 'memory-only'
}
✔ 主体经营明细总成本、毛利与毛利率公式 (2.092541ms)
✔ 面辅料对账：预计/实际双层公式，费用项与差异双重门禁 (4.620125ms)
✔ 面辅料费用项部分确认、批量确认与编辑失效 (0.485458ms)
✔ 请款草稿跨页创建、请款与付款上限、编辑范围 (0.790333ms)
✔ 物流实际费用 12 列导入校验、不自动确认与确认后锁定 (0.410875ms)
✔ 请款单作废释放来源对账，已有付款不能作废 (0.294709ms)
✔ 供应商账单 9 列导入覆盖实际层且不自动确认 (0.259042ms)
✔ 金额大写按 RMB 规则输出并覆盖跨节零 (0.113084ms)
[PMS_IDB_UNAVAILABLE] put 跳过,数据仅保留在内存 { store: 'pmsMaterialPurchaseOrderDeltas', key: 'CGF-2026-0005' }
[PMS_IDB_LOAD_FAILED] { message: '当前浏览器不支持 IndexedDB,PMS 业务数据无法持久化。' }
[PMS_IDB_UNAVAILABLE] put 跳过,数据仅保留在内存 { store: 'pmsMaterialPurchaseOrderDeltas', key: 'CGF-2026-0005' }
[PMS_IDB_UNAVAILABLE] put 跳过,数据仅保留在内存 { store: 'pmsMaterialPurchaseOrderDeltas', key: 'CGF-2026-0005' }
[PMS_IDB_UNAVAILABLE] put 跳过,数据仅保留在内存 { store: 'pmsMaterialPurchaseOrderDeltas', key: 'CGF-2026-0005' }
[PMS_IDB_UNAVAILABLE] put 跳过,数据仅保留在内存 { store: 'pmsMaterialPurchaseOrderDeltas', key: 'CGF-2026-0005' }
[PMS_IDB_UNAVAILABLE] put 跳过,数据仅保留在内存 { store: 'pmsMaterialPurchaseOrderDeltas', key: 'CGF-2026-0005' }
✔ 生成卷号按前缀、每卷米数、重量与起始序号生成并写入包装明细 (2.568834ms)
✔ 生成卷号时尾卷承载剩余数量，卷数按采购数量与每卷米数自动取整 (0.497291ms)
✔ 非法卷号参数被拒绝并抛出中文域错误 (0.363375ms)
✔ 生成标签后二维码内容包含卷号与箱规，参与打印 (0.2905ms)
✔ 箱规新增自动计算体积，重复箱号与非法尺寸被拒，删除后计数正确 (0.275416ms)
✔ 包装明细可新增与删除，非法输入被拒且删除后计数正确 (0.250208ms)
✔ 被包装明细引用的箱规不能删除 (0.07775ms)
✔ 供应商枚举与 SRM 完全一致，旧枚举不再出现 (1.858708ms)
✔ 种子字段满足 SRM 枚举且协同指标为数字 (0.297917ms)
✔ 新增字段保存并回显，成功命令写入操作日志 (2.2785ms)
✔ 编辑保存新增字段并保持状态机与事件名不变 (0.400625ms)
✔ 非法或缺失输入抛 PmsDomainError 且不写入数据 (0.666417ms)
✔ 详情与列表展示新增字段、SRM 枚举与协同指标 (16.491959ms)
(node:48140) ExperimentalWarning: localStorage is not available because --localstorage-file was not provided.
(Use `node --trace-warnings ...` to show where the warning was created)
✔ CONTRACT-002: business allocation day is day 1 and every calendar day counts, including Sunday (0.586125ms)
✔ CONTRACT-002: the three contracts retain 4/8/9, 5/9/10 and 6/9/12 calendar-day milestones (0.32025ms)
✔ CONTRACT-002: invalid calendar dates and counting days still fail without creating deadlines (0.212917ms)
(node:48141) ExperimentalWarning: localStorage is not available because --localstorage-file was not provided.
(Use `node --trace-warnings ...` to show where the warning was created)
✔ 实际耗时跨周日仍按真实时间差；没有可靠时间不造耗时 (0.473041ms)
✔ 每任务都达成才结束；同一来源去重，作废明细不影响主表 (0.154291ms)
✔ 耗时页 Mock 至少覆盖九张生产单和全部节点，且下游事实不会越过未完成的前置节点 (500.095708ms)
✔ 裁片放行按一张放行单内的多次放行展示并选取节点起止时间 (49.394125ms)
(node:48142) ExperimentalWarning: localStorage is not available because --localstorage-file was not provided.
(Use `node --trace-warnings ...` to show where the warning was created)
✔ EXC-001—004: a reference mark cannot change debt, strict kits or final task responsibility (2.926333ms)
(node:48143) ExperimentalWarning: localStorage is not available because --localstorage-file was not provided.
(Use `node --trace-warnings ...` to show where the warning was created)
✔ 派单新增主档工厂可登记承接关系，未知工厂仍阻断 (1.714ms)
✔ 专属任务保留整单身份、数量和接收方，工艺分支保留全部前置关系 (0.90125ms)
✔ 原生产单车缝任务仍可被 PPIC 分配与责任移交识别，SKU 总量完整 (10.775458ms)
✔ PRINT-HISTORY-001: demo identities remain fixed and reject another factory or task (0.47225ms)
✔ PRINT-HISTORY-002: DYE-GOTO-GLOBAL historical slot 09 survives independent reloads without overwriting (2006.813375ms)
✔ PRINT-HISTORY-002: ID-FAC-001165 historical slot 09 survives independent reloads without overwriting (2040.867833ms)
(node:48146) ExperimentalWarning: localStorage is not available because --localstorage-file was not provided.
(Use `node --trace-warnings ...` to show where the warning was created)
✔ VERIFY-003: dispatch reads keep all documents and independent copies without projecting unrelated business views (197.600333ms)
✔ frozen printing images are losslessly stored once across orders, tasks and attachments (4.639083ms)
✔ missing or malformed image references fail rather than silently replacing frozen evidence (0.494875ms)
(node:48148) ExperimentalWarning: localStorage is not available because --localstorage-file was not provided.
(Use `node --trace-warnings ...` to show where the warning was created)
✔ PERF-002/004: scoped receiving reads preserve direct receipts and allocations, without exposing mutable facts (9.369292ms)
✔ PERF-002/004: a synchronous relation read matches independent reads and releases its scope after errors (582.894791ms)
✔ PERF-004: batched print list reviews and handovers equal independently read facts (250.711209ms)
✔ PERF-004: scoped handovers keep canonical sorting and task point reads preserve identity (11.245125ms)
✔ PERF-004: reusing warehouse documents preserves each dye order source, quantity and receiver (229.794792ms)
(node:48150) ExperimentalWarning: localStorage is not available because --localstorage-file was not provided.
(Use `node --trace-warnings ...` to show where the warning was created)
✔ craft source selection preserves all previous source choices and isolated snapshots (9.463ms)
✔ source eligibility is re-evaluated after a source order changes (0.116292ms)
(node:48151) ExperimentalWarning: localStorage is not available because --localstorage-file was not provided.
(Use `node --trace-warnings ...` to show where the warning was created)
✔ 生产单创建来源只覆盖旧匹配事实，不复活已取消或覆盖更新后的匹配 (0.396542ms)
✔ 提前来源随PO唯一保存，重复生成不会追加第二份事实；查询投影不反向写PO (0.303875ms)
✔ 失败和嵌套投影后创建stage标记恢复，不影响后续染印执行保存 (0.22475ms)
✔ 备份拒绝错误归属、重复、未知状态和缺少正式冻结来源的匹配 (0.151417ms)
(node:48152) ExperimentalWarning: localStorage is not available because --localstorage-file was not provided.
(Use `node --trace-warnings ...` to show where the warning was created)
✔ 验收数据至少包含 5 张染色和 5 张印花提前加工单，并覆盖全部匹配状态 (402.48975ms)
✔ 印花专业成果把多张图片和多个文件统一保存在同一附件集合 (0.13725ms)
✔ 同一生产需求可手动选择具体专业任务，创建结果保存所选任务与全部成果附件 (31.523709ms)
✔ 创建提前加工单必须选择所属专业任务并明确加工厂 (2.875334ms)
✔ 计划加工数量包含损耗率，且染色印花投入与产出 SKU 必须不同 (0.137083ms)
✔ 专业成果未审核通过时不可创建提前加工单 (0.106ms)
✔ 多个生产需求合并为一张生产单时，可匹配多张提前染色加工单 (34.070208ms)
✔ 等待技术包的提前单在技术包就绪后可由同一匹配服务自动重试 (14.228875ms)
✔ 合并生产单中只有部分需求有提前单时，只为未覆盖需求补建剩余数量 (71.732791ms)
✔ 已有提前单但正式 BOM 或 SKU 不一致时进入异常，且不重复补建同一工艺单 (45.816125ms)
✔ 取消后重建保留旧单，并建立双向替代关系 (5.730375ms)
✔ 没有提前加工单的需求仍保留正式加工单快照 (3.930875ms)
✔ 查生产入口只在合法系统路由显示，并在打印与 PDA 路由隐藏 (0.592292ms)
✔ 相似前缀和相似打印段不会被当成合法路由 (0.098625ms)
(node:48154) ExperimentalWarning: localStorage is not available because --localstorage-file was not provided.
(Use `node --trace-warnings ...` to show where the warning was created)
✔ 静态生产单更新任务状态时保留原冻结资料，不强造不存在的技术版本 (0.754166ms)
✔ 沿用静态资料的例外不能用于新单、篡改快照或错误技术版本 (0.558125ms)
(node:48156) ExperimentalWarning: localStorage is not available because --localstorage-file was not provided.
(Use `node --trace-warnings ...` to show where the warning was created)
✔ PERF-001: runtime snapshot and all nine subsets preserve every production order value and caller isolation (18.253458ms)
✔ PERF-001: a subset read does not traverse or clone unrelated snapshot sections (0.405959ms)
✔ PERF-001: paper pattern binding strips and nested craft arrays remain isolated after mutation (0.409042ms)
✔ PERF-001: replacing or updating the bound snapshot is visible immediately without a stale cache (0.285167ms)
✔ PERF-001: missing production order keeps null and empty-list contracts (0.150333ms)
✔ finished preparation and purchase keep their delay without claiming current work is on time (5.976ms)
✔ absence of applicable records and missing timing inputs are not healthy or not-yet-due (0.981667ms)
✔ inbound quantity and final time completeness produce distinct business results (0.287166ms)
✔ reached late milestone has zero only for that milestone, not the whole task (4.265208ms)
✔ creation and handover clocks explain their different unfinished endpoints (2.435625ms)
✔ all current scenes avoid ambiguous headline defaults and literal unknown numbers (12.78025ms)
✔ contract graph with missing allocation date or actual holdings cannot assert not-yet-due or achieved (1.288125ms)
✔ opening a follow-up modal only reads, and empty inputs never appear saved (7.542542ms)
✔ save waits for completion and readback, rejects double-click writes, and stores realtime feedback without a forecast (25.032833ms)
✔ failed save retains all inputs and retries the exact same operation ID (10.613333ms)
✔ commit followed by readback failure remains unconfirmed until a read proves the same record (7.333292ms)
✔ work must belong to the current production order and expected time must be valid (3.377042ms)
✔ read failure retains a draft and does not treat unavailable records as a normal empty history (2.104333ms)
✔ old logs are retained, but never assigned to a new production order by inference (1.368208ms)
✔ FLOW graph late: full lifecycle keeps allocation, execution and four post stages (4.056708ms)
✔ FLOW graph normal: full lifecycle keeps allocation, execution and four post stages (4.411291ms)
✔ FLOW graph complete: full lifecycle keeps allocation, execution and four post stages (1.376666ms)
✔ FLOW graph completeLate: full lifecycle keeps allocation, execution and four post stages (3.403333ms)
✔ FLOW graph completeUnknown: full lifecycle keeps allocation, execution and four post stages (1.212167ms)
✔ FLOW graph partial: full lifecycle keeps allocation, execution and four post stages (1.635ms)
✔ FLOW graph reordered: full lifecycle keeps allocation, execution and four post stages (4.787917ms)
✔ FLOW graph reachedLate: full lifecycle keeps allocation, execution and four post stages (3.751291ms)
✔ FLOW graph positioning: full lifecycle keeps allocation, execution and four post stages (0.588917ms)
✔ FLOW graph prepPending: full lifecycle keeps allocation, execution and four post stages (0.341916ms)
✔ FLOW graph sampleLate: full lifecycle keeps allocation, execution and four post stages (1.433458ms)
✔ FLOW graph samplePending: full lifecycle keeps allocation, execution and four post stages (1.426542ms)
✔ FLOW graph fullContract: full lifecycle keeps allocation, execution and four post stages (3.138875ms)
✔ FLOW graph materialBatches: full lifecycle keeps allocation, execution and four post stages (0.272875ms)
✔ FLOW graph materialPartial: full lifecycle keeps allocation, execution and four post stages (0.239583ms)
✔ FLOW graph live: full lifecycle keeps allocation, execution and four post stages (1.532167ms)
✔ FLOW graph unknown: full lifecycle keeps allocation, execution and four post stages (0.301875ms)
✔ FLOW graph unassigned: full lifecycle keeps allocation, execution and four post stages (1.409917ms)
✔ FLOW graph sameFactory: full lifecycle keeps allocation, execution and four post stages (3.129ms)
✔ FLOW graph handoverPartial: full lifecycle keeps allocation, execution and four post stages (0.369334ms)
✔ FLOW live: QC, processing, recheck quantities have distinct current positions while history remains (0.38625ms)
✔ FLOW full contract: scopes and execution documents stay distinct from cumulative contract milestones (0.084208ms)
✔ FLOW delivery: outgoing without warehouse receipt keeps waiting clock active (0.060959ms)
✔ FLOW one post work order shares projects, quantity and clock without per-project chains (0.429208ms)
✔ FLOW bypass records go from completed QC directly to delivery, without fabricated processing or recheck (0.216958ms)
✔ FLOW summary cards distinguish pending, unknown, historical and current states without invented SLA (1.792792ms)
✔ FLOW mixed QC, processing and recheck quantities are summarized as post handling rather than processing (1.325125ms)
✔ FLOW pending inspection and recheck are not started rather than unknown, consistently with rails (0.262625ms)
✔ FLOW pending document cards and summaries describe unstarted clocks rather than missing times (1.740541ms)
✔ FLOW document modal has one project block for its single processing order (0.483542ms)
✔ COPY developer round: unknown purchase keeps allocation and execution responsibilities unverified (0.111333ms)
✔ COPY developer round: mixed post history and active work both remain visible (0.08ms)
✔ COPY developer round: partial warehouse quantity is not a completed stage (1.466458ms)
✔ COPY developer round: process start and quantity appear once, QC uses its own business action (0.830291ms)
✔ FLOW-MOCK-001: all 20 scenarios retain source facts with documented COPY-211 cutting correction (19.91975ms)
✔ FLOW-MOCK-002: every early-stage scenario has an honest full-flow skeleton and unknown purchase has no invented work (0.498542ms)
✔ FLOW-MOCK-003: allocation and actual sewing are distinct and each of the three contract scopes has only its applicable steps (0.416458ms)
✔ FLOW-MOCK-004: batches partition original receipts within each task and each source receipt exactly once (0.303083ms)
✔ FLOW-MOCK-005: actual positions preserve warehouse, delivery, processing aggregate amounts and explicit unknown remainder (0.176959ms)
✔ FLOW-MOCK-006: current QC, processing, recheck, delivery and warehouse positions have distinct document facts (0.29975ms)
✔ FLOW-MOCK-007: batch event chronology is ordered and all recorded actual events precede the fixed viewing time (3.209667ms)
✔ FLOW-MOCK-008: completed orders keep complete post history and missing last inbound time is never fabricated (0.224209ms)
✔ FLOW-MOCK-009: factory-contracted packing is not assigned again in post, and the no-post-processing route is explicit (0.574708ms)
✔ FLOW-MOCK-010: every new document is task scoped, batch scoped when applicable, and has valid same-scene relationships (2.122833ms)
✔ FLOW-MOCK-011: independent sewing keeps all applicable post items inside one processing document and one overall clock (0.329541ms)
✔ FLOW-MOCK-012: each batch has at most one post-processing document with the prototype item, status, quantity and timing contract (1.487292ms)
✔ FLOW-MOCK-013: actual quality results generate only applicable processing, completion generates recheck, and no processing goes straight to warehouse delivery (0.192917ms)
✔ COPY-211: full contract scope does not duplicate in-house cutting or release (0.102125ms)
✔ every sewing and post-finishing document type opens its actual native module detail (81.083125ms)
✔ sewing task execution preserves the matching contract rather than entering the allocation workbench (2.516209ms)
✔ post-finishing QC and recheck retain their own task results, batches, and downstream documents (24.795375ms)
✔ post delivery shows actual outgoing and finished-goods receipt separately (8.655416ms)
✔ completed orders retain the recorded post-finishing document history (1.570709ms)
✔ unknown or wrongly routed full-flow documents do not produce invented detail pages (0.228292ms)
✔ recorded finished-goods receipt without its time stops the handover clock rather than creating current waiting (0.428875ms)
✔ clock completion matches its own final business event across work and handover (0.106875ms)
✔ native post document uses the same Chinese current-position label as the diagram (11.085125ms)
✔ explicitly pending work is not mislabeled as missing actual start time in native clocks (0.512834ms)
✔ native post work detail keeps one project set, one clock and classified quantities (0.272208ms)
✔ post recheck describes SKU quantity and barcode verification rather than a second quality inspection (0.303667ms)
✔ original post work documents preserve their recorded completed quantities without requiring new project fields (1.1655ms)
✔ delivery awaiting warehouse receipt is not described as an unfinished upstream prerequisite (0.306417ms)
✔ completed late work and unfinished overdue work remain different in management and the actual source detail (48.529292ms)
✔ a late reached contract is a ended node, and future unreached targets are not current debt (29.552209ms)
✔ missing allocation date or factory actual pickup keeps unknown distinct from an on-time contract (30.955167ms)
✔ source contract deadline uses allocation day as day 1 even when business date contains a clock time (27.735084ms)
✔ full warehouse quantities without last receipt time never imply an on-time result or enter the rate denominator (27.116958ms)
✔ purchase association unknown never asserts that production has not been created or begun (0.809709ms)
✔ sample timing is by actual handout date and remains separate from approval result (13.723459ms)
✔ completed whole-order elapsed time stops at final warehouse receipt; export names quantities and states precisely (25.606333ms)
✔ zero actual pickup is a known zero awaiting a contract denominator, not a missing value or automatic achievement (18.855625ms)
✔ missing execution evidence does not imply that material has not arrived or that work is confirmed overdue (3.389292ms)
✔ POST-FOLD late: post work is nested and the sewing label is unified (3.575583ms)
✔ POST-FOLD normal: post work is nested and the sewing label is unified (3.335125ms)
✔ POST-FOLD complete: post work is nested and the sewing label is unified (1.299083ms)
✔ POST-FOLD completeLate: post work is nested and the sewing label is unified (3.519834ms)
✔ POST-FOLD completeUnknown: post work is nested and the sewing label is unified (1.209667ms)
✔ POST-FOLD partial: post work is nested and the sewing label is unified (1.661875ms)
✔ POST-FOLD reordered: post work is nested and the sewing label is unified (3.129125ms)
✔ POST-FOLD reachedLate: post work is nested and the sewing label is unified (3.196583ms)
✔ POST-FOLD positioning: post work is nested and the sewing label is unified (0.878583ms)
✔ POST-FOLD prepPending: post work is nested and the sewing label is unified (0.636ms)
✔ POST-FOLD sampleLate: post work is nested and the sewing label is unified (2.762083ms)
✔ POST-FOLD samplePending: post work is nested and the sewing label is unified (2.277583ms)
✔ POST-FOLD fullContract: post work is nested and the sewing label is unified (3.852166ms)
✔ POST-FOLD materialBatches: post work is nested and the sewing label is unified (0.320041ms)
✔ POST-FOLD materialPartial: post work is nested and the sewing label is unified (0.258542ms)
✔ POST-FOLD live: post work is nested and the sewing label is unified (1.63775ms)
✔ POST-FOLD unknown: post work is nested and the sewing label is unified (0.328042ms)
✔ POST-FOLD unassigned: post work is nested and the sewing label is unified (1.2485ms)
✔ POST-FOLD sameFactory: post work is nested and the sewing label is unified (2.339459ms)
✔ POST-FOLD handoverPartial: post work is nested and the sewing label is unified (0.371583ms)
✔ POST-TIME: completed and active work show actual times and longest own clock without inventing an SLA (0.437833ms)
✔ POST-TIME: known document requirements distinguish unfinished late work from completed late history (0.18425ms)
✔ PAGE-001 / SCENE-17 / 20: 19 unique production orders plus one purchase awaiting association preserve the 19 accepted base scenes (1.193875ms)
✔ MASTER-001 / SCENE-07: reversing purchase order input retains earliest precise start and 28-day deadline (0.216333ms)
✔ MASTER-002: full warehouse completion at the exact deadline is timely; one minute later is late (0.148ms)
✔ SCENE-03—05: warehouse facts establish completion separately from final timestamp and stale upstream records (0.402667ms)
✔ SCENE-06 / 16 / 18: quantity positions conserve pieces while missing position and task ownership remain distinct (5.454583ms)
✔ CONTRACT-002 / SCENE-13: three return contracts use calendar days including Sunday and their actual held quantities (1.184333ms)
✔ SCENE-19: B factory total 40% cannot cover the independently overdue B01 task (1.008584ms)
✔ SCENE-02 / 08: timely returns and late reached milestone differ from a currently overdue unmet milestone (0.900833ms)
✔ SCENE-09 / 10: preparation is a parallel four/five-day stage with separately recorded production and handover (4.322791ms)
✔ SCENE-11 / 12: sample date is pickup plus three; failed or unsubmitted sample does not move the return deadline (1.732791ms)
✔ SCENE-14: stock 600 meters advances before the independent 900-meter purchase batch, with three work/handover records each (1.37275ms)
✔ SCENE-15: known 600-meter receipt is preserved while the 900-meter purchase remains unknown and currently late (0.533167ms)
✔ SCENE-20: partial factory handover retains 2400 sleeve pieces received and 600 disputed without closing the handover or converting to garments (0.883833ms)
✔ SCENE-01: completed preparation/material delays remain history while sleeve work has a current 600-piece gap (1.940958ms)
✔ PREP / CRAFT: auxiliary work is three days each; bulk dye/print/wash and handovers have no invented SLA (4.46025ms)
✔ SOURCE / UI: document IDs, related ownership, native routes and source summaries are coherent without read mutation (33.214084ms)
✔ SOURCE: there are no future actual events or reversed processing/handover times in the fixed demonstration (4.194916ms)
✔ SCENE late: expanded accepted diagram retains its business nodes and source documents (0.913333ms)
✔ SCENE normal: expanded accepted diagram retains its business nodes and source documents (1.21275ms)
✔ SCENE complete: expanded accepted diagram retains its business nodes and source documents (1.001292ms)
✔ SCENE completeLate: expanded accepted diagram retains its business nodes and source documents (1.440542ms)
✔ SCENE completeUnknown: expanded accepted diagram retains its business nodes and source documents (0.855ms)
✔ SCENE partial: expanded accepted diagram retains its business nodes and source documents (1.048042ms)
✔ SCENE reordered: expanded accepted diagram retains its business nodes and source documents (1.384833ms)
✔ SCENE reachedLate: expanded accepted diagram retains its business nodes and source documents (0.944584ms)
✔ SCENE positioning: expanded accepted diagram retains its business nodes and source documents (0.262625ms)
✔ SCENE prepPending: expanded accepted diagram retains its business nodes and source documents (2.271417ms)
✔ SCENE sampleLate: expanded accepted diagram retains its business nodes and source documents (2.953416ms)
✔ SCENE samplePending: expanded accepted diagram retains its business nodes and source documents (0.957667ms)
✔ SCENE fullContract: expanded accepted diagram retains its business nodes and source documents (1.052791ms)
✔ SCENE materialBatches: expanded accepted diagram retains its business nodes and source documents (0.532375ms)
✔ SCENE materialPartial: expanded accepted diagram retains its business nodes and source documents (0.386792ms)
✔ SCENE live: expanded accepted diagram retains its business nodes and source documents (0.951333ms)
✔ SCENE unknown: expanded accepted diagram retains its business nodes and source documents (0.100875ms)
✔ SCENE unassigned: expanded accepted diagram retains its business nodes and source documents (1.178166ms)
✔ SCENE sameFactory: expanded accepted diagram retains its business nodes and source documents (1.114ms)
✔ SCENE handoverPartial: expanded accepted diagram retains its business nodes and source documents (0.701625ms)
✔ PREP-005: supplemental scene retains disabled and change-ended documents without creating active clocks or blocking valid preparation (1.676292ms)
✔ timing documents resolve directly at their native route with the same shared static facts (411.826041ms)
✔ source detail does not resolve unrelated records or a registered record at a wrong module path (0.16425ms)
✔ a handover belongs to its original outgoing work rather than a linked next process (0.116333ms)
✔ contract details retain natural-day deadlines and late achievement history (0.396792ms)
✔ partially received material retains unknown purchase receipt instead of inventing zero or full stock (0.237875ms)
✔ production preparation details include parallel requirements and BOM quantities (0.537042ms)
✔ work remaining quantity follows known required and completed quantities in the same unit (1.4605ms)
✔ missing factory sample uses the recorded requirement date and keeps sample approval outside return milestones (0.328583ms)
✔ purchase-only scenario resolves to the existing merchandise purchase and pending-purchase backlink (0.238041ms)
✔ finished-goods detail distinguishes latest partial receipt from full completion time (0.744375ms)
✔ unknown timing standard is amber verification, never a red confirmed-overdue result (0.525625ms)
✔ MIGRATE-001: direct production/pending detail paths have their own active tab identity; discarded tasks/examples/team details are absent (1.320041ms)
✔ MIGRATE-001: stored DDS tabs prune discarded addresses, retain unrelated tabs and correct the live production title without touching input (1.009667ms)
(node:48168) ExperimentalWarning: localStorage is not available because --localstorage-file was not provided.
(Use `node --trace-warnings ...` to show where the warning was created)
✔ VERIFY-003: scoped reads preserve pending/voided sources and defensive copies (4.075708ms)
✔ VERIFY-003: metadata lookup reflects registry changes and returns independent locations (14.930417ms)
✔ 备份恢复不能借原票编号伪造另一种面料的交出回执 (1.65425ms)
(node:48170) ExperimentalWarning: localStorage is not available because --localstorage-file was not provided.
(Use `node --trace-warnings ...` to show where the warning was created)
✔ 换片票文案不显示内部路径，扫码身份和原票号保持 (1.68375ms)
✔ 打印结果选票行使用业务名称区分生产单、面料和颜色，保留原勾选身份 (0.281ms)
✔ 任务单使用可识别的物料编码，内部技术资料键不进入文字、图片标题和无障碍名称 (1.0215ms)
✔ 换片布固定演示：四个新增生产单覆盖部分打印、补打、交出备用及失效票 (0.914666ms)
✔ 部位票缓存感知已提交事件版本，重复读取同一版本不失效 (0.637833ms)
✔ 按名称排朴，空名拒绝，同名不同编码/颜色保留独立身份 (0.558125ms)
✔ 初始每面料一张，重复分配幂等；新增与补打不混淆 (0.627375ms)
✔ 改派未交票失效，已交历史不抹除，新范围递增序号 (0.4735ms)
✔ 部分出纸仅确认勾选票；重复确认不增加次数，内容变化拒绝 (0.12625ms)
✔ 整个批次多袋并集检查，非本次袋不可借用，顺序无关 (0.2795ms)
✔ 同任务同工厂历史可满足；不同任务或换厂必须另交 (0.157625ms)
✔ 三方自行裁剪排除，资料缺失与无需面料分开判断 (0.05825ms)
✔ 混装按类型和单位分项，换片布不能拆成非5 Yard (0.103208ms)
✔ 局域网 HTTP 的摘要与原生 SHA-256 相同，既有票号不变化 (13.809166ms)
(node:48176) ExperimentalWarning: localStorage is not available because --localstorage-file was not provided.
(Use `node --trace-warnings ...` to show where the warning was created)
✔ 混装打印保留裁片矩阵，捆条和换片布独立附页，不合并单位 (2.032667ms)
✔ 纯换片布袋可生成货物标识，不制造尺码和部位 (0.247ms)
✔ 混装标签拒绝换片布错误长度、作废票和混生产单 (0.627541ms)
✔ 旧业务存储不可读时仍用已提交的原装袋周期打印三类货物 (1.089459ms)
✔ 生产单按单记录；变更一单不重写其他单和任务 (1.30525ms)
✔ 运行任务独立保存覆盖、拆分、合并、改派及序号，往返保留身份 (0.649916ms)
✔ 有效分配索引、独立记录、审计及序号完整往返，拒绝重复身份和损坏格式 (0.765833ms)
✔ 拒绝空字符串，不吞掉损坏记录 (0.140583ms)
✔ 拒绝数组根，不吞掉损坏记录 (0.095541ms)
✔ 拒绝生产单数组实体，不吞掉损坏记录 (0.087792ms)
✔ 拒绝生产单空编号，不吞掉损坏记录 (0.081458ms)
✔ 拒绝生产单损坏快照，不吞掉损坏记录 (0.085375ms)
✔ 拒绝任务覆盖数组，不吞掉损坏记录 (0.111458ms)
✔ 拒绝任务覆盖身份，不吞掉损坏记录 (0.1595ms)
✔ 拒绝拆分来源身份，不吞掉损坏记录 (0.153ms)
✔ 拒绝拆分子项损坏，不吞掉损坏记录 (0.086875ms)
✔ 拒绝合并明细损坏，不吞掉损坏记录 (0.08625ms)
✔ 拒绝改派任务身份，不吞掉损坏记录 (0.079792ms)
✔ 拒绝不安全序号，不吞掉损坏记录 (0.063708ms)
✔ 拒绝重复Map键，不吞掉损坏记录 (0.074417ms)
✔ 拒绝current非数组，不吞掉损坏记录 (0.069791ms)
✔ 拒绝current孤儿，不吞掉损坏记录 (0.077708ms)
✔ 拒绝current跨任务，不吞掉损坏记录 (0.060833ms)
✔ 拒绝current重复引用，不吞掉损坏记录 (0.064ms)
✔ 拒绝审计孤儿，不吞掉损坏记录 (0.089083ms)
✔ 已保存实体损坏编号、缺少meta或重复meta不能伪造正常空源 (0.319ms)
✔ 未登记key及空白JSON拒绝；null明确代表没有覆盖 (0.113791ms)
✔ 备份校验拒绝未知来源集合、伪造迁移身份及丢失检查点实体 (1.155083ms)
✔ 四类静态运行任务的删除标记完整往返，拒绝混入业务字段或假删除 (0.265666ms)
✔ 分配副产物按实体保存；合同、样衣及PPIC责任保留独立序号 (0.855167ms)
✔ 拒绝缺失渲染必需快照的合同，防止迁移清源后才暴露损坏 (0.108959ms)
✔ 关联实体损坏拒绝 unknown:X (0.087875ms)
✔ 关联实体损坏拒绝 material-context:A (0.057917ms)
✔ 关联实体损坏拒绝 return-sequence:value (0.066875ms)
✔ 关联实体损坏拒绝 sla-current:T (0.051625ms)
✔ 生产创建匹配来源按生产单身份校验并完整恢复 (0.373792ms)
✔ 工厂结束事实只允许明确任务、操作人和时间 (4.402333ms)
✔ 既有招标定标记录保留真实来源编号并校验价格与操作人 (0.323125ms)
✔ 开工交出单头只包含首次零交出事实，拒绝伪造数量和身份 (0.3305ms)
(node:48178) ExperimentalWarning: localStorage is not available because --localstorage-file was not provided.
(Use `node --trace-warnings ...` to show where the warning was created)
✔ 同分配的同名 A/B 面料分别新增和打印；第二面料不被第一范围替代 (74.015958ms)
(node:48179) ExperimentalWarning: localStorage is not available because --localstorage-file was not provided.
(Use `node --trace-warnings ...` to show where the warning was created)
✔ 分配 SKU 的需料不同；多尺码共料去重，名称含朴排除 (2.510875ms)
✔ 完整但全是朴为空集合；缺颜色映射或空名称属于资料错误 (0.701083ms)
✔ 同名不同编码面料不混并；BOM 身份歧义阻断 (0.457916ms)
✔ 交出回执从快照保留三种明细，Yard 与米不进入裁片数量 (1.417625ms)
✔ 回执任务读取保持数组身份；只在事实变更后重新投影 (0.606791ms)
✔ 款式需料读取的配置查询只返回独立副本，不能污染下次来源读取 (1.64675ms)
✔ 来源读取失败时不能把不可用哨兵值当作稳定分配继续保存 (0.696458ms)
✔ 历史裁片实交保留原数量与归属，其他集合不混入 (0.542875ms)
✔ 历史缺原版本、交错明细、负数量或记录身份错误均阻断恢复 (0.263125ms)
✔ 面辅料单不可写入退役裁片历史，未完成迁移标记不可恢复 (0.09125ms)
✔ 并发调用复用同一个模块加载 Promise，成功后继续复用结果 (0.752458ms)
✔ 模块加载失败后清空缓存，下一次调用可以重试 (0.267959ms)
(node:48182) ExperimentalWarning: localStorage is not available because --localstorage-file was not provided.
(Use `node --trace-warnings ...` to show where the warning was created)
✔ CONTRACT-005: native legacy task fixture exposes the actual missing allocation date at PDA and progress board entries (1130.442583ms)
(node:48183) ExperimentalWarning: localStorage is not available because --localstorage-file was not provided.
(Use `node --trace-warnings ...` to show where the warning was created)
✔ CONTRACT-002: later factory acceptance retains its fact without postponing business allocation deadlines (0.759208ms)
✔ CONTRACT-002: missing business allocation time produces a visible verification gap instead of acceptance-based deadlines (0.1515ms)
✔ CONTRACT-002: historical acceptance-based snapshots remain intact but cannot establish current contract deadlines (0.24225ms)
✔ CONTRACT-002: shared PDA and progress board show missing allocation dates without claiming zero-receipt tasks are complete (0.452333ms)
✔ CONTRACT-002: confirmed dates still show the next contractual node and complete only after all 100 pieces are received (0.361166ms)
✔ CONTRACT-002: outsourcing tracking uses allocation dates for tender tasks and marks missing dates as unverified (34.147958ms)
(node:48185) ExperimentalWarning: localStorage is not available because --localstorage-file was not provided.
(Use `node --trace-warnings ...` to show where the warning was created)
✔ 刷新时静态样衣命令重建不重放到已移交的持久用户状态，构造失败恢复输入 (7.670542ms)
✔ 独立打印外壳只命中完整生产确认单打印路由 (0.523959ms)
✔ 既有固定打印路由仍使用独立打印外壳 (0.087084ms)
(node:48187) ExperimentalWarning: localStorage is not available because --localstorage-file was not provided.
(Use `node --trace-warnings ...` to show where the warning was created)
✔ TP-ID-002: FCS live hydration cannot change the static 26 identities or their numeric sequence (10.525875ms)
✔ TP-DATA-001: baseline has 20 actual complete formal versions and three plus three draft review states (2.403292ms)
✔ TP-ROUTE-001: all twenty formal routes have three resolvable dye→print→wash chains and five two-craft pieces (149.648333ms)
✔ TP-ID-001: ID is persisted independent of ordering and next identity uses the global maximum (1.11825ms)
✔ TP-LEGACY-001: exact old static copies project read-only, preserve source identities and preserve changed records or content (2.984458ms)
✔ TP-LEGACY-002: repository reads old demo without writes; new legacy-source creation is rejected (319.195125ms)
✔ TP-LEGACY-003: early release content upgrades after person maintenance but genuine technical edits remain intact (6.654625ms)
✔ TP-PAGE-001: route rendering preserves stored IDs and hides objects without additional processing (96.073834ms)
✔ TP-PERSON-001: valid maintenance retains published content, records a log, and rejects wrong-role candidates (301.515667ms)
✔ technical version working-copy reads do not write and failed staging preserves data (first visit) (336.004542ms)
✔ technical version working-copy reads do not write and failed staging preserves data (saved data) (374.060416ms)
[PMS_IDB_LOAD_FAILED] { message: '当前浏览器不支持 IndexedDB,PMS 业务数据无法持久化。' }
✔ 五类页面共享采购到交出的串联 Mock，重复初始化不重置执行事实 (235.799125ms)
✔ 补齐串联 Mock 时压缩历史大签名，避免浏览器存储接近上限导致页面路由失败 (221.826375ms)
✔ 三个中央工厂在组织目录与执行工厂中身份一致且仅出现一次 (0.396625ms)
✔ 花边角色与采购映射归属TMF但供应方仍保留独立身份 (0.064167ms)
✔ 橡筋定长切割仍归SPF，不成为TMF织带截断任务 (0.083917ms)
✔ 旧浏览器组织记录迁移后不与权威TMF并存且保留已有联系人 (3.160375ms)
(node:48192) ExperimentalWarning: localStorage is not available because --localstorage-file was not provided.
(Use `node --trace-warnings ...` to show where the warning was created)
✔ 连续织带实际650米交出→648+2实收→染色可用650，仓库和用料保持米制且无公斤换算 (10.842375ms)
✔ 连续长度口径不可用于纱线/码制，普通辅料仍要求实际称重 (1.842917ms)
✔ 原生连续辅料染色650→640：实际工厂实收及用料驱动加工，使用对象对应蓝色织带参考图 (456.285167ms)
✔ 织带与绳子参考档案接入实际物料库，保留图片来源和未确认尺寸，不替换橡筋 (141.194959ms)
✔ 同分钟新建不同幅宽织带和绳径主档不共用 SPU 身份，SKU 保持各自父档与主单位 (23.296458ms)
✔ TMF半成品SKU按SPU→潘通色号→颜色→花型生成，长度和端头不进入SKU (0.2955ms)
(node:48197) ExperimentalWarning: localStorage is not available because --localstorage-file was not provided.
(Use `node --trace-warnings ...` to show where the warning was created)
✔ TMF发布采用链：技术包发布门禁→审核发布→启用→生产单采用→生成织带加工需求 (1524.102209ms)
✔ TMF发布门禁：含织带截断工序但规格未补齐的采用版本不能发布 (440.983333ms)
✔ 正式生产路线只关联相邻同BOM同SKU的染色→印花，不生成数量或修改来源 (0.878625ms)
✔ 跨单/版本/工序/用途/SKU/单位、缺工厂与已有其他接收单都不能接续 (0.241458ms)
✔ 印花连续辅料仅接同版本同BOM的直接截断节点，不修改SKU和数量 (0.692459ms)
✔ 染色来源已绑定印花时拒绝直接截断，不读取不存在的顶层字段 (0.255583ms)
✔ TMF V1 原型范围、工厂身份和现场默认参数已冻结 (0.69275ms)
✔ TMF 风险动作默认要求主管与二次确认，采购行身份不可丢失 (0.065375ms)
[PMS_IDB_LOAD_FAILED] { message: '当前浏览器不支持 IndexedDB,PMS 业务数据无法持久化。' }
[PMS_IDB_UNAVAILABLE] put 跳过,数据仅保留在内存 { store: 'pmsMaterialPurchaseOrderDeltas', key: 'CGF-2026-0007' }
[PMS_IDB_UNAVAILABLE] put 跳过,数据仅保留在内存 { store: 'pmsMaterialPurchaseOrderDeltas', key: 'CGF-2026-0009' }
[PMS_IDB_UNAVAILABLE] put 跳过,数据仅保留在内存 { store: 'pmsMaterialPurchaseOrderDeltas', key: 'CGF-2026-0009' }
{"scenario":"N02","scope":"业务动作主链含纱线重量账；含端头辅材采购实收；不含PCS发布采用页面、纱线采购上游","purchaseReceived":1300,"productionReceived":1000,"warehouseContinuousM":30,"netCutM":1260,"lossM":10,"headUnit":"个","headReceived":2020,"headRemaining":15}
[PMS_IDB_UNAVAILABLE] put 跳过,数据仅保留在内存 { store: 'pmsMaterialPurchaseOrderDeltas', key: 'CGF-2026-0010' }
[PMS_IDB_UNAVAILABLE] put 跳过,数据仅保留在内存 { store: 'pmsMaterialPurchaseOrderDeltas', key: 'CGF-2026-0010' }
{"scenario":"N03","scope":"业务动作主链含纱线重量账；含端头辅材采购实收；不含PCS发布采用页面、纱线采购上游","purchaseReceived":60,"productionReceived":100,"warehouseContinuousM":9,"netCutM":50,"lossM":1,"headUnit":"个","headReceived":202,"headRemaining":1}
[PMS_IDB_UNAVAILABLE] put 跳过,数据仅保留在内存 { store: 'pmsMaterialPurchaseOrderDeltas', key: 'CGF-2026-0011' }
[PMS_IDB_UNAVAILABLE] put 跳过,数据仅保留在内存 { store: 'pmsMaterialPurchaseOrderDeltas', key: 'CGF-2026-0011' }
{"scenario":"N04","scope":"业务动作主链含纱线重量账；含端头辅材采购实收；不含PCS发布采用页面、纱线采购上游","purchaseReceived":100,"productionReceived":50,"warehouseContinuousM":34,"netCutM":65,"lossM":1,"headUnit":"kg","headReceived":0.2,"headRemaining":0.04}
[PMS_IDB_UNAVAILABLE] put 跳过,数据仅保留在内存 { store: 'pmsMaterialPurchaseOrderDeltas', key: 'CGF-2026-0012' }
[PMS_IDB_UNAVAILABLE] put 跳过,数据仅保留在内存 { store: 'pmsMaterialPurchaseOrderDeltas', key: 'CGF-2026-0012' }
{"scenario":"B06","scope":"规范数量动作链；塑料头从仓库实收事实开始，补购基础生产未虚构纱线配方；不代表全部页面验收","continuous":9,"productionReceived":1000,"scrapped":100,"scrappedMeters":120,"loss":11,"metalRemaining":15,"plasticRemaining":2}
{"scenario":"N05","mergedBatch":"FULL-N05-MERGED","purchaseReceivedM":120,"mergedIssuedM":102,"mergedProducedPieces":200,"productionReceivedByOrder":[100,100],"warehouseContinuousM":19,"lossM":1,"returnedM":1}
{"scenario":"B17","mergedBatch":"FULL-B17-MERGED","purchaseReceivedM":120,"mergedIssuedM":102,"mergedProducedPieces":200,"productionReceivedByOrder":[100,100],"warehouseContinuousM":19,"lossM":1,"returnedM":1}
{"scenario":"N01","rawReceivedKg":12,"consumedKg":10,"returnedKg":1,"factoryRemainingKg":1,"semiFinishedReceivedM":1000}
{"scenario":"N02","rawReceivedKg":12,"consumedKg":10,"returnedKg":1,"factoryRemainingKg":1,"semiFinishedReceivedM":1300}
{"scenario":"N03","rawReceivedKg":12,"consumedKg":10,"returnedKg":1,"factoryRemainingKg":1,"semiFinishedReceivedM":60}
{"scenario":"N04","rawReceivedKg":12,"consumedKg":10,"returnedKg":1,"factoryRemainingKg":1,"semiFinishedReceivedM":100}
{"scenario":"N05","rawReceivedKg":12,"consumedKg":10,"returnedKg":1,"factoryRemainingKg":1,"semiFinishedReceivedM":120}
{"scenario":"PRINTBACK-source-fixture","nativePrint":{"inputM":650,"outputM":630,"lossM":20,"outputImage":"MISSING_BLOCKED"},"sourceDispatched":630,"actualReceived":630,"cutMeters":620,"lossMeters":2,"returnedMeters":8,"baseLeftMeters":350,"scope":"原生印花650→630已独立重放；下游630米交出仍为专项夹具，不替代缺图正式交出或N01完整上游"}
{"scenario":"B09-downstream-recovery","basePhysicalM":350,"otherReservedM":350,"baseAvailableM":0,"processedReturnM":8,"productionPieces":[400,600],"scope":"含实际占用失败、释放、发料及印花回料后全链；原生印染20米损耗未执行，不是完整B09通过"}
{"scenario":"B05-cut-recovery","received":[400,600],"frozenPieces":10,"frozenLengthMm":500,"continuous":2.5,"cutLoss":2.5,"upstreamScope":"印花630米已交出为外部专项夹具，不冒充原生印染20米损耗或全N01"}
(node:48201) ExperimentalWarning: localStorage is not available because --localstorage-file was not provided.
(Use `node --trace-warnings ...` to show where the warning was created)
✔ N01～N05：通过现有 PMS 入口下达，每条采购链从零执行到仓库实收；交出不提前增加库存 (21.112333ms)
✔ 半成品加工没有原料实收和足量耗用时禁止产出，补齐同一原料链后才能填报 (6.68ms)
✔ MOCK-007：规范场景使用同一采购行、基础单和生产需求身份，不复制孤立页面 Mock (3.549542ms)
✔ MOCK-009：重置只重载隔离的运行态，不清除用户浏览器数据 (0.360333ms)
✔ B01/B03：短收保留在途和采购缺口；重复扫描、生成和刷新不双记 (0.790458ms)
✔ B02/B04：多收、错 SKU、错仓和无权限动作不改变任意下游数量；恢复后正常收齐 (1.433959ms)
✔ OVR-001～003：超产与超收须主管二次确认，计划不扩、幂等且下游一致 (3.53975ms)
✔ MASTER-001～003/005：采购与端头采购映射原型内建主档，缺失阻断且身份稳定 (4.2815ms)
✔ MASTER-004：映射前历史记录保留原快照与未映射标记，不批量改写 (0.27075ms)
✔ TERM-001～005：取消后终止处置台逐项决定，未处置不得结案且数量对账守恒 (8.847208ms)
✔ 终止连续余料：实物余量只扣一次报废，拒绝超量且剩余数量可继续处置 (11.149125ms)
✔ GAP-TERM-004：上游未收与生产在途分别确认去向，不可重复登记 (1.726875ms)
✔ DYE-001～003：染色直交织带厂按实际交出分配实收，追溯原染色单且不重复扣料 (438.120792ms)
✔ 采购追加：未开始同步计划，已执行保留原计划和实物并处理变更 (6.058625ms)
✔ B21：保存失败不报成功、不留部分库存；成功后刷新读取同一采购和收货事实 (1.361583ms)
✔ 采购→两种规格截断→拆包回仓→分配发料→生产实收：短收保留缺口，库存及采购不双记 (21.56275ms)
✔ B09：其他需求占用400米时不能再占650；释放50后恢复，错误发料不改变库存 (6.904417ms)
✔ 需求来源：同尺码不同成衣SKU分别保留，BOM适用范围生效，错误快照和重复工序阻断 (0.41525ms)
✔ 待打头条料不计合格产出；超公差实物记不良且照实扣下料当量，未实收不可截断 (32.216292ms)
✔ N04：采购100米→单端硅胶按kg实耗→回仓发料→生产实收50根，连续料剩34米 (27.855458ms)
✔ B15：截断后取消保留1000根在制和1260米当量，释放未发占用并只退连续余料 (23.686875ms)
✔ 已回仓部分发料后取消：释放未发分配，冻结实存，已发在途保留且实收不恢复需求 (19.471083ms)
✔ N02规范数值：采购→实际加工→生产实收及米料/辅材退仓整链 (74.664209ms)
✔ N03规范数值：采购→实际加工→生产实收及米料/辅材退仓整链 (61.055084ms)
✔ N04规范数值：采购→实际加工→生产实收及米料/辅材退仓整链 (62.87475ms)
✔ B06规范恢复：误装100根报废→补购100米并补做→生产实收1000根，三套实物账守恒 (133.119083ms)
✔ N05合并批：120米采购→102米合并投入→两生产单各实收100，B17独立副本拆100为40+60 (86.132083ms)
✔ B17合并批：120米采购→102米合并投入→两生产单各实收100，B17独立副本拆100为40+60 (103.205167ms)
✔ N01～N05基础原料重量账：源仓实收→发出→工厂实收→耗用/余料→原仓实收，与米制产出独立 (251.700917ms)
✔ 主生产单暂停/取消直接限制织带执行，已发实收保留且取消处置释放未发占用 (76.151875ms)
✔ 冷启动及旧标签页均读取已保存主单限制，损坏来源不默许执行 (0.38125ms)
✔ 印花交出按两种长度分配，原单分次实收唯一记账，随后截断/回仓/领料守恒 (404.522ms)
✔ 主单离页保存保留其他页取消及新增单，同单并发编辑和存储失败不覆盖 (3.075416ms)
✔ 技术包换版后旧规格冻结，已交出的仓库及生产在途可实收且不改旧长度 (68.017375ms)
✔ 未发料换版释放旧占用，新需求从备料至生产实收，旧预览和已执行重算阻断 (116.45325ms)
✔ 已加工换版：旧200条冻结并释放未发分配，新550/700mm需求实收1000条，旧预览失效且库存守恒 (166.391291ms)
✔ B05实际410/590错配：短条余量冻结，连续余料8米补10条700mm至两规格生产实收 (214.226ms)
✔ 加工计划时间独立保存：明确时区、并发版本阻断、实际节点不倒推开完工且库存不变 (29.5005ms)
✔ 加工单费用按技术包需求计价：单位、币种和版本可追溯，库存与实收不被费用动作改变 (21.687584ms)
✔ 织带加工单没有接单或开工门禁，投入实收后可直接加工填报 (53.528708ms)
✔ B23未执行采购1000减900：版本留痕、旧预览阻断、重新确认接受后900实际生产实收 (53.762166ms)
✔ B24实收1000退100：仓库交出与TMF分次实收独立，原收保留且净900后减量 (91.413708ms)
✔ 采购取消门禁：无执行事实可取消，已收货或已生产必须先处置不能直接结案 (49.451708ms)
[PMS_IDB_LOAD_FAILED] { message: '当前浏览器不支持 IndexedDB,PMS 业务数据无法持久化。' }
[PMS_IDB_UNAVAILABLE] put 跳过,数据仅保留在内存 { store: 'pmsMaterialPurchaseOrderDeltas', key: 'CGF-2026-0007' }
[PMS_IDB_LOAD_FAILED] { message: '当前浏览器不支持 IndexedDB,PMS 业务数据无法持久化。' }
[PMS_IDB_LOAD_FAILED] { message: '当前浏览器不支持 IndexedDB,PMS 业务数据无法持久化。' }
[PMS_IDB_LOAD_FAILED] { message: '当前浏览器不支持 IndexedDB,PMS 业务数据无法持久化。' }
[PMS_IDB_UNAVAILABLE] put 跳过,数据仅保留在内存 { store: 'pmsMaterialPurchaseOrderDeltas', key: 'CGF-2026-0007' }
[PMS_IDB_UNAVAILABLE] put 跳过,数据仅保留在内存 { store: 'pmsMaterialPurchaseOrderDeltas', key: 'CGF-2026-0007' }
[PMS_IDB_UNAVAILABLE] put 跳过,数据仅保留在内存 { store: 'pmsMaterialPurchaseOrderDeltas', key: 'CGF-2026-0007' }
[PMS_IDB_LOAD_FAILED] { message: '当前浏览器不支持 IndexedDB,PMS 业务数据无法持久化。' }
[PMS_IDB_LOAD_FAILED] { message: '当前浏览器不支持 IndexedDB,PMS 业务数据无法持久化。' }
[PMS_IDB_LOAD_FAILED] { message: '当前浏览器不支持 IndexedDB,PMS 业务数据无法持久化。' }
✔ PMS采购实际仓库实收与原料库存一次保存；分批、刷新、原料使用和退回均不重复履约 (148.002208ms)
✔ 历史手工到货及不支持的单位不能直接变成投入料可用库存 (0.979708ms)
✔ 首次实收前供应商确认与关闭可刷新恢复，保存失败和损坏存储不会覆盖状态 (1.439292ms)
✔ N01采用路线按染色→印花关联原单，多尺码不重复列工序，不修改印染数量 (1.149584ms)
✔ 旧版本、错误SKU、码制单位、取消或变更待处理均不作为有效关联 (0.232167ms)
✔ 同号不同生产单或BOM不得关联，重复来源不静默选择，混合快照阻断 (0.256084ms)
✔ 编辑器按尺码保留规格，截断打头不新建SKU，重复保存沿用节点身份 (1.53475ms)
✔ 无印染要求时 TMF 路线只生成截断节点，不凭空生成染色或印花节点 (0.107083ms)
✔ 前序印染产出SKU作为截断投入；保留独立橡筋工艺，移除打头后下游连接截断 (0.326125ms)
✔ 未明确打头、错误辅料BOM、无半成品和不合法前序不能生成可执行路线 (0.126542ms)
(node:48205) ExperimentalWarning: localStorage is not available because --localstorage-file was not provided.
(Use `node --trace-warnings ...` to show where the warning was created)
✔ N01：400 条 50CM 和 600 条 70CM 分行计算，共 620 米；未增加 SKU (1.271542ms)
✔ 缺少尺码数量、非整数条数、公差或测量条件时不猜测需求 (0.373667ms)
✔ B07：未选择打头、缺少端头方式或辅材不能确认；支持两端不同端头 (0.282709ms)
✔ N04/B08：硅胶按重量且必须有覆盖长度，不作为独立金属头计数 (0.100625ms)
✔ B18：打头只能承接对应截断条料，不能换 SKU、换长度或重新领连续料 (0.287208ms)
✔ N05：规格相同可以合并，但尺码、用途和需求身份不靠物理规格键代替 (0.095333ms)
✔ B14：修改后续版本端头要求不能污染生产单历史快照 (2.891542ms)
✔ 发布门禁：含织带截断工序的技术包必须规格完整且规格仍关联当前 BOM (0.164625ms)
(node:48206) ExperimentalWarning: localStorage is not available because --localstorage-file was not provided.
(Use `node --trace-warnings ...` to show where the warning was created)
✔ 已提交新周期可由真实袋档案进入历史，错误袋和未知周期仍拒绝 (1.061084ms)
(node:48207) ExperimentalWarning: localStorage is not available because --localstorage-file was not provided.
(Use `node --trace-warnings ...` to show where the warning was created)
✔ REPLACEMENT_FABRIC 已绑定有效同生产单任务保留归属，不按部位裁片SKU消除 (18.438625ms)
✔ REPLACEMENT_FABRIC 未绑定票不猜任务，可由用户明确同批加入 (5.883375ms)
✔ REPLACEMENT_FABRIC old-factory 旧绑定不可作为当前任务沿用 (5.920791ms)
✔ REPLACEMENT_FABRIC other-order 旧绑定不可作为当前任务沿用 (5.898667ms)
✔ BINDING_STRIP 已绑定有效同生产单任务保留归属，不按部位裁片SKU消除 (5.88175ms)
✔ BINDING_STRIP 未绑定票不猜任务，可由用户明确同批加入 (5.457541ms)
✔ BINDING_STRIP old-factory 旧绑定不可作为当前任务沿用 (5.808542ms)
✔ BINDING_STRIP other-order 旧绑定不可作为当前任务沿用 (5.43ms)
ℹ tests 721
ℹ suites 0
ℹ pass 721
ℹ fail 0
ℹ cancelled 0
ℹ skipped 0
ℹ todo 0
ℹ duration_ms 15599.225209
vite v6.4.3 building for production...
transforming...
✓ 2736 modules transformed.
Circular chunk: pcs-tech-pack-review -> pcs-tech-pack-bootstrap -> pcs-tech-pack-review. Consider disabling the "output.onlyExplicitManualChunks" option, as enabling it causes the static dependencies of the manual chunk "pcs-tech-pack-bootstrap" to be bundled into the chunk "pcs-tech-pack-review".
rendering chunks...
[plugin vite:reporter] 
(!) /Users/laoer/.codex/worktrees/9ec5/higoods/src/data/fcs/cut-piece-release.ts is dynamically imported by /Users/laoer/.codex/worktrees/9ec5/higoods/src/data/fcs/cutting/cut-piece-ticket-validity.ts, /Users/laoer/.codex/worktrees/9ec5/higoods/src/data/fcs/cutting/cut-piece-ticket-validity.ts, /Users/laoer/.codex/worktrees/9ec5/higoods/src/data/fcs/cutting/cutting-event-repository.ts, /Users/laoer/.codex/worktrees/9ec5/higoods/src/data/fcs/cutting/cutting-event-repository.ts, /Users/laoer/.codex/worktrees/9ec5/higoods/src/data/fcs/production-context-actions.ts but also statically imported by /Users/laoer/.codex/worktrees/9ec5/higoods/src/data/fcs/runtime-process-tasks.ts, /Users/laoer/.codex/worktrees/9ec5/higoods/src/data/fcs/sewing-assignment-readiness.ts, /Users/laoer/.codex/worktrees/9ec5/higoods/src/data/fcs/sewing-production-order-duration.ts, /Users/laoer/.codex/worktrees/9ec5/higoods/src/pages/fcs/material-prep/sewing.ts, /Users/laoer/.codex/worktrees/9ec5/higoods/src/pages/process-factory/cutting/cut-order-release-integration.ts, /Users/laoer/.codex/worktrees/9ec5/higoods/src/pages/process-factory/cutting/cut-piece-release.ts, /Users/laoer/.codex/worktrees/9ec5/higoods/src/pages/process-factory/cutting/cutting-daily-production-report-model.ts, /Users/laoer/.codex/worktrees/9ec5/higoods/src/pages/process-factory/cutting/supplement-management.ts, /Users/laoer/.codex/worktrees/9ec5/higoods/src/pages/sewing-outsourcing/tasks.ts, /Users/laoer/.codex/worktrees/9ec5/higoods/src/pages/unified-dispatch-workbench.ts, dynamic import will not move module into another chunk.

[plugin vite:reporter] 
(!) /Users/laoer/.codex/worktrees/9ec5/higoods/src/components/production-object-floating-entry.ts is dynamically imported by /Users/laoer/.codex/worktrees/9ec5/higoods/src/main.ts but also statically imported by /Users/laoer/.codex/worktrees/9ec5/higoods/src/components/shell.ts, dynamic import will not move module into another chunk.

[plugin vite:reporter] 
(!) /Users/laoer/.codex/worktrees/9ec5/higoods/src/data/fcs/printing-task-domain.ts is dynamically imported by /Users/laoer/.codex/worktrees/9ec5/higoods/src/data/fcs/dyeing-task-domain.ts, /Users/laoer/.codex/worktrees/9ec5/higoods/src/data/fcs/tmf-upstream-process-orders.ts, /Users/laoer/.codex/worktrees/9ec5/higoods/src/data/pms/tmf-material-purchases.ts, /Users/laoer/.codex/worktrees/9ec5/higoods/src/pages/process-factory/accessory/webbing/work-order-detail.ts, /Users/laoer/.codex/worktrees/9ec5/higoods/src/pages/process-factory/accessory/webbing/work-order-detail.ts but also statically imported by /Users/laoer/.codex/worktrees/9ec5/higoods/src/data/fcs/cutting/material-prep.ts, /Users/laoer/.codex/worktrees/9ec5/higoods/src/data/fcs/cutting/supplement-node-facts.ts, /Users/laoer/.codex/worktrees/9ec5/higoods/src/data/fcs/design-revision-material-transfer.ts, /Users/laoer/.codex/worktrees/9ec5/higoods/src/data/fcs/design-revision-process-work-order-adapter.ts, /Users/laoer/.codex/worktrees/9ec5/higoods/src/data/fcs/factory-receiving-links.ts, /Users/laoer/.codex/worktrees/9ec5/higoods/src/data/fcs/factory-receiving-source-sync.ts, /Users/laoer/.codex/worktrees/9ec5/higoods/src/data/fcs/mobile-execution-task-index.ts, /Users/laoer/.codex/worktrees/9ec5/higoods/src/data/fcs/pda-start-link.ts, /Users/laoer/.codex/worktrees/9ec5/higoods/src/data/fcs/printing-factory-demos.ts, /Users/laoer/.codex/worktrees/9ec5/higoods/src/data/fcs/printing-material-receipts.ts, /Users/laoer/.codex/worktrees/9ec5/higoods/src/data/fcs/printing-statistics.ts, /Users/laoer/.codex/worktrees/9ec5/higoods/src/data/fcs/printing-warehouse-view.ts, /Users/laoer/.codex/worktrees/9ec5/higoods/src/data/fcs/printing-work-order-business.ts, /Users/laoer/.codex/worktrees/9ec5/higoods/src/data/fcs/process-action-writeback-service.ts, /Users/laoer/.codex/worktrees/9ec5/higoods/src/data/fcs/process-execution-writeback.ts, /Users/laoer/.codex/worktrees/9ec5/higoods/src/data/fcs/process-mobile-task-binding.ts, /Users/laoer/.codex/worktrees/9ec5/higoods/src/data/fcs/process-warehouse-linkage-service.ts, /Users/laoer/.codex/worktrees/9ec5/higoods/src/data/fcs/process-web-status-actions.ts, /Users/laoer/.codex/worktrees/9ec5/higoods/src/data/fcs/process-work-order-domain.ts, /Users/laoer/.codex/worktrees/9ec5/higoods/src/data/fcs/process-work-order-generation-service.ts, /Users/laoer/.codex/worktrees/9ec5/higoods/src/data/fcs/production-demand-early-process-work-orders.ts, /Users/laoer/.codex/worktrees/9ec5/higoods/src/data/fcs/production-object-overview.ts, /Users/laoer/.codex/worktrees/9ec5/higoods/src/data/fcs/production-process-work-order-service.ts, /Users/laoer/.codex/worktrees/9ec5/higoods/src/data/fcs/production-task-breakdown.ts, /Users/laoer/.codex/worktrees/9ec5/higoods/src/data/fcs/task-print-cards.ts, /Users/laoer/.codex/worktrees/9ec5/higoods/src/pages/pcs-independent-sampling.ts, /Users/laoer/.codex/worktrees/9ec5/higoods/src/pages/pda-exec-detail.ts, /Users/laoer/.codex/worktrees/9ec5/higoods/src/pages/pda-exec.ts, /Users/laoer/.codex/worktrees/9ec5/higoods/src/pages/pda-task-receive.ts, /Users/laoer/.codex/worktrees/9ec5/higoods/src/pages/print/templates/printing-work-order-template.ts, /Users/laoer/.codex/worktrees/9ec5/higoods/src/pages/process-factory/cutting/production-order-overview-projection.ts, /Users/laoer/.codex/worktrees/9ec5/higoods/src/pages/process-factory/dyeing/pending-receipts.ts, /Users/laoer/.codex/worktrees/9ec5/higoods/src/pages/process-factory/printing/dashboards.ts, /Users/laoer/.codex/worktrees/9ec5/higoods/src/pages/process-factory/printing/dialogs.ts, /Users/laoer/.codex/worktrees/9ec5/higoods/src/pages/process-factory/printing/dispatch.ts, /Users/laoer/.codex/worktrees/9ec5/higoods/src/pages/process-factory/printing/events.ts, /Users/laoer/.codex/worktrees/9ec5/higoods/src/pages/process-factory/printing/presentation.ts, /Users/laoer/.codex/worktrees/9ec5/higoods/src/pages/process-factory/printing/shared.ts, /Users/laoer/.codex/worktrees/9ec5/higoods/src/pages/process-factory/printing/statistics.ts, /Users/laoer/.codex/worktrees/9ec5/higoods/src/pages/process-factory/printing/work-order-detail.ts, /Users/laoer/.codex/worktrees/9ec5/higoods/src/pages/process-print-orders.ts, /Users/laoer/.codex/worktrees/9ec5/higoods/src/pages/process-work-orders/early-process-management.ts, /Users/laoer/.codex/worktrees/9ec5/higoods/src/pages/production/demand-domain.ts, /Users/laoer/.codex/worktrees/9ec5/higoods/src/runtime/fcs/cutting/pickup-management-runtime.ts, dynamic import will not move module into another chunk.

computing gzip size...
dist/index.html                                                          12.61 kB │ gzip:   3.08 kB
dist/assets/pcs-pattern-parse.worker-B3_rAVMB.js                         18.52 kB
dist/assets/pcs-record-baseline-BWpImHil.json                         4,125.30 kB │ gzip: 226.59 kB
dist/assets/order-pages-BLg6Ma6N.css                                     85.42 kB │ gzip:  15.73 kB
dist/assets/index-DIT6Kke5.css                                          155.27 kB │ gzip:  25.49 kB
dist/assets/domain-snapshot-CYCbhOeE.js                                   0.34 kB │ gzip:   0.26 kB
dist/assets/sample-warehouse-projection-D83UM56V.js                       0.39 kB │ gzip:   0.25 kB
dist/assets/pcs-engineering-bom-snapshot-source-DlXUWD87.js               0.41 kB │ gzip:   0.30 kB
dist/assets/real-qr-placeholder-CKA4YXlP.js                               0.52 kB │ gzip:   0.35 kB
dist/assets/pcs-record-bootstrap-CSh83dDK.js                              0.56 kB │ gzip:   0.45 kB
dist/assets/dialogs-DlFGRGEV.js                                           0.59 kB │ gzip:   0.31 kB
dist/assets/design-revision-pcs-command-BegoI6hz.js                       0.68 kB │ gzip:   0.38 kB
dist/assets/pcs-storage-error-D2ucxlT-.js                                 0.71 kB │ gzip:   0.52 kB
dist/assets/badge-DbUQOZoe.js                                             0.78 kB │ gzip:   0.42 kB
dist/assets/images-Q79qfJD0.js                                            0.80 kB │ gzip:   0.35 kB
dist/assets/pms-export-CRZxW7LK.js                                        0.83 kB │ gzip:   0.50 kB
dist/assets/placeholder-Db96AsYD.js                                       0.85 kB │ gzip:   0.47 kB
dist/assets/pda-cutting-save-Bl4b4p5l.js                                  0.89 kB │ gzip:   0.60 kB
dist/assets/trace-CABPJH4F.js                                             0.89 kB │ gzip:   0.51 kB
dist/assets/execution-prep-projection-helpers-Y1gxgYGC.js                 0.94 kB │ gzip:   0.46 kB
dist/assets/history-Dp5kYeoj.js                                           0.94 kB │ gzip:   0.61 kB
dist/assets/payment-sync-CQ3pZCxD.js                                      0.97 kB │ gzip:   0.62 kB
dist/assets/tmf-reference-images-6geKcU1B.js                              0.98 kB │ gzip:   0.50 kB
dist/assets/print-service-CyrwQfQw.js                                     1.04 kB │ gzip:   0.52 kB
dist/assets/pda-sewing-self-return-mode-CVT5AEl1.js                       1.07 kB │ gzip:   0.54 kB
dist/assets/process-work-order-generation-service-ogiHfsqF.js             1.07 kB │ gzip:   0.65 kB
dist/assets/detail.adapter-C8NNqPP0.js                                    1.08 kB │ gzip:   0.68 kB
dist/assets/material-purchase-references-Chyd4819.js                      1.10 kB │ gzip:   0.58 kB
dist/assets/routes-los-DcCk4iZ4.js                                        1.14 kB │ gzip:   0.54 kB
dist/assets/dyeing-material-receipts-BrVSFs0D.js                          1.14 kB │ gzip:   0.75 kB
dist/assets/pda-runtime-D92f6BbG.js                                       1.21 kB │ gzip:   0.66 kB
dist/assets/tech-pack-BJMq5Ppc.js                                         1.28 kB │ gzip:   0.58 kB
dist/assets/overview-Czl6MUpI.js                                          1.29 kB │ gzip:   0.71 kB
dist/assets/process-work-order-source-view-DVyw_vSI.js                    1.30 kB │ gzip:   0.58 kB
dist/assets/transfer-bag-handover-mock-BuzYINzH.js                        1.31 kB │ gzip:   0.71 kB
dist/assets/pcs-tech-pack-review-notification-repository-K6Texf0e.js      1.34 kB │ gzip:   0.59 kB
dist/assets/replacement-fabric-scan-BBc3n38-.js                           1.34 kB │ gzip:   0.82 kB
dist/assets/work-order-action-policy-B_htTkaE.js                          1.34 kB │ gzip:   0.68 kB
dist/assets/real-qr-CPyuFUed.js                                           1.39 kB │ gzip:   0.80 kB
dist/assets/filter-bar-Ba0risiZ.js                                        1.49 kB │ gzip:   0.81 kB
dist/assets/factory-types-DbcizYGx.js                                     1.52 kB │ gzip:   0.65 kB
dist/assets/material-identity-xTXrZ7OI.js                                 1.54 kB │ gzip:   0.84 kB
dist/assets/supplement-material-prep-demand-registry-DI-N3DvB.js          1.56 kB │ gzip:   0.75 kB
dist/assets/task-handover-domain-CBRJE5U9.js                              1.57 kB │ gzip:   0.76 kB
dist/assets/pda-cutting-wait-handover-actions-CIKEg-pP.js                 1.58 kB │ gzip:   0.62 kB
dist/assets/warehouse-shared-DiZpv1z5.js                                  1.58 kB │ gzip:   0.51 kB
dist/assets/pcs-material-handoff-vAjIfv5D.js                              1.65 kB │ gzip:   0.80 kB
dist/assets/task-chain-pages-adapter-DMxiKqXl.js                          1.71 kB │ gzip:   0.84 kB
dist/assets/pcs-tech-pack-version-log-repository-BaYz2EQw.js              1.73 kB │ gzip:   0.79 kB
dist/assets/real-barcode-BHpCtURR.js                                      1.81 kB │ gzip:   0.96 kB
dist/assets/tmf-upstream-receiving-CZMpHOkf.js                            1.82 kB │ gzip:   1.14 kB
dist/assets/fei-tickets-storage-7KaIHPKx.js                               1.85 kB │ gzip:   0.58 kB
dist/assets/list-export-BqN0aN9Q.js                                       1.86 kB │ gzip:   1.09 kB
dist/assets/toast-BXUvgm0t.js                                             1.87 kB │ gzip:   0.90 kB
dist/assets/wool-pda-scan-CqrRjHcb.js                                     1.88 kB │ gzip:   1.03 kB
dist/assets/mixed-transfer-bag-ticket-DETTPWFm.js                         1.89 kB │ gzip:   0.79 kB
dist/assets/kol-goto-fixed-total-ledger-DGdNlHiP.js                       1.93 kB │ gzip:   0.93 kB
dist/assets/table-DkUvzy2A.js                                             2.04 kB │ gzip:   1.02 kB
dist/assets/pcs-action-dialog-BDH5t3S9.js                                 2.09 kB │ gzip:   1.07 kB
dist/assets/binding-process-pda-scan-Coy3a-hY.js                          2.18 kB │ gzip:   1.13 kB
dist/assets/special-craft-pda-scope-D_q6fjaI.js                           2.24 kB │ gzip:   1.02 kB
dist/assets/cutting-record-identity-CtTd0WGy.js                           2.26 kB │ gzip:   1.23 kB
dist/assets/cutting-file-maintenance-DcTZWOXE.js                          2.33 kB │ gzip:   1.23 kB
dist/assets/helpers-BFKa6pUf.js                                           2.42 kB │ gzip:   1.21 kB
dist/assets/production-order-tech-pack-runtime-BgvQfFjX.js                2.44 kB │ gzip:   0.94 kB
dist/assets/mixed-bag-contents-DaH5Ki1C.js                                2.52 kB │ gzip:   1.35 kB
dist/assets/tmf-work-order-view-BLKRnEGj.js                               2.56 kB │ gzip:   1.18 kB
dist/assets/production-context-recovery-DFtj471J.js                       2.56 kB │ gzip:   1.30 kB
dist/assets/factory-capacity-profile-mock-Dv5YtZGT.js                     2.64 kB │ gzip:   1.15 kB
dist/assets/pms-excel-import-DnMCWv6B.js                                  2.66 kB │ gzip:   1.32 kB
dist/assets/shared-mroQS0Hu.js                                            2.70 kB │ gzip:   1.02 kB
dist/assets/process-order-list-presentation-uk1TIisc.js                   2.71 kB │ gzip:   1.26 kB
dist/assets/post-finishing-spu-technical-parameters-Cwsfcdq8.js           2.79 kB │ gzip:   1.28 kB
dist/assets/marker-plan-projection-DiAixEGy.js                            2.82 kB │ gzip:   1.22 kB
dist/assets/process-order-task-relations-Jor1tjee.js                      2.97 kB │ gzip:   1.29 kB
dist/assets/product-skus-CEt6Fukj.js                                      3.03 kB │ gzip:   0.96 kB
dist/assets/production-order-identity-C29wNO0u.js                         3.04 kB │ gzip:   1.26 kB
dist/assets/tabs--aCvt7MO.js                                              3.09 kB │ gzip:   0.93 kB
dist/assets/dialogs-BiwAi904.js                                           3.12 kB │ gzip:   1.28 kB
dist/assets/pda-cutting-runtime-action-inputs-VKLOnIrH.js                 3.13 kB │ gzip:   1.08 kB
dist/assets/trade-subjects-B1U82DIE.js                                    3.16 kB │ gzip:   1.12 kB
dist/assets/cutting-mainline-4MYMiKe3.js                                  3.41 kB │ gzip:   1.53 kB
dist/assets/authorization-code-3Isn5D7F.js                                3.58 kB │ gzip:   1.71 kB
dist/assets/work-order-detail-DEm1CYvQ.js                                 3.61 kB │ gzip:   1.52 kB
dist/assets/binding-process-warehouse-linkage-service-C7oGcr6G.js         3.62 kB │ gzip:   1.38 kB
dist/assets/fcs-route-links-CdIu8Xoq.js                                   3.67 kB │ gzip:   1.20 kB
dist/assets/printing-sheet-preview-QLAOto-3.js                            3.69 kB │ gzip:   1.75 kB
dist/assets/shared-DNVgeAvY.js                                            3.72 kB │ gzip:   1.69 kB
dist/assets/confirmation-print-3Hi6iLDN.js                                3.73 kB │ gzip:   1.58 kB
dist/assets/quality-chain-adapter-DXoecFGl.js                             3.73 kB │ gzip:   1.66 kB
dist/assets/shared-YsvmusXP.js                                            3.87 kB │ gzip:   1.62 kB
dist/assets/task-route-card-DloIyqqV.js                                   3.99 kB │ gzip:   1.73 kB
dist/assets/sewing-outsourcing-demo-DpFzspX4.js                           4.05 kB │ gzip:   1.63 kB
dist/assets/task-delivery-card-BBE7y0b_.js                                4.05 kB │ gzip:   1.81 kB
dist/assets/tipping-form-D77jeqD5.js                                      4.07 kB │ gzip:   2.02 kB
dist/assets/pcs-product-reference-check-D4UTuEgV.js                       4.07 kB │ gzip:   1.69 kB
dist/assets/transfer-bag-repack-mock-DsgjMOeR.js                          4.09 kB │ gzip:   1.89 kB
dist/assets/production-contract-print-BCGVl2tD.js                         4.11 kB │ gzip:   2.09 kB
dist/assets/transit-simple-lists-Dwvsr7bU.js                              4.17 kB │ gzip:   1.47 kB
dist/assets/pda-cutting-simple-cut-piece-handover-Cc8xh0yu.js             4.29 kB │ gzip:   1.94 kB
dist/assets/supplement-order-registry-CHnc7juB.js                         4.49 kB │ gzip:   1.76 kB
dist/assets/tmf-process-print-preview-CxdoDH0u.js                         4.59 kB │ gzip:   2.16 kB
dist/assets/form-DxtyRl7u.js                                              4.74 kB │ gzip:   1.40 kB
dist/assets/layout.helpers-B2KW1-EU.js                                    4.76 kB │ gzip:   1.73 kB
dist/assets/runtime-task-tenders-YGz6fHpq.js                              4.76 kB │ gzip:   1.94 kB
dist/assets/preparation-material-receipt-sources-CCOE2ZkF.js              4.76 kB │ gzip:   1.99 kB
dist/assets/relations-8gSWBDBW.js                                         4.80 kB │ gzip:   2.19 kB
dist/assets/generated-cut-release-C_eTc68W.js                             4.81 kB │ gzip:   2.21 kB
dist/assets/sewing-outsourcing-responsibility-CrJkY4UU.js                 4.82 kB │ gzip:   2.10 kB
dist/assets/transit-dashboard-CBdnnVHU.js                                 4.85 kB │ gzip:   2.04 kB
dist/assets/result-list-BtCi0EFz.js                                       4.94 kB │ gzip:   2.06 kB
dist/assets/store-domain-dispatch-process-80p1RN6_.js                     5.00 kB │ gzip:   1.94 kB
dist/assets/progress-board-DNxtcpZX.js                                    5.01 kB │ gzip:   2.22 kB
dist/assets/process-order-list-controller-DWOX3rcd.js                     5.09 kB │ gzip:   1.90 kB
dist/assets/cutting-event-migration-Ca6gR7TY.js                           5.18 kB │ gzip:   2.07 kB
dist/assets/material-requirements-CoWk9wNn.js                             5.27 kB │ gzip:   2.24 kB
dist/assets/tmf-upstream-process-orders-CbrCffmU.js                       5.28 kB │ gzip:   2.45 kB
dist/assets/process-work-order-quality-settlement-Bo4OLX5G.js             5.33 kB │ gzip:   2.20 kB
dist/assets/replacement-fabric-fei-tickets-DtBUNgLC.js                    5.63 kB │ gzip:   2.48 kB
dist/assets/tmf-process-continuation-B3hoPFRr.js                          5.66 kB │ gzip:   1.62 kB
dist/assets/dispatch-task-sheet-DjzUUI4Z.js                               5.72 kB │ gzip:   2.71 kB
dist/assets/pcs-product-information-DbgK8Rl8.js                           5.79 kB │ gzip:   2.64 kB
dist/assets/dashboards-BSMDkBNm.js                                        5.79 kB │ gzip:   2.75 kB
dist/assets/process-order-three-axis-view-DxGYg_iR.js                     5.85 kB │ gzip:   2.36 kB
dist/assets/wls-page-handlers-BJvSAc3j.js                                 5.86 kB │ gzip:   2.10 kB
dist/assets/retired-cut-piece-pickup-history-jmRzuIYd.js                  5.87 kB │ gzip:   2.36 kB
dist/assets/replacement-fabric-label-template-BfpUDXVK.js                 5.89 kB │ gzip:   2.61 kB
dist/assets/pda-cutting-nav-context-CnbvOkAL.js                           5.95 kB │ gzip:   1.41 kB
dist/assets/los-live-room-master-vOVd142m.js                              5.97 kB │ gzip:   2.66 kB
dist/assets/transfer-bags-projection-Bzrv0s9R.js                          6.05 kB │ gzip:   2.38 kB
dist/assets/replacement-fabric-preview-BwiXuSnd.js                        6.05 kB │ gzip:   2.86 kB
dist/assets/fcs-pda-pickup-dispute-D3_o2cCt.js                            6.18 kB │ gzip:   2.18 kB
dist/assets/pda-wool-warehouse-flows-CIb7JLgY.js                          6.23 kB │ gzip:   3.06 kB
dist/assets/warehouse-standard-eSA47dX6.js                                6.30 kB │ gzip:   2.10 kB
dist/assets/fact-view-CZRKPCW1.js                                         6.35 kB │ gzip:   2.11 kB
dist/assets/transfer-bag-goods-label-CJHFekuR.js                          6.46 kB │ gzip:   2.65 kB
dist/assets/production-contract-center-b3Oi05gX.js                        6.62 kB │ gzip:   2.83 kB
dist/assets/sewing-outsourcing-supplement-tracking-GNE8PFiQ.js            6.63 kB │ gzip:   2.89 kB
dist/assets/workbench-DuMYfU4K.js                                         6.63 kB │ gzip:   2.68 kB
dist/assets/cutting-task-routing-5XMLbGQP.js                              6.65 kB │ gzip:   2.38 kB
dist/assets/factory-receiving-links-CLU_uaub.js                           6.74 kB │ gzip:   2.71 kB
dist/assets/printing-work-order-template-DG-73RYh.js                      6.77 kB │ gzip:   3.16 kB
dist/assets/routes-pda-DppnCwqA.js                                        6.85 kB │ gzip:   2.59 kB
dist/assets/production-contract-master-template-B957I2uc.js               6.85 kB │ gzip:   2.74 kB
dist/assets/shared-nnHEaX9t.js                                            6.86 kB │ gzip:   2.53 kB
dist/assets/routes-pcs-B2A5zmvr.js                                        6.90 kB │ gzip:   1.85 kB
dist/assets/data-management-DcbM6PXw.js                                   7.00 kB │ gzip:   2.56 kB
dist/assets/material-handover-CIUwxbwT.js                                 7.06 kB │ gzip:   2.77 kB
dist/assets/stock-seed-Cj8lLuwm.js                                        7.11 kB │ gzip:   2.44 kB
dist/assets/dye-work-order-times-w7U4XCtx.js                              7.22 kB │ gzip:   2.55 kB
dist/assets/overview.helpers-BP2F5Yu8.js                                  7.36 kB │ gzip:   2.88 kB
dist/assets/pcs-channel-legacy-conversion-Dg3I_fD9.js                     7.40 kB │ gzip:   3.19 kB
dist/assets/shared-BJ0PLCVa.js                                            7.43 kB │ gzip:   2.60 kB
dist/assets/settlement-flow-boundaries-DbkSNas3.js                        7.43 kB │ gzip:   2.53 kB
dist/assets/pcs-testing-order-create-CH4dlWln.js                          7.51 kB │ gzip:   2.93 kB
dist/assets/production-craft-dict-XhlR8UsB.js                             7.51 kB │ gzip:   2.82 kB
dist/assets/transit-warehouse-CGN4xIMS.js                                 7.54 kB │ gzip:   2.13 kB
dist/assets/craft-actions-3ri0CNMM.js                                     7.55 kB │ gzip:   3.38 kB
dist/assets/pcs-sample-label-DC3cxDjg.js                                  7.68 kB │ gzip:   3.48 kB
dist/assets/supplement-node-facts-CP18azK2.js                             7.76 kB │ gzip:   2.84 kB
dist/assets/sewing-outsourcing-return-tracking-Cm06t6Vi.js                7.91 kB │ gzip:   2.96 kB
dist/assets/tmf-process-sheet-template-B6LL70bN.js                        8.00 kB │ gzip:   3.80 kB
dist/assets/pda-transfer-bag-detail-6WLRHsZS.js                           8.06 kB │ gzip:   3.03 kB
dist/assets/statistics-CY71zyaJ.js                                        8.07 kB │ gzip:   2.64 kB
dist/assets/progress-exception-lifecycle-BJx0gSBY.js                      8.09 kB │ gzip:   2.70 kB
dist/assets/supplier-supply-archives-Bid-xGw5.js                          8.13 kB │ gzip:   2.60 kB
dist/assets/production-contracts-L-05fGxm.js                              8.14 kB │ gzip:   2.77 kB
dist/assets/pda-notify-1PwTESrL.js                                        8.35 kB │ gzip:   3.11 kB
dist/assets/milestone-configs-BlHbdwl6.js                                 8.41 kB │ gzip:   2.94 kB
dist/assets/pcs-testing-order-list-C3RewCBv.js                            8.51 kB │ gzip:   3.31 kB
dist/assets/material-process-plans-DJgxEw8N.js                            8.66 kB │ gzip:   3.49 kB
dist/assets/pre-settlement-ledger-repository-pWnEFvNE.js                  8.84 kB │ gzip:   3.03 kB
dist/assets/pcs-pattern-library-config-DFTmHB--.js                        8.84 kB │ gzip:   2.42 kB
dist/assets/pda-cutting-shared-068VFnRt.js                                8.87 kB │ gzip:   2.72 kB
dist/assets/navigation-context-5GcHOdSg.js                                8.87 kB │ gzip:   2.46 kB
dist/assets/warehouses-CSFYi5tN.js                                        8.89 kB │ gzip:   2.11 kB
dist/assets/bom-templates-Bs55Vd-G.js                                     8.90 kB │ gzip:   3.70 kB
dist/assets/pda-cutting-execution-unit-GkL2Jqi7.js                        9.06 kB │ gzip:   3.44 kB
dist/assets/machine-associations-CrB-JKGo.js                              9.16 kB │ gzip:   3.11 kB
dist/assets/fei-ticket-numbering-DNrki1Co.js                              9.21 kB │ gzip:   3.23 kB
dist/assets/pda-notify-detail-BWy2hiT4.js                                 9.24 kB │ gzip:   3.07 kB
dist/assets/pda-execution-D8dFEvcm.js                                     9.30 kB │ gzip:   3.69 kB
dist/assets/pda-cutting-fei-ticket-numbering-Ci73X0qh.js                  9.31 kB │ gzip:   3.21 kB
dist/assets/handover-records-wUdO45dp.js                                  9.35 kB │ gzip:   3.56 kB
dist/assets/workbench-buHIPFZG.js                                         9.38 kB │ gzip:   3.87 kB
dist/assets/pda-warehouse-BEud98ot.js                                     9.43 kB │ gzip:   3.75 kB
dist/assets/mobile-DgITtnX0.js                                            9.53 kB │ gzip:   3.08 kB
dist/assets/sewing-pickup-slips-DrdncnZt.js                               9.65 kB │ gzip:   3.63 kB
dist/assets/dye-work-order-online-domain-CDbZp4m5.js                      9.78 kB │ gzip:   3.65 kB
dist/assets/routes-pms-BAAW7VvV.js                                        9.80 kB │ gzip:   2.52 kB
dist/assets/production-receipts-8qaIaQ6q.js                               9.81 kB │ gzip:   3.95 kB
dist/assets/pda-cutting-transfer-bag-recovery-Dyv1Nxby.js                 9.88 kB │ gzip:   4.03 kB
dist/assets/pending-receipts-p4mcUqgX.js                                  9.91 kB │ gzip:   4.09 kB
dist/assets/continuous-stock-DrRZ4-fe.js                                 10.09 kB │ gzip:   4.11 kB
dist/assets/statistics-PbcjUnpB.js                                       10.10 kB │ gzip:   4.39 kB
dist/assets/trade-subjects-jUsJqnnI.js                                   10.26 kB │ gzip:   3.73 kB
dist/assets/pda-cutting-transfer-bag-scrap-DaAGsWy8.js                   10.26 kB │ gzip:   4.17 kB
dist/assets/production-return-fulfillment-BTx_k_3K.js                    10.50 kB │ gzip:   4.00 kB
dist/assets/bom-templates-ChqjVeph.js                                    10.52 kB │ gzip:   2.48 kB
dist/assets/settings-BaWj19sg.js                                         10.73 kB │ gzip:   3.24 kB
dist/assets/product-skus-DKuru7pf.js                                     10.74 kB │ gzip:   4.14 kB
dist/assets/yarn-shipments-CHNlaUF5.js                                   10.74 kB │ gzip:   4.84 kB
dist/assets/list-DoP-KjoA.js                                             10.77 kB │ gzip:   3.76 kB
dist/assets/transit-receipts-8-ltW7aF.js                                 10.99 kB │ gzip:   4.02 kB
dist/assets/production-context-actions-CtOLR_3f.js                       11.14 kB │ gzip:   3.96 kB
dist/assets/cutting-event-repository-kp_5vBDT.js                         11.21 kB │ gzip:   4.75 kB
dist/assets/presentation-SWU9_hfl.js                                     11.25 kB │ gzip:   4.64 kB
dist/assets/design-revision-pcs-storage-D2ozVRMd.js                      11.28 kB │ gzip:   4.27 kB
dist/assets/pda-exec-link-JgIudfmn.js                                    11.31 kB │ gzip:   3.68 kB
dist/assets/material-prep-CLQQvKtr.js                                    11.39 kB │ gzip:   2.68 kB
dist/assets/dyeing-warehouse-view-BrAIJrhb.js                            11.49 kB │ gzip:   3.95 kB
dist/assets/pcs-engineering-preparation-projection-RUabPbaC.js           11.49 kB │ gzip:   4.26 kB
dist/assets/pda-login-Blxp0cpR.js                                        11.65 kB │ gzip:   4.51 kB
dist/assets/warehouses-Fv-4IFN4.js                                       11.74 kB │ gzip:   4.23 kB
dist/assets/purchase-suggestions-CVpQLmRu.js                             11.87 kB │ gzip:   3.70 kB
dist/assets/material-transfers-BaoK2l38.js                               11.99 kB │ gzip:   4.21 kB
dist/assets/task-breakdown-OEcyTnor.js                                   12.16 kB │ gzip:   4.53 kB
dist/assets/pickup-management-runtime-D95mw8Bx.js                        12.25 kB │ gzip:   4.73 kB
dist/assets/task-execution-adapter-BhX72eEU.js                           12.26 kB │ gzip:   3.69 kB
dist/assets/process-statistics-domain-CD4186TM.js                        12.33 kB │ gzip:   4.03 kB
dist/assets/pms-handlers-9QXGV81h.js                                     12.54 kB │ gzip:   2.88 kB
dist/assets/context-CY3Xuh6-.js                                          13.02 kB │ gzip:   4.59 kB
dist/assets/cutting-record-repository-LunKj7bJ.js                        13.04 kB │ gzip:   4.66 kB
dist/assets/meta-DqPRPSX8.js                                             13.16 kB │ gzip:   2.95 kB
dist/assets/handover-records-DEqCw0Pv.js                                 13.18 kB │ gzip:   4.15 kB
dist/assets/replacement-fabric-repository-Ler-1P9y.js                    13.25 kB │ gzip:   5.41 kB
dist/assets/handover-print-BAefBDBF.js                                   13.53 kB │ gzip:   4.95 kB
dist/assets/pda-start-link-BQrq7ZYn.js                                   13.62 kB │ gzip:   4.81 kB
dist/assets/inventory-monitor-rqURVK4E.js                                13.66 kB │ gzip:   4.78 kB
dist/assets/bom-detail-eAr-Ek6h.js                                       13.69 kB │ gzip:   4.97 kB
dist/assets/returns-DQakncZl.js                                          13.84 kB │ gzip:   5.13 kB
dist/assets/wls-finished-inbound-CKwZX8mI.js                             13.92 kB │ gzip:   5.30 kB
dist/assets/tmf-base-demo-7UXhCG6D.js                                    13.92 kB │ gzip:   5.03 kB
dist/assets/work-orders-B4wZiBjV.js                                      13.99 kB │ gzip:   5.18 kB
dist/assets/wls-inbound-lNQznc79.js                                      14.05 kB │ gzip:   5.47 kB
dist/assets/cut-piece-return-warehouse-Dc1FLn0D.js                       14.20 kB │ gzip:   5.08 kB
dist/assets/idb-storage-DYscBY_v.js                                      14.27 kB │ gzip:   5.28 kB
dist/assets/pcs-technical-data-tech-pack-list-Bl3wOla7.js                14.30 kB │ gzip:   4.92 kB
dist/assets/supplements-ChpqZ78Q.js                                      14.34 kB │ gzip:   5.24 kB
dist/assets/mobile-execution-task-index-BkVUm3co.js                      14.41 kB │ gzip:   3.87 kB
dist/assets/post-finishing-qc-print-template-DeEzSp5d.js                 14.50 kB │ gzip:   4.47 kB
dist/assets/work-orders-DhmXhlqL.js                                      14.55 kB │ gzip:   4.95 kB
dist/assets/printing-sheet-template-D9RmkekA.js                          14.58 kB │ gzip:   5.05 kB
dist/assets/manual-fei-tickets-BVD-JgBA.js                               14.69 kB │ gzip:   5.02 kB
dist/assets/work-orders-bT6AZx6k.js                                      14.75 kB │ gzip:   4.78 kB
dist/assets/work-order-detail-CsJ1isgm.js                                14.84 kB │ gzip:   4.76 kB
dist/assets/dispatch-task-sheet-template-77nvHhUT.js                     15.05 kB │ gzip:   6.00 kB
dist/assets/responsibility-transfers-DIuVwIqd.js                         15.10 kB │ gzip:   5.73 kB
dist/assets/workbench-CS1csJ4M.js                                        15.76 kB │ gzip:   4.80 kB
dist/assets/cut-order-supplement-fixture-CzAs4f0M.js                     15.96 kB │ gzip:   4.83 kB
dist/assets/outbound-orders-Cvs4wd3T.js                                  16.05 kB │ gzip:   5.21 kB
dist/assets/process-web-status-actions-CH8Ujjrw.js                       16.08 kB │ gzip:   4.30 kB
dist/assets/pcs-handlers-CmFiLw1g.js                                     16.18 kB │ gzip:   4.06 kB
dist/assets/handover-ledger-view-DAWdEH6j.js                             16.19 kB │ gzip:   4.45 kB
dist/assets/garment-spu-replacement-CKUCHyVP.js                          16.40 kB │ gzip:   5.03 kB
dist/assets/reports-DjxIzgMg.js                                          16.48 kB │ gzip:   4.26 kB
dist/assets/machines-CjSrAMJA.js                                         16.51 kB │ gzip:   5.51 kB
dist/assets/full-flow-print-BHCfFOPB.js                                  16.60 kB │ gzip:   5.54 kB
dist/assets/payment-requests-DkqR7DbD.js                                 16.74 kB │ gzip:   5.50 kB
dist/assets/progress-handover-order-D_A2ZEK8.js                          16.86 kB │ gzip:   5.03 kB
dist/assets/wls-garment-relabel-tasks-Iaxop0LA.js                        16.91 kB │ gzip:   5.59 kB
dist/assets/cut-order-release-integration-CMebuqFd.js                    17.07 kB │ gzip:   6.11 kB
dist/assets/cutting-runtime-event-ledger-Di-G5Dbv.js                     17.12 kB │ gzip:   5.92 kB
dist/assets/dispatch-acceptance-sla-Beaf93ZK.js                          17.15 kB │ gzip:   5.13 kB
dist/assets/sewing-cut-piece-return-workflow-Gdm93ZYR.js                 17.21 kB │ gzip:   6.08 kB
dist/assets/part-ticket-records-DjMpjbZX.js                              17.36 kB │ gzip:   6.46 kB
dist/assets/pda-cutting-task-detail-BAeqnq-P.js                          17.37 kB │ gzip:   6.14 kB
dist/assets/product-purchase-orders-DIMg_xft.js                          17.42 kB │ gzip:   5.22 kB
dist/assets/production-confirmation-CYFW7P90.js                          17.43 kB │ gzip:   5.94 kB
dist/assets/marker-spreading-projection-gqoSGy0O.js                      17.50 kB │ gzip:   5.53 kB
dist/assets/output-stock-CaUwaruw.js                                     17.52 kB │ gzip:   6.59 kB
dist/assets/material-requirements-DtVlpg_1.js                            17.55 kB │ gzip:   5.99 kB
dist/assets/sewing-cut-piece-responsibility-CuGE7VI7.js                  17.63 kB │ gzip:   5.30 kB
dist/assets/pda-sewing-self-return-BgfIblyS.js                           17.68 kB │ gzip:   5.99 kB
dist/assets/simple-cut-piece-handover-fixtures-Y_RwFJVz.js               17.74 kB │ gzip:   6.05 kB
dist/assets/progress-cutting-detail-DYUFPEXl.js                          17.80 kB │ gzip:   4.52 kB
dist/assets/bom-detail-BRvncHO5.js                                       17.90 kB │ gzip:   5.78 kB
dist/assets/supplier-confirmations-D_ndWi9i.js                           17.94 kB │ gzip:   5.33 kB
dist/assets/purchase-demands-OkGKbcWn.js                                 18.07 kB │ gzip:   5.81 kB
dist/assets/suppliers-DOxcttzm.js                                        18.16 kB │ gzip:   5.27 kB
dist/assets/store-domain-pda-Bl4jkAiC.js                                 18.21 kB │ gzip:   6.41 kB
dist/assets/pda-notify-due-soon-DBA4y8L9.js                              18.41 kB │ gzip:   6.28 kB
dist/assets/process-mobile-task-binding-YGo1FRrK.js                      18.56 kB │ gzip:   6.49 kB
dist/assets/tasks-BYnVtegn.js                                            18.57 kB │ gzip:   6.89 kB
dist/assets/platform-process-result-view-F0YS0Cp-.js                     18.64 kB │ gzip:   5.37 kB
dist/assets/generated-cut-orders-Dld1Rz90.js                             18.64 kB │ gzip:   5.59 kB
dist/assets/store-domain-statement-source-adapter-CrxtWjcy.js            18.71 kB │ gzip:   5.37 kB
dist/assets/sewing-outsourcing-workbench-DNsXHaAG.js                     18.76 kB │ gzip:   6.52 kB
dist/assets/supplier-supply-archives-BRAD2mUt.js                         18.90 kB │ gzip:   5.80 kB
dist/assets/materials-DQo18LQz.js                                        18.93 kB │ gzip:   4.79 kB
dist/assets/pda-warehouse-shared-DFWwBELI.js                             18.95 kB │ gzip:   5.69 kB
dist/assets/warehouse-f7e14CsG.js                                        19.11 kB │ gzip:   6.11 kB
dist/assets/production-demand-early-process-work-orders-DQ5IUEWP.js      19.13 kB │ gzip:   5.74 kB
dist/assets/events-DvejwbXa.js                                           19.21 kB │ gzip:   7.47 kB
dist/assets/platform.adapter-Du4xMgBI.js                                 19.25 kB │ gzip:   6.09 kB
dist/assets/kol-goto-pda-domain-BWFUGYZs.js                              19.33 kB │ gzip:   6.58 kB
dist/assets/shared-CSp-A7_y.js                                           19.43 kB │ gzip:   5.25 kB
dist/assets/units-vlDX56AB.js                                            19.73 kB │ gzip:   5.89 kB
dist/assets/post-finishing-current-read-model-CCk8y1q1.js                19.77 kB │ gzip:   5.53 kB
dist/assets/stage-display-5BvviAgx.js                                    19.84 kB │ gzip:   7.01 kB
dist/assets/factory-sample-verification-flow-DB_aoRbg.js                 19.86 kB │ gzip:   4.87 kB
dist/assets/adjustments-D8xUbZEu.js                                      19.94 kB │ gzip:   6.19 kB
dist/assets/pda-warehouse-inbound-records-Chlv9Foh.js                    20.11 kB │ gzip:   5.84 kB
dist/assets/index-uKal_Apc.js                                            20.21 kB │ gzip:   5.22 kB
dist/assets/audit-records-Bq9CFcKI.js                                    20.35 kB │ gzip:   6.65 kB
dist/assets/process-water-soluble-orders-Bk9tprBv.js                     20.49 kB │ gzip:   6.43 kB
dist/assets/material-process-plans-BIb-GCsi.js                           20.52 kB │ gzip:   7.57 kB
dist/assets/pda-warehouse-outbound-records-BCDKr8fc.js                   20.61 kB │ gzip:   6.07 kB
dist/assets/overview.adapter-Cyzlc75T.js                                 20.65 kB │ gzip:   6.53 kB
dist/assets/task-orders-SFXb8HOx.js                                      20.83 kB │ gzip:   7.17 kB
dist/assets/pcs-engineering-tech-pack-workspace-CoHMI_zr.js              21.00 kB │ gzip:   7.29 kB
dist/assets/shared-seed-CGi2rQR7.js                                      21.01 kB │ gzip:   6.23 kB
dist/assets/material-purchase-tracking-Bl1nf2ck.js                       21.11 kB │ gzip:   6.69 kB
dist/assets/events-B6NiM-LM.js                                           21.17 kB │ gzip:   6.55 kB
dist/assets/order-list-columns-CedWvOtx.js                               21.20 kB │ gzip:   6.64 kB
dist/assets/los-live-rooms-DnKxi2wl.js                                   21.23 kB │ gzip:   7.67 kB
dist/assets/pcs-testing-order-detail-tRRvzUpW.js                         21.30 kB │ gzip:   6.21 kB
dist/assets/pcs-engineering-master-view-model-CP4rt_8q.js                21.39 kB │ gzip:   7.29 kB
dist/assets/suppliers-Dg6eHD_O.js                                        21.68 kB │ gzip:   6.93 kB
dist/assets/tmf-domain-shared-CsnEeaO8.js                                21.88 kB │ gzip:   8.26 kB
dist/assets/routes-wls-CyhquNjI.js                                       22.31 kB │ gzip:   7.24 kB
dist/assets/deduction-analysis-CMggMUTh.js                               22.40 kB │ gzip:   6.54 kB
dist/assets/fei-ticket-numbering-CPSGwneP.js                             22.45 kB │ gzip:   6.47 kB
dist/assets/warehouse-location-map-model-BMzRpnZd.js                     22.51 kB │ gzip:   7.14 kB
dist/assets/subject-operations-BZYS0MG3.js                               22.61 kB │ gzip:   7.02 kB
dist/assets/tasks-ByOLYhbO.js                                            22.80 kB │ gzip:   7.28 kB
dist/assets/progress-statistics-linkage-CvzhP8Mr.js                      22.86 kB │ gzip:   6.54 kB
dist/assets/work-order-detail-IKaLpe0d.js                                22.92 kB │ gzip:   7.37 kB
dist/assets/cut-piece-handover-BRkGRO1b.js                               22.98 kB │ gzip:   7.44 kB
dist/assets/qc-workbench-BSYc5M6T.js                                     23.03 kB │ gzip:   7.18 kB
dist/assets/recheck-orders-B1hTGP86.js                                   23.18 kB │ gzip:   7.34 kB
dist/assets/cut-piece-returns-DdjpIjhE.js                                23.31 kB │ gzip:   7.20 kB
dist/assets/purchase-suggestions-DnSGZi9J.js                             23.40 kB │ gzip:   7.34 kB
dist/assets/material-issue-TzfU3zkB.js                                   23.80 kB │ gzip:   5.92 kB
dist/assets/progress-cutting-overview-DPcBD6I2.js                        23.83 kB │ gzip:   5.73 kB
dist/assets/dye-work-order-online-view-BCaq-rgD.js                       24.15 kB │ gzip:   8.20 kB
dist/assets/quality-deduction-selectors-voFKyQse.js                      24.26 kB │ gzip:   6.28 kB
dist/assets/production-order-duration-DHJbcpNI.js                        24.27 kB │ gzip:   9.27 kB
dist/assets/production-context-records-C9cxZpNs.js                       24.40 kB │ gzip:   8.62 kB
dist/assets/material-statements-mP-ThKhF.js                              24.45 kB │ gzip:   6.73 kB
dist/assets/print-preview-Dt1xww__.js                                    24.57 kB │ gzip:   8.25 kB
dist/assets/process-order-task-links-CUPba7GA.js                         24.68 kB │ gzip:   6.86 kB
dist/assets/retired-process-history-CJUukX0u.js                          24.75 kB │ gzip:   6.41 kB
dist/assets/dialogs-BhsDbzUm.js                                          24.86 kB │ gzip:   6.14 kB
dist/assets/material-preparation-0LyE7Xu1.js                             25.21 kB │ gzip:   8.79 kB
dist/assets/fcs-production-tech-pack-snapshot-5vIAwrxq.js                25.35 kB │ gzip:   6.47 kB
dist/assets/kol-demands-BPmW0h2i.js                                      25.43 kB │ gzip:   7.39 kB
dist/assets/wls-fabric-demand-board-CYo_kDNa.js                          25.47 kB │ gzip:   6.84 kB
dist/assets/reconciliations-DKvtNa1H.js                                  25.55 kB │ gzip:   6.83 kB
dist/assets/machine-associations-DH1K1Ok0.js                             25.62 kB │ gzip:   7.75 kB
dist/assets/process-print-orders-Dy5oP09D.js                             25.74 kB │ gzip:   8.55 kB
dist/assets/process-dye-orders-DpZUZ8XJ.js                               25.91 kB │ gzip:   8.63 kB
dist/assets/qc-orders-CD7sTYtG.js                                        25.94 kB │ gzip:   8.27 kB
dist/assets/pda-handlers-Bf75qBRn.js                                     26.67 kB │ gzip:   6.41 kB
dist/assets/marker-spreading-utils-C-bDvHgn.js                           26.71 kB │ gzip:   7.82 kB
dist/assets/simple-cut-piece-handover-ui-zylASI-n.js                     27.01 kB │ gzip:  10.08 kB
dist/assets/warehouse-location-map-BqOg8e_9.js                           27.06 kB │ gzip:   7.08 kB
dist/assets/pcs-config-workspace-repository-DZC-fRMc.js                  27.14 kB │ gzip:  10.28 kB
dist/assets/pda-warehouse-wait-handover-D7kbjbiP.js                      27.57 kB │ gzip:   7.16 kB
dist/assets/progress-milestone-config-CN4zZmea.js                        27.59 kB │ gzip:   6.15 kB
dist/assets/pcs-pattern-library-detail-B7uK3Ty9.js                       27.67 kB │ gzip:   6.59 kB
dist/assets/pda-wool-fact-execution-BlpKItB2.js                          28.02 kB │ gzip:   9.35 kB
dist/assets/third-party-factory-rating-CuuprdcD.js                       28.13 kB │ gzip:   8.05 kB
dist/assets/print-styles-BjQBw8jj.js                                     28.31 kB │ gzip:   4.01 kB
dist/assets/sample-approval-suggestions-BkE6Zh11.js                      28.32 kB │ gzip:   8.88 kB
dist/assets/factory-status-CaaHgi3C.js                                   28.43 kB │ gzip:   6.02 kB
dist/assets/source-document-detail-Bjdu4-Jl.js                           28.45 kB │ gzip:  10.53 kB
dist/assets/sample-warehouse-ldgq6T7O.js                                 28.47 kB │ gzip:   7.35 kB
dist/assets/marker-plan-source-model-6J7VrfN7.js                         28.93 kB │ gzip:   8.48 kB
dist/assets/pcs-engineering-master-list-DXF0btV_.js                      28.95 kB │ gzip:  10.09 kB
dist/assets/commands-Q00qHW1e.js                                         29.05 kB │ gzip:   8.24 kB
dist/assets/pcs-engineering-master-detail-COiueiLM.js                    29.30 kB │ gzip:   8.64 kB
dist/assets/warehouse-D7xBfYal.js                                        29.79 kB │ gzip:  10.07 kB
dist/assets/logistics-reconciliations-D-fso4Ga.js                        30.17 kB │ gzip:   9.33 kB
dist/assets/pcs-technical-data-BtvoAeqC.js                               30.50 kB │ gzip:   8.34 kB
dist/assets/production-order-progress-tracking-Dn8KBnUh.js               30.53 kB │ gzip:  10.25 kB
dist/assets/material-reconciliations-CDgL6iEr.js                         30.57 kB │ gzip:   9.32 kB
dist/assets/progress-cutting-exception-center-ZiuETb9t.js                30.89 kB │ gzip:   7.20 kB
dist/assets/capability-g7UUBARK.js                                       31.65 kB │ gzip:   6.69 kB
dist/assets/replacement-fabric-fei-tickets-DNt8UzkK.js                   31.83 kB │ gzip:  10.92 kB
dist/assets/material-archives-DBuxv4ax.js                                31.86 kB │ gzip:   7.87 kB
dist/assets/factory-performance-D2Dyo3lp.js                              32.31 kB │ gzip:   6.74 kB
dist/assets/handover-orders-bB7rcucs.js                                  32.46 kB │ gzip:   9.20 kB
dist/assets/dialogs-Cl5DO_-g.js                                          32.71 kB │ gzip:   9.87 kB
dist/assets/task-detail-C210YF_M.js                                      32.81 kB │ gzip:   9.72 kB
dist/assets/effective-task-assignments-COiNiaHQ.js                       33.11 kB │ gzip:  11.03 kB
dist/assets/garment-spu-replacements-CQYHdazf.js                         33.13 kB │ gzip:   9.41 kB
dist/assets/process-warehouse-domain-C6bfGfm2.js                         33.27 kB │ gzip:   7.61 kB
dist/assets/pcs-tech-pack-bootstrap-DvJOejYr.js                          33.31 kB │ gzip:   8.49 kB
dist/assets/cut-piece-return-domain-BnyasO80.js                          33.41 kB │ gzip:   9.92 kB
dist/assets/store-domain-settlement-seeds-CbdOvgpR.js                    33.72 kB │ gzip:   9.01 kB
dist/assets/pcs-pattern-library-CmswFcdh.js                              33.73 kB │ gzip:   7.66 kB
dist/assets/warehouse-runtime-C_FPmcsB.js                                33.87 kB │ gzip:   8.69 kB
dist/assets/pda-shell-CabgKUn_.js                                        33.93 kB │ gzip:   9.06 kB
dist/assets/early-process-management-CQMtQDac.js                         34.61 kB │ gzip:   8.77 kB
dist/assets/dispatch-acceptance-sla-CiL7qHRA.js                          34.99 kB │ gzip:   7.90 kB
dist/assets/material-purchase-orders-C4lT6kEN.js                         35.16 kB │ gzip:  11.34 kB
dist/assets/stage-orders-BCRvEhDD.js                                     35.33 kB │ gzip:  10.95 kB
dist/assets/pda-post-finishing-flow-Drd1ukLc.js                          35.59 kB │ gzip:   9.62 kB
dist/assets/supplier-confirmations-C5k25mpZ.js                           36.09 kB │ gzip:   9.80 kB
dist/assets/stage-order-detail-BsKMWCUu.js                               36.18 kB │ gzip:  10.69 kB
dist/assets/pda-warehouse-stocktake-DACguWG5.js                          36.46 kB │ gzip:   9.43 kB
dist/assets/work-orders-CWCOPY3k.js                                      36.70 kB │ gzip:  12.40 kB
dist/assets/pending-receipts-DTGA_xeC.js                                 36.96 kB │ gzip:  11.31 kB
dist/assets/pcs-pattern-library-create-gkakEizn.js                       37.00 kB │ gzip:   8.66 kB
dist/assets/material-inventory-D2WePfUi.js                               37.31 kB │ gzip:   9.26 kB
dist/assets/work-order-detail-LJ-hqXN-.js                                37.36 kB │ gzip:  10.36 kB
dist/assets/third-party-factory-comprehensive-assessment-BAdTEQXg.js     37.47 kB │ gzip:  11.05 kB
dist/assets/water-soluble-orders-DSikhuOO.js                             37.54 kB │ gzip:  11.46 kB
dist/assets/pda-task-receive-detail-CQM7AlLI.js                          37.61 kB │ gzip:   9.36 kB
dist/assets/work-order-detail-BAYhBoKu.js                                37.81 kB │ gzip:  10.37 kB
dist/assets/first-leg-logistics-Cx_yB9CY.js                              37.92 kB │ gzip:  10.23 kB
dist/assets/product-purchase-orders-CuaXY6dr.js                          38.01 kB │ gzip:   9.33 kB
dist/assets/pcs-part-template-library-ClIjCUS6.js                        38.07 kB │ gzip:  13.44 kB
dist/assets/cutting-statistics-ab-material-DP2IYd2e.js                   38.13 kB │ gzip:   8.63 kB
dist/assets/store-domain-quality-bootstrap-B64mrMmo.js                   38.24 kB │ gzip:   5.40 kB
dist/assets/first-leg-carriers-BDAM8Xhq.js                               38.36 kB │ gzip:  10.26 kB
dist/assets/pda-cutting-inbound-CL2PTyps.js                              38.91 kB │ gzip:  11.80 kB
dist/assets/special-processes-DSyt0r0i.js                                38.95 kB │ gzip:  10.25 kB
dist/assets/pda-cutting-handover-B_8Iifg-.js                             39.15 kB │ gzip:  12.01 kB
dist/assets/payment-requests-DpbYr0A5.js                                 39.27 kB │ gzip:  10.37 kB
dist/assets/pda-quality-CD35juEG.js                                      39.31 kB │ gzip:  10.53 kB
dist/assets/warehouse-Dsog6bIF.js                                        39.73 kB │ gzip:  11.44 kB
dist/assets/semi-finished-orders-BrzXA1gT.js                             39.75 kB │ gzip:  12.13 kB
dist/assets/pda-cutting-transfer-bag-repack-iDFMuLCV.js                  40.25 kB │ gzip:  11.56 kB
dist/assets/first-leg-shipments-CvwknbWQ.js                              40.88 kB │ gzip:  10.25 kB
dist/assets/fcs-handlers-Dm9QaDOv.js                                     42.98 kB │ gzip:  12.83 kB
dist/assets/pending-receipts-bAE3WDLD.js                                 43.47 kB │ gzip:  15.65 kB
dist/assets/label-print-template-D2qThvuC.js                             43.47 kB │ gzip:  12.32 kB
dist/assets/lace-factory-domain-E69dJw3K.js                              44.40 kB │ gzip:  11.20 kB
dist/assets/warehouse-DQUD39OH.js                                        44.81 kB │ gzip:  11.46 kB
dist/assets/factory-receiving-P13Y8fLg.js                                45.23 kB │ gzip:  15.39 kB
dist/assets/cutting-summary-CVRGOIQA.js                                  45.89 kB │ gzip:  12.25 kB
dist/assets/engineering-file-upload-Bp53l7hd.js                          46.77 kB │ gzip:  14.45 kB
dist/assets/wait-handover-runtime-8ibYJCzg.js                            47.14 kB │ gzip:  13.07 kB
dist/assets/demand-domain-P4yItvRs.js                                    47.35 kB │ gzip:  11.00 kB
dist/assets/handover-orders-DKEbjpLL.js                                  47.47 kB │ gzip:   9.30 kB
dist/assets/batches-jKNSbZFQ.js                                          47.58 kB │ gzip:  10.35 kB
dist/assets/settlement-linked-mock-factory-Dw5M6MMz.js                   47.83 kB │ gzip:  14.54 kB
dist/assets/warehouse-DkGL-M0T.js                                        47.91 kB │ gzip:  11.47 kB
dist/assets/pcs-record-core-DKFxLM8c.js                                  48.27 kB │ gzip:  16.16 kB
dist/assets/dyeing-Cm77KzXB.js                                           49.16 kB │ gzip:  10.94 kB
dist/assets/printing-Cercsmqz.js                                         49.17 kB │ gzip:  10.94 kB
dist/assets/other-FnEVdGiH.js                                            49.18 kB │ gzip:  10.96 kB
dist/assets/sewing-S57E0bNN.js                                           50.20 kB │ gzip:  11.28 kB
dist/assets/dispatch-tenders-BAk4MkSz.js                                 50.33 kB │ gzip:  13.48 kB
dist/assets/progress-material-KbFM1dpu.js                                50.42 kB │ gzip:  10.09 kB
dist/assets/pda-onboarding-PEl_sT_j.js                                   50.59 kB │ gzip:  10.82 kB
dist/assets/pda-task-receive-XLsvf65v.js                                 50.60 kB │ gzip:  12.70 kB
dist/assets/pda-cutting-execution-source-BmN8T_YG.js                     50.86 kB │ gzip:  13.78 kB
dist/assets/pcs-config-workspace-GAbJfUJB.js                             51.29 kB │ gzip:  17.90 kB
dist/assets/pcs-channel-stores-CkT0dgWS.js                               51.44 kB │ gzip:  14.99 kB
dist/assets/marker-plan-model-bW0VoOjg.js                                52.14 kB │ gzip:  14.93 kB
dist/assets/work-order-detail-kdTo3VTL.js                                53.02 kB │ gzip:  16.56 kB
dist/assets/store-domain-progress-nnjeLA-w.js                            53.17 kB │ gzip:  11.82 kB
dist/assets/pda-handover-AejEGd8E.js                                     53.35 kB │ gzip:  14.29 kB
dist/assets/detail-domain-YYdXCqLh.js                                    53.60 kB │ gzip:  11.94 kB
dist/assets/pcs-part-template-library-BR5b3ubJ.js                        53.80 kB │ gzip:  11.06 kB
dist/assets/material-purchase-orders-D-2Z_vt3.js                         53.93 kB │ gzip:  16.38 kB
dist/assets/settlement-cutting-input-BuiruxXK.js                         55.37 kB │ gzip:  11.79 kB
dist/assets/warehouse-location-map-CPGxc5rH.js                           56.96 kB │ gzip:  16.90 kB
dist/assets/marker-plan-occupancy-CBova3jh.js                            57.45 kB │ gzip:  16.14 kB
dist/assets/progress-urge-B7RScvdD.js                                    58.04 kB │ gzip:  12.11 kB
dist/assets/runtime-inputs-mKBQ3APN.js                                   58.25 kB │ gzip:  15.74 kB
dist/assets/pda-cutting-spreading-Bd_0ldY0.js                            59.79 kB │ gzip:  14.36 kB
dist/assets/wls-accessory-receipts-CP1En3zU.js                           60.15 kB │ gzip:  15.57 kB
dist/assets/factory-profile-H6vvEFa0.js                                  61.17 kB │ gzip:  14.03 kB
dist/assets/pda-settlement-DZxQlhOs.js                                   61.99 kB │ gzip:  14.39 kB
dist/assets/pickup-management-list-2XjQoMIH.js                           63.27 kB │ gzip:  17.86 kB
dist/assets/cutting-DF0szvFO.js                                          64.51 kB │ gzip:  13.70 kB
dist/assets/progress-handover-D30_bLic.js                                65.61 kB │ gzip:  14.31 kB
dist/assets/pcs-channel-products-xqh1v1vN.js                             66.90 kB │ gzip:  22.23 kB
dist/assets/production-object-overview-BkGL3W2a.js                       67.79 kB │ gzip:  14.32 kB
dist/assets/output-documents-H_qqtu-l.js                                 68.80 kB │ gzip:  23.79 kB
dist/assets/core-fP_IH7wk.js                                             69.43 kB │ gzip:  13.12 kB
dist/assets/cutting-daily-production-report-BB6HomVN.js                  69.91 kB │ gzip:  19.81 kB
dist/assets/pda-exec-BMe7gpyZ.js                                         70.05 kB │ gzip:  16.32 kB
dist/assets/context-Bzzj2M5k.js                                          70.19 kB │ gzip:  21.60 kB
dist/assets/production-object-overview-BLddVL2F.js                       71.90 kB │ gzip:  16.79 kB
dist/assets/progress-exceptions-KtizVPEc.js                              72.17 kB │ gzip:  14.02 kB
dist/assets/qc-records-B1Y-2cx7.js                                       72.92 kB │ gzip:  16.69 kB
dist/assets/pcs-product-archives-COGPTe9l.js                             73.32 kB │ gzip:  24.50 kB
dist/assets/pcs-engineering-tasks-DSK0mJqL.js                            73.34 kB │ gzip:  17.56 kB
dist/assets/pcs-sample-management-CeGjqkD9.js                            74.25 kB │ gzip:  18.47 kB
dist/assets/factory-onboarding-W7JoGPHd.js                               75.30 kB │ gzip:  12.70 kB
dist/assets/sewing-dispatch-siZS8EpE.js                                  75.98 kB │ gzip:  19.96 kB
dist/assets/orders-domain-BEAgpiy9.js                                    76.35 kB │ gzip:  16.92 kB
dist/assets/dialogs-CdK7ZOwL.js                                          76.54 kB │ gzip:  18.96 kB
dist/assets/settlement-D2RQ3Ayb.js                                       76.71 kB │ gzip:  12.04 kB
dist/assets/runtime-projections-C2Od1AWb.js                              78.06 kB │ gzip:  18.45 kB
dist/assets/process-action-writeback-service-DFvxP_EL.js                 78.29 kB │ gzip:  17.93 kB
dist/assets/transfer-bags-Dz6V3K7b.js                                    80.42 kB │ gzip:  20.98 kB
dist/assets/production-progress-LCoXcHCx.js                              82.47 kB │ gzip:  21.09 kB
dist/assets/routes-fcs-BeCCn0CO.js                                       83.06 kB │ gzip:  15.66 kB
dist/assets/cut-piece-release-CcVHXHLz.js                                83.63 kB │ gzip:  25.38 kB
dist/assets/production-VnRV4vkp.js                                       85.38 kB │ gzip:  18.50 kB
dist/assets/pda-handover-detail-DRbYP6RE.js                              85.49 kB │ gzip:  21.53 kB
dist/assets/pda-warehouse-wait-process-BDQ0TcqC.js                       89.19 kB │ gzip:  21.85 kB
dist/assets/wait-handover-actions-D2YtAbv-.js                            89.58 kB │ gzip:  22.86 kB
dist/assets/events-vHAsIkzL.js                                           90.52 kB │ gzip:  22.37 kB
dist/assets/factory-onboarding-flow-BiiF5Yiu.js                          90.64 kB │ gzip:  23.34 kB
dist/assets/production-tech-pack-change-domain-DP9nxk5I.js               91.44 kB │ gzip:  24.08 kB
dist/assets/dispatch-CerX_Dxh.js                                         92.70 kB │ gzip:  28.26 kB
dist/assets/cut-orders-H2O1k4ik.js                                       96.50 kB │ gzip:  25.12 kB
dist/assets/cut-piece-release-BnBjyflU.js                               101.29 kB │ gzip:  26.72 kB
dist/assets/post-finishing-full-flow-BW8H_JAA.js                        105.33 kB │ gzip:  27.31 kB
dist/assets/index-Bb791dgn.js                                           109.46 kB │ gzip:  39.85 kB
dist/assets/pcs-material-archive-detail-Cpo4ZU-y.js                     110.85 kB │ gzip:  36.86 kB
dist/assets/pcs-independent-sampling-BNlkJVSb.js                        112.27 kB │ gzip:  31.05 kB
dist/assets/transfer-bag-return-model-BZUcK29A.js                       115.43 kB │ gzip:  27.31 kB
dist/assets/supplement-management-mxMXJme8.js                           115.81 kB │ gzip:  30.88 kB
dist/assets/statements-0WrcJf7e.js                                      121.34 kB │ gzip:  25.20 kB
dist/assets/events-Cq-hMwrb.js                                          122.94 kB │ gzip:  31.86 kB
dist/assets/unified-dispatch-workbench-DIiIQPQ4.js                      123.68 kB │ gzip:  34.83 kB
dist/assets/tmf-material-purchases-Bq9bXLdC.js                          124.74 kB │ gzip:  32.47 kB
dist/assets/special-craft-task-orders-KV8pWr7C.js                       127.41 kB │ gzip:  33.79 kB
dist/assets/quality-deduction-repository-BIpBXvGI.js                    136.80 kB │ gzip:  26.67 kB
dist/assets/warehouse-hub-Cifs2SmU.js                                   142.59 kB │ gzip:  36.10 kB
dist/assets/generated-fei-tickets-DASspFXP.js                           143.06 kB │ gzip:  36.24 kB
dist/assets/production-timeliness-Vff-2v5T.js                           143.73 kB │ gzip:  47.55 kB
dist/assets/preparation-timing-BMJiMqCE.js                              146.62 kB │ gzip:  34.66 kB
dist/assets/marker-plan-C5a8BFHt.js                                     152.61 kB │ gzip:  36.44 kB
dist/assets/marker-spreading-CYyzTSyB.js                                156.43 kB │ gzip:  38.64 kB
dist/assets/return-inbound-Bhb1CsEq.js                                  162.41 kB │ gzip:  28.14 kB
dist/assets/app-shared-Ce0GdlNc.js                                      163.18 kB │ gzip:  40.36 kB
dist/assets/transfer-bag-operations-DkY7fixi.js                         178.58 kB │ gzip:  44.40 kB
dist/assets/fei-tickets-Bn4cnYUb.js                                     185.89 kB │ gzip:  41.23 kB
dist/assets/print-template-registry-BLO1qh7Y.js                         200.00 kB │ gzip:  50.92 kB
dist/assets/pcs-pattern-library-CLdrTWWs.js                             205.34 kB │ gzip:  45.56 kB
dist/assets/index--GzcKvNw.js                                           210.12 kB │ gzip:  66.49 kB
dist/assets/index-DrzX6l9A.js                                           223.98 kB │ gzip:  49.47 kB
dist/assets/pda-exec-detail-CcUjQ-qa.js                                 250.30 kB │ gzip:  58.45 kB
dist/assets/process-tasks-BnwgJ-Df.js                                   275.17 kB │ gzip:  76.45 kB
dist/assets/process-domain-C0AXmeSJ.js                                  275.82 kB │ gzip:  60.69 kB
dist/assets/production-orders-CgsRBcc6.js                               488.92 kB │ gzip:  47.17 kB
dist/assets/pda-CzhObczA.js                                             505.21 kB │ gzip:  83.25 kB
dist/assets/pcs-tech-pack-review-DtEutXoJ.js                            704.22 kB │ gzip: 190.85 kB
dist/assets/material-ledger-yELQWSlE.js                                 863.52 kB │ gzip: 219.37 kB
dist/assets/production-source-shared-Bj4b3XYm.js                      1,899.17 kB │ gzip: 216.72 kB

(!) Some chunks are larger than 550 kB after minification. Consider:
- Using dynamic import() to code-split the application
- Use build.rollupOptions.output.manualChunks to improve chunking: https://rollupjs.org/configuration-options/#output-manualchunks
- Adjust chunk size limit for this warning via build.chunkSizeWarningLimit.
✓ built in 11.98s
