
> higoods-vanilla-clone@1.0.0 build
> npm run typecheck:engineering && npm test && vite build


> higoods-vanilla-clone@1.0.0 typecheck:engineering
> npm run typecheck:entrypoints && npm run typecheck:scopes


> higoods-vanilla-clone@1.0.0 typecheck:entrypoints
> tsc --project tsconfig.engineering.json


> higoods-vanilla-clone@1.0.0 typecheck:scopes
> node scripts/check-typescript-scope.mjs src/domain/ src/components/ui/ src/state/

TypeScript 全量既有错误：3
本次渐进检查范围：src/domain/、src/components/ui/、src/state/
范围内错误：0
范围外既有错误保留在全量 typecheck 中继续分批治理。

> higoods-vanilla-clone@1.0.0 test
> npm run test:unit


> higoods-vanilla-clone@1.0.0 test:unit
> node --import tsx --test tests/unit/*.test.ts

✔ 浏览器存储封装保持读写删除语义 (0.902125ms)
✔ 浏览器存储不可用或抛错时保持静默降级 (0.202708ms)
(node:58622) ExperimentalWarning: localStorage is not available because --localstorage-file was not provided.
(Use `node --trace-warnings ...` to show where the warning was created)
✔ 共享分配门禁拒绝同SKU错色码或错生产单身份 (90.676459ms)
✔ 共享保存拒绝重复借同格，空身份与非法数量 (73.9485ms)
(node:58623) ExperimentalWarning: localStorage is not available because --localstorage-file was not provided.
(Use `node --trace-warnings ...` to show where the warning was created)
✔ N 道只按最终逐票实收，不累计道数或非最终回仓 (0.701292ms)
✔ 末道独有回仓、错票、错工厂、逆序回仓均不得计齐套 (0.132583ms)
✔ 真实厂间完成事实只证明前道，末道仍以实际裁床回仓为准 (0.146292ms)
✔ 前道非法实收不能被加工完成标记绕过 (0.081292ms)
✔ 实际已分配厂取代票上默认厂，多家未确认不猜厂，打印票保持原样 (0.435791ms)
✔ 直转前道须有明确工艺身份完成，最终回仓受前道实物上限约束 (0.076333ms)
✔ 零量点收保留凭据；整票不可用和未知资料不贡献 (0.095ms)
✔ 普通未装袋票不进放行，但既有简易交出可保持；正常换袋去重 (0.296583ms)
✔ 装袋同ID错票号、超原票或无效票面不提供可交实物 (0.366667ms)
✔ 旧实收缺加工完成依据保留实物，但不计最终齐套且明确待核对 (0.321708ms)
(node:58624) ExperimentalWarning: localStorage is not available because --localstorage-file was not provided.
(Use `node --trace-warnings ...` to show where the warning was created)
✔ 冻结原票的真实仓库实收继续更新；冻结后新票进晚到队列，不冒充原产出 (16.027208ms)
✔ 放行备份/读回安全整数与逐格合计，正常零不变成未确认 (0.695791ms)
✔ 无效整票追溯与未知collection不能借备份写入 (0.084375ms)
(node:58626) ExperimentalWarning: localStorage is not available because --localstorage-file was not provided.
(Use `node --trace-warnings ...` to show where the warning was created)
✔ 列表只读余量查询满足正整数身份门禁，K100/A205显示当前风险105、占用0及余量205 (78.883292ms)
✔ 裁片放行保留唯一菜单键和地址，归属裁床仓库管理 (0.853042ms)
✔ 字母与数值尺码升序，自定义尺码保留配置顺序 (3.017833ms)
✔ 非法数量和空白保持非法，不夹取或四舍五入成另一个有效量 (0.272958ms)
✔ 未知自定义尺码在目标和放行矩阵明确提示待核对且保留原序，标准尺码不出现提示 (18.915458ms)
✔ 未确认与确认零放行分开，零放行不回退成目标281件 (0.536584ms)
✔ 尚未确认且齐套未知时，确认汇总中的K和R均显示待核对而非零 (4.235542ms)
✔ 目标与放行渲染为相同颜色行、尺码升序列，缺失SKU格保持不可编辑 (5.534916ms)
✔ 逐票详情保留最终回仓实收、完整顺序、袋周期、成衣色与面料色以及差异 (1.976042ms)
✔ 加工完成未回仓仍显示未最终回仓，未知工艺不展示普通免工艺依据 (2.11275ms)
✔ 跨工厂直转前道不必回裁床，最终实收80片显示已最终回仓 (2.673709ms)
✔ 最终实际点收0片保留完成事实，不显示待加工或待回仓 (0.256458ms)
✔ 历史实收有原始回仓数量但缺加工完成依据，明细保留实收且暂不计齐套 (0.164166ms)
✔ 整票更正确认同时展示票袋工艺放行分配及保留历史责任 (4.082709ms)
✔ 整票登记保存携带打开详情时的版本，旧页面不会改用后来读到的版本 (1.52025ms)
✔ 文案采用短句，目标和放行保留操作边界，整票确认保留实际后果 (6.043958ms)
✔ 具名静态演示材料使用既有真实图片，三道工艺仅按最终回仓计入 (1.133542ms)
(node:58627) ExperimentalWarning: localStorage is not available because --localstorage-file was not provided.
(Use `node --trace-warnings ...` to show where the warning was created)
✔ 连续工艺具名示例仅提供真实技术包两条未分配任务，不写事实或覆盖旧任务 (4.385625ms)
✔ 不同菲票的同一实际有序工艺链可同袋，链身份不使用每票阶段ID (0.931541ms)
✔ 同链两张菲票保留各自阶段身份并分别实收，不把第二票当第一票工艺 (256.82225ms)
✔ 连续工艺直接由实际持有厂转交下道，前道完成与最后回仓分开记账 (10.790166ms)
✔ 同袋两票连续转交按每票前道和下道身份核对，最后分别回仓 (9.209083ms)
✔ 实际任务绑定明确匹配技术包部位工艺、色码、目标对象和当前分配，不采用默认厂 (0.303542ms)
✔ 特殊工艺交出只能读取原票当前阶段与唯一实际承接任务 (0.194583ms)
✔ 逐票实收分别计数，更正库存仅按差额且保留原票 (13.680625ms)
✔ 未核对加工完成不得保存；历史完成未知保留实收P而不能冒充齐套 (10.058166ms)
✔ 缺逐票确认、空白、小数、超量与未说明差异都不写入 (12.972209ms)
✔ 明确零量点收保留事实，但不生成库存或后道实物 (6.563666ms)
✔ 按身份与顺序分袋，普通和不同工艺链被阻断 (4.251958ms)
✔ 无袋按票独立点收，不能重复新增或回到其他裁床工厂 (48.36475ms)
✔ 多道工艺分别保留同票阶段实收，末道不会累加前道数量 (30.151209ms)
✔ 100片已经交出后更正为90片只改依据，保留原实交责任且不反冲库存 (32.303791ms)
(node:58628) ExperimentalWarning: localStorage is not available because --localstorage-file was not provided.
(Use `node --trace-warnings ...` to show where the warning was created)
✔ 独立裁剪整任务改派保留数量和执行历史，旧有效分配失效，新范围唯一 (93.97525ms)
✔ 裁床改派回原工厂且回填同一业务日期，不复用旧票范围；普通审计不改身份 (0.111458ms)
(node:58629) ExperimentalWarning: localStorage is not available because --localstorage-file was not provided.
(Use `node --trace-warnings ...` to show where the warning was created)
✔ 交出列表省略详情路线读取时保留全部输出字段 (580.238291ms)
(node:58639) ExperimentalWarning: localStorage is not available because --localstorage-file was not provided.
(Use `node --trace-warnings ...` to show where the warning was created)
✔ MIG-001/002/006: management entry and handlers belong to FCS; PFOS keeps execution (0.949166ms)
✔ MIG-003/007: prep and execution read the same early order identities, quantities and match status (840.815625ms)
✔ MIG-004/009: migrated dialogs retain candidate fields, actual material image and task outputs (1.112167ms)
✔ MIG-011: management and execution use the same seven business display columns (13.860167ms)
✔ MIG-007: early dye/print creation and cancellation survive reload (3012.685708ms)
✔ BOM working-copy write failure preserves prior state; retry succeeds (178.053209ms)
✔ existing production preparation data does not trigger demo writes on entry (1850.724ms)
✔ rollback of an unchanged saved BOM does not perform another failing write (27.441542ms)
✔ BOM dictionary preserves old JSON and all snapshot values without mutating input (6.220834ms)
✔ BOM dictionary rejects missing references instead of replacing data silently (0.608667ms)
(node:58644) ExperimentalWarning: localStorage is not available because --localstorage-file was not provided.
(Use `node --trace-warnings ...` to show where the warning was created)
✔ PDA顶栏计数与实际完整待办相同，覆盖各任务工厂及管理员/员工角色 (2066.141083ms)
✔ 解析带标签、小数和空格的长度数量 (0.454625ms)
✔ 解析卷数并对不合法文本返回 0 (0.105375ms)
✔ 证据文件标识把连续空白收口为单个连字符 (0.146167ms)
(node:58647) ExperimentalWarning: localStorage is not available because --localstorage-file was not provided.
(Use `node --trace-warnings ...` to show where the warning was created)
✔ 设计改款可成批生成染色和印花加工单，且完整投影来源与上下游 (957.94475ms)
✔ 设计改款加工单生成幂等，重复请求不增加单据 (56.171291ms)
✔ 同一设计改款任务的不同颜色和 BOM 行分别生成加工单 (85.979584ms)
✔ 成批提交失败时染色与印花加工单一起回滚 (21.895125ms)
✔ 设计改款来源缺关键引用或来源未知时必须阻断 (0.192125ms)
(node:58648) ExperimentalWarning: localStorage is not available because --localstorage-file was not provided.
(Use `node --trace-warnings ...` to show where the warning was created)
✔ 设计改款染后印花必须先分配印花厂，染色交出不能误送中央工厂 (312.360959ms)
✔ 仅染与仅印分别创建一张加工单和一条仓库首道调拨计划 (16.1515ms)
✔ 辅料染色单创建后已有辅料仓调拨计划，分厂时自动落实原单但不冒充实发 (11.529417ms)
✔ 历史双工艺加工单仍可追溯原有染印交接 (491.028666ms)
✔ 先染后印目标 SKU 创建两段加工单，印花只接收本行染后物料而不能跳过染色 (1532.446125ms)
✔ 单独印花 SKU 从仓库发印厂并完成样衣归档 (1607.488833ms)
✔ 印花实际交出生成中央工厂待接收原单，实收回写原交接并允许完成加工单 (676.729125ms)
✔ 专业成果没有真实附件时保持未绑定 (16.383ms)
(node:58649) ExperimentalWarning: localStorage is not available because --localstorage-file was not provided.
(Use `node --trace-warnings ...` to show where the warning was created)
✔ 可打印不等于可建交出单，必须完成真实标签打印 (0.561417ms)
✔ 卷规格无效时不可建交出单，且不改变原可打印判定语义 (0.074042ms)
✔ 人工完成印花加工单不再自动填充操作人 (249.923542ms)
(node:58654) ExperimentalWarning: localStorage is not available because --localstorage-file was not provided.
(Use `node --trace-warnings ...` to show where the warning was created)
✔ 非 KOL PDA 导入不生成 KOL 领交料；首次 KOL 访问生成完整且幂等的演示记录 (234.770167ms)
✔ PDA 单任务读取保持普通任务、测试工厂与 KOL 任务内容和查找优先级 (2.028458ms)
(node:58655) ExperimentalWarning: localStorage is not available because --localstorage-file was not provided.
(Use `node --trace-warnings ...` to show where the warning was created)
✔ 实际唛架重复相同来源只建一次，票身份按该单颜色尺码和技术包部位定位 (0.585958ms)
✔ 重复ID不同内容不得覆盖；不同部位实例和尺寸不得合并 (0.269417ms)
✔ 跨单、错颜色、错物料、错部位和错误每件片数均阻断 (0.110417ms)
✔ 真实手动无铺布层序票可读且免层序编号，普通缺区间和伪手动来源仍阻断 (21.648917ms)
(node:58656) ExperimentalWarning: localStorage is not available because --localstorage-file was not provided.
(Use `node --trace-warnings ...` to show where the warning was created)
✔ 可编辑的演示唛架保存后优先读取用户记录，刷新不恢复原备注和状态 (445.835291ms)
✔ 日报窗口含截止日7天，重点日均独立使用前6天 (1.596875ms)
✔ 未知采购不填0，未BOM不输出完整确定订单需求 (0.287541ms)
✔ 突变必须绝对量与比例同时达到阈值 (0.155625ms)
✔ 截止日突变示例与未完结日不判定 (0.127292ms)
✔ 共享商品按SPU去重而不按关联行累加销量 (0.275959ms)
✔ 预选不产生确定用料；BOM需求保留物料归属 (0.303209ms)
✔ 同料BOM优先于预选，不重复关系及需量 (0.148417ms)
✔ 两个业务页具有独立容器、标准分页与证据边界 (22.837125ms)
✔ 未进入物料页面时 bridge 不加载业务；加载失败重试后首次渲染即已注册 (3.4705ms)
✔ click 分组顺序、短路、选择器范围保持原行为，重新注册替换旧处理器 (0.630542ms)
✔ 备料写入守卫读取实时角色与水位，阻断时不调用业务处理器 (0.347833ms)
✔ input/change/keyboard 原入口、筛选范围和 change 优先级完整保留 (0.305791ms)
✔ health groups are exhaustive and mutually exclusive in demo (0.803958ms)
✔ coverage and baseline use same inventory plus transit but distinct demand windows (0.073375ms)
✔ zero demand is unavailable rather than infinity and huge finite quotient stays finite (0.091958ms)
✔ date selects different consistent snapshot (0.744333ms)
✔ threshold changes alter classification without changing facts (0.147917ms)
✔ health view carries core P1 business sections and mock caveat (16.95625ms)
✔ AT16 rules do not substitute brand, size or packaging method (0.7195ms)
✔ AT24 equal priority conflict blocks resolution and identifies rules (0.533834ms)
✔ higher explicit priority resolves a lower priority overlap (0.074291ms)
✔ plans distinguish garments and parcels and add loss once (0.181583ms)
✔ AT18 white pendant stock only allocated once (0.087417ms)
✔ event duplicate and old revision do not add consumption; reprints are activity only (0.119917ms)
✔ conflicting same revision fails instead of silently choosing a payload (0.058375ms)
✔ AT17/19/20 panel states unresolved ASAYA, independent kit80 and unknown ribbon (0.2645ms)
✔ trigger distinct from target, existing supply produces explainable zero (0.614667ms)
✔ missing mapping or usage and incompatible raw unit block unsafe generation (0.178416ms)
✔ generation reserves remaining once and shared raw pool across target rules (0.884333ms)
✔ production does not increase stock; actual SKU and output bound partial receipts (0.162792ms)
✔ cancelled suggestion releases commitment and raw allocation (0.077666ms)
✔ AT05 committed greige is not available for a second allocation (0.443292ms)
✔ AT06 partial receipt reduces expected supply; checking and qualified never duplicate (0.308875ms)
✔ AT07 unmapped target preserves quantities but gives no target coverage (0.078958ms)
✔ §7.2 loss reduces future supply; rejected receipts never become usable (0.055917ms)
✔ §7.3 unit/yield/route and conservation gaps block deterministic supply (0.099792ms)
✔ §7.3 candidate comparison reports remaining shortage and respects arrival deadline (0.132208ms)
✔ §7.3 zero gap stays zero and nonfinite inputs cannot produce advice (0.047667ms)
✔ panel uses owned local handlers and discloses mock and missing images (1.844208ms)
✔ P2 coefficients and coverage exclude transit (9.749167ms)
✔ P2 coverage buckets have exclusive shared boundaries (3.624791ms)
✔ P2 partial receipts and completed batches count remaining only (0.166417ms)
✔ P2 latest overdue selected only if no future batch; today included (0.12625ms)
✔ P2 search transit and ETA filters compose (0.268917ms)
✔ P2 zero demand and missing BOM preserve distinct nulls; micro demand excluded (0.131833ms)
✔ P2 standard table renders and limits initial rows to first page (11.207875ms)
✔ AT01/02 internal reservation stays in coverage while external reservation is deducted (15.299ms)
✔ AT03 quality segments are not usable (0.443875ms)
✔ AT04 partial receipt leaves remaining supply only (0.967ms)
✔ AT08/38 late supply never erases earlier shortage (0.754458ms)
✔ AT09 intermediate deficit determines net need rather than positive closing balance (0.193125ms)
✔ AT10 MOQ and pack rounding, zero stays zero (0.1225ms)
✔ AT11 horizon begins at cutoff and is not expanded by lead time (0.163ms)
✔ AT12 forecast covered by confirmed demand is excluded before coefficient (0.132875ms)
✔ AT13 no demand has no numeric coverage (0.111292ms)
✔ AT14 cancelling demand does not change stock (0.150958ms)
✔ AT15 latest event revision only (0.402875ms)
✔ AT16/17 directory preserves bag sizes and ASAYA duplicated input is one unresolved SKU (0.085333ms)
✔ AT18 three brands draw from one shared pool (0.124833ms)
✔ AT19/20 kit capacity respects minimum and missing conversion (0.056666ms)
✔ AT21 inactive/unusable stock remains physically visible (0.0805ms)
✔ AT23 affected order identifiers are unique (0.084166ms)
✔ AT25/26 draft does not mutate active and invalidates trial (0.056917ms)
✔ AT26/28 publish requires role and exact trial; history retained (0.164458ms)
✔ AT31 risk cannot close with remaining shortage or skip verification (0.167541ms)
✔ AT37 invalid dates, unknown timezone, bad numeric values rejected (0.101292ms)
✔ duplicate supply chain does not double count and blocks deterministic advice (0.096458ms)
✔ warehouse catalogue includes 17 locations and two garment warehouses (0.047542ms)
✔ candidate comparison retains pre-arrival risk (0.317625ms)
✔ SKU-specific policy wins and duplicate rules block publish (0.146375ms)
(node:58671) ExperimentalWarning: localStorage is not available because --localstorage-file was not provided.
(Use `node --trace-warnings ...` to show where the warning was created)
✔ 逐票与逐打印任务保持原结构，变更一条只保存一条 (1.205875ms)
✔ 草稿按原映射键保存；手工票与操作记录分离，删除票保留审计 (0.825167ms)
✔ 拒绝损坏JSON且不冒充空数据 (0.443583ms)
✔ 拒绝空字符串且不冒充空数据 (0.200584ms)
✔ 拒绝错误根且不冒充空数据 (0.118292ms)
✔ 拒绝重复票号身份且不冒充空数据 (0.098875ms)
✔ 拒绝缺少票号且不冒充空数据 (0.10025ms)
✔ 拒绝错误状态且不冒充空数据 (0.094875ms)
✔ 拒绝打印关联缺失且不冒充空数据 (0.111166ms)
✔ 拒绝草稿身份缺失且不冒充空数据 (0.251042ms)
✔ 拒绝手工日志缺失且不冒充空数据 (0.29725ms)
✔ 拒绝手工二维码缺失且不冒充空数据 (0.124167ms)
✔ 已保存实体与备份身份校验，不接受伪造集合或迁移元数据 (1.191917ms)
✔ 袋账派生绑定锁，无需持久化派生票快照；关闭周转解除旧快照锁 (515.249ms)
✔ 唛架来源和铺布单逐实体保存，保留卷明细、层序及来源引用 (0.226208ms)
✔ 指定保存对象不复制重复静态唛架，也不覆盖其他已保存铺布单 (0.229708ms)
✔ 旧袋账按实体保留绑定与历史，局部动作不复制静态袋档案 (0.329833ms)
✔ 专用打印来源保留原票身份、数量、状态、袋锁及打印对象，不查询全量PDA与库存摘要 (14819.281084ms)
✔ 实际输出首打保持原身份与数量；动态与普通来源均可打印，失效来源阻断，重复首打不新增 (153.363167ms)
✔ 唛架引用读取失败明确阻断，不将迁移或读取错误伪装成空铺布来源 (1.419917ms)
✔ 用户唛架方案逐ID迁移保留床次和占用，修改一张不重写其它方案 (0.330041ms)
✔ PDA及手工票专用唛架定义与原完整投影等价，保留床次、数量和可铺布资格 (880.375917ms)
✔ 裁床配料按真实生产单范围读取与全量结果逐字段相等，保留库存、领取、状态与任务链接 (755.769208ms)
✔ PDA铺布目标直接携带真实已保存铺布单的裁床与负责人，不另算整套列表 (1049.488583ms)
✔ 铺布投影复用唛架定义仍保留已保存session的卷明细、裁床、负责人和实际裁剪数量 (445.059708ms)
✔ 路由标准化移除 query 与 hash，但不改动路径 (0.452916ms)
✔ 只匹配路由根或其子路径，不误匹配相似前缀 (0.126958ms)
✔ 可在多个合法根路径中匹配一个 (0.073917ms)
✔ 只把完整生产确认单打印路由识别为命中 (0.108459ms)
✔ 专业任务必须全部有效明细通过且保留成果与审核事实 (0.678042ms)
✔ 纸样名称或物料关联不能替代可读取原文件 (17.652834ms)
(node:58674) ExperimentalWarning: localStorage is not available because --localstorage-file was not provided.
(Use `node --trace-warnings ...` to show where the warning was created)
✔ 目标 SKU 的四种加工组合、前序实物和 BOM Q 均按已建档字段读取 (1.533667ms)
✔ 整单总量口径保存后仍按一次总量计算，不被样衣件数重复放大 (1661.9865ms)
✔ 一张设计改款 BOM 同时有 Yard 面料和 PCS 辅料时，各行独立计量且辅料无需加工调拨 (79.468708ms)
✔ 复用既有纸样与参照 BOM 的无印染任务可直接提交样衣并自动完成；复制只生成草稿 (1656.638959ms)
✔ 批量复制保留物料、费用和样衣安排为独立可编辑草稿，不生成工作 (99.0895ms)
✔ 单页创建同时保存物料、费用与样衣要求；失败不留下空任务 (65.897917ms)
✔ 加工按物料行及实际阶段执行：纯染行与先染后印行独立串联 (203.094167ms)
✔ 旧设计任务移除线下工作和依赖，保留加工单身份、样衣成果及原始输入 (1444.879417ms)
✔ 任务汇总排除未启用，待前置只列出未完成依赖，关闭单不继续催办 (1.357542ms)
✔ 筛选覆盖关键词、状态、跟单、待办、类型、团队和日期边界，统计范围一致 (0.681333ms)
✔ CSV包含全部匹配行和任务责任计划，不含操作列，特殊文字正确转义 (0.825333ms)
✔ 生产准备必须读取测款最终通过事实，保存时重新校验且失败不生成主单 (1395.71475ms)
✔ PATTERN_ARTWORK 多明细全部有效项通过才完成，同SKU不同要求不合并 (0.491709ms)
✔ COLOR_FABRIC 多明细全部有效项通过才完成，同SKU不同要求不合并 (0.072416ms)
✔ COLOR_YARN 多明细全部有效项通过才完成，同SKU不同要求不合并 (0.06125ms)
✔ 多辅料分单覆盖，第一张下单不足以完成，失效单不能提供覆盖 (0.229375ms)
✔ 专业列表业务字段查询与责任、来源、计划边界组合，未登记计划不误入日期结果 (0.862958ms)
(node:58680) ExperimentalWarning: localStorage is not available because --localstorage-file was not provided.
(Use `node --trace-warnings ...` to show where the warning was created)
✔ targeted PCS baseline reads return independent records without cloning unrelated collections (153.634125ms)
✔ PCS 前插多个新记录保留全部既有位置，重复保存不产生位置变化 (1.250291ms)
✔ PCS 单条置顶、居中插入、删除保持实际顺序且不移动其余记录 (0.132792ms)
✔ PCS 图片按款号和颜色固定，尺码不改变照片，未知对象没有随机图片 (1.506625ms)
✔ 历史 Mock 只替换登记的旧图，保留用户图片及未知款式 (1.012167ms)
✔ 后道 QC 来源 SKU 保留原身份和数量，五种颜色分别绑定对应实拍 (0.196625ms)
✔ 后道历史快照只迁移准确 SKU 的旧示意图，质检数量与用户图不变 (0.268792ms)
(node:58683) ExperimentalWarning: localStorage is not available because --localstorage-file was not provided.
(Use `node --trace-warnings ...` to show where the warning was created)
✔ SAMPLE-FIX-01–05/11: actual request→reserve→approve→pickup→return→receipt; stable own IDs and detached reads (1009.932083ms)
✔ SAMPLE-FIX-03/05: all invalid input blocks writes; cancellation/rejection frees only own reservation (696.470583ms)
✔ SAMPLE-FIX-08/09/11: cases and stocktake persist independently, cannot execute twice or masquerade as adjustment (716.726958ms)
(node:58684) ExperimentalWarning: localStorage is not available because --localstorage-file was not provided.
(Use `node --trace-warnings ...` to show where the warning was created)
✔ HG-001/002/004: SKU identity survives duplicate receipts, transfers and repeats; HG resolves SKU (278.699666ms)
✔ HG-005/006/008: printed data and bounded settings; no truncation, images or state writes (1.070416ms)
✔ HG-002/004 regression: older receipt without identities retains its first date; raw SKU is never HG (73.889625ms)
(node:58685) ExperimentalWarning: localStorage is not available because --localstorage-file was not provided.
(Use `node --trace-warnings ...` to show where the warning was created)
✔ SAMP-001–013 Mock: receipt → all SKU tags → live/home → production/factory/department/warehouse → marketing, with adversarial gates (1603.404083ms)
(node:58686) ExperimentalWarning: localStorage is not available because --localstorage-file was not provided.
(Use `node --trace-warnings ...` to show where the warning was created)
✔ PDA 列表轻量摘要与详情的归属、数量、物料和下一步一致 (1290.56125ms)
(node:58687) ExperimentalWarning: localStorage is not available because --localstorage-file was not provided.
(Use `node --trace-warnings ...` to show where the warning was created)
✔ 按工厂投影不改变全能力、印花、染色、中央与裁片演示账号可见任务 (1147.711ms)
(node:58688) ExperimentalWarning: localStorage is not available because --localstorage-file was not provided.
(Use `node --trace-warnings ...` to show where the warning was created)
✔ 接单工厂范围保留全量投影中本厂每个任务的身份、数量、状态及接单/中标结果 (3932.202792ms)
(node:58689) ExperimentalWarning: localStorage is not available because --localstorage-file was not provided.
(Use `node --trace-warnings ...` to show where the warning was created)
✔ PDA order/task link indexes preserve all full-index candidates without constructing unrelated material rows (638.630834ms)
✔ ordinary sewing direct lookup keeps every field and factory permission from the complete canonical projection (646.091333ms)
✔ runtime sewing overrides and legacy/missing IDs retain the complete projection result (1070.273375ms)
✔ one fresh read-only object snapshot preserves readiness, context and unknown references without refreshing per miss (760.012333ms)
✔ PDA handlers wait for part-ticket hydration, and the real detail is not mounted before both dependencies complete (75.79725ms)
✔ ordinary sewing detail leaves unrelated PMS initialization pending until a normal module entry (41.590958ms)
✔ same-navigation sewing preload discovers actual bundle entries and static closure without evaluating modules (55.639875ms)
✔ preview compression includes the same sewing static chunks and retains existing assets without broad lazy-route output (8.483292ms)
(node:58691) ExperimentalWarning: localStorage is not available because --localstorage-file was not provided.
(Use `node --trace-warnings ...` to show where the warning was created)
✔ 中转袋交出与实际入仓使用同一浏览器本地业务时间，不把 UTC 当作本地时间 (1.979125ms)
[PMS_IDB_LOAD_FAILED] { message: '当前浏览器不支持 IndexedDB,PMS 业务数据无法持久化。' }
✔ 物流商新增字段保存回显并写入操作日志 (3.352708ms)
✔ 物流商数字字段非负校验与运输方式枚举校验 (0.275959ms)
✔ 渠道新增字段保存回显，条件计费字段按计费方式保留 (0.436416ms)
✔ 整柜渠道不要求新增计费字段，仍要求四箱型完整配置 (0.397667ms)
✔ 渠道数字字段非负与时效区间校验 (0.35825ms)
✔ 头程批次聚合展示总箱数、总重量、总体积与转运天数 (0.828292ms)
✔ 工序链按保存顺序生效，合法工序集合固定，非法或重复工序被拒 (5.561125ms)
✔ 坯布 SKU 必填，坯布库存为 0 时调拨资格被拒，补足后恢复 (0.46275ms)
✔ 采购单按勾选 SKU 生成明细，数量与枚举非法被拒 (0.177584ms)
✔ 调拨单可选择调出仓库与调入目标，同步生成加工单号链 (0.2485ms)
✔ 批量刷新库存更新全部监控行与刷新时间并写日志 (0.604083ms)
✔ 手动添加监控 SKU 校验 SKU 必填与重复，添加后进入列表 (0.580625ms)
✔ 物料申报扩展字段保存回显，26 项特殊属性按数组保存 (2.557833ms)
✔ 报关扩展：法定第二计量单位与数值，不报关分支跳过必填校验 (0.192333ms)
✔ BOM 业务选项与价格/成本、工厂、布料字段保存回显 (0.689541ms)
✔ 主体经营 9 项成本明细加调整重算总成本，数据缺失提醒可消除 (0.370583ms)
✔ 供应商从草稿到启用遵循状态机，名称唯一 (2.381ms)
✔ 供货档案包装换算与快照版本 (0.291625ms)
✔ 物料全部有真实图片，采购补充信息可更新且不新增删除 (0.384792ms)
✔ 成衣与样衣 SKU 只读列表数据完整 (0.073959ms)
✔ 仓库同步更新时间，单位字典唯一且不可删除只可启停 (0.30875ms)
✔ BOM 用量可修改，说明可保存，发布后可生成面辅料需求 (1.517792ms)
[PMS_IDB_LOAD_FAILED] { message: '当前浏览器不支持 IndexedDB,PMS 业务数据无法持久化。' }
[PMS_IDB_UNAVAILABLE] put 跳过,数据仅保留在内存 { store: 'pmsMaterialPurchaseOrderDeltas', key: 'CGF-2026-0005' }
[PMS_IDB_UNAVAILABLE] put 跳过,数据仅保留在内存 { store: 'pmsMaterialPurchaseOrderDeltas', key: 'CGF-2026-0001' }
[PMS_IDB_UNAVAILABLE] put 跳过,数据仅保留在内存 { store: 'pmsMaterialPurchaseOrderDeltas', key: 'CGF-2026-0007' }
✔ 面辅料需求种子就绪且可按物料行下推采购单 (12.006125ms)
✔ 快递信息导入校验采购单存在、单号唯一、日期与数量合法 (0.783458ms)
✔ 国内签收、加入头程、状态推进与到仓自动签收 (1.763833ms)
✔ 供应商确认单需标签齐备，确认后回写采购单 (1.208417ms)
✔ 整柜渠道必须完整配置四个箱型，物流商可启停 (0.35325ms)
✔ 面辅料采购单可带原因关闭，关闭后不能再登记到货 (0.588834ms)
✔ 库存监控触发线与建议量公式，规则异常阻断建单 (2.518542ms)
✔ 建单数量不得超过建议量，调拨与采购资格分别阻断 (0.465209ms)
✔ 中转看板指标、分布与筛选跳转规则 (0.531416ms)
✔ 生产单校验与配料任务只读数据完整，系统设置结果为 8/6/10 (0.17825ms)
✔ 种子采购单按 SRM 生成器规律补齐单据级与明细级字段 (0.783917ms)
✔ 新建做货采购单保存采购专员、加急、首单、区域与明细字段并可回显 (2.616042ms)
✔ 未传新增字段时沿用默认值并保持既有命令兼容 (0.140875ms)
✔ 采购专员必填、做货必须选区域、重量非负均抛出中文 PmsDomainError (0.362333ms)
✔ 编辑采购单保存新增字段并回显，非法输入被阻断 (0.297042ms)
✔ BOM 状态与 bomMatched 一致，未发布 BOM 的做货明细为未匹配 (0.197291ms)
✔ 行采购金额使用 roundPmsQty 且汇总等于逐行金额之和 (0.135542ms)
✔ 采购建议按缺口公式与折扣计算，并计入有效 KOL 申请 (1.84825ms)
✔ KOL 草稿与已驳回不计入建议缺口 (0.136834ms)
✔ 建议转采购单后写回已转数量与部分生成状态 (2.125833ms)
✔ 面辅料需求按 BOM 用量与损耗扣减库存和采购中 (1.089166ms)
✔ 重复生成、草稿采购单与非做货采购单均被阻断 (0.169834ms)
✔ KOL 单条超量需要二次确认，超过申请量直接阻断 (0.324084ms)
✔ 驳回 KOL 需求后不再计入建议缺口 (0.13075ms)
✔ 关闭采购单必须填写原因且已关闭不可重复关闭 (0.1835ms)
[PMS_IDB_LOAD_FAILED] { message: '当前浏览器不支持 IndexedDB,PMS 业务数据无法持久化。' }
[PMS_IDB_SAVE_FAILED] 创建请款单 IDB 写入失败 {
  requestNo: 'PAY-M-2026-0006',
  message: '当前浏览器不支持 IndexedDB,PMS 业务数据无法持久化。',
  degraded: 'memory-only'
}
[PMS_IDB_SAVE_FAILED] 创建请款单 IDB 写入失败 {
  requestNo: 'PAY-L-2026-0004',
  message: '当前浏览器不支持 IndexedDB,PMS 业务数据无法持久化。',
  degraded: 'memory-only'
}
[PMS_IDB_SAVE_FAILED] 作废请款单 IDB 写入失败 {
  requestNo: 'PAY-L-2026-0004',
  message: '当前浏览器不支持 IndexedDB,PMS 业务数据无法持久化。',
  degraded: 'memory-only'
}
✔ 主体经营明细总成本、毛利与毛利率公式 (1.460334ms)
✔ 面辅料对账：预计/实际双层公式，费用项与差异双重门禁 (4.527167ms)
✔ 面辅料费用项部分确认、批量确认与编辑失效 (0.529708ms)
✔ 请款草稿跨页创建、请款与付款上限、编辑范围 (0.884417ms)
✔ 物流实际费用 12 列导入校验、不自动确认与确认后锁定 (0.863708ms)
✔ 请款单作废释放来源对账，已有付款不能作废 (0.63025ms)
✔ 供应商账单 9 列导入覆盖实际层且不自动确认 (0.738875ms)
✔ 金额大写按 RMB 规则输出并覆盖跨节零 (0.269333ms)
[PMS_IDB_UNAVAILABLE] put 跳过,数据仅保留在内存 { store: 'pmsMaterialPurchaseOrderDeltas', key: 'CGF-2026-0005' }
[PMS_IDB_LOAD_FAILED] { message: '当前浏览器不支持 IndexedDB,PMS 业务数据无法持久化。' }
[PMS_IDB_UNAVAILABLE] put 跳过,数据仅保留在内存 { store: 'pmsMaterialPurchaseOrderDeltas', key: 'CGF-2026-0005' }
[PMS_IDB_UNAVAILABLE] put 跳过,数据仅保留在内存 { store: 'pmsMaterialPurchaseOrderDeltas', key: 'CGF-2026-0005' }
[PMS_IDB_UNAVAILABLE] put 跳过,数据仅保留在内存 { store: 'pmsMaterialPurchaseOrderDeltas', key: 'CGF-2026-0005' }
[PMS_IDB_UNAVAILABLE] put 跳过,数据仅保留在内存 { store: 'pmsMaterialPurchaseOrderDeltas', key: 'CGF-2026-0005' }
[PMS_IDB_UNAVAILABLE] put 跳过,数据仅保留在内存 { store: 'pmsMaterialPurchaseOrderDeltas', key: 'CGF-2026-0005' }
✔ 生成卷号按前缀、每卷米数、重量与起始序号生成并写入包装明细 (3.412625ms)
✔ 生成卷号时尾卷承载剩余数量，卷数按采购数量与每卷米数自动取整 (0.57325ms)
✔ 非法卷号参数被拒绝并抛出中文域错误 (0.406541ms)
✔ 生成标签后二维码内容包含卷号与箱规，参与打印 (0.323833ms)
✔ 箱规新增自动计算体积，重复箱号与非法尺寸被拒，删除后计数正确 (0.314959ms)
✔ 包装明细可新增与删除，非法输入被拒且删除后计数正确 (0.291916ms)
✔ 被包装明细引用的箱规不能删除 (0.087542ms)
✔ 供应商枚举与 SRM 完全一致，旧枚举不再出现 (1.432458ms)
✔ 种子字段满足 SRM 枚举且协同指标为数字 (0.164ms)
✔ 新增字段保存并回显，成功命令写入操作日志 (1.71725ms)
✔ 编辑保存新增字段并保持状态机与事件名不变 (0.238375ms)
✔ 非法或缺失输入抛 PmsDomainError 且不写入数据 (0.3145ms)
✔ 详情与列表展示新增字段、SRM 枚举与协同指标 (17.839209ms)
(node:58703) ExperimentalWarning: localStorage is not available because --localstorage-file was not provided.
(Use `node --trace-warnings ...` to show where the warning was created)
✔ CONTRACT-002: business allocation day is day 1 and every calendar day counts, including Sunday (0.714417ms)
✔ CONTRACT-002: the three contracts retain 4/8/9, 5/9/10 and 6/9/12 calendar-day milestones (0.948708ms)
✔ CONTRACT-002: invalid calendar dates and counting days still fail without creating deadlines (0.483958ms)
(node:58704) ExperimentalWarning: localStorage is not available because --localstorage-file was not provided.
(Use `node --trace-warnings ...` to show where the warning was created)
✔ 实际耗时跨周日仍按真实时间差；没有可靠时间不造耗时 (0.515625ms)
✔ 每任务都达成才结束；同一来源去重，作废明细不影响主表 (0.163ms)
✔ 耗时页 Mock 至少覆盖九张生产单和全部节点，且下游事实不会越过未完成的前置节点 (885.444833ms)
✔ 裁片放行按一张放行单内的多次放行展示并选取节点起止时间 (55.700083ms)
(node:58705) ExperimentalWarning: localStorage is not available because --localstorage-file was not provided.
(Use `node --trace-warnings ...` to show where the warning was created)
✔ EXC-001—004: a reference mark cannot change debt, strict kits or final task responsibility (5.0655ms)
(node:58706) ExperimentalWarning: localStorage is not available because --localstorage-file was not provided.
(Use `node --trace-warnings ...` to show where the warning was created)
✔ 派单新增主档工厂可登记承接关系，未知工厂仍阻断 (3.677541ms)
✔ 专属任务保留整单身份、数量和接收方，工艺分支保留全部前置关系 (2.805125ms)
✔ 原生产单车缝任务仍可被 PPIC 分配与责任移交识别，SKU 总量完整 (11.305791ms)
✔ PRINT-HISTORY-001: demo identities remain fixed and reject another factory or task (0.963166ms)
✔ PRINT-HISTORY-002: DYE-GOTO-GLOBAL historical slot 09 survives independent reloads without overwriting (4225.851667ms)
✔ PRINT-HISTORY-002: ID-FAC-001165 historical slot 09 survives independent reloads without overwriting (5892.562291ms)
(node:58709) ExperimentalWarning: localStorage is not available because --localstorage-file was not provided.
(Use `node --trace-warnings ...` to show where the warning was created)
✔ VERIFY-003: dispatch reads keep all documents and independent copies without projecting unrelated business views (557.2445ms)
✔ frozen printing images are losslessly stored once across orders, tasks and attachments (4.666834ms)
✔ missing or malformed image references fail rather than silently replacing frozen evidence (0.245292ms)
(node:58712) ExperimentalWarning: localStorage is not available because --localstorage-file was not provided.
(Use `node --trace-warnings ...` to show where the warning was created)
✔ PERF-002/004: scoped receiving reads preserve direct receipts and allocations, without exposing mutable facts (16.557292ms)
✔ PERF-002/004: a synchronous relation read matches independent reads and releases its scope after errors (1647.348875ms)
✔ PERF-004: batched print list reviews and handovers equal independently read facts (543.377584ms)
✔ PERF-004: scoped handovers keep canonical sorting and task point reads preserve identity (8.845ms)
✔ PERF-004: reusing warehouse documents preserves each dye order source, quantity and receiver (523.564334ms)
(node:58716) ExperimentalWarning: localStorage is not available because --localstorage-file was not provided.
(Use `node --trace-warnings ...` to show where the warning was created)
✔ craft source selection preserves all previous source choices and isolated snapshots (17.7895ms)
✔ source eligibility is re-evaluated after a source order changes (0.143ms)
(node:58811) ExperimentalWarning: localStorage is not available because --localstorage-file was not provided.
(Use `node --trace-warnings ...` to show where the warning was created)
✔ 生产单创建来源只覆盖旧匹配事实，不复活已取消或覆盖更新后的匹配 (0.476209ms)
✔ 提前来源随PO唯一保存，重复生成不会追加第二份事实；查询投影不反向写PO (0.392583ms)
✔ 失败和嵌套投影后创建stage标记恢复，不影响后续染印执行保存 (2.326583ms)
✔ 备份拒绝错误归属、重复、未知状态和缺少正式冻结来源的匹配 (0.276875ms)
(node:58812) ExperimentalWarning: localStorage is not available because --localstorage-file was not provided.
(Use `node --trace-warnings ...` to show where the warning was created)
✔ 验收数据至少包含 5 张染色和 5 张印花提前加工单，并覆盖全部匹配状态 (994.114375ms)
✔ 印花专业成果把多张图片和多个文件统一保存在同一附件集合 (0.798666ms)
✔ 同一生产需求可手动选择具体专业任务，创建结果保存所选任务与全部成果附件 (63.081959ms)
✔ 创建提前加工单必须选择所属专业任务并明确加工厂 (10.903541ms)
✔ 计划加工数量包含损耗率，且染色印花投入与产出 SKU 必须不同 (0.491458ms)
✔ 专业成果未审核通过时不可创建提前加工单 (0.254583ms)
✔ 多个生产需求合并为一张生产单时，可匹配多张提前染色加工单 (65.044417ms)
✔ 等待技术包的提前单在技术包就绪后可由同一匹配服务自动重试 (23.600417ms)
✔ 合并生产单中只有部分需求有提前单时，只为未覆盖需求补建剩余数量 (51.513334ms)
✔ 已有提前单但正式 BOM 或 SKU 不一致时进入异常，且不重复补建同一工艺单 (39.679625ms)
✔ 取消后重建保留旧单，并建立双向替代关系 (4.639875ms)
✔ 没有提前加工单的需求仍保留正式加工单快照 (7.145666ms)
✔ 查生产入口只在合法系统路由显示，并在打印与 PDA 路由隐藏 (1.208708ms)
✔ 相似前缀和相似打印段不会被当成合法路由 (0.194875ms)
(node:58815) ExperimentalWarning: localStorage is not available because --localstorage-file was not provided.
(Use `node --trace-warnings ...` to show where the warning was created)
✔ 静态生产单更新任务状态时保留原冻结资料，不强造不存在的技术版本 (1.087458ms)
✔ 沿用静态资料的例外不能用于新单、篡改快照或错误技术版本 (0.81825ms)
(node:58818) ExperimentalWarning: localStorage is not available because --localstorage-file was not provided.
(Use `node --trace-warnings ...` to show where the warning was created)
✔ PERF-001: runtime snapshot and all nine subsets preserve every production order value and caller isolation (190.634041ms)
✔ PERF-001: a subset read does not traverse or clone unrelated snapshot sections (0.221625ms)
✔ PERF-001: paper pattern binding strips and nested craft arrays remain isolated after mutation (0.241042ms)
✔ PERF-001: replacing or updating the bound snapshot is visible immediately without a stale cache (0.149916ms)
✔ PERF-001: missing production order keeps null and empty-list contracts (0.075208ms)
✔ finished preparation and purchase keep their delay without claiming current work is on time (16.592ms)
✔ absence of applicable records and missing timing inputs are not healthy or not-yet-due (1.857583ms)
✔ inbound quantity and final time completeness produce distinct business results (0.765666ms)
✔ reached late milestone has zero only for that milestone, not the whole task (11.850583ms)
✔ creation and handover clocks explain their different unfinished endpoints (12.3315ms)
✔ all current scenes avoid ambiguous headline defaults and literal unknown numbers (47.839625ms)
✔ contract graph with missing allocation date or actual holdings cannot assert not-yet-due or achieved (3.4895ms)
✔ opening a follow-up modal only reads, and empty inputs never appear saved (8.181417ms)
✔ save waits for completion and readback, rejects double-click writes, and stores realtime feedback without a forecast (21.354083ms)
✔ failed save retains all inputs and retries the exact same operation ID (54.071084ms)
✔ commit followed by readback failure remains unconfirmed until a read proves the same record (14.024083ms)
✔ work must belong to the current production order and expected time must be valid (12.852375ms)
✔ read failure retains a draft and does not treat unavailable records as a normal empty history (1.027666ms)
✔ old logs are retained, but never assigned to a new production order by inference (0.80975ms)
✔ FLOW graph late: full lifecycle keeps allocation, execution and four post stages (11.672416ms)
✔ FLOW graph normal: full lifecycle keeps allocation, execution and four post stages (12.924625ms)
✔ FLOW graph complete: full lifecycle keeps allocation, execution and four post stages (3.594333ms)
✔ FLOW graph completeLate: full lifecycle keeps allocation, execution and four post stages (8.819958ms)
✔ FLOW graph completeUnknown: full lifecycle keeps allocation, execution and four post stages (5.726625ms)
✔ FLOW graph partial: full lifecycle keeps allocation, execution and four post stages (8.297ms)
✔ FLOW graph reordered: full lifecycle keeps allocation, execution and four post stages (7.3435ms)
✔ FLOW graph reachedLate: full lifecycle keeps allocation, execution and four post stages (1.796209ms)
✔ FLOW graph positioning: full lifecycle keeps allocation, execution and four post stages (0.342083ms)
✔ FLOW graph prepPending: full lifecycle keeps allocation, execution and four post stages (0.336833ms)
✔ FLOW graph sampleLate: full lifecycle keeps allocation, execution and four post stages (3.328583ms)
✔ FLOW graph samplePending: full lifecycle keeps allocation, execution and four post stages (2.855291ms)
✔ FLOW graph fullContract: full lifecycle keeps allocation, execution and four post stages (17.9405ms)
✔ FLOW graph materialBatches: full lifecycle keeps allocation, execution and four post stages (0.680166ms)
✔ FLOW graph materialPartial: full lifecycle keeps allocation, execution and four post stages (0.844333ms)
✔ FLOW graph live: full lifecycle keeps allocation, execution and four post stages (19.004792ms)
✔ FLOW graph unknown: full lifecycle keeps allocation, execution and four post stages (0.943917ms)
✔ FLOW graph unassigned: full lifecycle keeps allocation, execution and four post stages (3.418166ms)
✔ FLOW graph sameFactory: full lifecycle keeps allocation, execution and four post stages (4.526834ms)
✔ FLOW graph handoverPartial: full lifecycle keeps allocation, execution and four post stages (0.886042ms)
✔ FLOW live: QC, processing, recheck quantities have distinct current positions while history remains (1.260708ms)
✔ FLOW full contract: scopes and execution documents stay distinct from cumulative contract milestones (0.367792ms)
✔ FLOW delivery: outgoing without warehouse receipt keeps waiting clock active (0.212125ms)
✔ FLOW one post work order shares projects, quantity and clock without per-project chains (1.296583ms)
✔ FLOW bypass records go from completed QC directly to delivery, without fabricated processing or recheck (0.707375ms)
✔ FLOW summary cards distinguish pending, unknown, historical and current states without invented SLA (3.76725ms)
✔ FLOW mixed QC, processing and recheck quantities are summarized as post handling rather than processing (0.742083ms)
✔ FLOW pending inspection and recheck are not started rather than unknown, consistently with rails (0.15775ms)
✔ FLOW pending document cards and summaries describe unstarted clocks rather than missing times (1.006417ms)
✔ FLOW document modal has one project block for its single processing order (0.52525ms)
✔ COPY developer round: unknown purchase keeps allocation and execution responsibilities unverified (0.104292ms)
✔ COPY developer round: mixed post history and active work both remain visible (0.075ms)
✔ COPY developer round: partial warehouse quantity is not a completed stage (1.771625ms)
✔ COPY developer round: process start and quantity appear once, QC uses its own business action (0.924541ms)
✔ FLOW-MOCK-001: all 20 scenarios retain source facts with documented COPY-211 cutting correction (22.812958ms)
✔ FLOW-MOCK-002: every early-stage scenario has an honest full-flow skeleton and unknown purchase has no invented work (1.0675ms)
✔ FLOW-MOCK-003: allocation and actual sewing are distinct and each of the three contract scopes has only its applicable steps (0.884709ms)
✔ FLOW-MOCK-004: batches partition original receipts within each task and each source receipt exactly once (0.629084ms)
✔ FLOW-MOCK-005: actual positions preserve warehouse, delivery, processing aggregate amounts and explicit unknown remainder (0.37625ms)
✔ FLOW-MOCK-006: current QC, processing, recheck, delivery and warehouse positions have distinct document facts (0.7005ms)
✔ FLOW-MOCK-007: batch event chronology is ordered and all recorded actual events precede the fixed viewing time (1.897084ms)
✔ FLOW-MOCK-008: completed orders keep complete post history and missing last inbound time is never fabricated (0.155042ms)
✔ FLOW-MOCK-009: factory-contracted packing is not assigned again in post, and the no-post-processing route is explicit (0.378667ms)
✔ FLOW-MOCK-010: every new document is task scoped, batch scoped when applicable, and has valid same-scene relationships (1.739459ms)
✔ FLOW-MOCK-011: independent sewing keeps all applicable post items inside one processing document and one overall clock (0.876209ms)
✔ FLOW-MOCK-012: each batch has at most one post-processing document with the prototype item, status, quantity and timing contract (3.95325ms)
✔ FLOW-MOCK-013: actual quality results generate only applicable processing, completion generates recheck, and no processing goes straight to warehouse delivery (0.343416ms)
✔ COPY-211: full contract scope does not duplicate in-house cutting or release (0.137583ms)
✔ every sewing and post-finishing document type opens its actual native module detail (197.004ms)
✔ sewing task execution preserves the matching contract rather than entering the allocation workbench (6.549833ms)
✔ post-finishing QC and recheck retain their own task results, batches, and downstream documents (28.88825ms)
✔ post delivery shows actual outgoing and finished-goods receipt separately (10.876875ms)
✔ completed orders retain the recorded post-finishing document history (1.8935ms)
✔ unknown or wrongly routed full-flow documents do not produce invented detail pages (0.266333ms)
✔ recorded finished-goods receipt without its time stops the handover clock rather than creating current waiting (0.500375ms)
✔ clock completion matches its own final business event across work and handover (0.135459ms)
✔ native post document uses the same Chinese current-position label as the diagram (15.776125ms)
✔ explicitly pending work is not mislabeled as missing actual start time in native clocks (1.627083ms)
✔ native post work detail keeps one project set, one clock and classified quantities (0.701375ms)
✔ post recheck describes SKU quantity and barcode verification rather than a second quality inspection (1.12375ms)
✔ original post work documents preserve their recorded completed quantities without requiring new project fields (2.858167ms)
✔ delivery awaiting warehouse receipt is not described as an unfinished upstream prerequisite (1.069583ms)
✔ completed late work and unfinished overdue work remain different in management and the actual source detail (203.220166ms)
✔ a late reached contract is a ended node, and future unreached targets are not current debt (77.47575ms)
✔ missing allocation date or factory actual pickup keeps unknown distinct from an on-time contract (72.090625ms)
✔ source contract deadline uses allocation day as day 1 even when business date contains a clock time (43.717791ms)
✔ full warehouse quantities without last receipt time never imply an on-time result or enter the rate denominator (32.457416ms)
✔ purchase association unknown never asserts that production has not been created or begun (0.89225ms)
✔ sample timing is by actual handout date and remains separate from approval result (114.553292ms)
✔ completed whole-order elapsed time stops at final warehouse receipt; export names quantities and states precisely (47.592208ms)
✔ zero actual pickup is a known zero awaiting a contract denominator, not a missing value or automatic achievement (48.313125ms)
✔ missing execution evidence does not imply that material has not arrived or that work is confirmed overdue (8.074625ms)
✔ POST-FOLD late: post work is nested and the sewing label is unified (5.887166ms)
✔ POST-FOLD normal: post work is nested and the sewing label is unified (6.205625ms)
✔ POST-FOLD complete: post work is nested and the sewing label is unified (1.729542ms)
✔ POST-FOLD completeLate: post work is nested and the sewing label is unified (6.720708ms)
✔ POST-FOLD completeUnknown: post work is nested and the sewing label is unified (1.482459ms)
✔ POST-FOLD partial: post work is nested and the sewing label is unified (2.764083ms)
✔ POST-FOLD reordered: post work is nested and the sewing label is unified (4.388375ms)
✔ POST-FOLD reachedLate: post work is nested and the sewing label is unified (3.534166ms)
✔ POST-FOLD positioning: post work is nested and the sewing label is unified (1.1315ms)
✔ POST-FOLD prepPending: post work is nested and the sewing label is unified (1.000416ms)
✔ POST-FOLD sampleLate: post work is nested and the sewing label is unified (3.25925ms)
✔ POST-FOLD samplePending: post work is nested and the sewing label is unified (3.158667ms)
✔ POST-FOLD fullContract: post work is nested and the sewing label is unified (4.52475ms)
✔ POST-FOLD materialBatches: post work is nested and the sewing label is unified (1.563292ms)
✔ POST-FOLD materialPartial: post work is nested and the sewing label is unified (0.335875ms)
✔ POST-FOLD live: post work is nested and the sewing label is unified (3.222459ms)
✔ POST-FOLD unknown: post work is nested and the sewing label is unified (1.835125ms)
✔ POST-FOLD unassigned: post work is nested and the sewing label is unified (6.793291ms)
✔ POST-FOLD sameFactory: post work is nested and the sewing label is unified (9.449ms)
✔ POST-FOLD handoverPartial: post work is nested and the sewing label is unified (8.202334ms)
✔ POST-TIME: completed and active work show actual times and longest own clock without inventing an SLA (0.676666ms)
✔ POST-TIME: known document requirements distinguish unfinished late work from completed late history (0.258583ms)
✔ PAGE-001 / SCENE-17 / 20: 19 unique production orders plus one purchase awaiting association preserve the 19 accepted base scenes (1.601125ms)
✔ MASTER-001 / SCENE-07: reversing purchase order input retains earliest precise start and 28-day deadline (2.573334ms)
✔ MASTER-002: full warehouse completion at the exact deadline is timely; one minute later is late (0.221167ms)
✔ SCENE-03—05: warehouse facts establish completion separately from final timestamp and stale upstream records (0.17475ms)
✔ SCENE-06 / 16 / 18: quantity positions conserve pieces while missing position and task ownership remain distinct (38.80575ms)
✔ CONTRACT-002 / SCENE-13: three return contracts use calendar days including Sunday and their actual held quantities (23.142667ms)
✔ SCENE-19: B factory total 40% cannot cover the independently overdue B01 task (3.155417ms)
✔ SCENE-02 / 08: timely returns and late reached milestone differ from a currently overdue unmet milestone (2.773667ms)
✔ SCENE-09 / 10: preparation is a parallel four/five-day stage with separately recorded production and handover (10.906542ms)
✔ SCENE-11 / 12: sample date is pickup plus three; failed or unsubmitted sample does not move the return deadline (2.761875ms)
✔ SCENE-14: stock 600 meters advances before the independent 900-meter purchase batch, with three work/handover records each (4.534834ms)
✔ SCENE-15: known 600-meter receipt is preserved while the 900-meter purchase remains unknown and currently late (1.327375ms)
✔ SCENE-20: partial factory handover retains 2400 sleeve pieces received and 600 disputed without closing the handover or converting to garments (7.2145ms)
✔ SCENE-01: completed preparation/material delays remain history while sleeve work has a current 600-piece gap (3.143875ms)
✔ PREP / CRAFT: auxiliary work is three days each; bulk dye/print/wash and handovers have no invented SLA (4.1245ms)
✔ SOURCE / UI: document IDs, related ownership, native routes and source summaries are coherent without read mutation (47.580709ms)
✔ SOURCE: there are no future actual events or reversed processing/handover times in the fixed demonstration (6.764292ms)
✔ SCENE late: expanded accepted diagram retains its business nodes and source documents (2.175208ms)
✔ SCENE normal: expanded accepted diagram retains its business nodes and source documents (3.180334ms)
✔ SCENE complete: expanded accepted diagram retains its business nodes and source documents (3.102125ms)
✔ SCENE completeLate: expanded accepted diagram retains its business nodes and source documents (2.880916ms)
✔ SCENE completeUnknown: expanded accepted diagram retains its business nodes and source documents (1.105958ms)
✔ SCENE partial: expanded accepted diagram retains its business nodes and source documents (1.140083ms)
✔ SCENE reordered: expanded accepted diagram retains its business nodes and source documents (2.837291ms)
✔ SCENE reachedLate: expanded accepted diagram retains its business nodes and source documents (1.203209ms)
✔ SCENE positioning: expanded accepted diagram retains its business nodes and source documents (0.710458ms)
✔ SCENE prepPending: expanded accepted diagram retains its business nodes and source documents (0.329708ms)
✔ SCENE sampleLate: expanded accepted diagram retains its business nodes and source documents (1.20875ms)
✔ SCENE samplePending: expanded accepted diagram retains its business nodes and source documents (1.243125ms)
✔ SCENE fullContract: expanded accepted diagram retains its business nodes and source documents (1.833459ms)
✔ SCENE materialBatches: expanded accepted diagram retains its business nodes and source documents (1.6395ms)
✔ SCENE materialPartial: expanded accepted diagram retains its business nodes and source documents (0.524666ms)
✔ SCENE live: expanded accepted diagram retains its business nodes and source documents (1.632375ms)
✔ SCENE unknown: expanded accepted diagram retains its business nodes and source documents (0.351833ms)
✔ SCENE unassigned: expanded accepted diagram retains its business nodes and source documents (2.367167ms)
✔ SCENE sameFactory: expanded accepted diagram retains its business nodes and source documents (3.112375ms)
✔ SCENE handoverPartial: expanded accepted diagram retains its business nodes and source documents (1.642584ms)
✔ PREP-005: supplemental scene retains disabled and change-ended documents without creating active clocks or blocking valid preparation (1.888542ms)
✔ timing documents resolve directly at their native route with the same shared static facts (1307.755625ms)
✔ source detail does not resolve unrelated records or a registered record at a wrong module path (0.590375ms)
✔ a handover belongs to its original outgoing work rather than a linked next process (1.156541ms)
✔ contract details retain natural-day deadlines and late achievement history (3.981875ms)
✔ partially received material retains unknown purchase receipt instead of inventing zero or full stock (2.188ms)
✔ production preparation details include parallel requirements and BOM quantities (1.428916ms)
✔ work remaining quantity follows known required and completed quantities in the same unit (14.557875ms)
✔ missing factory sample uses the recorded requirement date and keeps sample approval outside return milestones (1.63225ms)
✔ purchase-only scenario resolves to the existing merchandise purchase and pending-purchase backlink (3.545875ms)
✔ finished-goods detail distinguishes latest partial receipt from full completion time (2.989208ms)
✔ unknown timing standard is amber verification, never a red confirmed-overdue result (0.595667ms)
✔ MIGRATE-001: direct production/pending detail paths have their own active tab identity; discarded tasks/examples/team details are absent (1.24575ms)
✔ MIGRATE-001: stored DDS tabs prune discarded addresses, retain unrelated tabs and correct the live production title without touching input (0.955959ms)
(node:58850) ExperimentalWarning: localStorage is not available because --localstorage-file was not provided.
(Use `node --trace-warnings ...` to show where the warning was created)
✔ VERIFY-003: scoped reads preserve pending/voided sources and defensive copies (15.223542ms)
✔ VERIFY-003: metadata lookup reflects registry changes and returns independent locations (75.62925ms)
✔ 备份恢复不能借原票编号伪造另一种面料的交出回执 (2.072708ms)
(node:58881) ExperimentalWarning: localStorage is not available because --localstorage-file was not provided.
(Use `node --trace-warnings ...` to show where the warning was created)
✔ 换片票文案不显示内部路径，扫码身份和原票号保持 (26.444125ms)
✔ 换片布固定演示：四个新增生产单覆盖部分打印、补打、交出备用及失效票 (2.288584ms)
✔ 部位票缓存感知已提交事件版本，重复读取同一版本不失效 (0.461542ms)
✔ 按名称排朴，空名拒绝，同名不同编码/颜色保留独立身份 (1.171458ms)
✔ 初始每面料一张，重复分配幂等；新增与补打不混淆 (1.033041ms)
✔ 改派未交票失效，已交历史不抹除，新范围递增序号 (1.169875ms)
✔ 部分出纸仅确认勾选票；重复确认不增加次数，内容变化拒绝 (0.468542ms)
✔ 整个批次多袋并集检查，非本次袋不可借用，顺序无关 (0.628666ms)
✔ 同任务同工厂历史可满足；不同任务或换厂必须另交 (0.348834ms)
✔ 三方自行裁剪排除，资料缺失与无需面料分开判断 (0.125834ms)
✔ 混装按类型和单位分项，换片布不能拆成非5 Yard (0.223792ms)
✔ 局域网 HTTP 的摘要与原生 SHA-256 相同，既有票号不变化 (43.789375ms)
(node:58910) ExperimentalWarning: localStorage is not available because --localstorage-file was not provided.
(Use `node --trace-warnings ...` to show where the warning was created)
✔ 混装打印保留裁片矩阵，捆条和换片布独立附页，不合并单位 (42.282834ms)
✔ 纯换片布袋可生成货物标识，不制造尺码和部位 (0.195041ms)
✔ 混装标签拒绝换片布错误长度、作废票和混生产单 (0.268834ms)
✔ 旧业务存储不可读时仍用已提交的原装袋周期打印三类货物 (0.493791ms)
✔ 生产单按单记录；变更一单不重写其他单和任务 (5.713125ms)
✔ 运行任务独立保存覆盖、拆分、合并、改派及序号，往返保留身份 (0.9465ms)
✔ 有效分配索引、独立记录、审计及序号完整往返，拒绝重复身份和损坏格式 (0.790417ms)
✔ 拒绝空字符串，不吞掉损坏记录 (0.115041ms)
✔ 拒绝数组根，不吞掉损坏记录 (0.054167ms)
✔ 拒绝生产单数组实体，不吞掉损坏记录 (0.055125ms)
✔ 拒绝生产单空编号，不吞掉损坏记录 (0.047458ms)
✔ 拒绝生产单损坏快照，不吞掉损坏记录 (0.061334ms)
✔ 拒绝任务覆盖数组，不吞掉损坏记录 (0.067125ms)
✔ 拒绝任务覆盖身份，不吞掉损坏记录 (0.102125ms)
✔ 拒绝拆分来源身份，不吞掉损坏记录 (0.056708ms)
✔ 拒绝拆分子项损坏，不吞掉损坏记录 (0.068084ms)
✔ 拒绝合并明细损坏，不吞掉损坏记录 (0.063041ms)
✔ 拒绝改派任务身份，不吞掉损坏记录 (0.030625ms)
✔ 拒绝不安全序号，不吞掉损坏记录 (0.032917ms)
✔ 拒绝重复Map键，不吞掉损坏记录 (0.042708ms)
✔ 拒绝current非数组，不吞掉损坏记录 (0.036667ms)
✔ 拒绝current孤儿，不吞掉损坏记录 (0.035584ms)
✔ 拒绝current跨任务，不吞掉损坏记录 (0.027834ms)
✔ 拒绝current重复引用，不吞掉损坏记录 (0.027ms)
✔ 拒绝审计孤儿，不吞掉损坏记录 (0.052083ms)
✔ 已保存实体损坏编号、缺少meta或重复meta不能伪造正常空源 (0.147667ms)
✔ 未登记key及空白JSON拒绝；null明确代表没有覆盖 (0.052792ms)
✔ 备份校验拒绝未知来源集合、伪造迁移身份及丢失检查点实体 (0.671959ms)
✔ 四类静态运行任务的删除标记完整往返，拒绝混入业务字段或假删除 (0.158875ms)
✔ 分配副产物按实体保存；合同、样衣及PPIC责任保留独立序号 (0.498417ms)
✔ 拒绝缺失渲染必需快照的合同，防止迁移清源后才暴露损坏 (0.0545ms)
✔ 关联实体损坏拒绝 unknown:X (0.043709ms)
✔ 关联实体损坏拒绝 material-context:A (0.033416ms)
✔ 关联实体损坏拒绝 return-sequence:value (0.028625ms)
✔ 关联实体损坏拒绝 sla-current:T (0.026666ms)
✔ 生产创建匹配来源按生产单身份校验并完整恢复 (0.194167ms)
✔ 工厂结束事实只允许明确任务、操作人和时间 (1.275959ms)
✔ 既有招标定标记录保留真实来源编号并校验价格与操作人 (0.540291ms)
✔ 开工交出单头只包含首次零交出事实，拒绝伪造数量和身份 (0.485875ms)
(node:58912) ExperimentalWarning: localStorage is not available because --localstorage-file was not provided.
(Use `node --trace-warnings ...` to show where the warning was created)
✔ 同分配的同名 A/B 面料分别新增和打印；第二面料不被第一范围替代 (537.531833ms)
(node:58915) ExperimentalWarning: localStorage is not available because --localstorage-file was not provided.
(Use `node --trace-warnings ...` to show where the warning was created)
✔ 分配 SKU 的需料不同；多尺码共料去重，名称含朴排除 (6.44375ms)
✔ 完整但全是朴为空集合；缺颜色映射或空名称属于资料错误 (3.807167ms)
✔ 同名不同编码面料不混并；BOM 身份歧义阻断 (0.711666ms)
✔ 交出回执从快照保留三种明细，Yard 与米不进入裁片数量 (1.444291ms)
✔ 回执任务读取保持数组身份；只在事实变更后重新投影 (0.715916ms)
✔ 款式需料读取的配置查询只返回独立副本，不能污染下次来源读取 (1.352375ms)
✔ 来源读取失败时不能把不可用哨兵值当作稳定分配继续保存 (0.565708ms)
✔ 历史裁片实交保留原数量与归属，其他集合不混入 (0.6465ms)
✔ 历史缺原版本、交错明细、负数量或记录身份错误均阻断恢复 (2.449458ms)
✔ 面辅料单不可写入退役裁片历史，未完成迁移标记不可恢复 (0.239ms)
✔ 并发调用复用同一个模块加载 Promise，成功后继续复用结果 (0.792625ms)
✔ 模块加载失败后清空缓存，下一次调用可以重试 (0.283167ms)
(node:58918) ExperimentalWarning: localStorage is not available because --localstorage-file was not provided.
(Use `node --trace-warnings ...` to show where the warning was created)
✔ CONTRACT-005: native legacy task fixture exposes the actual missing allocation date at PDA and progress board entries (2190.222209ms)
(node:58919) ExperimentalWarning: localStorage is not available because --localstorage-file was not provided.
(Use `node --trace-warnings ...` to show where the warning was created)
✔ CONTRACT-002: later factory acceptance retains its fact without postponing business allocation deadlines (4.93175ms)
✔ CONTRACT-002: missing business allocation time produces a visible verification gap instead of acceptance-based deadlines (2.039541ms)
✔ CONTRACT-002: historical acceptance-based snapshots remain intact but cannot establish current contract deadlines (0.5095ms)
✔ CONTRACT-002: shared PDA and progress board show missing allocation dates without claiming zero-receipt tasks are complete (0.609625ms)
✔ CONTRACT-002: confirmed dates still show the next contractual node and complete only after all 100 pieces are received (5.20475ms)
✔ CONTRACT-002: outsourcing tracking uses allocation dates for tender tasks and marks missing dates as unverified (30.935792ms)
(node:58921) ExperimentalWarning: localStorage is not available because --localstorage-file was not provided.
(Use `node --trace-warnings ...` to show where the warning was created)
✔ 刷新时静态样衣命令重建不重放到已移交的持久用户状态，构造失败恢复输入 (12.476458ms)
✔ 独立打印外壳只命中完整生产确认单打印路由 (0.578709ms)
✔ 既有固定打印路由仍使用独立打印外壳 (0.114833ms)
(node:58929) ExperimentalWarning: localStorage is not available because --localstorage-file was not provided.
(Use `node --trace-warnings ...` to show where the warning was created)
✔ TP-ID-002: FCS live hydration cannot change the static 26 identities or their numeric sequence (30.481208ms)
✔ TP-DATA-001: baseline has 20 actual complete formal versions and three plus three draft review states (6.388292ms)
✔ TP-ROUTE-001: all twenty formal routes have three resolvable dye→print→wash chains and five two-craft pieces (426.937625ms)
✔ TP-ID-001: ID is persisted independent of ordering and next identity uses the global maximum (1.657667ms)
✔ TP-LEGACY-001: exact old static copies project read-only, preserve source identities and preserve changed records or content (5.109917ms)
✔ TP-LEGACY-002: repository reads old demo without writes; new legacy-source creation is rejected (561.815666ms)
✔ TP-LEGACY-003: early release content upgrades after person maintenance but genuine technical edits remain intact (6.137167ms)
✔ TP-PAGE-001: route rendering preserves stored IDs and hides objects without additional processing (133.437916ms)
✔ TP-PERSON-001: valid maintenance retains published content, records a log, and rejects wrong-role candidates (560.749041ms)
✔ technical version working-copy reads do not write and failed staging preserves data (first visit) (1125.939583ms)
✔ technical version working-copy reads do not write and failed staging preserves data (saved data) (795.014917ms)
[PMS_IDB_LOAD_FAILED] { message: '当前浏览器不支持 IndexedDB,PMS 业务数据无法持久化。' }
✔ 五类页面共享采购到交出的串联 Mock，重复初始化不重置执行事实 (575.857042ms)
✔ 补齐串联 Mock 时压缩历史大签名，避免浏览器存储接近上限导致页面路由失败 (340.397542ms)
✔ 三个中央工厂在组织目录与执行工厂中身份一致且仅出现一次 (0.539958ms)
✔ 花边角色与采购映射归属TMF但供应方仍保留独立身份 (0.0945ms)
✔ 橡筋定长切割仍归SPF，不成为TMF织带截断任务 (0.09475ms)
✔ 旧浏览器组织记录迁移后不与权威TMF并存且保留已有联系人 (7.576208ms)
(node:59053) ExperimentalWarning: localStorage is not available because --localstorage-file was not provided.
(Use `node --trace-warnings ...` to show where the warning was created)
✔ 连续织带实际650米交出→648+2实收→染色可用650，仓库和用料保持米制且无公斤换算 (13.565125ms)
✔ 连续长度口径不可用于纱线/码制，普通辅料仍要求实际称重 (2.47275ms)
✔ 原生连续辅料染色650→640：实际工厂实收及用料驱动加工，使用对象对应蓝色织带参考图 (928.856ms)
✔ 织带与绳子参考档案接入实际物料库，保留图片来源和未确认尺寸，不替换橡筋 (384.699542ms)
✔ 同分钟新建不同幅宽织带和绳径主档不共用 SPU 身份，SKU 保持各自父档与主单位 (39.559542ms)
✔ TMF半成品SKU按SPU→潘通色号→颜色→花型生成，长度和端头不进入SKU (0.267334ms)
(node:59056) ExperimentalWarning: localStorage is not available because --localstorage-file was not provided.
(Use `node --trace-warnings ...` to show where the warning was created)
✔ TMF发布采用链：技术包发布门禁→审核发布→启用→生产单采用→生成织带加工需求 (3518.691125ms)
✔ TMF发布门禁：含织带截断工序但规格未补齐的采用版本不能发布 (509.861ms)
✔ 正式生产路线只关联相邻同BOM同SKU的染色→印花，不生成数量或修改来源 (2.075042ms)
✔ 跨单/版本/工序/用途/SKU/单位、缺工厂与已有其他接收单都不能接续 (0.753792ms)
✔ 印花连续辅料仅接同版本同BOM的直接截断节点，不修改SKU和数量 (0.803875ms)
✔ 染色来源已绑定印花时拒绝直接截断，不读取不存在的顶层字段 (0.632542ms)
✔ TMF V1 原型范围、工厂身份和现场默认参数已冻结 (1.499791ms)
✔ TMF 风险动作默认要求主管与二次确认，采购行身份不可丢失 (0.243625ms)
[PMS_IDB_LOAD_FAILED] { message: '当前浏览器不支持 IndexedDB,PMS 业务数据无法持久化。' }
[PMS_IDB_UNAVAILABLE] put 跳过,数据仅保留在内存 { store: 'pmsMaterialPurchaseOrderDeltas', key: 'CGF-2026-0007' }
[PMS_IDB_UNAVAILABLE] put 跳过,数据仅保留在内存 { store: 'pmsMaterialPurchaseOrderDeltas', key: 'CGF-2026-0009' }
[PMS_IDB_UNAVAILABLE] put 跳过,数据仅保留在内存 { store: 'pmsMaterialPurchaseOrderDeltas', key: 'CGF-2026-0009' }
{"scenario":"N02","scope":"业务动作主链含纱线重量账；含端头辅材采购实收；不含PCS发布采用页面、纱线采购上游","purchaseReceived":1300,"productionReceived":1000,"warehouseContinuousM":30,"netCutM":1260,"lossM":10,"headUnit":"个","headReceived":2020,"headRemaining":15}
[PMS_IDB_UNAVAILABLE] put 跳过,数据仅保留在内存 { store: 'pmsMaterialPurchaseOrderDeltas', key: 'CGF-2026-0010' }
[PMS_IDB_UNAVAILABLE] put 跳过,数据仅保留在内存 { store: 'pmsMaterialPurchaseOrderDeltas', key: 'CGF-2026-0010' }
{"scenario":"N03","scope":"业务动作主链含纱线重量账；含端头辅材采购实收；不含PCS发布采用页面、纱线采购上游","purchaseReceived":60,"productionReceived":100,"warehouseContinuousM":9,"netCutM":50,"lossM":1,"headUnit":"个","headReceived":202,"headRemaining":1}
[PMS_IDB_UNAVAILABLE] put 跳过,数据仅保留在内存 { store: 'pmsMaterialPurchaseOrderDeltas', key: 'CGF-2026-0011' }
[PMS_IDB_UNAVAILABLE] put 跳过,数据仅保留在内存 { store: 'pmsMaterialPurchaseOrderDeltas', key: 'CGF-2026-0011' }
{"scenario":"N04","scope":"业务动作主链含纱线重量账；含端头辅材采购实收；不含PCS发布采用页面、纱线采购上游","purchaseReceived":100,"productionReceived":50,"warehouseContinuousM":34,"netCutM":65,"lossM":1,"headUnit":"kg","headReceived":0.2,"headRemaining":0.04}
[PMS_IDB_UNAVAILABLE] put 跳过,数据仅保留在内存 { store: 'pmsMaterialPurchaseOrderDeltas', key: 'CGF-2026-0012' }
[PMS_IDB_UNAVAILABLE] put 跳过,数据仅保留在内存 { store: 'pmsMaterialPurchaseOrderDeltas', key: 'CGF-2026-0012' }
{"scenario":"B06","scope":"规范数量动作链；塑料头从仓库实收事实开始，补购基础生产未虚构纱线配方；不代表全部页面验收","continuous":9,"productionReceived":1000,"scrapped":100,"scrappedMeters":120,"loss":11,"metalRemaining":15,"plasticRemaining":2}
{"scenario":"N05","mergedBatch":"FULL-N05-MERGED","purchaseReceivedM":120,"mergedIssuedM":102,"mergedProducedPieces":200,"productionReceivedByOrder":[100,100],"warehouseContinuousM":19,"lossM":1,"returnedM":1}
{"scenario":"B17","mergedBatch":"FULL-B17-MERGED","purchaseReceivedM":120,"mergedIssuedM":102,"mergedProducedPieces":200,"productionReceivedByOrder":[100,100],"warehouseContinuousM":19,"lossM":1,"returnedM":1}
{"scenario":"N01","rawReceivedKg":12,"consumedKg":10,"returnedKg":1,"factoryRemainingKg":1,"semiFinishedReceivedM":1000}
{"scenario":"N02","rawReceivedKg":12,"consumedKg":10,"returnedKg":1,"factoryRemainingKg":1,"semiFinishedReceivedM":1300}
{"scenario":"N03","rawReceivedKg":12,"consumedKg":10,"returnedKg":1,"factoryRemainingKg":1,"semiFinishedReceivedM":60}
{"scenario":"N04","rawReceivedKg":12,"consumedKg":10,"returnedKg":1,"factoryRemainingKg":1,"semiFinishedReceivedM":100}
{"scenario":"N05","rawReceivedKg":12,"consumedKg":10,"returnedKg":1,"factoryRemainingKg":1,"semiFinishedReceivedM":120}
{"scenario":"PRINTBACK-source-fixture","nativePrint":{"inputM":650,"outputM":630,"lossM":20,"outputImage":"MISSING_BLOCKED"},"sourceDispatched":630,"actualReceived":630,"cutMeters":620,"lossMeters":2,"returnedMeters":8,"baseLeftMeters":350,"scope":"原生印花650→630已独立重放；下游630米交出仍为专项夹具，不替代缺图正式交出或N01完整上游"}
{"scenario":"B09-downstream-recovery","basePhysicalM":350,"otherReservedM":350,"baseAvailableM":0,"processedReturnM":8,"productionPieces":[400,600],"scope":"含实际占用失败、释放、发料及印花回料后全链；原生印染20米损耗未执行，不是完整B09通过"}
{"scenario":"B05-cut-recovery","received":[400,600],"frozenPieces":10,"frozenLengthMm":500,"continuous":2.5,"cutLoss":2.5,"upstreamScope":"印花630米已交出为外部专项夹具，不冒充原生印染20米损耗或全N01"}
(node:59062) ExperimentalWarning: localStorage is not available because --localstorage-file was not provided.
(Use `node --trace-warnings ...` to show where the warning was created)
✔ N01～N05：通过现有 PMS 入口下达，每条采购链从零执行到仓库实收；交出不提前增加库存 (24.134083ms)
✔ 半成品加工没有原料实收和足量耗用时禁止产出，补齐同一原料链后才能填报 (11.703834ms)
✔ MOCK-007：规范场景使用同一采购行、基础单和生产需求身份，不复制孤立页面 Mock (5.215833ms)
✔ MOCK-009：重置只重载隔离的运行态，不清除用户浏览器数据 (0.865625ms)
✔ B01/B03：短收保留在途和采购缺口；重复扫描、生成和刷新不双记 (1.177041ms)
✔ B02/B04：多收、错 SKU、错仓和无权限动作不改变任意下游数量；恢复后正常收齐 (6.578083ms)
✔ OVR-001～003：超产与超收须主管二次确认，计划不扩、幂等且下游一致 (7.411917ms)
✔ MASTER-001～003/005：采购与端头采购映射原型内建主档，缺失阻断且身份稳定 (5.361542ms)
✔ MASTER-004：映射前历史记录保留原快照与未映射标记，不批量改写 (1.132541ms)
✔ TERM-001～005：取消后终止处置台逐项决定，未处置不得结案且数量对账守恒 (28.054167ms)
✔ 终止连续余料：实物余量只扣一次报废，拒绝超量且剩余数量可继续处置 (8.538792ms)
✔ GAP-TERM-004：上游未收与生产在途分别确认去向，不可重复登记 (1.608625ms)
✔ DYE-001～003：染色直交织带厂按实际交出分配实收，追溯原染色单且不重复扣料 (1406.009333ms)
✔ 采购追加：未开始同步计划，已执行保留原计划和实物并处理变更 (11.422375ms)
✔ B21：保存失败不报成功、不留部分库存；成功后刷新读取同一采购和收货事实 (3.955ms)
✔ 采购→两种规格截断→拆包回仓→分配发料→生产实收：短收保留缺口，库存及采购不双记 (52.364625ms)
✔ B09：其他需求占用400米时不能再占650；释放50后恢复，错误发料不改变库存 (19.412583ms)
✔ 需求来源：同尺码不同成衣SKU分别保留，BOM适用范围生效，错误快照和重复工序阻断 (1.267042ms)
✔ 待打头条料不计合格产出；超公差实物记不良且照实扣下料当量，未实收不可截断 (133.008167ms)
✔ N04：采购100米→单端硅胶按kg实耗→回仓发料→生产实收50根，连续料剩34米 (53.931833ms)
✔ B15：截断后取消保留1000根在制和1260米当量，释放未发占用并只退连续余料 (49.999708ms)
✔ 已回仓部分发料后取消：释放未发分配，冻结实存，已发在途保留且实收不恢复需求 (61.256959ms)
✔ N02规范数值：采购→实际加工→生产实收及米料/辅材退仓整链 (153.136959ms)
✔ N03规范数值：采购→实际加工→生产实收及米料/辅材退仓整链 (81.5605ms)
✔ N04规范数值：采购→实际加工→生产实收及米料/辅材退仓整链 (105.101333ms)
✔ B06规范恢复：误装100根报废→补购100米并补做→生产实收1000根，三套实物账守恒 (158.645833ms)
✔ N05合并批：120米采购→102米合并投入→两生产单各实收100，B17独立副本拆100为40+60 (99.993708ms)
✔ B17合并批：120米采购→102米合并投入→两生产单各实收100，B17独立副本拆100为40+60 (305.837833ms)
✔ N01～N05基础原料重量账：源仓实收→发出→工厂实收→耗用/余料→原仓实收，与米制产出独立 (290.507916ms)
✔ 主生产单暂停/取消直接限制织带执行，已发实收保留且取消处置释放未发占用 (86.067ms)
✔ 冷启动及旧标签页均读取已保存主单限制，损坏来源不默许执行 (0.379875ms)
✔ 印花交出按两种长度分配，原单分次实收唯一记账，随后截断/回仓/领料守恒 (455.891042ms)
✔ 主单离页保存保留其他页取消及新增单，同单并发编辑和存储失败不覆盖 (3.150583ms)
✔ 技术包换版后旧规格冻结，已交出的仓库及生产在途可实收且不改旧长度 (68.498208ms)
✔ 未发料换版释放旧占用，新需求从备料至生产实收，旧预览和已执行重算阻断 (118.48725ms)
✔ 已加工换版：旧200条冻结并释放未发分配，新550/700mm需求实收1000条，旧预览失效且库存守恒 (140.371042ms)
✔ B05实际410/590错配：短条余量冻结，连续余料8米补10条700mm至两规格生产实收 (221.729917ms)
✔ 加工计划时间独立保存：明确时区、并发版本阻断、实际节点不倒推开完工且库存不变 (26.572792ms)
✔ 加工单费用按技术包需求计价：单位、币种和版本可追溯，库存与实收不被费用动作改变 (22.716375ms)
✔ 织带加工单没有接单或开工门禁，投入实收后可直接加工填报 (56.054166ms)
✔ B23未执行采购1000减900：版本留痕、旧预览阻断、重新确认接受后900实际生产实收 (59.942083ms)
✔ B24实收1000退100：仓库交出与TMF分次实收独立，原收保留且净900后减量 (93.876042ms)
✔ 采购取消门禁：无执行事实可取消，已收货或已生产必须先处置不能直接结案 (51.122084ms)
[PMS_IDB_LOAD_FAILED] { message: '当前浏览器不支持 IndexedDB,PMS 业务数据无法持久化。' }
[PMS_IDB_UNAVAILABLE] put 跳过,数据仅保留在内存 { store: 'pmsMaterialPurchaseOrderDeltas', key: 'CGF-2026-0007' }
[PMS_IDB_LOAD_FAILED] { message: '当前浏览器不支持 IndexedDB,PMS 业务数据无法持久化。' }
[PMS_IDB_LOAD_FAILED] { message: '当前浏览器不支持 IndexedDB,PMS 业务数据无法持久化。' }
[PMS_IDB_LOAD_FAILED] { message: '当前浏览器不支持 IndexedDB,PMS 业务数据无法持久化。' }
[PMS_IDB_UNAVAILABLE] put 跳过,数据仅保留在内存 { store: 'pmsMaterialPurchaseOrderDeltas', key: 'CGF-2026-0007' }
[PMS_IDB_UNAVAILABLE] put 跳过,数据仅保留在内存 { store: 'pmsMaterialPurchaseOrderDeltas', key: 'CGF-2026-0007' }
[PMS_IDB_UNAVAILABLE] put 跳过,数据仅保留在内存 { store: 'pmsMaterialPurchaseOrderDeltas', key: 'CGF-2026-0007' }
[PMS_IDB_LOAD_FAILED] { message: '当前浏览器不支持 IndexedDB,PMS 业务数据无法持久化。' }
[PMS_IDB_LOAD_FAILED] { message: '当前浏览器不支持 IndexedDB,PMS 业务数据无法持久化。' }
[PMS_IDB_LOAD_FAILED] { message: '当前浏览器不支持 IndexedDB,PMS 业务数据无法持久化。' }
✔ PMS采购实际仓库实收与原料库存一次保存；分批、刷新、原料使用和退回均不重复履约 (297.900667ms)
✔ 历史手工到货及不支持的单位不能直接变成投入料可用库存 (0.776875ms)
✔ 首次实收前供应商确认与关闭可刷新恢复，保存失败和损坏存储不会覆盖状态 (2.76725ms)
✔ N01采用路线按染色→印花关联原单，多尺码不重复列工序，不修改印染数量 (2.620208ms)
✔ 旧版本、错误SKU、码制单位、取消或变更待处理均不作为有效关联 (0.58075ms)
✔ 同号不同生产单或BOM不得关联，重复来源不静默选择，混合快照阻断 (0.793083ms)
✔ 编辑器按尺码保留规格，截断打头不新建SKU，重复保存沿用节点身份 (4.307792ms)
✔ 无印染要求时 TMF 路线只生成截断节点，不凭空生成染色或印花节点 (0.360958ms)
✔ 前序印染产出SKU作为截断投入；保留独立橡筋工艺，移除打头后下游连接截断 (1.343375ms)
✔ 未明确打头、错误辅料BOM、无半成品和不合法前序不能生成可执行路线 (0.372416ms)
(node:59068) ExperimentalWarning: localStorage is not available because --localstorage-file was not provided.
(Use `node --trace-warnings ...` to show where the warning was created)
✔ N01：400 条 50CM 和 600 条 70CM 分行计算，共 620 米；未增加 SKU (2.905ms)
✔ 缺少尺码数量、非整数条数、公差或测量条件时不猜测需求 (0.779ms)
✔ B07：未选择打头、缺少端头方式或辅材不能确认；支持两端不同端头 (1.130583ms)
✔ N04/B08：硅胶按重量且必须有覆盖长度，不作为独立金属头计数 (0.13575ms)
✔ B18：打头只能承接对应截断条料，不能换 SKU、换长度或重新领连续料 (0.297292ms)
✔ N05：规格相同可以合并，但尺码、用途和需求身份不靠物理规格键代替 (0.108834ms)
✔ B14：修改后续版本端头要求不能污染生产单历史快照 (0.703625ms)
✔ 发布门禁：含织带截断工序的技术包必须规格完整且规格仍关联当前 BOM (0.179ms)
(node:59069) ExperimentalWarning: localStorage is not available because --localstorage-file was not provided.
(Use `node --trace-warnings ...` to show where the warning was created)
✔ 已提交新周期可由真实袋档案进入历史，错误袋和未知周期仍拒绝 (4.899041ms)
(node:59091) ExperimentalWarning: localStorage is not available because --localstorage-file was not provided.
(Use `node --trace-warnings ...` to show where the warning was created)
✔ REPLACEMENT_FABRIC 已绑定有效同生产单任务保留归属，不按部位裁片SKU消除 (39.055708ms)
✔ REPLACEMENT_FABRIC 未绑定票不猜任务，可由用户明确同批加入 (15.768375ms)
✔ REPLACEMENT_FABRIC old-factory 旧绑定不可作为当前任务沿用 (29.77425ms)
✔ REPLACEMENT_FABRIC other-order 旧绑定不可作为当前任务沿用 (17.182459ms)
✔ BINDING_STRIP 已绑定有效同生产单任务保留归属，不按部位裁片SKU消除 (17.393542ms)
✔ BINDING_STRIP 未绑定票不猜任务，可由用户明确同批加入 (12.881792ms)
✔ BINDING_STRIP old-factory 旧绑定不可作为当前任务沿用 (15.716542ms)
✔ BINDING_STRIP other-order 旧绑定不可作为当前任务沿用 (14.406875ms)
ℹ tests 687
ℹ suites 0
ℹ pass 687
ℹ fail 0
ℹ cancelled 0
ℹ skipped 0
ℹ todo 0
ℹ duration_ms 24858.732292
vite v6.4.3 building for production...
transforming...
✓ 2736 modules transformed.
Circular chunk: pcs-tech-pack-review -> pcs-tech-pack-bootstrap -> pcs-tech-pack-review. Consider disabling the "output.onlyExplicitManualChunks" option, as enabling it causes the static dependencies of the manual chunk "pcs-tech-pack-bootstrap" to be bundled into the chunk "pcs-tech-pack-review".
rendering chunks...
[plugin vite:reporter] 
(!) /Users/laoer/.codex/worktrees/9ec5/higoods/src/data/fcs/cut-piece-release.ts is dynamically imported by /Users/laoer/.codex/worktrees/9ec5/higoods/src/data/fcs/cutting/cut-piece-ticket-validity.ts, /Users/laoer/.codex/worktrees/9ec5/higoods/src/data/fcs/cutting/cut-piece-ticket-validity.ts, /Users/laoer/.codex/worktrees/9ec5/higoods/src/data/fcs/cutting/cutting-event-repository.ts, /Users/laoer/.codex/worktrees/9ec5/higoods/src/data/fcs/cutting/cutting-event-repository.ts, /Users/laoer/.codex/worktrees/9ec5/higoods/src/data/fcs/production-context-actions.ts but also statically imported by /Users/laoer/.codex/worktrees/9ec5/higoods/src/data/fcs/runtime-process-tasks.ts, /Users/laoer/.codex/worktrees/9ec5/higoods/src/data/fcs/sewing-assignment-readiness.ts, /Users/laoer/.codex/worktrees/9ec5/higoods/src/data/fcs/sewing-production-order-duration.ts, /Users/laoer/.codex/worktrees/9ec5/higoods/src/pages/fcs/material-prep/sewing.ts, /Users/laoer/.codex/worktrees/9ec5/higoods/src/pages/process-factory/cutting/cut-order-release-integration.ts, /Users/laoer/.codex/worktrees/9ec5/higoods/src/pages/process-factory/cutting/cut-piece-release.ts, /Users/laoer/.codex/worktrees/9ec5/higoods/src/pages/process-factory/cutting/cutting-daily-production-report-model.ts, /Users/laoer/.codex/worktrees/9ec5/higoods/src/pages/process-factory/cutting/supplement-management.ts, /Users/laoer/.codex/worktrees/9ec5/higoods/src/pages/sewing-outsourcing/tasks.ts, /Users/laoer/.codex/worktrees/9ec5/higoods/src/pages/unified-dispatch-workbench.ts, dynamic import will not move module into another chunk.

[plugin vite:reporter] 
(!) /Users/laoer/.codex/worktrees/9ec5/higoods/src/components/production-object-floating-entry.ts is dynamically imported by /Users/laoer/.codex/worktrees/9ec5/higoods/src/main.ts but also statically imported by /Users/laoer/.codex/worktrees/9ec5/higoods/src/components/shell.ts, dynamic import will not move module into another chunk.

[plugin vite:reporter] 
(!) /Users/laoer/.codex/worktrees/9ec5/higoods/src/data/fcs/printing-task-domain.ts is dynamically imported by /Users/laoer/.codex/worktrees/9ec5/higoods/src/data/fcs/dyeing-task-domain.ts, /Users/laoer/.codex/worktrees/9ec5/higoods/src/data/fcs/tmf-upstream-process-orders.ts, /Users/laoer/.codex/worktrees/9ec5/higoods/src/data/pms/tmf-material-purchases.ts, /Users/laoer/.codex/worktrees/9ec5/higoods/src/pages/process-factory/accessory/webbing/work-order-detail.ts, /Users/laoer/.codex/worktrees/9ec5/higoods/src/pages/process-factory/accessory/webbing/work-order-detail.ts but also statically imported by /Users/laoer/.codex/worktrees/9ec5/higoods/src/data/fcs/cutting/material-prep.ts, /Users/laoer/.codex/worktrees/9ec5/higoods/src/data/fcs/cutting/supplement-node-facts.ts, /Users/laoer/.codex/worktrees/9ec5/higoods/src/data/fcs/design-revision-material-transfer.ts, /Users/laoer/.codex/worktrees/9ec5/higoods/src/data/fcs/design-revision-process-work-order-adapter.ts, /Users/laoer/.codex/worktrees/9ec5/higoods/src/data/fcs/factory-receiving-links.ts, /Users/laoer/.codex/worktrees/9ec5/higoods/src/data/fcs/factory-receiving-source-sync.ts, /Users/laoer/.codex/worktrees/9ec5/higoods/src/data/fcs/mobile-execution-task-index.ts, /Users/laoer/.codex/worktrees/9ec5/higoods/src/data/fcs/pda-start-link.ts, /Users/laoer/.codex/worktrees/9ec5/higoods/src/data/fcs/printing-factory-demos.ts, /Users/laoer/.codex/worktrees/9ec5/higoods/src/data/fcs/printing-material-receipts.ts, /Users/laoer/.codex/worktrees/9ec5/higoods/src/data/fcs/printing-statistics.ts, /Users/laoer/.codex/worktrees/9ec5/higoods/src/data/fcs/printing-warehouse-view.ts, /Users/laoer/.codex/worktrees/9ec5/higoods/src/data/fcs/printing-work-order-business.ts, /Users/laoer/.codex/worktrees/9ec5/higoods/src/data/fcs/process-action-writeback-service.ts, /Users/laoer/.codex/worktrees/9ec5/higoods/src/data/fcs/process-execution-writeback.ts, /Users/laoer/.codex/worktrees/9ec5/higoods/src/data/fcs/process-mobile-task-binding.ts, /Users/laoer/.codex/worktrees/9ec5/higoods/src/data/fcs/process-warehouse-linkage-service.ts, /Users/laoer/.codex/worktrees/9ec5/higoods/src/data/fcs/process-web-status-actions.ts, /Users/laoer/.codex/worktrees/9ec5/higoods/src/data/fcs/process-work-order-domain.ts, /Users/laoer/.codex/worktrees/9ec5/higoods/src/data/fcs/process-work-order-generation-service.ts, /Users/laoer/.codex/worktrees/9ec5/higoods/src/data/fcs/production-demand-early-process-work-orders.ts, /Users/laoer/.codex/worktrees/9ec5/higoods/src/data/fcs/production-object-overview.ts, /Users/laoer/.codex/worktrees/9ec5/higoods/src/data/fcs/production-process-work-order-service.ts, /Users/laoer/.codex/worktrees/9ec5/higoods/src/data/fcs/production-task-breakdown.ts, /Users/laoer/.codex/worktrees/9ec5/higoods/src/data/fcs/task-print-cards.ts, /Users/laoer/.codex/worktrees/9ec5/higoods/src/pages/pcs-independent-sampling.ts, /Users/laoer/.codex/worktrees/9ec5/higoods/src/pages/pda-exec-detail.ts, /Users/laoer/.codex/worktrees/9ec5/higoods/src/pages/pda-exec.ts, /Users/laoer/.codex/worktrees/9ec5/higoods/src/pages/pda-task-receive.ts, /Users/laoer/.codex/worktrees/9ec5/higoods/src/pages/print/templates/printing-work-order-template.ts, /Users/laoer/.codex/worktrees/9ec5/higoods/src/pages/process-factory/cutting/production-order-overview-projection.ts, /Users/laoer/.codex/worktrees/9ec5/higoods/src/pages/process-factory/dyeing/pending-receipts.ts, /Users/laoer/.codex/worktrees/9ec5/higoods/src/pages/process-factory/printing/dashboards.ts, /Users/laoer/.codex/worktrees/9ec5/higoods/src/pages/process-factory/printing/dialogs.ts, /Users/laoer/.codex/worktrees/9ec5/higoods/src/pages/process-factory/printing/dispatch.ts, /Users/laoer/.codex/worktrees/9ec5/higoods/src/pages/process-factory/printing/events.ts, /Users/laoer/.codex/worktrees/9ec5/higoods/src/pages/process-factory/printing/presentation.ts, /Users/laoer/.codex/worktrees/9ec5/higoods/src/pages/process-factory/printing/shared.ts, /Users/laoer/.codex/worktrees/9ec5/higoods/src/pages/process-factory/printing/statistics.ts, /Users/laoer/.codex/worktrees/9ec5/higoods/src/pages/process-factory/printing/work-order-detail.ts, /Users/laoer/.codex/worktrees/9ec5/higoods/src/pages/process-print-orders.ts, /Users/laoer/.codex/worktrees/9ec5/higoods/src/pages/process-work-orders/early-process-management.ts, /Users/laoer/.codex/worktrees/9ec5/higoods/src/pages/production/demand-domain.ts, /Users/laoer/.codex/worktrees/9ec5/higoods/src/runtime/fcs/cutting/pickup-management-runtime.ts, dynamic import will not move module into another chunk.

computing gzip size...
dist/index.html                                                          12.67 kB │ gzip:   3.08 kB
dist/assets/pcs-pattern-parse.worker-B3_rAVMB.js                         18.52 kB
dist/assets/pcs-record-baseline-BWpImHil.json                         4,125.30 kB │ gzip: 226.59 kB
dist/assets/order-pages-BLg6Ma6N.css                                     85.42 kB │ gzip:  15.73 kB
dist/assets/index-ohj5SmiW.css                                          155.28 kB │ gzip:  25.50 kB
dist/assets/domain-snapshot-CPemLwPc.js                                   0.34 kB │ gzip:   0.26 kB
dist/assets/sample-warehouse-projection-J6XFnCk0.js                       0.39 kB │ gzip:   0.25 kB
dist/assets/pcs-engineering-bom-snapshot-source-DEFneBQc.js               0.41 kB │ gzip:   0.30 kB
dist/assets/real-qr-placeholder-9rHb0z71.js                               0.52 kB │ gzip:   0.35 kB
dist/assets/pcs-record-bootstrap-BFYeXLhh.js                              0.56 kB │ gzip:   0.45 kB
dist/assets/dialogs-xLp0KD7S.js                                           0.59 kB │ gzip:   0.31 kB
dist/assets/design-revision-pcs-command-dfxSqq6T.js                       0.68 kB │ gzip:   0.38 kB
dist/assets/pcs-storage-error-B1qMMQED.js                                 0.71 kB │ gzip:   0.52 kB
dist/assets/badge-Cu_gXXEe.js                                             0.78 kB │ gzip:   0.42 kB
dist/assets/images-Q79qfJD0.js                                            0.80 kB │ gzip:   0.35 kB
dist/assets/pms-export-1Cg9H9ml.js                                        0.83 kB │ gzip:   0.50 kB
dist/assets/placeholder--OXJYgnZ.js                                       0.85 kB │ gzip:   0.47 kB
dist/assets/pda-cutting-save-DvglfQ0J.js                                  0.89 kB │ gzip:   0.60 kB
dist/assets/trace-vS5p8JvR.js                                             0.89 kB │ gzip:   0.51 kB
dist/assets/execution-prep-projection-helpers-BAzv5FCO.js                 0.94 kB │ gzip:   0.46 kB
dist/assets/history-CUo0HW76.js                                           0.94 kB │ gzip:   0.61 kB
dist/assets/payment-sync-CbPoVeJ2.js                                      0.97 kB │ gzip:   0.62 kB
dist/assets/tmf-reference-images-6geKcU1B.js                              0.98 kB │ gzip:   0.50 kB
dist/assets/print-service-CyrwQfQw.js                                     1.04 kB │ gzip:   0.52 kB
dist/assets/pda-sewing-self-return-mode-CVT5AEl1.js                       1.07 kB │ gzip:   0.54 kB
dist/assets/process-work-order-generation-service-CujurX8e.js             1.07 kB │ gzip:   0.65 kB
dist/assets/detail.adapter-Cwcj7eKk.js                                    1.08 kB │ gzip:   0.68 kB
dist/assets/material-purchase-references-BvjzCKs7.js                      1.10 kB │ gzip:   0.58 kB
dist/assets/routes-los-DKma9Cb4.js                                        1.14 kB │ gzip:   0.54 kB
dist/assets/dyeing-material-receipts-CVj01H5N.js                          1.14 kB │ gzip:   0.75 kB
dist/assets/pda-runtime-Dz4ZCbrt.js                                       1.21 kB │ gzip:   0.66 kB
dist/assets/tech-pack-BM9urgLe.js                                         1.28 kB │ gzip:   0.59 kB
dist/assets/overview-DJKkMpm_.js                                          1.29 kB │ gzip:   0.71 kB
dist/assets/process-work-order-source-view-CjmlUPET.js                    1.30 kB │ gzip:   0.58 kB
dist/assets/transfer-bag-handover-mock-DDMCmxLE.js                        1.31 kB │ gzip:   0.71 kB
dist/assets/pcs-tech-pack-review-notification-repository-DFn6VuKa.js      1.34 kB │ gzip:   0.59 kB
dist/assets/replacement-fabric-scan-OgRe6BAw.js                           1.34 kB │ gzip:   0.82 kB
dist/assets/work-order-action-policy-B_htTkaE.js                          1.34 kB │ gzip:   0.68 kB
dist/assets/real-qr-S0oGDOef.js                                           1.39 kB │ gzip:   0.80 kB
dist/assets/filter-bar-CfFpiflW.js                                        1.49 kB │ gzip:   0.81 kB
dist/assets/factory-types-DbcizYGx.js                                     1.52 kB │ gzip:   0.65 kB
dist/assets/material-identity-BeC0hm1z.js                                 1.54 kB │ gzip:   0.84 kB
dist/assets/supplement-material-prep-demand-registry-DI-N3DvB.js          1.56 kB │ gzip:   0.75 kB
dist/assets/task-handover-domain-BkJ9aBBT.js                              1.57 kB │ gzip:   0.76 kB
dist/assets/pda-cutting-wait-handover-actions-Bn7KEUMw.js                 1.58 kB │ gzip:   0.62 kB
dist/assets/warehouse-shared-LfSw0a9D.js                                  1.58 kB │ gzip:   0.51 kB
dist/assets/pcs-material-handoff-CnJQ4T46.js                              1.65 kB │ gzip:   0.81 kB
dist/assets/task-chain-pages-adapter-BzNVg60G.js                          1.71 kB │ gzip:   0.84 kB
dist/assets/pcs-tech-pack-version-log-repository-DTjyELqC.js              1.73 kB │ gzip:   0.79 kB
dist/assets/real-barcode-BxJRwbHz.js                                      1.81 kB │ gzip:   0.96 kB
dist/assets/tmf-upstream-receiving-5AZi246i.js                            1.82 kB │ gzip:   1.13 kB
dist/assets/fei-tickets-storage-7KaIHPKx.js                               1.85 kB │ gzip:   0.58 kB
dist/assets/list-export-GL2TUtv7.js                                       1.86 kB │ gzip:   1.09 kB
dist/assets/toast-CclmHLid.js                                             1.87 kB │ gzip:   0.90 kB
dist/assets/wool-pda-scan-BAYJPkXx.js                                     1.88 kB │ gzip:   1.03 kB
dist/assets/mixed-transfer-bag-ticket-DETTPWFm.js                         1.89 kB │ gzip:   0.79 kB
dist/assets/kol-goto-fixed-total-ledger-W-TfjL6a.js                       1.93 kB │ gzip:   0.93 kB
dist/assets/table-FyPc0yZd.js                                             2.04 kB │ gzip:   1.02 kB
dist/assets/pcs-action-dialog-CdGY3xl3.js                                 2.09 kB │ gzip:   1.07 kB
dist/assets/binding-process-pda-scan-Ck5jPnhd.js                          2.18 kB │ gzip:   1.13 kB
dist/assets/special-craft-pda-scope-3gc8CW5Y.js                           2.24 kB │ gzip:   1.02 kB
dist/assets/cutting-record-identity-CtTd0WGy.js                           2.26 kB │ gzip:   1.23 kB
dist/assets/cutting-file-maintenance-BiEb863X.js                          2.33 kB │ gzip:   1.23 kB
dist/assets/helpers-BFKa6pUf.js                                           2.42 kB │ gzip:   1.21 kB
dist/assets/production-order-tech-pack-runtime-iX0MTjDX.js                2.44 kB │ gzip:   0.94 kB
dist/assets/mixed-bag-contents-B6S-GM4b.js                                2.52 kB │ gzip:   1.35 kB
dist/assets/tmf-work-order-view-N5XOR8S5.js                               2.56 kB │ gzip:   1.18 kB
dist/assets/production-context-recovery-9ptQ3pFC.js                       2.56 kB │ gzip:   1.31 kB
dist/assets/factory-capacity-profile-mock-Dv5YtZGT.js                     2.64 kB │ gzip:   1.15 kB
dist/assets/pms-excel-import-DnMCWv6B.js                                  2.66 kB │ gzip:   1.32 kB
dist/assets/shared-DW9BItql.js                                            2.70 kB │ gzip:   1.02 kB
dist/assets/process-order-list-presentation-BTg5YaYM.js                   2.71 kB │ gzip:   1.26 kB
dist/assets/post-finishing-spu-technical-parameters-BGWUePHw.js           2.79 kB │ gzip:   1.28 kB
dist/assets/marker-plan-projection-B_QIHF0h.js                            2.82 kB │ gzip:   1.22 kB
dist/assets/process-order-task-relations-CnsFd6ne.js                      2.97 kB │ gzip:   1.29 kB
dist/assets/product-skus-CEt6Fukj.js                                      3.03 kB │ gzip:   0.96 kB
dist/assets/production-order-identity-bWup_7je.js                         3.04 kB │ gzip:   1.26 kB
dist/assets/dialogs-CUgwwqYB.js                                           3.08 kB │ gzip:   1.27 kB
dist/assets/tabs-DsQV58RI.js                                              3.09 kB │ gzip:   0.93 kB
dist/assets/pda-cutting-runtime-action-inputs-CWQHYwtu.js                 3.13 kB │ gzip:   1.08 kB
dist/assets/trade-subjects-B1U82DIE.js                                    3.16 kB │ gzip:   1.12 kB
dist/assets/cutting-mainline-vy4c6wIE.js                                  3.41 kB │ gzip:   1.53 kB
dist/assets/authorization-code-DDnPNaXh.js                                3.58 kB │ gzip:   1.72 kB
dist/assets/work-order-detail-DQaimHAc.js                                 3.62 kB │ gzip:   1.51 kB
dist/assets/binding-process-warehouse-linkage-service-BTRu-2R5.js         3.62 kB │ gzip:   1.38 kB
dist/assets/printing-sheet-preview-9xkw0BGw.js                            3.65 kB │ gzip:   1.74 kB
dist/assets/fcs-route-links-CdIu8Xoq.js                                   3.67 kB │ gzip:   1.20 kB
dist/assets/shared-DVKNq5Q2.js                                            3.72 kB │ gzip:   1.69 kB
dist/assets/quality-chain-adapter-4cIpy0oT.js                             3.73 kB │ gzip:   1.66 kB
dist/assets/confirmation-print-DmanUXCd.js                                3.79 kB │ gzip:   1.60 kB
dist/assets/shared-DFlGH8je.js                                            3.87 kB │ gzip:   1.62 kB
dist/assets/sewing-outsourcing-demo-DeHjUw-R.js                           4.05 kB │ gzip:   1.63 kB
dist/assets/task-route-card-BKGuHEqJ.js                                   4.05 kB │ gzip:   1.74 kB
dist/assets/tipping-form-lwx4lyZf.js                                      4.07 kB │ gzip:   2.02 kB
dist/assets/pcs-product-reference-check-BYaFk1cS.js                       4.07 kB │ gzip:   1.69 kB
dist/assets/production-contract-print-kPxoE5GK.js                         4.07 kB │ gzip:   2.07 kB
dist/assets/transfer-bag-repack-mock-Cxqa6G6o.js                          4.09 kB │ gzip:   1.89 kB
dist/assets/task-delivery-card-BinlamV1.js                                4.11 kB │ gzip:   1.82 kB
dist/assets/transit-simple-lists-BDBm5ZH1.js                              4.17 kB │ gzip:   1.47 kB
dist/assets/pda-cutting-simple-cut-piece-handover-CpHt-2r8.js             4.35 kB │ gzip:   1.95 kB
dist/assets/supplement-order-registry-CHnc7juB.js                         4.49 kB │ gzip:   1.76 kB
dist/assets/tmf-process-print-preview-Cj3U5JiN.js                         4.59 kB │ gzip:   2.16 kB
dist/assets/form-CyxKTcfg.js                                              4.74 kB │ gzip:   1.40 kB
dist/assets/layout.helpers-TvfTjadK.js                                    4.76 kB │ gzip:   1.73 kB
dist/assets/runtime-task-tenders-YGz6fHpq.js                              4.76 kB │ gzip:   1.94 kB
dist/assets/preparation-material-receipt-sources-BZiG5CJZ.js              4.76 kB │ gzip:   1.99 kB
dist/assets/relations-Dfm9rfWk.js                                         4.80 kB │ gzip:   2.19 kB
dist/assets/sewing-outsourcing-responsibility-BRRs_d1f.js                 4.82 kB │ gzip:   2.10 kB
dist/assets/transit-dashboard-CGS-3VvL.js                                 4.85 kB │ gzip:   2.04 kB
dist/assets/result-list-CjZFFsFD.js                                       4.94 kB │ gzip:   2.06 kB
dist/assets/generated-cut-release-Z3soGnid.js                             4.95 kB │ gzip:   2.26 kB
dist/assets/store-domain-dispatch-process-P5ziPMlT.js                     5.00 kB │ gzip:   1.94 kB
dist/assets/progress-board-DhWKuXNa.js                                    5.02 kB │ gzip:   2.21 kB
dist/assets/process-order-list-controller-DxU3evrR.js                     5.09 kB │ gzip:   1.90 kB
dist/assets/cutting-event-migration-DT9OWZvm.js                           5.18 kB │ gzip:   2.07 kB
dist/assets/tmf-upstream-process-orders-CP1hMnm_.js                       5.23 kB │ gzip:   2.44 kB
dist/assets/material-requirements-CoWk9wNn.js                             5.27 kB │ gzip:   2.24 kB
dist/assets/process-work-order-quality-settlement-C7vs_lIu.js             5.33 kB │ gzip:   2.20 kB
dist/assets/replacement-fabric-fei-tickets-Ch1-5-QO.js                    5.60 kB │ gzip:   2.46 kB
dist/assets/tmf-process-continuation-B3hoPFRr.js                          5.66 kB │ gzip:   1.62 kB
dist/assets/dispatch-task-sheet-C4WsTQoK.js                               5.72 kB │ gzip:   2.71 kB
dist/assets/dashboards-G-PVrF0L.js                                        5.75 kB │ gzip:   2.73 kB
dist/assets/pcs-product-information-CoZH-H-Y.js                           5.79 kB │ gzip:   2.65 kB
dist/assets/wls-page-handlers-DBlq7Csq.js                                 5.82 kB │ gzip:   2.08 kB
dist/assets/process-order-three-axis-view-MnfxSqGe.js                     5.85 kB │ gzip:   2.36 kB
dist/assets/replacement-fabric-label-template-D2bcIa78.js                 5.86 kB │ gzip:   2.60 kB
dist/assets/retired-cut-piece-pickup-history-C3AmqpMB.js                  5.87 kB │ gzip:   2.37 kB
dist/assets/pda-cutting-nav-context-BG73Auwh.js                           5.95 kB │ gzip:   1.41 kB
dist/assets/replacement-fabric-preview-BxEuMnay.js                        5.95 kB │ gzip:   2.84 kB
dist/assets/los-live-room-master-Dc29Pyua.js                              5.97 kB │ gzip:   2.66 kB
dist/assets/transfer-bags-projection-DJBZ412j.js                          6.05 kB │ gzip:   2.38 kB
dist/assets/fcs-pda-pickup-dispute-Dt1hhEqk.js                            6.18 kB │ gzip:   2.18 kB
dist/assets/pda-wool-warehouse-flows-BAHIXMa3.js                          6.19 kB │ gzip:   3.05 kB
dist/assets/warehouse-standard-DOy-0b_l.js                                6.30 kB │ gzip:   2.10 kB
dist/assets/fact-view-BAa2hkE-.js                                         6.35 kB │ gzip:   2.11 kB
dist/assets/transfer-bag-goods-label-UBttPsNz.js                          6.46 kB │ gzip:   2.65 kB
dist/assets/production-contract-center-CgKpY3nF.js                        6.62 kB │ gzip:   2.83 kB
dist/assets/sewing-outsourcing-supplement-tracking-CWDshmz3.js            6.63 kB │ gzip:   2.89 kB
dist/assets/workbench-B8jN2Kqt.js                                         6.63 kB │ gzip:   2.68 kB
dist/assets/cutting-task-routing-syM1BubP.js                              6.65 kB │ gzip:   2.38 kB
dist/assets/factory-receiving-links-CMaiRQOy.js                           6.74 kB │ gzip:   2.71 kB
dist/assets/printing-work-order-template-CRM2uVGJ.js                      6.83 kB │ gzip:   3.18 kB
dist/assets/production-contract-master-template-DpqrS4g-.js               6.85 kB │ gzip:   2.74 kB
dist/assets/shared-DBMq0tGd.js                                            6.86 kB │ gzip:   2.53 kB
dist/assets/routes-pda-BEKIuhAl.js                                        6.86 kB │ gzip:   2.59 kB
dist/assets/routes-pcs-CGGjec-m.js                                        6.90 kB │ gzip:   1.86 kB
dist/assets/data-management-DpoEaITn.js                                   7.00 kB │ gzip:   2.56 kB
dist/assets/material-handover-DALRF2wi.js                                 7.06 kB │ gzip:   2.77 kB
dist/assets/stock-seed-Cj8lLuwm.js                                        7.11 kB │ gzip:   2.44 kB
dist/assets/dye-work-order-times-w7U4XCtx.js                              7.22 kB │ gzip:   2.55 kB
dist/assets/overview.helpers-BP2F5Yu8.js                                  7.36 kB │ gzip:   2.88 kB
dist/assets/pcs-channel-legacy-conversion-Dg3I_fD9.js                     7.40 kB │ gzip:   3.19 kB
dist/assets/shared-CDdZnaNW.js                                            7.43 kB │ gzip:   2.60 kB
dist/assets/settlement-flow-boundaries-DbkSNas3.js                        7.43 kB │ gzip:   2.53 kB
dist/assets/craft-actions-CRSBtg1w.js                                     7.51 kB │ gzip:   3.37 kB
dist/assets/pcs-testing-order-create-Dqhoc-3z.js                          7.51 kB │ gzip:   2.93 kB
dist/assets/production-craft-dict-coAaM62J.js                             7.51 kB │ gzip:   2.83 kB
dist/assets/transit-warehouse-CGN4xIMS.js                                 7.54 kB │ gzip:   2.13 kB
dist/assets/pcs-sample-label-DNi0zByM.js                                  7.68 kB │ gzip:   3.49 kB
dist/assets/supplement-node-facts-DB4UQWgW.js                             7.76 kB │ gzip:   2.84 kB
dist/assets/sewing-outsourcing-return-tracking-CqugoDl-.js                7.91 kB │ gzip:   2.96 kB
dist/assets/tmf-process-sheet-template-C_-151ct.js                        8.00 kB │ gzip:   3.81 kB
dist/assets/statistics-eZg4GEWK.js                                        8.03 kB │ gzip:   2.62 kB
dist/assets/pda-transfer-bag-detail-D3ayJAJJ.js                           8.08 kB │ gzip:   3.02 kB
dist/assets/progress-exception-lifecycle-BJx0gSBY.js                      8.09 kB │ gzip:   2.70 kB
dist/assets/supplier-supply-archives-Bid-xGw5.js                          8.13 kB │ gzip:   2.60 kB
dist/assets/production-contracts-BPn2piTN.js                              8.14 kB │ gzip:   2.78 kB
dist/assets/pda-notify-CbB5-pjM.js                                        8.31 kB │ gzip:   3.10 kB
dist/assets/milestone-configs-DPvkfNgx.js                                 8.41 kB │ gzip:   2.94 kB
dist/assets/pcs-testing-order-list-SJT0z3GG.js                            8.51 kB │ gzip:   3.31 kB
dist/assets/material-process-plans-BDRXUPpE.js                            8.66 kB │ gzip:   3.49 kB
dist/assets/pre-settlement-ledger-repository-DT7SaKEw.js                  8.84 kB │ gzip:   3.03 kB
dist/assets/pcs-pattern-library-config-ZrNafxya.js                        8.84 kB │ gzip:   2.42 kB
dist/assets/pda-cutting-shared-CMWudufi.js                                8.87 kB │ gzip:   2.72 kB
dist/assets/navigation-context-Cd4CBYF3.js                                8.87 kB │ gzip:   2.46 kB
dist/assets/warehouses-CSFYi5tN.js                                        8.89 kB │ gzip:   2.11 kB
dist/assets/bom-templates-D-cbFKTJ.js                                     8.90 kB │ gzip:   3.70 kB
dist/assets/pda-cutting-execution-unit-Rim9wtlG.js                        9.12 kB │ gzip:   3.46 kB
dist/assets/machine-associations-Bq6FNANq.js                              9.16 kB │ gzip:   3.11 kB
dist/assets/pda-notify-detail-DvlyAA0x.js                                 9.20 kB │ gzip:   3.06 kB
dist/assets/fei-ticket-numbering-SbHyQ7Yk.js                              9.21 kB │ gzip:   3.23 kB
dist/assets/pda-cutting-fei-ticket-numbering-Bk9kdMrm.js                  9.27 kB │ gzip:   3.20 kB
dist/assets/pda-execution-BZ2cx45H.js                                     9.30 kB │ gzip:   3.69 kB
dist/assets/workbench-BTn4fnHd.js                                         9.34 kB │ gzip:   3.85 kB
dist/assets/handover-records-BwhPWzUK.js                                  9.35 kB │ gzip:   3.56 kB
dist/assets/pda-warehouse-B4k2tWDv.js                                     9.48 kB │ gzip:   3.77 kB
dist/assets/mobile-BJfOfSTl.js                                            9.53 kB │ gzip:   3.08 kB
dist/assets/sewing-pickup-slips-Da5eonF4.js                               9.65 kB │ gzip:   3.63 kB
dist/assets/pda-cutting-transfer-bag-recovery-CGHIArut.js                 9.75 kB │ gzip:   3.99 kB
dist/assets/dye-work-order-online-domain-YiJ_IIcm.js                      9.78 kB │ gzip:   3.65 kB
dist/assets/routes-pms-JDQ2Lb7F.js                                        9.80 kB │ gzip:   2.52 kB
dist/assets/production-receipts-D1V8dkAH.js                               9.81 kB │ gzip:   3.95 kB
dist/assets/pending-receipts-BvHK8giu.js                                  9.91 kB │ gzip:   4.09 kB
dist/assets/statistics-Bd9b3kkH.js                                       10.06 kB │ gzip:   4.37 kB
dist/assets/continuous-stock-BZ2UcZdp.js                                 10.09 kB │ gzip:   4.11 kB
dist/assets/pda-cutting-transfer-bag-scrap-BU2zHOl2.js                   10.14 kB │ gzip:   4.13 kB
dist/assets/trade-subjects-C6_hREmw.js                                   10.26 kB │ gzip:   3.74 kB
dist/assets/production-context-actions-Cxyc1wl-.js                       10.34 kB │ gzip:   3.78 kB
dist/assets/production-return-fulfillment-BVBYs8Zh.js                    10.50 kB │ gzip:   4.00 kB
dist/assets/bom-templates-ChqjVeph.js                                    10.52 kB │ gzip:   2.48 kB
dist/assets/cut-piece-release-facts-BHfZiG0s.js                          10.61 kB │ gzip:   4.31 kB
dist/assets/yarn-shipments-UXcZk-8n.js                                   10.70 kB │ gzip:   4.82 kB
dist/assets/list-Chwc2_IX.js                                             10.73 kB │ gzip:   3.75 kB
dist/assets/settings-CrC7haEs.js                                         10.73 kB │ gzip:   3.24 kB
dist/assets/product-skus-C1jHJcEM.js                                     10.74 kB │ gzip:   4.14 kB
dist/assets/transit-receipts-sinrPIhg.js                                 10.99 kB │ gzip:   4.02 kB
dist/assets/presentation-C1gXCYB2.js                                     11.25 kB │ gzip:   4.64 kB
dist/assets/design-revision-pcs-storage-D2ozVRMd.js                      11.28 kB │ gzip:   4.27 kB
dist/assets/pda-exec-link-D1yS3uC7.js                                    11.31 kB │ gzip:   3.68 kB
dist/assets/material-prep-Bw55ZhYi.js                                    11.39 kB │ gzip:   2.68 kB
dist/assets/cutting-event-repository-KCtqYH4h.js                         11.44 kB │ gzip:   4.86 kB
dist/assets/dyeing-warehouse-view-BwG7y3UH.js                            11.49 kB │ gzip:   3.95 kB
dist/assets/pcs-engineering-preparation-projection-BHN9i_ZQ.js           11.49 kB │ gzip:   4.26 kB
dist/assets/pda-login-CxDToDxw.js                                        11.66 kB │ gzip:   4.51 kB
dist/assets/warehouses-YaLub3Lk.js                                       11.74 kB │ gzip:   4.23 kB
dist/assets/purchase-suggestions-CVpQLmRu.js                             11.87 kB │ gzip:   3.70 kB
dist/assets/material-transfers-B6T4uzIv.js                               11.99 kB │ gzip:   4.21 kB
dist/assets/task-breakdown-Bau816wL.js                                   12.12 kB │ gzip:   4.51 kB
dist/assets/pickup-management-runtime-Ch_OtvJL.js                        12.25 kB │ gzip:   4.73 kB
dist/assets/task-execution-adapter-Bs8C6IpP.js                           12.26 kB │ gzip:   3.69 kB
dist/assets/process-statistics-domain-BN6N7Jya.js                        12.33 kB │ gzip:   4.03 kB
dist/assets/replacement-fabric-repository-tzQ3UF65.js                    12.43 kB │ gzip:   5.06 kB
dist/assets/pms-handlers-BabJhjha.js                                     12.54 kB │ gzip:   2.88 kB
dist/assets/context-Dg689KtV.js                                          13.02 kB │ gzip:   4.60 kB
dist/assets/cutting-record-repository-BLj51dRK.js                        13.04 kB │ gzip:   4.66 kB
dist/assets/meta-DbguIzwI.js                                             13.16 kB │ gzip:   2.95 kB
dist/assets/handover-records-mJC-sdLG.js                                 13.18 kB │ gzip:   4.15 kB
dist/assets/handover-print-CvcOBo3L.js                                   13.50 kB │ gzip:   4.94 kB
dist/assets/pda-start-link-B74g020G.js                                   13.62 kB │ gzip:   4.81 kB
dist/assets/inventory-monitor-rqURVK4E.js                                13.66 kB │ gzip:   4.78 kB
dist/assets/bom-detail-eAr-Ek6h.js                                       13.69 kB │ gzip:   4.97 kB
dist/assets/returns-0bfIQgzM.js                                          13.80 kB │ gzip:   5.11 kB
dist/assets/wls-finished-inbound-DKUazfoa.js                             13.92 kB │ gzip:   5.31 kB
dist/assets/tmf-base-demo-_9I90X1w.js                                    13.92 kB │ gzip:   5.03 kB
dist/assets/work-orders-DtHdBiko.js                                      13.99 kB │ gzip:   5.18 kB
dist/assets/wls-inbound-BUvKI6hh.js                                      14.01 kB │ gzip:   5.46 kB
dist/assets/cut-piece-return-warehouse-C08V0oKF.js                       14.16 kB │ gzip:   5.07 kB
dist/assets/idb-storage-DYscBY_v.js                                      14.27 kB │ gzip:   5.28 kB
dist/assets/pcs-technical-data-tech-pack-list-Dc-68DCl.js                14.30 kB │ gzip:   4.93 kB
dist/assets/supplements-BBrbTgEk.js                                      14.30 kB │ gzip:   5.22 kB
dist/assets/mobile-execution-task-index-B0gWyWXM.js                      14.41 kB │ gzip:   3.87 kB
dist/assets/post-finishing-qc-print-template-CmZVOGhQ.js                 14.50 kB │ gzip:   4.47 kB
dist/assets/work-orders-e27YANrZ.js                                      14.55 kB │ gzip:   4.95 kB
dist/assets/printing-sheet-template-omP40gaM.js                          14.58 kB │ gzip:   5.05 kB
dist/assets/manual-fei-tickets-C704dGmv.js                               14.69 kB │ gzip:   5.03 kB
dist/assets/work-orders-D5_SNS_l.js                                      14.75 kB │ gzip:   4.78 kB
dist/assets/work-order-detail-BxbgMRbs.js                                14.84 kB │ gzip:   4.77 kB
dist/assets/responsibility-transfers-ByfrxXQo.js                         15.06 kB │ gzip:   5.71 kB
dist/assets/workbench-DbbetZGC.js                                        15.72 kB │ gzip:   4.78 kB
dist/assets/cut-order-supplement-fixture-DYsl7ll_.js                     15.96 kB │ gzip:   4.83 kB
dist/assets/outbound-orders-Clxp77L_.js                                  16.05 kB │ gzip:   5.22 kB
dist/assets/process-web-status-actions-DZQK7_l2.js                       16.08 kB │ gzip:   4.29 kB
dist/assets/pcs-handlers-BAXVvMo6.js                                     16.14 kB │ gzip:   4.04 kB
dist/assets/handover-ledger-view-S_xzUwY9.js                             16.19 kB │ gzip:   4.46 kB
dist/assets/garment-spu-replacement-CcAydS8r.js                          16.40 kB │ gzip:   5.04 kB
dist/assets/reports-DU3vyFWp.js                                          16.44 kB │ gzip:   4.24 kB
dist/assets/cutting-runtime-event-ledger-qjZvpjLR.js                     16.45 kB │ gzip:   5.64 kB
dist/assets/machines-BzrFiiC6.js                                         16.47 kB │ gzip:   5.49 kB
dist/assets/full-flow-print-epjJshiL.js                                  16.56 kB │ gzip:   5.52 kB
dist/assets/payment-requests-D9PzzBQc.js                                 16.74 kB │ gzip:   5.50 kB
dist/assets/progress-handover-order-3FoQOBR4.js                          16.82 kB │ gzip:   5.01 kB
dist/assets/wls-garment-relabel-tasks-CSGL_ojA.js                        16.91 kB │ gzip:   5.59 kB
dist/assets/cut-order-release-integration-CE8eJdJg.js                    17.12 kB │ gzip:   6.13 kB
dist/assets/dispatch-acceptance-sla-W4jQI7Oe.js                          17.15 kB │ gzip:   5.13 kB
dist/assets/sewing-cut-piece-return-workflow-BZVOUGxH.js                 17.21 kB │ gzip:   6.09 kB
dist/assets/pda-cutting-task-detail-B48stQLg.js                          17.33 kB │ gzip:   6.12 kB
dist/assets/part-ticket-records-Px2mbrHB.js                              17.36 kB │ gzip:   6.46 kB
dist/assets/product-purchase-orders-DIMg_xft.js                          17.42 kB │ gzip:   5.22 kB
dist/assets/production-confirmation-Cs343ynC.js                          17.43 kB │ gzip:   5.94 kB
dist/assets/marker-spreading-projection-W1rvxyrL.js                      17.50 kB │ gzip:   5.54 kB
dist/assets/output-stock-COkOcalb.js                                     17.52 kB │ gzip:   6.60 kB
dist/assets/material-requirements-ZAGmobWm.js                            17.55 kB │ gzip:   5.99 kB
dist/assets/sewing-cut-piece-responsibility-BptP0qnS.js                  17.63 kB │ gzip:   5.30 kB
dist/assets/pda-sewing-self-return-BATmvt5W.js                           17.64 kB │ gzip:   5.97 kB
dist/assets/simple-cut-piece-handover-fixtures-CSU6HoFQ.js               17.74 kB │ gzip:   6.03 kB
dist/assets/progress-cutting-detail-CKl7UvAP.js                          17.76 kB │ gzip:   4.49 kB
dist/assets/bom-detail-D0rdGyDr.js                                       17.90 kB │ gzip:   5.78 kB
dist/assets/supplier-confirmations-CAp1_61g.js                           17.94 kB │ gzip:   5.33 kB
dist/assets/purchase-demands-CgoTtls-.js                                 18.07 kB │ gzip:   5.82 kB
dist/assets/suppliers-DOxcttzm.js                                        18.16 kB │ gzip:   5.27 kB
dist/assets/store-domain-pda-DkKSOzJu.js                                 18.21 kB │ gzip:   6.41 kB
dist/assets/pda-notify-due-soon-DNHKDari.js                              18.37 kB │ gzip:   6.26 kB
dist/assets/tasks-CtEmxstT.js                                            18.53 kB │ gzip:   6.90 kB
dist/assets/process-mobile-task-binding-CAEHNq_X.js                      18.56 kB │ gzip:   6.49 kB
dist/assets/generated-cut-orders-C-OSqjJh.js                             18.60 kB │ gzip:   5.57 kB
dist/assets/platform-process-result-view-DuV4MMwL.js                     18.64 kB │ gzip:   5.38 kB
dist/assets/store-domain-statement-source-adapter-DEojDjBs.js            18.71 kB │ gzip:   5.37 kB
dist/assets/sewing-outsourcing-workbench-D-08sX0u.js                     18.76 kB │ gzip:   6.52 kB
dist/assets/supplier-supply-archives-BUFUPTgg.js                         18.90 kB │ gzip:   5.80 kB
dist/assets/materials-DQo18LQz.js                                        18.93 kB │ gzip:   4.79 kB
dist/assets/pda-warehouse-shared-B6m9sjLL.js                             18.95 kB │ gzip:   5.69 kB
dist/assets/warehouse-CUAy61qI.js                                        19.07 kB │ gzip:   6.10 kB
dist/assets/production-demand-early-process-work-orders-D9j6CZy4.js      19.13 kB │ gzip:   5.74 kB
dist/assets/events-DMEHBKgE.js                                           19.17 kB │ gzip:   7.46 kB
dist/assets/platform.adapter-KSVvO2qd.js                                 19.25 kB │ gzip:   6.09 kB
dist/assets/kol-goto-pda-domain-Isp_Axo8.js                              19.33 kB │ gzip:   6.58 kB
dist/assets/shared-BEkmO8Tr.js                                           19.43 kB │ gzip:   5.25 kB
dist/assets/units-6ZhbXxcJ.js                                            19.73 kB │ gzip:   5.90 kB
dist/assets/post-finishing-current-read-model-Cj_nP3VN.js                19.77 kB │ gzip:   5.54 kB
dist/assets/stage-display-CEdH8tGd.js                                    19.84 kB │ gzip:   7.01 kB
dist/assets/factory-sample-verification-flow-CIgQZd6V.js                 19.86 kB │ gzip:   4.87 kB
dist/assets/adjustments-6BX8HZrW.js                                      19.90 kB │ gzip:   6.18 kB
dist/assets/pda-warehouse-inbound-records-utsSO-_8.js                    20.16 kB │ gzip:   5.87 kB
dist/assets/index-BHLmXXso.js                                            20.21 kB │ gzip:   5.22 kB
dist/assets/audit-records-D39rvg1c.js                                    20.35 kB │ gzip:   6.65 kB
dist/assets/process-water-soluble-orders-BX0uXlmv.js                     20.45 kB │ gzip:   6.41 kB
dist/assets/material-process-plans-B0n9gFmJ.js                           20.52 kB │ gzip:   7.57 kB
dist/assets/overview.adapter-dDaQu0tB.js                                 20.65 kB │ gzip:   6.53 kB
dist/assets/pda-warehouse-outbound-records-tNcyIsIg.js                   20.67 kB │ gzip:   6.10 kB
dist/assets/task-orders-DdK2taPW.js                                      20.84 kB │ gzip:   7.17 kB
dist/assets/pcs-engineering-tech-pack-workspace-0HGPk2kB.js              21.00 kB │ gzip:   7.29 kB
dist/assets/shared-seed-CGi2rQR7.js                                      21.01 kB │ gzip:   6.23 kB
dist/assets/material-purchase-tracking-CReTl9eb.js                       21.11 kB │ gzip:   6.69 kB
dist/assets/events-zT6lx6Ey.js                                           21.17 kB │ gzip:   6.56 kB
dist/assets/order-list-columns-J_9ouI5O.js                               21.20 kB │ gzip:   6.63 kB
dist/assets/los-live-rooms-TfVf0Cf0.js                                   21.23 kB │ gzip:   7.67 kB
dist/assets/pcs-testing-order-detail-MPHY8WiG.js                         21.30 kB │ gzip:   6.21 kB
dist/assets/pcs-engineering-master-view-model-PsaLLcvi.js                21.39 kB │ gzip:   7.29 kB
dist/assets/suppliers-BegiYry6.js                                        21.68 kB │ gzip:   6.93 kB
dist/assets/tmf-domain-shared-CsnEeaO8.js                                21.88 kB │ gzip:   8.26 kB
dist/assets/routes-wls-BRxW1CgQ.js                                       22.31 kB │ gzip:   7.24 kB
dist/assets/deduction-analysis-xbn2BGxW.js                               22.36 kB │ gzip:   6.52 kB
dist/assets/fei-ticket-numbering-BV5B62jl.js                             22.41 kB │ gzip:   6.46 kB
dist/assets/warehouse-location-map-model-KNkZ6MZq.js                     22.51 kB │ gzip:   7.14 kB
dist/assets/subject-operations-BbMVpjWP.js                               22.61 kB │ gzip:   7.02 kB
dist/assets/tasks-DQDVQHIJ.js                                            22.80 kB │ gzip:   7.29 kB
dist/assets/progress-statistics-linkage-D_Utt14l.js                      22.86 kB │ gzip:   6.54 kB
dist/assets/work-order-detail-DoOCjJGO.js                                22.88 kB │ gzip:   7.35 kB
dist/assets/cut-piece-handover-DFWug_VS.js                               22.94 kB │ gzip:   7.42 kB
dist/assets/qc-workbench-D5kuo3wd.js                                     23.03 kB │ gzip:   7.18 kB
dist/assets/recheck-orders-Dt7ooEfK.js                                   23.18 kB │ gzip:   7.34 kB
dist/assets/cut-piece-returns-N1p1x4i_.js                                23.27 kB │ gzip:   7.19 kB
dist/assets/purchase-suggestions-DEirqtxS.js                             23.40 kB │ gzip:   7.34 kB
dist/assets/material-issue-BJvGk6y_.js                                   23.76 kB │ gzip:   5.91 kB
dist/assets/progress-cutting-overview-Vq3JrSId.js                        23.79 kB │ gzip:   5.70 kB
dist/assets/dye-work-order-online-view-Cu6TOWY1.js                       24.15 kB │ gzip:   8.21 kB
dist/assets/production-order-duration-Jvz97asX.js                        24.23 kB │ gzip:   9.25 kB
dist/assets/quality-deduction-selectors-CjwkUkcW.js                      24.26 kB │ gzip:   6.28 kB
dist/assets/print-preview-Bh-WWTB3.js                                    24.29 kB │ gzip:   8.20 kB
dist/assets/production-context-records-MyHgK2BZ.js                       24.40 kB │ gzip:   8.62 kB
dist/assets/material-statements-Wl0ViG34.js                              24.41 kB │ gzip:   6.72 kB
dist/assets/process-order-task-links-D97cxo0Z.js                         24.68 kB │ gzip:   6.86 kB
dist/assets/retired-process-history-Ca8A3QW6.js                          24.75 kB │ gzip:   6.41 kB
dist/assets/dialogs-CFmvzbZ_.js                                          24.86 kB │ gzip:   6.14 kB
dist/assets/material-preparation-BLxBdKj1.js                             25.21 kB │ gzip:   8.79 kB
dist/assets/fcs-production-tech-pack-snapshot-BuNNSX1R.js                25.35 kB │ gzip:   6.47 kB
dist/assets/kol-demands-CusCzPsE.js                                      25.43 kB │ gzip:   7.39 kB
dist/assets/wls-fabric-demand-board-CKRDX150.js                          25.47 kB │ gzip:   6.84 kB
dist/assets/reconciliations-BO2NRyud.js                                  25.55 kB │ gzip:   6.84 kB
dist/assets/machine-associations-CERCSNuV.js                             25.58 kB │ gzip:   7.73 kB
dist/assets/process-print-orders-BQ5-8Tlz.js                             25.75 kB │ gzip:   8.55 kB
dist/assets/qc-orders-oB00qydP.js                                        25.90 kB │ gzip:   8.26 kB
dist/assets/process-dye-orders-CIB3cypz.js                               25.92 kB │ gzip:   8.63 kB
dist/assets/simple-cut-piece-handover-ui-CC_nJPrU.js                     26.53 kB │ gzip:   9.91 kB
dist/assets/marker-spreading-utils-1YBE-E_q.js                           26.71 kB │ gzip:   7.82 kB
dist/assets/pda-handlers-Dy28yA5T.js                                     26.76 kB │ gzip:   6.45 kB
dist/assets/warehouse-location-map-B-tgmAQg.js                           27.06 kB │ gzip:   7.08 kB
dist/assets/pcs-config-workspace-repository-BMjXm3m0.js                  27.14 kB │ gzip:  10.27 kB
dist/assets/progress-milestone-config-BRX8DGfa.js                        27.55 kB │ gzip:   6.14 kB
dist/assets/pda-warehouse-wait-handover-DEQUUSh4.js                      27.63 kB │ gzip:   7.18 kB
dist/assets/pcs-pattern-library-detail-Dn2i8O1a.js                       27.67 kB │ gzip:   6.60 kB
dist/assets/pda-wool-fact-execution-BtN17qjr.js                          28.02 kB │ gzip:   9.35 kB
dist/assets/third-party-factory-rating-Cj9o3mY2.js                       28.09 kB │ gzip:   8.03 kB
dist/assets/sample-approval-suggestions-B35dWPIL.js                      28.28 kB │ gzip:   8.86 kB
dist/assets/print-styles-BjQBw8jj.js                                     28.31 kB │ gzip:   4.01 kB
dist/assets/factory-status-iWgBeeII.js                                   28.43 kB │ gzip:   6.02 kB
dist/assets/source-document-detail-DQn5kRZl.js                           28.45 kB │ gzip:  10.53 kB
dist/assets/sample-warehouse-DOZBzRG7.js                                 28.53 kB │ gzip:   7.36 kB
dist/assets/marker-plan-source-model-BT6vfivR.js                         28.93 kB │ gzip:   8.49 kB
dist/assets/pcs-engineering-master-list-BC79-hN8.js                      28.95 kB │ gzip:  10.10 kB
dist/assets/commands-a-q1fyPX.js                                         29.05 kB │ gzip:   8.24 kB
dist/assets/pcs-engineering-master-detail-CXyM0t6B.js                    29.30 kB │ gzip:   8.65 kB
dist/assets/warehouse-DmPk3c0o.js                                        29.75 kB │ gzip:  10.05 kB
dist/assets/logistics-reconciliations-RPr120_u.js                        30.17 kB │ gzip:   9.32 kB
dist/assets/pcs-technical-data-WFxqSrg7.js                               30.50 kB │ gzip:   8.35 kB
dist/assets/production-order-progress-tracking-k9rwpTlT.js               30.53 kB │ gzip:  10.26 kB
dist/assets/material-reconciliations-DSnzNjK2.js                         30.57 kB │ gzip:   9.32 kB
dist/assets/progress-cutting-exception-center-TJn0dCeD.js                30.85 kB │ gzip:   7.17 kB
dist/assets/replacement-fabric-fei-tickets-DX5qAiS0.js                   31.05 kB │ gzip:  10.62 kB
dist/assets/capability-CbbyRhpK.js                                       31.65 kB │ gzip:   6.69 kB
dist/assets/material-archives-DoTg_Z-T.js                                31.86 kB │ gzip:   7.87 kB
dist/assets/factory-performance-D_kGhu7t.js                              32.31 kB │ gzip:   6.74 kB
dist/assets/handover-orders-aXRATrdi.js                                  32.42 kB │ gzip:   9.19 kB
dist/assets/dialogs-BOjZ5wFw.js                                          32.71 kB │ gzip:   9.87 kB
dist/assets/task-detail-BMMCYvav.js                                      32.81 kB │ gzip:   9.72 kB
dist/assets/effective-task-assignments-Dd-F55XS.js                       33.11 kB │ gzip:  11.03 kB
dist/assets/garment-spu-replacements-DQJPWf-n.js                         33.13 kB │ gzip:   9.41 kB
dist/assets/process-warehouse-domain-CSDO3Yvm.js                         33.27 kB │ gzip:   7.61 kB
dist/assets/pcs-tech-pack-bootstrap-N2P04qvr.js                          33.31 kB │ gzip:   8.49 kB
dist/assets/cut-piece-return-domain-DdWQRXvV.js                          33.41 kB │ gzip:   9.92 kB
dist/assets/store-domain-settlement-seeds-C4LB21FW.js                    33.72 kB │ gzip:   9.01 kB
dist/assets/pcs-pattern-library-Cjxa4f__.js                              33.73 kB │ gzip:   7.66 kB
dist/assets/warehouse-runtime-Di8f5Pf4.js                                33.87 kB │ gzip:   8.69 kB
dist/assets/pda-shell-CkTpAcV2.js                                        33.93 kB │ gzip:   9.06 kB
dist/assets/early-process-management-DkZ-e5cF.js                         34.61 kB │ gzip:   8.77 kB
dist/assets/dispatch-acceptance-sla-BwBy5ooD.js                          34.99 kB │ gzip:   7.91 kB
dist/assets/material-purchase-orders-D20bWRh9.js                         35.16 kB │ gzip:  11.34 kB
dist/assets/stage-orders-Cp59btzv.js                                     35.30 kB │ gzip:  10.93 kB
dist/assets/pda-post-finishing-flow-C4FiCkoY.js                          35.59 kB │ gzip:   9.62 kB
dist/assets/supplier-confirmations-Bb_ojQG2.js                           36.09 kB │ gzip:   9.80 kB
dist/assets/stage-order-detail-BQWknAK_.js                               36.15 kB │ gzip:  10.67 kB
dist/assets/pda-warehouse-stocktake-Ds6i1XC3.js                          36.52 kB │ gzip:   9.45 kB
dist/assets/work-orders-CQbacyP-.js                                      36.66 kB │ gzip:  12.39 kB
dist/assets/pending-receipts-vq9INo2f.js                                 36.92 kB │ gzip:  11.30 kB
dist/assets/pcs-pattern-library-create-CgBZVwZE.js                       37.00 kB │ gzip:   8.66 kB
dist/assets/material-inventory-DHRakZ47.js                               37.31 kB │ gzip:   9.27 kB
dist/assets/work-order-detail-B6QYuhnI.js                                37.37 kB │ gzip:  10.36 kB
dist/assets/third-party-factory-comprehensive-assessment-vqiRD2pi.js     37.47 kB │ gzip:  11.05 kB
dist/assets/water-soluble-orders-OVxHfnzH.js                             37.50 kB │ gzip:  11.45 kB
dist/assets/pda-task-receive-detail-DoQWsdsF.js                          37.57 kB │ gzip:   9.35 kB
dist/assets/work-order-detail-xr8JhzZC.js                                37.77 kB │ gzip:  10.36 kB
dist/assets/first-leg-logistics-D-UcYi_0.js                              37.92 kB │ gzip:  10.23 kB
dist/assets/product-purchase-orders-BQL0hovm.js                          38.01 kB │ gzip:   9.33 kB
dist/assets/pcs-part-template-library-jWnUV6o6.js                        38.07 kB │ gzip:  13.44 kB
dist/assets/cutting-statistics-ab-material-DFQc0I1s.js                   38.13 kB │ gzip:   8.63 kB
dist/assets/store-domain-quality-bootstrap-8q_N3hiv.js                   38.24 kB │ gzip:   5.39 kB
dist/assets/first-leg-carriers--DN3eeQP.js                               38.36 kB │ gzip:  10.27 kB
dist/assets/pda-cutting-inbound-C2qHM4Km.js                              38.84 kB │ gzip:  11.81 kB
dist/assets/special-processes-DK5iWov0.js                                38.91 kB │ gzip:  10.23 kB
dist/assets/pda-cutting-handover-B-JEZUYB.js                             39.12 kB │ gzip:  11.98 kB
dist/assets/pda-quality-DVEHMwgB.js                                      39.27 kB │ gzip:  10.52 kB
dist/assets/payment-requests-DAMiej1W.js                                 39.27 kB │ gzip:  10.37 kB
dist/assets/warehouse-CqMTACGL.js                                        39.69 kB │ gzip:  11.42 kB
dist/assets/semi-finished-orders-DK7nJ8zE.js                             39.75 kB │ gzip:  12.13 kB
dist/assets/pda-cutting-transfer-bag-repack-_COefheS.js                  40.31 kB │ gzip:  11.58 kB
dist/assets/first-leg-shipments-7LLZyHb_.js                              40.88 kB │ gzip:  10.26 kB
dist/assets/fcs-handlers-DbSxmBI3.js                                     43.04 kB │ gzip:  12.85 kB
dist/assets/pending-receipts-CvGaHK8-.js                                 43.43 kB │ gzip:  15.64 kB
dist/assets/label-print-template-Cbo5YISn.js                             43.47 kB │ gzip:  12.32 kB
dist/assets/lace-factory-domain-E69dJw3K.js                              44.40 kB │ gzip:  11.20 kB
dist/assets/warehouse-I6qp6DNJ.js                                        44.81 kB │ gzip:  11.46 kB
dist/assets/factory-receiving-tfMcLEuO.js                                45.23 kB │ gzip:  15.39 kB
dist/assets/cutting-summary-Ds2gZyZK.js                                  45.95 kB │ gzip:  12.26 kB
dist/assets/wait-handover-runtime-BxFmu2NA.js                            46.62 kB │ gzip:  12.91 kB
dist/assets/engineering-file-upload-C1HlmknC.js                          46.77 kB │ gzip:  14.46 kB
dist/assets/demand-domain-SGgT9BO4.js                                    47.31 kB │ gzip:  10.99 kB
dist/assets/handover-orders-CbiM3qCy.js                                  47.47 kB │ gzip:   9.31 kB
dist/assets/batches-mEKFp5BY.js                                          47.54 kB │ gzip:  10.34 kB
dist/assets/settlement-linked-mock-factory-D8SgK56Y.js                   47.83 kB │ gzip:  14.54 kB
dist/assets/warehouse-DD6dn5yy.js                                        47.87 kB │ gzip:  11.45 kB
dist/assets/pcs-record-core-DxfYmxl6.js                                  48.27 kB │ gzip:  16.16 kB
dist/assets/dyeing-Dtjvzn-D.js                                           49.12 kB │ gzip:  10.93 kB
dist/assets/printing-EOyIojEF.js                                         49.13 kB │ gzip:  10.93 kB
dist/assets/other-Dx4YV6OY.js                                            49.14 kB │ gzip:  10.95 kB
dist/assets/sewing-ClKu36GE.js                                           50.16 kB │ gzip:  11.27 kB
dist/assets/dispatch-tenders-BbJ8vyZy.js                                 50.29 kB │ gzip:  13.47 kB
dist/assets/progress-material-BV--JWvj.js                                50.38 kB │ gzip:  10.08 kB
dist/assets/pda-onboarding-DVTDUxZJ.js                                   50.59 kB │ gzip:  10.82 kB
dist/assets/pda-task-receive-MchuRYEj.js                                 50.60 kB │ gzip:  12.70 kB
dist/assets/pda-cutting-execution-source-C2KYkeA0.js                     50.86 kB │ gzip:  13.78 kB
dist/assets/pcs-config-workspace-ltYYBI4M.js                             51.29 kB │ gzip:  17.90 kB
dist/assets/pcs-channel-stores-g-ULV6eM.js                               51.44 kB │ gzip:  14.99 kB
dist/assets/marker-plan-model-CfKKPBTy.js                                51.86 kB │ gzip:  14.84 kB
dist/assets/work-order-detail-B5hi00Pp.js                                52.92 kB │ gzip:  16.54 kB
dist/assets/store-domain-progress-Br5SdVAK.js                            53.17 kB │ gzip:  11.82 kB
dist/assets/pda-handover-DVxMFkq1.js                                     53.31 kB │ gzip:  14.28 kB
dist/assets/detail-domain-Bui3nEM8.js                                    53.56 kB │ gzip:  11.92 kB
dist/assets/pcs-part-template-library-fJnBiHOE.js                        53.80 kB │ gzip:  11.07 kB
dist/assets/material-purchase-orders-CBzHGDAv.js                         53.93 kB │ gzip:  16.38 kB
dist/assets/settlement-cutting-input-YYMLhvWg.js                         55.33 kB │ gzip:  11.77 kB
dist/assets/warehouse-location-map-W21wc-U1.js                           56.96 kB │ gzip:  16.90 kB
dist/assets/marker-plan-occupancy-DbdqkyHQ.js                            57.45 kB │ gzip:  16.14 kB
dist/assets/progress-urge-uE8OuRS3.js                                    58.00 kB │ gzip:  12.10 kB
dist/assets/runtime-inputs-DEs8Bl0E.js                                   58.25 kB │ gzip:  15.74 kB
dist/assets/pda-cutting-spreading-hb9Z5ygs.js                            59.84 kB │ gzip:  14.38 kB
dist/assets/wls-accessory-receipts-BmR9lpbr.js                           60.11 kB │ gzip:  15.56 kB
dist/assets/factory-profile-lGe05LiN.js                                  61.17 kB │ gzip:  14.04 kB
dist/assets/pda-settlement-re8YGpCA.js                                   61.95 kB │ gzip:  14.37 kB
dist/assets/pickup-management-list-Deo_XOAj.js                           63.28 kB │ gzip:  17.86 kB
dist/assets/cutting-Cnl3SV1f.js                                          64.47 kB │ gzip:  13.68 kB
dist/assets/progress-handover-CMls5La6.js                                65.57 kB │ gzip:  14.30 kB
dist/assets/special-craft-fei-ticket-flow-BhFVoWew.js                    66.58 kB │ gzip:  15.82 kB
dist/assets/pcs-channel-products-Bzr07W1k.js                             66.90 kB │ gzip:  22.23 kB
dist/assets/production-object-overview-BBTYN2oO.js                       67.75 kB │ gzip:  14.30 kB
dist/assets/output-documents-DeeMbZhw.js                                 68.76 kB │ gzip:  23.78 kB
dist/assets/core-CyjLJlel.js                                             69.43 kB │ gzip:  13.13 kB
dist/assets/cutting-daily-production-report-BaVmsu-_.js                  69.97 kB │ gzip:  19.83 kB
dist/assets/pda-exec-BJFmMZTC.js                                         70.01 kB │ gzip:  16.31 kB
dist/assets/context-CL4dzlQO.js                                          70.19 kB │ gzip:  21.61 kB
dist/assets/production-object-overview-B2c5E0v4.js                       71.90 kB │ gzip:  16.79 kB
dist/assets/progress-exceptions-BmcYNuqR.js                              72.13 kB │ gzip:  14.01 kB
dist/assets/qc-records-D2KB_xDW.js                                       72.88 kB │ gzip:  16.68 kB
dist/assets/pcs-product-archives-4o-4-jZo.js                             73.32 kB │ gzip:  24.51 kB
dist/assets/pcs-engineering-tasks-CtAytprt.js                            73.34 kB │ gzip:  17.56 kB
dist/assets/pcs-sample-management-D3QcMaQH.js                            74.25 kB │ gzip:  18.47 kB
dist/assets/factory-onboarding-DF8JyhPO.js                               75.30 kB │ gzip:  12.70 kB
dist/assets/sewing-dispatch-DXc1g0p-.js                                  76.19 kB │ gzip:  20.02 kB
dist/assets/orders-domain-D0ILlxmi.js                                    76.35 kB │ gzip:  16.91 kB
dist/assets/dialogs-DEOjSl1q.js                                          76.54 kB │ gzip:  18.96 kB
dist/assets/settlement-DpK5JMY-.js                                       76.67 kB │ gzip:  12.03 kB
dist/assets/runtime-projections-CH7SM5ab.js                              78.06 kB │ gzip:  18.45 kB
dist/assets/process-action-writeback-service-juKdggKj.js                 78.30 kB │ gzip:  17.92 kB
dist/assets/transfer-bags-DQ-qOX9T.js                                    80.48 kB │ gzip:  21.00 kB
dist/assets/production-progress-OA1u9pGi.js                              82.53 kB │ gzip:  21.10 kB
dist/assets/routes-fcs-BVneMiNN.js                                       82.88 kB │ gzip:  15.64 kB
dist/assets/production-DvoE1HNf.js                                       85.34 kB │ gzip:  18.48 kB
dist/assets/pda-handover-detail-JLXSqplB.js                              85.58 kB │ gzip:  21.56 kB
dist/assets/pda-warehouse-wait-process-DqMWdket.js                       89.25 kB │ gzip:  21.88 kB
dist/assets/wait-handover-actions-3JvVlg34.js                            90.09 kB │ gzip:  23.11 kB
dist/assets/events-CqZMY-p2.js                                           90.52 kB │ gzip:  22.37 kB
dist/assets/factory-onboarding-flow-Bs5zEeYT.js                          90.64 kB │ gzip:  23.34 kB
dist/assets/production-tech-pack-change-domain-BexVpzFy.js               91.44 kB │ gzip:  24.08 kB
dist/assets/dispatch-Bjn_AvCO.js                                         92.70 kB │ gzip:  28.26 kB
dist/assets/cut-orders-CmbQDlc4.js                                       96.56 kB │ gzip:  25.14 kB
dist/assets/cut-piece-release-BznzoJSS.js                                97.95 kB │ gzip:  25.70 kB
dist/assets/transfer-bag-operations-D9ItVICN.js                          99.09 kB │ gzip:  25.34 kB
dist/assets/post-finishing-full-flow-BXviKW0p.js                        105.34 kB │ gzip:  27.31 kB
dist/assets/index-WMp3yRg6.js                                           109.46 kB │ gzip:  39.85 kB
dist/assets/pcs-material-archive-detail-BI_BHkZE.js                     110.85 kB │ gzip:  36.87 kB
dist/assets/pcs-independent-sampling-B6yQ7KVn.js                        112.23 kB │ gzip:  31.03 kB
dist/assets/transfer-bag-return-model-Bje2hgnt.js                       115.43 kB │ gzip:  27.30 kB
dist/assets/supplement-management-D85c3R0o.js                           115.77 kB │ gzip:  30.87 kB
dist/assets/statements-Cl-y9h_o.js                                      121.30 kB │ gzip:  25.18 kB
dist/assets/events-BmR2EtUh.js                                          122.94 kB │ gzip:  31.87 kB
dist/assets/unified-dispatch-workbench-C-FG907V.js                      123.41 kB │ gzip:  34.73 kB
dist/assets/tmf-material-purchases-vQGXxohN.js                          124.70 kB │ gzip:  32.45 kB
dist/assets/special-craft-task-orders-C1e8ssd1.js                       126.93 kB │ gzip:  33.65 kB
dist/assets/quality-deduction-repository-asXiCjji.js                    136.80 kB │ gzip:  26.67 kB
dist/assets/warehouse-hub-vuEvAa-v.js                                   142.65 kB │ gzip:  36.12 kB
dist/assets/generated-fei-tickets-B2FgkOEj.js                           143.06 kB │ gzip:  36.24 kB
dist/assets/production-timeliness-D9hz6tAS.js                           143.73 kB │ gzip:  47.55 kB
dist/assets/preparation-timing-Ddxg4A6Y.js                              146.62 kB │ gzip:  34.66 kB
dist/assets/marker-plan-DArG8bVD.js                                     152.67 kB │ gzip:  36.45 kB
dist/assets/marker-spreading-C8JtyLuu.js                                156.49 kB │ gzip:  38.66 kB
dist/assets/return-inbound-x__fBY_F.js                                  162.41 kB │ gzip:  28.14 kB
dist/assets/app-shared-beI7wiMF.js                                      163.18 kB │ gzip:  40.36 kB
dist/assets/fei-tickets-DIitf-Jv.js                                     186.04 kB │ gzip:  41.30 kB
dist/assets/pcs-pattern-library-CA620dWj.js                             205.34 kB │ gzip:  45.56 kB
dist/assets/index--GzcKvNw.js                                           210.12 kB │ gzip:  66.49 kB
dist/assets/print-template-registry-Mqd2UukJ.js                         213.43 kB │ gzip:  55.30 kB
dist/assets/index-CvM77ASU.js                                           223.20 kB │ gzip:  49.44 kB
dist/assets/pda-exec-detail-STBx5xzC.js                                 250.31 kB │ gzip:  58.43 kB
dist/assets/process-domain-CiURlLq-.js                                  275.82 kB │ gzip:  60.70 kB
dist/assets/process-tasks-BQSElBKt.js                                   358.77 kB │ gzip: 101.01 kB
dist/assets/production-orders-IxM922Wb.js                               488.91 kB │ gzip:  47.17 kB
dist/assets/pda-Bev2-xza.js                                             505.21 kB │ gzip:  83.25 kB
dist/assets/pcs-tech-pack-review-DdR3Wk2J.js                            704.22 kB │ gzip: 190.85 kB
dist/assets/material-ledger-_5QcPgKq.js                                 863.48 kB │ gzip: 219.35 kB
dist/assets/production-source-shared-Bj4b3XYm.js                      1,899.17 kB │ gzip: 216.72 kB

(!) Some chunks are larger than 550 kB after minification. Consider:
- Using dynamic import() to code-split the application
- Use build.rollupOptions.output.manualChunks to improve chunking: https://rollupjs.org/configuration-options/#output-manualchunks
- Adjust chunk size limit for this warning via build.chunkSizeWarningLimit.
✓ built in 16.23s
