
> higoods-vanilla-clone@1.0.0 build
> npm run typecheck:engineering && npm test && vite build


> higoods-vanilla-clone@1.0.0 typecheck:engineering
> npm run typecheck:entrypoints && npm run typecheck:scopes


> higoods-vanilla-clone@1.0.0 typecheck:entrypoints
> tsc --project tsconfig.engineering.json


> higoods-vanilla-clone@1.0.0 typecheck:scopes
> node scripts/check-typescript-scope.mjs src/domain/ src/components/ui/ src/state/

TypeScript 全量既有错误：3
本次渐进检查范围：src/domain/、src/components/ui/、src/state/
范围内错误：0
范围外既有错误保留在全量 typecheck 中继续分批治理。

> higoods-vanilla-clone@1.0.0 test
> npm run test:unit


> higoods-vanilla-clone@1.0.0 test:unit
> node --import tsx --test tests/unit/*.test.ts

✔ 浏览器存储封装保持读写删除语义 (0.387625ms)
✔ 浏览器存储不可用或抛错时保持静默降级 (0.083458ms)
✔ ISO与旧本地文本按实际时刻排序，不按空格与T字典排序 (1.669208ms)
✔ 同一时刻不同时间表达仍按账本序号和稳定ID防重复 (5.955083ms)
✔ 整组同分钟含低精度记录时，唯一可靠顺序形成稳定全序，不按成对条件切换 (0.580333ms)
✔ 全部精确时刻仍按秒排序，跨分钟不会被新账本号倒置 (0.109542ms)
✔ 缺少或重复账本顺序不恢复低精度秒数，沿用原时刻规则 (0.099125ms)
✔ 共享生命周期在同分钟旧入仓后允许交出，并保留原周期和事实 (0.315083ms)
✔ 同分钟物理回收之后报废按真实顺序生效，不被周期边界副本或秒数重排 (0.128333ms)
✔ 同步动作反复读同一账本只转换一次，副本可修改，写后/下一动作/异常退出仍独立重读 (1.552541ms)
(node:75844) ExperimentalWarning: localStorage is not available because --localstorage-file was not provided.
(Use `node --trace-warnings ...` to show where the warning was created)
✔ 共享分配门禁拒绝同SKU错色码或错生产单身份 (18.815458ms)
✔ 共享保存拒绝重复借同格，空身份与非法数量 (43.960458ms)
(node:75845) ExperimentalWarning: localStorage is not available because --localstorage-file was not provided.
(Use `node --trace-warnings ...` to show where the warning was created)
✔ N 道只按最终逐票实收，不累计道数或非最终回仓 (0.720833ms)
✔ 末道独有回仓、错票、错工厂、逆序回仓均不得计齐套 (0.28175ms)
✔ 真实厂间完成事实只证明前道，末道仍以实际裁床回仓为准 (0.8235ms)
✔ 前道非法实收不能被加工完成标记绕过 (0.205ms)
✔ 实际已分配厂取代票上默认厂，多家未确认不猜厂，打印票保持原样 (0.861333ms)
✔ 直转前道须有明确工艺身份完成，最终回仓受前道实物上限约束 (0.197625ms)
✔ 零量点收保留凭据；整票不可用和未知资料不贡献 (0.252792ms)
✔ 普通未装袋票不进放行，但既有简易交出可保持；正常换袋去重 (0.24725ms)
✔ 装袋同ID错票号、超原票或无效票面不提供可交实物 (0.117458ms)
✔ 逐票工艺实收保留真实业务回仓号、来源交出号及仓区库位 (0.129708ms)
✔ 旧实收缺加工完成依据保留实物，但不计最终齐套且明确待核对 (0.86125ms)
(node:75846) ExperimentalWarning: localStorage is not available because --localstorage-file was not provided.
(Use `node --trace-warnings ...` to show where the warning was created)
✔ 冻结原票的真实仓库实收继续更新；冻结后新票进晚到队列，不冒充原产出 (12.816625ms)
✔ 放行备份/读回安全整数与逐格合计，正常零不变成未确认 (0.603167ms)
✔ 无效整票追溯与未知collection不能借备份写入 (0.08025ms)
(node:75848) ExperimentalWarning: localStorage is not available because --localstorage-file was not provided.
(Use `node --trace-warnings ...` to show where the warning was created)
✔ 列表只读余量查询满足正整数身份门禁，K100/A205显示当前风险105、占用0及余量205 (51.668166ms)
✔ 裁片放行保留唯一菜单键和地址，归属裁床仓库管理 (0.166875ms)
✔ 字母与数值尺码升序，自定义尺码保留配置顺序 (0.575208ms)
✔ 非法数量和空白保持非法，不夹取或四舍五入成另一个有效量 (0.106125ms)
✔ 目标确认待保存及整票原因也受离开提醒保护，已保存目标和空白原因不误提醒 (0.134416ms)
✔ 本页导航、补料、系统与当前页签退出统一提醒，关闭其他页签和折叠菜单不误提醒 (0.142708ms)
✔ 未知自定义尺码在目标和放行矩阵明确提示待核对且保留原序，标准尺码不出现提示 (8.400333ms)
✔ 未确认与确认零放行分开，零放行不回退成目标281件 (0.229041ms)
✔ 尚未确认且齐套未知时，确认汇总中的K和R均显示待核对而非零 (3.547917ms)
✔ 目标与放行渲染为相同颜色行、尺码升序列，缺失SKU格保持不可编辑 (2.24725ms)
✔ 逐票详情保留最终回仓实收、完整顺序、袋周期、成衣色与面料色以及差异 (0.439708ms)
✔ 侧栏逐道显示真实交出单、回仓业务号和库位，记录编号放在展开依据中 (1.121417ms)
✔ 加工完成未回仓仍显示未最终回仓，未知工艺不展示普通免工艺依据 (0.211333ms)
✔ 真实前道直转投影接入侧栏，末道实收80显示已最终回仓 (0.433ms)
✔ 跨工厂直转前道不必回裁床，最终实收80片显示已最终回仓 (0.141834ms)
✔ 最终实际点收0片保留完成事实，不显示待加工或待回仓 (0.1265ms)
✔ 历史实收有原始回仓数量但缺加工完成依据，明细保留实收且暂不计齐套 (0.139417ms)
✔ 整票更正确认同时展示票袋工艺放行分配及保留历史责任 (5.665417ms)
✔ 整票登记保存携带打开详情时的版本，旧页面不会改用后来读到的版本 (0.650667ms)
✔ 文案采用短句，目标和放行保留操作边界，整票确认保留实际后果 (6.709125ms)
✔ 具名静态演示材料使用既有真实图片，三道工艺仅按最终回仓计入 (1.894917ms)
✔ 示例内部身份只在追溯展开中显示，真实票号完整保留且确认仍显示实际影响 (23.980458ms)
✔ 真实生成的工艺记录内部UUID只在展开中显示，不替换真实业务号 (5.01725ms)
✔ PAGE-008 每张静态放行记录绑定对应款式实图，列表与款号同格并保留大图动作 (32.634167ms)
✔ PAGE-008 每个静态示例的必需物料均绑定对应实物图，资料缺失示例也保留图片 (1.851042ms)
✔ 仓库轻量事件入口保留原库位维护委派，其他业务动作沿用仓库处理器 (0.385583ms)
(node:75849) ExperimentalWarning: localStorage is not available because --localstorage-file was not provided.
(Use `node --trace-warnings ...` to show where the warning was created)
✔ 同次批量袋读取与逐袋严格结果一致，最新实收更正重新计算且不改原事实 (124.619834ms)
✔ 带袋同一秒连续逐票更正有独立事实，同一更正重试只保存一次 (20.754375ms)
✔ 无袋同一秒连续逐票更正有独立事实，同一更正重试只保存一次 (11.634375ms)
✔ 保留历史换袋确认按真实来源入仓先后匹配，ISO与本地文本不丢来源库位 (0.903542ms)
✔ 特殊工艺实回库位从原票快照读取生产单，零实收票不冒充当前库存关联 (5.595541ms)
✔ PDA实际入仓入口保留默认时间秒与时区，同一分钟交出后可逐票回仓 (5.783333ms)
✔ PDA实回页按第二张菲票自身当前阶段和实际交出数量显示应回数量 (4.3315ms)
✔ 无袋实收10更正9扣库存差额，重新装袋或实际交出后不反冲其他库存 (33.393458ms)
✔ 明确单道无袋实收9合法实交后更正7保留旧9责任与真实接收厂 (22.611125ms)
✔ 整袋候选与提交共享未知来源、未知必要工艺及整票不可用阻断，caller不能给空事件绕过 (49.211583ms)
✔ 连续工艺具名示例仅提供真实技术包两条未分配任务，不写事实或覆盖旧任务 (5.675834ms)
✔ 不同菲票的同一实际有序工艺链可同袋，链身份不使用每票阶段ID (0.354584ms)
✔ 同链两张菲票保留各自阶段身份并分别实收，不把第二票当第一票工艺 (4.083667ms)
✔ 连续工艺直接由实际持有厂转交下道，前道完成与最后回仓分开记账 (13.654958ms)
✔ 同袋两票连续转交按每票前道和下道身份核对，最后分别回仓 (7.211958ms)
✔ 实际任务绑定明确匹配技术包部位工艺、色码、目标对象和当前分配，不采用默认厂 (0.28275ms)
✔ 特殊工艺交出只能读取原票当前阶段与唯一实际承接任务 (0.171584ms)
✔ ISO来源交出后同一分钟实际回仓保留秒与时区，不被文本格式判为早于来源 (13.841ms)
✔ 逐票实收分别计数，更正库存仅按差额且保留原票 (6.963208ms)
✔ 未核对加工完成不得保存；历史完成未知保留实收P而不能冒充齐套 (8.069792ms)
✔ 缺逐票确认、空白、小数、超量与未说明差异都不写入 (4.111292ms)
✔ 明确零量点收保留事实，但不生成库存或后道实物 (3.433625ms)
✔ 按身份与顺序分袋，普通和不同工艺链被阻断 (0.110375ms)
✔ 无袋按票独立点收，不能重复新增或回到其他裁床工厂 (4.541416ms)
✔ 多道工艺分别保留同票阶段实收，末道不会累加前道数量 (14.378458ms)
✔ 100片已经交出后更正为90片只改依据，保留原实交责任且不反冲库存 (29.142875ms)
✔ 同一分钟旧入仓分钟时间晚于精确装袋账本，不退回已装袋状态 (0.907917ms)
✔ 正常入仓默认保留完整时刻，同分钟装袋后入仓可继续交出 (0.719125ms)
✔ 实际带袋回仓入口保留ISO秒和时区，不先截断成旧本地分钟 (4.955459ms)
✔ 实际无袋回仓入口保留ISO秒和时区，不先截断成旧本地分钟 (7.391291ms)
✔ 实际空袋回仓入口保留ISO秒和时区，不先截断成旧本地分钟 (4.014875ms)
✔ 当前仓库逐票库存：交到工艺厂为0，最终实收3/0只保留一行，更正不复活原5片 (8.485ms)
✔ 初始演示订单正常新增装袋手动票进入当前正式放行，保留原目标与放行且不混入PDA变体物料 (604.958041ms)
✔ 旧存储 getter 不可读时，后道演示开关不阻断裁床依赖模块导入 (298.247708ms)
✔ 裁床工艺来源读取不初始化未迁移的全厂接收需求，原工艺厂读取仍保护旧源 (559.975541ms)
✔ 先读裁床来源再进入工艺厂，任务身份与需求数量一致且仓库记录可正常生成 (560.10925ms)
✔ 已准备任务来源后，任务单预览不加载无关工艺厂接收来源 (757.382208ms)
(node:75851) ExperimentalWarning: localStorage is not available because --localstorage-file was not provided.
(Use `node --trace-warnings ...` to show where the warning was created)
✔ 独立裁剪整任务改派保留数量和执行历史，旧有效分配失效，新范围唯一 (73.410083ms)
✔ 裁床改派回原工厂且回填同一业务日期，不复用旧票范围；普通审计不改身份 (0.13725ms)
(node:75853) ExperimentalWarning: localStorage is not available because --localstorage-file was not provided.
(Use `node --trace-warnings ...` to show where the warning was created)
✔ 交出列表省略详情路线读取时保留全部输出字段 (363.241584ms)
(node:75854) ExperimentalWarning: localStorage is not available because --localstorage-file was not provided.
(Use `node --trace-warnings ...` to show where the warning was created)
✔ MIG-001/002/006: management entry and handlers belong to FCS; PFOS keeps execution (2.016958ms)
✔ MIG-003/007: prep and execution read the same early order identities, quantities and match status (567.878208ms)
✔ MIG-004/009: migrated dialogs retain candidate fields, actual material image and task outputs (0.787166ms)
✔ MIG-011: management and execution use the same seven business display columns (8.443583ms)
✔ MIG-007: early dye/print creation and cancellation survive reload (2255.079708ms)
✔ BOM working-copy write failure preserves prior state; retry succeeds (148.157458ms)
✔ existing production preparation data does not trigger demo writes on entry (1446.391792ms)
✔ rollback of an unchanged saved BOM does not perform another failing write (23.557542ms)
✔ BOM dictionary preserves old JSON and all snapshot values without mutating input (6.316625ms)
✔ BOM dictionary rejects missing references instead of replacing data silently (0.40125ms)
(node:75860) ExperimentalWarning: localStorage is not available because --localstorage-file was not provided.
(Use `node --trace-warnings ...` to show where the warning was created)
✔ PDA顶栏计数与实际完整待办相同，覆盖各任务工厂及管理员/员工角色 (1713.586458ms)
✔ 解析带标签、小数和空格的长度数量 (0.439583ms)
✔ 解析卷数并对不合法文本返回 0 (0.106708ms)
✔ 证据文件标识把连续空白收口为单个连字符 (0.14675ms)
(node:75863) ExperimentalWarning: localStorage is not available because --localstorage-file was not provided.
(Use `node --trace-warnings ...` to show where the warning was created)
✔ 设计改款可成批生成染色和印花加工单，且完整投影来源与上下游 (899.668125ms)
✔ 设计改款加工单生成幂等，重复请求不增加单据 (29.918125ms)
✔ 同一设计改款任务的不同颜色和 BOM 行分别生成加工单 (51.620417ms)
✔ 成批提交失败时染色与印花加工单一起回滚 (17.735958ms)
✔ 设计改款来源缺关键引用或来源未知时必须阻断 (0.183125ms)
(node:75864) ExperimentalWarning: localStorage is not available because --localstorage-file was not provided.
(Use `node --trace-warnings ...` to show where the warning was created)
✔ 设计改款染后印花必须先分配印花厂，染色交出不能误送中央工厂 (307.549667ms)
✔ 仅染与仅印分别创建一张加工单和一条仓库首道调拨计划 (18.449333ms)
✔ 辅料染色单创建后已有辅料仓调拨计划，分厂时自动落实原单但不冒充实发 (8.103208ms)
✔ 历史双工艺加工单仍可追溯原有染印交接 (409.406458ms)
✔ 先染后印目标 SKU 创建两段加工单，印花只接收本行染后物料而不能跳过染色 (1433.400708ms)
✔ 单独印花 SKU 从仓库发印厂并完成样衣归档 (1421.382958ms)
✔ 印花实际交出生成中央工厂待接收原单，实收回写原交接并允许完成加工单 (578.08075ms)
✔ 专业成果没有真实附件时保持未绑定 (10.555625ms)
(node:75866) ExperimentalWarning: localStorage is not available because --localstorage-file was not provided.
(Use `node --trace-warnings ...` to show where the warning was created)
✔ 可打印不等于可建交出单，必须完成真实标签打印 (0.467667ms)
✔ 卷规格无效时不可建交出单，且不改变原可打印判定语义 (0.067666ms)
✔ 人工完成印花加工单不再自动填充操作人 (182.116333ms)
(node:75869) ExperimentalWarning: localStorage is not available because --localstorage-file was not provided.
(Use `node --trace-warnings ...` to show where the warning was created)
✔ 非 KOL PDA 导入不生成 KOL 领交料；首次 KOL 访问生成完整且幂等的演示记录 (194.385167ms)
✔ PDA 单任务读取保持普通任务、测试工厂与 KOL 任务内容和查找优先级 (1.506416ms)
(node:75870) ExperimentalWarning: localStorage is not available because --localstorage-file was not provided.
(Use `node --trace-warnings ...` to show where the warning was created)
✔ 实际唛架重复相同来源只建一次，票身份按该单颜色尺码和技术包部位定位 (0.506833ms)
✔ 重复ID不同内容不得覆盖；不同部位实例和尺寸不得合并 (0.235917ms)
✔ 跨单、错颜色、错物料、错部位和错误每件片数均阻断 (0.094708ms)
✔ 真实手动无铺布层序票可读且免层序编号，普通缺区间和伪手动来源仍阻断 (18.208167ms)
✔ 主料唛架只展开其明确部位，拼接料和口袋布各自保留，不猜未知映射 (5.375334ms)
(node:75873) ExperimentalWarning: localStorage is not available because --localstorage-file was not provided.
(Use `node --trace-warnings ...` to show where the warning was created)
✔ 可编辑的演示唛架保存后优先读取用户记录，刷新不恢复原备注和状态 (324.417958ms)
✔ 日报窗口含截止日7天，重点日均独立使用前6天 (1.414917ms)
✔ 未知采购不填0，未BOM不输出完整确定订单需求 (0.124875ms)
✔ 突变必须绝对量与比例同时达到阈值 (0.06325ms)
✔ 截止日突变示例与未完结日不判定 (0.05875ms)
✔ 共享商品按SPU去重而不按关联行累加销量 (0.093833ms)
✔ 预选不产生确定用料；BOM需求保留物料归属 (0.129958ms)
✔ 同料BOM优先于预选，不重复关系及需量 (0.077333ms)
✔ 两个业务页具有独立容器、标准分页与证据边界 (16.426292ms)
✔ 未进入物料页面时 bridge 不加载业务；加载失败重试后首次渲染即已注册 (3.644583ms)
✔ click 分组顺序、短路、选择器范围保持原行为，重新注册替换旧处理器 (0.658333ms)
✔ 备料写入守卫读取实时角色与水位，阻断时不调用业务处理器 (0.343416ms)
✔ input/change/keyboard 原入口、筛选范围和 change 优先级完整保留 (0.33125ms)
✔ health groups are exhaustive and mutually exclusive in demo (0.781792ms)
✔ coverage and baseline use same inventory plus transit but distinct demand windows (0.065625ms)
✔ zero demand is unavailable rather than infinity and huge finite quotient stays finite (0.085166ms)
✔ date selects different consistent snapshot (0.17725ms)
✔ threshold changes alter classification without changing facts (0.086833ms)
✔ health view carries core P1 business sections and mock caveat (11.909125ms)
✔ AT16 rules do not substitute brand, size or packaging method (0.396416ms)
✔ AT24 equal priority conflict blocks resolution and identifies rules (0.331583ms)
✔ higher explicit priority resolves a lower priority overlap (0.204291ms)
✔ plans distinguish garments and parcels and add loss once (0.377333ms)
✔ AT18 white pendant stock only allocated once (0.157042ms)
✔ event duplicate and old revision do not add consumption; reprints are activity only (0.2335ms)
✔ conflicting same revision fails instead of silently choosing a payload (0.113375ms)
✔ AT17/19/20 panel states unresolved ASAYA, independent kit80 and unknown ribbon (0.62675ms)
✔ trigger distinct from target, existing supply produces explainable zero (1.153292ms)
✔ missing mapping or usage and incompatible raw unit block unsafe generation (0.321042ms)
✔ generation reserves remaining once and shared raw pool across target rules (1.100417ms)
✔ production does not increase stock; actual SKU and output bound partial receipts (0.178458ms)
✔ cancelled suggestion releases commitment and raw allocation (0.072625ms)
✔ AT05 committed greige is not available for a second allocation (0.416834ms)
✔ AT06 partial receipt reduces expected supply; checking and qualified never duplicate (0.285542ms)
✔ AT07 unmapped target preserves quantities but gives no target coverage (0.071875ms)
✔ §7.2 loss reduces future supply; rejected receipts never become usable (0.052708ms)
✔ §7.3 unit/yield/route and conservation gaps block deterministic supply (0.088959ms)
✔ §7.3 candidate comparison reports remaining shortage and respects arrival deadline (0.121541ms)
✔ §7.3 zero gap stays zero and nonfinite inputs cannot produce advice (0.048ms)
✔ panel uses owned local handlers and discloses mock and missing images (1.4845ms)
✔ P2 coefficients and coverage exclude transit (7.111625ms)
✔ P2 coverage buckets have exclusive shared boundaries (0.474708ms)
✔ P2 partial receipts and completed batches count remaining only (0.060083ms)
✔ P2 latest overdue selected only if no future batch; today included (0.057625ms)
✔ P2 search transit and ETA filters compose (0.135125ms)
✔ P2 zero demand and missing BOM preserve distinct nulls; micro demand excluded (0.065333ms)
✔ P2 standard table renders and limits initial rows to first page (6.252792ms)
✔ AT01/02 internal reservation stays in coverage while external reservation is deducted (11.122625ms)
✔ AT03 quality segments are not usable (0.147208ms)
✔ AT04 partial receipt leaves remaining supply only (0.171667ms)
✔ AT08/38 late supply never erases earlier shortage (0.131ms)
✔ AT09 intermediate deficit determines net need rather than positive closing balance (0.123167ms)
✔ AT10 MOQ and pack rounding, zero stays zero (0.108833ms)
✔ AT11 horizon begins at cutoff and is not expanded by lead time (0.141958ms)
✔ AT12 forecast covered by confirmed demand is excluded before coefficient (0.115209ms)
✔ AT13 no demand has no numeric coverage (0.106667ms)
✔ AT14 cancelling demand does not change stock (0.376292ms)
✔ AT15 latest event revision only (0.783917ms)
✔ AT16/17 directory preserves bag sizes and ASAYA duplicated input is one unresolved SKU (0.295041ms)
✔ AT18 three brands draw from one shared pool (0.397208ms)
✔ AT19/20 kit capacity respects minimum and missing conversion (0.143ms)
✔ AT21 inactive/unusable stock remains physically visible (0.218875ms)
✔ AT23 affected order identifiers are unique (0.206417ms)
✔ AT25/26 draft does not mutate active and invalidates trial (0.144083ms)
✔ AT26/28 publish requires role and exact trial; history retained (0.4315ms)
✔ AT31 risk cannot close with remaining shortage or skip verification (0.353417ms)
✔ AT37 invalid dates, unknown timezone, bad numeric values rejected (0.178833ms)
✔ duplicate supply chain does not double count and blocks deterministic advice (0.222166ms)
✔ warehouse catalogue includes 17 locations and two garment warehouses (0.101875ms)
✔ candidate comparison retains pre-arrival risk (0.645333ms)
✔ SKU-specific policy wins and duplicate rules block publish (0.275ms)
(node:75882) ExperimentalWarning: localStorage is not available because --localstorage-file was not provided.
(Use `node --trace-warnings ...` to show where the warning was created)
✔ 逐票与逐打印任务保持原结构，变更一条只保存一条 (1.073125ms)
✔ 草稿按原映射键保存；手工票与操作记录分离，删除票保留审计 (0.214ms)
✔ 拒绝损坏JSON且不冒充空数据 (0.109333ms)
✔ 拒绝空字符串且不冒充空数据 (0.048583ms)
✔ 拒绝错误根且不冒充空数据 (0.041583ms)
✔ 拒绝重复票号身份且不冒充空数据 (0.046875ms)
✔ 拒绝缺少票号且不冒充空数据 (0.038833ms)
✔ 拒绝错误状态且不冒充空数据 (0.037292ms)
✔ 拒绝打印关联缺失且不冒充空数据 (0.043584ms)
✔ 拒绝草稿身份缺失且不冒充空数据 (0.078166ms)
✔ 拒绝手工日志缺失且不冒充空数据 (0.049417ms)
✔ 拒绝手工二维码缺失且不冒充空数据 (0.038583ms)
✔ 已保存实体与备份身份校验，不接受伪造集合或迁移元数据 (1.977ms)
✔ 袋账派生绑定锁，无需持久化派生票快照；关闭周转解除旧快照锁 (423.584209ms)
✔ 唛架来源和铺布单逐实体保存，保留卷明细、层序及来源引用 (0.210166ms)
✔ 指定保存对象不复制重复静态唛架，也不覆盖其他已保存铺布单 (0.219ms)
✔ 旧袋账按实体保留绑定与历史，局部动作不复制静态袋档案 (0.304083ms)
✔ 专用打印来源保留原票身份、数量、状态、袋锁及打印对象，不查询全量PDA与库存摘要 (7213.358375ms)
✔ 实际输出首打保持原身份与数量；动态与普通来源均可打印，失效来源阻断，重复首打不新增 (82.641792ms)
✔ 唛架引用读取失败明确阻断，不将迁移或读取错误伪装成空铺布来源 (1.756792ms)
✔ 用户唛架方案逐ID迁移保留床次和占用，修改一张不重写其它方案 (0.794459ms)
✔ PDA及手工票专用唛架定义与原完整投影等价，保留床次、数量和可铺布资格 (439.089333ms)
✔ 裁床配料按真实生产单范围读取与全量结果逐字段相等，保留库存、领取、状态与任务链接 (459.083542ms)
✔ PDA铺布目标直接携带真实已保存铺布单的裁床与负责人，不另算整套列表 (338.013708ms)
✔ 铺布投影复用唛架定义仍保留已保存session的卷明细、裁床、负责人和实际裁剪数量 (340.549916ms)
✔ 路由标准化移除 query 与 hash，但不改动路径 (0.736583ms)
✔ 只匹配路由根或其子路径，不误匹配相似前缀 (0.218708ms)
✔ 可在多个合法根路径中匹配一个 (0.176542ms)
✔ 只把完整生产确认单打印路由识别为命中 (0.271333ms)
✔ 专业任务必须全部有效明细通过且保留成果与审核事实 (2.060042ms)
✔ 纸样名称或物料关联不能替代可读取原文件 (18.928167ms)
(node:75885) ExperimentalWarning: localStorage is not available because --localstorage-file was not provided.
(Use `node --trace-warnings ...` to show where the warning was created)
✔ 目标 SKU 的四种加工组合、前序实物和 BOM Q 均按已建档字段读取 (2.628542ms)
✔ 整单总量口径保存后仍按一次总量计算，不被样衣件数重复放大 (1405.538625ms)
✔ 一张设计改款 BOM 同时有 Yard 面料和 PCS 辅料时，各行独立计量且辅料无需加工调拨 (65.746334ms)
✔ 复用既有纸样与参照 BOM 的无印染任务可直接提交样衣并自动完成；复制只生成草稿 (1366.185541ms)
✔ 批量复制保留物料、费用和样衣安排为独立可编辑草稿，不生成工作 (147.989375ms)
✔ 单页创建同时保存物料、费用与样衣要求；失败不留下空任务 (55.439583ms)
✔ 加工按物料行及实际阶段执行：纯染行与先染后印行独立串联 (280.505625ms)
✔ 旧设计任务移除线下工作和依赖，保留加工单身份、样衣成果及原始输入 (1265.145291ms)
✔ 任务汇总排除未启用，待前置只列出未完成依赖，关闭单不继续催办 (1.610875ms)
✔ 筛选覆盖关键词、状态、跟单、待办、类型、团队和日期边界，统计范围一致 (0.58575ms)
✔ CSV包含全部匹配行和任务责任计划，不含操作列，特殊文字正确转义 (0.8805ms)
✔ 生产准备必须读取测款最终通过事实，保存时重新校验且失败不生成主单 (1197.759667ms)
✔ PATTERN_ARTWORK 多明细全部有效项通过才完成，同SKU不同要求不合并 (0.459833ms)
✔ COLOR_FABRIC 多明细全部有效项通过才完成，同SKU不同要求不合并 (0.064292ms)
✔ COLOR_YARN 多明细全部有效项通过才完成，同SKU不同要求不合并 (0.059459ms)
✔ 多辅料分单覆盖，第一张下单不足以完成，失效单不能提供覆盖 (0.210958ms)
✔ 专业列表业务字段查询与责任、来源、计划边界组合，未登记计划不误入日期结果 (0.707666ms)
(node:75891) ExperimentalWarning: localStorage is not available because --localstorage-file was not provided.
(Use `node --trace-warnings ...` to show where the warning was created)
✔ targeted PCS baseline reads return independent records without cloning unrelated collections (142.183167ms)
✔ PCS 前插多个新记录保留全部既有位置，重复保存不产生位置变化 (2.173541ms)
✔ PCS 单条置顶、居中插入、删除保持实际顺序且不移动其余记录 (0.223375ms)
✔ PCS 图片按款号和颜色固定，尺码不改变照片，未知对象没有随机图片 (0.763833ms)
✔ 历史 Mock 只替换登记的旧图，保留用户图片及未知款式 (0.408417ms)
✔ 后道 QC 来源 SKU 保留原身份和数量，五种颜色分别绑定对应实拍 (0.082333ms)
✔ 后道历史快照只迁移准确 SKU 的旧示意图，质检数量与用户图不变 (0.187458ms)
(node:75894) ExperimentalWarning: localStorage is not available because --localstorage-file was not provided.
(Use `node --trace-warnings ...` to show where the warning was created)
✔ SAMPLE-FIX-01–05/11: actual request→reserve→approve→pickup→return→receipt; stable own IDs and detached reads (869.947ms)
✔ SAMPLE-FIX-03/05: all invalid input blocks writes; cancellation/rejection frees only own reservation (541.499583ms)
✔ SAMPLE-FIX-08/09/11: cases and stocktake persist independently, cannot execute twice or masquerade as adjustment (706.188916ms)
(node:75895) ExperimentalWarning: localStorage is not available because --localstorage-file was not provided.
(Use `node --trace-warnings ...` to show where the warning was created)
✔ HG-001/002/004: SKU identity survives duplicate receipts, transfers and repeats; HG resolves SKU (242.656958ms)
✔ HG-005/006/008: printed data and bounded settings; no truncation, images or state writes (0.656541ms)
✔ HG-002/004 regression: older receipt without identities retains its first date; raw SKU is never HG (87.426625ms)
(node:75896) ExperimentalWarning: localStorage is not available because --localstorage-file was not provided.
(Use `node --trace-warnings ...` to show where the warning was created)
✔ SAMP-001–013 Mock: receipt → all SKU tags → live/home → production/factory/department/warehouse → marketing, with adversarial gates (1255.867833ms)
(node:75897) ExperimentalWarning: localStorage is not available because --localstorage-file was not provided.
(Use `node --trace-warnings ...` to show where the warning was created)
✔ PDA 列表轻量摘要与详情的归属、数量、物料和下一步一致 (1021.158584ms)
(node:75898) ExperimentalWarning: localStorage is not available because --localstorage-file was not provided.
(Use `node --trace-warnings ...` to show where the warning was created)
✔ 按工厂投影不改变全能力、印花、染色、中央与裁片演示账号可见任务 (1013.579167ms)
(node:75904) ExperimentalWarning: localStorage is not available because --localstorage-file was not provided.
(Use `node --trace-warnings ...` to show where the warning was created)
✔ 接单工厂范围保留全量投影中本厂每个任务的身份、数量、状态及接单/中标结果 (2438.476042ms)
(node:75905) ExperimentalWarning: localStorage is not available because --localstorage-file was not provided.
(Use `node --trace-warnings ...` to show where the warning was created)
✔ PDA order/task link indexes preserve all full-index candidates without constructing unrelated material rows (520.359416ms)
✔ ordinary sewing direct lookup keeps every field and factory permission from the complete canonical projection (402.337916ms)
✔ runtime sewing overrides and legacy/missing IDs retain the complete projection result (511.383792ms)
✔ one fresh read-only object snapshot preserves readiness, context and unknown references without refreshing per miss (382.896458ms)
✔ PDA handlers wait for part-ticket hydration, and the real detail is not mounted before both dependencies complete (39.337833ms)
✔ ordinary sewing detail leaves unrelated PMS initialization pending until a normal module entry (14.673958ms)
✔ same-navigation sewing preload discovers actual bundle entries and static closure without evaluating modules (35.061084ms)
✔ preview compression includes the same sewing static chunks and retains existing assets without broad lazy-route output (6.403833ms)
(node:75907) ExperimentalWarning: localStorage is not available because --localstorage-file was not provided.
(Use `node --trace-warnings ...` to show where the warning was created)
✔ 中转袋交出与实际入仓使用同一浏览器本地业务时间，不把 UTC 当作本地时间 (2.34675ms)
[PMS_IDB_LOAD_FAILED] { message: '当前浏览器不支持 IndexedDB,PMS 业务数据无法持久化。' }
✔ 物流商新增字段保存回显并写入操作日志 (3.03175ms)
✔ 物流商数字字段非负校验与运输方式枚举校验 (0.260792ms)
✔ 渠道新增字段保存回显，条件计费字段按计费方式保留 (0.4065ms)
✔ 整柜渠道不要求新增计费字段，仍要求四箱型完整配置 (0.138125ms)
✔ 渠道数字字段非负与时效区间校验 (0.124542ms)
✔ 头程批次聚合展示总箱数、总重量、总体积与转运天数 (0.472042ms)
✔ 工序链按保存顺序生效，合法工序集合固定，非法或重复工序被拒 (3.239667ms)
✔ 坯布 SKU 必填，坯布库存为 0 时调拨资格被拒，补足后恢复 (0.703208ms)
✔ 采购单按勾选 SKU 生成明细，数量与枚举非法被拒 (0.321375ms)
✔ 调拨单可选择调出仓库与调入目标，同步生成加工单号链 (0.393ms)
✔ 批量刷新库存更新全部监控行与刷新时间并写日志 (0.416ms)
✔ 手动添加监控 SKU 校验 SKU 必填与重复，添加后进入列表 (0.528ms)
✔ 物料申报扩展字段保存回显，26 项特殊属性按数组保存 (1.556709ms)
✔ 报关扩展：法定第二计量单位与数值，不报关分支跳过必填校验 (0.156542ms)
✔ BOM 业务选项与价格/成本、工厂、布料字段保存回显 (0.610208ms)
✔ 主体经营 9 项成本明细加调整重算总成本，数据缺失提醒可消除 (0.317209ms)
✔ 供应商从草稿到启用遵循状态机，名称唯一 (4.297667ms)
✔ 供货档案包装换算与快照版本 (0.202958ms)
✔ 物料全部有真实图片，采购补充信息可更新且不新增删除 (0.328542ms)
✔ 成衣与样衣 SKU 只读列表数据完整 (0.069208ms)
✔ 仓库同步更新时间，单位字典唯一且不可删除只可启停 (0.268333ms)
✔ BOM 用量可修改，说明可保存，发布后可生成面辅料需求 (3.389833ms)
[PMS_IDB_LOAD_FAILED] { message: '当前浏览器不支持 IndexedDB,PMS 业务数据无法持久化。' }
[PMS_IDB_UNAVAILABLE] put 跳过,数据仅保留在内存 { store: 'pmsMaterialPurchaseOrderDeltas', key: 'CGF-2026-0005' }
[PMS_IDB_UNAVAILABLE] put 跳过,数据仅保留在内存 { store: 'pmsMaterialPurchaseOrderDeltas', key: 'CGF-2026-0001' }
[PMS_IDB_UNAVAILABLE] put 跳过,数据仅保留在内存 { store: 'pmsMaterialPurchaseOrderDeltas', key: 'CGF-2026-0007' }
✔ 面辅料需求种子就绪且可按物料行下推采购单 (2.261792ms)
✔ 快递信息导入校验采购单存在、单号唯一、日期与数量合法 (0.391042ms)
✔ 国内签收、加入头程、状态推进与到仓自动签收 (0.946709ms)
✔ 供应商确认单需标签齐备，确认后回写采购单 (0.752834ms)
✔ 整柜渠道必须完整配置四个箱型，物流商可启停 (0.305667ms)
✔ 面辅料采购单可带原因关闭，关闭后不能再登记到货 (0.209334ms)
✔ 库存监控触发线与建议量公式，规则异常阻断建单 (1.664708ms)
✔ 建单数量不得超过建议量，调拨与采购资格分别阻断 (0.165875ms)
✔ 中转看板指标、分布与筛选跳转规则 (0.243125ms)
✔ 生产单校验与配料任务只读数据完整，系统设置结果为 8/6/10 (0.081ms)
✔ 种子采购单按 SRM 生成器规律补齐单据级与明细级字段 (0.7235ms)
✔ 新建做货采购单保存采购专员、加急、首单、区域与明细字段并可回显 (1.386292ms)
✔ 未传新增字段时沿用默认值并保持既有命令兼容 (0.222417ms)
✔ 采购专员必填、做货必须选区域、重量非负均抛出中文 PmsDomainError (0.599959ms)
✔ 编辑采购单保存新增字段并回显，非法输入被阻断 (0.6535ms)
✔ BOM 状态与 bomMatched 一致，未发布 BOM 的做货明细为未匹配 (0.39675ms)
✔ 行采购金额使用 roundPmsQty 且汇总等于逐行金额之和 (0.266708ms)
✔ 采购建议按缺口公式与折扣计算，并计入有效 KOL 申请 (0.707292ms)
✔ KOL 草稿与已驳回不计入建议缺口 (0.090542ms)
✔ 建议转采购单后写回已转数量与部分生成状态 (2.059292ms)
✔ 面辅料需求按 BOM 用量与损耗扣减库存和采购中 (0.999ms)
✔ 重复生成、草稿采购单与非做货采购单均被阻断 (0.210625ms)
✔ KOL 单条超量需要二次确认，超过申请量直接阻断 (0.543958ms)
✔ 驳回 KOL 需求后不再计入建议缺口 (0.258875ms)
✔ 关闭采购单必须填写原因且已关闭不可重复关闭 (0.324959ms)
[PMS_IDB_LOAD_FAILED] { message: '当前浏览器不支持 IndexedDB,PMS 业务数据无法持久化。' }
[PMS_IDB_SAVE_FAILED] 创建请款单 IDB 写入失败 {
  requestNo: 'PAY-M-2026-0006',
  message: '当前浏览器不支持 IndexedDB,PMS 业务数据无法持久化。',
  degraded: 'memory-only'
}
[PMS_IDB_SAVE_FAILED] 创建请款单 IDB 写入失败 {
  requestNo: 'PAY-L-2026-0004',
  message: '当前浏览器不支持 IndexedDB,PMS 业务数据无法持久化。',
  degraded: 'memory-only'
}
[PMS_IDB_SAVE_FAILED] 作废请款单 IDB 写入失败 {
  requestNo: 'PAY-L-2026-0004',
  message: '当前浏览器不支持 IndexedDB,PMS 业务数据无法持久化。',
  degraded: 'memory-only'
}
✔ 主体经营明细总成本、毛利与毛利率公式 (0.667375ms)
✔ 面辅料对账：预计/实际双层公式，费用项与差异双重门禁 (2.661584ms)
✔ 面辅料费用项部分确认、批量确认与编辑失效 (0.460875ms)
✔ 请款草稿跨页创建、请款与付款上限、编辑范围 (1.171083ms)
✔ 物流实际费用 12 列导入校验、不自动确认与确认后锁定 (0.433417ms)
✔ 请款单作废释放来源对账，已有付款不能作废 (0.304667ms)
✔ 供应商账单 9 列导入覆盖实际层且不自动确认 (0.266333ms)
✔ 金额大写按 RMB 规则输出并覆盖跨节零 (0.114542ms)
[PMS_IDB_UNAVAILABLE] put 跳过,数据仅保留在内存 { store: 'pmsMaterialPurchaseOrderDeltas', key: 'CGF-2026-0005' }
[PMS_IDB_LOAD_FAILED] { message: '当前浏览器不支持 IndexedDB,PMS 业务数据无法持久化。' }
[PMS_IDB_UNAVAILABLE] put 跳过,数据仅保留在内存 { store: 'pmsMaterialPurchaseOrderDeltas', key: 'CGF-2026-0005' }
[PMS_IDB_UNAVAILABLE] put 跳过,数据仅保留在内存 { store: 'pmsMaterialPurchaseOrderDeltas', key: 'CGF-2026-0005' }
[PMS_IDB_UNAVAILABLE] put 跳过,数据仅保留在内存 { store: 'pmsMaterialPurchaseOrderDeltas', key: 'CGF-2026-0005' }
[PMS_IDB_UNAVAILABLE] put 跳过,数据仅保留在内存 { store: 'pmsMaterialPurchaseOrderDeltas', key: 'CGF-2026-0005' }
[PMS_IDB_UNAVAILABLE] put 跳过,数据仅保留在内存 { store: 'pmsMaterialPurchaseOrderDeltas', key: 'CGF-2026-0005' }
✔ 生成卷号按前缀、每卷米数、重量与起始序号生成并写入包装明细 (2.8695ms)
✔ 生成卷号时尾卷承载剩余数量，卷数按采购数量与每卷米数自动取整 (0.555041ms)
✔ 非法卷号参数被拒绝并抛出中文域错误 (0.3895ms)
✔ 生成标签后二维码内容包含卷号与箱规，参与打印 (0.319042ms)
✔ 箱规新增自动计算体积，重复箱号与非法尺寸被拒，删除后计数正确 (0.2935ms)
✔ 包装明细可新增与删除，非法输入被拒且删除后计数正确 (0.262542ms)
✔ 被包装明细引用的箱规不能删除 (0.089792ms)
✔ 供应商枚举与 SRM 完全一致，旧枚举不再出现 (0.719417ms)
✔ 种子字段满足 SRM 枚举且协同指标为数字 (0.334041ms)
✔ 新增字段保存并回显，成功命令写入操作日志 (1.897042ms)
✔ 编辑保存新增字段并保持状态机与事件名不变 (0.392833ms)
✔ 非法或缺失输入抛 PmsDomainError 且不写入数据 (0.714125ms)
✔ 详情与列表展示新增字段、SRM 枚举与协同指标 (24.834625ms)
(node:75919) ExperimentalWarning: localStorage is not available because --localstorage-file was not provided.
(Use `node --trace-warnings ...` to show where the warning was created)
✔ CONTRACT-002: business allocation day is day 1 and every calendar day counts, including Sunday (0.621667ms)
✔ CONTRACT-002: the three contracts retain 4/8/9, 5/9/10 and 6/9/12 calendar-day milestones (0.333166ms)
✔ CONTRACT-002: invalid calendar dates and counting days still fail without creating deadlines (0.546917ms)
(node:75920) ExperimentalWarning: localStorage is not available because --localstorage-file was not provided.
(Use `node --trace-warnings ...` to show where the warning was created)
✔ 实际耗时跨周日仍按真实时间差；没有可靠时间不造耗时 (0.452208ms)
✔ 每任务都达成才结束；同一来源去重，作废明细不影响主表 (0.156042ms)
✔ 耗时页 Mock 至少覆盖九张生产单和全部节点，且下游事实不会越过未完成的前置节点 (501.498125ms)
✔ 裁片放行按一张放行单内的多次放行展示并选取节点起止时间 (45.597708ms)
(node:75921) ExperimentalWarning: localStorage is not available because --localstorage-file was not provided.
(Use `node --trace-warnings ...` to show where the warning was created)
✔ EXC-001—004: a reference mark cannot change debt, strict kits or final task responsibility (5.317209ms)
(node:75922) ExperimentalWarning: localStorage is not available because --localstorage-file was not provided.
(Use `node --trace-warnings ...` to show where the warning was created)
✔ 派单新增主档工厂可登记承接关系，未知工厂仍阻断 (1.786167ms)
✔ 专属任务保留整单身份、数量和接收方，工艺分支保留全部前置关系 (0.876375ms)
✔ 原生产单车缝任务仍可被 PPIC 分配与责任移交识别，SKU 总量完整 (6.59675ms)
✔ PRINT-HISTORY-001: demo identities remain fixed and reject another factory or task (0.854417ms)
✔ PRINT-HISTORY-002: DYE-GOTO-GLOBAL historical slot 09 survives independent reloads without overwriting (2010.303209ms)
✔ PRINT-HISTORY-002: ID-FAC-001165 historical slot 09 survives independent reloads without overwriting (2023.818333ms)
(node:75925) ExperimentalWarning: localStorage is not available because --localstorage-file was not provided.
(Use `node --trace-warnings ...` to show where the warning was created)
✔ VERIFY-003: dispatch reads keep all documents and independent copies without projecting unrelated business views (191.159958ms)
✔ frozen printing images are losslessly stored once across orders, tasks and attachments (2.958708ms)
✔ missing or malformed image references fail rather than silently replacing frozen evidence (0.240208ms)
(node:75927) ExperimentalWarning: localStorage is not available because --localstorage-file was not provided.
(Use `node --trace-warnings ...` to show where the warning was created)
✔ PERF-002/004: scoped receiving reads preserve direct receipts and allocations, without exposing mutable facts (12.0765ms)
✔ PERF-002/004: a synchronous relation read matches independent reads and releases its scope after errors (727.14975ms)
✔ PERF-004: batched print list reviews and handovers equal independently read facts (284.211917ms)
✔ PERF-004: scoped handovers keep canonical sorting and task point reads preserve identity (8.630459ms)
✔ PERF-004: reusing warehouse documents preserves each dye order source, quantity and receiver (297.862917ms)
(node:75929) ExperimentalWarning: localStorage is not available because --localstorage-file was not provided.
(Use `node --trace-warnings ...` to show where the warning was created)
✔ craft source selection preserves all previous source choices and isolated snapshots (12.276625ms)
✔ source eligibility is re-evaluated after a source order changes (0.144208ms)
(node:75930) ExperimentalWarning: localStorage is not available because --localstorage-file was not provided.
(Use `node --trace-warnings ...` to show where the warning was created)
✔ 生产单创建来源只覆盖旧匹配事实，不复活已取消或覆盖更新后的匹配 (0.391292ms)
✔ 提前来源随PO唯一保存，重复生成不会追加第二份事实；查询投影不反向写PO (0.27625ms)
✔ 失败和嵌套投影后创建stage标记恢复，不影响后续染印执行保存 (0.200334ms)
✔ 备份拒绝错误归属、重复、未知状态和缺少正式冻结来源的匹配 (0.1495ms)
(node:75931) ExperimentalWarning: localStorage is not available because --localstorage-file was not provided.
(Use `node --trace-warnings ...` to show where the warning was created)
✔ 验收数据至少包含 5 张染色和 5 张印花提前加工单，并覆盖全部匹配状态 (353.674667ms)
✔ 印花专业成果把多张图片和多个文件统一保存在同一附件集合 (0.160083ms)
✔ 同一生产需求可手动选择具体专业任务，创建结果保存所选任务与全部成果附件 (39.983625ms)
✔ 创建提前加工单必须选择所属专业任务并明确加工厂 (4.897ms)
✔ 计划加工数量包含损耗率，且染色印花投入与产出 SKU 必须不同 (0.156ms)
✔ 专业成果未审核通过时不可创建提前加工单 (0.121542ms)
✔ 多个生产需求合并为一张生产单时，可匹配多张提前染色加工单 (52.058ms)
✔ 等待技术包的提前单在技术包就绪后可由同一匹配服务自动重试 (15.201084ms)
✔ 合并生产单中只有部分需求有提前单时，只为未覆盖需求补建剩余数量 (43.583166ms)
✔ 已有提前单但正式 BOM 或 SKU 不一致时进入异常，且不重复补建同一工艺单 (39.912ms)
✔ 取消后重建保留旧单，并建立双向替代关系 (5.613875ms)
✔ 没有提前加工单的需求仍保留正式加工单快照 (5.223208ms)
✔ 查生产入口只在合法系统路由显示，并在打印与 PDA 路由隐藏 (0.522792ms)
✔ 相似前缀和相似打印段不会被当成合法路由 (0.063125ms)
(node:75933) ExperimentalWarning: localStorage is not available because --localstorage-file was not provided.
(Use `node --trace-warnings ...` to show where the warning was created)
✔ 静态生产单更新任务状态时保留原冻结资料，不强造不存在的技术版本 (0.69875ms)
✔ 沿用静态资料的例外不能用于新单、篡改快照或错误技术版本 (0.540333ms)
(node:75935) ExperimentalWarning: localStorage is not available because --localstorage-file was not provided.
(Use `node --trace-warnings ...` to show where the warning was created)
✔ PERF-001: runtime snapshot and all nine subsets preserve every production order value and caller isolation (24.529958ms)
✔ PERF-001: a subset read does not traverse or clone unrelated snapshot sections (0.222083ms)
✔ PERF-001: paper pattern binding strips and nested craft arrays remain isolated after mutation (0.236792ms)
✔ PERF-001: replacing or updating the bound snapshot is visible immediately without a stale cache (0.143167ms)
✔ PERF-001: missing production order keeps null and empty-list contracts (0.072792ms)
✔ finished preparation and purchase keep their delay without claiming current work is on time (5.155458ms)
✔ absence of applicable records and missing timing inputs are not healthy or not-yet-due (1.121625ms)
✔ inbound quantity and final time completeness produce distinct business results (0.165791ms)
✔ reached late milestone has zero only for that milestone, not the whole task (2.261375ms)
✔ creation and handover clocks explain their different unfinished endpoints (1.467833ms)
✔ all current scenes avoid ambiguous headline defaults and literal unknown numbers (14.576292ms)
✔ contract graph with missing allocation date or actual holdings cannot assert not-yet-due or achieved (1.289541ms)
✔ opening a follow-up modal only reads, and empty inputs never appear saved (8.381125ms)
✔ save waits for completion and readback, rejects double-click writes, and stores realtime feedback without a forecast (15.399959ms)
✔ failed save retains all inputs and retries the exact same operation ID (3.042917ms)
✔ commit followed by readback failure remains unconfirmed until a read proves the same record (5.923542ms)
✔ work must belong to the current production order and expected time must be valid (2.661833ms)
✔ read failure retains a draft and does not treat unavailable records as a normal empty history (1.179666ms)
✔ old logs are retained, but never assigned to a new production order by inference (1.027958ms)
✔ FLOW graph late: full lifecycle keeps allocation, execution and four post stages (3.838417ms)
✔ FLOW graph normal: full lifecycle keeps allocation, execution and four post stages (3.815708ms)
✔ FLOW graph complete: full lifecycle keeps allocation, execution and four post stages (1.421333ms)
✔ FLOW graph completeLate: full lifecycle keeps allocation, execution and four post stages (3.539583ms)
✔ FLOW graph completeUnknown: full lifecycle keeps allocation, execution and four post stages (1.306125ms)
✔ FLOW graph partial: full lifecycle keeps allocation, execution and four post stages (1.724708ms)
✔ FLOW graph reordered: full lifecycle keeps allocation, execution and four post stages (3.3685ms)
✔ FLOW graph reachedLate: full lifecycle keeps allocation, execution and four post stages (1.685625ms)
✔ FLOW graph positioning: full lifecycle keeps allocation, execution and four post stages (0.307459ms)
✔ FLOW graph prepPending: full lifecycle keeps allocation, execution and four post stages (0.312125ms)
✔ FLOW graph sampleLate: full lifecycle keeps allocation, execution and four post stages (1.363125ms)
✔ FLOW graph samplePending: full lifecycle keeps allocation, execution and four post stages (1.443125ms)
✔ FLOW graph fullContract: full lifecycle keeps allocation, execution and four post stages (4.906042ms)
✔ FLOW graph materialBatches: full lifecycle keeps allocation, execution and four post stages (1.4795ms)
✔ FLOW graph materialPartial: full lifecycle keeps allocation, execution and four post stages (0.78175ms)
✔ FLOW graph live: full lifecycle keeps allocation, execution and four post stages (4.605458ms)
✔ FLOW graph unknown: full lifecycle keeps allocation, execution and four post stages (0.328875ms)
✔ FLOW graph unassigned: full lifecycle keeps allocation, execution and four post stages (1.496042ms)
✔ FLOW graph sameFactory: full lifecycle keeps allocation, execution and four post stages (4.857084ms)
✔ FLOW graph handoverPartial: full lifecycle keeps allocation, execution and four post stages (0.7425ms)
✔ FLOW live: QC, processing, recheck quantities have distinct current positions while history remains (0.400083ms)
✔ FLOW full contract: scopes and execution documents stay distinct from cumulative contract milestones (0.090959ms)
✔ FLOW delivery: outgoing without warehouse receipt keeps waiting clock active (0.059958ms)
✔ FLOW one post work order shares projects, quantity and clock without per-project chains (0.442ms)
✔ FLOW bypass records go from completed QC directly to delivery, without fabricated processing or recheck (0.207583ms)
✔ FLOW summary cards distinguish pending, unknown, historical and current states without invented SLA (1.77175ms)
✔ FLOW mixed QC, processing and recheck quantities are summarized as post handling rather than processing (0.524083ms)
✔ FLOW pending inspection and recheck are not started rather than unknown, consistently with rails (0.09925ms)
✔ FLOW pending document cards and summaries describe unstarted clocks rather than missing times (1.060375ms)
✔ FLOW document modal has one project block for its single processing order (0.431708ms)
✔ COPY developer round: unknown purchase keeps allocation and execution responsibilities unverified (0.087125ms)
✔ COPY developer round: mixed post history and active work both remain visible (0.068916ms)
✔ COPY developer round: partial warehouse quantity is not a completed stage (1.27025ms)
✔ COPY developer round: process start and quantity appear once, QC uses its own business action (0.398875ms)
✔ FLOW-MOCK-001: all 20 scenarios retain source facts with documented COPY-211 cutting correction (19.411ms)
✔ FLOW-MOCK-002: every early-stage scenario has an honest full-flow skeleton and unknown purchase has no invented work (0.50525ms)
✔ FLOW-MOCK-003: allocation and actual sewing are distinct and each of the three contract scopes has only its applicable steps (0.417416ms)
✔ FLOW-MOCK-004: batches partition original receipts within each task and each source receipt exactly once (0.304875ms)
✔ FLOW-MOCK-005: actual positions preserve warehouse, delivery, processing aggregate amounts and explicit unknown remainder (0.18075ms)
✔ FLOW-MOCK-006: current QC, processing, recheck, delivery and warehouse positions have distinct document facts (0.36575ms)
✔ FLOW-MOCK-007: batch event chronology is ordered and all recorded actual events precede the fixed viewing time (1.026083ms)
✔ FLOW-MOCK-008: completed orders keep complete post history and missing last inbound time is never fabricated (0.094125ms)
✔ FLOW-MOCK-009: factory-contracted packing is not assigned again in post, and the no-post-processing route is explicit (0.310583ms)
✔ FLOW-MOCK-010: every new document is task scoped, batch scoped when applicable, and has valid same-scene relationships (1.226208ms)
✔ FLOW-MOCK-011: independent sewing keeps all applicable post items inside one processing document and one overall clock (0.291333ms)
✔ FLOW-MOCK-012: each batch has at most one post-processing document with the prototype item, status, quantity and timing contract (1.445084ms)
✔ FLOW-MOCK-013: actual quality results generate only applicable processing, completion generates recheck, and no processing goes straight to warehouse delivery (0.247542ms)
✔ COPY-211: full contract scope does not duplicate in-house cutting or release (0.119667ms)
✔ every sewing and post-finishing document type opens its actual native module detail (97.696708ms)
✔ sewing task execution preserves the matching contract rather than entering the allocation workbench (2.689083ms)
✔ post-finishing QC and recheck retain their own task results, batches, and downstream documents (20.919458ms)
✔ post delivery shows actual outgoing and finished-goods receipt separately (8.464125ms)
✔ completed orders retain the recorded post-finishing document history (1.69825ms)
✔ unknown or wrongly routed full-flow documents do not produce invented detail pages (0.241708ms)
✔ recorded finished-goods receipt without its time stops the handover clock rather than creating current waiting (0.42325ms)
✔ clock completion matches its own final business event across work and handover (0.102417ms)
✔ native post document uses the same Chinese current-position label as the diagram (11.8405ms)
✔ explicitly pending work is not mislabeled as missing actual start time in native clocks (0.442125ms)
✔ native post work detail keeps one project set, one clock and classified quantities (0.236584ms)
✔ post recheck describes SKU quantity and barcode verification rather than a second quality inspection (0.271834ms)
✔ original post work documents preserve their recorded completed quantities without requiring new project fields (1.010666ms)
✔ delivery awaiting warehouse receipt is not described as an unfinished upstream prerequisite (0.256459ms)
✔ completed late work and unfinished overdue work remain different in management and the actual source detail (41.330291ms)
✔ a late reached contract is a ended node, and future unreached targets are not current debt (32.411167ms)
✔ missing allocation date or factory actual pickup keeps unknown distinct from an on-time contract (22.548958ms)
✔ source contract deadline uses allocation day as day 1 even when business date contains a clock time (20.599333ms)
✔ full warehouse quantities without last receipt time never imply an on-time result or enter the rate denominator (21.284292ms)
✔ purchase association unknown never asserts that production has not been created or begun (0.805292ms)
✔ sample timing is by actual handout date and remains separate from approval result (16.484875ms)
✔ completed whole-order elapsed time stops at final warehouse receipt; export names quantities and states precisely (23.417ms)
✔ zero actual pickup is a known zero awaiting a contract denominator, not a missing value or automatic achievement (28.872292ms)
✔ missing execution evidence does not imply that material has not arrived or that work is confirmed overdue (5.135083ms)
✔ POST-FOLD late: post work is nested and the sewing label is unified (3.416667ms)
✔ POST-FOLD normal: post work is nested and the sewing label is unified (3.397167ms)
✔ POST-FOLD complete: post work is nested and the sewing label is unified (1.287583ms)
✔ POST-FOLD completeLate: post work is nested and the sewing label is unified (3.416125ms)
✔ POST-FOLD completeUnknown: post work is nested and the sewing label is unified (1.171667ms)
✔ POST-FOLD partial: post work is nested and the sewing label is unified (1.560083ms)
✔ POST-FOLD reordered: post work is nested and the sewing label is unified (3.387958ms)
✔ POST-FOLD reachedLate: post work is nested and the sewing label is unified (3.112125ms)
✔ POST-FOLD positioning: post work is nested and the sewing label is unified (0.614625ms)
✔ POST-FOLD prepPending: post work is nested and the sewing label is unified (0.577417ms)
✔ POST-FOLD sampleLate: post work is nested and the sewing label is unified (1.796625ms)
✔ POST-FOLD samplePending: post work is nested and the sewing label is unified (1.287167ms)
✔ POST-FOLD fullContract: post work is nested and the sewing label is unified (2.764042ms)
✔ POST-FOLD materialBatches: post work is nested and the sewing label is unified (0.621083ms)
✔ POST-FOLD materialPartial: post work is nested and the sewing label is unified (0.518083ms)
✔ POST-FOLD live: post work is nested and the sewing label is unified (3.012459ms)
✔ POST-FOLD unknown: post work is nested and the sewing label is unified (0.622083ms)
✔ POST-FOLD unassigned: post work is nested and the sewing label is unified (2.538208ms)
✔ POST-FOLD sameFactory: post work is nested and the sewing label is unified (2.802584ms)
✔ POST-FOLD handoverPartial: post work is nested and the sewing label is unified (2.497667ms)
✔ POST-TIME: completed and active work show actual times and longest own clock without inventing an SLA (0.516958ms)
✔ POST-TIME: known document requirements distinguish unfinished late work from completed late history (0.216917ms)
✔ PAGE-001 / SCENE-17 / 20: 19 unique production orders plus one purchase awaiting association preserve the 19 accepted base scenes (1.14125ms)
✔ MASTER-001 / SCENE-07: reversing purchase order input retains earliest precise start and 28-day deadline (0.219416ms)
✔ MASTER-002: full warehouse completion at the exact deadline is timely; one minute later is late (0.15175ms)
✔ SCENE-03—05: warehouse facts establish completion separately from final timestamp and stale upstream records (0.155541ms)
✔ SCENE-06 / 16 / 18: quantity positions conserve pieces while missing position and task ownership remain distinct (4.556084ms)
✔ CONTRACT-002 / SCENE-13: three return contracts use calendar days including Sunday and their actual held quantities (1.117709ms)
✔ SCENE-19: B factory total 40% cannot cover the independently overdue B01 task (1.126583ms)
✔ SCENE-02 / 08: timely returns and late reached milestone differ from a currently overdue unmet milestone (0.940834ms)
✔ SCENE-09 / 10: preparation is a parallel four/five-day stage with separately recorded production and handover (4.570125ms)
✔ SCENE-11 / 12: sample date is pickup plus three; failed or unsubmitted sample does not move the return deadline (3.4475ms)
✔ SCENE-14: stock 600 meters advances before the independent 900-meter purchase batch, with three work/handover records each (2.888625ms)
✔ SCENE-15: known 600-meter receipt is preserved while the 900-meter purchase remains unknown and currently late (0.957583ms)
✔ SCENE-20: partial factory handover retains 2400 sleeve pieces received and 600 disputed without closing the handover or converting to garments (1.182917ms)
✔ SCENE-01: completed preparation/material delays remain history while sleeve work has a current 600-piece gap (2.320959ms)
✔ PREP / CRAFT: auxiliary work is three days each; bulk dye/print/wash and handovers have no invented SLA (2.645584ms)
✔ SOURCE / UI: document IDs, related ownership, native routes and source summaries are coherent without read mutation (26.752042ms)
✔ SOURCE: there are no future actual events or reversed processing/handover times in the fixed demonstration (5.823167ms)
✔ SCENE late: expanded accepted diagram retains its business nodes and source documents (0.863833ms)
✔ SCENE normal: expanded accepted diagram retains its business nodes and source documents (1.116ms)
✔ SCENE complete: expanded accepted diagram retains its business nodes and source documents (1.762167ms)
✔ SCENE completeLate: expanded accepted diagram retains its business nodes and source documents (1.5075ms)
✔ SCENE completeUnknown: expanded accepted diagram retains its business nodes and source documents (0.815ms)
✔ SCENE partial: expanded accepted diagram retains its business nodes and source documents (0.960792ms)
✔ SCENE reordered: expanded accepted diagram retains its business nodes and source documents (1.261708ms)
✔ SCENE reachedLate: expanded accepted diagram retains its business nodes and source documents (0.896083ms)
✔ SCENE positioning: expanded accepted diagram retains its business nodes and source documents (0.240333ms)
✔ SCENE prepPending: expanded accepted diagram retains its business nodes and source documents (0.227291ms)
✔ SCENE sampleLate: expanded accepted diagram retains its business nodes and source documents (0.906708ms)
✔ SCENE samplePending: expanded accepted diagram retains its business nodes and source documents (1.027542ms)
✔ SCENE fullContract: expanded accepted diagram retains its business nodes and source documents (1.143208ms)
✔ SCENE materialBatches: expanded accepted diagram retains its business nodes and source documents (0.555375ms)
✔ SCENE materialPartial: expanded accepted diagram retains its business nodes and source documents (1.291792ms)
✔ SCENE live: expanded accepted diagram retains its business nodes and source documents (1.015042ms)
✔ SCENE unknown: expanded accepted diagram retains its business nodes and source documents (0.104375ms)
✔ SCENE unassigned: expanded accepted diagram retains its business nodes and source documents (0.907167ms)
✔ SCENE sameFactory: expanded accepted diagram retains its business nodes and source documents (1.237583ms)
✔ SCENE handoverPartial: expanded accepted diagram retains its business nodes and source documents (0.6115ms)
✔ PREP-005: supplemental scene retains disabled and change-ended documents without creating active clocks or blocking valid preparation (0.81225ms)
✔ timing documents resolve directly at their native route with the same shared static facts (494.563417ms)
✔ source detail does not resolve unrelated records or a registered record at a wrong module path (0.174542ms)
✔ a handover belongs to its original outgoing work rather than a linked next process (0.121375ms)
✔ contract details retain natural-day deadlines and late achievement history (0.414458ms)
✔ partially received material retains unknown purchase receipt instead of inventing zero or full stock (0.236709ms)
✔ production preparation details include parallel requirements and BOM quantities (0.543834ms)
✔ work remaining quantity follows known required and completed quantities in the same unit (0.622708ms)
✔ missing factory sample uses the recorded requirement date and keeps sample approval outside return milestones (0.132083ms)
✔ purchase-only scenario resolves to the existing merchandise purchase and pending-purchase backlink (0.11625ms)
✔ finished-goods detail distinguishes latest partial receipt from full completion time (0.325791ms)
✔ unknown timing standard is amber verification, never a red confirmed-overdue result (0.215125ms)
✔ MIGRATE-001: direct production/pending detail paths have their own active tab identity; discarded tasks/examples/team details are absent (1.007167ms)
✔ MIGRATE-001: stored DDS tabs prune discarded addresses, retain unrelated tabs and correct the live production title without touching input (0.52ms)
(node:75947) ExperimentalWarning: localStorage is not available because --localstorage-file was not provided.
(Use `node --trace-warnings ...` to show where the warning was created)
✔ VERIFY-003: scoped reads preserve pending/voided sources and defensive copies (6.539ms)
✔ VERIFY-003: metadata lookup reflects registry changes and returns independent locations (4.953334ms)
✔ 备份恢复不能借原票编号伪造另一种面料的交出回执 (1.641833ms)
(node:75949) ExperimentalWarning: localStorage is not available because --localstorage-file was not provided.
(Use `node --trace-warnings ...` to show where the warning was created)
✔ 换片票文案不显示内部路径，扫码身份和原票号保持 (0.917375ms)
✔ 打印结果选票行使用业务名称区分生产单、面料和颜色，保留原勾选身份 (0.158709ms)
✔ 任务单使用可识别的物料编码，内部技术资料键不进入文字、图片标题和无障碍名称 (0.591667ms)
✔ 换片布固定演示：四个新增生产单覆盖部分打印、补打、交出备用及失效票 (1.118125ms)
✔ 部位票缓存感知已提交事件版本，重复读取同一版本不失效 (0.345333ms)
✔ 按名称排朴，空名拒绝，同名不同编码/颜色保留独立身份 (0.603875ms)
✔ 初始每面料一张，重复分配幂等；新增与补打不混淆 (0.633292ms)
✔ 改派未交票失效，已交历史不抹除，新范围递增序号 (0.482583ms)
✔ 部分出纸仅确认勾选票；重复确认不增加次数，内容变化拒绝 (0.123333ms)
✔ 整个批次多袋并集检查，非本次袋不可借用，顺序无关 (0.284042ms)
✔ 同任务同工厂历史可满足；不同任务或换厂必须另交 (0.169584ms)
✔ 三方自行裁剪排除，资料缺失与无需面料分开判断 (0.061125ms)
✔ 混装按类型和单位分项，换片布不能拆成非5 Yard (0.106459ms)
✔ 局域网 HTTP 的摘要与原生 SHA-256 相同，既有票号不变化 (15.09375ms)
(node:75955) ExperimentalWarning: localStorage is not available because --localstorage-file was not provided.
(Use `node --trace-warnings ...` to show where the warning was created)
✔ 混装打印保留裁片矩阵，捆条和换片布独立附页，不合并单位 (2.69525ms)
✔ 纯换片布袋可生成货物标识，不制造尺码和部位 (0.714125ms)
✔ 混装标签拒绝换片布错误长度、作废票和混生产单 (0.486875ms)
✔ 旧业务存储不可读时仍用已提交的原装袋周期打印三类货物 (0.550709ms)
✔ 生产单按单记录；变更一单不重写其他单和任务 (2.528458ms)
✔ 运行任务独立保存覆盖、拆分、合并、改派及序号，往返保留身份 (0.498791ms)
✔ 有效分配索引、独立记录、审计及序号完整往返，拒绝重复身份和损坏格式 (0.537042ms)
✔ 拒绝空字符串，不吞掉损坏记录 (0.0845ms)
✔ 拒绝数组根，不吞掉损坏记录 (0.059ms)
✔ 拒绝生产单数组实体，不吞掉损坏记录 (0.047708ms)
✔ 拒绝生产单空编号，不吞掉损坏记录 (0.0445ms)
✔ 拒绝生产单损坏快照，不吞掉损坏记录 (0.0465ms)
✔ 拒绝任务覆盖数组，不吞掉损坏记录 (0.062833ms)
✔ 拒绝任务覆盖身份，不吞掉损坏记录 (0.087833ms)
✔ 拒绝拆分来源身份，不吞掉损坏记录 (0.06325ms)
✔ 拒绝拆分子项损坏，不吞掉损坏记录 (0.069958ms)
✔ 拒绝合并明细损坏，不吞掉损坏记录 (0.046209ms)
✔ 拒绝改派任务身份，不吞掉损坏记录 (0.03025ms)
✔ 拒绝不安全序号，不吞掉损坏记录 (0.030625ms)
✔ 拒绝重复Map键，不吞掉损坏记录 (0.03875ms)
✔ 拒绝current非数组，不吞掉损坏记录 (0.031833ms)
✔ 拒绝current孤儿，不吞掉损坏记录 (0.034458ms)
✔ 拒绝current跨任务，不吞掉损坏记录 (0.02875ms)
✔ 拒绝current重复引用，不吞掉损坏记录 (0.033458ms)
✔ 拒绝审计孤儿，不吞掉损坏记录 (0.034875ms)
✔ 已保存实体损坏编号、缺少meta或重复meta不能伪造正常空源 (0.146083ms)
✔ 未登记key及空白JSON拒绝；null明确代表没有覆盖 (0.049666ms)
✔ 备份校验拒绝未知来源集合、伪造迁移身份及丢失检查点实体 (0.594917ms)
✔ 四类静态运行任务的删除标记完整往返，拒绝混入业务字段或假删除 (0.142917ms)
✔ 分配副产物按实体保存；合同、样衣及PPIC责任保留独立序号 (0.451916ms)
✔ 拒绝缺失渲染必需快照的合同，防止迁移清源后才暴露损坏 (0.048667ms)
✔ 关联实体损坏拒绝 unknown:X (0.040666ms)
✔ 关联实体损坏拒绝 material-context:A (0.028583ms)
✔ 关联实体损坏拒绝 return-sequence:value (0.03425ms)
✔ 关联实体损坏拒绝 sla-current:T (0.026333ms)
✔ 生产创建匹配来源按生产单身份校验并完整恢复 (0.185375ms)
✔ 工厂结束事实只允许明确任务、操作人和时间 (2.137292ms)
✔ 既有招标定标记录保留真实来源编号并校验价格与操作人 (0.177875ms)
✔ 开工交出单头只包含首次零交出事实，拒绝伪造数量和身份 (0.181125ms)
(node:75957) ExperimentalWarning: localStorage is not available because --localstorage-file was not provided.
(Use `node --trace-warnings ...` to show where the warning was created)
✔ 同分配的同名 A/B 面料分别新增和打印；第二面料不被第一范围替代 (70.944875ms)
(node:75958) ExperimentalWarning: localStorage is not available because --localstorage-file was not provided.
(Use `node --trace-warnings ...` to show where the warning was created)
✔ 分配 SKU 的需料不同；多尺码共料去重，名称含朴排除 (1.195333ms)
✔ 完整但全是朴为空集合；缺颜色映射或空名称属于资料错误 (0.393083ms)
✔ 同名不同编码面料不混并；BOM 身份歧义阻断 (0.234125ms)
✔ 交出回执从快照保留三种明细，Yard 与米不进入裁片数量 (0.679083ms)
✔ 回执任务读取保持数组身份；只在事实变更后重新投影 (0.228625ms)
✔ 款式需料读取的配置查询只返回独立副本，不能污染下次来源读取 (0.684917ms)
✔ 来源读取失败时不能把不可用哨兵值当作稳定分配继续保存 (0.305417ms)
✔ 历史裁片实交保留原数量与归属，其他集合不混入 (1.076334ms)
✔ 历史缺原版本、交错明细、负数量或记录身份错误均阻断恢复 (0.535ms)
✔ 面辅料单不可写入退役裁片历史，未完成迁移标记不可恢复 (0.21025ms)
✔ 并发调用复用同一个模块加载 Promise，成功后继续复用结果 (0.66925ms)
✔ 模块加载失败后清空缓存，下一次调用可以重试 (0.238208ms)
(node:75961) ExperimentalWarning: localStorage is not available because --localstorage-file was not provided.
(Use `node --trace-warnings ...` to show where the warning was created)
✔ CONTRACT-005: native legacy task fixture exposes the actual missing allocation date at PDA and progress board entries (1026.00825ms)
(node:75962) ExperimentalWarning: localStorage is not available because --localstorage-file was not provided.
(Use `node --trace-warnings ...` to show where the warning was created)
✔ CONTRACT-002: later factory acceptance retains its fact without postponing business allocation deadlines (0.733584ms)
✔ CONTRACT-002: missing business allocation time produces a visible verification gap instead of acceptance-based deadlines (0.152ms)
✔ CONTRACT-002: historical acceptance-based snapshots remain intact but cannot establish current contract deadlines (0.298875ms)
✔ CONTRACT-002: shared PDA and progress board show missing allocation dates without claiming zero-receipt tasks are complete (0.46725ms)
✔ CONTRACT-002: confirmed dates still show the next contractual node and complete only after all 100 pieces are received (0.348583ms)
✔ CONTRACT-002: outsourcing tracking uses allocation dates for tender tasks and marks missing dates as unverified (11.281583ms)
(node:75964) ExperimentalWarning: localStorage is not available because --localstorage-file was not provided.
(Use `node --trace-warnings ...` to show where the warning was created)
✔ 刷新时静态样衣命令重建不重放到已移交的持久用户状态，构造失败恢复输入 (7.631042ms)
✔ 独立打印外壳只命中完整生产确认单打印路由 (1.630333ms)
✔ 既有固定打印路由仍使用独立打印外壳 (0.241708ms)
(node:75966) ExperimentalWarning: localStorage is not available because --localstorage-file was not provided.
(Use `node --trace-warnings ...` to show where the warning was created)
✔ TP-ID-002: FCS live hydration cannot change the static 26 identities or their numeric sequence (10.775541ms)
✔ TP-DATA-001: baseline has 20 actual complete formal versions and three plus three draft review states (1.249708ms)
✔ TP-ROUTE-001: all twenty formal routes have three resolvable dye→print→wash chains and five two-craft pieces (174.603875ms)
✔ TP-ID-001: ID is persisted independent of ordering and next identity uses the global maximum (1.206792ms)
✔ TP-LEGACY-001: exact old static copies project read-only, preserve source identities and preserve changed records or content (3.831375ms)
✔ TP-LEGACY-002: repository reads old demo without writes; new legacy-source creation is rejected (326.455417ms)
✔ TP-LEGACY-003: early release content upgrades after person maintenance but genuine technical edits remain intact (7.990084ms)
✔ TP-PAGE-001: route rendering preserves stored IDs and hides objects without additional processing (110.867958ms)
✔ TP-PERSON-001: valid maintenance retains published content, records a log, and rejects wrong-role candidates (333.471417ms)
✔ technical version working-copy reads do not write and failed staging preserves data (first visit) (339.7ms)
✔ technical version working-copy reads do not write and failed staging preserves data (saved data) (398.502833ms)
[PMS_IDB_LOAD_FAILED] { message: '当前浏览器不支持 IndexedDB,PMS 业务数据无法持久化。' }
✔ 五类页面共享采购到交出的串联 Mock，重复初始化不重置执行事实 (233.211792ms)
✔ 补齐串联 Mock 时压缩历史大签名，避免浏览器存储接近上限导致页面路由失败 (237.301209ms)
✔ 三个中央工厂在组织目录与执行工厂中身份一致且仅出现一次 (0.435708ms)
✔ 花边角色与采购映射归属TMF但供应方仍保留独立身份 (0.071042ms)
✔ 橡筋定长切割仍归SPF，不成为TMF织带截断任务 (0.089792ms)
✔ 旧浏览器组织记录迁移后不与权威TMF并存且保留已有联系人 (2.535542ms)
(node:75971) ExperimentalWarning: localStorage is not available because --localstorage-file was not provided.
(Use `node --trace-warnings ...` to show where the warning was created)
✔ 连续织带实际650米交出→648+2实收→染色可用650，仓库和用料保持米制且无公斤换算 (15.08375ms)
✔ 连续长度口径不可用于纱线/码制，普通辅料仍要求实际称重 (1.910458ms)
✔ 原生连续辅料染色650→640：实际工厂实收及用料驱动加工，使用对象对应蓝色织带参考图 (453.990791ms)
✔ 织带与绳子参考档案接入实际物料库，保留图片来源和未确认尺寸，不替换橡筋 (141.342291ms)
✔ 同分钟新建不同幅宽织带和绳径主档不共用 SPU 身份，SKU 保持各自父档与主单位 (24.722834ms)
✔ TMF半成品SKU按SPU→潘通色号→颜色→花型生成，长度和端头不进入SKU (0.265917ms)
(node:75976) ExperimentalWarning: localStorage is not available because --localstorage-file was not provided.
(Use `node --trace-warnings ...` to show where the warning was created)
✔ TMF发布采用链：技术包发布门禁→审核发布→启用→生产单采用→生成织带加工需求 (1458.992834ms)
✔ TMF发布门禁：含织带截断工序但规格未补齐的采用版本不能发布 (419.938542ms)
✔ 正式生产路线只关联相邻同BOM同SKU的染色→印花，不生成数量或修改来源 (0.832209ms)
✔ 跨单/版本/工序/用途/SKU/单位、缺工厂与已有其他接收单都不能接续 (0.242834ms)
✔ 印花连续辅料仅接同版本同BOM的直接截断节点，不修改SKU和数量 (0.610334ms)
✔ 染色来源已绑定印花时拒绝直接截断，不读取不存在的顶层字段 (0.221916ms)
✔ TMF V1 原型范围、工厂身份和现场默认参数已冻结 (0.676375ms)
✔ TMF 风险动作默认要求主管与二次确认，采购行身份不可丢失 (0.062458ms)
[PMS_IDB_LOAD_FAILED] { message: '当前浏览器不支持 IndexedDB,PMS 业务数据无法持久化。' }
[PMS_IDB_UNAVAILABLE] put 跳过,数据仅保留在内存 { store: 'pmsMaterialPurchaseOrderDeltas', key: 'CGF-2026-0007' }
[PMS_IDB_UNAVAILABLE] put 跳过,数据仅保留在内存 { store: 'pmsMaterialPurchaseOrderDeltas', key: 'CGF-2026-0009' }
[PMS_IDB_UNAVAILABLE] put 跳过,数据仅保留在内存 { store: 'pmsMaterialPurchaseOrderDeltas', key: 'CGF-2026-0009' }
{"scenario":"N02","scope":"业务动作主链含纱线重量账；含端头辅材采购实收；不含PCS发布采用页面、纱线采购上游","purchaseReceived":1300,"productionReceived":1000,"warehouseContinuousM":30,"netCutM":1260,"lossM":10,"headUnit":"个","headReceived":2020,"headRemaining":15}
[PMS_IDB_UNAVAILABLE] put 跳过,数据仅保留在内存 { store: 'pmsMaterialPurchaseOrderDeltas', key: 'CGF-2026-0010' }
[PMS_IDB_UNAVAILABLE] put 跳过,数据仅保留在内存 { store: 'pmsMaterialPurchaseOrderDeltas', key: 'CGF-2026-0010' }
{"scenario":"N03","scope":"业务动作主链含纱线重量账；含端头辅材采购实收；不含PCS发布采用页面、纱线采购上游","purchaseReceived":60,"productionReceived":100,"warehouseContinuousM":9,"netCutM":50,"lossM":1,"headUnit":"个","headReceived":202,"headRemaining":1}
[PMS_IDB_UNAVAILABLE] put 跳过,数据仅保留在内存 { store: 'pmsMaterialPurchaseOrderDeltas', key: 'CGF-2026-0011' }
[PMS_IDB_UNAVAILABLE] put 跳过,数据仅保留在内存 { store: 'pmsMaterialPurchaseOrderDeltas', key: 'CGF-2026-0011' }
{"scenario":"N04","scope":"业务动作主链含纱线重量账；含端头辅材采购实收；不含PCS发布采用页面、纱线采购上游","purchaseReceived":100,"productionReceived":50,"warehouseContinuousM":34,"netCutM":65,"lossM":1,"headUnit":"kg","headReceived":0.2,"headRemaining":0.04}
[PMS_IDB_UNAVAILABLE] put 跳过,数据仅保留在内存 { store: 'pmsMaterialPurchaseOrderDeltas', key: 'CGF-2026-0012' }
[PMS_IDB_UNAVAILABLE] put 跳过,数据仅保留在内存 { store: 'pmsMaterialPurchaseOrderDeltas', key: 'CGF-2026-0012' }
{"scenario":"B06","scope":"规范数量动作链；塑料头从仓库实收事实开始，补购基础生产未虚构纱线配方；不代表全部页面验收","continuous":9,"productionReceived":1000,"scrapped":100,"scrappedMeters":120,"loss":11,"metalRemaining":15,"plasticRemaining":2}
{"scenario":"N05","mergedBatch":"FULL-N05-MERGED","purchaseReceivedM":120,"mergedIssuedM":102,"mergedProducedPieces":200,"productionReceivedByOrder":[100,100],"warehouseContinuousM":19,"lossM":1,"returnedM":1}
{"scenario":"B17","mergedBatch":"FULL-B17-MERGED","purchaseReceivedM":120,"mergedIssuedM":102,"mergedProducedPieces":200,"productionReceivedByOrder":[100,100],"warehouseContinuousM":19,"lossM":1,"returnedM":1}
{"scenario":"N01","rawReceivedKg":12,"consumedKg":10,"returnedKg":1,"factoryRemainingKg":1,"semiFinishedReceivedM":1000}
{"scenario":"N02","rawReceivedKg":12,"consumedKg":10,"returnedKg":1,"factoryRemainingKg":1,"semiFinishedReceivedM":1300}
{"scenario":"N03","rawReceivedKg":12,"consumedKg":10,"returnedKg":1,"factoryRemainingKg":1,"semiFinishedReceivedM":60}
{"scenario":"N04","rawReceivedKg":12,"consumedKg":10,"returnedKg":1,"factoryRemainingKg":1,"semiFinishedReceivedM":100}
{"scenario":"N05","rawReceivedKg":12,"consumedKg":10,"returnedKg":1,"factoryRemainingKg":1,"semiFinishedReceivedM":120}
{"scenario":"PRINTBACK-source-fixture","nativePrint":{"inputM":650,"outputM":630,"lossM":20,"outputImage":"MISSING_BLOCKED"},"sourceDispatched":630,"actualReceived":630,"cutMeters":620,"lossMeters":2,"returnedMeters":8,"baseLeftMeters":350,"scope":"原生印花650→630已独立重放；下游630米交出仍为专项夹具，不替代缺图正式交出或N01完整上游"}
{"scenario":"B09-downstream-recovery","basePhysicalM":350,"otherReservedM":350,"baseAvailableM":0,"processedReturnM":8,"productionPieces":[400,600],"scope":"含实际占用失败、释放、发料及印花回料后全链；原生印染20米损耗未执行，不是完整B09通过"}
{"scenario":"B05-cut-recovery","received":[400,600],"frozenPieces":10,"frozenLengthMm":500,"continuous":2.5,"cutLoss":2.5,"upstreamScope":"印花630米已交出为外部专项夹具，不冒充原生印染20米损耗或全N01"}
(node:75979) ExperimentalWarning: localStorage is not available because --localstorage-file was not provided.
(Use `node --trace-warnings ...` to show where the warning was created)
✔ N01～N05：通过现有 PMS 入口下达，每条采购链从零执行到仓库实收；交出不提前增加库存 (13.261416ms)
✔ 半成品加工没有原料实收和足量耗用时禁止产出，补齐同一原料链后才能填报 (3.399041ms)
✔ MOCK-007：规范场景使用同一采购行、基础单和生产需求身份，不复制孤立页面 Mock (2.532542ms)
✔ MOCK-009：重置只重载隔离的运行态，不清除用户浏览器数据 (0.635833ms)
✔ B01/B03：短收保留在途和采购缺口；重复扫描、生成和刷新不双记 (1.536833ms)
✔ B02/B04：多收、错 SKU、错仓和无权限动作不改变任意下游数量；恢复后正常收齐 (3.213875ms)
✔ OVR-001～003：超产与超收须主管二次确认，计划不扩、幂等且下游一致 (9.710167ms)
✔ MASTER-001～003/005：采购与端头采购映射原型内建主档，缺失阻断且身份稳定 (3.832458ms)
✔ MASTER-004：映射前历史记录保留原快照与未映射标记，不批量改写 (0.280708ms)
✔ TERM-001～005：取消后终止处置台逐项决定，未处置不得结案且数量对账守恒 (7.07025ms)
✔ 终止连续余料：实物余量只扣一次报废，拒绝超量且剩余数量可继续处置 (5.604916ms)
✔ GAP-TERM-004：上游未收与生产在途分别确认去向，不可重复登记 (0.735625ms)
✔ DYE-001～003：染色直交织带厂按实际交出分配实收，追溯原染色单且不重复扣料 (379.182292ms)
✔ 采购追加：未开始同步计划，已执行保留原计划和实物并处理变更 (4.98525ms)
✔ B21：保存失败不报成功、不留部分库存；成功后刷新读取同一采购和收货事实 (1.230167ms)
✔ 采购→两种规格截断→拆包回仓→分配发料→生产实收：短收保留缺口，库存及采购不双记 (21.460583ms)
✔ B09：其他需求占用400米时不能再占650；释放50后恢复，错误发料不改变库存 (5.3915ms)
✔ 需求来源：同尺码不同成衣SKU分别保留，BOM适用范围生效，错误快照和重复工序阻断 (0.397167ms)
✔ 待打头条料不计合格产出；超公差实物记不良且照实扣下料当量，未实收不可截断 (30.759833ms)
✔ N04：采购100米→单端硅胶按kg实耗→回仓发料→生产实收50根，连续料剩34米 (26.290042ms)
✔ B15：截断后取消保留1000根在制和1260米当量，释放未发占用并只退连续余料 (23.129583ms)
✔ 已回仓部分发料后取消：释放未发分配，冻结实存，已发在途保留且实收不恢复需求 (18.657042ms)
✔ N02规范数值：采购→实际加工→生产实收及米料/辅材退仓整链 (77.388167ms)
✔ N03规范数值：采购→实际加工→生产实收及米料/辅材退仓整链 (60.079167ms)
✔ N04规范数值：采购→实际加工→生产实收及米料/辅材退仓整链 (63.6735ms)
✔ B06规范恢复：误装100根报废→补购100米并补做→生产实收1000根，三套实物账守恒 (133.248917ms)
✔ N05合并批：120米采购→102米合并投入→两生产单各实收100，B17独立副本拆100为40+60 (88.254875ms)
✔ B17合并批：120米采购→102米合并投入→两生产单各实收100，B17独立副本拆100为40+60 (104.037708ms)
✔ N01～N05基础原料重量账：源仓实收→发出→工厂实收→耗用/余料→原仓实收，与米制产出独立 (237.310583ms)
✔ 主生产单暂停/取消直接限制织带执行，已发实收保留且取消处置释放未发占用 (69.091709ms)
✔ 冷启动及旧标签页均读取已保存主单限制，损坏来源不默许执行 (0.300209ms)
✔ 印花交出按两种长度分配，原单分次实收唯一记账，随后截断/回仓/领料守恒 (384.110292ms)
✔ 主单离页保存保留其他页取消及新增单，同单并发编辑和存储失败不覆盖 (2.904416ms)
✔ 技术包换版后旧规格冻结，已交出的仓库及生产在途可实收且不改旧长度 (65.419ms)
✔ 未发料换版释放旧占用，新需求从备料至生产实收，旧预览和已执行重算阻断 (106.094167ms)
✔ 已加工换版：旧200条冻结并释放未发分配，新550/700mm需求实收1000条，旧预览失效且库存守恒 (133.025583ms)
✔ B05实际410/590错配：短条余量冻结，连续余料8米补10条700mm至两规格生产实收 (216.514917ms)
✔ 加工计划时间独立保存：明确时区、并发版本阻断、实际节点不倒推开完工且库存不变 (26.369375ms)
✔ 加工单费用按技术包需求计价：单位、币种和版本可追溯，库存与实收不被费用动作改变 (21.941708ms)
✔ 织带加工单没有接单或开工门禁，投入实收后可直接加工填报 (52.991875ms)
✔ B23未执行采购1000减900：版本留痕、旧预览阻断、重新确认接受后900实际生产实收 (53.969583ms)
✔ B24实收1000退100：仓库交出与TMF分次实收独立，原收保留且净900后减量 (91.878916ms)
✔ 采购取消门禁：无执行事实可取消，已收货或已生产必须先处置不能直接结案 (49.698334ms)
[PMS_IDB_LOAD_FAILED] { message: '当前浏览器不支持 IndexedDB,PMS 业务数据无法持久化。' }
[PMS_IDB_UNAVAILABLE] put 跳过,数据仅保留在内存 { store: 'pmsMaterialPurchaseOrderDeltas', key: 'CGF-2026-0007' }
[PMS_IDB_LOAD_FAILED] { message: '当前浏览器不支持 IndexedDB,PMS 业务数据无法持久化。' }
[PMS_IDB_LOAD_FAILED] { message: '当前浏览器不支持 IndexedDB,PMS 业务数据无法持久化。' }
[PMS_IDB_LOAD_FAILED] { message: '当前浏览器不支持 IndexedDB,PMS 业务数据无法持久化。' }
[PMS_IDB_UNAVAILABLE] put 跳过,数据仅保留在内存 { store: 'pmsMaterialPurchaseOrderDeltas', key: 'CGF-2026-0007' }
[PMS_IDB_UNAVAILABLE] put 跳过,数据仅保留在内存 { store: 'pmsMaterialPurchaseOrderDeltas', key: 'CGF-2026-0007' }
[PMS_IDB_UNAVAILABLE] put 跳过,数据仅保留在内存 { store: 'pmsMaterialPurchaseOrderDeltas', key: 'CGF-2026-0007' }
[PMS_IDB_LOAD_FAILED] { message: '当前浏览器不支持 IndexedDB,PMS 业务数据无法持久化。' }
[PMS_IDB_LOAD_FAILED] { message: '当前浏览器不支持 IndexedDB,PMS 业务数据无法持久化。' }
[PMS_IDB_LOAD_FAILED] { message: '当前浏览器不支持 IndexedDB,PMS 业务数据无法持久化。' }
✔ PMS采购实际仓库实收与原料库存一次保存；分批、刷新、原料使用和退回均不重复履约 (165.142083ms)
✔ 历史手工到货及不支持的单位不能直接变成投入料可用库存 (1.211042ms)
✔ 首次实收前供应商确认与关闭可刷新恢复，保存失败和损坏存储不会覆盖状态 (1.046666ms)
✔ N01采用路线按染色→印花关联原单，多尺码不重复列工序，不修改印染数量 (1.11475ms)
✔ 旧版本、错误SKU、码制单位、取消或变更待处理均不作为有效关联 (0.216167ms)
✔ 同号不同生产单或BOM不得关联，重复来源不静默选择，混合快照阻断 (0.240833ms)
✔ 编辑器按尺码保留规格，截断打头不新建SKU，重复保存沿用节点身份 (1.604708ms)
✔ 无印染要求时 TMF 路线只生成截断节点，不凭空生成染色或印花节点 (0.109166ms)
✔ 前序印染产出SKU作为截断投入；保留独立橡筋工艺，移除打头后下游连接截断 (0.344166ms)
✔ 未明确打头、错误辅料BOM、无半成品和不合法前序不能生成可执行路线 (0.128208ms)
(node:75983) ExperimentalWarning: localStorage is not available because --localstorage-file was not provided.
(Use `node --trace-warnings ...` to show where the warning was created)
✔ N01：400 条 50CM 和 600 条 70CM 分行计算，共 620 米；未增加 SKU (1.284209ms)
✔ 缺少尺码数量、非整数条数、公差或测量条件时不猜测需求 (0.318792ms)
✔ B07：未选择打头、缺少端头方式或辅材不能确认；支持两端不同端头 (0.245333ms)
✔ N04/B08：硅胶按重量且必须有覆盖长度，不作为独立金属头计数 (0.090917ms)
✔ B18：打头只能承接对应截断条料，不能换 SKU、换长度或重新领连续料 (0.250458ms)
✔ N05：规格相同可以合并，但尺码、用途和需求身份不靠物理规格键代替 (0.0865ms)
✔ B14：修改后续版本端头要求不能污染生产单历史快照 (0.546791ms)
✔ 发布门禁：含织带截断工序的技术包必须规格完整且规格仍关联当前 BOM (0.149ms)
(node:75984) ExperimentalWarning: localStorage is not available because --localstorage-file was not provided.
(Use `node --trace-warnings ...` to show where the warning was created)
✔ 已提交新周期可由真实袋档案进入历史，错误袋和未知周期仍拒绝 (1.00175ms)
(node:75985) ExperimentalWarning: localStorage is not available because --localstorage-file was not provided.
(Use `node --trace-warnings ...` to show where the warning was created)
✔ REPLACEMENT_FABRIC 已绑定有效同生产单任务保留归属，不按部位裁片SKU消除 (23.145167ms)
✔ REPLACEMENT_FABRIC 未绑定票不猜任务，可由用户明确同批加入 (6.49325ms)
✔ REPLACEMENT_FABRIC old-factory 旧绑定不可作为当前任务沿用 (5.934375ms)
✔ REPLACEMENT_FABRIC other-order 旧绑定不可作为当前任务沿用 (6.02075ms)
✔ BINDING_STRIP 已绑定有效同生产单任务保留归属，不按部位裁片SKU消除 (7.755334ms)
✔ BINDING_STRIP 未绑定票不猜任务，可由用户明确同批加入 (6.563625ms)
✔ BINDING_STRIP old-factory 旧绑定不可作为当前任务沿用 (6.02825ms)
✔ BINDING_STRIP other-order 旧绑定不可作为当前任务沿用 (5.694959ms)
ℹ tests 730
ℹ suites 0
ℹ pass 730
ℹ fail 0
ℹ cancelled 0
ℹ skipped 0
ℹ todo 0
ℹ duration_ms 15664.166625
vite v6.4.3 building for production...
transforming...
✓ 2736 modules transformed.
Circular chunk: pcs-tech-pack-review -> pcs-tech-pack-bootstrap -> pcs-tech-pack-review. Consider disabling the "output.onlyExplicitManualChunks" option, as enabling it causes the static dependencies of the manual chunk "pcs-tech-pack-bootstrap" to be bundled into the chunk "pcs-tech-pack-review".
rendering chunks...
[plugin vite:reporter] 
(!) /Users/laoer/.codex/worktrees/9ec5/higoods/src/data/fcs/cut-piece-release.ts is dynamically imported by /Users/laoer/.codex/worktrees/9ec5/higoods/src/data/fcs/cutting/cut-piece-ticket-validity.ts, /Users/laoer/.codex/worktrees/9ec5/higoods/src/data/fcs/cutting/cut-piece-ticket-validity.ts, /Users/laoer/.codex/worktrees/9ec5/higoods/src/data/fcs/cutting/cutting-event-repository.ts, /Users/laoer/.codex/worktrees/9ec5/higoods/src/data/fcs/cutting/cutting-event-repository.ts, /Users/laoer/.codex/worktrees/9ec5/higoods/src/data/fcs/production-context-actions.ts but also statically imported by /Users/laoer/.codex/worktrees/9ec5/higoods/src/data/fcs/runtime-process-tasks.ts, /Users/laoer/.codex/worktrees/9ec5/higoods/src/data/fcs/sewing-assignment-readiness.ts, /Users/laoer/.codex/worktrees/9ec5/higoods/src/data/fcs/sewing-production-order-duration.ts, /Users/laoer/.codex/worktrees/9ec5/higoods/src/pages/fcs/material-prep/sewing.ts, /Users/laoer/.codex/worktrees/9ec5/higoods/src/pages/process-factory/cutting/cut-order-release-integration.ts, /Users/laoer/.codex/worktrees/9ec5/higoods/src/pages/process-factory/cutting/cut-piece-release.ts, /Users/laoer/.codex/worktrees/9ec5/higoods/src/pages/process-factory/cutting/cutting-daily-production-report-model.ts, /Users/laoer/.codex/worktrees/9ec5/higoods/src/pages/process-factory/cutting/supplement-management.ts, /Users/laoer/.codex/worktrees/9ec5/higoods/src/pages/sewing-outsourcing/tasks.ts, /Users/laoer/.codex/worktrees/9ec5/higoods/src/pages/unified-dispatch-workbench.ts, dynamic import will not move module into another chunk.

[plugin vite:reporter] 
(!) /Users/laoer/.codex/worktrees/9ec5/higoods/src/components/production-object-floating-entry.ts is dynamically imported by /Users/laoer/.codex/worktrees/9ec5/higoods/src/main.ts but also statically imported by /Users/laoer/.codex/worktrees/9ec5/higoods/src/components/shell.ts, dynamic import will not move module into another chunk.

[plugin vite:reporter] 
(!) /Users/laoer/.codex/worktrees/9ec5/higoods/src/data/fcs/printing-task-domain.ts is dynamically imported by /Users/laoer/.codex/worktrees/9ec5/higoods/src/data/fcs/dyeing-task-domain.ts, /Users/laoer/.codex/worktrees/9ec5/higoods/src/data/fcs/tmf-upstream-process-orders.ts, /Users/laoer/.codex/worktrees/9ec5/higoods/src/data/pms/tmf-material-purchases.ts, /Users/laoer/.codex/worktrees/9ec5/higoods/src/pages/process-factory/accessory/webbing/work-order-detail.ts, /Users/laoer/.codex/worktrees/9ec5/higoods/src/pages/process-factory/accessory/webbing/work-order-detail.ts but also statically imported by /Users/laoer/.codex/worktrees/9ec5/higoods/src/data/fcs/cutting/material-prep.ts, /Users/laoer/.codex/worktrees/9ec5/higoods/src/data/fcs/cutting/supplement-node-facts.ts, /Users/laoer/.codex/worktrees/9ec5/higoods/src/data/fcs/design-revision-material-transfer.ts, /Users/laoer/.codex/worktrees/9ec5/higoods/src/data/fcs/design-revision-process-work-order-adapter.ts, /Users/laoer/.codex/worktrees/9ec5/higoods/src/data/fcs/factory-receiving-links.ts, /Users/laoer/.codex/worktrees/9ec5/higoods/src/data/fcs/factory-receiving-source-sync.ts, /Users/laoer/.codex/worktrees/9ec5/higoods/src/data/fcs/mobile-execution-task-index.ts, /Users/laoer/.codex/worktrees/9ec5/higoods/src/data/fcs/pda-start-link.ts, /Users/laoer/.codex/worktrees/9ec5/higoods/src/data/fcs/printing-factory-demos.ts, /Users/laoer/.codex/worktrees/9ec5/higoods/src/data/fcs/printing-material-receipts.ts, /Users/laoer/.codex/worktrees/9ec5/higoods/src/data/fcs/printing-statistics.ts, /Users/laoer/.codex/worktrees/9ec5/higoods/src/data/fcs/printing-warehouse-view.ts, /Users/laoer/.codex/worktrees/9ec5/higoods/src/data/fcs/printing-work-order-business.ts, /Users/laoer/.codex/worktrees/9ec5/higoods/src/data/fcs/process-action-writeback-service.ts, /Users/laoer/.codex/worktrees/9ec5/higoods/src/data/fcs/process-execution-writeback.ts, /Users/laoer/.codex/worktrees/9ec5/higoods/src/data/fcs/process-mobile-task-binding.ts, /Users/laoer/.codex/worktrees/9ec5/higoods/src/data/fcs/process-warehouse-linkage-service.ts, /Users/laoer/.codex/worktrees/9ec5/higoods/src/data/fcs/process-web-status-actions.ts, /Users/laoer/.codex/worktrees/9ec5/higoods/src/data/fcs/process-work-order-domain.ts, /Users/laoer/.codex/worktrees/9ec5/higoods/src/data/fcs/process-work-order-generation-service.ts, /Users/laoer/.codex/worktrees/9ec5/higoods/src/data/fcs/production-demand-early-process-work-orders.ts, /Users/laoer/.codex/worktrees/9ec5/higoods/src/data/fcs/production-object-overview.ts, /Users/laoer/.codex/worktrees/9ec5/higoods/src/data/fcs/production-process-work-order-service.ts, /Users/laoer/.codex/worktrees/9ec5/higoods/src/data/fcs/production-task-breakdown.ts, /Users/laoer/.codex/worktrees/9ec5/higoods/src/data/fcs/task-print-cards.ts, /Users/laoer/.codex/worktrees/9ec5/higoods/src/pages/pcs-independent-sampling.ts, /Users/laoer/.codex/worktrees/9ec5/higoods/src/pages/pda-exec-detail.ts, /Users/laoer/.codex/worktrees/9ec5/higoods/src/pages/pda-exec.ts, /Users/laoer/.codex/worktrees/9ec5/higoods/src/pages/pda-task-receive.ts, /Users/laoer/.codex/worktrees/9ec5/higoods/src/pages/print/templates/printing-work-order-template.ts, /Users/laoer/.codex/worktrees/9ec5/higoods/src/pages/process-factory/cutting/production-order-overview-projection.ts, /Users/laoer/.codex/worktrees/9ec5/higoods/src/pages/process-factory/dyeing/pending-receipts.ts, /Users/laoer/.codex/worktrees/9ec5/higoods/src/pages/process-factory/printing/dashboards.ts, /Users/laoer/.codex/worktrees/9ec5/higoods/src/pages/process-factory/printing/dialogs.ts, /Users/laoer/.codex/worktrees/9ec5/higoods/src/pages/process-factory/printing/dispatch.ts, /Users/laoer/.codex/worktrees/9ec5/higoods/src/pages/process-factory/printing/events.ts, /Users/laoer/.codex/worktrees/9ec5/higoods/src/pages/process-factory/printing/presentation.ts, /Users/laoer/.codex/worktrees/9ec5/higoods/src/pages/process-factory/printing/shared.ts, /Users/laoer/.codex/worktrees/9ec5/higoods/src/pages/process-factory/printing/statistics.ts, /Users/laoer/.codex/worktrees/9ec5/higoods/src/pages/process-factory/printing/work-order-detail.ts, /Users/laoer/.codex/worktrees/9ec5/higoods/src/pages/process-print-orders.ts, /Users/laoer/.codex/worktrees/9ec5/higoods/src/pages/process-work-orders/early-process-management.ts, /Users/laoer/.codex/worktrees/9ec5/higoods/src/pages/production/demand-domain.ts, /Users/laoer/.codex/worktrees/9ec5/higoods/src/runtime/fcs/cutting/pickup-management-runtime.ts, dynamic import will not move module into another chunk.

computing gzip size...
dist/index.html                                                          12.61 kB │ gzip:   3.08 kB
dist/assets/pcs-pattern-parse.worker-B3_rAVMB.js                         18.52 kB
dist/assets/pcs-record-baseline-BWpImHil.json                         4,125.30 kB │ gzip: 226.59 kB
dist/assets/order-pages-BLg6Ma6N.css                                     85.42 kB │ gzip:  15.73 kB
dist/assets/index-DIT6Kke5.css                                          155.27 kB │ gzip:  25.49 kB
dist/assets/domain-snapshot-CBR9h65_.js                                   0.34 kB │ gzip:   0.26 kB
dist/assets/sample-warehouse-projection-DkddTBgW.js                       0.39 kB │ gzip:   0.25 kB
dist/assets/pcs-engineering-bom-snapshot-source-DlXUWD87.js               0.41 kB │ gzip:   0.30 kB
dist/assets/real-qr-placeholder-CKA4YXlP.js                               0.52 kB │ gzip:   0.35 kB
dist/assets/pcs-record-bootstrap-CEHJaEfY.js                              0.56 kB │ gzip:   0.45 kB
dist/assets/dialogs-Sr7TxzZW.js                                           0.59 kB │ gzip:   0.31 kB
dist/assets/design-revision-pcs-command-DLj-gkvU.js                       0.68 kB │ gzip:   0.38 kB
dist/assets/pcs-storage-error-D2ucxlT-.js                                 0.71 kB │ gzip:   0.52 kB
dist/assets/badge-DbUQOZoe.js                                             0.78 kB │ gzip:   0.42 kB
dist/assets/images-Q79qfJD0.js                                            0.80 kB │ gzip:   0.35 kB
dist/assets/pms-export-CRZxW7LK.js                                        0.83 kB │ gzip:   0.50 kB
dist/assets/placeholder-Db96AsYD.js                                       0.85 kB │ gzip:   0.47 kB
dist/assets/pda-cutting-save-BFHxJ9S5.js                                  0.89 kB │ gzip:   0.60 kB
dist/assets/trace-CABPJH4F.js                                             0.89 kB │ gzip:   0.51 kB
dist/assets/execution-prep-projection-helpers-6w6fruxh.js                 0.94 kB │ gzip:   0.46 kB
dist/assets/history-Dp5kYeoj.js                                           0.94 kB │ gzip:   0.61 kB
dist/assets/payment-sync-CQ3pZCxD.js                                      0.97 kB │ gzip:   0.62 kB
dist/assets/tmf-reference-images-6geKcU1B.js                              0.98 kB │ gzip:   0.50 kB
dist/assets/print-service-CyrwQfQw.js                                     1.04 kB │ gzip:   0.52 kB
dist/assets/pda-sewing-self-return-mode-CVT5AEl1.js                       1.07 kB │ gzip:   0.54 kB
dist/assets/process-work-order-generation-service-B7EJy5ZD.js             1.07 kB │ gzip:   0.65 kB
dist/assets/detail.adapter-DVsJhpye.js                                    1.08 kB │ gzip:   0.68 kB
dist/assets/material-purchase-references-DhzPv5eO.js                      1.10 kB │ gzip:   0.58 kB
dist/assets/routes-los-we-FXly2.js                                        1.14 kB │ gzip:   0.54 kB
dist/assets/dyeing-material-receipts-C29f1-by.js                          1.14 kB │ gzip:   0.75 kB
dist/assets/pda-runtime-ehfRgWUv.js                                       1.21 kB │ gzip:   0.66 kB
dist/assets/tech-pack-CHYbt4ht.js                                         1.28 kB │ gzip:   0.58 kB
dist/assets/overview-Czl6MUpI.js                                          1.29 kB │ gzip:   0.71 kB
dist/assets/process-work-order-source-view-CWjDl12H.js                    1.30 kB │ gzip:   0.58 kB
dist/assets/transfer-bag-handover-mock-BXxXHxZG.js                        1.31 kB │ gzip:   0.71 kB
dist/assets/pcs-tech-pack-review-notification-repository-D5YbeW2E.js      1.34 kB │ gzip:   0.59 kB
dist/assets/replacement-fabric-scan-C8KQa_Wr.js                           1.34 kB │ gzip:   0.82 kB
dist/assets/work-order-action-policy-B_htTkaE.js                          1.34 kB │ gzip:   0.68 kB
dist/assets/real-qr-CPyuFUed.js                                           1.39 kB │ gzip:   0.80 kB
dist/assets/filter-bar-Ba0risiZ.js                                        1.49 kB │ gzip:   0.81 kB
dist/assets/factory-types-DbcizYGx.js                                     1.52 kB │ gzip:   0.65 kB
dist/assets/material-identity-xTXrZ7OI.js                                 1.54 kB │ gzip:   0.84 kB
dist/assets/supplement-material-prep-demand-registry-DI-N3DvB.js          1.56 kB │ gzip:   0.75 kB
dist/assets/task-handover-domain-DVNc0TKk.js                              1.57 kB │ gzip:   0.76 kB
dist/assets/pda-cutting-wait-handover-actions-CKqoEmja.js                 1.58 kB │ gzip:   0.62 kB
dist/assets/warehouse-shared-DiZpv1z5.js                                  1.58 kB │ gzip:   0.51 kB
dist/assets/pcs-material-handoff-CyQ4MNZ7.js                              1.65 kB │ gzip:   0.81 kB
dist/assets/task-chain-pages-adapter-D6MExF5y.js                          1.71 kB │ gzip:   0.84 kB
dist/assets/pcs-tech-pack-version-log-repository-DcigchRT.js              1.73 kB │ gzip:   0.79 kB
dist/assets/real-barcode-BHpCtURR.js                                      1.81 kB │ gzip:   0.96 kB
dist/assets/tmf-upstream-receiving-Bd9eYxOV.js                            1.82 kB │ gzip:   1.13 kB
dist/assets/fei-tickets-storage-7KaIHPKx.js                               1.85 kB │ gzip:   0.58 kB
dist/assets/list-export-CWa4aYKl.js                                       1.86 kB │ gzip:   1.09 kB
dist/assets/toast-BXUvgm0t.js                                             1.87 kB │ gzip:   0.90 kB
dist/assets/wool-pda-scan-PnyqHKTj.js                                     1.88 kB │ gzip:   1.03 kB
dist/assets/mixed-transfer-bag-ticket-DETTPWFm.js                         1.89 kB │ gzip:   0.79 kB
dist/assets/kol-goto-fixed-total-ledger-egN7qqwa.js                       1.93 kB │ gzip:   0.93 kB
dist/assets/table-DkUvzy2A.js                                             2.04 kB │ gzip:   1.02 kB
dist/assets/pcs-action-dialog-BDH5t3S9.js                                 2.09 kB │ gzip:   1.07 kB
dist/assets/binding-process-pda-scan-sooXKiK2.js                          2.18 kB │ gzip:   1.13 kB
dist/assets/special-craft-pda-scope-CtE8lpiB.js                           2.24 kB │ gzip:   1.02 kB
dist/assets/cutting-record-identity-CtTd0WGy.js                           2.26 kB │ gzip:   1.23 kB
dist/assets/cutting-file-maintenance-DBE49Ujd.js                          2.33 kB │ gzip:   1.23 kB
dist/assets/helpers-BFKa6pUf.js                                           2.42 kB │ gzip:   1.21 kB
dist/assets/production-order-tech-pack-runtime-CJxP9iQA.js                2.44 kB │ gzip:   0.94 kB
dist/assets/mixed-bag-contents-De86YLp5.js                                2.52 kB │ gzip:   1.35 kB
dist/assets/tmf-work-order-view-D8tW0Ipc.js                               2.56 kB │ gzip:   1.18 kB
dist/assets/production-context-recovery-DOdNCw66.js                       2.56 kB │ gzip:   1.30 kB
dist/assets/factory-capacity-profile-mock-Dv5YtZGT.js                     2.64 kB │ gzip:   1.15 kB
dist/assets/pms-excel-import-DnMCWv6B.js                                  2.66 kB │ gzip:   1.32 kB
dist/assets/shared-mroQS0Hu.js                                            2.70 kB │ gzip:   1.02 kB
dist/assets/process-order-list-presentation-uk1TIisc.js                   2.71 kB │ gzip:   1.26 kB
dist/assets/post-finishing-spu-technical-parameters-BKTR0TmZ.js           2.79 kB │ gzip:   1.28 kB
dist/assets/marker-plan-projection-DWqHbt-2.js                            2.82 kB │ gzip:   1.22 kB
dist/assets/process-order-task-relations-LdJPslSY.js                      2.97 kB │ gzip:   1.29 kB
dist/assets/product-skus-CEt6Fukj.js                                      3.03 kB │ gzip:   0.96 kB
dist/assets/production-order-identity-1lOh1Xi_.js                         3.04 kB │ gzip:   1.26 kB
dist/assets/tabs--aCvt7MO.js                                              3.09 kB │ gzip:   0.93 kB
dist/assets/dialogs-D-gfR0Dz.js                                           3.12 kB │ gzip:   1.28 kB
dist/assets/pda-cutting-runtime-action-inputs-uf-GrZtt.js                 3.13 kB │ gzip:   1.08 kB
dist/assets/trade-subjects-B1U82DIE.js                                    3.16 kB │ gzip:   1.12 kB
dist/assets/cutting-mainline-CUmHwL7f.js                                  3.41 kB │ gzip:   1.53 kB
dist/assets/authorization-code-ayWLmUiO.js                                3.58 kB │ gzip:   1.71 kB
dist/assets/work-order-detail-DCarhmsO.js                                 3.61 kB │ gzip:   1.52 kB
dist/assets/binding-process-warehouse-linkage-service-BKyhraeF.js         3.62 kB │ gzip:   1.38 kB
dist/assets/fcs-route-links-CdIu8Xoq.js                                   3.67 kB │ gzip:   1.20 kB
dist/assets/printing-sheet-preview-Dw1zXYXF.js                            3.69 kB │ gzip:   1.75 kB
dist/assets/shared-Bx3WhvIc.js                                            3.72 kB │ gzip:   1.69 kB
dist/assets/confirmation-print-Bib6YQYF.js                                3.73 kB │ gzip:   1.58 kB
dist/assets/quality-chain-adapter-CrtHNcGb.js                             3.73 kB │ gzip:   1.66 kB
dist/assets/shared-B_mpR39P.js                                            3.87 kB │ gzip:   1.62 kB
dist/assets/task-route-card-C54Q9izO.js                                   3.99 kB │ gzip:   1.73 kB
dist/assets/sewing-outsourcing-demo-Cfw_nJUk.js                           4.05 kB │ gzip:   1.63 kB
dist/assets/task-delivery-card-ghqRq_eQ.js                                4.05 kB │ gzip:   1.81 kB
dist/assets/tipping-form-CB823QXd.js                                      4.07 kB │ gzip:   2.02 kB
dist/assets/pcs-product-reference-check-CTWe0eGb.js                       4.07 kB │ gzip:   1.69 kB
dist/assets/transfer-bag-repack-mock-CthSxG7P.js                          4.09 kB │ gzip:   1.89 kB
dist/assets/production-contract-print-CBMMM9ds.js                         4.11 kB │ gzip:   2.09 kB
dist/assets/transit-simple-lists-DKNmADRS.js                              4.17 kB │ gzip:   1.47 kB
dist/assets/pda-cutting-simple-cut-piece-handover-DUXNPkqo.js             4.29 kB │ gzip:   1.94 kB
dist/assets/supplement-order-registry-CHnc7juB.js                         4.49 kB │ gzip:   1.76 kB
dist/assets/tmf-process-print-preview-BgH8dQQX.js                         4.59 kB │ gzip:   2.16 kB
dist/assets/form-DxtyRl7u.js                                              4.74 kB │ gzip:   1.40 kB
dist/assets/layout.helpers-B2KW1-EU.js                                    4.76 kB │ gzip:   1.73 kB
dist/assets/runtime-task-tenders-YGz6fHpq.js                              4.76 kB │ gzip:   1.94 kB
dist/assets/preparation-material-receipt-sources-B3peKCEP.js              4.76 kB │ gzip:   1.99 kB
dist/assets/relations-ithUM0Nb.js                                         4.80 kB │ gzip:   2.19 kB
dist/assets/sewing-outsourcing-responsibility-CmZIvHwY.js                 4.82 kB │ gzip:   2.10 kB
dist/assets/transit-dashboard-59VlNEkD.js                                 4.85 kB │ gzip:   2.04 kB
dist/assets/result-list-DfT-R83V.js                                       4.94 kB │ gzip:   2.06 kB
dist/assets/store-domain-dispatch-process-BitR4IyL.js                     5.00 kB │ gzip:   1.94 kB
dist/assets/progress-board-Db-6z0-U.js                                    5.01 kB │ gzip:   2.21 kB
dist/assets/process-order-list-controller-BqSUsXis.js                     5.09 kB │ gzip:   1.90 kB
dist/assets/cutting-event-migration-CkkSCDEw.js                           5.18 kB │ gzip:   2.07 kB
dist/assets/generated-cut-release-tECO35UH.js                             5.23 kB │ gzip:   2.35 kB
dist/assets/material-requirements-CoWk9wNn.js                             5.27 kB │ gzip:   2.24 kB
dist/assets/tmf-upstream-process-orders-BeYzCH_l.js                       5.28 kB │ gzip:   2.45 kB
dist/assets/process-work-order-quality-settlement-Xoifl0bK.js             5.33 kB │ gzip:   2.20 kB
dist/assets/replacement-fabric-fei-tickets-DtBUNgLC.js                    5.63 kB │ gzip:   2.48 kB
dist/assets/tmf-process-continuation-B3hoPFRr.js                          5.66 kB │ gzip:   1.62 kB
dist/assets/dispatch-task-sheet-C9eNd9e7.js                               5.72 kB │ gzip:   2.71 kB
dist/assets/pcs-product-information-CvEk-OY2.js                           5.79 kB │ gzip:   2.65 kB
dist/assets/dashboards-BhS0QTT-.js                                        5.79 kB │ gzip:   2.75 kB
dist/assets/process-order-three-axis-view-CmpNUOiD.js                     5.85 kB │ gzip:   2.36 kB
dist/assets/wls-page-handlers-CtxNcDfl.js                                 5.86 kB │ gzip:   2.09 kB
dist/assets/retired-cut-piece-pickup-history-Cn3EWeZN.js                  5.87 kB │ gzip:   2.36 kB
dist/assets/replacement-fabric-label-template-CGj9UFSR.js                 5.89 kB │ gzip:   2.61 kB
dist/assets/pda-cutting-nav-context-BGYzDmeq.js                           5.95 kB │ gzip:   1.40 kB
dist/assets/los-live-room-master-BVI7s7mj.js                              5.97 kB │ gzip:   2.66 kB
dist/assets/transfer-bags-projection-C3Nnn4pV.js                          6.05 kB │ gzip:   2.38 kB
dist/assets/replacement-fabric-preview-XAtpzPjy.js                        6.05 kB │ gzip:   2.87 kB
dist/assets/fcs-pda-pickup-dispute-B-AGDhAT.js                            6.18 kB │ gzip:   2.19 kB
dist/assets/pda-wool-warehouse-flows-DwUsveZl.js                          6.23 kB │ gzip:   3.06 kB
dist/assets/warehouse-standard-eSA47dX6.js                                6.30 kB │ gzip:   2.10 kB
dist/assets/fact-view-BOHVKRdM.js                                         6.35 kB │ gzip:   2.11 kB
dist/assets/transfer-bag-goods-label-CH_t8H_h.js                          6.46 kB │ gzip:   2.65 kB
dist/assets/production-contract-center-DraLp9jZ.js                        6.62 kB │ gzip:   2.83 kB
dist/assets/sewing-outsourcing-supplement-tracking-fzEAZtbJ.js            6.63 kB │ gzip:   2.89 kB
dist/assets/workbench-DEcy2nEz.js                                         6.63 kB │ gzip:   2.68 kB
dist/assets/cutting-task-routing-Bf9Apib9.js                              6.65 kB │ gzip:   2.38 kB
dist/assets/factory-receiving-links-CSqQm6uM.js                           6.74 kB │ gzip:   2.71 kB
dist/assets/printing-work-order-template-Dwvhl-Yj.js                      6.77 kB │ gzip:   3.17 kB
dist/assets/routes-pda-B8OWVxfi.js                                        6.85 kB │ gzip:   2.60 kB
dist/assets/production-contract-master-template-B957I2uc.js               6.85 kB │ gzip:   2.74 kB
dist/assets/shared-XqbCykYB.js                                            6.86 kB │ gzip:   2.53 kB
dist/assets/routes-pcs-CeTssipi.js                                        6.90 kB │ gzip:   1.86 kB
dist/assets/data-management-SiNrEXHx.js                                   7.00 kB │ gzip:   2.56 kB
dist/assets/material-handover--ThErhwa.js                                 7.06 kB │ gzip:   2.77 kB
dist/assets/stock-seed-Cj8lLuwm.js                                        7.11 kB │ gzip:   2.44 kB
dist/assets/dye-work-order-times-w7U4XCtx.js                              7.22 kB │ gzip:   2.55 kB
dist/assets/overview.helpers-BP2F5Yu8.js                                  7.36 kB │ gzip:   2.88 kB
dist/assets/pcs-channel-legacy-conversion-Dg3I_fD9.js                     7.40 kB │ gzip:   3.19 kB
dist/assets/shared-BWCHVCXA.js                                            7.43 kB │ gzip:   2.60 kB
dist/assets/settlement-flow-boundaries-DbkSNas3.js                        7.43 kB │ gzip:   2.53 kB
dist/assets/pcs-testing-order-create-Cim84Kfj.js                          7.51 kB │ gzip:   2.93 kB
dist/assets/production-craft-dict-XhlR8UsB.js                             7.51 kB │ gzip:   2.82 kB
dist/assets/transit-warehouse-CGN4xIMS.js                                 7.54 kB │ gzip:   2.13 kB
dist/assets/craft-actions-BQ4F9cga.js                                     7.55 kB │ gzip:   3.39 kB
dist/assets/pcs-sample-label-DUJJAwLq.js                                  7.68 kB │ gzip:   3.48 kB
dist/assets/supplement-node-facts-jhKPLaMG.js                             7.76 kB │ gzip:   2.84 kB
dist/assets/sewing-outsourcing-return-tracking-DKencbWB.js                7.91 kB │ gzip:   2.96 kB
dist/assets/tmf-process-sheet-template-BTCLQZEt.js                        8.00 kB │ gzip:   3.80 kB
dist/assets/pda-transfer-bag-detail-DfI8RylX.js                           8.06 kB │ gzip:   3.03 kB
dist/assets/statistics-8IvIFMYt.js                                        8.07 kB │ gzip:   2.64 kB
dist/assets/progress-exception-lifecycle-BJx0gSBY.js                      8.09 kB │ gzip:   2.70 kB
dist/assets/supplier-supply-archives-Bid-xGw5.js                          8.13 kB │ gzip:   2.60 kB
dist/assets/production-contracts-B-iRPhe6.js                              8.14 kB │ gzip:   2.77 kB
dist/assets/pda-notify-CL-GP2Qm.js                                        8.35 kB │ gzip:   3.12 kB
dist/assets/milestone-configs-Bcr5ssv_.js                                 8.41 kB │ gzip:   2.94 kB
dist/assets/pcs-testing-order-list-CEPENxcN.js                            8.51 kB │ gzip:   3.30 kB
dist/assets/material-process-plans-DPudVUIe.js                            8.66 kB │ gzip:   3.49 kB
dist/assets/pre-settlement-ledger-repository-BTp6Cc40.js                  8.84 kB │ gzip:   3.02 kB
dist/assets/pcs-pattern-library-config-DI225I7F.js                        8.84 kB │ gzip:   2.42 kB
dist/assets/pda-cutting-shared-Bx2m3sig.js                                8.87 kB │ gzip:   2.73 kB
dist/assets/navigation-context-5GcHOdSg.js                                8.87 kB │ gzip:   2.46 kB
dist/assets/warehouses-CSFYi5tN.js                                        8.89 kB │ gzip:   2.11 kB
dist/assets/bom-templates-CiAPUnP6.js                                     8.90 kB │ gzip:   3.70 kB
dist/assets/pda-cutting-execution-unit-DgheEIQw.js                        9.06 kB │ gzip:   3.45 kB
dist/assets/machine-associations-DS00tw5-.js                              9.16 kB │ gzip:   3.11 kB
dist/assets/fei-ticket-numbering-BpHloLlS.js                              9.21 kB │ gzip:   3.23 kB
dist/assets/pda-notify-detail-BlxBaAOD.js                                 9.24 kB │ gzip:   3.08 kB
dist/assets/pda-execution-DW7nnPbk.js                                     9.30 kB │ gzip:   3.69 kB
dist/assets/pda-cutting-fei-ticket-numbering-BogC0d3o.js                  9.31 kB │ gzip:   3.22 kB
dist/assets/handover-records-DerRoI1N.js                                  9.35 kB │ gzip:   3.56 kB
dist/assets/workbench-BP1HbwNY.js                                         9.38 kB │ gzip:   3.87 kB
dist/assets/pda-warehouse-CNP5M0O6.js                                     9.43 kB │ gzip:   3.75 kB
dist/assets/mobile-DTwcO7f4.js                                            9.53 kB │ gzip:   3.08 kB
dist/assets/sewing-pickup-slips-DiLY2mqW.js                               9.65 kB │ gzip:   3.63 kB
dist/assets/dye-work-order-online-domain-CZKSJsGr.js                      9.78 kB │ gzip:   3.65 kB
dist/assets/routes-pms-DiVwwn7k.js                                        9.80 kB │ gzip:   2.52 kB
dist/assets/production-receipts-CThB8dv_.js                               9.81 kB │ gzip:   3.95 kB
dist/assets/pda-cutting-transfer-bag-recovery-CdxB5b2x.js                 9.88 kB │ gzip:   4.03 kB
dist/assets/pending-receipts-CjvfRXpW.js                                  9.91 kB │ gzip:   4.09 kB
dist/assets/continuous-stock-CtncS6kT.js                                 10.09 kB │ gzip:   4.11 kB
dist/assets/statistics-x0YVAVof.js                                       10.10 kB │ gzip:   4.39 kB
dist/assets/trade-subjects-CV5vQbuc.js                                   10.26 kB │ gzip:   3.74 kB
dist/assets/pda-cutting-transfer-bag-scrap-CVvPTU9U.js                   10.26 kB │ gzip:   4.17 kB
dist/assets/production-return-fulfillment-CpNWKCY8.js                    10.50 kB │ gzip:   4.00 kB
dist/assets/bom-templates-ChqjVeph.js                                    10.52 kB │ gzip:   2.48 kB
dist/assets/settings-BVD7sW5c.js                                         10.73 kB │ gzip:   3.24 kB
dist/assets/product-skus-DdIPoHbu.js                                     10.74 kB │ gzip:   4.14 kB
dist/assets/yarn-shipments-D3U6hiW1.js                                   10.74 kB │ gzip:   4.84 kB
dist/assets/list-OIpCyYWi.js                                             10.77 kB │ gzip:   3.75 kB
dist/assets/transit-receipts-7dJ4idfn.js                                 10.99 kB │ gzip:   4.03 kB
dist/assets/production-context-actions-_FfArog3.js                       11.14 kB │ gzip:   3.95 kB
dist/assets/cutting-event-repository-D0lIV_AH.js                         11.16 kB │ gzip:   4.76 kB
dist/assets/presentation-CtIrq-Mo.js                                     11.25 kB │ gzip:   4.64 kB
dist/assets/design-revision-pcs-storage-D2ozVRMd.js                      11.28 kB │ gzip:   4.27 kB
dist/assets/pda-exec-link-NMtUNsbu.js                                    11.31 kB │ gzip:   3.68 kB
dist/assets/material-prep-DquabDNF.js                                    11.39 kB │ gzip:   2.68 kB
dist/assets/dyeing-warehouse-view-CrZsqlv1.js                            11.49 kB │ gzip:   3.95 kB
dist/assets/pcs-engineering-preparation-projection-CRewZHHC.js           11.49 kB │ gzip:   4.26 kB
dist/assets/pda-login-BXFzDbph.js                                        11.65 kB │ gzip:   4.52 kB
dist/assets/warehouses-vnK1UgIC.js                                       11.74 kB │ gzip:   4.23 kB
dist/assets/purchase-suggestions-CVpQLmRu.js                             11.87 kB │ gzip:   3.70 kB
dist/assets/material-transfers-BCYjMgk5.js                               11.99 kB │ gzip:   4.21 kB
dist/assets/task-breakdown-D5J_4f01.js                                   12.16 kB │ gzip:   4.53 kB
dist/assets/pickup-management-runtime-DK7ntRCO.js                        12.25 kB │ gzip:   4.73 kB
dist/assets/task-execution-adapter-BR7Y57tb.js                           12.26 kB │ gzip:   3.69 kB
dist/assets/process-statistics-domain-C2fkoGjW.js                        12.33 kB │ gzip:   4.04 kB
dist/assets/pms-handlers-Cmbl7TS5.js                                     12.54 kB │ gzip:   2.88 kB
dist/assets/context-C5Eynw_M.js                                          13.02 kB │ gzip:   4.60 kB
dist/assets/cutting-record-repository-gA_noXEv.js                        13.04 kB │ gzip:   4.66 kB
dist/assets/meta-DqPRPSX8.js                                             13.16 kB │ gzip:   2.95 kB
dist/assets/handover-records-DGvrD6F0.js                                 13.18 kB │ gzip:   4.15 kB
dist/assets/replacement-fabric-repository-DW3RJvx_.js                    13.25 kB │ gzip:   5.41 kB
dist/assets/handover-print-BkFZSfoh.js                                   13.53 kB │ gzip:   4.95 kB
dist/assets/pda-start-link-CcWUmi-J.js                                   13.62 kB │ gzip:   4.81 kB
dist/assets/inventory-monitor-rqURVK4E.js                                13.66 kB │ gzip:   4.78 kB
dist/assets/bom-detail-eAr-Ek6h.js                                       13.69 kB │ gzip:   4.97 kB
dist/assets/returns-C86YR2GG.js                                          13.84 kB │ gzip:   5.13 kB
dist/assets/wls-finished-inbound-DRIilybQ.js                             13.92 kB │ gzip:   5.31 kB
dist/assets/tmf-base-demo-DMF4XUTY.js                                    13.92 kB │ gzip:   5.03 kB
dist/assets/work-orders-BkIeRRMu.js                                      13.99 kB │ gzip:   5.18 kB
dist/assets/wls-inbound-GKDxebbt.js                                      14.05 kB │ gzip:   5.47 kB
dist/assets/cut-piece-return-warehouse-ppwOeFLi.js                       14.20 kB │ gzip:   5.08 kB
dist/assets/idb-storage-DYscBY_v.js                                      14.27 kB │ gzip:   5.28 kB
dist/assets/pcs-technical-data-tech-pack-list-B00UFOYq.js                14.30 kB │ gzip:   4.92 kB
dist/assets/supplements-7eEiOXZ1.js                                      14.34 kB │ gzip:   5.23 kB
dist/assets/mobile-execution-task-index-CNhDC5dT.js                      14.41 kB │ gzip:   3.87 kB
dist/assets/post-finishing-qc-print-template-JzO-bXdB.js                 14.50 kB │ gzip:   4.47 kB
dist/assets/work-orders-DT09SrjR.js                                      14.55 kB │ gzip:   4.95 kB
dist/assets/printing-sheet-template-85uOlx8e.js                          14.58 kB │ gzip:   5.05 kB
dist/assets/manual-fei-tickets-D9o3hA3j.js                               14.69 kB │ gzip:   5.03 kB
dist/assets/work-orders-CLKr5nP-.js                                      14.75 kB │ gzip:   4.78 kB
dist/assets/work-order-detail-EAaQowB0.js                                14.84 kB │ gzip:   4.77 kB
dist/assets/dispatch-task-sheet-template-BqHGLcke.js                     15.05 kB │ gzip:   6.00 kB
dist/assets/responsibility-transfers-Blsma_Ds.js                         15.10 kB │ gzip:   5.73 kB
dist/assets/workbench-CeDKRtM_.js                                        15.76 kB │ gzip:   4.79 kB
dist/assets/cut-order-supplement-fixture-CCpmnGHU.js                     15.96 kB │ gzip:   4.83 kB
dist/assets/outbound-orders-C2NZ8dy0.js                                  16.05 kB │ gzip:   5.21 kB
dist/assets/process-web-status-actions-BBuRISj0.js                       16.08 kB │ gzip:   4.30 kB
dist/assets/pcs-handlers-iiSfR7Am.js                                     16.18 kB │ gzip:   4.07 kB
dist/assets/handover-ledger-view-JQ7K7ah5.js                             16.19 kB │ gzip:   4.46 kB
dist/assets/garment-spu-replacement-D64pErGu.js                          16.40 kB │ gzip:   5.04 kB
dist/assets/reports-CYHi7pBC.js                                          16.48 kB │ gzip:   4.26 kB
dist/assets/machines-Dfhv4Fen.js                                         16.51 kB │ gzip:   5.51 kB
dist/assets/full-flow-print-D1fLVFxP.js                                  16.60 kB │ gzip:   5.54 kB
dist/assets/payment-requests-CRxA5iBS.js                                 16.74 kB │ gzip:   5.49 kB
dist/assets/progress-handover-order-CBx3eVPF.js                          16.86 kB │ gzip:   5.02 kB
dist/assets/wls-garment-relabel-tasks-CZZI7bDa.js                        16.91 kB │ gzip:   5.59 kB
dist/assets/cut-order-release-integration-4NSk8EFh.js                    17.07 kB │ gzip:   6.11 kB
dist/assets/dispatch-acceptance-sla-Beaf93ZK.js                          17.15 kB │ gzip:   5.13 kB
dist/assets/sewing-cut-piece-return-workflow-DUAObsvl.js                 17.21 kB │ gzip:   6.09 kB
dist/assets/part-ticket-records-h7PE_jp7.js                              17.36 kB │ gzip:   6.46 kB
dist/assets/pda-cutting-task-detail-BTSkk94R.js                          17.37 kB │ gzip:   6.14 kB
dist/assets/product-purchase-orders-DIMg_xft.js                          17.42 kB │ gzip:   5.22 kB
dist/assets/cutting-runtime-event-ledger-DV8qplDb.js                     17.42 kB │ gzip:   6.05 kB
dist/assets/production-confirmation-Bcb3qNvp.js                          17.43 kB │ gzip:   5.94 kB
dist/assets/marker-spreading-projection-DZ2U8UDw.js                      17.50 kB │ gzip:   5.54 kB
dist/assets/output-stock-CKcpWsBX.js                                     17.52 kB │ gzip:   6.59 kB
dist/assets/material-requirements-DNfCFu8M.js                            17.55 kB │ gzip:   5.99 kB
dist/assets/sewing-cut-piece-responsibility-DGkYdivs.js                  17.63 kB │ gzip:   5.30 kB
dist/assets/pda-sewing-self-return-C_BjZ1vu.js                           17.68 kB │ gzip:   5.98 kB
dist/assets/simple-cut-piece-handover-fixtures-BXw6knUW.js               17.74 kB │ gzip:   6.05 kB
dist/assets/progress-cutting-detail-Cx2bAmre.js                          17.80 kB │ gzip:   4.51 kB
dist/assets/bom-detail-DGOzLISL.js                                       17.90 kB │ gzip:   5.78 kB
dist/assets/supplier-confirmations-BWfRKIvl.js                           17.94 kB │ gzip:   5.33 kB
dist/assets/purchase-demands-B01kMUd3.js                                 18.07 kB │ gzip:   5.82 kB
dist/assets/suppliers-DOxcttzm.js                                        18.16 kB │ gzip:   5.27 kB
dist/assets/store-domain-pda-Bl4jkAiC.js                                 18.21 kB │ gzip:   6.41 kB
dist/assets/pda-notify-due-soon-CHDq6tQ5.js                              18.41 kB │ gzip:   6.29 kB
dist/assets/process-mobile-task-binding-LgJoIY70.js                      18.56 kB │ gzip:   6.49 kB
dist/assets/tasks-pTjtfkF8.js                                            18.57 kB │ gzip:   6.90 kB
dist/assets/platform-process-result-view-DbvAc62X.js                     18.64 kB │ gzip:   5.37 kB
dist/assets/store-domain-statement-source-adapter-D4MujKvi.js            18.71 kB │ gzip:   5.37 kB
dist/assets/generated-cut-orders-55myq5bd.js                             18.72 kB │ gzip:   5.62 kB
dist/assets/sewing-outsourcing-workbench-5MUezXMK.js                     18.76 kB │ gzip:   6.52 kB
dist/assets/supplier-supply-archives-C161bhW5.js                         18.90 kB │ gzip:   5.80 kB
dist/assets/materials-DQo18LQz.js                                        18.93 kB │ gzip:   4.79 kB
dist/assets/pda-warehouse-shared-CkyhelXd.js                             18.95 kB │ gzip:   5.69 kB
dist/assets/warehouse-BU2mXJMD.js                                        19.11 kB │ gzip:   6.11 kB
dist/assets/production-demand-early-process-work-orders-IRu84xjz.js      19.13 kB │ gzip:   5.74 kB
dist/assets/events-CtYGQnlL.js                                           19.21 kB │ gzip:   7.47 kB
dist/assets/platform.adapter-Dnvfof_A.js                                 19.25 kB │ gzip:   6.09 kB
dist/assets/kol-goto-pda-domain-DsaZq7FA.js                              19.33 kB │ gzip:   6.58 kB
dist/assets/shared-C4rLo9ix.js                                           19.43 kB │ gzip:   5.25 kB
dist/assets/units-BD3Yey74.js                                            19.73 kB │ gzip:   5.90 kB
dist/assets/post-finishing-current-read-model-DKYKjpxf.js                19.77 kB │ gzip:   5.53 kB
dist/assets/stage-display-DvRJD3Pd.js                                    19.84 kB │ gzip:   7.01 kB
dist/assets/factory-sample-verification-flow-DB_aoRbg.js                 19.86 kB │ gzip:   4.87 kB
dist/assets/adjustments-X053J_qq.js                                      19.94 kB │ gzip:   6.19 kB
dist/assets/pda-warehouse-inbound-records-tq6j3aEJ.js                    20.11 kB │ gzip:   5.85 kB
dist/assets/index-BmmZ9N8h.js                                            20.21 kB │ gzip:   5.22 kB
dist/assets/audit-records-DTCp13Cf.js                                    20.35 kB │ gzip:   6.65 kB
dist/assets/process-water-soluble-orders-DgL5JhM5.js                     20.49 kB │ gzip:   6.42 kB
dist/assets/material-process-plans-0u-VMB2-.js                           20.52 kB │ gzip:   7.57 kB
dist/assets/pda-warehouse-outbound-records-ClIs1JAH.js                   20.61 kB │ gzip:   6.08 kB
dist/assets/overview.adapter-eKkkIiFn.js                                 20.65 kB │ gzip:   6.53 kB
dist/assets/task-orders-DTzoZIhz.js                                      20.83 kB │ gzip:   7.17 kB
dist/assets/pcs-engineering-tech-pack-workspace-DYFuY-aO.js              21.00 kB │ gzip:   7.29 kB
dist/assets/shared-seed-CGi2rQR7.js                                      21.01 kB │ gzip:   6.23 kB
dist/assets/material-purchase-tracking-DHeQ99sY.js                       21.11 kB │ gzip:   6.69 kB
dist/assets/events-BG-QGkY-.js                                           21.17 kB │ gzip:   6.55 kB
dist/assets/order-list-columns-BEYavuaq.js                               21.20 kB │ gzip:   6.63 kB
dist/assets/los-live-rooms-DHYzQm0t.js                                   21.23 kB │ gzip:   7.67 kB
dist/assets/pcs-testing-order-detail-DhjT09Or.js                         21.30 kB │ gzip:   6.21 kB
dist/assets/pcs-engineering-master-view-model-DG4oR3qu.js                21.39 kB │ gzip:   7.29 kB
dist/assets/suppliers-DFxN_pLd.js                                        21.68 kB │ gzip:   6.93 kB
dist/assets/tmf-domain-shared-CsnEeaO8.js                                21.88 kB │ gzip:   8.26 kB
dist/assets/routes-wls-DdQvZrVu.js                                       22.31 kB │ gzip:   7.24 kB
dist/assets/deduction-analysis-CTnu0uvr.js                               22.40 kB │ gzip:   6.54 kB
dist/assets/fei-ticket-numbering-DKWpv4g3.js                             22.45 kB │ gzip:   6.47 kB
dist/assets/warehouse-location-map-model-BMzRpnZd.js                     22.51 kB │ gzip:   7.14 kB
dist/assets/subject-operations-DzrNb_R8.js                               22.61 kB │ gzip:   7.02 kB
dist/assets/tasks-D2YoIMMO.js                                            22.80 kB │ gzip:   7.29 kB
dist/assets/progress-statistics-linkage-_QsDbQSg.js                      22.86 kB │ gzip:   6.54 kB
dist/assets/work-order-detail-CgZTfV6G.js                                22.92 kB │ gzip:   7.37 kB
dist/assets/cut-piece-handover-Chw0K6U6.js                               22.98 kB │ gzip:   7.44 kB
dist/assets/qc-workbench-DAKkNYfU.js                                     23.03 kB │ gzip:   7.18 kB
dist/assets/recheck-orders-4dlV1y4K.js                                   23.18 kB │ gzip:   7.34 kB
dist/assets/cut-piece-returns-D50bnRY1.js                                23.31 kB │ gzip:   7.21 kB
dist/assets/purchase-suggestions-Cy2Vz9dG.js                             23.40 kB │ gzip:   7.34 kB
dist/assets/material-issue-BT6kRHE9.js                                   23.80 kB │ gzip:   5.92 kB
dist/assets/progress-cutting-overview-DgsRbdkW.js                        23.83 kB │ gzip:   5.73 kB
dist/assets/dye-work-order-online-view-D5wq6MSL.js                       24.15 kB │ gzip:   8.20 kB
dist/assets/quality-deduction-selectors-BXKrlCXj.js                      24.26 kB │ gzip:   6.28 kB
dist/assets/production-order-duration-D79ikObo.js                        24.27 kB │ gzip:   9.26 kB
dist/assets/production-context-records-CZnBh1ZI.js                       24.40 kB │ gzip:   8.62 kB
dist/assets/material-statements-B65hE5uB.js                              24.45 kB │ gzip:   6.73 kB
dist/assets/print-preview-CzXEjUNU.js                                    24.57 kB │ gzip:   8.24 kB
dist/assets/process-order-task-links-zVWHE0sF.js                         24.68 kB │ gzip:   6.86 kB
dist/assets/retired-process-history-CJUukX0u.js                          24.75 kB │ gzip:   6.41 kB
dist/assets/dialogs-BAGoK_J8.js                                          24.86 kB │ gzip:   6.14 kB
dist/assets/material-preparation-BUACYR6v.js                             25.21 kB │ gzip:   8.79 kB
dist/assets/fcs-production-tech-pack-snapshot-D0OF-S0S.js                25.35 kB │ gzip:   6.47 kB
dist/assets/kol-demands-CBQ24MAA.js                                      25.43 kB │ gzip:   7.39 kB
dist/assets/wls-fabric-demand-board-DaQiKGw6.js                          25.47 kB │ gzip:   6.84 kB
dist/assets/reconciliations-C6KBdmjD.js                                  25.55 kB │ gzip:   6.83 kB
dist/assets/machine-associations-Cdl1b6Pi.js                             25.62 kB │ gzip:   7.75 kB
dist/assets/process-print-orders-CACqwTEv.js                             25.74 kB │ gzip:   8.56 kB
dist/assets/process-dye-orders-BklF9kE8.js                               25.91 kB │ gzip:   8.64 kB
dist/assets/qc-orders-BhpcSmbv.js                                        25.94 kB │ gzip:   8.28 kB
dist/assets/pda-handlers-DgZYII_o.js                                     26.67 kB │ gzip:   6.41 kB
dist/assets/marker-spreading-utils-Ba9xNtut.js                           26.71 kB │ gzip:   7.82 kB
dist/assets/simple-cut-piece-handover-ui-q03M-zNT.js                     27.01 kB │ gzip:  10.08 kB
dist/assets/warehouse-location-map-BqOg8e_9.js                           27.06 kB │ gzip:   7.08 kB
dist/assets/pcs-config-workspace-repository-DFp_IZKy.js                  27.14 kB │ gzip:  10.28 kB
dist/assets/pda-warehouse-wait-handover-BFxTOAzm.js                      27.57 kB │ gzip:   7.16 kB
dist/assets/progress-milestone-config-fblOkAU3.js                        27.59 kB │ gzip:   6.15 kB
dist/assets/pcs-pattern-library-detail-CEsJqgVz.js                       27.67 kB │ gzip:   6.60 kB
dist/assets/pda-wool-fact-execution-CxIVVRsn.js                          28.02 kB │ gzip:   9.35 kB
dist/assets/third-party-factory-rating-C0vNzBwP.js                       28.13 kB │ gzip:   8.05 kB
dist/assets/print-styles-BjQBw8jj.js                                     28.31 kB │ gzip:   4.01 kB
dist/assets/sample-approval-suggestions-D_DWgfnc.js                      28.32 kB │ gzip:   8.88 kB
dist/assets/factory-status-CaaHgi3C.js                                   28.43 kB │ gzip:   6.02 kB
dist/assets/source-document-detail-Bjdu4-Jl.js                           28.45 kB │ gzip:  10.53 kB
dist/assets/sample-warehouse-CIpTnmqj.js                                 28.47 kB │ gzip:   7.35 kB
dist/assets/marker-plan-source-model-A_04HDiQ.js                         28.93 kB │ gzip:   8.49 kB
dist/assets/pcs-engineering-master-list-DmOAsnFT.js                      28.95 kB │ gzip:  10.10 kB
dist/assets/commands-BLKmqFSO.js                                         29.05 kB │ gzip:   8.24 kB
dist/assets/pcs-engineering-master-detail-DcBXhpJi.js                    29.30 kB │ gzip:   8.64 kB
dist/assets/warehouse-DQl7J1Dc.js                                        29.79 kB │ gzip:  10.06 kB
dist/assets/logistics-reconciliations-M5f5VhPZ.js                        30.17 kB │ gzip:   9.32 kB
dist/assets/pcs-technical-data-0ORCrEov.js                               30.50 kB │ gzip:   8.34 kB
dist/assets/production-order-progress-tracking-DRU2JZ_G.js               30.53 kB │ gzip:  10.25 kB
dist/assets/material-reconciliations-B4J2t1Nm.js                         30.57 kB │ gzip:   9.32 kB
dist/assets/progress-cutting-exception-center-CPQkplaQ.js                30.89 kB │ gzip:   7.19 kB
dist/assets/capability-g7UUBARK.js                                       31.65 kB │ gzip:   6.69 kB
dist/assets/replacement-fabric-fei-tickets-iaCrVqyS.js                   31.83 kB │ gzip:  10.93 kB
dist/assets/material-archives-CRbR-xh9.js                                31.86 kB │ gzip:   7.87 kB
dist/assets/factory-performance-D2Dyo3lp.js                              32.31 kB │ gzip:   6.74 kB
dist/assets/handover-orders-CZpZauDG.js                                  32.46 kB │ gzip:   9.20 kB
dist/assets/dialogs-Co6bji9q.js                                          32.71 kB │ gzip:   9.87 kB
dist/assets/task-detail-DYG7BOxS.js                                      32.81 kB │ gzip:   9.72 kB
dist/assets/effective-task-assignments-CtSRQGtL.js                       33.11 kB │ gzip:  11.03 kB
dist/assets/garment-spu-replacements-Bb-AfUoc.js                         33.13 kB │ gzip:   9.41 kB
dist/assets/process-warehouse-domain-Nake5f_d.js                         33.27 kB │ gzip:   7.61 kB
dist/assets/pcs-tech-pack-bootstrap-BbRYX2de.js                          33.31 kB │ gzip:   8.49 kB
dist/assets/cut-piece-return-domain-DsxP0Kkp.js                          33.41 kB │ gzip:   9.92 kB
dist/assets/store-domain-settlement-seeds-ClJ72haN.js                    33.72 kB │ gzip:   9.01 kB
dist/assets/pcs-pattern-library-TQKEsLhq.js                              33.73 kB │ gzip:   7.66 kB
dist/assets/warehouse-runtime-CiEhv2rc.js                                33.87 kB │ gzip:   8.69 kB
dist/assets/pda-shell-Db1kOmy5.js                                        33.93 kB │ gzip:   9.06 kB
dist/assets/early-process-management-CpilSo8F.js                         34.61 kB │ gzip:   8.77 kB
dist/assets/dispatch-acceptance-sla-CiL7qHRA.js                          34.99 kB │ gzip:   7.90 kB
dist/assets/material-purchase-orders-BOjotl4T.js                         35.16 kB │ gzip:  11.34 kB
dist/assets/stage-orders-BsyIE4ot.js                                     35.33 kB │ gzip:  10.95 kB
dist/assets/pda-post-finishing-flow-BmgWiK81.js                          35.59 kB │ gzip:   9.62 kB
dist/assets/supplier-confirmations-_YJBtSdm.js                           36.09 kB │ gzip:   9.80 kB
dist/assets/stage-order-detail-CgqfoPvo.js                               36.18 kB │ gzip:  10.69 kB
dist/assets/pda-warehouse-stocktake-CLScbrme.js                          36.46 kB │ gzip:   9.44 kB
dist/assets/work-orders-De9SdK3T.js                                      36.70 kB │ gzip:  12.40 kB
dist/assets/pending-receipts-DWsXRDMY.js                                 36.96 kB │ gzip:  11.31 kB
dist/assets/pcs-pattern-library-create-DdAhC-7g.js                       37.00 kB │ gzip:   8.66 kB
dist/assets/material-inventory-c88qzMjN.js                               37.31 kB │ gzip:   9.26 kB
dist/assets/work-order-detail-E-X4GIZf.js                                37.36 kB │ gzip:  10.37 kB
dist/assets/third-party-factory-comprehensive-assessment-DAX3Nenx.js     37.47 kB │ gzip:  11.05 kB
dist/assets/water-soluble-orders-BlMWmy19.js                             37.54 kB │ gzip:  11.46 kB
dist/assets/pda-task-receive-detail-COl5vBx-.js                          37.61 kB │ gzip:   9.36 kB
dist/assets/work-order-detail-Coc-njQ8.js                                37.81 kB │ gzip:  10.37 kB
dist/assets/first-leg-logistics-DYoVjblT.js                              37.92 kB │ gzip:  10.22 kB
dist/assets/product-purchase-orders-Di4nR-sj.js                          38.01 kB │ gzip:   9.33 kB
dist/assets/pcs-part-template-library-ClIjCUS6.js                        38.07 kB │ gzip:  13.44 kB
dist/assets/cutting-statistics-ab-material-DP2IYd2e.js                   38.13 kB │ gzip:   8.63 kB
dist/assets/store-domain-quality-bootstrap-BewK9018.js                   38.24 kB │ gzip:   5.39 kB
dist/assets/first-leg-carriers-BcwevNZm.js                               38.36 kB │ gzip:  10.26 kB
dist/assets/pda-cutting-inbound-duOhWM4X.js                              38.91 kB │ gzip:  11.81 kB
dist/assets/special-processes-Be0R-lXH.js                                38.95 kB │ gzip:  10.26 kB
dist/assets/pda-cutting-handover-CIJgJPLT.js                             39.15 kB │ gzip:  12.01 kB
dist/assets/payment-requests-CnvC60BE.js                                 39.27 kB │ gzip:  10.37 kB
dist/assets/pda-quality-BqSjkmDu.js                                      39.31 kB │ gzip:  10.54 kB
dist/assets/warehouse-BHDVxmv2.js                                        39.73 kB │ gzip:  11.44 kB
dist/assets/semi-finished-orders-c8OYgPoe.js                             39.75 kB │ gzip:  12.13 kB
dist/assets/pda-cutting-transfer-bag-repack-36hZsz0G.js                  40.25 kB │ gzip:  11.56 kB
dist/assets/first-leg-shipments-CqfprKbm.js                              40.88 kB │ gzip:  10.25 kB
dist/assets/fcs-handlers-BJ-Qlyvo.js                                     43.02 kB │ gzip:  12.85 kB
dist/assets/pending-receipts-C9E4zkwo.js                                 43.47 kB │ gzip:  15.65 kB
dist/assets/label-print-template-Bq14h4J0.js                             43.47 kB │ gzip:  12.32 kB
dist/assets/lace-factory-domain-E69dJw3K.js                              44.40 kB │ gzip:  11.20 kB
dist/assets/warehouse-CLs9-r-I.js                                        44.81 kB │ gzip:  11.46 kB
dist/assets/factory-receiving-P13Y8fLg.js                                45.23 kB │ gzip:  15.39 kB
dist/assets/cutting-summary-27eCBgmD.js                                  45.89 kB │ gzip:  12.25 kB
dist/assets/engineering-file-upload-C3-Ptp4-.js                          46.77 kB │ gzip:  14.45 kB
dist/assets/demand-domain-awz9ZfUI.js                                    47.35 kB │ gzip:  11.00 kB
dist/assets/handover-orders-DxrhG2c9.js                                  47.47 kB │ gzip:   9.31 kB
dist/assets/batches-Byr9sqcO.js                                          47.58 kB │ gzip:  10.35 kB
dist/assets/settlement-linked-mock-factory-Bp8TdDdz.js                   47.83 kB │ gzip:  14.54 kB
dist/assets/warehouse-DLsn4NtS.js                                        47.91 kB │ gzip:  11.47 kB
dist/assets/pcs-record-core-BXSmw5fj.js                                  48.27 kB │ gzip:  16.16 kB
dist/assets/dyeing-BrPAToHl.js                                           49.16 kB │ gzip:  10.93 kB
dist/assets/printing-DU7jY9Ih.js                                         49.17 kB │ gzip:  10.94 kB
dist/assets/other-Cwpmqio1.js                                            49.18 kB │ gzip:  10.96 kB
dist/assets/wait-handover-runtime-BRVNGF3D.js                            49.31 kB │ gzip:  13.77 kB
dist/assets/sewing-D3fROKrX.js                                           50.20 kB │ gzip:  11.28 kB
dist/assets/dispatch-tenders-Bk-JwypK.js                                 50.33 kB │ gzip:  13.48 kB
dist/assets/progress-material-DTappZH0.js                                50.42 kB │ gzip:  10.09 kB
dist/assets/pda-onboarding-CYsdKrCL.js                                   50.59 kB │ gzip:  10.82 kB
dist/assets/pda-task-receive-DReRgTj1.js                                 50.60 kB │ gzip:  12.69 kB
dist/assets/pda-cutting-execution-source-CSQU1MuZ.js                     50.86 kB │ gzip:  13.79 kB
dist/assets/pcs-config-workspace-BAAE23zI.js                             51.29 kB │ gzip:  17.90 kB
dist/assets/pcs-channel-stores-CBl8BFCa.js                               51.44 kB │ gzip:  14.99 kB
dist/assets/marker-plan-model-DP0RCofw.js                                52.14 kB │ gzip:  14.94 kB
dist/assets/work-order-detail-jcWJsaIS.js                                53.02 kB │ gzip:  16.56 kB
dist/assets/store-domain-progress-DQN7mqyG.js                            53.17 kB │ gzip:  11.82 kB
dist/assets/pda-handover-BGruN_ND.js                                     53.35 kB │ gzip:  14.30 kB
dist/assets/detail-domain-By_YnShk.js                                    53.60 kB │ gzip:  11.94 kB
dist/assets/pcs-part-template-library-BR5b3ubJ.js                        53.80 kB │ gzip:  11.06 kB
dist/assets/material-purchase-orders-CCV9jFZp.js                         53.93 kB │ gzip:  16.38 kB
dist/assets/settlement-cutting-input-DaRdEHYN.js                         55.37 kB │ gzip:  11.79 kB
dist/assets/marker-plan-occupancy-I9DcnIC9.js                            57.45 kB │ gzip:  16.14 kB
dist/assets/progress-urge-BMspAvDb.js                                    58.04 kB │ gzip:  12.11 kB
dist/assets/runtime-inputs-BKuupTMG.js                                   58.25 kB │ gzip:  15.74 kB
dist/assets/warehouse-location-map-BrvDEoF2.js                           59.37 kB │ gzip:  17.87 kB
dist/assets/pda-cutting-spreading-r9GCayM8.js                            59.79 kB │ gzip:  14.36 kB
dist/assets/wls-accessory-receipts-BxH3UiSD.js                           60.15 kB │ gzip:  15.57 kB
dist/assets/factory-profile-H6vvEFa0.js                                  61.17 kB │ gzip:  14.03 kB
dist/assets/pda-settlement-SMqukcBO.js                                   61.99 kB │ gzip:  14.39 kB
dist/assets/pickup-management-list-CVrFi-Pp.js                           63.34 kB │ gzip:  17.89 kB
dist/assets/cutting-ByD1tOun.js                                          64.51 kB │ gzip:  13.69 kB
dist/assets/progress-handover-xfXRmFl9.js                                65.61 kB │ gzip:  14.31 kB
dist/assets/pcs-channel-products-cHVwE-Vb.js                             66.90 kB │ gzip:  22.23 kB
dist/assets/production-object-overview-ipXjeAs2.js                       67.79 kB │ gzip:  14.32 kB
dist/assets/output-documents-C6SPuzU5.js                                 68.80 kB │ gzip:  23.80 kB
dist/assets/core-DDMjB2u4.js                                             69.43 kB │ gzip:  13.12 kB
dist/assets/cutting-daily-production-report-DiLcwykW.js                  69.91 kB │ gzip:  19.81 kB
dist/assets/pda-exec-DCOVaefJ.js                                         70.05 kB │ gzip:  16.33 kB
dist/assets/context-Awl9A2YR.js                                          70.19 kB │ gzip:  21.60 kB
dist/assets/production-object-overview-CelGCGxN.js                       71.90 kB │ gzip:  16.79 kB
dist/assets/progress-exceptions-Oi4MKyvg.js                              72.17 kB │ gzip:  14.02 kB
dist/assets/qc-records-Os2TtnZI.js                                       72.92 kB │ gzip:  16.70 kB
dist/assets/pcs-product-archives-BmDOQixA.js                             73.32 kB │ gzip:  24.50 kB
dist/assets/pcs-engineering-tasks-CiLxAQmA.js                            73.34 kB │ gzip:  17.56 kB
dist/assets/pcs-sample-management-DlnTSCBo.js                            74.25 kB │ gzip:  18.47 kB
dist/assets/factory-onboarding-W7JoGPHd.js                               75.30 kB │ gzip:  12.70 kB
dist/assets/sewing-dispatch-DgvaNZO_.js                                  75.98 kB │ gzip:  19.97 kB
dist/assets/orders-domain-DidEuXsF.js                                    76.35 kB │ gzip:  16.91 kB
dist/assets/dialogs-Blj5nlkR.js                                          76.54 kB │ gzip:  18.96 kB
dist/assets/settlement-D5v_scA4.js                                       76.71 kB │ gzip:  12.05 kB
dist/assets/runtime-projections-DH2jBljw.js                              78.06 kB │ gzip:  18.45 kB
dist/assets/process-action-writeback-service-DyTB18X9.js                 78.29 kB │ gzip:  17.93 kB
dist/assets/transfer-bags-Bp-lItm4.js                                    80.42 kB │ gzip:  20.98 kB
dist/assets/production-progress-C63S4esD.js                              82.47 kB │ gzip:  21.09 kB
dist/assets/routes-fcs-DUHQyPVE.js                                       83.06 kB │ gzip:  15.62 kB
dist/assets/cut-piece-release-C3YbLfWK.js                                85.26 kB │ gzip:  25.88 kB
dist/assets/production-C8Naa6ha.js                                       85.38 kB │ gzip:  18.50 kB
dist/assets/pda-handover-detail-BWL70Qe8.js                              85.49 kB │ gzip:  21.54 kB
dist/assets/pda-warehouse-wait-process-NReSMpoU.js                       89.22 kB │ gzip:  21.88 kB
dist/assets/wait-handover-actions-C9epoqtW.js                            90.10 kB │ gzip:  23.01 kB
dist/assets/events-P5tI_oxN.js                                           90.52 kB │ gzip:  22.37 kB
dist/assets/factory-onboarding-flow-BiiF5Yiu.js                          90.64 kB │ gzip:  23.34 kB
dist/assets/production-tech-pack-change-domain-DDS3lsbn.js               91.44 kB │ gzip:  24.08 kB
dist/assets/dispatch-BfqJZHF-.js                                         92.70 kB │ gzip:  28.26 kB
dist/assets/cut-orders-DJWAoU1p.js                                       96.50 kB │ gzip:  25.13 kB
dist/assets/cut-piece-release-KVj-44aH.js                               101.46 kB │ gzip:  26.78 kB
dist/assets/post-finishing-full-flow-c0yQInLJ.js                        105.33 kB │ gzip:  27.31 kB
dist/assets/index-C2YIW_HF.js                                           109.46 kB │ gzip:  39.85 kB
dist/assets/pcs-material-archive-detail-Dw-MAOYd.js                     110.85 kB │ gzip:  36.86 kB
dist/assets/pcs-independent-sampling-Dy2cP26I.js                        112.27 kB │ gzip:  31.04 kB
dist/assets/transfer-bag-return-model-DfJkF4RL.js                       115.43 kB │ gzip:  27.31 kB
dist/assets/supplement-management-Ikpa18Nb.js                           115.81 kB │ gzip:  30.88 kB
dist/assets/statements-DLtRAjpZ.js                                      121.34 kB │ gzip:  25.20 kB
dist/assets/events-C2JondRO.js                                          122.94 kB │ gzip:  31.87 kB
dist/assets/unified-dispatch-workbench--SFtSS2H.js                      123.68 kB │ gzip:  34.83 kB
dist/assets/tmf-material-purchases-DoH4tUm1.js                          124.74 kB │ gzip:  32.47 kB
dist/assets/special-craft-task-orders-aIDlZEDs.js                       127.41 kB │ gzip:  33.79 kB
dist/assets/quality-deduction-repository-Bs-9WfDP.js                    136.80 kB │ gzip:  26.67 kB
dist/assets/warehouse-hub-CT3HQefk.js                                   142.47 kB │ gzip:  35.95 kB
dist/assets/generated-fei-tickets-DYzHZzVH.js                           143.06 kB │ gzip:  36.24 kB
dist/assets/production-timeliness-Vff-2v5T.js                           143.73 kB │ gzip:  47.55 kB
dist/assets/preparation-timing-Cqmv1Zt5.js                              146.62 kB │ gzip:  34.66 kB
dist/assets/marker-plan-CYQlEz5o.js                                     152.61 kB │ gzip:  36.43 kB
dist/assets/marker-spreading-CqCtp0aI.js                                156.43 kB │ gzip:  38.64 kB
dist/assets/return-inbound-DCGzz6Xc.js                                  162.41 kB │ gzip:  28.14 kB
dist/assets/app-shared-Ce0GdlNc.js                                      163.18 kB │ gzip:  40.36 kB
dist/assets/transfer-bag-operations-BLvdjZG1.js                         178.82 kB │ gzip:  44.51 kB
dist/assets/fei-tickets-CYMYXGpl.js                                     185.89 kB │ gzip:  41.23 kB
dist/assets/print-template-registry-C5FE918Z.js                         200.00 kB │ gzip:  50.92 kB
dist/assets/pcs-pattern-library-C7tOq9az.js                             205.34 kB │ gzip:  45.56 kB
dist/assets/index--GzcKvNw.js                                           210.12 kB │ gzip:  66.49 kB
dist/assets/index-DNjNXkgM.js                                           224.31 kB │ gzip:  49.55 kB
dist/assets/pda-exec-detail-B7bL4vUJ.js                                 250.30 kB │ gzip:  58.45 kB
dist/assets/process-tasks-DrXClW-3.js                                   275.17 kB │ gzip:  76.45 kB
dist/assets/process-domain-Mq2U12xY.js                                  275.82 kB │ gzip:  60.70 kB
dist/assets/production-orders-C_x3sFYo.js                               488.92 kB │ gzip:  47.17 kB
dist/assets/pda-CcueTgN2.js                                             505.21 kB │ gzip:  83.25 kB
dist/assets/pcs-tech-pack-review-CqQ11jCC.js                            704.23 kB │ gzip: 190.85 kB
dist/assets/material-ledger-BoqW3iIh.js                                 863.52 kB │ gzip: 219.38 kB
dist/assets/production-source-shared-Bj4b3XYm.js                      1,899.17 kB │ gzip: 216.72 kB

(!) Some chunks are larger than 550 kB after minification. Consider:
- Using dynamic import() to code-split the application
- Use build.rollupOptions.output.manualChunks to improve chunking: https://rollupjs.org/configuration-options/#output-manualchunks
- Adjust chunk size limit for this warning via build.chunkSizeWarningLimit.
✓ built in 11.34s
