
> higoods-vanilla-clone@1.0.0 build
> npm run typecheck:engineering && npm test && vite build


> higoods-vanilla-clone@1.0.0 typecheck:engineering
> npm run typecheck:entrypoints && npm run typecheck:scopes


> higoods-vanilla-clone@1.0.0 typecheck:entrypoints
> tsc --project tsconfig.engineering.json


> higoods-vanilla-clone@1.0.0 typecheck:scopes
> node scripts/check-typescript-scope.mjs src/domain/ src/components/ui/ src/state/

TypeScript 全量既有错误：3
本次渐进检查范围：src/domain/、src/components/ui/、src/state/
范围内错误：0
范围外既有错误保留在全量 typecheck 中继续分批治理。

> higoods-vanilla-clone@1.0.0 test
> npm run test:unit


> higoods-vanilla-clone@1.0.0 test:unit
> node --import tsx --test tests/unit/*.test.ts

✔ 浏览器存储封装保持读写删除语义 (0.7595ms)
✔ 浏览器存储不可用或抛错时保持静默降级 (0.183292ms)
✔ ISO与旧本地文本按实际时刻排序，不按空格与T字典排序 (1.937666ms)
✔ 同一时刻不同时间表达仍按账本序号和稳定ID防重复 (13.012708ms)
(node:37859) ExperimentalWarning: localStorage is not available because --localstorage-file was not provided.
(Use `node --trace-warnings ...` to show where the warning was created)
✔ 共享分配门禁拒绝同SKU错色码或错生产单身份 (26.493458ms)
✔ 共享保存拒绝重复借同格，空身份与非法数量 (34.465166ms)
(node:37860) ExperimentalWarning: localStorage is not available because --localstorage-file was not provided.
(Use `node --trace-warnings ...` to show where the warning was created)
✔ N 道只按最终逐票实收，不累计道数或非最终回仓 (0.715167ms)
✔ 末道独有回仓、错票、错工厂、逆序回仓均不得计齐套 (0.279542ms)
✔ 真实厂间完成事实只证明前道，末道仍以实际裁床回仓为准 (0.690959ms)
✔ 前道非法实收不能被加工完成标记绕过 (0.879959ms)
✔ 实际已分配厂取代票上默认厂，多家未确认不猜厂，打印票保持原样 (0.520541ms)
✔ 直转前道须有明确工艺身份完成，最终回仓受前道实物上限约束 (0.0935ms)
✔ 零量点收保留凭据；整票不可用和未知资料不贡献 (0.119916ms)
✔ 普通未装袋票不进放行，但既有简易交出可保持；正常换袋去重 (0.123667ms)
✔ 装袋同ID错票号、超原票或无效票面不提供可交实物 (0.073959ms)
✔ 逐票工艺实收保留真实业务回仓号、来源交出号及仓区库位 (0.114375ms)
✔ 旧实收缺加工完成依据保留实物，但不计最终齐套且明确待核对 (0.108375ms)
(node:37861) ExperimentalWarning: localStorage is not available because --localstorage-file was not provided.
(Use `node --trace-warnings ...` to show where the warning was created)
✔ 冻结原票的真实仓库实收继续更新；冻结后新票进晚到队列，不冒充原产出 (12.564667ms)
✔ 放行备份/读回安全整数与逐格合计，正常零不变成未确认 (1.189875ms)
✔ 无效整票追溯与未知collection不能借备份写入 (0.190916ms)
(node:37863) ExperimentalWarning: localStorage is not available because --localstorage-file was not provided.
(Use `node --trace-warnings ...` to show where the warning was created)
✔ 列表只读余量查询满足正整数身份门禁，K100/A205显示当前风险105、占用0及余量205 (62.274667ms)
✔ 裁片放行保留唯一菜单键和地址，归属裁床仓库管理 (0.415333ms)
✔ 字母与数值尺码升序，自定义尺码保留配置顺序 (1.351125ms)
✔ 非法数量和空白保持非法，不夹取或四舍五入成另一个有效量 (0.125083ms)
✔ 目标确认待保存及整票原因也受离开提醒保护，已保存目标和空白原因不误提醒 (0.145166ms)
✔ 本页导航、补料、系统与当前页签退出统一提醒，关闭其他页签和折叠菜单不误提醒 (0.163875ms)
✔ 未知自定义尺码在目标和放行矩阵明确提示待核对且保留原序，标准尺码不出现提示 (5.56575ms)
✔ 未确认与确认零放行分开，零放行不回退成目标281件 (0.273416ms)
✔ 尚未确认且齐套未知时，确认汇总中的K和R均显示待核对而非零 (4.311666ms)
✔ 目标与放行渲染为相同颜色行、尺码升序列，缺失SKU格保持不可编辑 (2.49925ms)
✔ 逐票详情保留最终回仓实收、完整顺序、袋周期、成衣色与面料色以及差异 (0.45925ms)
✔ 侧栏逐道显示真实交出单、回仓业务号和库位，记录编号放在展开依据中 (0.219959ms)
✔ 加工完成未回仓仍显示未最终回仓，未知工艺不展示普通免工艺依据 (0.175958ms)
✔ 真实前道直转投影接入侧栏，末道实收80显示已最终回仓 (1.346917ms)
✔ 跨工厂直转前道不必回裁床，最终实收80片显示已最终回仓 (7.096791ms)
✔ 最终实际点收0片保留完成事实，不显示待加工或待回仓 (1.59325ms)
✔ 历史实收有原始回仓数量但缺加工完成依据，明细保留实收且暂不计齐套 (0.333375ms)
✔ 整票更正确认同时展示票袋工艺放行分配及保留历史责任 (6.505166ms)
✔ 整票登记保存携带打开详情时的版本，旧页面不会改用后来读到的版本 (0.678292ms)
✔ 文案采用短句，目标和放行保留操作边界，整票确认保留实际后果 (8.505833ms)
✔ 具名静态演示材料使用既有真实图片，三道工艺仅按最终回仓计入 (0.785292ms)
✔ 示例内部身份只在追溯展开中显示，真实票号完整保留且确认仍显示实际影响 (8.563542ms)
(node:37864) ExperimentalWarning: localStorage is not available because --localstorage-file was not provided.
(Use `node --trace-warnings ...` to show where the warning was created)
✔ PDA实回页按第二张菲票自身当前阶段和实际交出数量显示应回数量 (90.620209ms)
✔ 无袋实收10更正9扣库存差额，重新装袋或实际交出后不反冲其他库存 (37.477416ms)
✔ 明确单道无袋实收9合法实交后更正7保留旧9责任与真实接收厂 (25.48675ms)
✔ 整袋候选与提交共享未知来源、未知必要工艺及整票不可用阻断，caller不能给空事件绕过 (36.99175ms)
✔ 连续工艺具名示例仅提供真实技术包两条未分配任务，不写事实或覆盖旧任务 (7.717875ms)
✔ 不同菲票的同一实际有序工艺链可同袋，链身份不使用每票阶段ID (0.389375ms)
✔ 同链两张菲票保留各自阶段身份并分别实收，不把第二票当第一票工艺 (4.489667ms)
✔ 连续工艺直接由实际持有厂转交下道，前道完成与最后回仓分开记账 (7.226625ms)
✔ 同袋两票连续转交按每票前道和下道身份核对，最后分别回仓 (4.666208ms)
✔ 实际任务绑定明确匹配技术包部位工艺、色码、目标对象和当前分配，不采用默认厂 (0.320834ms)
✔ 特殊工艺交出只能读取原票当前阶段与唯一实际承接任务 (0.187292ms)
✔ ISO来源交出后同一分钟实际回仓保留秒与时区，不被文本格式判为早于来源 (11.80725ms)
✔ 逐票实收分别计数，更正库存仅按差额且保留原票 (7.298459ms)
✔ 未核对加工完成不得保存；历史完成未知保留实收P而不能冒充齐套 (3.934334ms)
✔ 缺逐票确认、空白、小数、超量与未说明差异都不写入 (12.762167ms)
✔ 明确零量点收保留事实，但不生成库存或后道实物 (5.450791ms)
✔ 按身份与顺序分袋，普通和不同工艺链被阻断 (0.128167ms)
✔ 无袋按票独立点收，不能重复新增或回到其他裁床工厂 (6.395375ms)
✔ 多道工艺分别保留同票阶段实收，末道不会累加前道数量 (15.166458ms)
✔ 100片已经交出后更正为90片只改依据，保留原实交责任且不反冲库存 (18.567917ms)
✔ 旧存储 getter 不可读时，后道演示开关不阻断裁床依赖模块导入 (318.411959ms)
✔ 裁床工艺来源读取不初始化未迁移的全厂接收需求，原工艺厂读取仍保护旧源 (559.043916ms)
✔ 先读裁床来源再进入工艺厂，任务身份与需求数量一致且仓库记录可正常生成 (643.151625ms)
✔ 已准备任务来源后，任务单预览不加载无关工艺厂接收来源 (712.171125ms)
(node:37866) ExperimentalWarning: localStorage is not available because --localstorage-file was not provided.
(Use `node --trace-warnings ...` to show where the warning was created)
✔ 独立裁剪整任务改派保留数量和执行历史，旧有效分配失效，新范围唯一 (78.758333ms)
✔ 裁床改派回原工厂且回填同一业务日期，不复用旧票范围；普通审计不改身份 (0.244417ms)
(node:37868) ExperimentalWarning: localStorage is not available because --localstorage-file was not provided.
(Use `node --trace-warnings ...` to show where the warning was created)
✔ 交出列表省略详情路线读取时保留全部输出字段 (326.597375ms)
(node:37869) ExperimentalWarning: localStorage is not available because --localstorage-file was not provided.
(Use `node --trace-warnings ...` to show where the warning was created)
✔ MIG-001/002/006: management entry and handlers belong to FCS; PFOS keeps execution (1.491458ms)
✔ MIG-003/007: prep and execution read the same early order identities, quantities and match status (621.567875ms)
✔ MIG-004/009: migrated dialogs retain candidate fields, actual material image and task outputs (0.820875ms)
✔ MIG-011: management and execution use the same seven business display columns (14.331042ms)
✔ MIG-007: early dye/print creation and cancellation survive reload (2297.416542ms)
✔ BOM working-copy write failure preserves prior state; retry succeeds (152.656416ms)
✔ existing production preparation data does not trigger demo writes on entry (1554.624542ms)
✔ rollback of an unchanged saved BOM does not perform another failing write (31.244583ms)
✔ BOM dictionary preserves old JSON and all snapshot values without mutating input (9.607416ms)
✔ BOM dictionary rejects missing references instead of replacing data silently (0.538375ms)
(node:37876) ExperimentalWarning: localStorage is not available because --localstorage-file was not provided.
(Use `node --trace-warnings ...` to show where the warning was created)
✔ PDA顶栏计数与实际完整待办相同，覆盖各任务工厂及管理员/员工角色 (1924.651792ms)
✔ 解析带标签、小数和空格的长度数量 (1.012292ms)
✔ 解析卷数并对不合法文本返回 0 (0.289292ms)
✔ 证据文件标识把连续空白收口为单个连字符 (0.344667ms)
(node:37879) ExperimentalWarning: localStorage is not available because --localstorage-file was not provided.
(Use `node --trace-warnings ...` to show where the warning was created)
✔ 设计改款可成批生成染色和印花加工单，且完整投影来源与上下游 (978.475458ms)
✔ 设计改款加工单生成幂等，重复请求不增加单据 (52.188666ms)
✔ 同一设计改款任务的不同颜色和 BOM 行分别生成加工单 (58.526625ms)
✔ 成批提交失败时染色与印花加工单一起回滚 (28.819708ms)
✔ 设计改款来源缺关键引用或来源未知时必须阻断 (0.265167ms)
(node:37880) ExperimentalWarning: localStorage is not available because --localstorage-file was not provided.
(Use `node --trace-warnings ...` to show where the warning was created)
✔ 设计改款染后印花必须先分配印花厂，染色交出不能误送中央工厂 (296.42375ms)
✔ 仅染与仅印分别创建一张加工单和一条仓库首道调拨计划 (21.2435ms)
✔ 辅料染色单创建后已有辅料仓调拨计划，分厂时自动落实原单但不冒充实发 (7.920166ms)
✔ 历史双工艺加工单仍可追溯原有染印交接 (440.328875ms)
✔ 先染后印目标 SKU 创建两段加工单，印花只接收本行染后物料而不能跳过染色 (1359.644833ms)
✔ 单独印花 SKU 从仓库发印厂并完成样衣归档 (1473.502917ms)
✔ 印花实际交出生成中央工厂待接收原单，实收回写原交接并允许完成加工单 (466.414625ms)
✔ 专业成果没有真实附件时保持未绑定 (6.733375ms)
(node:37881) ExperimentalWarning: localStorage is not available because --localstorage-file was not provided.
(Use `node --trace-warnings ...` to show where the warning was created)
✔ 可打印不等于可建交出单，必须完成真实标签打印 (1.312792ms)
✔ 卷规格无效时不可建交出单，且不改变原可打印判定语义 (0.097708ms)
✔ 人工完成印花加工单不再自动填充操作人 (223.23675ms)
(node:37890) ExperimentalWarning: localStorage is not available because --localstorage-file was not provided.
(Use `node --trace-warnings ...` to show where the warning was created)
✔ 非 KOL PDA 导入不生成 KOL 领交料；首次 KOL 访问生成完整且幂等的演示记录 (231.752208ms)
✔ PDA 单任务读取保持普通任务、测试工厂与 KOL 任务内容和查找优先级 (1.65225ms)
(node:37891) ExperimentalWarning: localStorage is not available because --localstorage-file was not provided.
(Use `node --trace-warnings ...` to show where the warning was created)
✔ 实际唛架重复相同来源只建一次，票身份按该单颜色尺码和技术包部位定位 (0.526291ms)
✔ 重复ID不同内容不得覆盖；不同部位实例和尺寸不得合并 (0.251333ms)
✔ 跨单、错颜色、错物料、错部位和错误每件片数均阻断 (0.102458ms)
✔ 真实手动无铺布层序票可读且免层序编号，普通缺区间和伪手动来源仍阻断 (19.077625ms)
✔ 主料唛架只展开其明确部位，拼接料和口袋布各自保留，不猜未知映射 (5.793041ms)
(node:37892) ExperimentalWarning: localStorage is not available because --localstorage-file was not provided.
(Use `node --trace-warnings ...` to show where the warning was created)
✔ 可编辑的演示唛架保存后优先读取用户记录，刷新不恢复原备注和状态 (378.120792ms)
✔ 日报窗口含截止日7天，重点日均独立使用前6天 (0.482042ms)
✔ 未知采购不填0，未BOM不输出完整确定订单需求 (0.108292ms)
✔ 突变必须绝对量与比例同时达到阈值 (0.058583ms)
✔ 截止日突变示例与未完结日不判定 (0.054916ms)
✔ 共享商品按SPU去重而不按关联行累加销量 (0.095959ms)
✔ 预选不产生确定用料；BOM需求保留物料归属 (0.338959ms)
✔ 同料BOM优先于预选，不重复关系及需量 (0.176958ms)
✔ 两个业务页具有独立容器、标准分页与证据边界 (15.850208ms)
✔ 未进入物料页面时 bridge 不加载业务；加载失败重试后首次渲染即已注册 (3.613583ms)
✔ click 分组顺序、短路、选择器范围保持原行为，重新注册替换旧处理器 (0.663375ms)
✔ 备料写入守卫读取实时角色与水位，阻断时不调用业务处理器 (0.321375ms)
✔ input/change/keyboard 原入口、筛选范围和 change 优先级完整保留 (0.279ms)
✔ health groups are exhaustive and mutually exclusive in demo (1.404041ms)
✔ coverage and baseline use same inventory plus transit but distinct demand windows (0.152791ms)
✔ zero demand is unavailable rather than infinity and huge finite quotient stays finite (0.174292ms)
✔ date selects different consistent snapshot (0.170083ms)
✔ threshold changes alter classification without changing facts (0.12125ms)
✔ health view carries core P1 business sections and mock caveat (16.819375ms)
✔ AT16 rules do not substitute brand, size or packaging method (1.441167ms)
✔ AT24 equal priority conflict blocks resolution and identifies rules (0.411ms)
✔ higher explicit priority resolves a lower priority overlap (0.060875ms)
✔ plans distinguish garments and parcels and add loss once (0.153791ms)
✔ AT18 white pendant stock only allocated once (0.078ms)
✔ event duplicate and old revision do not add consumption; reprints are activity only (0.113417ms)
✔ conflicting same revision fails instead of silently choosing a payload (0.068041ms)
✔ AT17/19/20 panel states unresolved ASAYA, independent kit80 and unknown ribbon (0.975291ms)
✔ trigger distinct from target, existing supply produces explainable zero (0.574916ms)
✔ missing mapping or usage and incompatible raw unit block unsafe generation (0.174041ms)
✔ generation reserves remaining once and shared raw pool across target rules (0.814208ms)
✔ production does not increase stock; actual SKU and output bound partial receipts (0.159667ms)
✔ cancelled suggestion releases commitment and raw allocation (0.06875ms)
✔ AT05 committed greige is not available for a second allocation (0.436959ms)
✔ AT06 partial receipt reduces expected supply; checking and qualified never duplicate (0.294917ms)
✔ AT07 unmapped target preserves quantities but gives no target coverage (0.074625ms)
✔ §7.2 loss reduces future supply; rejected receipts never become usable (0.055708ms)
✔ §7.3 unit/yield/route and conservation gaps block deterministic supply (0.093ms)
✔ §7.3 candidate comparison reports remaining shortage and respects arrival deadline (0.123584ms)
✔ §7.3 zero gap stays zero and nonfinite inputs cannot produce advice (0.045167ms)
✔ panel uses owned local handlers and discloses mock and missing images (1.425167ms)
✔ P2 coefficients and coverage exclude transit (6.963375ms)
✔ P2 coverage buckets have exclusive shared boundaries (0.482833ms)
✔ P2 partial receipts and completed batches count remaining only (0.062ms)
✔ P2 latest overdue selected only if no future batch; today included (0.058083ms)
✔ P2 search transit and ETA filters compose (0.125708ms)
✔ P2 zero demand and missing BOM preserve distinct nulls; micro demand excluded (0.061667ms)
✔ P2 standard table renders and limits initial rows to first page (6.285958ms)
✔ AT01/02 internal reservation stays in coverage while external reservation is deducted (14.112916ms)
✔ AT03 quality segments are not usable (0.397667ms)
✔ AT04 partial receipt leaves remaining supply only (0.4515ms)
✔ AT08/38 late supply never erases earlier shortage (0.363167ms)
✔ AT09 intermediate deficit determines net need rather than positive closing balance (0.388042ms)
✔ AT10 MOQ and pack rounding, zero stays zero (0.39125ms)
✔ AT11 horizon begins at cutoff and is not expanded by lead time (0.229541ms)
✔ AT12 forecast covered by confirmed demand is excluded before coefficient (0.145458ms)
✔ AT13 no demand has no numeric coverage (0.111166ms)
✔ AT14 cancelling demand does not change stock (0.16075ms)
✔ AT15 latest event revision only (0.375417ms)
✔ AT16/17 directory preserves bag sizes and ASAYA duplicated input is one unresolved SKU (0.0895ms)
✔ AT18 three brands draw from one shared pool (0.115208ms)
✔ AT19/20 kit capacity respects minimum and missing conversion (0.058875ms)
✔ AT21 inactive/unusable stock remains physically visible (0.08575ms)
✔ AT23 affected order identifiers are unique (0.086917ms)
✔ AT25/26 draft does not mutate active and invalidates trial (0.064208ms)
✔ AT26/28 publish requires role and exact trial; history retained (0.165375ms)
✔ AT31 risk cannot close with remaining shortage or skip verification (0.148334ms)
✔ AT37 invalid dates, unknown timezone, bad numeric values rejected (0.083875ms)
✔ duplicate supply chain does not double count and blocks deterministic advice (0.088291ms)
✔ warehouse catalogue includes 17 locations and two garment warehouses (0.043583ms)
✔ candidate comparison retains pre-arrival risk (0.272667ms)
✔ SKU-specific policy wins and duplicate rules block publish (0.142333ms)
(node:37903) ExperimentalWarning: localStorage is not available because --localstorage-file was not provided.
(Use `node --trace-warnings ...` to show where the warning was created)
✔ 逐票与逐打印任务保持原结构，变更一条只保存一条 (1.080667ms)
✔ 草稿按原映射键保存；手工票与操作记录分离，删除票保留审计 (0.219042ms)
✔ 拒绝损坏JSON且不冒充空数据 (0.110625ms)
✔ 拒绝空字符串且不冒充空数据 (0.049458ms)
✔ 拒绝错误根且不冒充空数据 (0.041084ms)
✔ 拒绝重复票号身份且不冒充空数据 (0.048041ms)
✔ 拒绝缺少票号且不冒充空数据 (0.038125ms)
✔ 拒绝错误状态且不冒充空数据 (0.038459ms)
✔ 拒绝打印关联缺失且不冒充空数据 (0.04375ms)
✔ 拒绝草稿身份缺失且不冒充空数据 (0.074625ms)
✔ 拒绝手工日志缺失且不冒充空数据 (0.047208ms)
✔ 拒绝手工二维码缺失且不冒充空数据 (0.037375ms)
✔ 已保存实体与备份身份校验，不接受伪造集合或迁移元数据 (0.388292ms)
✔ 袋账派生绑定锁，无需持久化派生票快照；关闭周转解除旧快照锁 (436.318167ms)
✔ 唛架来源和铺布单逐实体保存，保留卷明细、层序及来源引用 (0.1975ms)
✔ 指定保存对象不复制重复静态唛架，也不覆盖其他已保存铺布单 (0.20675ms)
✔ 旧袋账按实体保留绑定与历史，局部动作不复制静态袋档案 (0.301792ms)
✔ 专用打印来源保留原票身份、数量、状态、袋锁及打印对象，不查询全量PDA与库存摘要 (8267.337875ms)
✔ 实际输出首打保持原身份与数量；动态与普通来源均可打印，失效来源阻断，重复首打不新增 (119.053084ms)
✔ 唛架引用读取失败明确阻断，不将迁移或读取错误伪装成空铺布来源 (0.924292ms)
✔ 用户唛架方案逐ID迁移保留床次和占用，修改一张不重写其它方案 (0.177459ms)
✔ PDA及手工票专用唛架定义与原完整投影等价，保留床次、数量和可铺布资格 (458.680125ms)
✔ 裁床配料按真实生产单范围读取与全量结果逐字段相等，保留库存、领取、状态与任务链接 (485.441833ms)
✔ PDA铺布目标直接携带真实已保存铺布单的裁床与负责人，不另算整套列表 (271.614084ms)
✔ 铺布投影复用唛架定义仍保留已保存session的卷明细、裁床、负责人和实际裁剪数量 (277.857416ms)
✔ 路由标准化移除 query 与 hash，但不改动路径 (0.359ms)
✔ 只匹配路由根或其子路径，不误匹配相似前缀 (0.10025ms)
✔ 可在多个合法根路径中匹配一个 (0.061459ms)
✔ 只把完整生产确认单打印路由识别为命中 (0.644458ms)
✔ 专业任务必须全部有效明细通过且保留成果与审核事实 (0.654959ms)
✔ 纸样名称或物料关联不能替代可读取原文件 (10.943084ms)
(node:37906) ExperimentalWarning: localStorage is not available because --localstorage-file was not provided.
(Use `node --trace-warnings ...` to show where the warning was created)
✔ 目标 SKU 的四种加工组合、前序实物和 BOM Q 均按已建档字段读取 (4.213709ms)
✔ 整单总量口径保存后仍按一次总量计算，不被样衣件数重复放大 (1450.722458ms)
✔ 一张设计改款 BOM 同时有 Yard 面料和 PCS 辅料时，各行独立计量且辅料无需加工调拨 (93.230416ms)
✔ 复用既有纸样与参照 BOM 的无印染任务可直接提交样衣并自动完成；复制只生成草稿 (1276.374041ms)
✔ 批量复制保留物料、费用和样衣安排为独立可编辑草稿，不生成工作 (75.746708ms)
✔ 单页创建同时保存物料、费用与样衣要求；失败不留下空任务 (55.89275ms)
✔ 加工按物料行及实际阶段执行：纯染行与先染后印行独立串联 (190.640542ms)
✔ 旧设计任务移除线下工作和依赖，保留加工单身份、样衣成果及原始输入 (1226.127833ms)
✔ 任务汇总排除未启用，待前置只列出未完成依赖，关闭单不继续催办 (0.903083ms)
✔ 筛选覆盖关键词、状态、跟单、待办、类型、团队和日期边界，统计范围一致 (0.26975ms)
✔ CSV包含全部匹配行和任务责任计划，不含操作列，特殊文字正确转义 (0.416417ms)
✔ 生产准备必须读取测款最终通过事实，保存时重新校验且失败不生成主单 (1297.799833ms)
✔ PATTERN_ARTWORK 多明细全部有效项通过才完成，同SKU不同要求不合并 (0.509ms)
✔ COLOR_FABRIC 多明细全部有效项通过才完成，同SKU不同要求不合并 (0.088625ms)
✔ COLOR_YARN 多明细全部有效项通过才完成，同SKU不同要求不合并 (0.068625ms)
✔ 多辅料分单覆盖，第一张下单不足以完成，失效单不能提供覆盖 (0.225ms)
✔ 专业列表业务字段查询与责任、来源、计划边界组合，未登记计划不误入日期结果 (0.707458ms)
(node:37913) ExperimentalWarning: localStorage is not available because --localstorage-file was not provided.
(Use `node --trace-warnings ...` to show where the warning was created)
✔ targeted PCS baseline reads return independent records without cloning unrelated collections (161.189208ms)
✔ PCS 前插多个新记录保留全部既有位置，重复保存不产生位置变化 (3.520166ms)
✔ PCS 单条置顶、居中插入、删除保持实际顺序且不移动其余记录 (0.116084ms)
✔ PCS 图片按款号和颜色固定，尺码不改变照片，未知对象没有随机图片 (1.905459ms)
✔ 历史 Mock 只替换登记的旧图，保留用户图片及未知款式 (0.707041ms)
✔ 后道 QC 来源 SKU 保留原身份和数量，五种颜色分别绑定对应实拍 (0.101208ms)
✔ 后道历史快照只迁移准确 SKU 的旧示意图，质检数量与用户图不变 (0.212208ms)
(node:37916) ExperimentalWarning: localStorage is not available because --localstorage-file was not provided.
(Use `node --trace-warnings ...` to show where the warning was created)
✔ SAMPLE-FIX-01–05/11: actual request→reserve→approve→pickup→return→receipt; stable own IDs and detached reads (892.688458ms)
✔ SAMPLE-FIX-03/05: all invalid input blocks writes; cancellation/rejection frees only own reservation (492.3295ms)
✔ SAMPLE-FIX-08/09/11: cases and stocktake persist independently, cannot execute twice or masquerade as adjustment (519.890667ms)
(node:37917) ExperimentalWarning: localStorage is not available because --localstorage-file was not provided.
(Use `node --trace-warnings ...` to show where the warning was created)
✔ HG-001/002/004: SKU identity survives duplicate receipts, transfers and repeats; HG resolves SKU (236.126625ms)
✔ HG-005/006/008: printed data and bounded settings; no truncation, images or state writes (0.550333ms)
✔ HG-002/004 regression: older receipt without identities retains its first date; raw SKU is never HG (84.210666ms)
(node:37920) ExperimentalWarning: localStorage is not available because --localstorage-file was not provided.
(Use `node --trace-warnings ...` to show where the warning was created)
✔ SAMP-001–013 Mock: receipt → all SKU tags → live/home → production/factory/department/warehouse → marketing, with adversarial gates (1200.533334ms)
(node:37921) ExperimentalWarning: localStorage is not available because --localstorage-file was not provided.
(Use `node --trace-warnings ...` to show where the warning was created)
✔ PDA 列表轻量摘要与详情的归属、数量、物料和下一步一致 (960.79875ms)
(node:37922) ExperimentalWarning: localStorage is not available because --localstorage-file was not provided.
(Use `node --trace-warnings ...` to show where the warning was created)
✔ 按工厂投影不改变全能力、印花、染色、中央与裁片演示账号可见任务 (906.995917ms)
(node:37924) ExperimentalWarning: localStorage is not available because --localstorage-file was not provided.
(Use `node --trace-warnings ...` to show where the warning was created)
✔ 接单工厂范围保留全量投影中本厂每个任务的身份、数量、状态及接单/中标结果 (2573.059125ms)
(node:37925) ExperimentalWarning: localStorage is not available because --localstorage-file was not provided.
(Use `node --trace-warnings ...` to show where the warning was created)
✔ PDA order/task link indexes preserve all full-index candidates without constructing unrelated material rows (514.132541ms)
✔ ordinary sewing direct lookup keeps every field and factory permission from the complete canonical projection (360.878333ms)
✔ runtime sewing overrides and legacy/missing IDs retain the complete projection result (557.153791ms)
✔ one fresh read-only object snapshot preserves readiness, context and unknown references without refreshing per miss (429.450209ms)
✔ PDA handlers wait for part-ticket hydration, and the real detail is not mounted before both dependencies complete (46.000792ms)
✔ ordinary sewing detail leaves unrelated PMS initialization pending until a normal module entry (23.370625ms)
✔ same-navigation sewing preload discovers actual bundle entries and static closure without evaluating modules (56.931ms)
✔ preview compression includes the same sewing static chunks and retains existing assets without broad lazy-route output (11.075459ms)
(node:37927) ExperimentalWarning: localStorage is not available because --localstorage-file was not provided.
(Use `node --trace-warnings ...` to show where the warning was created)
✔ 中转袋交出与实际入仓使用同一浏览器本地业务时间，不把 UTC 当作本地时间 (2.451042ms)
[PMS_IDB_LOAD_FAILED] { message: '当前浏览器不支持 IndexedDB,PMS 业务数据无法持久化。' }
✔ 物流商新增字段保存回显并写入操作日志 (3.283458ms)
✔ 物流商数字字段非负校验与运输方式枚举校验 (0.274625ms)
✔ 渠道新增字段保存回显，条件计费字段按计费方式保留 (0.421ms)
✔ 整柜渠道不要求新增计费字段，仍要求四箱型完整配置 (0.140334ms)
✔ 渠道数字字段非负与时效区间校验 (0.143584ms)
✔ 头程批次聚合展示总箱数、总重量、总体积与转运天数 (0.505833ms)
✔ 工序链按保存顺序生效，合法工序集合固定，非法或重复工序被拒 (3.25775ms)
✔ 坯布 SKU 必填，坯布库存为 0 时调拨资格被拒，补足后恢复 (0.374042ms)
✔ 采购单按勾选 SKU 生成明细，数量与枚举非法被拒 (0.153834ms)
✔ 调拨单可选择调出仓库与调入目标，同步生成加工单号链 (0.20475ms)
✔ 批量刷新库存更新全部监控行与刷新时间并写日志 (0.19125ms)
✔ 手动添加监控 SKU 校验 SKU 必填与重复，添加后进入列表 (0.257791ms)
✔ 物料申报扩展字段保存回显，26 项特殊属性按数组保存 (1.794084ms)
✔ 报关扩展：法定第二计量单位与数值，不报关分支跳过必填校验 (0.1735ms)
✔ BOM 业务选项与价格/成本、工厂、布料字段保存回显 (1.383125ms)
✔ 主体经营 9 项成本明细加调整重算总成本，数据缺失提醒可消除 (0.926ms)
✔ 供应商从草稿到启用遵循状态机，名称唯一 (1.766ms)
✔ 供货档案包装换算与快照版本 (0.203333ms)
✔ 物料全部有真实图片，采购补充信息可更新且不新增删除 (0.340708ms)
✔ 成衣与样衣 SKU 只读列表数据完整 (0.066667ms)
✔ 仓库同步更新时间，单位字典唯一且不可删除只可启停 (0.283542ms)
✔ BOM 用量可修改，说明可保存，发布后可生成面辅料需求 (1.35875ms)
[PMS_IDB_LOAD_FAILED] { message: '当前浏览器不支持 IndexedDB,PMS 业务数据无法持久化。' }
[PMS_IDB_UNAVAILABLE] put 跳过,数据仅保留在内存 { store: 'pmsMaterialPurchaseOrderDeltas', key: 'CGF-2026-0005' }
[PMS_IDB_UNAVAILABLE] put 跳过,数据仅保留在内存 { store: 'pmsMaterialPurchaseOrderDeltas', key: 'CGF-2026-0001' }
[PMS_IDB_UNAVAILABLE] put 跳过,数据仅保留在内存 { store: 'pmsMaterialPurchaseOrderDeltas', key: 'CGF-2026-0007' }
✔ 面辅料需求种子就绪且可按物料行下推采购单 (2.338834ms)
✔ 快递信息导入校验采购单存在、单号唯一、日期与数量合法 (0.3995ms)
✔ 国内签收、加入头程、状态推进与到仓自动签收 (0.916375ms)
✔ 供应商确认单需标签齐备，确认后回写采购单 (0.764209ms)
✔ 整柜渠道必须完整配置四个箱型，物流商可启停 (0.311875ms)
✔ 面辅料采购单可带原因关闭，关闭后不能再登记到货 (0.196708ms)
✔ 库存监控触发线与建议量公式，规则异常阻断建单 (3.385917ms)
✔ 建单数量不得超过建议量，调拨与采购资格分别阻断 (0.177708ms)
✔ 中转看板指标、分布与筛选跳转规则 (0.252542ms)
✔ 生产单校验与配料任务只读数据完整，系统设置结果为 8/6/10 (0.083292ms)
✔ 种子采购单按 SRM 生成器规律补齐单据级与明细级字段 (1.690334ms)
✔ 新建做货采购单保存采购专员、加急、首单、区域与明细字段并可回显 (1.948875ms)
✔ 未传新增字段时沿用默认值并保持既有命令兼容 (0.384208ms)
✔ 采购专员必填、做货必须选区域、重量非负均抛出中文 PmsDomainError (0.665625ms)
✔ 编辑采购单保存新增字段并回显，非法输入被阻断 (0.610916ms)
✔ BOM 状态与 bomMatched 一致，未发布 BOM 的做货明细为未匹配 (0.476542ms)
✔ 行采购金额使用 roundPmsQty 且汇总等于逐行金额之和 (0.381125ms)
✔ 采购建议按缺口公式与折扣计算，并计入有效 KOL 申请 (0.705583ms)
✔ KOL 草稿与已驳回不计入建议缺口 (0.249042ms)
✔ 建议转采购单后写回已转数量与部分生成状态 (2.262042ms)
✔ 面辅料需求按 BOM 用量与损耗扣减库存和采购中 (1.154625ms)
✔ 重复生成、草稿采购单与非做货采购单均被阻断 (0.248625ms)
✔ KOL 单条超量需要二次确认，超过申请量直接阻断 (0.597667ms)
✔ 驳回 KOL 需求后不再计入建议缺口 (0.310542ms)
✔ 关闭采购单必须填写原因且已关闭不可重复关闭 (0.348084ms)
[PMS_IDB_LOAD_FAILED] { message: '当前浏览器不支持 IndexedDB,PMS 业务数据无法持久化。' }
[PMS_IDB_SAVE_FAILED] 创建请款单 IDB 写入失败 {
  requestNo: 'PAY-M-2026-0006',
  message: '当前浏览器不支持 IndexedDB,PMS 业务数据无法持久化。',
  degraded: 'memory-only'
}
[PMS_IDB_SAVE_FAILED] 创建请款单 IDB 写入失败 {
  requestNo: 'PAY-L-2026-0004',
  message: '当前浏览器不支持 IndexedDB,PMS 业务数据无法持久化。',
  degraded: 'memory-only'
}
[PMS_IDB_SAVE_FAILED] 作废请款单 IDB 写入失败 {
  requestNo: 'PAY-L-2026-0004',
  message: '当前浏览器不支持 IndexedDB,PMS 业务数据无法持久化。',
  degraded: 'memory-only'
}
✔ 主体经营明细总成本、毛利与毛利率公式 (0.731167ms)
✔ 面辅料对账：预计/实际双层公式，费用项与差异双重门禁 (2.876584ms)
✔ 面辅料费用项部分确认、批量确认与编辑失效 (0.49025ms)
✔ 请款草稿跨页创建、请款与付款上限、编辑范围 (0.830959ms)
✔ 物流实际费用 12 列导入校验、不自动确认与确认后锁定 (0.447666ms)
✔ 请款单作废释放来源对账，已有付款不能作废 (0.327958ms)
✔ 供应商账单 9 列导入覆盖实际层且不自动确认 (0.2625ms)
✔ 金额大写按 RMB 规则输出并覆盖跨节零 (0.122916ms)
[PMS_IDB_UNAVAILABLE] put 跳过,数据仅保留在内存 { store: 'pmsMaterialPurchaseOrderDeltas', key: 'CGF-2026-0005' }
[PMS_IDB_LOAD_FAILED] { message: '当前浏览器不支持 IndexedDB,PMS 业务数据无法持久化。' }
[PMS_IDB_UNAVAILABLE] put 跳过,数据仅保留在内存 { store: 'pmsMaterialPurchaseOrderDeltas', key: 'CGF-2026-0005' }
[PMS_IDB_UNAVAILABLE] put 跳过,数据仅保留在内存 { store: 'pmsMaterialPurchaseOrderDeltas', key: 'CGF-2026-0005' }
[PMS_IDB_UNAVAILABLE] put 跳过,数据仅保留在内存 { store: 'pmsMaterialPurchaseOrderDeltas', key: 'CGF-2026-0005' }
[PMS_IDB_UNAVAILABLE] put 跳过,数据仅保留在内存 { store: 'pmsMaterialPurchaseOrderDeltas', key: 'CGF-2026-0005' }
[PMS_IDB_UNAVAILABLE] put 跳过,数据仅保留在内存 { store: 'pmsMaterialPurchaseOrderDeltas', key: 'CGF-2026-0005' }
✔ 生成卷号按前缀、每卷米数、重量与起始序号生成并写入包装明细 (5.598042ms)
✔ 生成卷号时尾卷承载剩余数量，卷数按采购数量与每卷米数自动取整 (0.597083ms)
✔ 非法卷号参数被拒绝并抛出中文域错误 (0.392041ms)
✔ 生成标签后二维码内容包含卷号与箱规，参与打印 (0.313625ms)
✔ 箱规新增自动计算体积，重复箱号与非法尺寸被拒，删除后计数正确 (0.290083ms)
✔ 包装明细可新增与删除，非法输入被拒且删除后计数正确 (0.251041ms)
✔ 被包装明细引用的箱规不能删除 (0.0815ms)
✔ 供应商枚举与 SRM 完全一致，旧枚举不再出现 (0.705292ms)
✔ 种子字段满足 SRM 枚举且协同指标为数字 (0.124917ms)
✔ 新增字段保存并回显，成功命令写入操作日志 (1.099375ms)
✔ 编辑保存新增字段并保持状态机与事件名不变 (0.214667ms)
✔ 非法或缺失输入抛 PmsDomainError 且不写入数据 (0.321542ms)
✔ 详情与列表展示新增字段、SRM 枚举与协同指标 (14.364875ms)
(node:37940) ExperimentalWarning: localStorage is not available because --localstorage-file was not provided.
(Use `node --trace-warnings ...` to show where the warning was created)
✔ CONTRACT-002: business allocation day is day 1 and every calendar day counts, including Sunday (0.994458ms)
✔ CONTRACT-002: the three contracts retain 4/8/9, 5/9/10 and 6/9/12 calendar-day milestones (0.400416ms)
✔ CONTRACT-002: invalid calendar dates and counting days still fail without creating deadlines (1.139ms)
(node:37941) ExperimentalWarning: localStorage is not available because --localstorage-file was not provided.
(Use `node --trace-warnings ...` to show where the warning was created)
✔ 实际耗时跨周日仍按真实时间差；没有可靠时间不造耗时 (0.469959ms)
✔ 每任务都达成才结束；同一来源去重，作废明细不影响主表 (0.158417ms)
✔ 耗时页 Mock 至少覆盖九张生产单和全部节点，且下游事实不会越过未完成的前置节点 (541.587ms)
✔ 裁片放行按一张放行单内的多次放行展示并选取节点起止时间 (39.701375ms)
(node:37942) ExperimentalWarning: localStorage is not available because --localstorage-file was not provided.
(Use `node --trace-warnings ...` to show where the warning was created)
✔ EXC-001—004: a reference mark cannot change debt, strict kits or final task responsibility (2.932458ms)
(node:37943) ExperimentalWarning: localStorage is not available because --localstorage-file was not provided.
(Use `node --trace-warnings ...` to show where the warning was created)
✔ 派单新增主档工厂可登记承接关系，未知工厂仍阻断 (2.085125ms)
✔ 专属任务保留整单身份、数量和接收方，工艺分支保留全部前置关系 (0.9315ms)
✔ 原生产单车缝任务仍可被 PPIC 分配与责任移交识别，SKU 总量完整 (8.1115ms)
✔ PRINT-HISTORY-001: demo identities remain fixed and reject another factory or task (0.492583ms)
✔ PRINT-HISTORY-002: DYE-GOTO-GLOBAL historical slot 09 survives independent reloads without overwriting (2113.690208ms)
✔ PRINT-HISTORY-002: ID-FAC-001165 historical slot 09 survives independent reloads without overwriting (2221.570083ms)
(node:37947) ExperimentalWarning: localStorage is not available because --localstorage-file was not provided.
(Use `node --trace-warnings ...` to show where the warning was created)
✔ VERIFY-003: dispatch reads keep all documents and independent copies without projecting unrelated business views (199.526416ms)
✔ frozen printing images are losslessly stored once across orders, tasks and attachments (5.808667ms)
✔ missing or malformed image references fail rather than silently replacing frozen evidence (0.54375ms)
(node:37949) ExperimentalWarning: localStorage is not available because --localstorage-file was not provided.
(Use `node --trace-warnings ...` to show where the warning was created)
✔ PERF-002/004: scoped receiving reads preserve direct receipts and allocations, without exposing mutable facts (13.05575ms)
✔ PERF-002/004: a synchronous relation read matches independent reads and releases its scope after errors (692.118458ms)
✔ PERF-004: batched print list reviews and handovers equal independently read facts (284.765334ms)
✔ PERF-004: scoped handovers keep canonical sorting and task point reads preserve identity (5.746375ms)
✔ PERF-004: reusing warehouse documents preserves each dye order source, quantity and receiver (233.8285ms)
(node:37951) ExperimentalWarning: localStorage is not available because --localstorage-file was not provided.
(Use `node --trace-warnings ...` to show where the warning was created)
✔ craft source selection preserves all previous source choices and isolated snapshots (11.495375ms)
✔ source eligibility is re-evaluated after a source order changes (0.16175ms)
(node:37952) ExperimentalWarning: localStorage is not available because --localstorage-file was not provided.
(Use `node --trace-warnings ...` to show where the warning was created)
✔ 生产单创建来源只覆盖旧匹配事实，不复活已取消或覆盖更新后的匹配 (0.770333ms)
✔ 提前来源随PO唯一保存，重复生成不会追加第二份事实；查询投影不反向写PO (0.389625ms)
✔ 失败和嵌套投影后创建stage标记恢复，不影响后续染印执行保存 (0.221292ms)
✔ 备份拒绝错误归属、重复、未知状态和缺少正式冻结来源的匹配 (0.149916ms)
(node:37953) ExperimentalWarning: localStorage is not available because --localstorage-file was not provided.
(Use `node --trace-warnings ...` to show where the warning was created)
✔ 验收数据至少包含 5 张染色和 5 张印花提前加工单，并覆盖全部匹配状态 (397.696209ms)
✔ 印花专业成果把多张图片和多个文件统一保存在同一附件集合 (0.145334ms)
✔ 同一生产需求可手动选择具体专业任务，创建结果保存所选任务与全部成果附件 (38.113125ms)
✔ 创建提前加工单必须选择所属专业任务并明确加工厂 (4.097041ms)
✔ 计划加工数量包含损耗率，且染色印花投入与产出 SKU 必须不同 (0.165333ms)
✔ 专业成果未审核通过时不可创建提前加工单 (0.114833ms)
✔ 多个生产需求合并为一张生产单时，可匹配多张提前染色加工单 (39.223458ms)
✔ 等待技术包的提前单在技术包就绪后可由同一匹配服务自动重试 (15.245417ms)
✔ 合并生产单中只有部分需求有提前单时，只为未覆盖需求补建剩余数量 (45.326583ms)
✔ 已有提前单但正式 BOM 或 SKU 不一致时进入异常，且不重复补建同一工艺单 (41.925167ms)
✔ 取消后重建保留旧单，并建立双向替代关系 (3.581542ms)
✔ 没有提前加工单的需求仍保留正式加工单快照 (4.133792ms)
✔ 查生产入口只在合法系统路由显示，并在打印与 PDA 路由隐藏 (1.069375ms)
✔ 相似前缀和相似打印段不会被当成合法路由 (0.222458ms)
(node:37955) ExperimentalWarning: localStorage is not available because --localstorage-file was not provided.
(Use `node --trace-warnings ...` to show where the warning was created)
✔ 静态生产单更新任务状态时保留原冻结资料，不强造不存在的技术版本 (0.779375ms)
✔ 沿用静态资料的例外不能用于新单、篡改快照或错误技术版本 (0.551667ms)
(node:37956) ExperimentalWarning: localStorage is not available because --localstorage-file was not provided.
(Use `node --trace-warnings ...` to show where the warning was created)
✔ PERF-001: runtime snapshot and all nine subsets preserve every production order value and caller isolation (20.711042ms)
✔ PERF-001: a subset read does not traverse or clone unrelated snapshot sections (0.2265ms)
✔ PERF-001: paper pattern binding strips and nested craft arrays remain isolated after mutation (0.219792ms)
✔ PERF-001: replacing or updating the bound snapshot is visible immediately without a stale cache (0.137333ms)
✔ PERF-001: missing production order keeps null and empty-list contracts (0.069625ms)
✔ finished preparation and purchase keep their delay without claiming current work is on time (3.576917ms)
✔ absence of applicable records and missing timing inputs are not healthy or not-yet-due (0.459167ms)
✔ inbound quantity and final time completeness produce distinct business results (0.130167ms)
✔ reached late milestone has zero only for that milestone, not the whole task (2.266209ms)
✔ creation and handover clocks explain their different unfinished endpoints (1.574709ms)
✔ all current scenes avoid ambiguous headline defaults and literal unknown numbers (18.217667ms)
✔ contract graph with missing allocation date or actual holdings cannot assert not-yet-due or achieved (2.922791ms)
✔ opening a follow-up modal only reads, and empty inputs never appear saved (14.055667ms)
✔ save waits for completion and readback, rejects double-click writes, and stores realtime feedback without a forecast (17.498958ms)
✔ failed save retains all inputs and retries the exact same operation ID (3.675583ms)
✔ commit followed by readback failure remains unconfirmed until a read proves the same record (2.690416ms)
✔ work must belong to the current production order and expected time must be valid (4.315292ms)
✔ read failure retains a draft and does not treat unavailable records as a normal empty history (2.432417ms)
✔ old logs are retained, but never assigned to a new production order by inference (2.160459ms)
✔ FLOW graph late: full lifecycle keeps allocation, execution and four post stages (4.393875ms)
✔ FLOW graph normal: full lifecycle keeps allocation, execution and four post stages (4.793334ms)
✔ FLOW graph complete: full lifecycle keeps allocation, execution and four post stages (3.184209ms)
✔ FLOW graph completeLate: full lifecycle keeps allocation, execution and four post stages (6.3465ms)
✔ FLOW graph completeUnknown: full lifecycle keeps allocation, execution and four post stages (2.345ms)
✔ FLOW graph partial: full lifecycle keeps allocation, execution and four post stages (1.699958ms)
✔ FLOW graph reordered: full lifecycle keeps allocation, execution and four post stages (4.182708ms)
✔ FLOW graph reachedLate: full lifecycle keeps allocation, execution and four post stages (1.922166ms)
✔ FLOW graph positioning: full lifecycle keeps allocation, execution and four post stages (0.354125ms)
✔ FLOW graph prepPending: full lifecycle keeps allocation, execution and four post stages (0.323375ms)
✔ FLOW graph sampleLate: full lifecycle keeps allocation, execution and four post stages (1.83575ms)
✔ FLOW graph samplePending: full lifecycle keeps allocation, execution and four post stages (3.205792ms)
✔ FLOW graph fullContract: full lifecycle keeps allocation, execution and four post stages (4.330125ms)
✔ FLOW graph materialBatches: full lifecycle keeps allocation, execution and four post stages (0.620958ms)
✔ FLOW graph materialPartial: full lifecycle keeps allocation, execution and four post stages (0.522666ms)
✔ FLOW graph live: full lifecycle keeps allocation, execution and four post stages (3.955083ms)
✔ FLOW graph unknown: full lifecycle keeps allocation, execution and four post stages (0.719667ms)
✔ FLOW graph unassigned: full lifecycle keeps allocation, execution and four post stages (2.331709ms)
✔ FLOW graph sameFactory: full lifecycle keeps allocation, execution and four post stages (2.909583ms)
✔ FLOW graph handoverPartial: full lifecycle keeps allocation, execution and four post stages (0.867791ms)
✔ FLOW live: QC, processing, recheck quantities have distinct current positions while history remains (0.867083ms)
✔ FLOW full contract: scopes and execution documents stay distinct from cumulative contract milestones (0.211ms)
✔ FLOW delivery: outgoing without warehouse receipt keeps waiting clock active (0.146917ms)
✔ FLOW one post work order shares projects, quantity and clock without per-project chains (0.86375ms)
✔ FLOW bypass records go from completed QC directly to delivery, without fabricated processing or recheck (0.451958ms)
✔ FLOW summary cards distinguish pending, unknown, historical and current states without invented SLA (4.267334ms)
✔ FLOW mixed QC, processing and recheck quantities are summarized as post handling rather than processing (1.077167ms)
✔ FLOW pending inspection and recheck are not started rather than unknown, consistently with rails (0.141375ms)
✔ FLOW pending document cards and summaries describe unstarted clocks rather than missing times (0.961584ms)
✔ FLOW document modal has one project block for its single processing order (0.452875ms)
✔ COPY developer round: unknown purchase keeps allocation and execution responsibilities unverified (0.095042ms)
✔ COPY developer round: mixed post history and active work both remain visible (0.069167ms)
✔ COPY developer round: partial warehouse quantity is not a completed stage (1.189792ms)
✔ COPY developer round: process start and quantity appear once, QC uses its own business action (0.39ms)
✔ FLOW-MOCK-001: all 20 scenarios retain source facts with documented COPY-211 cutting correction (24.853833ms)
✔ FLOW-MOCK-002: every early-stage scenario has an honest full-flow skeleton and unknown purchase has no invented work (0.518167ms)
✔ FLOW-MOCK-003: allocation and actual sewing are distinct and each of the three contract scopes has only its applicable steps (0.403208ms)
✔ FLOW-MOCK-004: batches partition original receipts within each task and each source receipt exactly once (0.320833ms)
✔ FLOW-MOCK-005: actual positions preserve warehouse, delivery, processing aggregate amounts and explicit unknown remainder (0.175959ms)
✔ FLOW-MOCK-006: current QC, processing, recheck, delivery and warehouse positions have distinct document facts (0.323625ms)
✔ FLOW-MOCK-007: batch event chronology is ordered and all recorded actual events precede the fixed viewing time (1.048542ms)
✔ FLOW-MOCK-008: completed orders keep complete post history and missing last inbound time is never fabricated (0.085167ms)
✔ FLOW-MOCK-009: factory-contracted packing is not assigned again in post, and the no-post-processing route is explicit (0.308ms)
✔ FLOW-MOCK-010: every new document is task scoped, batch scoped when applicable, and has valid same-scene relationships (1.434208ms)
✔ FLOW-MOCK-011: independent sewing keeps all applicable post items inside one processing document and one overall clock (0.33075ms)
✔ FLOW-MOCK-012: each batch has at most one post-processing document with the prototype item, status, quantity and timing contract (1.533ms)
✔ FLOW-MOCK-013: actual quality results generate only applicable processing, completion generates recheck, and no processing goes straight to warehouse delivery (0.211833ms)
✔ COPY-211: full contract scope does not duplicate in-house cutting or release (0.108667ms)
✔ every sewing and post-finishing document type opens its actual native module detail (94.92775ms)
✔ sewing task execution preserves the matching contract rather than entering the allocation workbench (4.273583ms)
✔ post-finishing QC and recheck retain their own task results, batches, and downstream documents (15.627584ms)
✔ post delivery shows actual outgoing and finished-goods receipt separately (8.780333ms)
✔ completed orders retain the recorded post-finishing document history (3.282625ms)
✔ unknown or wrongly routed full-flow documents do not produce invented detail pages (0.522375ms)
✔ recorded finished-goods receipt without its time stops the handover clock rather than creating current waiting (1.0125ms)
✔ clock completion matches its own final business event across work and handover (0.266458ms)
✔ native post document uses the same Chinese current-position label as the diagram (15.402542ms)
✔ explicitly pending work is not mislabeled as missing actual start time in native clocks (0.47025ms)
✔ native post work detail keeps one project set, one clock and classified quantities (0.249708ms)
✔ post recheck describes SKU quantity and barcode verification rather than a second quality inspection (0.275208ms)
✔ original post work documents preserve their recorded completed quantities without requiring new project fields (1.079958ms)
✔ delivery awaiting warehouse receipt is not described as an unfinished upstream prerequisite (0.263875ms)
✔ completed late work and unfinished overdue work remain different in management and the actual source detail (43.622333ms)
✔ a late reached contract is a ended node, and future unreached targets are not current debt (25.524958ms)
✔ missing allocation date or factory actual pickup keeps unknown distinct from an on-time contract (33.026333ms)
✔ source contract deadline uses allocation day as day 1 even when business date contains a clock time (29.611708ms)
✔ full warehouse quantities without last receipt time never imply an on-time result or enter the rate denominator (18.530916ms)
✔ purchase association unknown never asserts that production has not been created or begun (1.324ms)
✔ sample timing is by actual handout date and remains separate from approval result (21.369834ms)
✔ completed whole-order elapsed time stops at final warehouse receipt; export names quantities and states precisely (17.042375ms)
✔ zero actual pickup is a known zero awaiting a contract denominator, not a missing value or automatic achievement (26.703334ms)
✔ missing execution evidence does not imply that material has not arrived or that work is confirmed overdue (3.494667ms)
✔ POST-FOLD late: post work is nested and the sewing label is unified (3.698416ms)
✔ POST-FOLD normal: post work is nested and the sewing label is unified (3.4545ms)
✔ POST-FOLD complete: post work is nested and the sewing label is unified (1.508459ms)
✔ POST-FOLD completeLate: post work is nested and the sewing label is unified (5.215541ms)
✔ POST-FOLD completeUnknown: post work is nested and the sewing label is unified (1.292625ms)
✔ POST-FOLD partial: post work is nested and the sewing label is unified (1.643083ms)
✔ POST-FOLD reordered: post work is nested and the sewing label is unified (4.198667ms)
✔ POST-FOLD reachedLate: post work is nested and the sewing label is unified (1.839ms)
✔ POST-FOLD positioning: post work is nested and the sewing label is unified (0.353875ms)
✔ POST-FOLD prepPending: post work is nested and the sewing label is unified (0.380625ms)
✔ POST-FOLD sampleLate: post work is nested and the sewing label is unified (1.611833ms)
✔ POST-FOLD samplePending: post work is nested and the sewing label is unified (1.425667ms)
✔ POST-FOLD fullContract: post work is nested and the sewing label is unified (1.9455ms)
✔ POST-FOLD materialBatches: post work is nested and the sewing label is unified (0.287792ms)
✔ POST-FOLD materialPartial: post work is nested and the sewing label is unified (0.249666ms)
✔ POST-FOLD live: post work is nested and the sewing label is unified (2.618042ms)
✔ POST-FOLD unknown: post work is nested and the sewing label is unified (0.712708ms)
✔ POST-FOLD unassigned: post work is nested and the sewing label is unified (2.627667ms)
✔ POST-FOLD sameFactory: post work is nested and the sewing label is unified (2.353041ms)
✔ POST-FOLD handoverPartial: post work is nested and the sewing label is unified (0.369834ms)
✔ POST-TIME: completed and active work show actual times and longest own clock without inventing an SLA (0.428625ms)
✔ POST-TIME: known document requirements distinguish unfinished late work from completed late history (0.186958ms)
✔ PAGE-001 / SCENE-17 / 20: 19 unique production orders plus one purchase awaiting association preserve the 19 accepted base scenes (2.42775ms)
✔ MASTER-001 / SCENE-07: reversing purchase order input retains earliest precise start and 28-day deadline (0.475667ms)
✔ MASTER-002: full warehouse completion at the exact deadline is timely; one minute later is late (0.303959ms)
✔ SCENE-03—05: warehouse facts establish completion separately from final timestamp and stale upstream records (0.302917ms)
✔ SCENE-06 / 16 / 18: quantity positions conserve pieces while missing position and task ownership remain distinct (5.301375ms)
✔ CONTRACT-002 / SCENE-13: three return contracts use calendar days including Sunday and their actual held quantities (1.311125ms)
✔ SCENE-19: B factory total 40% cannot cover the independently overdue B01 task (1.063042ms)
✔ SCENE-02 / 08: timely returns and late reached milestone differ from a currently overdue unmet milestone (0.922292ms)
✔ SCENE-09 / 10: preparation is a parallel four/five-day stage with separately recorded production and handover (5.380292ms)
✔ SCENE-11 / 12: sample date is pickup plus three; failed or unsubmitted sample does not move the return deadline (3.500083ms)
✔ SCENE-14: stock 600 meters advances before the independent 900-meter purchase batch, with three work/handover records each (1.484291ms)
✔ SCENE-15: known 600-meter receipt is preserved while the 900-meter purchase remains unknown and currently late (0.52725ms)
✔ SCENE-20: partial factory handover retains 2400 sleeve pieces received and 600 disputed without closing the handover or converting to garments (0.888625ms)
✔ SCENE-01: completed preparation/material delays remain history while sleeve work has a current 600-piece gap (2.249041ms)
✔ PREP / CRAFT: auxiliary work is three days each; bulk dye/print/wash and handovers have no invented SLA (1.641667ms)
✔ SOURCE / UI: document IDs, related ownership, native routes and source summaries are coherent without read mutation (27.265834ms)
✔ SOURCE: there are no future actual events or reversed processing/handover times in the fixed demonstration (3.179834ms)
✔ SCENE late: expanded accepted diagram retains its business nodes and source documents (0.887416ms)
✔ SCENE normal: expanded accepted diagram retains its business nodes and source documents (0.955459ms)
✔ SCENE complete: expanded accepted diagram retains its business nodes and source documents (0.790292ms)
✔ SCENE completeLate: expanded accepted diagram retains its business nodes and source documents (1.157584ms)
✔ SCENE completeUnknown: expanded accepted diagram retains its business nodes and source documents (0.696041ms)
✔ SCENE partial: expanded accepted diagram retains its business nodes and source documents (3.012291ms)
✔ SCENE reordered: expanded accepted diagram retains its business nodes and source documents (2.346ms)
✔ SCENE reachedLate: expanded accepted diagram retains its business nodes and source documents (1.1335ms)
✔ SCENE positioning: expanded accepted diagram retains its business nodes and source documents (0.258667ms)
✔ SCENE prepPending: expanded accepted diagram retains its business nodes and source documents (0.225458ms)
✔ SCENE sampleLate: expanded accepted diagram retains its business nodes and source documents (0.925167ms)
✔ SCENE samplePending: expanded accepted diagram retains its business nodes and source documents (1.026334ms)
✔ SCENE fullContract: expanded accepted diagram retains its business nodes and source documents (1.241709ms)
✔ SCENE materialBatches: expanded accepted diagram retains its business nodes and source documents (0.514833ms)
✔ SCENE materialPartial: expanded accepted diagram retains its business nodes and source documents (0.351334ms)
✔ SCENE live: expanded accepted diagram retains its business nodes and source documents (0.935292ms)
✔ SCENE unknown: expanded accepted diagram retains its business nodes and source documents (0.098958ms)
✔ SCENE unassigned: expanded accepted diagram retains its business nodes and source documents (0.883208ms)
✔ SCENE sameFactory: expanded accepted diagram retains its business nodes and source documents (1.233ms)
✔ SCENE handoverPartial: expanded accepted diagram retains its business nodes and source documents (1.735334ms)
✔ PREP-005: supplemental scene retains disabled and change-ended documents without creating active clocks or blocking valid preparation (1.356583ms)
✔ timing documents resolve directly at their native route with the same shared static facts (449.156708ms)
✔ source detail does not resolve unrelated records or a registered record at a wrong module path (0.159375ms)
✔ a handover belongs to its original outgoing work rather than a linked next process (0.112875ms)
✔ contract details retain natural-day deadlines and late achievement history (0.381416ms)
✔ partially received material retains unknown purchase receipt instead of inventing zero or full stock (0.2245ms)
✔ production preparation details include parallel requirements and BOM quantities (0.525625ms)
✔ work remaining quantity follows known required and completed quantities in the same unit (0.741667ms)
✔ missing factory sample uses the recorded requirement date and keeps sample approval outside return milestones (0.153458ms)
✔ purchase-only scenario resolves to the existing merchandise purchase and pending-purchase backlink (0.12025ms)
✔ finished-goods detail distinguishes latest partial receipt from full completion time (0.328459ms)
✔ unknown timing standard is amber verification, never a red confirmed-overdue result (0.234417ms)
✔ MIGRATE-001: direct production/pending detail paths have their own active tab identity; discarded tasks/examples/team details are absent (0.562708ms)
✔ MIGRATE-001: stored DDS tabs prune discarded addresses, retain unrelated tabs and correct the live production title without touching input (0.503959ms)
(node:37969) ExperimentalWarning: localStorage is not available because --localstorage-file was not provided.
(Use `node --trace-warnings ...` to show where the warning was created)
✔ VERIFY-003: scoped reads preserve pending/voided sources and defensive copies (3.364583ms)
✔ VERIFY-003: metadata lookup reflects registry changes and returns independent locations (5.459541ms)
✔ 备份恢复不能借原票编号伪造另一种面料的交出回执 (0.942834ms)
(node:37971) ExperimentalWarning: localStorage is not available because --localstorage-file was not provided.
(Use `node --trace-warnings ...` to show where the warning was created)
✔ 换片票文案不显示内部路径，扫码身份和原票号保持 (2.567875ms)
✔ 打印结果选票行使用业务名称区分生产单、面料和颜色，保留原勾选身份 (0.383709ms)
✔ 任务单使用可识别的物料编码，内部技术资料键不进入文字、图片标题和无障碍名称 (1.151708ms)
✔ 换片布固定演示：四个新增生产单覆盖部分打印、补打、交出备用及失效票 (0.994083ms)
✔ 部位票缓存感知已提交事件版本，重复读取同一版本不失效 (0.732625ms)
✔ 按名称排朴，空名拒绝，同名不同编码/颜色保留独立身份 (0.635916ms)
✔ 初始每面料一张，重复分配幂等；新增与补打不混淆 (0.667625ms)
✔ 改派未交票失效，已交历史不抹除，新范围递增序号 (0.507834ms)
✔ 部分出纸仅确认勾选票；重复确认不增加次数，内容变化拒绝 (0.131ms)
✔ 整个批次多袋并集检查，非本次袋不可借用，顺序无关 (0.557792ms)
✔ 同任务同工厂历史可满足；不同任务或换厂必须另交 (0.410584ms)
✔ 三方自行裁剪排除，资料缺失与无需面料分开判断 (0.123041ms)
✔ 混装按类型和单位分项，换片布不能拆成非5 Yard (0.244625ms)
✔ 局域网 HTTP 的摘要与原生 SHA-256 相同，既有票号不变化 (16.472583ms)
(node:37977) ExperimentalWarning: localStorage is not available because --localstorage-file was not provided.
(Use `node --trace-warnings ...` to show where the warning was created)
✔ 混装打印保留裁片矩阵，捆条和换片布独立附页，不合并单位 (1.092958ms)
✔ 纯换片布袋可生成货物标识，不制造尺码和部位 (0.114625ms)
✔ 混装标签拒绝换片布错误长度、作废票和混生产单 (0.666375ms)
✔ 旧业务存储不可读时仍用已提交的原装袋周期打印三类货物 (1.116708ms)
✔ 生产单按单记录；变更一单不重写其他单和任务 (2.749166ms)
✔ 运行任务独立保存覆盖、拆分、合并、改派及序号，往返保留身份 (0.789833ms)
✔ 有效分配索引、独立记录、审计及序号完整往返，拒绝重复身份和损坏格式 (1.940333ms)
✔ 拒绝空字符串，不吞掉损坏记录 (0.232ms)
✔ 拒绝数组根，不吞掉损坏记录 (0.258625ms)
✔ 拒绝生产单数组实体，不吞掉损坏记录 (0.620583ms)
✔ 拒绝生产单空编号，不吞掉损坏记录 (0.115625ms)
✔ 拒绝生产单损坏快照，不吞掉损坏记录 (0.054292ms)
✔ 拒绝任务覆盖数组，不吞掉损坏记录 (0.066333ms)
✔ 拒绝任务覆盖身份，不吞掉损坏记录 (0.090917ms)
✔ 拒绝拆分来源身份，不吞掉损坏记录 (0.053584ms)
✔ 拒绝拆分子项损坏，不吞掉损坏记录 (0.055875ms)
✔ 拒绝合并明细损坏，不吞掉损坏记录 (0.045792ms)
✔ 拒绝改派任务身份，不吞掉损坏记录 (0.036334ms)
✔ 拒绝不安全序号，不吞掉损坏记录 (0.02925ms)
✔ 拒绝重复Map键，不吞掉损坏记录 (0.034458ms)
✔ 拒绝current非数组，不吞掉损坏记录 (0.033791ms)
✔ 拒绝current孤儿，不吞掉损坏记录 (0.032625ms)
✔ 拒绝current跨任务，不吞掉损坏记录 (0.031541ms)
✔ 拒绝current重复引用，不吞掉损坏记录 (0.027625ms)
✔ 拒绝审计孤儿，不吞掉损坏记录 (0.029833ms)
✔ 已保存实体损坏编号、缺少meta或重复meta不能伪造正常空源 (0.158625ms)
✔ 未登记key及空白JSON拒绝；null明确代表没有覆盖 (0.054542ms)
✔ 备份校验拒绝未知来源集合、伪造迁移身份及丢失检查点实体 (0.603458ms)
✔ 四类静态运行任务的删除标记完整往返，拒绝混入业务字段或假删除 (0.174167ms)
✔ 分配副产物按实体保存；合同、样衣及PPIC责任保留独立序号 (1.369708ms)
✔ 拒绝缺失渲染必需快照的合同，防止迁移清源后才暴露损坏 (0.080958ms)
✔ 关联实体损坏拒绝 unknown:X (0.051875ms)
✔ 关联实体损坏拒绝 material-context:A (0.033458ms)
✔ 关联实体损坏拒绝 return-sequence:value (0.034542ms)
✔ 关联实体损坏拒绝 sla-current:T (0.026333ms)
✔ 生产创建匹配来源按生产单身份校验并完整恢复 (0.224ms)
✔ 工厂结束事实只允许明确任务、操作人和时间 (1.076833ms)
✔ 既有招标定标记录保留真实来源编号并校验价格与操作人 (0.153208ms)
✔ 开工交出单头只包含首次零交出事实，拒绝伪造数量和身份 (0.170083ms)
(node:37979) ExperimentalWarning: localStorage is not available because --localstorage-file was not provided.
(Use `node --trace-warnings ...` to show where the warning was created)
✔ 同分配的同名 A/B 面料分别新增和打印；第二面料不被第一范围替代 (80.565417ms)
(node:37980) ExperimentalWarning: localStorage is not available because --localstorage-file was not provided.
(Use `node --trace-warnings ...` to show where the warning was created)
✔ 分配 SKU 的需料不同；多尺码共料去重，名称含朴排除 (1.404708ms)
✔ 完整但全是朴为空集合；缺颜色映射或空名称属于资料错误 (0.870917ms)
✔ 同名不同编码面料不混并；BOM 身份歧义阻断 (0.255166ms)
✔ 交出回执从快照保留三种明细，Yard 与米不进入裁片数量 (0.62075ms)
✔ 回执任务读取保持数组身份；只在事实变更后重新投影 (1.854667ms)
✔ 款式需料读取的配置查询只返回独立副本，不能污染下次来源读取 (0.848292ms)
✔ 来源读取失败时不能把不可用哨兵值当作稳定分配继续保存 (0.386625ms)
✔ 历史裁片实交保留原数量与归属，其他集合不混入 (0.63075ms)
✔ 历史缺原版本、交错明细、负数量或记录身份错误均阻断恢复 (0.269708ms)
✔ 面辅料单不可写入退役裁片历史，未完成迁移标记不可恢复 (0.093125ms)
✔ 并发调用复用同一个模块加载 Promise，成功后继续复用结果 (0.69875ms)
✔ 模块加载失败后清空缓存，下一次调用可以重试 (0.24875ms)
(node:37983) ExperimentalWarning: localStorage is not available because --localstorage-file was not provided.
(Use `node --trace-warnings ...` to show where the warning was created)
✔ CONTRACT-005: native legacy task fixture exposes the actual missing allocation date at PDA and progress board entries (1058.230417ms)
(node:37984) ExperimentalWarning: localStorage is not available because --localstorage-file was not provided.
(Use `node --trace-warnings ...` to show where the warning was created)
✔ CONTRACT-002: later factory acceptance retains its fact without postponing business allocation deadlines (0.796292ms)
✔ CONTRACT-002: missing business allocation time produces a visible verification gap instead of acceptance-based deadlines (0.174541ms)
✔ CONTRACT-002: historical acceptance-based snapshots remain intact but cannot establish current contract deadlines (0.269709ms)
✔ CONTRACT-002: shared PDA and progress board show missing allocation dates without claiming zero-receipt tasks are complete (0.655875ms)
✔ CONTRACT-002: confirmed dates still show the next contractual node and complete only after all 100 pieces are received (0.410666ms)
✔ CONTRACT-002: outsourcing tracking uses allocation dates for tender tasks and marks missing dates as unverified (12.002416ms)
(node:37986) ExperimentalWarning: localStorage is not available because --localstorage-file was not provided.
(Use `node --trace-warnings ...` to show where the warning was created)
✔ 刷新时静态样衣命令重建不重放到已移交的持久用户状态，构造失败恢复输入 (4.808292ms)
✔ 独立打印外壳只命中完整生产确认单打印路由 (0.556834ms)
✔ 既有固定打印路由仍使用独立打印外壳 (0.097375ms)
(node:37988) ExperimentalWarning: localStorage is not available because --localstorage-file was not provided.
(Use `node --trace-warnings ...` to show where the warning was created)
✔ TP-ID-002: FCS live hydration cannot change the static 26 identities or their numeric sequence (11.773167ms)
✔ TP-DATA-001: baseline has 20 actual complete formal versions and three plus three draft review states (1.258208ms)
✔ TP-ROUTE-001: all twenty formal routes have three resolvable dye→print→wash chains and five two-craft pieces (163.189875ms)
✔ TP-ID-001: ID is persisted independent of ordering and next identity uses the global maximum (6.895541ms)
✔ TP-LEGACY-001: exact old static copies project read-only, preserve source identities and preserve changed records or content (5.206167ms)
✔ TP-LEGACY-002: repository reads old demo without writes; new legacy-source creation is rejected (330.618459ms)
✔ TP-LEGACY-003: early release content upgrades after person maintenance but genuine technical edits remain intact (3.376792ms)
✔ TP-PAGE-001: route rendering preserves stored IDs and hides objects without additional processing (107.281083ms)
✔ TP-PERSON-001: valid maintenance retains published content, records a log, and rejects wrong-role candidates (313.677583ms)
✔ technical version working-copy reads do not write and failed staging preserves data (first visit) (340.071542ms)
✔ technical version working-copy reads do not write and failed staging preserves data (saved data) (407.619125ms)
[PMS_IDB_LOAD_FAILED] { message: '当前浏览器不支持 IndexedDB,PMS 业务数据无法持久化。' }
✔ 五类页面共享采购到交出的串联 Mock，重复初始化不重置执行事实 (237.52975ms)
✔ 补齐串联 Mock 时压缩历史大签名，避免浏览器存储接近上限导致页面路由失败 (264.499917ms)
✔ 三个中央工厂在组织目录与执行工厂中身份一致且仅出现一次 (0.456459ms)
✔ 花边角色与采购映射归属TMF但供应方仍保留独立身份 (0.077917ms)
✔ 橡筋定长切割仍归SPF，不成为TMF织带截断任务 (0.086375ms)
✔ 旧浏览器组织记录迁移后不与权威TMF并存且保留已有联系人 (6.349167ms)
(node:37995) ExperimentalWarning: localStorage is not available because --localstorage-file was not provided.
(Use `node --trace-warnings ...` to show where the warning was created)
✔ 连续织带实际650米交出→648+2实收→染色可用650，仓库和用料保持米制且无公斤换算 (15.022209ms)
✔ 连续长度口径不可用于纱线/码制，普通辅料仍要求实际称重 (2.554583ms)
✔ 原生连续辅料染色650→640：实际工厂实收及用料驱动加工，使用对象对应蓝色织带参考图 (459.070208ms)
✔ 织带与绳子参考档案接入实际物料库，保留图片来源和未确认尺寸，不替换橡筋 (145.787625ms)
✔ 同分钟新建不同幅宽织带和绳径主档不共用 SPU 身份，SKU 保持各自父档与主单位 (20.44375ms)
✔ TMF半成品SKU按SPU→潘通色号→颜色→花型生成，长度和端头不进入SKU (0.147584ms)
(node:37998) ExperimentalWarning: localStorage is not available because --localstorage-file was not provided.
(Use `node --trace-warnings ...` to show where the warning was created)
✔ TMF发布采用链：技术包发布门禁→审核发布→启用→生产单采用→生成织带加工需求 (1566.642333ms)
✔ TMF发布门禁：含织带截断工序但规格未补齐的采用版本不能发布 (429.654958ms)
✔ 正式生产路线只关联相邻同BOM同SKU的染色→印花，不生成数量或修改来源 (0.871333ms)
✔ 跨单/版本/工序/用途/SKU/单位、缺工厂与已有其他接收单都不能接续 (0.554708ms)
✔ 印花连续辅料仅接同版本同BOM的直接截断节点，不修改SKU和数量 (1.327333ms)
✔ 染色来源已绑定印花时拒绝直接截断，不读取不存在的顶层字段 (0.500833ms)
✔ TMF V1 原型范围、工厂身份和现场默认参数已冻结 (0.660625ms)
✔ TMF 风险动作默认要求主管与二次确认，采购行身份不可丢失 (0.064208ms)
[PMS_IDB_LOAD_FAILED] { message: '当前浏览器不支持 IndexedDB,PMS 业务数据无法持久化。' }
[PMS_IDB_UNAVAILABLE] put 跳过,数据仅保留在内存 { store: 'pmsMaterialPurchaseOrderDeltas', key: 'CGF-2026-0007' }
[PMS_IDB_UNAVAILABLE] put 跳过,数据仅保留在内存 { store: 'pmsMaterialPurchaseOrderDeltas', key: 'CGF-2026-0009' }
[PMS_IDB_UNAVAILABLE] put 跳过,数据仅保留在内存 { store: 'pmsMaterialPurchaseOrderDeltas', key: 'CGF-2026-0009' }
{"scenario":"N02","scope":"业务动作主链含纱线重量账；含端头辅材采购实收；不含PCS发布采用页面、纱线采购上游","purchaseReceived":1300,"productionReceived":1000,"warehouseContinuousM":30,"netCutM":1260,"lossM":10,"headUnit":"个","headReceived":2020,"headRemaining":15}
[PMS_IDB_UNAVAILABLE] put 跳过,数据仅保留在内存 { store: 'pmsMaterialPurchaseOrderDeltas', key: 'CGF-2026-0010' }
[PMS_IDB_UNAVAILABLE] put 跳过,数据仅保留在内存 { store: 'pmsMaterialPurchaseOrderDeltas', key: 'CGF-2026-0010' }
{"scenario":"N03","scope":"业务动作主链含纱线重量账；含端头辅材采购实收；不含PCS发布采用页面、纱线采购上游","purchaseReceived":60,"productionReceived":100,"warehouseContinuousM":9,"netCutM":50,"lossM":1,"headUnit":"个","headReceived":202,"headRemaining":1}
[PMS_IDB_UNAVAILABLE] put 跳过,数据仅保留在内存 { store: 'pmsMaterialPurchaseOrderDeltas', key: 'CGF-2026-0011' }
[PMS_IDB_UNAVAILABLE] put 跳过,数据仅保留在内存 { store: 'pmsMaterialPurchaseOrderDeltas', key: 'CGF-2026-0011' }
{"scenario":"N04","scope":"业务动作主链含纱线重量账；含端头辅材采购实收；不含PCS发布采用页面、纱线采购上游","purchaseReceived":100,"productionReceived":50,"warehouseContinuousM":34,"netCutM":65,"lossM":1,"headUnit":"kg","headReceived":0.2,"headRemaining":0.04}
[PMS_IDB_UNAVAILABLE] put 跳过,数据仅保留在内存 { store: 'pmsMaterialPurchaseOrderDeltas', key: 'CGF-2026-0012' }
[PMS_IDB_UNAVAILABLE] put 跳过,数据仅保留在内存 { store: 'pmsMaterialPurchaseOrderDeltas', key: 'CGF-2026-0012' }
{"scenario":"B06","scope":"规范数量动作链；塑料头从仓库实收事实开始，补购基础生产未虚构纱线配方；不代表全部页面验收","continuous":9,"productionReceived":1000,"scrapped":100,"scrappedMeters":120,"loss":11,"metalRemaining":15,"plasticRemaining":2}
{"scenario":"N05","mergedBatch":"FULL-N05-MERGED","purchaseReceivedM":120,"mergedIssuedM":102,"mergedProducedPieces":200,"productionReceivedByOrder":[100,100],"warehouseContinuousM":19,"lossM":1,"returnedM":1}
{"scenario":"B17","mergedBatch":"FULL-B17-MERGED","purchaseReceivedM":120,"mergedIssuedM":102,"mergedProducedPieces":200,"productionReceivedByOrder":[100,100],"warehouseContinuousM":19,"lossM":1,"returnedM":1}
{"scenario":"N01","rawReceivedKg":12,"consumedKg":10,"returnedKg":1,"factoryRemainingKg":1,"semiFinishedReceivedM":1000}
{"scenario":"N02","rawReceivedKg":12,"consumedKg":10,"returnedKg":1,"factoryRemainingKg":1,"semiFinishedReceivedM":1300}
{"scenario":"N03","rawReceivedKg":12,"consumedKg":10,"returnedKg":1,"factoryRemainingKg":1,"semiFinishedReceivedM":60}
{"scenario":"N04","rawReceivedKg":12,"consumedKg":10,"returnedKg":1,"factoryRemainingKg":1,"semiFinishedReceivedM":100}
{"scenario":"N05","rawReceivedKg":12,"consumedKg":10,"returnedKg":1,"factoryRemainingKg":1,"semiFinishedReceivedM":120}
{"scenario":"PRINTBACK-source-fixture","nativePrint":{"inputM":650,"outputM":630,"lossM":20,"outputImage":"MISSING_BLOCKED"},"sourceDispatched":630,"actualReceived":630,"cutMeters":620,"lossMeters":2,"returnedMeters":8,"baseLeftMeters":350,"scope":"原生印花650→630已独立重放；下游630米交出仍为专项夹具，不替代缺图正式交出或N01完整上游"}
{"scenario":"B09-downstream-recovery","basePhysicalM":350,"otherReservedM":350,"baseAvailableM":0,"processedReturnM":8,"productionPieces":[400,600],"scope":"含实际占用失败、释放、发料及印花回料后全链；原生印染20米损耗未执行，不是完整B09通过"}
{"scenario":"B05-cut-recovery","received":[400,600],"frozenPieces":10,"frozenLengthMm":500,"continuous":2.5,"cutLoss":2.5,"upstreamScope":"印花630米已交出为外部专项夹具，不冒充原生印染20米损耗或全N01"}
(node:38002) ExperimentalWarning: localStorage is not available because --localstorage-file was not provided.
(Use `node --trace-warnings ...` to show where the warning was created)
✔ N01～N05：通过现有 PMS 入口下达，每条采购链从零执行到仓库实收；交出不提前增加库存 (15.524875ms)
✔ 半成品加工没有原料实收和足量耗用时禁止产出，补齐同一原料链后才能填报 (3.768ms)
✔ MOCK-007：规范场景使用同一采购行、基础单和生产需求身份，不复制孤立页面 Mock (3.522666ms)
✔ MOCK-009：重置只重载隔离的运行态，不清除用户浏览器数据 (0.698333ms)
✔ B01/B03：短收保留在途和采购缺口；重复扫描、生成和刷新不双记 (1.523125ms)
✔ B02/B04：多收、错 SKU、错仓和无权限动作不改变任意下游数量；恢复后正常收齐 (3.59425ms)
✔ OVR-001～003：超产与超收须主管二次确认，计划不扩、幂等且下游一致 (5.290042ms)
✔ MASTER-001～003/005：采购与端头采购映射原型内建主档，缺失阻断且身份稳定 (5.407291ms)
✔ MASTER-004：映射前历史记录保留原快照与未映射标记，不批量改写 (0.295917ms)
✔ TERM-001～005：取消后终止处置台逐项决定，未处置不得结案且数量对账守恒 (14.441625ms)
✔ 终止连续余料：实物余量只扣一次报废，拒绝超量且剩余数量可继续处置 (4.07325ms)
✔ GAP-TERM-004：上游未收与生产在途分别确认去向，不可重复登记 (0.694458ms)
✔ DYE-001～003：染色直交织带厂按实际交出分配实收，追溯原染色单且不重复扣料 (422.92975ms)
✔ 采购追加：未开始同步计划，已执行保留原计划和实物并处理变更 (5.550584ms)
✔ B21：保存失败不报成功、不留部分库存；成功后刷新读取同一采购和收货事实 (1.349333ms)
✔ 采购→两种规格截断→拆包回仓→分配发料→生产实收：短收保留缺口，库存及采购不双记 (27.955666ms)
✔ B09：其他需求占用400米时不能再占650；释放50后恢复，错误发料不改变库存 (5.876958ms)
✔ 需求来源：同尺码不同成衣SKU分别保留，BOM适用范围生效，错误快照和重复工序阻断 (0.446459ms)
✔ 待打头条料不计合格产出；超公差实物记不良且照实扣下料当量，未实收不可截断 (31.85075ms)
✔ N04：采购100米→单端硅胶按kg实耗→回仓发料→生产实收50根，连续料剩34米 (26.132333ms)
✔ B15：截断后取消保留1000根在制和1260米当量，释放未发占用并只退连续余料 (24.0465ms)
✔ 已回仓部分发料后取消：释放未发分配，冻结实存，已发在途保留且实收不恢复需求 (20.785166ms)
✔ N02规范数值：采购→实际加工→生产实收及米料/辅材退仓整链 (77.169083ms)
✔ N03规范数值：采购→实际加工→生产实收及米料/辅材退仓整链 (64.223083ms)
✔ N04规范数值：采购→实际加工→生产实收及米料/辅材退仓整链 (64.159084ms)
✔ B06规范恢复：误装100根报废→补购100米并补做→生产实收1000根，三套实物账守恒 (136.530584ms)
✔ N05合并批：120米采购→102米合并投入→两生产单各实收100，B17独立副本拆100为40+60 (88.173875ms)
✔ B17合并批：120米采购→102米合并投入→两生产单各实收100，B17独立副本拆100为40+60 (104.59275ms)
✔ N01～N05基础原料重量账：源仓实收→发出→工厂实收→耗用/余料→原仓实收，与米制产出独立 (240.116084ms)
✔ 主生产单暂停/取消直接限制织带执行，已发实收保留且取消处置释放未发占用 (76.598917ms)
✔ 冷启动及旧标签页均读取已保存主单限制，损坏来源不默许执行 (0.315584ms)
✔ 印花交出按两种长度分配，原单分次实收唯一记账，随后截断/回仓/领料守恒 (400.007542ms)
✔ 主单离页保存保留其他页取消及新增单，同单并发编辑和存储失败不覆盖 (3.317416ms)
✔ 技术包换版后旧规格冻结，已交出的仓库及生产在途可实收且不改旧长度 (69.924333ms)
✔ 未发料换版释放旧占用，新需求从备料至生产实收，旧预览和已执行重算阻断 (101.791542ms)
✔ 已加工换版：旧200条冻结并释放未发分配，新550/700mm需求实收1000条，旧预览失效且库存守恒 (156.561458ms)
✔ B05实际410/590错配：短条余量冻结，连续余料8米补10条700mm至两规格生产实收 (239.246666ms)
✔ 加工计划时间独立保存：明确时区、并发版本阻断、实际节点不倒推开完工且库存不变 (30.679333ms)
✔ 加工单费用按技术包需求计价：单位、币种和版本可追溯，库存与实收不被费用动作改变 (20.947334ms)
✔ 织带加工单没有接单或开工门禁，投入实收后可直接加工填报 (61.703417ms)
✔ B23未执行采购1000减900：版本留痕、旧预览阻断、重新确认接受后900实际生产实收 (60.442333ms)
✔ B24实收1000退100：仓库交出与TMF分次实收独立，原收保留且净900后减量 (98.188584ms)
✔ 采购取消门禁：无执行事实可取消，已收货或已生产必须先处置不能直接结案 (51.386541ms)
[PMS_IDB_LOAD_FAILED] { message: '当前浏览器不支持 IndexedDB,PMS 业务数据无法持久化。' }
[PMS_IDB_UNAVAILABLE] put 跳过,数据仅保留在内存 { store: 'pmsMaterialPurchaseOrderDeltas', key: 'CGF-2026-0007' }
[PMS_IDB_LOAD_FAILED] { message: '当前浏览器不支持 IndexedDB,PMS 业务数据无法持久化。' }
[PMS_IDB_LOAD_FAILED] { message: '当前浏览器不支持 IndexedDB,PMS 业务数据无法持久化。' }
[PMS_IDB_LOAD_FAILED] { message: '当前浏览器不支持 IndexedDB,PMS 业务数据无法持久化。' }
[PMS_IDB_UNAVAILABLE] put 跳过,数据仅保留在内存 { store: 'pmsMaterialPurchaseOrderDeltas', key: 'CGF-2026-0007' }
[PMS_IDB_UNAVAILABLE] put 跳过,数据仅保留在内存 { store: 'pmsMaterialPurchaseOrderDeltas', key: 'CGF-2026-0007' }
[PMS_IDB_UNAVAILABLE] put 跳过,数据仅保留在内存 { store: 'pmsMaterialPurchaseOrderDeltas', key: 'CGF-2026-0007' }
[PMS_IDB_LOAD_FAILED] { message: '当前浏览器不支持 IndexedDB,PMS 业务数据无法持久化。' }
[PMS_IDB_LOAD_FAILED] { message: '当前浏览器不支持 IndexedDB,PMS 业务数据无法持久化。' }
[PMS_IDB_LOAD_FAILED] { message: '当前浏览器不支持 IndexedDB,PMS 业务数据无法持久化。' }
✔ PMS采购实际仓库实收与原料库存一次保存；分批、刷新、原料使用和退回均不重复履约 (211.477625ms)
✔ 历史手工到货及不支持的单位不能直接变成投入料可用库存 (1.2145ms)
✔ 首次实收前供应商确认与关闭可刷新恢复，保存失败和损坏存储不会覆盖状态 (1.83425ms)
✔ N01采用路线按染色→印花关联原单，多尺码不重复列工序，不修改印染数量 (2.271416ms)
✔ 旧版本、错误SKU、码制单位、取消或变更待处理均不作为有效关联 (0.283791ms)
✔ 同号不同生产单或BOM不得关联，重复来源不静默选择，混合快照阻断 (0.278666ms)
✔ 编辑器按尺码保留规格，截断打头不新建SKU，重复保存沿用节点身份 (1.692208ms)
✔ 无印染要求时 TMF 路线只生成截断节点，不凭空生成染色或印花节点 (0.1175ms)
✔ 前序印染产出SKU作为截断投入；保留独立橡筋工艺，移除打头后下游连接截断 (0.361833ms)
✔ 未明确打头、错误辅料BOM、无半成品和不合法前序不能生成可执行路线 (0.134291ms)
(node:38006) ExperimentalWarning: localStorage is not available because --localstorage-file was not provided.
(Use `node --trace-warnings ...` to show where the warning was created)
✔ N01：400 条 50CM 和 600 条 70CM 分行计算，共 620 米；未增加 SKU (2.741667ms)
✔ 缺少尺码数量、非整数条数、公差或测量条件时不猜测需求 (0.364459ms)
✔ B07：未选择打头、缺少端头方式或辅材不能确认；支持两端不同端头 (0.255708ms)
✔ N04/B08：硅胶按重量且必须有覆盖长度，不作为独立金属头计数 (0.09825ms)
✔ B18：打头只能承接对应截断条料，不能换 SKU、换长度或重新领连续料 (0.548583ms)
✔ N05：规格相同可以合并，但尺码、用途和需求身份不靠物理规格键代替 (0.121ms)
✔ B14：修改后续版本端头要求不能污染生产单历史快照 (0.573708ms)
✔ 发布门禁：含织带截断工序的技术包必须规格完整且规格仍关联当前 BOM (0.149459ms)
(node:38007) ExperimentalWarning: localStorage is not available because --localstorage-file was not provided.
(Use `node --trace-warnings ...` to show where the warning was created)
✔ 已提交新周期可由真实袋档案进入历史，错误袋和未知周期仍拒绝 (0.977875ms)
(node:38008) ExperimentalWarning: localStorage is not available because --localstorage-file was not provided.
(Use `node --trace-warnings ...` to show where the warning was created)
✔ REPLACEMENT_FABRIC 已绑定有效同生产单任务保留归属，不按部位裁片SKU消除 (17.779875ms)
✔ REPLACEMENT_FABRIC 未绑定票不猜任务，可由用户明确同批加入 (9.641ms)
✔ REPLACEMENT_FABRIC old-factory 旧绑定不可作为当前任务沿用 (11.087125ms)
✔ REPLACEMENT_FABRIC other-order 旧绑定不可作为当前任务沿用 (6.064042ms)
✔ BINDING_STRIP 已绑定有效同生产单任务保留归属，不按部位裁片SKU消除 (6.637333ms)
✔ BINDING_STRIP 未绑定票不猜任务，可由用户明确同批加入 (6.177833ms)
✔ BINDING_STRIP old-factory 旧绑定不可作为当前任务沿用 (6.161959ms)
✔ BINDING_STRIP other-order 旧绑定不可作为当前任务沿用 (5.823041ms)
ℹ tests 707
ℹ suites 0
ℹ pass 707
ℹ fail 0
ℹ cancelled 0
ℹ skipped 0
ℹ todo 0
ℹ duration_ms 16001.231083
vite v6.4.3 building for production...
transforming...
✓ 2736 modules transformed.
Circular chunk: pcs-tech-pack-review -> pcs-tech-pack-bootstrap -> pcs-tech-pack-review. Consider disabling the "output.onlyExplicitManualChunks" option, as enabling it causes the static dependencies of the manual chunk "pcs-tech-pack-bootstrap" to be bundled into the chunk "pcs-tech-pack-review".
rendering chunks...
[plugin vite:reporter] 
(!) /Users/laoer/.codex/worktrees/9ec5/higoods/src/components/production-object-floating-entry.ts is dynamically imported by /Users/laoer/.codex/worktrees/9ec5/higoods/src/main.ts but also statically imported by /Users/laoer/.codex/worktrees/9ec5/higoods/src/components/shell.ts, dynamic import will not move module into another chunk.

[plugin vite:reporter] 
(!) /Users/laoer/.codex/worktrees/9ec5/higoods/src/data/fcs/cut-piece-release.ts is dynamically imported by /Users/laoer/.codex/worktrees/9ec5/higoods/src/data/fcs/cutting/cut-piece-ticket-validity.ts, /Users/laoer/.codex/worktrees/9ec5/higoods/src/data/fcs/cutting/cut-piece-ticket-validity.ts, /Users/laoer/.codex/worktrees/9ec5/higoods/src/data/fcs/cutting/cutting-event-repository.ts, /Users/laoer/.codex/worktrees/9ec5/higoods/src/data/fcs/cutting/cutting-event-repository.ts, /Users/laoer/.codex/worktrees/9ec5/higoods/src/data/fcs/production-context-actions.ts but also statically imported by /Users/laoer/.codex/worktrees/9ec5/higoods/src/data/fcs/runtime-process-tasks.ts, /Users/laoer/.codex/worktrees/9ec5/higoods/src/data/fcs/sewing-assignment-readiness.ts, /Users/laoer/.codex/worktrees/9ec5/higoods/src/data/fcs/sewing-production-order-duration.ts, /Users/laoer/.codex/worktrees/9ec5/higoods/src/pages/fcs/material-prep/sewing.ts, /Users/laoer/.codex/worktrees/9ec5/higoods/src/pages/process-factory/cutting/cut-order-release-integration.ts, /Users/laoer/.codex/worktrees/9ec5/higoods/src/pages/process-factory/cutting/cut-piece-release.ts, /Users/laoer/.codex/worktrees/9ec5/higoods/src/pages/process-factory/cutting/cutting-daily-production-report-model.ts, /Users/laoer/.codex/worktrees/9ec5/higoods/src/pages/process-factory/cutting/supplement-management.ts, /Users/laoer/.codex/worktrees/9ec5/higoods/src/pages/sewing-outsourcing/tasks.ts, /Users/laoer/.codex/worktrees/9ec5/higoods/src/pages/unified-dispatch-workbench.ts, dynamic import will not move module into another chunk.

[plugin vite:reporter] 
(!) /Users/laoer/.codex/worktrees/9ec5/higoods/src/data/fcs/printing-task-domain.ts is dynamically imported by /Users/laoer/.codex/worktrees/9ec5/higoods/src/data/fcs/dyeing-task-domain.ts, /Users/laoer/.codex/worktrees/9ec5/higoods/src/data/fcs/tmf-upstream-process-orders.ts, /Users/laoer/.codex/worktrees/9ec5/higoods/src/data/pms/tmf-material-purchases.ts, /Users/laoer/.codex/worktrees/9ec5/higoods/src/pages/process-factory/accessory/webbing/work-order-detail.ts, /Users/laoer/.codex/worktrees/9ec5/higoods/src/pages/process-factory/accessory/webbing/work-order-detail.ts but also statically imported by /Users/laoer/.codex/worktrees/9ec5/higoods/src/data/fcs/cutting/material-prep.ts, /Users/laoer/.codex/worktrees/9ec5/higoods/src/data/fcs/cutting/supplement-node-facts.ts, /Users/laoer/.codex/worktrees/9ec5/higoods/src/data/fcs/design-revision-material-transfer.ts, /Users/laoer/.codex/worktrees/9ec5/higoods/src/data/fcs/design-revision-process-work-order-adapter.ts, /Users/laoer/.codex/worktrees/9ec5/higoods/src/data/fcs/factory-receiving-links.ts, /Users/laoer/.codex/worktrees/9ec5/higoods/src/data/fcs/factory-receiving-source-sync.ts, /Users/laoer/.codex/worktrees/9ec5/higoods/src/data/fcs/mobile-execution-task-index.ts, /Users/laoer/.codex/worktrees/9ec5/higoods/src/data/fcs/pda-start-link.ts, /Users/laoer/.codex/worktrees/9ec5/higoods/src/data/fcs/printing-factory-demos.ts, /Users/laoer/.codex/worktrees/9ec5/higoods/src/data/fcs/printing-material-receipts.ts, /Users/laoer/.codex/worktrees/9ec5/higoods/src/data/fcs/printing-statistics.ts, /Users/laoer/.codex/worktrees/9ec5/higoods/src/data/fcs/printing-warehouse-view.ts, /Users/laoer/.codex/worktrees/9ec5/higoods/src/data/fcs/printing-work-order-business.ts, /Users/laoer/.codex/worktrees/9ec5/higoods/src/data/fcs/process-action-writeback-service.ts, /Users/laoer/.codex/worktrees/9ec5/higoods/src/data/fcs/process-execution-writeback.ts, /Users/laoer/.codex/worktrees/9ec5/higoods/src/data/fcs/process-mobile-task-binding.ts, /Users/laoer/.codex/worktrees/9ec5/higoods/src/data/fcs/process-warehouse-linkage-service.ts, /Users/laoer/.codex/worktrees/9ec5/higoods/src/data/fcs/process-web-status-actions.ts, /Users/laoer/.codex/worktrees/9ec5/higoods/src/data/fcs/process-work-order-domain.ts, /Users/laoer/.codex/worktrees/9ec5/higoods/src/data/fcs/process-work-order-generation-service.ts, /Users/laoer/.codex/worktrees/9ec5/higoods/src/data/fcs/production-demand-early-process-work-orders.ts, /Users/laoer/.codex/worktrees/9ec5/higoods/src/data/fcs/production-object-overview.ts, /Users/laoer/.codex/worktrees/9ec5/higoods/src/data/fcs/production-process-work-order-service.ts, /Users/laoer/.codex/worktrees/9ec5/higoods/src/data/fcs/production-task-breakdown.ts, /Users/laoer/.codex/worktrees/9ec5/higoods/src/data/fcs/task-print-cards.ts, /Users/laoer/.codex/worktrees/9ec5/higoods/src/pages/pcs-independent-sampling.ts, /Users/laoer/.codex/worktrees/9ec5/higoods/src/pages/pda-exec-detail.ts, /Users/laoer/.codex/worktrees/9ec5/higoods/src/pages/pda-exec.ts, /Users/laoer/.codex/worktrees/9ec5/higoods/src/pages/pda-task-receive.ts, /Users/laoer/.codex/worktrees/9ec5/higoods/src/pages/print/templates/printing-work-order-template.ts, /Users/laoer/.codex/worktrees/9ec5/higoods/src/pages/process-factory/cutting/production-order-overview-projection.ts, /Users/laoer/.codex/worktrees/9ec5/higoods/src/pages/process-factory/dyeing/pending-receipts.ts, /Users/laoer/.codex/worktrees/9ec5/higoods/src/pages/process-factory/printing/dashboards.ts, /Users/laoer/.codex/worktrees/9ec5/higoods/src/pages/process-factory/printing/dialogs.ts, /Users/laoer/.codex/worktrees/9ec5/higoods/src/pages/process-factory/printing/dispatch.ts, /Users/laoer/.codex/worktrees/9ec5/higoods/src/pages/process-factory/printing/events.ts, /Users/laoer/.codex/worktrees/9ec5/higoods/src/pages/process-factory/printing/presentation.ts, /Users/laoer/.codex/worktrees/9ec5/higoods/src/pages/process-factory/printing/shared.ts, /Users/laoer/.codex/worktrees/9ec5/higoods/src/pages/process-factory/printing/statistics.ts, /Users/laoer/.codex/worktrees/9ec5/higoods/src/pages/process-factory/printing/work-order-detail.ts, /Users/laoer/.codex/worktrees/9ec5/higoods/src/pages/process-print-orders.ts, /Users/laoer/.codex/worktrees/9ec5/higoods/src/pages/process-work-orders/early-process-management.ts, /Users/laoer/.codex/worktrees/9ec5/higoods/src/pages/production/demand-domain.ts, /Users/laoer/.codex/worktrees/9ec5/higoods/src/runtime/fcs/cutting/pickup-management-runtime.ts, dynamic import will not move module into another chunk.

computing gzip size...
dist/index.html                                                          12.61 kB │ gzip:   3.08 kB
dist/assets/pcs-pattern-parse.worker-B3_rAVMB.js                         18.52 kB
dist/assets/pcs-record-baseline-BWpImHil.json                         4,125.30 kB │ gzip: 226.59 kB
dist/assets/order-pages-BLg6Ma6N.css                                     85.42 kB │ gzip:  15.73 kB
dist/assets/index-DIT6Kke5.css                                          155.27 kB │ gzip:  25.49 kB
dist/assets/domain-snapshot-BetWFMLM.js                                   0.34 kB │ gzip:   0.26 kB
dist/assets/sample-warehouse-projection-BlBS5pfk.js                       0.39 kB │ gzip:   0.25 kB
dist/assets/pcs-engineering-bom-snapshot-source-DlXUWD87.js               0.41 kB │ gzip:   0.30 kB
dist/assets/real-qr-placeholder-CKA4YXlP.js                               0.52 kB │ gzip:   0.35 kB
dist/assets/pcs-record-bootstrap-B1jfZtBz.js                              0.56 kB │ gzip:   0.45 kB
dist/assets/dialogs-sELW9QZn.js                                           0.59 kB │ gzip:   0.31 kB
dist/assets/design-revision-pcs-command-B11SDRen.js                       0.68 kB │ gzip:   0.38 kB
dist/assets/pcs-storage-error-D2ucxlT-.js                                 0.71 kB │ gzip:   0.52 kB
dist/assets/badge-DbUQOZoe.js                                             0.78 kB │ gzip:   0.42 kB
dist/assets/images-Q79qfJD0.js                                            0.80 kB │ gzip:   0.35 kB
dist/assets/pms-export-CRZxW7LK.js                                        0.83 kB │ gzip:   0.50 kB
dist/assets/placeholder-Db96AsYD.js                                       0.85 kB │ gzip:   0.47 kB
dist/assets/pda-cutting-save-Cf1IK-0Z.js                                  0.89 kB │ gzip:   0.60 kB
dist/assets/trace-CABPJH4F.js                                             0.89 kB │ gzip:   0.51 kB
dist/assets/execution-prep-projection-helpers-Bmajlr8e.js                 0.94 kB │ gzip:   0.46 kB
dist/assets/history-Dp5kYeoj.js                                           0.94 kB │ gzip:   0.61 kB
dist/assets/payment-sync-CQ3pZCxD.js                                      0.97 kB │ gzip:   0.62 kB
dist/assets/tmf-reference-images-6geKcU1B.js                              0.98 kB │ gzip:   0.50 kB
dist/assets/print-service-CyrwQfQw.js                                     1.04 kB │ gzip:   0.52 kB
dist/assets/pda-sewing-self-return-mode-CVT5AEl1.js                       1.07 kB │ gzip:   0.54 kB
dist/assets/process-work-order-generation-service-sDosV-D9.js             1.07 kB │ gzip:   0.65 kB
dist/assets/detail.adapter-DpaI6YJr.js                                    1.08 kB │ gzip:   0.68 kB
dist/assets/material-purchase-references-BmN4fK8f.js                      1.10 kB │ gzip:   0.58 kB
dist/assets/routes-los-CjBiKCuH.js                                        1.14 kB │ gzip:   0.54 kB
dist/assets/dyeing-material-receipts-DZ4GWrj6.js                          1.14 kB │ gzip:   0.75 kB
dist/assets/pda-runtime-C0yQtpO8.js                                       1.21 kB │ gzip:   0.66 kB
dist/assets/tech-pack-DDtXsS-I.js                                         1.28 kB │ gzip:   0.58 kB
dist/assets/overview-Czl6MUpI.js                                          1.29 kB │ gzip:   0.71 kB
dist/assets/process-work-order-source-view-DhT4T7N6.js                    1.30 kB │ gzip:   0.58 kB
dist/assets/transfer-bag-handover-mock-CuM7ujem.js                        1.31 kB │ gzip:   0.71 kB
dist/assets/pcs-tech-pack-review-notification-repository-5suL5Gz1.js      1.34 kB │ gzip:   0.59 kB
dist/assets/replacement-fabric-scan-B9HT0yLX.js                           1.34 kB │ gzip:   0.82 kB
dist/assets/work-order-action-policy-B_htTkaE.js                          1.34 kB │ gzip:   0.68 kB
dist/assets/real-qr-CPyuFUed.js                                           1.39 kB │ gzip:   0.80 kB
dist/assets/filter-bar-Ba0risiZ.js                                        1.49 kB │ gzip:   0.81 kB
dist/assets/factory-types-DbcizYGx.js                                     1.52 kB │ gzip:   0.65 kB
dist/assets/material-identity-xTXrZ7OI.js                                 1.54 kB │ gzip:   0.84 kB
dist/assets/supplement-material-prep-demand-registry-DI-N3DvB.js          1.56 kB │ gzip:   0.75 kB
dist/assets/task-handover-domain-QX_SKaZU.js                              1.57 kB │ gzip:   0.76 kB
dist/assets/pda-cutting-wait-handover-actions-Dy5iTmcu.js                 1.58 kB │ gzip:   0.62 kB
dist/assets/warehouse-shared-DiZpv1z5.js                                  1.58 kB │ gzip:   0.51 kB
dist/assets/pcs-material-handoff-DvIf6Olr.js                              1.65 kB │ gzip:   0.80 kB
dist/assets/task-chain-pages-adapter-iPyKTztj.js                          1.71 kB │ gzip:   0.84 kB
dist/assets/pcs-tech-pack-version-log-repository-DlreLs7z.js              1.73 kB │ gzip:   0.79 kB
dist/assets/real-barcode-BHpCtURR.js                                      1.81 kB │ gzip:   0.96 kB
dist/assets/tmf-upstream-receiving-DOxjLQaC.js                            1.82 kB │ gzip:   1.14 kB
dist/assets/fei-tickets-storage-7KaIHPKx.js                               1.85 kB │ gzip:   0.58 kB
dist/assets/list-export-ObvuBlh6.js                                       1.86 kB │ gzip:   1.09 kB
dist/assets/toast-BXUvgm0t.js                                             1.87 kB │ gzip:   0.90 kB
dist/assets/wool-pda-scan-DsNVK0E5.js                                     1.88 kB │ gzip:   1.03 kB
dist/assets/mixed-transfer-bag-ticket-DETTPWFm.js                         1.89 kB │ gzip:   0.79 kB
dist/assets/kol-goto-fixed-total-ledger-CsZuWrFV.js                       1.93 kB │ gzip:   0.93 kB
dist/assets/table-DkUvzy2A.js                                             2.04 kB │ gzip:   1.02 kB
dist/assets/pcs-action-dialog-BDH5t3S9.js                                 2.09 kB │ gzip:   1.07 kB
dist/assets/binding-process-pda-scan-tLGsj748.js                          2.18 kB │ gzip:   1.13 kB
dist/assets/special-craft-pda-scope-B29qHQAz.js                           2.24 kB │ gzip:   1.02 kB
dist/assets/cutting-record-identity-CtTd0WGy.js                           2.26 kB │ gzip:   1.23 kB
dist/assets/cutting-file-maintenance-DlJVVfZm.js                          2.33 kB │ gzip:   1.23 kB
dist/assets/helpers-BFKa6pUf.js                                           2.42 kB │ gzip:   1.21 kB
dist/assets/production-order-tech-pack-runtime-Cp_4Ovsf.js                2.44 kB │ gzip:   0.94 kB
dist/assets/mixed-bag-contents-DJfOtwFk.js                                2.52 kB │ gzip:   1.35 kB
dist/assets/tmf-work-order-view-D0z4DYOV.js                               2.56 kB │ gzip:   1.18 kB
dist/assets/production-context-recovery-nBdqARvn.js                       2.56 kB │ gzip:   1.30 kB
dist/assets/factory-capacity-profile-mock-Dv5YtZGT.js                     2.64 kB │ gzip:   1.15 kB
dist/assets/pms-excel-import-DnMCWv6B.js                                  2.66 kB │ gzip:   1.32 kB
dist/assets/shared-mroQS0Hu.js                                            2.70 kB │ gzip:   1.02 kB
dist/assets/process-order-list-presentation-uk1TIisc.js                   2.71 kB │ gzip:   1.26 kB
dist/assets/post-finishing-spu-technical-parameters-DNbw-VEW.js           2.79 kB │ gzip:   1.28 kB
dist/assets/marker-plan-projection-CtIw3Jq6.js                            2.82 kB │ gzip:   1.22 kB
dist/assets/process-order-task-relations-vTQE7BcT.js                      2.97 kB │ gzip:   1.29 kB
dist/assets/product-skus-CEt6Fukj.js                                      3.03 kB │ gzip:   0.96 kB
dist/assets/production-order-identity-BMS617uz.js                         3.04 kB │ gzip:   1.26 kB
dist/assets/tabs--aCvt7MO.js                                              3.09 kB │ gzip:   0.93 kB
dist/assets/dialogs-CcRZ3M9R.js                                           3.12 kB │ gzip:   1.28 kB
dist/assets/pda-cutting-runtime-action-inputs-CLc3tF57.js                 3.13 kB │ gzip:   1.08 kB
dist/assets/trade-subjects-B1U82DIE.js                                    3.16 kB │ gzip:   1.12 kB
dist/assets/cutting-mainline-BYWwL_8w.js                                  3.41 kB │ gzip:   1.53 kB
dist/assets/authorization-code-Db44yCh3.js                                3.58 kB │ gzip:   1.71 kB
dist/assets/work-order-detail-D2B4QN1Z.js                                 3.61 kB │ gzip:   1.52 kB
dist/assets/binding-process-warehouse-linkage-service-ZNMDnG-v.js         3.62 kB │ gzip:   1.38 kB
dist/assets/fcs-route-links-CdIu8Xoq.js                                   3.67 kB │ gzip:   1.20 kB
dist/assets/printing-sheet-preview-BQy2hte8.js                            3.69 kB │ gzip:   1.75 kB
dist/assets/shared-Bk5x3jEr.js                                            3.72 kB │ gzip:   1.69 kB
dist/assets/confirmation-print-DLZXrq2Q.js                                3.73 kB │ gzip:   1.58 kB
dist/assets/quality-chain-adapter-ciryVYnz.js                             3.73 kB │ gzip:   1.66 kB
dist/assets/shared-CHY_hZ1U.js                                            3.87 kB │ gzip:   1.62 kB
dist/assets/task-route-card-BPl77w2S.js                                   3.99 kB │ gzip:   1.73 kB
dist/assets/sewing-outsourcing-demo-CDMnE5Jy.js                           4.05 kB │ gzip:   1.63 kB
dist/assets/task-delivery-card-VWwTXAku.js                                4.05 kB │ gzip:   1.81 kB
dist/assets/tipping-form-BffU_7gE.js                                      4.07 kB │ gzip:   2.02 kB
dist/assets/pcs-product-reference-check-B_8CLKv2.js                       4.07 kB │ gzip:   1.69 kB
dist/assets/transfer-bag-repack-mock-BPoNiKjE.js                          4.09 kB │ gzip:   1.89 kB
dist/assets/production-contract-print-DPvVqjL1.js                         4.11 kB │ gzip:   2.09 kB
dist/assets/transit-simple-lists-Oqt_cEwE.js                              4.17 kB │ gzip:   1.47 kB
dist/assets/pda-cutting-simple-cut-piece-handover-D_LDpkxb.js             4.29 kB │ gzip:   1.94 kB
dist/assets/supplement-order-registry-CHnc7juB.js                         4.49 kB │ gzip:   1.76 kB
dist/assets/tmf-process-print-preview-DyR4Mlbi.js                         4.59 kB │ gzip:   2.16 kB
dist/assets/form-DxtyRl7u.js                                              4.74 kB │ gzip:   1.40 kB
dist/assets/layout.helpers-B2KW1-EU.js                                    4.76 kB │ gzip:   1.73 kB
dist/assets/runtime-task-tenders-YGz6fHpq.js                              4.76 kB │ gzip:   1.94 kB
dist/assets/preparation-material-receipt-sources-B4rmAsJv.js              4.76 kB │ gzip:   1.99 kB
dist/assets/relations-C6X2Pttb.js                                         4.80 kB │ gzip:   2.19 kB
dist/assets/generated-cut-release-cfT0ny2v.js                             4.81 kB │ gzip:   2.21 kB
dist/assets/sewing-outsourcing-responsibility-CEicO1_m.js                 4.82 kB │ gzip:   2.10 kB
dist/assets/transit-dashboard-B9ACxeiZ.js                                 4.85 kB │ gzip:   2.04 kB
dist/assets/result-list-BERbJnZC.js                                       4.94 kB │ gzip:   2.06 kB
dist/assets/store-domain-dispatch-process-C2dbPe1I.js                     5.00 kB │ gzip:   1.94 kB
dist/assets/progress-board-C2ES0UKt.js                                    5.01 kB │ gzip:   2.21 kB
dist/assets/process-order-list-controller-A95U2eSf.js                     5.09 kB │ gzip:   1.90 kB
dist/assets/cutting-event-migration-C_Zw45HV.js                           5.18 kB │ gzip:   2.08 kB
dist/assets/material-requirements-CoWk9wNn.js                             5.27 kB │ gzip:   2.24 kB
dist/assets/tmf-upstream-process-orders-YDaDd4sT.js                       5.28 kB │ gzip:   2.45 kB
dist/assets/process-work-order-quality-settlement-e3LGTRd5.js             5.33 kB │ gzip:   2.20 kB
dist/assets/replacement-fabric-fei-tickets-DtBUNgLC.js                    5.63 kB │ gzip:   2.48 kB
dist/assets/tmf-process-continuation-B3hoPFRr.js                          5.66 kB │ gzip:   1.62 kB
dist/assets/dispatch-task-sheet-CZhYUBBl.js                               5.72 kB │ gzip:   2.71 kB
dist/assets/pcs-product-information-DRYzNUD4.js                           5.79 kB │ gzip:   2.64 kB
dist/assets/dashboards-CCgvyvSQ.js                                        5.79 kB │ gzip:   2.75 kB
dist/assets/process-order-three-axis-view-C6Q_RgOl.js                     5.85 kB │ gzip:   2.36 kB
dist/assets/wls-page-handlers-OwkJTGVT.js                                 5.86 kB │ gzip:   2.10 kB
dist/assets/retired-cut-piece-pickup-history-BIDiQ9YE.js                  5.87 kB │ gzip:   2.36 kB
dist/assets/replacement-fabric-label-template-B49Z1U1v.js                 5.89 kB │ gzip:   2.61 kB
dist/assets/pda-cutting-nav-context-CUorzlZW.js                           5.95 kB │ gzip:   1.41 kB
dist/assets/los-live-room-master-C3YQG71r.js                              5.97 kB │ gzip:   2.66 kB
dist/assets/transfer-bags-projection-BHDXtQm-.js                          6.05 kB │ gzip:   2.38 kB
dist/assets/replacement-fabric-preview-CFJwXbis.js                        6.05 kB │ gzip:   2.87 kB
dist/assets/fcs-pda-pickup-dispute-C1-Wix7f.js                            6.18 kB │ gzip:   2.19 kB
dist/assets/pda-wool-warehouse-flows-rMxNB_NN.js                          6.23 kB │ gzip:   3.06 kB
dist/assets/warehouse-standard-eSA47dX6.js                                6.30 kB │ gzip:   2.10 kB
dist/assets/fact-view-Cn-fbAka.js                                         6.35 kB │ gzip:   2.11 kB
dist/assets/transfer-bag-goods-label-DSjbJeaN.js                          6.46 kB │ gzip:   2.65 kB
dist/assets/production-contract-center-DidERhBi.js                        6.62 kB │ gzip:   2.83 kB
dist/assets/sewing-outsourcing-supplement-tracking-Cu0n8GAM.js            6.63 kB │ gzip:   2.89 kB
dist/assets/workbench-CexQYPyJ.js                                         6.63 kB │ gzip:   2.67 kB
dist/assets/cutting-task-routing-CHPZgfWE.js                              6.65 kB │ gzip:   2.38 kB
dist/assets/factory-receiving-links-fNIRZUH2.js                           6.74 kB │ gzip:   2.72 kB
dist/assets/printing-work-order-template-DeLRpM7g.js                      6.77 kB │ gzip:   3.16 kB
dist/assets/routes-pda-CPUVTARN.js                                        6.85 kB │ gzip:   2.59 kB
dist/assets/production-contract-master-template-B957I2uc.js               6.85 kB │ gzip:   2.74 kB
dist/assets/shared-D0rGfM13.js                                            6.86 kB │ gzip:   2.53 kB
dist/assets/routes-pcs-DBLwQWtz.js                                        6.90 kB │ gzip:   1.86 kB
dist/assets/data-management-uPlfZq4q.js                                   7.00 kB │ gzip:   2.56 kB
dist/assets/material-handover-CrzXfQ8w.js                                 7.06 kB │ gzip:   2.77 kB
dist/assets/stock-seed-Cj8lLuwm.js                                        7.11 kB │ gzip:   2.44 kB
dist/assets/dye-work-order-times-w7U4XCtx.js                              7.22 kB │ gzip:   2.55 kB
dist/assets/overview.helpers-BP2F5Yu8.js                                  7.36 kB │ gzip:   2.88 kB
dist/assets/pcs-channel-legacy-conversion-Dg3I_fD9.js                     7.40 kB │ gzip:   3.19 kB
dist/assets/shared-C3sYqQoV.js                                            7.43 kB │ gzip:   2.60 kB
dist/assets/settlement-flow-boundaries-DbkSNas3.js                        7.43 kB │ gzip:   2.53 kB
dist/assets/pcs-testing-order-create-CAhlsQjt.js                          7.51 kB │ gzip:   2.93 kB
dist/assets/production-craft-dict-XhlR8UsB.js                             7.51 kB │ gzip:   2.82 kB
dist/assets/transit-warehouse-CGN4xIMS.js                                 7.54 kB │ gzip:   2.13 kB
dist/assets/craft-actions-DMuDH6mV.js                                     7.55 kB │ gzip:   3.38 kB
dist/assets/pcs-sample-label-DdDXHnoB.js                                  7.68 kB │ gzip:   3.48 kB
dist/assets/supplement-node-facts-m8iBK_iE.js                             7.76 kB │ gzip:   2.84 kB
dist/assets/sewing-outsourcing-return-tracking-DVXSE3TS.js                7.91 kB │ gzip:   2.96 kB
dist/assets/tmf-process-sheet-template-DzWRULGN.js                        8.00 kB │ gzip:   3.80 kB
dist/assets/pda-transfer-bag-detail-D1Mwm1XR.js                           8.06 kB │ gzip:   3.03 kB
dist/assets/statistics-DqgRdXND.js                                        8.07 kB │ gzip:   2.64 kB
dist/assets/progress-exception-lifecycle-BJx0gSBY.js                      8.09 kB │ gzip:   2.70 kB
dist/assets/supplier-supply-archives-Bid-xGw5.js                          8.13 kB │ gzip:   2.60 kB
dist/assets/production-contracts-F4uIa87V.js                              8.14 kB │ gzip:   2.77 kB
dist/assets/pda-notify-DRPCF5Zt.js                                        8.35 kB │ gzip:   3.12 kB
dist/assets/milestone-configs-DUl--G9p.js                                 8.41 kB │ gzip:   2.94 kB
dist/assets/pcs-testing-order-list-BdBG025d.js                            8.51 kB │ gzip:   3.30 kB
dist/assets/material-process-plans-ytgAOwVB.js                            8.66 kB │ gzip:   3.49 kB
dist/assets/pre-settlement-ledger-repository-DfPqH28C.js                  8.84 kB │ gzip:   3.02 kB
dist/assets/pcs-pattern-library-config-CnrC51FN.js                        8.84 kB │ gzip:   2.42 kB
dist/assets/pda-cutting-shared-_X4Xsz9b.js                                8.87 kB │ gzip:   2.72 kB
dist/assets/navigation-context-5GcHOdSg.js                                8.87 kB │ gzip:   2.46 kB
dist/assets/warehouses-CSFYi5tN.js                                        8.89 kB │ gzip:   2.11 kB
dist/assets/bom-templates-DIAaneoZ.js                                     8.90 kB │ gzip:   3.70 kB
dist/assets/pda-cutting-execution-unit-BZyPz7hV.js                        9.06 kB │ gzip:   3.44 kB
dist/assets/machine-associations-Bl8UQh4j.js                              9.16 kB │ gzip:   3.11 kB
dist/assets/fei-ticket-numbering-DlOrgex7.js                              9.21 kB │ gzip:   3.23 kB
dist/assets/pda-notify-detail-DcH3clQn.js                                 9.24 kB │ gzip:   3.08 kB
dist/assets/pda-execution-mlgNSwi-.js                                     9.30 kB │ gzip:   3.69 kB
dist/assets/pda-cutting-fei-ticket-numbering-nMSdzxNW.js                  9.31 kB │ gzip:   3.21 kB
dist/assets/handover-records-6mLJlDyh.js                                  9.35 kB │ gzip:   3.56 kB
dist/assets/workbench-DNpxjIbK.js                                         9.38 kB │ gzip:   3.86 kB
dist/assets/pda-warehouse-CKO-1uIl.js                                     9.43 kB │ gzip:   3.75 kB
dist/assets/mobile-8IzjG40K.js                                            9.53 kB │ gzip:   3.08 kB
dist/assets/sewing-pickup-slips-lSvA9rR6.js                               9.65 kB │ gzip:   3.63 kB
dist/assets/dye-work-order-online-domain-CC7BOXmO.js                      9.78 kB │ gzip:   3.65 kB
dist/assets/routes-pms-B4qVd3IZ.js                                        9.80 kB │ gzip:   2.52 kB
dist/assets/production-receipts-BLzkcFU5.js                               9.81 kB │ gzip:   3.95 kB
dist/assets/pda-cutting-transfer-bag-recovery-YotXBt3V.js                 9.88 kB │ gzip:   4.03 kB
dist/assets/pending-receipts-Cxm4FoCD.js                                  9.91 kB │ gzip:   4.09 kB
dist/assets/continuous-stock-BPb_11gg.js                                 10.09 kB │ gzip:   4.11 kB
dist/assets/statistics-DqNmAizt.js                                       10.10 kB │ gzip:   4.39 kB
dist/assets/trade-subjects-CDbnABKM.js                                   10.26 kB │ gzip:   3.73 kB
dist/assets/pda-cutting-transfer-bag-scrap-DY56SofA.js                   10.26 kB │ gzip:   4.17 kB
dist/assets/production-return-fulfillment-Cu9S9h-t.js                    10.50 kB │ gzip:   4.00 kB
dist/assets/bom-templates-ChqjVeph.js                                    10.52 kB │ gzip:   2.48 kB
dist/assets/settings-0muJ3jZs.js                                         10.73 kB │ gzip:   3.24 kB
dist/assets/product-skus-twLoojyZ.js                                     10.74 kB │ gzip:   4.14 kB
dist/assets/yarn-shipments-qqdZ6jC-.js                                   10.74 kB │ gzip:   4.84 kB
dist/assets/list-B-4pFLlo.js                                             10.77 kB │ gzip:   3.76 kB
dist/assets/transit-receipts-UHoUP5yd.js                                 10.99 kB │ gzip:   4.02 kB
dist/assets/production-context-actions-2rX2dtf5.js                       11.14 kB │ gzip:   3.95 kB
dist/assets/cutting-event-repository-CyS0p5T-.js                         11.21 kB │ gzip:   4.75 kB
dist/assets/presentation-6DmGPIKF.js                                     11.25 kB │ gzip:   4.64 kB
dist/assets/design-revision-pcs-storage-D2ozVRMd.js                      11.28 kB │ gzip:   4.27 kB
dist/assets/pda-exec-link-B_T9DbzL.js                                    11.31 kB │ gzip:   3.68 kB
dist/assets/material-prep-C9ocLhTx.js                                    11.39 kB │ gzip:   2.68 kB
dist/assets/dyeing-warehouse-view-CmK5w6aC.js                            11.49 kB │ gzip:   3.95 kB
dist/assets/pcs-engineering-preparation-projection-C1amJg0v.js           11.49 kB │ gzip:   4.26 kB
dist/assets/pda-login-HB9r8vCo.js                                        11.65 kB │ gzip:   4.51 kB
dist/assets/warehouses-gj2dJL3n.js                                       11.74 kB │ gzip:   4.22 kB
dist/assets/purchase-suggestions-CVpQLmRu.js                             11.87 kB │ gzip:   3.70 kB
dist/assets/material-transfers-BCv-9weN.js                               11.99 kB │ gzip:   4.20 kB
dist/assets/task-breakdown-Bm7Snn3f.js                                   12.16 kB │ gzip:   4.53 kB
dist/assets/pickup-management-runtime-D3maKQd9.js                        12.25 kB │ gzip:   4.73 kB
dist/assets/task-execution-adapter-CIHlEW1U.js                           12.26 kB │ gzip:   3.69 kB
dist/assets/process-statistics-domain-aAotp3fK.js                        12.33 kB │ gzip:   4.03 kB
dist/assets/pms-handlers-BpFBPkHw.js                                     12.54 kB │ gzip:   2.89 kB
dist/assets/context-C1K_G0hi.js                                          13.02 kB │ gzip:   4.60 kB
dist/assets/cutting-record-repository-D6G8P_6x.js                        13.04 kB │ gzip:   4.66 kB
dist/assets/meta-DqPRPSX8.js                                             13.16 kB │ gzip:   2.95 kB
dist/assets/handover-records-iWWhrPa6.js                                 13.18 kB │ gzip:   4.15 kB
dist/assets/replacement-fabric-repository-DKHqbC0d.js                    13.25 kB │ gzip:   5.41 kB
dist/assets/handover-print-BLxDDd6s.js                                   13.53 kB │ gzip:   4.95 kB
dist/assets/pda-start-link-C_gnxwrg.js                                   13.62 kB │ gzip:   4.81 kB
dist/assets/inventory-monitor-rqURVK4E.js                                13.66 kB │ gzip:   4.78 kB
dist/assets/bom-detail-eAr-Ek6h.js                                       13.69 kB │ gzip:   4.97 kB
dist/assets/returns-hZjLwVso.js                                          13.84 kB │ gzip:   5.12 kB
dist/assets/wls-finished-inbound-BrtqiWGr.js                             13.92 kB │ gzip:   5.31 kB
dist/assets/tmf-base-demo-BYVeHx6t.js                                    13.92 kB │ gzip:   5.03 kB
dist/assets/work-orders-B4vUa5QE.js                                      13.99 kB │ gzip:   5.18 kB
dist/assets/wls-inbound-DLpDTs-L.js                                      14.05 kB │ gzip:   5.47 kB
dist/assets/cut-piece-return-warehouse-CVDUlQwA.js                       14.20 kB │ gzip:   5.08 kB
dist/assets/idb-storage-DYscBY_v.js                                      14.27 kB │ gzip:   5.28 kB
dist/assets/pcs-technical-data-tech-pack-list-2JBM4BsG.js                14.30 kB │ gzip:   4.92 kB
dist/assets/supplements-nuUSOU2m.js                                      14.34 kB │ gzip:   5.23 kB
dist/assets/mobile-execution-task-index-DJKVdN5p.js                      14.41 kB │ gzip:   3.87 kB
dist/assets/post-finishing-qc-print-template-CnViEyrE.js                 14.50 kB │ gzip:   4.47 kB
dist/assets/work-orders-C90tGI7R.js                                      14.55 kB │ gzip:   4.95 kB
dist/assets/printing-sheet-template-DIeMDvUL.js                          14.58 kB │ gzip:   5.05 kB
dist/assets/manual-fei-tickets-Bm3d9inT.js                               14.69 kB │ gzip:   5.03 kB
dist/assets/work-orders-DqfiTClk.js                                      14.75 kB │ gzip:   4.78 kB
dist/assets/work-order-detail-D8GRt_1y.js                                14.84 kB │ gzip:   4.77 kB
dist/assets/dispatch-task-sheet-template-JgBks_L-.js                     15.05 kB │ gzip:   6.00 kB
dist/assets/responsibility-transfers-S4iqtGV1.js                         15.10 kB │ gzip:   5.73 kB
dist/assets/workbench-cQzdufct.js                                        15.76 kB │ gzip:   4.80 kB
dist/assets/cut-order-supplement-fixture-mKkrb61c.js                     15.96 kB │ gzip:   4.83 kB
dist/assets/outbound-orders-DZKyqn27.js                                  16.05 kB │ gzip:   5.21 kB
dist/assets/process-web-status-actions-iAsSgMl2.js                       16.08 kB │ gzip:   4.29 kB
dist/assets/pcs-handlers-CuK4Q-bK.js                                     16.18 kB │ gzip:   4.07 kB
dist/assets/handover-ledger-view-B55c-QnA.js                             16.19 kB │ gzip:   4.46 kB
dist/assets/garment-spu-replacement-Div-I-rH.js                          16.40 kB │ gzip:   5.03 kB
dist/assets/reports-gLzdAR1S.js                                          16.48 kB │ gzip:   4.26 kB
dist/assets/machines-DFNuQjZo.js                                         16.51 kB │ gzip:   5.51 kB
dist/assets/cutting-runtime-event-ledger-ifk3mthV.js                     16.58 kB │ gzip:   5.69 kB
dist/assets/full-flow-print-Cz2llR8x.js                                  16.60 kB │ gzip:   5.54 kB
dist/assets/payment-requests-Dvq21Y_x.js                                 16.74 kB │ gzip:   5.50 kB
dist/assets/progress-handover-order-DXBJwoMG.js                          16.86 kB │ gzip:   5.03 kB
dist/assets/wls-garment-relabel-tasks-C4iDq1Y8.js                        16.91 kB │ gzip:   5.59 kB
dist/assets/cut-order-release-integration-FUYf3X6a.js                    17.07 kB │ gzip:   6.10 kB
dist/assets/dispatch-acceptance-sla-Beaf93ZK.js                          17.15 kB │ gzip:   5.13 kB
dist/assets/sewing-cut-piece-return-workflow-B9PjXffe.js                 17.21 kB │ gzip:   6.09 kB
dist/assets/part-ticket-records-DrMIbZPM.js                              17.36 kB │ gzip:   6.46 kB
dist/assets/pda-cutting-task-detail-DQ3uCEj6.js                          17.37 kB │ gzip:   6.13 kB
dist/assets/product-purchase-orders-DIMg_xft.js                          17.42 kB │ gzip:   5.22 kB
dist/assets/production-confirmation-DJXNF0iV.js                          17.43 kB │ gzip:   5.94 kB
dist/assets/marker-spreading-projection-C00uKmD6.js                      17.50 kB │ gzip:   5.54 kB
dist/assets/output-stock-D5z4riuM.js                                     17.52 kB │ gzip:   6.59 kB
dist/assets/material-requirements-CXBXK1HX.js                            17.55 kB │ gzip:   5.99 kB
dist/assets/sewing-cut-piece-responsibility-BUHIsqHs.js                  17.63 kB │ gzip:   5.30 kB
dist/assets/pda-sewing-self-return-COSjGQFe.js                           17.68 kB │ gzip:   5.98 kB
dist/assets/simple-cut-piece-handover-fixtures-Ch-KRVf-.js               17.74 kB │ gzip:   6.05 kB
dist/assets/progress-cutting-detail-BsE8n_QR.js                          17.80 kB │ gzip:   4.51 kB
dist/assets/bom-detail-Ca-KYwnJ.js                                       17.90 kB │ gzip:   5.78 kB
dist/assets/supplier-confirmations-BB0Crmjo.js                           17.94 kB │ gzip:   5.33 kB
dist/assets/purchase-demands-DRUn0Gaj.js                                 18.07 kB │ gzip:   5.82 kB
dist/assets/suppliers-DOxcttzm.js                                        18.16 kB │ gzip:   5.27 kB
dist/assets/store-domain-pda-Bl4jkAiC.js                                 18.21 kB │ gzip:   6.41 kB
dist/assets/pda-notify-due-soon-BqCZpv9n.js                              18.41 kB │ gzip:   6.28 kB
dist/assets/process-mobile-task-binding-C_NO1-Si.js                      18.56 kB │ gzip:   6.49 kB
dist/assets/tasks-CqQSmLbg.js                                            18.57 kB │ gzip:   6.89 kB
dist/assets/platform-process-result-view-CSSjNy8b.js                     18.64 kB │ gzip:   5.38 kB
dist/assets/generated-cut-orders-vr-J7pVU.js                             18.64 kB │ gzip:   5.59 kB
dist/assets/store-domain-statement-source-adapter-BNezlGhi.js            18.71 kB │ gzip:   5.37 kB
dist/assets/sewing-outsourcing-workbench-Ca_ZrQkA.js                     18.76 kB │ gzip:   6.52 kB
dist/assets/supplier-supply-archives-DYQice8P.js                         18.90 kB │ gzip:   5.79 kB
dist/assets/materials-DQo18LQz.js                                        18.93 kB │ gzip:   4.79 kB
dist/assets/pda-warehouse-shared-CQdnl8BF.js                             18.95 kB │ gzip:   5.69 kB
dist/assets/warehouse-v8ddlMbw.js                                        19.11 kB │ gzip:   6.11 kB
dist/assets/production-demand-early-process-work-orders-BTleWJia.js      19.13 kB │ gzip:   5.74 kB
dist/assets/events-Ct6SAP0x.js                                           19.21 kB │ gzip:   7.47 kB
dist/assets/platform.adapter-e27lL1uV.js                                 19.25 kB │ gzip:   6.09 kB
dist/assets/kol-goto-pda-domain-Cq0vV904.js                              19.33 kB │ gzip:   6.58 kB
dist/assets/shared-CC_RYzmQ.js                                           19.43 kB │ gzip:   5.25 kB
dist/assets/units-2xaSZEMl.js                                            19.73 kB │ gzip:   5.89 kB
dist/assets/post-finishing-current-read-model-COhyEX_n.js                19.77 kB │ gzip:   5.53 kB
dist/assets/stage-display-B9i17x_5.js                                    19.84 kB │ gzip:   7.01 kB
dist/assets/factory-sample-verification-flow-DB_aoRbg.js                 19.86 kB │ gzip:   4.87 kB
dist/assets/adjustments-DpgUZysy.js                                      19.94 kB │ gzip:   6.19 kB
dist/assets/pda-warehouse-inbound-records-BkA_V13p.js                    20.11 kB │ gzip:   5.84 kB
dist/assets/index-B-P5pWh1.js                                            20.21 kB │ gzip:   5.22 kB
dist/assets/audit-records-BTmm9Vp9.js                                    20.35 kB │ gzip:   6.65 kB
dist/assets/process-water-soluble-orders-DrSeMH22.js                     20.49 kB │ gzip:   6.42 kB
dist/assets/material-process-plans-DUL0d-Rj.js                           20.52 kB │ gzip:   7.57 kB
dist/assets/pda-warehouse-outbound-records-B_6s_YJq.js                   20.61 kB │ gzip:   6.07 kB
dist/assets/overview.adapter-BUTMi06O.js                                 20.65 kB │ gzip:   6.53 kB
dist/assets/task-orders-lhPZplaA.js                                      20.83 kB │ gzip:   7.17 kB
dist/assets/pcs-engineering-tech-pack-workspace-NTT96100.js              21.00 kB │ gzip:   7.29 kB
dist/assets/shared-seed-CGi2rQR7.js                                      21.01 kB │ gzip:   6.23 kB
dist/assets/material-purchase-tracking-CjwRQfS7.js                       21.11 kB │ gzip:   6.69 kB
dist/assets/events-DZnOBsYT.js                                           21.17 kB │ gzip:   6.55 kB
dist/assets/order-list-columns-DAH3GUI_.js                               21.20 kB │ gzip:   6.63 kB
dist/assets/los-live-rooms-BAM1QD8h.js                                   21.23 kB │ gzip:   7.67 kB
dist/assets/pcs-testing-order-detail-BQyEmW6f.js                         21.30 kB │ gzip:   6.20 kB
dist/assets/pcs-engineering-master-view-model-SOHUImpQ.js                21.39 kB │ gzip:   7.29 kB
dist/assets/suppliers-C_JU4SMb.js                                        21.68 kB │ gzip:   6.93 kB
dist/assets/tmf-domain-shared-CsnEeaO8.js                                21.88 kB │ gzip:   8.26 kB
dist/assets/routes-wls-CzQZ2Alq.js                                       22.31 kB │ gzip:   7.24 kB
dist/assets/deduction-analysis-CFU9fZLE.js                               22.40 kB │ gzip:   6.54 kB
dist/assets/fei-ticket-numbering-DUqQ5W7u.js                             22.45 kB │ gzip:   6.47 kB
dist/assets/warehouse-location-map-model-BMzRpnZd.js                     22.51 kB │ gzip:   7.14 kB
dist/assets/subject-operations-BkIc9y5v.js                               22.61 kB │ gzip:   7.02 kB
dist/assets/tasks-B-zgK4Br.js                                            22.80 kB │ gzip:   7.28 kB
dist/assets/progress-statistics-linkage-CtrJTej9.js                      22.86 kB │ gzip:   6.54 kB
dist/assets/work-order-detail-CZbKWYVl.js                                22.92 kB │ gzip:   7.37 kB
dist/assets/cut-piece-handover-CAQZpA8_.js                               22.98 kB │ gzip:   7.43 kB
dist/assets/qc-workbench-YfiDDv9P.js                                     23.03 kB │ gzip:   7.18 kB
dist/assets/recheck-orders-DlDLpzzy.js                                   23.18 kB │ gzip:   7.34 kB
dist/assets/cut-piece-returns-Dn-wGxu5.js                                23.31 kB │ gzip:   7.20 kB
dist/assets/purchase-suggestions-DbkqzYCW.js                             23.40 kB │ gzip:   7.33 kB
dist/assets/material-issue-DUTRFpld.js                                   23.80 kB │ gzip:   5.92 kB
dist/assets/progress-cutting-overview-rl0eltcX.js                        23.83 kB │ gzip:   5.72 kB
dist/assets/dye-work-order-online-view-Dp4KtCs3.js                       24.15 kB │ gzip:   8.21 kB
dist/assets/quality-deduction-selectors-DQ1nVfas.js                      24.26 kB │ gzip:   6.28 kB
dist/assets/production-order-duration-Eh5RfuLp.js                        24.27 kB │ gzip:   9.26 kB
dist/assets/production-context-records-C1NSQ0AI.js                       24.40 kB │ gzip:   8.62 kB
dist/assets/material-statements-D_0uPjD7.js                              24.45 kB │ gzip:   6.73 kB
dist/assets/print-preview-oaabtOnq.js                                    24.57 kB │ gzip:   8.24 kB
dist/assets/process-order-task-links-C9ME0Ai0.js                         24.68 kB │ gzip:   6.86 kB
dist/assets/retired-process-history-CJUukX0u.js                          24.75 kB │ gzip:   6.41 kB
dist/assets/dialogs-B0EKTihC.js                                          24.86 kB │ gzip:   6.14 kB
dist/assets/material-preparation-CFWxF-o1.js                             25.21 kB │ gzip:   8.79 kB
dist/assets/fcs-production-tech-pack-snapshot-CGue_hAr.js                25.35 kB │ gzip:   6.47 kB
dist/assets/kol-demands-KM-qxt1g.js                                      25.43 kB │ gzip:   7.39 kB
dist/assets/wls-fabric-demand-board-CaJayYuZ.js                          25.47 kB │ gzip:   6.84 kB
dist/assets/reconciliations-BY2GO6r3.js                                  25.55 kB │ gzip:   6.84 kB
dist/assets/machine-associations-C6Joha8q.js                             25.62 kB │ gzip:   7.75 kB
dist/assets/process-print-orders-WKyUvmmu.js                             25.74 kB │ gzip:   8.56 kB
dist/assets/process-dye-orders-DMAqyUQQ.js                               25.91 kB │ gzip:   8.64 kB
dist/assets/qc-orders-sn0lJhzk.js                                        25.94 kB │ gzip:   8.28 kB
dist/assets/pda-handlers-B0PR501f.js                                     26.67 kB │ gzip:   6.40 kB
dist/assets/marker-spreading-utils-0Uq7To3m.js                           26.71 kB │ gzip:   7.82 kB
dist/assets/simple-cut-piece-handover-ui-Du1187UI.js                     27.01 kB │ gzip:  10.08 kB
dist/assets/warehouse-location-map-BqOg8e_9.js                           27.06 kB │ gzip:   7.08 kB
dist/assets/pcs-config-workspace-repository-C_O-hItn.js                  27.14 kB │ gzip:  10.27 kB
dist/assets/pda-warehouse-wait-handover-b0W0q_aD.js                      27.57 kB │ gzip:   7.15 kB
dist/assets/progress-milestone-config-WosoMrXQ.js                        27.59 kB │ gzip:   6.15 kB
dist/assets/pcs-pattern-library-detail-dxjkzPLG.js                       27.67 kB │ gzip:   6.59 kB
dist/assets/pda-wool-fact-execution-DXs00RBx.js                          28.02 kB │ gzip:   9.35 kB
dist/assets/third-party-factory-rating-BBpNb4jD.js                       28.13 kB │ gzip:   8.05 kB
dist/assets/print-styles-BjQBw8jj.js                                     28.31 kB │ gzip:   4.01 kB
dist/assets/sample-approval-suggestions--6u-PSd3.js                      28.32 kB │ gzip:   8.88 kB
dist/assets/factory-status-CaaHgi3C.js                                   28.43 kB │ gzip:   6.02 kB
dist/assets/source-document-detail-Bjdu4-Jl.js                           28.45 kB │ gzip:  10.53 kB
dist/assets/sample-warehouse-CGdsRLZT.js                                 28.47 kB │ gzip:   7.34 kB
dist/assets/marker-plan-source-model-CanmkN1I.js                         28.93 kB │ gzip:   8.49 kB
dist/assets/pcs-engineering-master-list-Be0w32bY.js                      28.95 kB │ gzip:  10.10 kB
dist/assets/commands-BGLLcwkN.js                                         29.05 kB │ gzip:   8.24 kB
dist/assets/pcs-engineering-master-detail-D4EYsZg3.js                    29.30 kB │ gzip:   8.64 kB
dist/assets/warehouse-CBZ2xfDQ.js                                        29.79 kB │ gzip:  10.07 kB
dist/assets/logistics-reconciliations-BCkSc6Sg.js                        30.17 kB │ gzip:   9.33 kB
dist/assets/pcs-technical-data-gzAwruR8.js                               30.50 kB │ gzip:   8.35 kB
dist/assets/production-order-progress-tracking-B79YYSgq.js               30.53 kB │ gzip:  10.25 kB
dist/assets/material-reconciliations-Cr9IRRCS.js                         30.57 kB │ gzip:   9.32 kB
dist/assets/progress-cutting-exception-center-BoptKNN8.js                30.89 kB │ gzip:   7.19 kB
dist/assets/capability-g7UUBARK.js                                       31.65 kB │ gzip:   6.69 kB
dist/assets/replacement-fabric-fei-tickets-NHg1Gjtj.js                   31.83 kB │ gzip:  10.93 kB
dist/assets/material-archives-ChOCl0IF.js                                31.86 kB │ gzip:   7.87 kB
dist/assets/factory-performance-D2Dyo3lp.js                              32.31 kB │ gzip:   6.74 kB
dist/assets/handover-orders-DSk6AkVH.js                                  32.46 kB │ gzip:   9.20 kB
dist/assets/dialogs-pfr_Dhnf.js                                          32.71 kB │ gzip:   9.87 kB
dist/assets/task-detail-JzWhmJ-U.js                                      32.81 kB │ gzip:   9.73 kB
dist/assets/effective-task-assignments-Cy_ZmPFj.js                       33.11 kB │ gzip:  11.03 kB
dist/assets/garment-spu-replacements-XmP7pg8v.js                         33.13 kB │ gzip:   9.41 kB
dist/assets/process-warehouse-domain-B5cHC3kF.js                         33.27 kB │ gzip:   7.62 kB
dist/assets/pcs-tech-pack-bootstrap-BXZKM0WL.js                          33.31 kB │ gzip:   8.49 kB
dist/assets/cut-piece-return-domain-vsGFtJSC.js                          33.41 kB │ gzip:   9.92 kB
dist/assets/store-domain-settlement-seeds-MMlGPXr6.js                    33.72 kB │ gzip:   9.01 kB
dist/assets/pcs-pattern-library-CfH0EoIt.js                              33.73 kB │ gzip:   7.65 kB
dist/assets/warehouse-runtime-CdQLM0qU.js                                33.87 kB │ gzip:   8.69 kB
dist/assets/pda-shell-Ng78UPGm.js                                        33.93 kB │ gzip:   9.06 kB
dist/assets/early-process-management-CLQufUyj.js                         34.61 kB │ gzip:   8.76 kB
dist/assets/dispatch-acceptance-sla-CiL7qHRA.js                          34.99 kB │ gzip:   7.90 kB
dist/assets/material-purchase-orders-pX84Byr3.js                         35.16 kB │ gzip:  11.34 kB
dist/assets/stage-orders-BADrU9Eb.js                                     35.33 kB │ gzip:  10.95 kB
dist/assets/pda-post-finishing-flow-CzpRhzzR.js                          35.59 kB │ gzip:   9.62 kB
dist/assets/supplier-confirmations-z5HLGROS.js                           36.09 kB │ gzip:   9.80 kB
dist/assets/stage-order-detail-7yZjRY4G.js                               36.18 kB │ gzip:  10.69 kB
dist/assets/pda-warehouse-stocktake-Bm-tvNap.js                          36.46 kB │ gzip:   9.43 kB
dist/assets/work-orders-BhRf_RsC.js                                      36.70 kB │ gzip:  12.40 kB
dist/assets/pending-receipts-QgrHlj-u.js                                 36.96 kB │ gzip:  11.32 kB
dist/assets/pcs-pattern-library-create-ByaR1Mtf.js                       37.00 kB │ gzip:   8.66 kB
dist/assets/material-inventory-DtxSXRHZ.js                               37.31 kB │ gzip:   9.26 kB
dist/assets/work-order-detail-mbNzEyC9.js                                37.36 kB │ gzip:  10.36 kB
dist/assets/third-party-factory-comprehensive-assessment-C4s55p91.js     37.47 kB │ gzip:  11.05 kB
dist/assets/water-soluble-orders-BMPBQiFv.js                             37.54 kB │ gzip:  11.46 kB
dist/assets/pda-task-receive-detail-CR1zX29k.js                          37.61 kB │ gzip:   9.36 kB
dist/assets/work-order-detail-OBs10cRn.js                                37.81 kB │ gzip:  10.38 kB
dist/assets/first-leg-logistics-DS3CuUdL.js                              37.92 kB │ gzip:  10.22 kB
dist/assets/product-purchase-orders-DldvXbs7.js                          38.01 kB │ gzip:   9.33 kB
dist/assets/pcs-part-template-library-ClIjCUS6.js                        38.07 kB │ gzip:  13.44 kB
dist/assets/cutting-statistics-ab-material-DP2IYd2e.js                   38.13 kB │ gzip:   8.63 kB
dist/assets/store-domain-quality-bootstrap-CIRLyjV6.js                   38.24 kB │ gzip:   5.40 kB
dist/assets/first-leg-carriers-85jQI9wB.js                               38.36 kB │ gzip:  10.26 kB
dist/assets/pda-cutting-inbound-Cs74pltv.js                              38.78 kB │ gzip:  11.79 kB
dist/assets/special-processes-CCdi6DC_.js                                38.95 kB │ gzip:  10.26 kB
dist/assets/pda-cutting-handover-DWrLAExV.js                             39.15 kB │ gzip:  12.01 kB
dist/assets/payment-requests-CRr5X5dY.js                                 39.27 kB │ gzip:  10.37 kB
dist/assets/pda-quality-BWuzVuGQ.js                                      39.31 kB │ gzip:  10.53 kB
dist/assets/warehouse-QX2SVUAl.js                                        39.73 kB │ gzip:  11.43 kB
dist/assets/semi-finished-orders-CwY1HfCx.js                             39.75 kB │ gzip:  12.13 kB
dist/assets/pda-cutting-transfer-bag-repack-DynCDkP_.js                  40.25 kB │ gzip:  11.56 kB
dist/assets/first-leg-shipments-KPg4LcWV.js                              40.88 kB │ gzip:  10.25 kB
dist/assets/fcs-handlers-DwBMnSS2.js                                     42.98 kB │ gzip:  12.84 kB
dist/assets/pending-receipts-K_N8gs9b.js                                 43.47 kB │ gzip:  15.65 kB
dist/assets/label-print-template-BL7o8yq4.js                             43.47 kB │ gzip:  12.32 kB
dist/assets/lace-factory-domain-E69dJw3K.js                              44.40 kB │ gzip:  11.20 kB
dist/assets/warehouse-Dek8Y_6I.js                                        44.81 kB │ gzip:  11.46 kB
dist/assets/factory-receiving-P13Y8fLg.js                                45.23 kB │ gzip:  15.39 kB
dist/assets/cutting-summary-CjJPgHPf.js                                  45.89 kB │ gzip:  12.24 kB
dist/assets/wait-handover-runtime-Crrp7sM_.js                            46.61 kB │ gzip:  12.91 kB
dist/assets/engineering-file-upload-DOiG4qb9.js                          46.77 kB │ gzip:  14.45 kB
dist/assets/demand-domain-h71gPguy.js                                    47.35 kB │ gzip:  11.00 kB
dist/assets/handover-orders-C4mgCah3.js                                  47.47 kB │ gzip:   9.30 kB
dist/assets/batches-cvubq35t.js                                          47.58 kB │ gzip:  10.35 kB
dist/assets/settlement-linked-mock-factory-BM5jeafS.js                   47.83 kB │ gzip:  14.54 kB
dist/assets/warehouse-DQx99hjg.js                                        47.91 kB │ gzip:  11.47 kB
dist/assets/pcs-record-core-CLnC9u0E.js                                  48.27 kB │ gzip:  16.16 kB
dist/assets/dyeing-BYMfw4co.js                                           49.16 kB │ gzip:  10.94 kB
dist/assets/printing-CkQKeMPL.js                                         49.17 kB │ gzip:  10.94 kB
dist/assets/other-Cpubd8ek.js                                            49.18 kB │ gzip:  10.96 kB
dist/assets/sewing-Dwaifyt_.js                                           50.20 kB │ gzip:  11.28 kB
dist/assets/dispatch-tenders-B6GUtbAj.js                                 50.33 kB │ gzip:  13.48 kB
dist/assets/progress-material-BmPJPX0c.js                                50.42 kB │ gzip:  10.09 kB
dist/assets/pda-onboarding-BKy14KfN.js                                   50.59 kB │ gzip:  10.81 kB
dist/assets/pda-task-receive-BDpQKW74.js                                 50.60 kB │ gzip:  12.69 kB
dist/assets/pda-cutting-execution-source-BYYsiVw5.js                     50.86 kB │ gzip:  13.79 kB
dist/assets/pcs-config-workspace-58kPVc1T.js                             51.29 kB │ gzip:  17.90 kB
dist/assets/pcs-channel-stores-CTeg07X2.js                               51.44 kB │ gzip:  15.00 kB
dist/assets/marker-plan-model--dsjxJ5Z.js                                52.14 kB │ gzip:  14.94 kB
dist/assets/work-order-detail-DxHYbyVi.js                                53.02 kB │ gzip:  16.56 kB
dist/assets/store-domain-progress-BfW8aku2.js                            53.17 kB │ gzip:  11.82 kB
dist/assets/pda-handover-CdjI2zHr.js                                     53.35 kB │ gzip:  14.29 kB
dist/assets/detail-domain-Bqx9tPql.js                                    53.60 kB │ gzip:  11.94 kB
dist/assets/pcs-part-template-library-BR5b3ubJ.js                        53.80 kB │ gzip:  11.06 kB
dist/assets/material-purchase-orders-DHukyMKq.js                         53.93 kB │ gzip:  16.38 kB
dist/assets/settlement-cutting-input-DOHi9oZB.js                         55.37 kB │ gzip:  11.79 kB
dist/assets/warehouse-location-map-BX_b11U1.js                           56.96 kB │ gzip:  16.90 kB
dist/assets/marker-plan-occupancy-D8CNw62R.js                            57.45 kB │ gzip:  16.14 kB
dist/assets/progress-urge-BgqORlwr.js                                    58.04 kB │ gzip:  12.11 kB
dist/assets/runtime-inputs-Jgpy1bEm.js                                   58.25 kB │ gzip:  15.74 kB
dist/assets/pda-cutting-spreading-Cz8M3yJr.js                            59.79 kB │ gzip:  14.36 kB
dist/assets/wls-accessory-receipts-CCY4ELGt.js                           60.15 kB │ gzip:  15.57 kB
dist/assets/factory-profile-H6vvEFa0.js                                  61.17 kB │ gzip:  14.03 kB
dist/assets/pda-settlement-DIVyaUZv.js                                   61.99 kB │ gzip:  14.39 kB
dist/assets/pickup-management-list-B0exwnDD.js                           63.27 kB │ gzip:  17.86 kB
dist/assets/cutting-DBCrND60.js                                          64.51 kB │ gzip:  13.69 kB
dist/assets/progress-handover-Cf1G2Qhr.js                                65.61 kB │ gzip:  14.31 kB
dist/assets/pcs-channel-products-BlWGJOc4.js                             66.90 kB │ gzip:  22.23 kB
dist/assets/production-object-overview-nKbTASAr.js                       67.79 kB │ gzip:  14.32 kB
dist/assets/output-documents-D6Mn9iaf.js                                 68.80 kB │ gzip:  23.79 kB
dist/assets/core-2P8kGw2r.js                                             69.43 kB │ gzip:  13.13 kB
dist/assets/cutting-daily-production-report-VjHJcHTI.js                  69.91 kB │ gzip:  19.80 kB
dist/assets/pda-exec-B0ehxMLp.js                                         70.05 kB │ gzip:  16.33 kB
dist/assets/context-DNiXcytv.js                                          70.19 kB │ gzip:  21.60 kB
dist/assets/production-object-overview-gG_CpgTo.js                       71.90 kB │ gzip:  16.79 kB
dist/assets/progress-exceptions-DSw5aGBX.js                              72.17 kB │ gzip:  14.02 kB
dist/assets/qc-records-DThmEGXW.js                                       72.92 kB │ gzip:  16.69 kB
dist/assets/pcs-product-archives-_zWQdx0e.js                             73.32 kB │ gzip:  24.50 kB
dist/assets/pcs-engineering-tasks-CHVr27TA.js                            73.34 kB │ gzip:  17.56 kB
dist/assets/pcs-sample-management-BuX2PEH8.js                            74.25 kB │ gzip:  18.47 kB
dist/assets/factory-onboarding-W7JoGPHd.js                               75.30 kB │ gzip:  12.70 kB
dist/assets/sewing-dispatch-Egmf-nBe.js                                  75.98 kB │ gzip:  19.95 kB
dist/assets/orders-domain-BbWDuGd0.js                                    76.35 kB │ gzip:  16.91 kB
dist/assets/dialogs-Cxob1T_O.js                                          76.54 kB │ gzip:  18.96 kB
dist/assets/settlement-ClCuPrYr.js                                       76.71 kB │ gzip:  12.04 kB
dist/assets/runtime-projections-DSyZDDr2.js                              78.06 kB │ gzip:  18.45 kB
dist/assets/process-action-writeback-service-BmLORx0X.js                 78.29 kB │ gzip:  17.93 kB
dist/assets/transfer-bags-C10PDKar.js                                    80.42 kB │ gzip:  20.97 kB
dist/assets/production-progress-BIhwNTl1.js                              82.47 kB │ gzip:  21.08 kB
dist/assets/routes-fcs-f9GJW2iw.js                                       83.06 kB │ gzip:  15.65 kB
dist/assets/cut-piece-release-D87b8K6F.js                                83.63 kB │ gzip:  25.38 kB
dist/assets/production-3hpMEk0Y.js                                       85.38 kB │ gzip:  18.50 kB
dist/assets/pda-handover-detail-Bzdsne8-.js                              85.49 kB │ gzip:  21.53 kB
dist/assets/pda-warehouse-wait-process-BXDFb0E6.js                       89.19 kB │ gzip:  21.85 kB
dist/assets/wait-handover-actions-9yt1fCo3.js                            89.58 kB │ gzip:  22.86 kB
dist/assets/events-CtTRWyki.js                                           90.52 kB │ gzip:  22.37 kB
dist/assets/factory-onboarding-flow-BiiF5Yiu.js                          90.64 kB │ gzip:  23.34 kB
dist/assets/production-tech-pack-change-domain-GGwVVPcb.js               91.44 kB │ gzip:  24.08 kB
dist/assets/dispatch-DAVLGldJ.js                                         92.70 kB │ gzip:  28.26 kB
dist/assets/cut-orders-BO5i3lfp.js                                       96.50 kB │ gzip:  25.13 kB
dist/assets/cut-piece-release-DVBZ4CKd.js                               100.71 kB │ gzip:  26.49 kB
dist/assets/post-finishing-full-flow-orj1x_iE.js                        105.33 kB │ gzip:  27.31 kB
dist/assets/index-BpmYR-e0.js                                           109.46 kB │ gzip:  39.85 kB
dist/assets/pcs-material-archive-detail-DUFFEwx8.js                     110.85 kB │ gzip:  36.86 kB
dist/assets/pcs-independent-sampling-D33QrIbs.js                        112.27 kB │ gzip:  31.05 kB
dist/assets/transfer-bag-return-model-DJZipUhj.js                       115.43 kB │ gzip:  27.30 kB
dist/assets/supplement-management-rbI2dvP-.js                           115.81 kB │ gzip:  30.88 kB
dist/assets/statements-DPMrhVhh.js                                      121.34 kB │ gzip:  25.20 kB
dist/assets/events-BflDGn5Z.js                                          122.94 kB │ gzip:  31.87 kB
dist/assets/unified-dispatch-workbench-DD7PpehI.js                      123.70 kB │ gzip:  34.84 kB
dist/assets/tmf-material-purchases-AmQsztwj.js                          124.74 kB │ gzip:  32.47 kB
dist/assets/special-craft-task-orders-B8JHMQ8t.js                       127.41 kB │ gzip:  33.79 kB
dist/assets/quality-deduction-repository-CvnjtHxq.js                    136.80 kB │ gzip:  26.67 kB
dist/assets/warehouse-hub-DF-Ag8d-.js                                   142.59 kB │ gzip:  36.10 kB
dist/assets/generated-fei-tickets-Bn9_6bg3.js                           143.06 kB │ gzip:  36.24 kB
dist/assets/production-timeliness-Vff-2v5T.js                           143.73 kB │ gzip:  47.55 kB
dist/assets/preparation-timing-YUKl-O93.js                              146.62 kB │ gzip:  34.66 kB
dist/assets/marker-plan-Da8Iyr4I.js                                     152.61 kB │ gzip:  36.43 kB
dist/assets/marker-spreading-4ENTL_9D.js                                156.43 kB │ gzip:  38.64 kB
dist/assets/return-inbound-CPt35bzE.js                                  162.41 kB │ gzip:  28.13 kB
dist/assets/app-shared-Ce0GdlNc.js                                      163.18 kB │ gzip:  40.36 kB
dist/assets/transfer-bag-operations-BjtdpKUm.js                         178.56 kB │ gzip:  44.37 kB
dist/assets/fei-tickets-CawwzU10.js                                     185.89 kB │ gzip:  41.22 kB
dist/assets/print-template-registry-DPChUmTZ.js                         200.00 kB │ gzip:  50.91 kB
dist/assets/pcs-pattern-library-Bh6tuKag.js                             205.34 kB │ gzip:  45.56 kB
dist/assets/index--GzcKvNw.js                                           210.12 kB │ gzip:  66.49 kB
dist/assets/index-D-49HPoz.js                                           223.98 kB │ gzip:  49.46 kB
dist/assets/pda-exec-detail-BldmC4UZ.js                                 250.30 kB │ gzip:  58.45 kB
dist/assets/process-tasks-CTYndkXI.js                                   275.17 kB │ gzip:  76.45 kB
dist/assets/process-domain-vw04AtNc.js                                  275.82 kB │ gzip:  60.70 kB
dist/assets/production-orders-8PV-wGhV.js                               488.92 kB │ gzip:  47.17 kB
dist/assets/pda-C37QdxSy.js                                             505.21 kB │ gzip:  83.25 kB
dist/assets/pcs-tech-pack-review-5oBw-twL.js                            704.22 kB │ gzip: 190.85 kB
dist/assets/material-ledger-0Uqpm83O.js                                 863.52 kB │ gzip: 219.38 kB
dist/assets/production-source-shared-Bj4b3XYm.js                      1,899.17 kB │ gzip: 216.72 kB

(!) Some chunks are larger than 550 kB after minification. Consider:
- Using dynamic import() to code-split the application
- Use build.rollupOptions.output.manualChunks to improve chunking: https://rollupjs.org/configuration-options/#output-manualchunks
- Adjust chunk size limit for this warning via build.chunkSizeWarningLimit.
✓ built in 12.43s
