需求编号,来源文档和章节,原子需求,对应实施工作包,实现文件或符号,自动化验证,页面PDA打印或性能验证,当前状态,证据链接或位置,产品确认人,确认版本
SCOPE-001,product-design.md 第01节,菜单位于DDS供应链域并与物料监控与决策并列,WP07,src/pages/production-fulfillment/common.ts、index.ts；src/data/app-shell-config.ts；src/router/routes.ts,V3当前：专项66项测试通过（整组结果，逐条当前断言需绑定）；范围类型0错、外部61项既有错，Vite构建通过。V3 来源与界面已变更；旧验收不继承，当前完整浏览器已有1050样本，但加载失败、图片及完整准备关联等边界证据未齐。 历史验证说明（非V3证明）：scripts/check-dds-production-fulfillment.mjs：九类路由/角色读取/Mock提示,V3：七菜单/详情部分功能检查通过，最终浏览器1050样本检查已完成，但加载失败且其他边界缺证；冷加载/刷新最大429ms/364.099999994ms不通过，目标物料照片未逐一覆盖。V3 来源与界面已变更；旧验收不继承，当前完整浏览器已有1050样本，但加载失败、图片及完整准备关联等边界证据未齐。 历史范围（不可继承）：九类路由；overview-1366.png；adjacent-regression.json；无新增PDA执行或现场标签打印（沿用来源系统）；DDS报表打印另验。,已实现待验证,V3范围/缺口：source-alignment-v3.md；product-design.md 第20.2节；当前目标报告：output/playwright/dds-pf-v3/verification.json（最终1050样本，加载失败，整体不通过）；历史证据（仅原版本）：implementation-evidence/verification.json；implementation-evidence/build.log；implementation-evidence/build-manifest.json；implementation-review.md,用户已确认V3业务与界面修正；当前产品接受未发生；Codex仍在实现/验证,V3.0当前工作树；基础HEAD4804328a；未完成性能/图片门禁；历史已验证仅属原证据版本
SCOPE-002,product-design.md 第01节,新增菜单正式名称为生产与履约时效,WP07,src/pages/production-fulfillment/common.ts、index.ts；src/data/app-shell-config.ts；src/router/routes.ts,V3当前：专项66项测试通过（整组结果，逐条当前断言需绑定）；范围类型0错、外部61项既有错，Vite构建通过。V3 来源与界面已变更；旧验收不继承，当前完整浏览器已有1050样本，但加载失败、图片及完整准备关联等边界证据未齐。 历史验证说明（非V3证明）：scripts/check-dds-production-fulfillment.mjs：九类路由/角色读取/Mock提示,V3：七菜单/详情部分功能检查通过，最终浏览器1050样本检查已完成，但加载失败且其他边界缺证；冷加载/刷新最大429ms/364.099999994ms不通过，目标物料照片未逐一覆盖。V3 来源与界面已变更；旧验收不继承，当前完整浏览器已有1050样本，但加载失败、图片及完整准备关联等边界证据未齐。 历史范围（不可继承）：九类路由；overview-1366.png；adjacent-regression.json；无新增PDA执行或现场标签打印（沿用来源系统）；DDS报表打印另验。,已实现待验证,V3范围/缺口：source-alignment-v3.md；product-design.md 第20.2节；当前目标报告：output/playwright/dds-pf-v3/verification.json（最终1050样本，加载失败，整体不通过）；历史证据（仅原版本）：implementation-evidence/verification.json；implementation-evidence/build.log；implementation-evidence/build-manifest.json；implementation-review.md,用户已确认V3业务与界面修正；当前产品接受未发生；Codex仍在实现/验证,V3.0当前工作树；基础HEAD4804328a；未完成性能/图片门禁；历史已验证仅属原证据版本
SCOPE-003,product-design.md 第01节,DDS不替代来源系统执行采购收发及质检事实,WP07,src/pages/production-fulfillment/common.ts、index.ts；src/data/app-shell-config.ts；src/router/routes.ts,V3当前：专项66项测试通过（整组结果，逐条当前断言需绑定）；范围类型0错、外部61项既有错，Vite构建通过。V3 来源与界面已变更；旧验收不继承，当前完整浏览器已有1050样本，但加载失败、图片及完整准备关联等边界证据未齐。 历史验证说明（非V3证明）：scripts/check-dds-production-fulfillment.mjs：九类路由/角色读取/Mock提示,V3：七菜单/详情部分功能检查通过，最终浏览器1050样本检查已完成，但加载失败且其他边界缺证；冷加载/刷新最大429ms/364.099999994ms不通过，目标物料照片未逐一覆盖。V3 来源与界面已变更；旧验收不继承，当前完整浏览器已有1050样本，但加载失败、图片及完整准备关联等边界证据未齐。 历史范围（不可继承）：九类路由；overview-1366.png；adjacent-regression.json；无新增PDA执行或现场标签打印（沿用来源系统）；DDS报表打印另验。,已实现待验证,V3范围/缺口：source-alignment-v3.md；product-design.md 第20.2节；当前目标报告：output/playwright/dds-pf-v3/verification.json（最终1050样本，加载失败，整体不通过）；历史证据（仅原版本）：implementation-evidence/verification.json；implementation-evidence/build.log；implementation-evidence/build-manifest.json；implementation-review.md,用户已确认V3业务与界面修正；当前产品接受未发生；Codex仍在实现/验证,V3.0当前工作树；基础HEAD4804328a；未完成性能/图片门禁；历史已验证仅属原证据版本
SCOPE-004,product-design.md 第01/02.1/20.2节；source-alignment-v3.md 第1/4节,当前来源原型记录与独立规则示例明确分开，不宣称接通线上；顶部不再展示Mock标签,WP07,src/pages/production-fulfillment/common.ts、index.ts；src/data/app-shell-config.ts；src/router/routes.ts,V3当前：专项66项测试通过（整组结果，逐条当前断言需绑定）；范围类型0错、外部61项既有错，Vite构建通过。V3 来源与界面已变更；旧验收不继承，当前完整浏览器已有1050样本，但加载失败、图片及完整准备关联等边界证据未齐。 历史验证说明（非V3证明）：scripts/check-dds-production-fulfillment.mjs：九类路由/角色读取/Mock提示,V3：七菜单/详情部分功能检查通过，最终浏览器1050样本检查已完成，但加载失败且其他边界缺证；冷加载/刷新最大429ms/364.099999994ms不通过，目标物料照片未逐一覆盖。V3 来源与界面已变更；旧验收不继承，当前完整浏览器已有1050样本，但加载失败、图片及完整准备关联等边界证据未齐。 历史范围（不可继承）：九类路由；overview-1366.png；adjacent-regression.json；无新增PDA执行或现场标签打印（沿用来源系统）；DDS报表打印另验。,已实现待验证,V3范围/缺口：source-alignment-v3.md；product-design.md 第20.2节；当前目标报告：output/playwright/dds-pf-v3/verification.json（最终1050样本，加载失败，整体不通过）；历史证据（仅原版本）：implementation-evidence/verification.json；implementation-evidence/build.log；implementation-evidence/build-manifest.json；implementation-review.md,用户已确认V3业务与界面修正；当前产品接受未发生；Codex仍在实现/验证,V3.0当前工作树；基础HEAD4804328a；未完成性能/图片门禁；历史已验证仅属原证据版本
SOURCE-001,product-design.md 第02节,准备单通过显式需求关系关联，不按SPU猜任务,WP01,src/pages/production-fulfillment/fixtures.ts、catalog.ts、boundary-evidence.ts,V3当前：专项66项测试通过（整组结果，逐条当前断言需绑定）；范围类型0错、外部61项既有错，Vite构建通过。V3 来源与界面已变更；旧验收不继承，当前完整浏览器已有1050样本，但加载失败、图片及完整准备关联等边界证据未齐。 历史验证说明（非V3证明）：tests/unit/production-fulfillment-calculations.test.ts：源头/共享/自然日；tests/unit/production-fulfillment-boundary-evidence.test.ts：准备复用/提前加工匹配,V3：七菜单/详情部分功能检查通过，最终浏览器1050样本检查已完成，但加载失败且其他边界缺证；冷加载/刷新最大429ms/364.099999994ms不通过，目标物料照片未逐一覆盖。V3 来源与界面已变更；旧验收不继承，当前完整浏览器已有1050样本，但加载失败、图片及完整准备关联等边界证据未齐。 历史范围（不可继承）：001计算与版本 REUSE；001/006工作抽屉来源；无新增PDA执行或现场标签打印（沿用来源系统）；DDS报表打印另验。,已实现待验证,V3范围/缺口：source-alignment-v3.md；product-design.md 第20.2节；当前目标报告：output/playwright/dds-pf-v3/verification.json（最终1050样本，加载失败，整体不通过）；历史证据（仅原版本）：implementation-evidence/verification.json；implementation-evidence/build.log；implementation-evidence/build-manifest.json；implementation-review.md,用户已确认V3业务与界面修正；当前产品接受未发生；Codex仍在实现/验证,V3.0当前工作树；基础HEAD4804328a；未完成性能/图片门禁；历史已验证仅属原证据版本
SOURCE-002,product-design.md 第02节,当前专业任务类型和复用规则用于工作适用判断,WP01,src/pages/production-fulfillment/fixtures.ts、catalog.ts、boundary-evidence.ts,V3当前：专项66项测试通过（整组结果，逐条当前断言需绑定）；范围类型0错、外部61项既有错，Vite构建通过。V3 来源与界面已变更；旧验收不继承，当前完整浏览器已有1050样本，但加载失败、图片及完整准备关联等边界证据未齐。 历史验证说明（非V3证明）：tests/unit/production-fulfillment-calculations.test.ts：源头/共享/自然日；tests/unit/production-fulfillment-boundary-evidence.test.ts：准备复用/提前加工匹配,V3：七菜单/详情部分功能检查通过，最终浏览器1050样本检查已完成，但加载失败且其他边界缺证；冷加载/刷新最大429ms/364.099999994ms不通过，目标物料照片未逐一覆盖。V3 来源与界面已变更；旧验收不继承，当前完整浏览器已有1050样本，但加载失败、图片及完整准备关联等边界证据未齐。 历史范围（不可继承）：001计算与版本 REUSE；001/006工作抽屉来源；无新增PDA执行或现场标签打印（沿用来源系统）；DDS报表打印另验。,已实现待验证,V3范围/缺口：source-alignment-v3.md；product-design.md 第20.2节；当前目标报告：output/playwright/dds-pf-v3/verification.json（最终1050样本，加载失败，整体不通过）；历史证据（仅原版本）：implementation-evidence/verification.json；implementation-evidence/build.log；implementation-evidence/build-manifest.json；implementation-review.md,用户已确认V3业务与界面修正；当前产品接受未发生；Codex仍在实现/验证,V3.0当前工作树；基础HEAD4804328a；未完成性能/图片门禁；历史已验证仅属原证据版本
SOURCE-003,product-design.md 第02节,采购下单SKU覆盖不能作为足量到厂完成证据,WP01,src/pages/production-fulfillment/fixtures.ts、catalog.ts、boundary-evidence.ts,V3当前：专项66项测试通过（整组结果，逐条当前断言需绑定）；范围类型0错、外部61项既有错，Vite构建通过。V3 来源与界面已变更；旧验收不继承，当前完整浏览器已有1050样本，但加载失败、图片及完整准备关联等边界证据未齐。 历史验证说明（非V3证明）：tests/unit/production-fulfillment-calculations.test.ts：源头/共享/自然日；tests/unit/production-fulfillment-boundary-evidence.test.ts：准备复用/提前加工匹配,V3：七菜单/详情部分功能检查通过，最终浏览器1050样本检查已完成，但加载失败且其他边界缺证；冷加载/刷新最大429ms/364.099999994ms不通过，目标物料照片未逐一覆盖。V3 来源与界面已变更；旧验收不继承，当前完整浏览器已有1050样本，但加载失败、图片及完整准备关联等边界证据未齐。 历史范围（不可继承）：001计算与版本 REUSE；001/006工作抽屉来源；无新增PDA执行或现场标签打印（沿用来源系统）；DDS报表打印另验。,已实现待验证,V3范围/缺口：source-alignment-v3.md；product-design.md 第20.2节；当前目标报告：output/playwright/dds-pf-v3/verification.json（最终1050样本，加载失败，整体不通过）；历史证据（仅原版本）：implementation-evidence/verification.json；implementation-evidence/build.log；implementation-evidence/build-manifest.json；implementation-review.md,用户已确认V3业务与界面修正；当前产品接受未发生；Codex仍在实现/验证,V3.0当前工作树；基础HEAD4804328a；未完成性能/图片门禁；历史已验证仅属原证据版本
SOURCE-004,product-design.md 第02节,提前加工单匹配后保留同一工作与来源，不重复创建计时,WP01,src/pages/production-fulfillment/fixtures.ts、catalog.ts、boundary-evidence.ts,V3当前：专项66项测试通过（整组结果，逐条当前断言需绑定）；范围类型0错、外部61项既有错，Vite构建通过。V3 来源与界面已变更；旧验收不继承，当前完整浏览器已有1050样本，但加载失败、图片及完整准备关联等边界证据未齐。 历史验证说明（非V3证明）：tests/unit/production-fulfillment-calculations.test.ts：源头/共享/自然日；tests/unit/production-fulfillment-boundary-evidence.test.ts：准备复用/提前加工匹配,V3：七菜单/详情部分功能检查通过，最终浏览器1050样本检查已完成，但加载失败且其他边界缺证；冷加载/刷新最大429ms/364.099999994ms不通过，目标物料照片未逐一覆盖。V3 来源与界面已变更；旧验收不继承，当前完整浏览器已有1050样本，但加载失败、图片及完整准备关联等边界证据未齐。 历史范围（不可继承）：001计算与版本 REUSE；001/006工作抽屉来源；无新增PDA执行或现场标签打印（沿用来源系统）；DDS报表打印另验。,已实现待验证,V3范围/缺口：source-alignment-v3.md；product-design.md 第20.2节；当前目标报告：output/playwright/dds-pf-v3/verification.json（最终1050样本，加载失败，整体不通过）；历史证据（仅原版本）：implementation-evidence/verification.json；implementation-evidence/build.log；implementation-evidence/build-manifest.json；implementation-review.md；tests/unit/production-fulfillment-boundary-evidence.test.ts；001计算与版本独立边界卡,用户已确认V3业务与界面修正；当前产品接受未发生；Codex仍在实现/验证,V3.0当前工作树；基础HEAD4804328a；未完成性能/图片门禁；历史已验证仅属原证据版本
SOURCE-005,product-design.md 第02节,本模块不得继承旧车缝排除周日的计时规则,WP01,src/pages/production-fulfillment/fixtures.ts、catalog.ts、boundary-evidence.ts,V3当前：专项66项测试通过（整组结果，逐条当前断言需绑定）；范围类型0错、外部61项既有错，Vite构建通过。V3 来源与界面已变更；旧验收不继承，当前完整浏览器已有1050样本，但加载失败、图片及完整准备关联等边界证据未齐。 历史验证说明（非V3证明）：tests/unit/production-fulfillment-calculations.test.ts：源头/共享/自然日；tests/unit/production-fulfillment-boundary-evidence.test.ts：准备复用/提前加工匹配,V3：七菜单/详情部分功能检查通过，最终浏览器1050样本检查已完成，但加载失败且其他边界缺证；冷加载/刷新最大429ms/364.099999994ms不通过，目标物料照片未逐一覆盖。V3 来源与界面已变更；旧验收不继承，当前完整浏览器已有1050样本，但加载失败、图片及完整准备关联等边界证据未齐。 历史范围（不可继承）：001计算与版本 REUSE；001/006工作抽屉来源；无新增PDA执行或现场标签打印（沿用来源系统）；DDS报表打印另验。,已实现待验证,V3范围/缺口：source-alignment-v3.md；product-design.md 第20.2节；当前目标报告：output/playwright/dds-pf-v3/verification.json（最终1050样本，加载失败，整体不通过）；历史证据（仅原版本）：implementation-evidence/verification.json；implementation-evidence/build.log；implementation-evidence/build-manifest.json；implementation-review.md,用户已确认V3业务与界面修正；当前产品接受未发生；Codex仍在实现/验证,V3.0当前工作树；基础HEAD4804328a；未完成性能/图片门禁；历史已验证仅属原证据版本
OBJECT-001,product-design.md 第03节,商品采购与1比1需求只形成一个生产任务,WP02,src/pages/production-fulfillment/model.ts、fixtures.ts、mock-data.json、calculations.ts、boundary-evidence.ts,V3当前：专项66项测试通过（整组结果，逐条当前断言需绑定）；范围类型0错、外部61项既有错，Vite构建通过。V3 来源与界面已变更；旧验收不继承，当前完整浏览器已有1050样本，但加载失败、图片及完整准备关联等边界证据未齐。 历史验证说明（非V3证明）：tests/unit/production-fulfillment-calculations.test.ts：共享实例/独立T0/容量；tests/unit/production-fulfillment-boundary-evidence.test.ts：REUSE/SHIPMENT-IDENTITY,V3：七菜单/详情部分功能检查通过，最终浏览器1050样本检查已完成，但加载失败且其他边界缺证；冷加载/刷新最大429ms/364.099999994ms不通过，目标物料照片未逐一覆盖。V3 来源与界面已变更；旧验收不继承，当前完整浏览器已有1050样本，但加载失败、图片及完整准备关联等边界证据未齐。 历史范围（不可继承）：005/006合并生产单来源；001计算与版本；无新增PDA执行或现场标签打印（沿用来源系统）；DDS报表打印另验。,已实现待验证,V3范围/缺口：source-alignment-v3.md；product-design.md 第20.2节；当前目标报告：output/playwright/dds-pf-v3/verification.json（最终1050样本，加载失败，整体不通过）；历史证据（仅原版本）：implementation-evidence/verification.json；implementation-evidence/build.log；implementation-evidence/build-manifest.json；implementation-review.md,用户已确认V3业务与界面修正；当前产品接受未发生；Codex仍在实现/验证,V3.0当前工作树；基础HEAD4804328a；未完成性能/图片门禁；历史已验证仅属原证据版本
OBJECT-002,product-design.md 第03节,生产任务T0保留商品采购及需求下单源头,WP02,src/pages/production-fulfillment/model.ts、fixtures.ts、mock-data.json、calculations.ts、boundary-evidence.ts,V3当前：专项66项测试通过（整组结果，逐条当前断言需绑定）；范围类型0错、外部61项既有错，Vite构建通过。V3 来源与界面已变更；旧验收不继承，当前完整浏览器已有1050样本，但加载失败、图片及完整准备关联等边界证据未齐。 历史验证说明（非V3证明）：tests/unit/production-fulfillment-calculations.test.ts：共享实例/独立T0/容量；tests/unit/production-fulfillment-boundary-evidence.test.ts：REUSE/SHIPMENT-IDENTITY,V3：七菜单/详情部分功能检查通过，最终浏览器1050样本检查已完成，但加载失败且其他边界缺证；冷加载/刷新最大429ms/364.099999994ms不通过，目标物料照片未逐一覆盖。V3 来源与界面已变更；旧验收不继承，当前完整浏览器已有1050样本，但加载失败、图片及完整准备关联等边界证据未齐。 历史范围（不可继承）：005/006合并生产单来源；001计算与版本；无新增PDA执行或现场标签打印（沿用来源系统）；DDS报表打印另验。,已实现待验证,V3范围/缺口：source-alignment-v3.md；product-design.md 第20.2节；当前目标报告：output/playwright/dds-pf-v3/verification.json（最终1050样本，加载失败，整体不通过）；历史证据（仅原版本）：implementation-evidence/verification.json；implementation-evidence/build.log；implementation-evidence/build-manifest.json；implementation-review.md,用户已确认V3业务与界面修正；当前产品接受未发生；Codex仍在实现/验证,V3.0当前工作树；基础HEAD4804328a；未完成性能/图片门禁；历史已验证仅属原证据版本
OBJECT-003,product-design.md 第03节,合并生产单保留每个来源需求的T0和数量,WP02,src/pages/production-fulfillment/model.ts、fixtures.ts、mock-data.json、calculations.ts、boundary-evidence.ts,V3当前：专项66项测试通过（整组结果，逐条当前断言需绑定）；范围类型0错、外部61项既有错，Vite构建通过。V3 来源与界面已变更；旧验收不继承，当前完整浏览器已有1050样本，但加载失败、图片及完整准备关联等边界证据未齐。 历史验证说明（非V3证明）：tests/unit/production-fulfillment-calculations.test.ts：共享实例/独立T0/容量；tests/unit/production-fulfillment-boundary-evidence.test.ts：REUSE/SHIPMENT-IDENTITY,V3：七菜单/详情部分功能检查通过，最终浏览器1050样本检查已完成，但加载失败且其他边界缺证；冷加载/刷新最大429ms/364.099999994ms不通过，目标物料照片未逐一覆盖。V3 来源与界面已变更；旧验收不继承，当前完整浏览器已有1050样本，但加载失败、图片及完整准备关联等边界证据未齐。 历史范围（不可继承）：005/006合并生产单来源；001计算与版本；无新增PDA执行或现场标签打印（沿用来源系统）；DDS报表打印另验。,已实现待验证,V3范围/缺口：source-alignment-v3.md；product-design.md 第20.2节；当前目标报告：output/playwright/dds-pf-v3/verification.json（最终1050样本，加载失败，整体不通过）；历史证据（仅原版本）：implementation-evidence/verification.json；implementation-evidence/build.log；implementation-evidence/build-manifest.json；implementation-review.md,用户已确认V3业务与界面修正；当前产品接受未发生；Codex仍在实现/验证,V3.0当前工作树；基础HEAD4804328a；未完成性能/图片门禁；历史已验证仅属原证据版本
OBJECT-004,product-design.md 第03节,合并生产单明确唯一主跟单及来源跟单,WP02,src/pages/production-fulfillment/model.ts、fixtures.ts、mock-data.json、calculations.ts、boundary-evidence.ts,V3当前：专项66项测试通过（整组结果，逐条当前断言需绑定）；范围类型0错、外部61项既有错，Vite构建通过。V3 来源与界面已变更；旧验收不继承，当前完整浏览器已有1050样本，但加载失败、图片及完整准备关联等边界证据未齐。 历史验证说明（非V3证明）：tests/unit/production-fulfillment-calculations.test.ts：共享实例/独立T0/容量；tests/unit/production-fulfillment-boundary-evidence.test.ts：REUSE/SHIPMENT-IDENTITY,V3：七菜单/详情部分功能检查通过，最终浏览器1050样本检查已完成，但加载失败且其他边界缺证；冷加载/刷新最大429ms/364.099999994ms不通过，目标物料照片未逐一覆盖。V3 来源与界面已变更；旧验收不继承，当前完整浏览器已有1050样本，但加载失败、图片及完整准备关联等边界证据未齐。 历史范围（不可继承）：005/006合并生产单来源；001计算与版本；无新增PDA执行或现场标签打印（沿用来源系统）；DDS报表打印另验。,已实现待验证,V3范围/缺口：source-alignment-v3.md；product-design.md 第20.2节；当前目标报告：output/playwright/dds-pf-v3/verification.json（最终1050样本，加载失败，整体不通过）；历史证据（仅原版本）：implementation-evidence/verification.json；implementation-evidence/build.log；implementation-evidence/build-manifest.json；implementation-review.md,用户已确认V3业务与界面修正；当前产品接受未发生；Codex仍在实现/验证,V3.0当前工作树；基础HEAD4804328a；未完成性能/图片门禁；历史已验证仅属原证据版本
OBJECT-005,product-design.md 第03节,准备单复用显示技术版本和复用依据,WP02,src/pages/production-fulfillment/model.ts、fixtures.ts、mock-data.json、calculations.ts、boundary-evidence.ts,V3当前：专项66项测试通过（整组结果，逐条当前断言需绑定）；范围类型0错、外部61项既有错，Vite构建通过。V3 来源与界面已变更；旧验收不继承，当前完整浏览器已有1050样本，但加载失败、图片及完整准备关联等边界证据未齐。 历史验证说明（非V3证明）：tests/unit/production-fulfillment-calculations.test.ts：共享实例/独立T0/容量；tests/unit/production-fulfillment-boundary-evidence.test.ts：REUSE/SHIPMENT-IDENTITY,V3：七菜单/详情部分功能检查通过，最终浏览器1050样本检查已完成，但加载失败且其他边界缺证；冷加载/刷新最大429ms/364.099999994ms不通过，目标物料照片未逐一覆盖。V3 来源与界面已变更；旧验收不继承，当前完整浏览器已有1050样本，但加载失败、图片及完整准备关联等边界证据未齐。 历史范围（不可继承）：005/006合并生产单来源；001计算与版本；无新增PDA执行或现场标签打印（沿用来源系统）；DDS报表打印另验。,已实现待验证,V3范围/缺口：source-alignment-v3.md；product-design.md 第20.2节；当前目标报告：output/playwright/dds-pf-v3/verification.json（最终1050样本，加载失败，整体不通过）；历史证据（仅原版本）：implementation-evidence/verification.json；implementation-evidence/build.log；implementation-evidence/build-manifest.json；implementation-review.md；tests/unit/production-fulfillment-boundary-evidence.test.ts；001计算与版本独立边界卡,用户已确认V3业务与界面修正；当前产品接受未发生；Codex仍在实现/验证,V3.0当前工作树；基础HEAD4804328a；未完成性能/图片门禁；历史已验证仅属原证据版本
OBJECT-006,product-design.md 第03节,共享工作全局按实例ID去重,WP02,src/pages/production-fulfillment/model.ts、fixtures.ts、mock-data.json、calculations.ts、boundary-evidence.ts,V3当前：专项66项测试通过（整组结果，逐条当前断言需绑定）；范围类型0错、外部61项既有错，Vite构建通过。V3 来源与界面已变更；旧验收不继承，当前完整浏览器已有1050样本，但加载失败、图片及完整准备关联等边界证据未齐。 历史验证说明（非V3证明）：tests/unit/production-fulfillment-calculations.test.ts：共享实例/独立T0/容量；tests/unit/production-fulfillment-boundary-evidence.test.ts：REUSE/SHIPMENT-IDENTITY,V3：七菜单/详情部分功能检查通过，最终浏览器1050样本检查已完成，但加载失败且其他边界缺证；冷加载/刷新最大429ms/364.099999994ms不通过，目标物料照片未逐一覆盖。V3 来源与界面已变更；旧验收不继承，当前完整浏览器已有1050样本，但加载失败、图片及完整准备关联等边界证据未齐。 历史范围（不可继承）：005/006合并生产单来源；001计算与版本；无新增PDA执行或现场标签打印（沿用来源系统）；DDS报表打印另验。,已实现待验证,V3范围/缺口：source-alignment-v3.md；product-design.md 第20.2节；当前目标报告：output/playwright/dds-pf-v3/verification.json（最终1050样本，加载失败，整体不通过）；历史证据（仅原版本）：implementation-evidence/verification.json；implementation-evidence/build.log；implementation-evidence/build-manifest.json；implementation-review.md,用户已确认V3业务与界面修正；当前产品接受未发生；Codex仍在实现/验证,V3.0当前工作树；基础HEAD4804328a；未完成性能/图片门禁；历史已验证仅属原证据版本
OBJECT-007,product-design.md 第03节,共享产出与能力按任务分配不重复占用,WP02,src/pages/production-fulfillment/model.ts、fixtures.ts、mock-data.json、calculations.ts、boundary-evidence.ts,V3当前：专项66项测试通过（整组结果，逐条当前断言需绑定）；范围类型0错、外部61项既有错，Vite构建通过。V3 来源与界面已变更；旧验收不继承，当前完整浏览器已有1050样本，但加载失败、图片及完整准备关联等边界证据未齐。 历史验证说明（非V3证明）：tests/unit/production-fulfillment-calculations.test.ts：共享实例/独立T0/容量；tests/unit/production-fulfillment-boundary-evidence.test.ts：REUSE/SHIPMENT-IDENTITY,V3：七菜单/详情部分功能检查通过，最终浏览器1050样本检查已完成，但加载失败且其他边界缺证；冷加载/刷新最大429ms/364.099999994ms不通过，目标物料照片未逐一覆盖。V3 来源与界面已变更；旧验收不继承，当前完整浏览器已有1050样本，但加载失败、图片及完整准备关联等边界证据未齐。 历史范围（不可继承）：005/006合并生产单来源；001计算与版本；无新增PDA执行或现场标签打印（沿用来源系统）；DDS报表打印另验。,已实现待验证,V3范围/缺口：source-alignment-v3.md；product-design.md 第20.2节；当前目标报告：output/playwright/dds-pf-v3/verification.json（最终1050样本，加载失败，整体不通过）；历史证据（仅原版本）：implementation-evidence/verification.json；implementation-evidence/build.log；implementation-evidence/build-manifest.json；implementation-review.md,用户已确认V3业务与界面修正；当前产品接受未发生；Codex仍在实现/验证,V3.0当前工作树；基础HEAD4804328a；未完成性能/图片门禁；历史已验证仅属原证据版本
OBJECT-008,product-design.md 第03节,实发来源不明时不按SPU自动扣减生产任务数量,WP02,src/pages/production-fulfillment/model.ts、fixtures.ts、mock-data.json、calculations.ts、boundary-evidence.ts,V3当前：专项66项测试通过（整组结果，逐条当前断言需绑定）；范围类型0错、外部61项既有错，Vite构建通过。V3 来源与界面已变更；旧验收不继承，当前完整浏览器已有1050样本，但加载失败、图片及完整准备关联等边界证据未齐。 历史验证说明（非V3证明）：tests/unit/production-fulfillment-calculations.test.ts：共享实例/独立T0/容量；tests/unit/production-fulfillment-boundary-evidence.test.ts：REUSE/SHIPMENT-IDENTITY,V3：七菜单/详情部分功能检查通过，最终浏览器1050样本检查已完成，但加载失败且其他边界缺证；冷加载/刷新最大429ms/364.099999994ms不通过，目标物料照片未逐一覆盖。V3 来源与界面已变更；旧验收不继承，当前完整浏览器已有1050样本，但加载失败、图片及完整准备关联等边界证据未齐。 历史范围（不可继承）：005/006合并生产单来源；001计算与版本；无新增PDA执行或现场标签打印（沿用来源系统）；DDS报表打印另验。,已实现待验证,V3范围/缺口：source-alignment-v3.md；product-design.md 第20.2节；当前目标报告：output/playwright/dds-pf-v3/verification.json（最终1050样本，加载失败，整体不通过）；历史证据（仅原版本）：implementation-evidence/verification.json；implementation-evidence/build.log；implementation-evidence/build-manifest.json；implementation-review.md；tests/unit/production-fulfillment-boundary-evidence.test.ts；001计算与版本独立边界卡,用户已确认V3业务与界面修正；当前产品接受未发生；Codex仍在实现/验证,V3.0当前工作树；基础HEAD4804328a；未完成性能/图片门禁；历史已验证仅属原证据版本
FLOW-001,product-design.md 第04节,9阶段是展示分类而非固定串行依赖,WP02,src/pages/production-fulfillment/fixtures.ts、timeline.ts、scenarios.ts、boundary-evidence.ts,V3当前：专项66项测试通过（整组结果，逐条当前断言需绑定）；范围类型0错、外部61项既有错，Vite构建通过。V3 来源与界面已变更；旧验收不继承，当前完整浏览器已有1050样本，但加载失败、图片及完整准备关联等边界证据未齐。 历史验证说明（非V3证明）：tests/unit/production-fulfillment-calculations.test.ts：31项sum/max网络；tests/unit/production-fulfillment-boundary-evidence.test.ts：返工新增轮次；scripts/check-dds-production-fulfillment.mjs：未知路线收敛,V3：七菜单/详情部分功能检查通过，最终浏览器1050样本检查已完成，但加载失败且其他边界缺证；冷加载/刷新最大429ms/364.099999994ms不通过，目标物料照片未逐一覆盖。V3 来源与界面已变更；旧验收不继承，当前完整浏览器已有1050样本，但加载失败、图片及完整准备关联等边界证据未齐。 历史范围（不可继承）：001九阶段/组内动作；004路线模拟；REWORK独立算例；无新增PDA执行或现场标签打印（沿用来源系统）；DDS报表打印另验。,已实现待验证,V3范围/缺口：source-alignment-v3.md；product-design.md 第20.2节；当前目标报告：output/playwright/dds-pf-v3/verification.json（最终1050样本，加载失败，整体不通过）；历史证据（仅原版本）：implementation-evidence/verification.json；implementation-evidence/build.log；implementation-evidence/build-manifest.json；implementation-review.md,用户已确认V3业务与界面修正；当前产品接受未发生；Codex仍在实现/验证,V3.0当前工作树；基础HEAD4804328a；未完成性能/图片门禁；历史已验证仅属原证据版本
FLOW-002,product-design.md 第04节,适用工作按物料工艺批次实例化，数量动态计算,WP02,src/pages/production-fulfillment/fixtures.ts、timeline.ts、scenarios.ts、boundary-evidence.ts,V3当前：专项66项测试通过（整组结果，逐条当前断言需绑定）；范围类型0错、外部61项既有错，Vite构建通过。V3 来源与界面已变更；旧验收不继承，当前完整浏览器已有1050样本，但加载失败、图片及完整准备关联等边界证据未齐。 历史验证说明（非V3证明）：tests/unit/production-fulfillment-calculations.test.ts：31项sum/max网络；tests/unit/production-fulfillment-boundary-evidence.test.ts：返工新增轮次；scripts/check-dds-production-fulfillment.mjs：未知路线收敛,V3：七菜单/详情部分功能检查通过，最终浏览器1050样本检查已完成，但加载失败且其他边界缺证；冷加载/刷新最大429ms/364.099999994ms不通过，目标物料照片未逐一覆盖。V3 来源与界面已变更；旧验收不继承，当前完整浏览器已有1050样本，但加载失败、图片及完整准备关联等边界证据未齐。 历史范围（不可继承）：001九阶段/组内动作；004路线模拟；REWORK独立算例；无新增PDA执行或现场标签打印（沿用来源系统）；DDS报表打印另验。,已实现待验证,V3范围/缺口：source-alignment-v3.md；product-design.md 第20.2节；当前目标报告：output/playwright/dds-pf-v3/verification.json（最终1050样本，加载失败，整体不通过）；历史证据（仅原版本）：implementation-evidence/verification.json；implementation-evidence/build.log；implementation-evidence/build-manifest.json；implementation-review.md,用户已确认V3业务与界面修正；当前产品接受未发生；Codex仍在实现/验证,V3.0当前工作树；基础HEAD4804328a；未完成性能/图片门禁；历史已验证仅属原证据版本
FLOW-003,product-design.md 第04节,待判断与不适用明确区分并保留判定依据,WP02,src/pages/production-fulfillment/fixtures.ts、timeline.ts、scenarios.ts、boundary-evidence.ts,V3当前：专项66项测试通过（整组结果，逐条当前断言需绑定）；范围类型0错、外部61项既有错，Vite构建通过。V3 来源与界面已变更；旧验收不继承，当前完整浏览器已有1050样本，但加载失败、图片及完整准备关联等边界证据未齐。 历史验证说明（非V3证明）：tests/unit/production-fulfillment-calculations.test.ts：31项sum/max网络；tests/unit/production-fulfillment-boundary-evidence.test.ts：返工新增轮次；scripts/check-dds-production-fulfillment.mjs：未知路线收敛,V3：七菜单/详情部分功能检查通过，最终浏览器1050样本检查已完成，但加载失败且其他边界缺证；冷加载/刷新最大429ms/364.099999994ms不通过，目标物料照片未逐一覆盖。V3 来源与界面已变更；旧验收不继承，当前完整浏览器已有1050样本，但加载失败、图片及完整准备关联等边界证据未齐。 历史范围（不可继承）：001九阶段/组内动作；004路线模拟；REWORK独立算例；无新增PDA执行或现场标签打印（沿用来源系统）；DDS报表打印另验。,已实现待验证,V3范围/缺口：source-alignment-v3.md；product-design.md 第20.2节；当前目标报告：output/playwright/dds-pf-v3/verification.json（最终1050样本，加载失败，整体不通过）；历史证据（仅原版本）：implementation-evidence/verification.json；implementation-evidence/build.log；implementation-evidence/build-manifest.json；implementation-review.md,用户已确认V3业务与界面修正；当前产品接受未发生；Codex仍在实现/验证,V3.0当前工作树；基础HEAD4804328a；未完成性能/图片门禁；历史已验证仅属原证据版本
FLOW-004,product-design.md 第04节,任务显示计时项与组内动作等不同展开层级计数,WP02,src/pages/production-fulfillment/fixtures.ts、timeline.ts、scenarios.ts、boundary-evidence.ts,V3当前：专项66项测试通过（整组结果，逐条当前断言需绑定）；范围类型0错、外部61项既有错，Vite构建通过。V3 来源与界面已变更；旧验收不继承，当前完整浏览器已有1050样本，但加载失败、图片及完整准备关联等边界证据未齐。 历史验证说明（非V3证明）：tests/unit/production-fulfillment-calculations.test.ts：31项sum/max网络；tests/unit/production-fulfillment-boundary-evidence.test.ts：返工新增轮次；scripts/check-dds-production-fulfillment.mjs：未知路线收敛,V3：七菜单/详情部分功能检查通过，最终浏览器1050样本检查已完成，但加载失败且其他边界缺证；冷加载/刷新最大429ms/364.099999994ms不通过，目标物料照片未逐一覆盖。V3 来源与界面已变更；旧验收不继承，当前完整浏览器已有1050样本，但加载失败、图片及完整准备关联等边界证据未齐。 历史范围（不可继承）：001九阶段/组内动作；004路线模拟；REWORK独立算例；无新增PDA执行或现场标签打印（沿用来源系统）；DDS报表打印另验。,已实现待验证,V3范围/缺口：source-alignment-v3.md；product-design.md 第20.2节；当前目标报告：output/playwright/dds-pf-v3/verification.json（最终1050样本，加载失败，整体不通过）；历史证据（仅原版本）：implementation-evidence/verification.json；implementation-evidence/build.log；implementation-evidence/build-manifest.json；implementation-review.md,用户已确认V3业务与界面修正；当前产品接受未发生；Codex仍在实现/验证,V3.0当前工作树；基础HEAD4804328a；未完成性能/图片门禁；历史已验证仅属原证据版本
FLOW-005,product-design.md 第04节,补采补裁返工在发生位置追加有轮次的工作实例,WP02,src/pages/production-fulfillment/fixtures.ts、timeline.ts、scenarios.ts、boundary-evidence.ts,V3当前：专项66项测试通过（整组结果，逐条当前断言需绑定）；范围类型0错、外部61项既有错，Vite构建通过。V3 来源与界面已变更；旧验收不继承，当前完整浏览器已有1050样本，但加载失败、图片及完整准备关联等边界证据未齐。 历史验证说明（非V3证明）：tests/unit/production-fulfillment-calculations.test.ts：31项sum/max网络；tests/unit/production-fulfillment-boundary-evidence.test.ts：返工新增轮次；scripts/check-dds-production-fulfillment.mjs：未知路线收敛,V3：七菜单/详情部分功能检查通过，最终浏览器1050样本检查已完成，但加载失败且其他边界缺证；冷加载/刷新最大429ms/364.099999994ms不通过，目标物料照片未逐一覆盖。V3 来源与界面已变更；旧验收不继承，当前完整浏览器已有1050样本，但加载失败、图片及完整准备关联等边界证据未齐。 历史范围（不可继承）：001九阶段/组内动作；004路线模拟；REWORK独立算例；无新增PDA执行或现场标签打印（沿用来源系统）；DDS报表打印另验。,已实现待验证,V3范围/缺口：source-alignment-v3.md；product-design.md 第20.2节；当前目标报告：output/playwright/dds-pf-v3/verification.json（最终1050样本，加载失败，整体不通过）；历史证据（仅原版本）：implementation-evidence/verification.json；implementation-evidence/build.log；implementation-evidence/build-manifest.json；implementation-review.md；tests/unit/production-fulfillment-boundary-evidence.test.ts；001计算与版本独立边界卡,用户已确认V3业务与界面修正；当前产品接受未发生；Codex仍在实现/验证,V3.0当前工作树；基础HEAD4804328a；未完成性能/图片门禁；历史已验证仅属原证据版本
STATE-001,product-design.md 第05节,前置及数量门槛满足后工作才进入可执行,WP02,src/pages/production-fulfillment/calculations.ts、model.ts、fixtures.ts,V3当前：专项66项测试通过（整组结果，逐条当前断言需绑定）；范围类型0错、外部61项既有错，Vite构建通过。V3 来源与界面已变更；旧验收不继承，当前完整浏览器已有1050样本，但加载失败、图片及完整准备关联等边界证据未齐。 历史验证说明（非V3证明）：tests/unit/production-fulfillment-calculations.test.ts：完成停表/迟到/批次/订单只源于实发,V3：七菜单/详情部分功能检查通过，最终浏览器1050样本检查已完成，但加载失败且其他边界缺证；冷加载/刷新最大429ms/364.099999994ms不通过，目标物料照片未逐一覆盖。V3 来源与界面已变更；旧验收不继承，当前完整浏览器已有1050样本，但加载失败、图片及完整准备关联等边界证据未齐。 历史范围（不可继承）：工作抽屉数量、状态、前置和责任起算；实际发货与订单；无新增PDA执行或现场标签打印（沿用来源系统）；DDS报表打印另验。,已实现待验证,V3范围/缺口：source-alignment-v3.md；product-design.md 第20.2节；当前目标报告：output/playwright/dds-pf-v3/verification.json（最终1050样本，加载失败，整体不通过）；历史证据（仅原版本）：implementation-evidence/verification.json；implementation-evidence/build.log；implementation-evidence/build-manifest.json；implementation-review.md,用户已确认V3业务与界面修正；当前产品接受未发生；Codex仍在实现/验证,V3.0当前工作树；基础HEAD4804328a；未完成性能/图片门禁；历史已验证仅属原证据版本
STATE-002,product-design.md 第05节,业务状态与时效状态独立，完成仍可显示历史逾期,WP02,src/pages/production-fulfillment/calculations.ts、model.ts、fixtures.ts,V3当前：专项66项测试通过（整组结果，逐条当前断言需绑定）；范围类型0错、外部61项既有错，Vite构建通过。V3 来源与界面已变更；旧验收不继承，当前完整浏览器已有1050样本，但加载失败、图片及完整准备关联等边界证据未齐。 历史验证说明（非V3证明）：tests/unit/production-fulfillment-calculations.test.ts：完成停表/迟到/批次/订单只源于实发,V3：七菜单/详情部分功能检查通过，最终浏览器1050样本检查已完成，但加载失败且其他边界缺证；冷加载/刷新最大429ms/364.099999994ms不通过，目标物料照片未逐一覆盖。V3 来源与界面已变更；旧验收不继承，当前完整浏览器已有1050样本，但加载失败、图片及完整准备关联等边界证据未齐。 历史范围（不可继承）：工作抽屉数量、状态、前置和责任起算；实际发货与订单；无新增PDA执行或现场标签打印（沿用来源系统）；DDS报表打印另验。,已实现待验证,V3范围/缺口：source-alignment-v3.md；product-design.md 第20.2节；当前目标报告：output/playwright/dds-pf-v3/verification.json（最终1050样本，加载失败，整体不通过）；历史证据（仅原版本）：implementation-evidence/verification.json；implementation-evidence/build.log；implementation-evidence/build-manifest.json；implementation-review.md,用户已确认V3业务与界面修正；当前产品接受未发生；Codex仍在实现/验证,V3.0当前工作树；基础HEAD4804328a；未完成性能/图片门禁；历史已验证仅属原证据版本
STATE-003,product-design.md 第05节,数据完整性与业务状态独立显示,WP02,src/pages/production-fulfillment/calculations.ts、model.ts、fixtures.ts,V3当前：专项66项测试通过（整组结果，逐条当前断言需绑定）；范围类型0错、外部61项既有错，Vite构建通过。V3 来源与界面已变更；旧验收不继承，当前完整浏览器已有1050样本，但加载失败、图片及完整准备关联等边界证据未齐。 历史验证说明（非V3证明）：tests/unit/production-fulfillment-calculations.test.ts：完成停表/迟到/批次/订单只源于实发,V3：七菜单/详情部分功能检查通过，最终浏览器1050样本检查已完成，但加载失败且其他边界缺证；冷加载/刷新最大429ms/364.099999994ms不通过，目标物料照片未逐一覆盖。V3 来源与界面已变更；旧验收不继承，当前完整浏览器已有1050样本，但加载失败、图片及完整准备关联等边界证据未齐。 历史范围（不可继承）：工作抽屉数量、状态、前置和责任起算；实际发货与订单；无新增PDA执行或现场标签打印（沿用来源系统）；DDS报表打印另验。,已实现待验证,V3范围/缺口：source-alignment-v3.md；product-design.md 第20.2节；当前目标报告：output/playwright/dds-pf-v3/verification.json（最终1050样本，加载失败，整体不通过）；历史证据（仅原版本）：implementation-evidence/verification.json；implementation-evidence/build.log；implementation-evidence/build-manifest.json；implementation-review.md,用户已确认V3业务与界面修正；当前产品接受未发生；Codex仍在实现/验证,V3.0当前工作树；基础HEAD4804328a；未完成性能/图片门禁；历史已验证仅属原证据版本
STATE-004,product-design.md 第05节,受阻和催办不暂停自然日时钟,WP02,src/pages/production-fulfillment/calculations.ts、model.ts、fixtures.ts,V3当前：专项66项测试通过（整组结果，逐条当前断言需绑定）；范围类型0错、外部61项既有错，Vite构建通过。V3 来源与界面已变更；旧验收不继承，当前完整浏览器已有1050样本，但加载失败、图片及完整准备关联等边界证据未齐。 历史验证说明（非V3证明）：tests/unit/production-fulfillment-calculations.test.ts：完成停表/迟到/批次/订单只源于实发,V3：七菜单/详情部分功能检查通过，最终浏览器1050样本检查已完成，但加载失败且其他边界缺证；冷加载/刷新最大429ms/364.099999994ms不通过，目标物料照片未逐一覆盖。V3 来源与界面已变更；旧验收不继承，当前完整浏览器已有1050样本，但加载失败、图片及完整准备关联等边界证据未齐。 历史范围（不可继承）：工作抽屉数量、状态、前置和责任起算；实际发货与订单；无新增PDA执行或现场标签打印（沿用来源系统）；DDS报表打印另验。,已实现待验证,V3范围/缺口：source-alignment-v3.md；product-design.md 第20.2节；当前目标报告：output/playwright/dds-pf-v3/verification.json（最终1050样本，加载失败，整体不通过）；历史证据（仅原版本）：implementation-evidence/verification.json；implementation-evidence/build.log；implementation-evidence/build-manifest.json；implementation-review.md,用户已确认V3业务与界面修正；当前产品接受未发生；Codex仍在实现/验证,V3.0当前工作树；基础HEAD4804328a；未完成性能/图片门禁；历史已验证仅属原证据版本
STATE-005,product-design.md 第05节,部分完成按有效数量产生下游释放事实,WP02,src/pages/production-fulfillment/calculations.ts、model.ts、fixtures.ts,V3当前：专项66项测试通过（整组结果，逐条当前断言需绑定）；范围类型0错、外部61项既有错，Vite构建通过。V3 来源与界面已变更；旧验收不继承，当前完整浏览器已有1050样本，但加载失败、图片及完整准备关联等边界证据未齐。 历史验证说明（非V3证明）：tests/unit/production-fulfillment-calculations.test.ts：完成停表/迟到/批次/订单只源于实发,V3：七菜单/详情部分功能检查通过，最终浏览器1050样本检查已完成，但加载失败且其他边界缺证；冷加载/刷新最大429ms/364.099999994ms不通过，目标物料照片未逐一覆盖。V3 来源与界面已变更；旧验收不继承，当前完整浏览器已有1050样本，但加载失败、图片及完整准备关联等边界证据未齐。 历史范围（不可继承）：工作抽屉数量、状态、前置和责任起算；实际发货与订单；无新增PDA执行或现场标签打印（沿用来源系统）；DDS报表打印另验。,已实现待验证,V3范围/缺口：source-alignment-v3.md；product-design.md 第20.2节；当前目标报告：output/playwright/dds-pf-v3/verification.json（最终1050样本，加载失败，整体不通过）；历史证据（仅原版本）：implementation-evidence/verification.json；implementation-evidence/build.log；implementation-evidence/build-manifest.json；implementation-review.md,用户已确认V3业务与界面修正；当前产品接受未发生；Codex仍在实现/验证,V3.0当前工作树；基础HEAD4804328a；未完成性能/图片门禁；历史已验证仅属原证据版本
STATE-006,product-design.md 第05节,生产前不得产生本任务确定客户订单集合,WP02,src/pages/production-fulfillment/calculations.ts、model.ts、fixtures.ts,V3当前：专项66项测试通过（整组结果，逐条当前断言需绑定）；范围类型0错、外部61项既有错，Vite构建通过。V3 来源与界面已变更；旧验收不继承，当前完整浏览器已有1050样本，但加载失败、图片及完整准备关联等边界证据未齐。 历史验证说明（非V3证明）：tests/unit/production-fulfillment-calculations.test.ts：完成停表/迟到/批次/订单只源于实发,V3：七菜单/详情部分功能检查通过，最终浏览器1050样本检查已完成，但加载失败且其他边界缺证；冷加载/刷新最大429ms/364.099999994ms不通过，目标物料照片未逐一覆盖。V3 来源与界面已变更；旧验收不继承，当前完整浏览器已有1050样本，但加载失败、图片及完整准备关联等边界证据未齐。 历史范围（不可继承）：工作抽屉数量、状态、前置和责任起算；实际发货与订单；无新增PDA执行或现场标签打印（沿用来源系统）；DDS报表打印另验。,已实现待验证,V3范围/缺口：source-alignment-v3.md；product-design.md 第20.2节；当前目标报告：output/playwright/dds-pf-v3/verification.json（最终1050样本，加载失败，整体不通过）；历史证据（仅原版本）：implementation-evidence/verification.json；implementation-evidence/build.log；implementation-evidence/build-manifest.json；implementation-review.md,用户已确认V3业务与界面修正；当前产品接受未发生；Codex仍在实现/验证,V3.0当前工作树；基础HEAD4804328a；未完成性能/图片门禁；历史已验证仅属原证据版本
STATE-007,product-design.md 第05节,订单关联只从有效实际发货事实形成,WP02,src/pages/production-fulfillment/calculations.ts、model.ts、fixtures.ts,V3当前：专项66项测试通过（整组结果，逐条当前断言需绑定）；范围类型0错、外部61项既有错，Vite构建通过。V3 来源与界面已变更；旧验收不继承，当前完整浏览器已有1050样本，但加载失败、图片及完整准备关联等边界证据未齐。 历史验证说明（非V3证明）：tests/unit/production-fulfillment-calculations.test.ts：完成停表/迟到/批次/订单只源于实发,V3：七菜单/详情部分功能检查通过，最终浏览器1050样本检查已完成，但加载失败且其他边界缺证；冷加载/刷新最大429ms/364.099999994ms不通过，目标物料照片未逐一覆盖。V3 来源与界面已变更；旧验收不继承，当前完整浏览器已有1050样本，但加载失败、图片及完整准备关联等边界证据未齐。 历史范围（不可继承）：工作抽屉数量、状态、前置和责任起算；实际发货与订单；无新增PDA执行或现场标签打印（沿用来源系统）；DDS报表打印另验。,已实现待验证,V3范围/缺口：source-alignment-v3.md；product-design.md 第20.2节；当前目标报告：output/playwright/dds-pf-v3/verification.json（最终1050样本，加载失败，整体不通过）；历史证据（仅原版本）：implementation-evidence/verification.json；implementation-evidence/build.log；implementation-evidence/build-manifest.json；implementation-review.md,用户已确认V3业务与界面修正；当前产品接受未发生；Codex仍在实现/验证,V3.0当前工作树；基础HEAD4804328a；未完成性能/图片门禁；历史已验证仅属原证据版本
MATERIAL-001,product-design.md 第06节,物料需求按有效成衣量及BOM单耗损耗计算,WP02,src/pages/production-fulfillment/calculations.ts、evidence.ts、fixtures.ts、boundary-evidence.ts,V3当前：专项66项测试通过（整组结果，逐条当前断言需绑定）；范围类型0错、外部61项既有错，Vite构建通过。当前来源合格量、采购/调拨完整事实、实际发货或正式SLA尚未齐备；按条目所需输入继续补证，旧规则例不能代替来源链路。 历史验证说明（非V3证明）：tests/unit/production-fulfillment-calculations.test.ts：供给缺口/现货调拨/原料目标；tests/unit/production-fulfillment-configuration.test.ts：工厂实收及单位门槛；tests/unit/production-fulfillment-boundary-evidence.test.ts：BOM/返工,V3：七菜单/详情部分功能检查通过，最终浏览器1050样本检查已完成，但加载失败且其他边界缺证；冷加载/刷新最大429ms/364.099999994ms不通过，目标物料照片未逐一覆盖。当前来源合格量、采购/调拨完整事实、实际发货或正式SLA尚未齐备；按条目所需输入继续补证，旧规则例不能代替来源链路。 历史范围（不可继承）：002纯库存；003入库未到厂；006分批供给/纠错；BOM独立算例；无新增PDA执行或现场标签打印（沿用来源系统）；DDS报表打印另验。,实施中,V3范围/缺口：source-alignment-v3.md；product-design.md 第20.2节；当前目标报告：output/playwright/dds-pf-v3/verification.json（最终1050样本，加载失败，整体不通过）；历史证据（仅原版本）：implementation-evidence/verification.json；implementation-evidence/build.log；implementation-evidence/build-manifest.json；implementation-review.md；tests/unit/production-fulfillment-boundary-evidence.test.ts；001计算与版本独立边界卡,用户已确认V3业务与界面修正；当前产品接受未发生；Codex仍在实现/验证,V3.0当前工作树；基础HEAD4804328a；未完成性能/图片门禁；历史已验证仅属原证据版本
MATERIAL-002,product-design.md 第06节,不同物料单位须经确认换算后比较,WP02,src/pages/production-fulfillment/calculations.ts、evidence.ts、fixtures.ts、boundary-evidence.ts,V3当前：专项66项测试通过（整组结果，逐条当前断言需绑定）；范围类型0错、外部61项既有错，Vite构建通过。当前来源合格量、采购/调拨完整事实、实际发货或正式SLA尚未齐备；按条目所需输入继续补证，旧规则例不能代替来源链路。 历史验证说明（非V3证明）：tests/unit/production-fulfillment-calculations.test.ts：供给缺口/现货调拨/原料目标；tests/unit/production-fulfillment-configuration.test.ts：工厂实收及单位门槛；tests/unit/production-fulfillment-boundary-evidence.test.ts：BOM/返工,V3：七菜单/详情部分功能检查通过，最终浏览器1050样本检查已完成，但加载失败且其他边界缺证；冷加载/刷新最大429ms/364.099999994ms不通过，目标物料照片未逐一覆盖。当前来源合格量、采购/调拨完整事实、实际发货或正式SLA尚未齐备；按条目所需输入继续补证，旧规则例不能代替来源链路。 历史范围（不可继承）：002纯库存；003入库未到厂；006分批供给/纠错；BOM独立算例；无新增PDA执行或现场标签打印（沿用来源系统）；DDS报表打印另验。,实施中,V3范围/缺口：source-alignment-v3.md；product-design.md 第20.2节；当前目标报告：output/playwright/dds-pf-v3/verification.json（最终1050样本，加载失败，整体不通过）；历史证据（仅原版本）：implementation-evidence/verification.json；implementation-evidence/build.log；implementation-evidence/build-manifest.json；implementation-review.md；tests/unit/production-fulfillment-boundary-evidence.test.ts；001计算与版本独立边界卡,用户已确认V3业务与界面修正；当前产品接受未发生；Codex仍在实现/验证,V3.0当前工作树；基础HEAD4804328a；未完成性能/图片门禁；历史已验证仅属原证据版本
MATERIAL-003,product-design.md 第06节,新增采购缺口扣除已分配合格现货及已落实供给,WP02,src/pages/production-fulfillment/calculations.ts、evidence.ts、fixtures.ts、boundary-evidence.ts,V3当前：专项66项测试通过（整组结果，逐条当前断言需绑定）；范围类型0错、外部61项既有错，Vite构建通过。当前来源合格量、采购/调拨完整事实、实际发货或正式SLA尚未齐备；按条目所需输入继续补证，旧规则例不能代替来源链路。 历史验证说明（非V3证明）：tests/unit/production-fulfillment-calculations.test.ts：供给缺口/现货调拨/原料目标；tests/unit/production-fulfillment-configuration.test.ts：工厂实收及单位门槛；tests/unit/production-fulfillment-boundary-evidence.test.ts：BOM/返工,V3：七菜单/详情部分功能检查通过，最终浏览器1050样本检查已完成，但加载失败且其他边界缺证；冷加载/刷新最大429ms/364.099999994ms不通过，目标物料照片未逐一覆盖。当前来源合格量、采购/调拨完整事实、实际发货或正式SLA尚未齐备；按条目所需输入继续补证，旧规则例不能代替来源链路。 历史范围（不可继承）：002纯库存；003入库未到厂；006分批供给/纠错；BOM独立算例；无新增PDA执行或现场标签打印（沿用来源系统）；DDS报表打印另验。,实施中,V3范围/缺口：source-alignment-v3.md；product-design.md 第20.2节；当前目标报告：output/playwright/dds-pf-v3/verification.json（最终1050样本，加载失败，整体不通过）；历史证据（仅原版本）：implementation-evidence/verification.json；implementation-evidence/build.log；implementation-evidence/build-manifest.json；implementation-review.md,用户已确认V3业务与界面修正；当前产品接受未发生；Codex仍在实现/验证,V3.0当前工作树；基础HEAD4804328a；未完成性能/图片门禁；历史已验证仅属原证据版本
MATERIAL-004,product-design.md 第06节,已落实在途供给不重复作为新增采购缺口,WP02,src/pages/production-fulfillment/calculations.ts、evidence.ts、fixtures.ts、boundary-evidence.ts,V3当前：专项66项测试通过（整组结果，逐条当前断言需绑定）；范围类型0错、外部61项既有错，Vite构建通过。当前来源合格量、采购/调拨完整事实、实际发货或正式SLA尚未齐备；按条目所需输入继续补证，旧规则例不能代替来源链路。 历史验证说明（非V3证明）：tests/unit/production-fulfillment-calculations.test.ts：供给缺口/现货调拨/原料目标；tests/unit/production-fulfillment-configuration.test.ts：工厂实收及单位门槛；tests/unit/production-fulfillment-boundary-evidence.test.ts：BOM/返工,V3：七菜单/详情部分功能检查通过，最终浏览器1050样本检查已完成，但加载失败且其他边界缺证；冷加载/刷新最大429ms/364.099999994ms不通过，目标物料照片未逐一覆盖。当前来源合格量、采购/调拨完整事实、实际发货或正式SLA尚未齐备；按条目所需输入继续补证，旧规则例不能代替来源链路。 历史范围（不可继承）：002纯库存；003入库未到厂；006分批供给/纠错；BOM独立算例；无新增PDA执行或现场标签打印（沿用来源系统）；DDS报表打印另验。,实施中,V3范围/缺口：source-alignment-v3.md；product-design.md 第20.2节；当前目标报告：output/playwright/dds-pf-v3/verification.json（最终1050样本，加载失败，整体不通过）；历史证据（仅原版本）：implementation-evidence/verification.json；implementation-evidence/build.log；implementation-evidence/build-manifest.json；implementation-review.md,用户已确认V3业务与界面修正；当前产品接受未发生；Codex仍在实现/验证,V3.0当前工作树；基础HEAD4804328a；未完成性能/图片门禁；历史已验证仅属原证据版本
MATERIAL-005,product-design.md 第06节,库存足够时仍生成调拨到厂工作,WP02,src/pages/production-fulfillment/calculations.ts、evidence.ts、fixtures.ts、boundary-evidence.ts,V3当前：专项66项测试通过（整组结果，逐条当前断言需绑定）；范围类型0错、外部61项既有错，Vite构建通过。当前来源合格量、采购/调拨完整事实、实际发货或正式SLA尚未齐备；按条目所需输入继续补证，旧规则例不能代替来源链路。 历史验证说明（非V3证明）：tests/unit/production-fulfillment-calculations.test.ts：供给缺口/现货调拨/原料目标；tests/unit/production-fulfillment-configuration.test.ts：工厂实收及单位门槛；tests/unit/production-fulfillment-boundary-evidence.test.ts：BOM/返工,V3：七菜单/详情部分功能检查通过，最终浏览器1050样本检查已完成，但加载失败且其他边界缺证；冷加载/刷新最大429ms/364.099999994ms不通过，目标物料照片未逐一覆盖。当前来源合格量、采购/调拨完整事实、实际发货或正式SLA尚未齐备；按条目所需输入继续补证，旧规则例不能代替来源链路。 历史范围（不可继承）：002纯库存；003入库未到厂；006分批供给/纠错；BOM独立算例；无新增PDA执行或现场标签打印（沿用来源系统）；DDS报表打印另验。,实施中,V3范围/缺口：source-alignment-v3.md；product-design.md 第20.2节；当前目标报告：output/playwright/dds-pf-v3/verification.json（最终1050样本，加载失败，整体不通过）；历史证据（仅原版本）：implementation-evidence/verification.json；implementation-evidence/build.log；implementation-evidence/build-manifest.json；implementation-review.md,用户已确认V3业务与界面修正；当前产品接受未发生；Codex仍在实现/验证,V3.0当前工作树；基础HEAD4804328a；未完成性能/图片门禁；历史已验证仅属原证据版本
MATERIAL-006,product-design.md 第06节,采购入库后继续跟踪调拨安排等待出库运输及实收,WP02,src/pages/production-fulfillment/calculations.ts、evidence.ts、fixtures.ts、boundary-evidence.ts,V3当前：专项66项测试通过（整组结果，逐条当前断言需绑定）；范围类型0错、外部61项既有错，Vite构建通过。当前来源合格量、采购/调拨完整事实、实际发货或正式SLA尚未齐备；按条目所需输入继续补证，旧规则例不能代替来源链路。 历史验证说明（非V3证明）：tests/unit/production-fulfillment-calculations.test.ts：供给缺口/现货调拨/原料目标；tests/unit/production-fulfillment-configuration.test.ts：工厂实收及单位门槛；tests/unit/production-fulfillment-boundary-evidence.test.ts：BOM/返工,V3：七菜单/详情部分功能检查通过，最终浏览器1050样本检查已完成，但加载失败且其他边界缺证；冷加载/刷新最大429ms/364.099999994ms不通过，目标物料照片未逐一覆盖。当前来源合格量、采购/调拨完整事实、实际发货或正式SLA尚未齐备；按条目所需输入继续补证，旧规则例不能代替来源链路。 历史范围（不可继承）：002纯库存；003入库未到厂；006分批供给/纠错；BOM独立算例；无新增PDA执行或现场标签打印（沿用来源系统）；DDS报表打印另验。,实施中,V3范围/缺口：source-alignment-v3.md；product-design.md 第20.2节；当前目标报告：output/playwright/dds-pf-v3/verification.json（最终1050样本，加载失败，整体不通过）；历史证据（仅原版本）：implementation-evidence/verification.json；implementation-evidence/build.log；implementation-evidence/build-manifest.json；implementation-review.md,用户已确认V3业务与界面修正；当前产品接受未发生；Codex仍在实现/验证,V3.0当前工作树；基础HEAD4804328a；未完成性能/图片门禁；历史已验证仅属原证据版本
MATERIAL-007,product-design.md 第06节,同地区现货采购与委托制作命中不同路线,WP02,src/pages/production-fulfillment/calculations.ts、evidence.ts、fixtures.ts、boundary-evidence.ts,V3当前：专项66项测试通过（整组结果，逐条当前断言需绑定）；范围类型0错、外部61项既有错，Vite构建通过。当前来源合格量、采购/调拨完整事实、实际发货或正式SLA尚未齐备；按条目所需输入继续补证，旧规则例不能代替来源链路。 历史验证说明（非V3证明）：tests/unit/production-fulfillment-calculations.test.ts：供给缺口/现货调拨/原料目标；tests/unit/production-fulfillment-configuration.test.ts：工厂实收及单位门槛；tests/unit/production-fulfillment-boundary-evidence.test.ts：BOM/返工,V3：七菜单/详情部分功能检查通过，最终浏览器1050样本检查已完成，但加载失败且其他边界缺证；冷加载/刷新最大429ms/364.099999994ms不通过，目标物料照片未逐一覆盖。当前来源合格量、采购/调拨完整事实、实际发货或正式SLA尚未齐备；按条目所需输入继续补证，旧规则例不能代替来源链路。 历史范围（不可继承）：002纯库存；003入库未到厂；006分批供给/纠错；BOM独立算例；无新增PDA执行或现场标签打印（沿用来源系统）；DDS报表打印另验。,实施中,V3范围/缺口：source-alignment-v3.md；product-design.md 第20.2节；当前目标报告：output/playwright/dds-pf-v3/verification.json（最终1050样本，加载失败，整体不通过）；历史证据（仅原版本）：implementation-evidence/verification.json；implementation-evidence/build.log；implementation-evidence/build-manifest.json；implementation-review.md,用户已确认V3业务与界面修正；当前产品接受未发生；Codex仍在实现/验证,V3.0当前工作树；基础HEAD4804328a；未完成性能/图片门禁；历史已验证仅属原证据版本
MATERIAL-008,product-design.md 第06节,加工原料到货不能完成目标SKU齐套,WP02,src/pages/production-fulfillment/calculations.ts、evidence.ts、fixtures.ts、boundary-evidence.ts,V3当前：专项66项测试通过（整组结果，逐条当前断言需绑定）；范围类型0错、外部61项既有错，Vite构建通过。当前来源合格量、采购/调拨完整事实、实际发货或正式SLA尚未齐备；按条目所需输入继续补证，旧规则例不能代替来源链路。 历史验证说明（非V3证明）：tests/unit/production-fulfillment-calculations.test.ts：供给缺口/现货调拨/原料目标；tests/unit/production-fulfillment-configuration.test.ts：工厂实收及单位门槛；tests/unit/production-fulfillment-boundary-evidence.test.ts：BOM/返工,V3：七菜单/详情部分功能检查通过，最终浏览器1050样本检查已完成，但加载失败且其他边界缺证；冷加载/刷新最大429ms/364.099999994ms不通过，目标物料照片未逐一覆盖。当前来源合格量、采购/调拨完整事实、实际发货或正式SLA尚未齐备；按条目所需输入继续补证，旧规则例不能代替来源链路。 历史范围（不可继承）：002纯库存；003入库未到厂；006分批供给/纠错；BOM独立算例；无新增PDA执行或现场标签打印（沿用来源系统）；DDS报表打印另验。,实施中,V3范围/缺口：source-alignment-v3.md；product-design.md 第20.2节；当前目标报告：output/playwright/dds-pf-v3/verification.json（最终1050样本，加载失败，整体不通过）；历史证据（仅原版本）：implementation-evidence/verification.json；implementation-evidence/build.log；implementation-evidence/build-manifest.json；implementation-review.md,用户已确认V3业务与界面修正；当前产品接受未发生；Codex仍在实现/验证,V3.0当前工作树；基础HEAD4804328a；未完成性能/图片门禁；历史已验证仅属原证据版本
MATERIAL-009,product-design.md 第06节,采购多物流批次分别保留数量和实收事实,WP02,src/pages/production-fulfillment/calculations.ts、evidence.ts、fixtures.ts、boundary-evidence.ts,V3当前：专项66项测试通过（整组结果，逐条当前断言需绑定）；范围类型0错、外部61项既有错，Vite构建通过。当前来源合格量、采购/调拨完整事实、实际发货或正式SLA尚未齐备；按条目所需输入继续补证，旧规则例不能代替来源链路。 历史验证说明（非V3证明）：tests/unit/production-fulfillment-calculations.test.ts：供给缺口/现货调拨/原料目标；tests/unit/production-fulfillment-configuration.test.ts：工厂实收及单位门槛；tests/unit/production-fulfillment-boundary-evidence.test.ts：BOM/返工,V3：七菜单/详情部分功能检查通过，最终浏览器1050样本检查已完成，但加载失败且其他边界缺证；冷加载/刷新最大429ms/364.099999994ms不通过，目标物料照片未逐一覆盖。当前来源合格量、采购/调拨完整事实、实际发货或正式SLA尚未齐备；按条目所需输入继续补证，旧规则例不能代替来源链路。 历史范围（不可继承）：002纯库存；003入库未到厂；006分批供给/纠错；BOM独立算例；无新增PDA执行或现场标签打印（沿用来源系统）；DDS报表打印另验。,实施中,V3范围/缺口：source-alignment-v3.md；product-design.md 第20.2节；当前目标报告：output/playwright/dds-pf-v3/verification.json（最终1050样本，加载失败，整体不通过）；历史证据（仅原版本）：implementation-evidence/verification.json；implementation-evidence/build.log；implementation-evidence/build-manifest.json；implementation-review.md,用户已确认V3业务与界面修正；当前产品接受未发生；Codex仍在实现/验证,V3.0当前工作树；基础HEAD4804328a；未完成性能/图片门禁；历史已验证仅属原证据版本
MATERIAL-010,product-design.md 第06节；V3仅保留为历史规则示例（product-design.md 第17/20.2节）,006到厂可用500及待拨300未到仓200能逐项解释,WP02,src/pages/production-fulfillment/calculations.ts、evidence.ts、fixtures.ts、boundary-evidence.ts,V3当前：专项66项测试通过（整组结果，逐条当前断言需绑定）；范围类型0错、外部61项既有错，Vite构建通过。本条具体数字仅属于V1/V2独立规则示例；不作为V3 33条来源需求的业务数量/时效/角色或订单结果。示例若继续展示仍需当前版本验证。 历史验证说明（非V3证明）：tests/unit/production-fulfillment-calculations.test.ts：供给缺口/现货调拨/原料目标；tests/unit/production-fulfillment-configuration.test.ts：工厂实收及单位门槛；tests/unit/production-fulfillment-boundary-evidence.test.ts：BOM/返工,V3：七菜单/详情部分功能检查通过，最终浏览器1050样本检查已完成，但加载失败且其他边界缺证；冷加载/刷新最大429ms/364.099999994ms不通过，目标物料照片未逐一覆盖。本条具体数字仅属于V1/V2独立规则示例；不作为V3 33条来源需求的业务数量/时效/角色或订单结果。示例若继续展示仍需当前版本验证。 历史范围（不可继承）：002纯库存；003入库未到厂；006分批供给/纠错；BOM独立算例；无新增PDA执行或现场标签打印（沿用来源系统）；DDS报表打印另验。,已实现待验证,V3范围/缺口：source-alignment-v3.md；product-design.md 第20.2节；当前目标报告：output/playwright/dds-pf-v3/verification.json（最终1050样本，加载失败，整体不通过）；历史证据（仅原版本）：implementation-evidence/verification.json；implementation-evidence/build.log；implementation-evidence/build-manifest.json；implementation-review.md,用户已确认V3业务与界面修正；当前产品接受未发生；Codex仍在实现/验证,V3.0当前工作树；基础HEAD4804328a；未完成性能/图片门禁；历史已验证仅属原证据版本
MATERIAL-011,product-design.md 第06节,不合格退回与返工输出去重后才计入可用量,WP02,src/pages/production-fulfillment/calculations.ts、evidence.ts、fixtures.ts、boundary-evidence.ts,V3当前：专项66项测试通过（整组结果，逐条当前断言需绑定）；范围类型0错、外部61项既有错，Vite构建通过。当前来源合格量、采购/调拨完整事实、实际发货或正式SLA尚未齐备；按条目所需输入继续补证，旧规则例不能代替来源链路。 历史验证说明（非V3证明）：tests/unit/production-fulfillment-calculations.test.ts：供给缺口/现货调拨/原料目标；tests/unit/production-fulfillment-configuration.test.ts：工厂实收及单位门槛；tests/unit/production-fulfillment-boundary-evidence.test.ts：BOM/返工,V3：七菜单/详情部分功能检查通过，最终浏览器1050样本检查已完成，但加载失败且其他边界缺证；冷加载/刷新最大429ms/364.099999994ms不通过，目标物料照片未逐一覆盖。当前来源合格量、采购/调拨完整事实、实际发货或正式SLA尚未齐备；按条目所需输入继续补证，旧规则例不能代替来源链路。 历史范围（不可继承）：002纯库存；003入库未到厂；006分批供给/纠错；BOM独立算例；无新增PDA执行或现场标签打印（沿用来源系统）；DDS报表打印另验。,实施中,V3范围/缺口：source-alignment-v3.md；product-design.md 第20.2节；当前目标报告：output/playwright/dds-pf-v3/verification.json（最终1050样本，加载失败，整体不通过）；历史证据（仅原版本）：implementation-evidence/verification.json；implementation-evidence/build.log；implementation-evidence/build-manifest.json；implementation-review.md；tests/unit/production-fulfillment-boundary-evidence.test.ts；001计算与版本独立边界卡,用户已确认V3业务与界面修正；当前产品接受未发生；Codex仍在实现/验证,V3.0当前工作树；基础HEAD4804328a；未完成性能/图片门禁；历史已验证仅属原证据版本
TIME-001,product-design.md 第07节,自然日为连续24小时且周末节假日不停表,WP02,src/pages/production-fulfillment/calculations.ts、task-detail.ts、config-model.ts、scenarios.ts、boundary-evidence.ts,V3当前：专项66项测试通过（整组结果，逐条当前断言需绑定）；范围类型0错、外部61项既有错，Vite构建通过。V3 来源与界面已变更；旧验收不继承，当前完整浏览器已有1050样本，但加载失败、图片及完整准备关联等边界证据未齐。 历史验证说明（非V3证明）：tests/unit/production-fulfillment-calculations.test.ts：自然日/时区/一秒超时/零能力；tests/unit/production-fulfillment-configuration.test.ts：组跨度/发布保留基线；tests/unit/production-fulfillment-boundary-evidence.test.ts：仅日期,V3：七菜单/详情部分功能检查通过，最终浏览器1050样本检查已完成，但加载失败且其他边界缺证；冷加载/刷新最大429ms/364.099999994ms不通过，目标物料照片未逐一覆盖。V3 来源与界面已变更；旧验收不继承，当前完整浏览器已有1050样本，但加载失败、图片及完整准备关联等边界证据未齐。 历史范围（不可继承）：001计算与版本/工作抽屉；004未知路线；规则与配置；无新增PDA执行或现场标签打印（沿用来源系统）；DDS报表打印另验。,已实现待验证,V3范围/缺口：source-alignment-v3.md；product-design.md 第20.2节；当前目标报告：output/playwright/dds-pf-v3/verification.json（最终1050样本，加载失败，整体不通过）；历史证据（仅原版本）：implementation-evidence/verification.json；implementation-evidence/build.log；implementation-evidence/build-manifest.json；implementation-review.md,用户已确认V3业务与界面修正；当前产品接受未发生；Codex仍在实现/验证,V3.0当前工作树；基础HEAD4804328a；未完成性能/图片门禁；历史已验证仅属原证据版本
TIME-002,product-design.md 第07节,中印时区展示不同但同一绝对期限计算一致,WP02,src/pages/production-fulfillment/calculations.ts、task-detail.ts、config-model.ts、scenarios.ts、boundary-evidence.ts,V3当前：专项66项测试通过（整组结果，逐条当前断言需绑定）；范围类型0错、外部61项既有错，Vite构建通过。用户V3明确取消时区切换，当前固定北京时间；旧中印界面切换需求不再适用，绝对时刻/北京时间规则由V3-UI-004接替。 历史验证说明（非V3证明）：tests/unit/production-fulfillment-calculations.test.ts：自然日/时区/一秒超时/零能力；tests/unit/production-fulfillment-configuration.test.ts：组跨度/发布保留基线；tests/unit/production-fulfillment-boundary-evidence.test.ts：仅日期,V3：七菜单/详情部分功能检查通过，最终浏览器1050样本检查已完成，但加载失败且其他边界缺证；冷加载/刷新最大429ms/364.099999994ms不通过，目标物料照片未逐一覆盖。用户V3明确取消时区切换，当前固定北京时间；旧中印界面切换需求不再适用，绝对时刻/北京时间规则由V3-UI-004接替。 历史范围（不可继承）：001计算与版本/工作抽屉；004未知路线；规则与配置；无新增PDA执行或现场标签打印（沿用来源系统）；DDS报表打印另验。,不适用,V3范围/缺口：source-alignment-v3.md；product-design.md 第20.2节；当前目标报告：output/playwright/dds-pf-v3/verification.json（最终1050样本，加载失败，整体不通过）；历史证据（仅原版本）：implementation-evidence/verification.json；implementation-evidence/build.log；implementation-evidence/build-manifest.json；implementation-review.md,用户已确认V3业务与界面修正；当前产品接受未发生；Codex仍在实现/验证,V3.0当前工作树；基础HEAD4804328a；未完成性能/图片门禁；历史已验证仅属原证据版本
TIME-003,product-design.md 第07节,截止相等按期，超过即逾期且不用舍入值判定,WP02,src/pages/production-fulfillment/calculations.ts、task-detail.ts、config-model.ts、scenarios.ts、boundary-evidence.ts,V3当前：专项66项测试通过（整组结果，逐条当前断言需绑定）；范围类型0错、外部61项既有错，Vite构建通过。V3 来源与界面已变更；旧验收不继承，当前完整浏览器已有1050样本，但加载失败、图片及完整准备关联等边界证据未齐。 历史验证说明（非V3证明）：tests/unit/production-fulfillment-calculations.test.ts：自然日/时区/一秒超时/零能力；tests/unit/production-fulfillment-configuration.test.ts：组跨度/发布保留基线；tests/unit/production-fulfillment-boundary-evidence.test.ts：仅日期,V3：七菜单/详情部分功能检查通过，最终浏览器1050样本检查已完成，但加载失败且其他边界缺证；冷加载/刷新最大429ms/364.099999994ms不通过，目标物料照片未逐一覆盖。V3 来源与界面已变更；旧验收不继承，当前完整浏览器已有1050样本，但加载失败、图片及完整准备关联等边界证据未齐。 历史范围（不可继承）：001计算与版本/工作抽屉；004未知路线；规则与配置；无新增PDA执行或现场标签打印（沿用来源系统）；DDS报表打印另验。,已实现待验证,V3范围/缺口：source-alignment-v3.md；product-design.md 第20.2节；当前目标报告：output/playwright/dds-pf-v3/verification.json（最终1050样本，加载失败，整体不通过）；历史证据（仅原版本）：implementation-evidence/verification.json；implementation-evidence/build.log；implementation-evidence/build-manifest.json；implementation-review.md,用户已确认V3业务与界面修正；当前产品接受未发生；Codex仍在实现/验证,V3.0当前工作树；基础HEAD4804328a；未完成性能/图片门禁；历史已验证仅属原证据版本
TIME-004,product-design.md 第07节,来源日期精度不足时标明精度而不编造时分秒,WP02,src/pages/production-fulfillment/calculations.ts、task-detail.ts、config-model.ts、scenarios.ts、boundary-evidence.ts,V3当前：专项66项测试通过（整组结果，逐条当前断言需绑定）；范围类型0错、外部61项既有错，Vite构建通过。V3 来源与界面已变更；旧验收不继承，当前完整浏览器已有1050样本，但加载失败、图片及完整准备关联等边界证据未齐。 历史验证说明（非V3证明）：tests/unit/production-fulfillment-calculations.test.ts：自然日/时区/一秒超时/零能力；tests/unit/production-fulfillment-configuration.test.ts：组跨度/发布保留基线；tests/unit/production-fulfillment-boundary-evidence.test.ts：仅日期,V3：七菜单/详情部分功能检查通过，最终浏览器1050样本检查已完成，但加载失败且其他边界缺证；冷加载/刷新最大429ms/364.099999994ms不通过，目标物料照片未逐一覆盖。V3 来源与界面已变更；旧验收不继承，当前完整浏览器已有1050样本，但加载失败、图片及完整准备关联等边界证据未齐。 历史范围（不可继承）：001计算与版本/工作抽屉；004未知路线；规则与配置；无新增PDA执行或现场标签打印（沿用来源系统）；DDS报表打印另验。,已实现待验证,V3范围/缺口：source-alignment-v3.md；product-design.md 第20.2节；当前目标报告：output/playwright/dds-pf-v3/verification.json（最终1050样本，加载失败，整体不通过）；历史证据（仅原版本）：implementation-evidence/verification.json；implementation-evidence/build.log；implementation-evidence/build-manifest.json；implementation-review.md；tests/unit/production-fulfillment-boundary-evidence.test.ts；001计算与版本独立边界卡,用户已确认V3业务与界面修正；当前产品接受未发生；Codex仍在实现/验证,V3.0当前工作树；基础HEAD4804328a；未完成性能/图片门禁；历史已验证仅属原证据版本
TIME-005,product-design.md 第07节,组上限不在子项预算之外重复相加,WP02,src/pages/production-fulfillment/calculations.ts、task-detail.ts、config-model.ts、scenarios.ts、boundary-evidence.ts,V3当前：专项66项测试通过（整组结果，逐条当前断言需绑定）；范围类型0错、外部61项既有错，Vite构建通过。V3 来源与界面已变更；旧验收不继承，当前完整浏览器已有1050样本，但加载失败、图片及完整准备关联等边界证据未齐。 历史验证说明（非V3证明）：tests/unit/production-fulfillment-calculations.test.ts：自然日/时区/一秒超时/零能力；tests/unit/production-fulfillment-configuration.test.ts：组跨度/发布保留基线；tests/unit/production-fulfillment-boundary-evidence.test.ts：仅日期,V3：七菜单/详情部分功能检查通过，最终浏览器1050样本检查已完成，但加载失败且其他边界缺证；冷加载/刷新最大429ms/364.099999994ms不通过，目标物料照片未逐一覆盖。V3 来源与界面已变更；旧验收不继承，当前完整浏览器已有1050样本，但加载失败、图片及完整准备关联等边界证据未齐。 历史范围（不可继承）：001计算与版本/工作抽屉；004未知路线；规则与配置；无新增PDA执行或现场标签打印（沿用来源系统）；DDS报表打印另验。,已实现待验证,V3范围/缺口：source-alignment-v3.md；product-design.md 第20.2节；当前目标报告：output/playwright/dds-pf-v3/verification.json（最终1050样本，加载失败，整体不通过）；历史证据（仅原版本）：implementation-evidence/verification.json；implementation-evidence/build.log；implementation-evidence/build-manifest.json；implementation-review.md,用户已确认V3业务与界面修正；当前产品接受未发生；Codex仍在实现/验证,V3.0当前工作树；基础HEAD4804328a；未完成性能/图片门禁；历史已验证仅属原证据版本
TIME-006,product-design.md 第07节,里程碑及相对期限不当成加工持续时间,WP02,src/pages/production-fulfillment/calculations.ts、task-detail.ts、config-model.ts、scenarios.ts、boundary-evidence.ts,V3当前：专项66项测试通过（整组结果，逐条当前断言需绑定）；范围类型0错、外部61项既有错，Vite构建通过。V3 来源与界面已变更；旧验收不继承，当前完整浏览器已有1050样本，但加载失败、图片及完整准备关联等边界证据未齐。 历史验证说明（非V3证明）：tests/unit/production-fulfillment-calculations.test.ts：自然日/时区/一秒超时/零能力；tests/unit/production-fulfillment-configuration.test.ts：组跨度/发布保留基线；tests/unit/production-fulfillment-boundary-evidence.test.ts：仅日期,V3：七菜单/详情部分功能检查通过，最终浏览器1050样本检查已完成，但加载失败且其他边界缺证；冷加载/刷新最大429ms/364.099999994ms不通过，目标物料照片未逐一覆盖。V3 来源与界面已变更；旧验收不继承，当前完整浏览器已有1050样本，但加载失败、图片及完整准备关联等边界证据未齐。 历史范围（不可继承）：001计算与版本/工作抽屉；004未知路线；规则与配置；无新增PDA执行或现场标签打印（沿用来源系统）；DDS报表打印另验。,已实现待验证,V3范围/缺口：source-alignment-v3.md；product-design.md 第20.2节；当前目标报告：output/playwright/dds-pf-v3/verification.json（最终1050样本，加载失败，整体不通过）；历史证据（仅原版本）：implementation-evidence/verification.json；implementation-evidence/build.log；implementation-evidence/build-manifest.json；implementation-review.md,用户已确认V3业务与界面修正；当前产品接受未发生；Codex仍在实现/验证,V3.0当前工作树；基础HEAD4804328a；未完成性能/图片门禁；历史已验证仅属原证据版本
TIME-007,product-design.md 第07节,组代理内部缺预算明确可见并禁止子团队假考核,WP02,src/pages/production-fulfillment/calculations.ts、task-detail.ts、config-model.ts、scenarios.ts、boundary-evidence.ts,V3当前：专项66项测试通过（整组结果，逐条当前断言需绑定）；范围类型0错、外部61项既有错，Vite构建通过。V3 来源与界面已变更；旧验收不继承，当前完整浏览器已有1050样本，但加载失败、图片及完整准备关联等边界证据未齐。 历史验证说明（非V3证明）：tests/unit/production-fulfillment-calculations.test.ts：自然日/时区/一秒超时/零能力；tests/unit/production-fulfillment-configuration.test.ts：组跨度/发布保留基线；tests/unit/production-fulfillment-boundary-evidence.test.ts：仅日期,V3：七菜单/详情部分功能检查通过，最终浏览器1050样本检查已完成，但加载失败且其他边界缺证；冷加载/刷新最大429ms/364.099999994ms不通过，目标物料照片未逐一覆盖。V3 来源与界面已变更；旧验收不继承，当前完整浏览器已有1050样本，但加载失败、图片及完整准备关联等边界证据未齐。 历史范围（不可继承）：001计算与版本/工作抽屉；004未知路线；规则与配置；无新增PDA执行或现场标签打印（沿用来源系统）；DDS报表打印另验。,已实现待验证,V3范围/缺口：source-alignment-v3.md；product-design.md 第20.2节；当前目标报告：output/playwright/dds-pf-v3/verification.json（最终1050样本，加载失败，整体不通过）；历史证据（仅原版本）：implementation-evidence/verification.json；implementation-evidence/build.log；implementation-evidence/build-manifest.json；implementation-review.md,用户已确认V3业务与界面修正；当前产品接受未发生；Codex仍在实现/验证,V3.0当前工作树；基础HEAD4804328a；未完成性能/图片门禁；历史已验证仅属原证据版本
TIME-008,product-design.md 第07节,组代理替换为子网络时两者不同时计时,WP02,src/pages/production-fulfillment/calculations.ts、task-detail.ts、config-model.ts、scenarios.ts、boundary-evidence.ts,V3当前：专项66项测试通过（整组结果，逐条当前断言需绑定）；范围类型0错、外部61项既有错，Vite构建通过。V3 来源与界面已变更；旧验收不继承，当前完整浏览器已有1050样本，但加载失败、图片及完整准备关联等边界证据未齐。 历史验证说明（非V3证明）：tests/unit/production-fulfillment-calculations.test.ts：自然日/时区/一秒超时/零能力；tests/unit/production-fulfillment-configuration.test.ts：组跨度/发布保留基线；tests/unit/production-fulfillment-boundary-evidence.test.ts：仅日期,V3：七菜单/详情部分功能检查通过，最终浏览器1050样本检查已完成，但加载失败且其他边界缺证；冷加载/刷新最大429ms/364.099999994ms不通过，目标物料照片未逐一覆盖。V3 来源与界面已变更；旧验收不继承，当前完整浏览器已有1050样本，但加载失败、图片及完整准备关联等边界证据未齐。 历史范围（不可继承）：001计算与版本/工作抽屉；004未知路线；规则与配置；无新增PDA执行或现场标签打印（沿用来源系统）；DDS报表打印另验。,已实现待验证,V3范围/缺口：source-alignment-v3.md；product-design.md 第20.2节；当前目标报告：output/playwright/dds-pf-v3/verification.json（最终1050样本，加载失败，整体不通过）；历史证据（仅原版本）：implementation-evidence/verification.json；implementation-evidence/build.log；implementation-evidence/build-manifest.json；implementation-review.md,用户已确认V3业务与界面修正；当前产品接受未发生；Codex仍在实现/验证,V3.0当前工作树；基础HEAD4804328a；未完成性能/图片门禁；历史已验证仅属原证据版本
TIME-009,product-design.md 第07节,会议候选值及旧图数值不冒充已发布正式规则,WP02,src/pages/production-fulfillment/calculations.ts、task-detail.ts、config-model.ts、scenarios.ts、boundary-evidence.ts,V3当前：专项66项测试通过（整组结果，逐条当前断言需绑定）；范围类型0错、外部61项既有错，Vite构建通过。V3 来源与界面已变更；旧验收不继承，当前完整浏览器已有1050样本，但加载失败、图片及完整准备关联等边界证据未齐。 历史验证说明（非V3证明）：tests/unit/production-fulfillment-calculations.test.ts：自然日/时区/一秒超时/零能力；tests/unit/production-fulfillment-configuration.test.ts：组跨度/发布保留基线；tests/unit/production-fulfillment-boundary-evidence.test.ts：仅日期,V3：七菜单/详情部分功能检查通过，最终浏览器1050样本检查已完成，但加载失败且其他边界缺证；冷加载/刷新最大429ms/364.099999994ms不通过，目标物料照片未逐一覆盖。V3 来源与界面已变更；旧验收不继承，当前完整浏览器已有1050样本，但加载失败、图片及完整准备关联等边界证据未齐。 历史范围（不可继承）：001计算与版本/工作抽屉；004未知路线；规则与配置；无新增PDA执行或现场标签打印（沿用来源系统）；DDS报表打印另验。,已实现待验证,V3范围/缺口：source-alignment-v3.md；product-design.md 第20.2节；当前目标报告：output/playwright/dds-pf-v3/verification.json（最终1050样本，加载失败，整体不通过）；历史证据（仅原版本）：implementation-evidence/verification.json；implementation-evidence/build.log；implementation-evidence/build-manifest.json；implementation-review.md,用户已确认V3业务与界面修正；当前产品接受未发生；Codex仍在实现/验证,V3.0当前工作树；基础HEAD4804328a；未完成性能/图片门禁；历史已验证仅属原证据版本
TIME-010,product-design.md 第07节,近7日90%回货平均耗时不解释为统一7天SLA,WP02,src/pages/production-fulfillment/calculations.ts、task-detail.ts、config-model.ts、scenarios.ts、boundary-evidence.ts,V3当前：专项66项测试通过（整组结果，逐条当前断言需绑定）；范围类型0错、外部61项既有错，Vite构建通过。V3 来源与界面已变更；旧验收不继承，当前完整浏览器已有1050样本，但加载失败、图片及完整准备关联等边界证据未齐。 历史验证说明（非V3证明）：tests/unit/production-fulfillment-calculations.test.ts：自然日/时区/一秒超时/零能力；tests/unit/production-fulfillment-configuration.test.ts：组跨度/发布保留基线；tests/unit/production-fulfillment-boundary-evidence.test.ts：仅日期,V3：七菜单/详情部分功能检查通过，最终浏览器1050样本检查已完成，但加载失败且其他边界缺证；冷加载/刷新最大429ms/364.099999994ms不通过，目标物料照片未逐一覆盖。V3 来源与界面已变更；旧验收不继承，当前完整浏览器已有1050样本，但加载失败、图片及完整准备关联等边界证据未齐。 历史范围（不可继承）：001计算与版本/工作抽屉；004未知路线；规则与配置；无新增PDA执行或现场标签打印（沿用来源系统）；DDS报表打印另验。,已实现待验证,V3范围/缺口：source-alignment-v3.md；product-design.md 第20.2节；当前目标报告：output/playwright/dds-pf-v3/verification.json（最终1050样本，加载失败，整体不通过）；历史证据（仅原版本）：implementation-evidence/verification.json；implementation-evidence/build.log；implementation-evidence/build-manifest.json；implementation-review.md,用户已确认V3业务与界面修正；当前产品接受未发生；Codex仍在实现/验证,V3.0当前工作树；基础HEAD4804328a；未完成性能/图片门禁；历史已验证仅属原证据版本
TIME-011,product-design.md 第07节,原始基线当前标准生效截止预测实际五类时间分开,WP02,src/pages/production-fulfillment/calculations.ts、task-detail.ts、config-model.ts、scenarios.ts、boundary-evidence.ts,V3当前：专项66项测试通过（整组结果，逐条当前断言需绑定）；范围类型0错、外部61项既有错，Vite构建通过。V3 来源与界面已变更；旧验收不继承，当前完整浏览器已有1050样本，但加载失败、图片及完整准备关联等边界证据未齐。 历史验证说明（非V3证明）：tests/unit/production-fulfillment-calculations.test.ts：自然日/时区/一秒超时/零能力；tests/unit/production-fulfillment-configuration.test.ts：组跨度/发布保留基线；tests/unit/production-fulfillment-boundary-evidence.test.ts：仅日期,V3：七菜单/详情部分功能检查通过，最终浏览器1050样本检查已完成，但加载失败且其他边界缺证；冷加载/刷新最大429ms/364.099999994ms不通过，目标物料照片未逐一覆盖。V3 来源与界面已变更；旧验收不继承，当前完整浏览器已有1050样本，但加载失败、图片及完整准备关联等边界证据未齐。 历史范围（不可继承）：001计算与版本/工作抽屉；004未知路线；规则与配置；无新增PDA执行或现场标签打印（沿用来源系统）；DDS报表打印另验。,已实现待验证,V3范围/缺口：source-alignment-v3.md；product-design.md 第20.2节；当前目标报告：output/playwright/dds-pf-v3/verification.json（最终1050样本，加载失败，整体不通过）；历史证据（仅原版本）：implementation-evidence/verification.json；implementation-evidence/build.log；implementation-evidence/build-manifest.json；implementation-review.md,用户已确认V3业务与界面修正；当前产品接受未发生；Codex仍在实现/验证,V3.0当前工作树；基础HEAD4804328a；未完成性能/图片门禁；历史已验证仅属原证据版本
TIME-012,product-design.md 第07节,预测推迟不能自动延长当前考核截止,WP02,src/pages/production-fulfillment/calculations.ts、task-detail.ts、config-model.ts、scenarios.ts、boundary-evidence.ts,V3当前：专项66项测试通过（整组结果，逐条当前断言需绑定）；范围类型0错、外部61项既有错，Vite构建通过。V3 来源与界面已变更；旧验收不继承，当前完整浏览器已有1050样本，但加载失败、图片及完整准备关联等边界证据未齐。 历史验证说明（非V3证明）：tests/unit/production-fulfillment-calculations.test.ts：自然日/时区/一秒超时/零能力；tests/unit/production-fulfillment-configuration.test.ts：组跨度/发布保留基线；tests/unit/production-fulfillment-boundary-evidence.test.ts：仅日期,V3：七菜单/详情部分功能检查通过，最终浏览器1050样本检查已完成，但加载失败且其他边界缺证；冷加载/刷新最大429ms/364.099999994ms不通过，目标物料照片未逐一覆盖。V3 来源与界面已变更；旧验收不继承，当前完整浏览器已有1050样本，但加载失败、图片及完整准备关联等边界证据未齐。 历史范围（不可继承）：001计算与版本/工作抽屉；004未知路线；规则与配置；无新增PDA执行或现场标签打印（沿用来源系统）；DDS报表打印另验。,已实现待验证,V3范围/缺口：source-alignment-v3.md；product-design.md 第20.2节；当前目标报告：output/playwright/dds-pf-v3/verification.json（最终1050样本，加载失败，整体不通过）；历史证据（仅原版本）：implementation-evidence/verification.json；implementation-evidence/build.log；implementation-evidence/build-manifest.json；implementation-review.md,用户已确认V3业务与界面修正；当前产品接受未发生；Codex仍在实现/验证,V3.0当前工作树；基础HEAD4804328a；未完成性能/图片门禁；历史已验证仅属原证据版本
TIME-013,product-design.md 第07节,未知路线只按合法场景计算区间，无上界时明确未知,WP02,src/pages/production-fulfillment/calculations.ts、task-detail.ts、config-model.ts、scenarios.ts、boundary-evidence.ts,V3当前：专项66项测试通过（整组结果，逐条当前断言需绑定）；范围类型0错、外部61项既有错，Vite构建通过。V3 来源与界面已变更；旧验收不继承，当前完整浏览器已有1050样本，但加载失败、图片及完整准备关联等边界证据未齐。 历史验证说明（非V3证明）：tests/unit/production-fulfillment-calculations.test.ts：自然日/时区/一秒超时/零能力；tests/unit/production-fulfillment-configuration.test.ts：组跨度/发布保留基线；tests/unit/production-fulfillment-boundary-evidence.test.ts：仅日期,V3：七菜单/详情部分功能检查通过，最终浏览器1050样本检查已完成，但加载失败且其他边界缺证；冷加载/刷新最大429ms/364.099999994ms不通过，目标物料照片未逐一覆盖。V3 来源与界面已变更；旧验收不继承，当前完整浏览器已有1050样本，但加载失败、图片及完整准备关联等边界证据未齐。 历史范围（不可继承）：001计算与版本/工作抽屉；004未知路线；规则与配置；无新增PDA执行或现场标签打印（沿用来源系统）；DDS报表打印另验。,已实现待验证,V3范围/缺口：source-alignment-v3.md；product-design.md 第20.2节；当前目标报告：output/playwright/dds-pf-v3/verification.json（最终1050样本，加载失败，整体不通过）；历史证据（仅原版本）：implementation-evidence/verification.json；implementation-evidence/build.log；implementation-evidence/build-manifest.json；implementation-review.md,用户已确认V3业务与界面修正；当前产品接受未发生；Codex仍在实现/验证,V3.0当前工作树；基础HEAD4804328a；未完成性能/图片门禁；历史已验证仅属原证据版本
TIME-014,product-design.md 第07节,晚确认路线保留原始T0并记录变更版本,WP02,src/pages/production-fulfillment/calculations.ts、task-detail.ts、config-model.ts、scenarios.ts、boundary-evidence.ts,V3当前：专项66项测试通过（整组结果，逐条当前断言需绑定）；范围类型0错、外部61项既有错，Vite构建通过。V3 来源与界面已变更；旧验收不继承，当前完整浏览器已有1050样本，但加载失败、图片及完整准备关联等边界证据未齐。 历史验证说明（非V3证明）：tests/unit/production-fulfillment-calculations.test.ts：自然日/时区/一秒超时/零能力；tests/unit/production-fulfillment-configuration.test.ts：组跨度/发布保留基线；tests/unit/production-fulfillment-boundary-evidence.test.ts：仅日期,V3：七菜单/详情部分功能检查通过，最终浏览器1050样本检查已完成，但加载失败且其他边界缺证；冷加载/刷新最大429ms/364.099999994ms不通过，目标物料照片未逐一覆盖。V3 来源与界面已变更；旧验收不继承，当前完整浏览器已有1050样本，但加载失败、图片及完整准备关联等边界证据未齐。 历史范围（不可继承）：001计算与版本/工作抽屉；004未知路线；规则与配置；无新增PDA执行或现场标签打印（沿用来源系统）；DDS报表打印另验。,已实现待验证,V3范围/缺口：source-alignment-v3.md；product-design.md 第20.2节；当前目标报告：output/playwright/dds-pf-v3/verification.json（最终1050样本，加载失败，整体不通过）；历史证据（仅原版本）：implementation-evidence/verification.json；implementation-evidence/build.log；implementation-evidence/build-manifest.json；implementation-review.md,用户已确认V3业务与界面修正；当前产品接受未发生；Codex仍在实现/验证,V3.0当前工作树；基础HEAD4804328a；未完成性能/图片门禁；历史已验证仅属原证据版本
CALC-001,product-design.md 第08节,依赖网络串行相加并行汇合取最大值,WP02,src/pages/production-fulfillment/calculations.ts、task-detail.ts、scenarios.ts,V3当前：专项66项测试通过（整组结果，逐条当前断言需绑定）；范围类型0错、外部61项既有错，Vite构建通过。V3 来源与界面已变更；旧验收不继承，当前完整浏览器已有1050样本，但加载失败、图片及完整准备关联等边界证据未齐。 历史验证说明（非V3证明）：tests/unit/production-fulfillment-calculations.test.ts：24天/ID23天/批次19.5、21.5、22/网络防环/共享资源；scripts/check-dds-production-fulfillment.mjs：路线收敛,V3：七菜单/详情部分功能检查通过，最终浏览器1050样本检查已完成，但加载失败且其他边界缺证；冷加载/刷新最大429ms/364.099999994ms不通过，目标物料照片未逐一覆盖。V3 来源与界面已变更；旧验收不继承，当前完整浏览器已有1050样本，但加载失败、图片及完整准备关联等边界证据未齐。 历史范围（不可继承）：001完整公式/批次算例；004有界无界模拟；gantt-1366.png；无新增PDA执行或现场标签打印（沿用来源系统）；DDS报表打印另验。,已实现待验证,V3范围/缺口：source-alignment-v3.md；product-design.md 第20.2节；当前目标报告：output/playwright/dds-pf-v3/verification.json（最终1050样本，加载失败，整体不通过）；历史证据（仅原版本）：implementation-evidence/verification.json；implementation-evidence/build.log；implementation-evidence/build-manifest.json；implementation-review.md,用户已确认V3业务与界面修正；当前产品接受未发生；Codex仍在实现/验证,V3.0当前工作树；基础HEAD4804328a；未完成性能/图片门禁；历史已验证仅属原证据版本
CALC-002,product-design.md 第08节,计算显示动作预算前置事件及交接间隔,WP02,src/pages/production-fulfillment/calculations.ts、task-detail.ts、scenarios.ts,V3当前：专项66项测试通过（整组结果，逐条当前断言需绑定）；范围类型0错、外部61项既有错，Vite构建通过。V3 来源与界面已变更；旧验收不继承，当前完整浏览器已有1050样本，但加载失败、图片及完整准备关联等边界证据未齐。 历史验证说明（非V3证明）：tests/unit/production-fulfillment-calculations.test.ts：24天/ID23天/批次19.5、21.5、22/网络防环/共享资源；scripts/check-dds-production-fulfillment.mjs：路线收敛,V3：七菜单/详情部分功能检查通过，最终浏览器1050样本检查已完成，但加载失败且其他边界缺证；冷加载/刷新最大429ms/364.099999994ms不通过，目标物料照片未逐一覆盖。V3 来源与界面已变更；旧验收不继承，当前完整浏览器已有1050样本，但加载失败、图片及完整准备关联等边界证据未齐。 历史范围（不可继承）：001完整公式/批次算例；004有界无界模拟；gantt-1366.png；无新增PDA执行或现场标签打印（沿用来源系统）；DDS报表打印另验。,已实现待验证,V3范围/缺口：source-alignment-v3.md；product-design.md 第20.2节；当前目标报告：output/playwright/dds-pf-v3/verification.json（最终1050样本，加载失败，整体不通过）；历史证据（仅原版本）：implementation-evidence/verification.json；implementation-evidence/build.log；implementation-evidence/build-manifest.json；implementation-review.md,用户已确认V3业务与界面修正；当前产品接受未发生；Codex仍在实现/验证,V3.0当前工作树；基础HEAD4804328a；未完成性能/图片门禁；历史已验证仅属原证据版本
CALC-003,product-design.md 第08节,循环依赖被拒绝而不是静默给出时效,WP02,src/pages/production-fulfillment/calculations.ts、task-detail.ts、scenarios.ts,V3当前：专项66项测试通过（整组结果，逐条当前断言需绑定）；范围类型0错、外部61项既有错，Vite构建通过。V3 来源与界面已变更；旧验收不继承，当前完整浏览器已有1050样本，但加载失败、图片及完整准备关联等边界证据未齐。 历史验证说明（非V3证明）：tests/unit/production-fulfillment-calculations.test.ts：24天/ID23天/批次19.5、21.5、22/网络防环/共享资源；scripts/check-dds-production-fulfillment.mjs：路线收敛,V3：七菜单/详情部分功能检查通过，最终浏览器1050样本检查已完成，但加载失败且其他边界缺证；冷加载/刷新最大429ms/364.099999994ms不通过，目标物料照片未逐一覆盖。V3 来源与界面已变更；旧验收不继承，当前完整浏览器已有1050样本，但加载失败、图片及完整准备关联等边界证据未齐。 历史范围（不可继承）：001完整公式/批次算例；004有界无界模拟；gantt-1366.png；无新增PDA执行或现场标签打印（沿用来源系统）；DDS报表打印另验。,已实现待验证,V3范围/缺口：source-alignment-v3.md；product-design.md 第20.2节；当前目标报告：output/playwright/dds-pf-v3/verification.json（最终1050样本，加载失败，整体不通过）；历史证据（仅原版本）：implementation-evidence/verification.json；implementation-evidence/build.log；implementation-evidence/build-manifest.json；implementation-review.md,用户已确认V3业务与界面修正；当前产品接受未发生；Codex仍在实现/验证,V3.0当前工作树；基础HEAD4804328a；未完成性能/图片门禁；历史已验证仅属原证据版本
CALC-004,product-design.md 第08节,共享资源占用形成有效先后约束,WP02,src/pages/production-fulfillment/calculations.ts、task-detail.ts、scenarios.ts,V3当前：专项66项测试通过（整组结果，逐条当前断言需绑定）；范围类型0错、外部61项既有错，Vite构建通过。V3 来源与界面已变更；旧验收不继承，当前完整浏览器已有1050样本，但加载失败、图片及完整准备关联等边界证据未齐。 历史验证说明（非V3证明）：tests/unit/production-fulfillment-calculations.test.ts：24天/ID23天/批次19.5、21.5、22/网络防环/共享资源；scripts/check-dds-production-fulfillment.mjs：路线收敛,V3：七菜单/详情部分功能检查通过，最终浏览器1050样本检查已完成，但加载失败且其他边界缺证；冷加载/刷新最大429ms/364.099999994ms不通过，目标物料照片未逐一覆盖。V3 来源与界面已变更；旧验收不继承，当前完整浏览器已有1050样本，但加载失败、图片及完整准备关联等边界证据未齐。 历史范围（不可继承）：001完整公式/批次算例；004有界无界模拟；gantt-1366.png；无新增PDA执行或现场标签打印（沿用来源系统）；DDS报表打印另验。,已实现待验证,V3范围/缺口：source-alignment-v3.md；product-design.md 第20.2节；当前目标报告：output/playwright/dds-pf-v3/verification.json（最终1050样本，加载失败，整体不通过）；历史证据（仅原版本）：implementation-evidence/verification.json；implementation-evidence/build.log；implementation-evidence/build-manifest.json；implementation-review.md,用户已确认V3业务与界面修正；当前产品接受未发生；Codex仍在实现/验证,V3.0当前工作树；基础HEAD4804328a；未完成性能/图片门禁；历史已验证仅属原证据版本
CALC-005,product-design.md 第08节；V3仅保留为历史规则示例（product-design.md 第17/20.2节）,完整主例计算结果为24自然日,WP02,src/pages/production-fulfillment/calculations.ts、task-detail.ts、scenarios.ts,V3当前：专项66项测试通过（整组结果，逐条当前断言需绑定）；范围类型0错、外部61项既有错，Vite构建通过。本条具体数字仅属于V1/V2独立规则示例；不作为V3 33条来源需求的业务数量/时效/角色或订单结果。示例若继续展示仍需当前版本验证。 历史验证说明（非V3证明）：tests/unit/production-fulfillment-calculations.test.ts：24天/ID23天/批次19.5、21.5、22/网络防环/共享资源；scripts/check-dds-production-fulfillment.mjs：路线收敛,V3：七菜单/详情部分功能检查通过，最终浏览器1050样本检查已完成，但加载失败且其他边界缺证；冷加载/刷新最大429ms/364.099999994ms不通过，目标物料照片未逐一覆盖。本条具体数字仅属于V1/V2独立规则示例；不作为V3 33条来源需求的业务数量/时效/角色或订单结果。示例若继续展示仍需当前版本验证。 历史范围（不可继承）：001完整公式/批次算例；004有界无界模拟；gantt-1366.png；无新增PDA执行或现场标签打印（沿用来源系统）；DDS报表打印另验。,已实现待验证,V3范围/缺口：source-alignment-v3.md；product-design.md 第20.2节；当前目标报告：output/playwright/dds-pf-v3/verification.json（最终1050样本，加载失败，整体不通过）；历史证据（仅原版本）：implementation-evidence/verification.json；implementation-evidence/build.log；implementation-evidence/build-manifest.json；implementation-review.md,用户已确认V3业务与界面修正；当前产品接受未发生；Codex仍在实现/验证,V3.0当前工作树；基础HEAD4804328a；未完成性能/图片门禁；历史已验证仅属原证据版本
CALC-006,product-design.md 第08节；V3仅保留为历史规则示例（product-design.md 第17/20.2节）,中国辅料15天明确包含入库后调拨至工厂实收,WP02,src/pages/production-fulfillment/calculations.ts、task-detail.ts、scenarios.ts,V3当前：专项66项测试通过（整组结果，逐条当前断言需绑定）；范围类型0错、外部61项既有错，Vite构建通过。本条具体数字仅属于V1/V2独立规则示例；不作为V3 33条来源需求的业务数量/时效/角色或订单结果。示例若继续展示仍需当前版本验证。 历史验证说明（非V3证明）：tests/unit/production-fulfillment-calculations.test.ts：24天/ID23天/批次19.5、21.5、22/网络防环/共享资源；scripts/check-dds-production-fulfillment.mjs：路线收敛,V3：七菜单/详情部分功能检查通过，最终浏览器1050样本检查已完成，但加载失败且其他边界缺证；冷加载/刷新最大429ms/364.099999994ms不通过，目标物料照片未逐一覆盖。本条具体数字仅属于V1/V2独立规则示例；不作为V3 33条来源需求的业务数量/时效/角色或订单结果。示例若继续展示仍需当前版本验证。 历史范围（不可继承）：001完整公式/批次算例；004有界无界模拟；gantt-1366.png；无新增PDA执行或现场标签打印（沿用来源系统）；DDS报表打印另验。,已实现待验证,V3范围/缺口：source-alignment-v3.md；product-design.md 第20.2节；当前目标报告：output/playwright/dds-pf-v3/verification.json（最终1050样本，加载失败，整体不通过）；历史证据（仅原版本）：implementation-evidence/verification.json；implementation-evidence/build.log；implementation-evidence/build-manifest.json；implementation-review.md,用户已确认V3业务与界面修正；当前产品接受未发生；Codex仍在实现/验证,V3.0当前工作树；基础HEAD4804328a；未完成性能/图片门禁；历史已验证仅属原证据版本
CALC-007,product-design.md 第08节；V3仅保留为历史规则示例（product-design.md 第17/20.2节）,改为5天到厂的印尼分支主例整体为23天,WP02,src/pages/production-fulfillment/calculations.ts、task-detail.ts、scenarios.ts,V3当前：专项66项测试通过（整组结果，逐条当前断言需绑定）；范围类型0错、外部61项既有错，Vite构建通过。本条具体数字仅属于V1/V2独立规则示例；不作为V3 33条来源需求的业务数量/时效/角色或订单结果。示例若继续展示仍需当前版本验证。 历史验证说明（非V3证明）：tests/unit/production-fulfillment-calculations.test.ts：24天/ID23天/批次19.5、21.5、22/网络防环/共享资源；scripts/check-dds-production-fulfillment.mjs：路线收敛,V3：七菜单/详情部分功能检查通过，最终浏览器1050样本检查已完成，但加载失败且其他边界缺证；冷加载/刷新最大429ms/364.099999994ms不通过，目标物料照片未逐一覆盖。本条具体数字仅属于V1/V2独立规则示例；不作为V3 33条来源需求的业务数量/时效/角色或订单结果。示例若继续展示仍需当前版本验证。 历史范围（不可继承）：001完整公式/批次算例；004有界无界模拟；gantt-1366.png；无新增PDA执行或现场标签打印（沿用来源系统）；DDS报表打印另验。,已实现待验证,V3范围/缺口：source-alignment-v3.md；product-design.md 第20.2节；当前目标报告：output/playwright/dds-pf-v3/verification.json（最终1050样本，加载失败，整体不通过）；历史证据（仅原版本）：implementation-evidence/verification.json；implementation-evidence/build.log；implementation-evidence/build-manifest.json；implementation-review.md,用户已确认V3业务与界面修正；当前产品接受未发生；Codex仍在实现/验证,V3.0当前工作树；基础HEAD4804328a；未完成性能/图片门禁；历史已验证仅属原证据版本
CALC-008,product-design.md 第08节；V3仅保留为历史规则示例（product-design.md 第17/20.2节）,未知独立场景范围20至24逐步收敛至24,WP02,src/pages/production-fulfillment/calculations.ts、task-detail.ts、scenarios.ts,V3当前：专项66项测试通过（整组结果，逐条当前断言需绑定）；范围类型0错、外部61项既有错，Vite构建通过。本条具体数字仅属于V1/V2独立规则示例；不作为V3 33条来源需求的业务数量/时效/角色或订单结果。示例若继续展示仍需当前版本验证。 历史验证说明（非V3证明）：tests/unit/production-fulfillment-calculations.test.ts：24天/ID23天/批次19.5、21.5、22/网络防环/共享资源；scripts/check-dds-production-fulfillment.mjs：路线收敛,V3：七菜单/详情部分功能检查通过，最终浏览器1050样本检查已完成，但加载失败且其他边界缺证；冷加载/刷新最大429ms/364.099999994ms不通过，目标物料照片未逐一覆盖。本条具体数字仅属于V1/V2独立规则示例；不作为V3 33条来源需求的业务数量/时效/角色或订单结果。示例若继续展示仍需当前版本验证。 历史范围（不可继承）：001完整公式/批次算例；004有界无界模拟；gantt-1366.png；无新增PDA执行或现场标签打印（沿用来源系统）；DDS报表打印另验。,已实现待验证,V3范围/缺口：source-alignment-v3.md；product-design.md 第20.2节；当前目标报告：output/playwright/dds-pf-v3/verification.json（最终1050样本，加载失败，整体不通过）；历史证据（仅原版本）：implementation-evidence/verification.json；implementation-evidence/build.log；implementation-evidence/build-manifest.json；implementation-review.md,用户已确认V3业务与界面修正；当前产品接受未发生；Codex仍在实现/验证,V3.0当前工作树；基础HEAD4804328a；未完成性能/图片门禁；历史已验证仅属原证据版本
CALC-009,product-design.md 第08节；V3仅保留为历史规则示例（product-design.md 第17/20.2节）,整批1000放行是主例显式规则而不是通用强制,WP02,src/pages/production-fulfillment/calculations.ts、task-detail.ts、scenarios.ts,V3当前：专项66项测试通过（整组结果，逐条当前断言需绑定）；范围类型0错、外部61项既有错，Vite构建通过。本条具体数字仅属于V1/V2独立规则示例；不作为V3 33条来源需求的业务数量/时效/角色或订单结果。示例若继续展示仍需当前版本验证。 历史验证说明（非V3证明）：tests/unit/production-fulfillment-calculations.test.ts：24天/ID23天/批次19.5、21.5、22/网络防环/共享资源；scripts/check-dds-production-fulfillment.mjs：路线收敛,V3：七菜单/详情部分功能检查通过，最终浏览器1050样本检查已完成，但加载失败且其他边界缺证；冷加载/刷新最大429ms/364.099999994ms不通过，目标物料照片未逐一覆盖。本条具体数字仅属于V1/V2独立规则示例；不作为V3 33条来源需求的业务数量/时效/角色或订单结果。示例若继续展示仍需当前版本验证。 历史范围（不可继承）：001完整公式/批次算例；004有界无界模拟；gantt-1366.png；无新增PDA执行或现场标签打印（沿用来源系统）；DDS报表打印另验。,已实现待验证,V3范围/缺口：source-alignment-v3.md；product-design.md 第20.2节；当前目标报告：output/playwright/dds-pf-v3/verification.json（最终1050样本，加载失败，整体不通过）；历史证据（仅原版本）：implementation-evidence/verification.json；implementation-evidence/build.log；implementation-evidence/build-manifest.json；implementation-review.md,用户已确认V3业务与界面修正；当前产品接受未发生；Codex仍在实现/验证,V3.0当前工作树；基础HEAD4804328a；未完成性能/图片门禁；历史已验证仅属原证据版本
CALC-010,product-design.md 第08节；V3仅保留为历史规则示例（product-design.md 第17/20.2节）,分批算例发货节点为D19.5 D21.5 D22,WP02,src/pages/production-fulfillment/calculations.ts、task-detail.ts、scenarios.ts,V3当前：专项66项测试通过（整组结果，逐条当前断言需绑定）；范围类型0错、外部61项既有错，Vite构建通过。本条具体数字仅属于V1/V2独立规则示例；不作为V3 33条来源需求的业务数量/时效/角色或订单结果。示例若继续展示仍需当前版本验证。 历史验证说明（非V3证明）：tests/unit/production-fulfillment-calculations.test.ts：24天/ID23天/批次19.5、21.5、22/网络防环/共享资源；scripts/check-dds-production-fulfillment.mjs：路线收敛,V3：七菜单/详情部分功能检查通过，最终浏览器1050样本检查已完成，但加载失败且其他边界缺证；冷加载/刷新最大429ms/364.099999994ms不通过，目标物料照片未逐一覆盖。本条具体数字仅属于V1/V2独立规则示例；不作为V3 33条来源需求的业务数量/时效/角色或订单结果。示例若继续展示仍需当前版本验证。 历史范围（不可继承）：001完整公式/批次算例；004有界无界模拟；gantt-1366.png；无新增PDA执行或现场标签打印（沿用来源系统）；DDS报表打印另验。,已实现待验证,V3范围/缺口：source-alignment-v3.md；product-design.md 第20.2节；当前目标报告：output/playwright/dds-pf-v3/verification.json（最终1050样本，加载失败，整体不通过）；历史证据（仅原版本）：implementation-evidence/verification.json；implementation-evidence/build.log；implementation-evidence/build-manifest.json；implementation-review.md,用户已确认V3业务与界面修正；当前产品接受未发生；Codex仍在实现/验证,V3.0当前工作树；基础HEAD4804328a；未完成性能/图片门禁；历史已验证仅属原证据版本
CALC-011,product-design.md 第08节；V3仅保留为历史规则示例（product-design.md 第17/20.2节）,90%数量里程碑按真实批次首次跨阈值确定,WP02,src/pages/production-fulfillment/calculations.ts、task-detail.ts、scenarios.ts,V3当前：专项66项测试通过（整组结果，逐条当前断言需绑定）；范围类型0错、外部61项既有错，Vite构建通过。本条具体数字仅属于V1/V2独立规则示例；不作为V3 33条来源需求的业务数量/时效/角色或订单结果。示例若继续展示仍需当前版本验证。 历史验证说明（非V3证明）：tests/unit/production-fulfillment-calculations.test.ts：24天/ID23天/批次19.5、21.5、22/网络防环/共享资源；scripts/check-dds-production-fulfillment.mjs：路线收敛,V3：七菜单/详情部分功能检查通过，最终浏览器1050样本检查已完成，但加载失败且其他边界缺证；冷加载/刷新最大429ms/364.099999994ms不通过，目标物料照片未逐一覆盖。本条具体数字仅属于V1/V2独立规则示例；不作为V3 33条来源需求的业务数量/时效/角色或订单结果。示例若继续展示仍需当前版本验证。 历史范围（不可继承）：001完整公式/批次算例；004有界无界模拟；gantt-1366.png；无新增PDA执行或现场标签打印（沿用来源系统）；DDS报表打印另验。,已实现待验证,V3范围/缺口：source-alignment-v3.md；product-design.md 第20.2节；当前目标报告：output/playwright/dds-pf-v3/verification.json（最终1050样本，加载失败，整体不通过）；历史证据（仅原版本）：implementation-evidence/verification.json；implementation-evidence/build.log；implementation-evidence/build-manifest.json；implementation-review.md,用户已确认V3业务与界面修正；当前产品接受未发生；Codex仍在实现/验证,V3.0当前工作树；基础HEAD4804328a；未完成性能/图片门禁；历史已验证仅属原证据版本
RISK-001,product-design.md 第09节,前置等待本环节正式耗时与实际作业耗时分列,WP02,src/pages/production-fulfillment/calculations.ts、fixtures.ts、task-detail.ts、dashboards.ts,V3当前：专项66项测试通过（整组结果，逐条当前断言需绑定）；范围类型0错、外部61项既有错，Vite构建通过。当前来源合格量、采购/调拨完整事实、实际发货或正式SLA尚未齐备；按条目所需输入继续补证，旧规则例不能代替来源链路。 历史验证说明（非V3证明）：tests/unit/production-fulfillment-calculations.test.ts：数量预测/300与100/倒排/历史逾期/人工预计/上游带入,V3：七菜单/详情部分功能检查通过，最终浏览器1050样本检查已完成，但加载失败且其他边界缺证；冷加载/刷新最大429ms/364.099999994ms不通过，目标物料照片未逐一覆盖。当前来源合格量、采购/调拨完整事实、实际发货或正式SLA尚未齐备；按条目所需输入继续补证，旧规则例不能代替来源链路。 历史范围（不可继承）：001风险与工作抽屉；002正常；005追回2天；团队队列；无新增PDA执行或现场标签打印（沿用来源系统）；DDS报表打印另验。,实施中,V3范围/缺口：source-alignment-v3.md；product-design.md 第20.2节；当前目标报告：output/playwright/dds-pf-v3/verification.json（最终1050样本，加载失败，整体不通过）；历史证据（仅原版本）：implementation-evidence/verification.json；implementation-evidence/build.log；implementation-evidence/build-manifest.json；implementation-review.md,用户已确认V3业务与界面修正；当前产品接受未发生；Codex仍在实现/验证,V3.0当前工作树；基础HEAD4804328a；未完成性能/图片门禁；历史已验证仅属原证据版本
RISK-002,product-design.md 第09节,责任起算不因迟开工而自动向后移动,WP02,src/pages/production-fulfillment/calculations.ts、fixtures.ts、task-detail.ts、dashboards.ts,V3当前：专项66项测试通过（整组结果，逐条当前断言需绑定）；范围类型0错、外部61项既有错，Vite构建通过。当前来源合格量、采购/调拨完整事实、实际发货或正式SLA尚未齐备；按条目所需输入继续补证，旧规则例不能代替来源链路。 历史验证说明（非V3证明）：tests/unit/production-fulfillment-calculations.test.ts：数量预测/300与100/倒排/历史逾期/人工预计/上游带入,V3：七菜单/详情部分功能检查通过，最终浏览器1050样本检查已完成，但加载失败且其他边界缺证；冷加载/刷新最大429ms/364.099999994ms不通过，目标物料照片未逐一覆盖。当前来源合格量、采购/调拨完整事实、实际发货或正式SLA尚未齐备；按条目所需输入继续补证，旧规则例不能代替来源链路。 历史范围（不可继承）：001风险与工作抽屉；002正常；005追回2天；团队队列；无新增PDA执行或现场标签打印（沿用来源系统）；DDS报表打印另验。,实施中,V3范围/缺口：source-alignment-v3.md；product-design.md 第20.2节；当前目标报告：output/playwright/dds-pf-v3/verification.json（最终1050样本，加载失败，整体不通过）；历史证据（仅原版本）：implementation-evidence/verification.json；implementation-evidence/build.log；implementation-evidence/build-manifest.json；implementation-review.md,用户已确认V3业务与界面修正；当前产品接受未发生；Codex仍在实现/验证,V3.0当前工作树；基础HEAD4804328a；未完成性能/图片门禁；历史已验证仅属原证据版本
RISK-003,product-design.md 第09节,已完成工作历史逾期不随当前时间继续增长,WP02,src/pages/production-fulfillment/calculations.ts、fixtures.ts、task-detail.ts、dashboards.ts,V3当前：专项66项测试通过（整组结果，逐条当前断言需绑定）；范围类型0错、外部61项既有错，Vite构建通过。当前来源合格量、采购/调拨完整事实、实际发货或正式SLA尚未齐备；按条目所需输入继续补证，旧规则例不能代替来源链路。 历史验证说明（非V3证明）：tests/unit/production-fulfillment-calculations.test.ts：数量预测/300与100/倒排/历史逾期/人工预计/上游带入,V3：七菜单/详情部分功能检查通过，最终浏览器1050样本检查已完成，但加载失败且其他边界缺证；冷加载/刷新最大429ms/364.099999994ms不通过，目标物料照片未逐一覆盖。当前来源合格量、采购/调拨完整事实、实际发货或正式SLA尚未齐备；按条目所需输入继续补证，旧规则例不能代替来源链路。 历史范围（不可继承）：001风险与工作抽屉；002正常；005追回2天；团队队列；无新增PDA执行或现场标签打印（沿用来源系统）；DDS报表打印另验。,实施中,V3范围/缺口：source-alignment-v3.md；product-design.md 第20.2节；当前目标报告：output/playwright/dds-pf-v3/verification.json（最终1050样本，加载失败，整体不通过）；历史证据（仅原版本）：implementation-evidence/verification.json；implementation-evidence/build.log；implementation-evidence/build-manifest.json；implementation-review.md,用户已确认V3业务与界面修正；当前产品接受未发生；Codex仍在实现/验证,V3.0当前工作树；基础HEAD4804328a；未完成性能/图片门禁；历史已验证仅属原证据版本
RISK-004,product-design.md 第09节,局部未可执行不冒称已加工超时,WP02,src/pages/production-fulfillment/calculations.ts、fixtures.ts、task-detail.ts、dashboards.ts,V3当前：专项66项测试通过（整组结果，逐条当前断言需绑定）；范围类型0错、外部61项既有错，Vite构建通过。当前来源合格量、采购/调拨完整事实、实际发货或正式SLA尚未齐备；按条目所需输入继续补证，旧规则例不能代替来源链路。 历史验证说明（非V3证明）：tests/unit/production-fulfillment-calculations.test.ts：数量预测/300与100/倒排/历史逾期/人工预计/上游带入,V3：七菜单/详情部分功能检查通过，最终浏览器1050样本检查已完成，但加载失败且其他边界缺证；冷加载/刷新最大429ms/364.099999994ms不通过，目标物料照片未逐一覆盖。当前来源合格量、采购/调拨完整事实、实际发货或正式SLA尚未齐备；按条目所需输入继续补证，旧规则例不能代替来源链路。 历史范围（不可继承）：001风险与工作抽屉；002正常；005追回2天；团队队列；无新增PDA执行或现场标签打印（沿用来源系统）；DDS报表打印另验。,实施中,V3范围/缺口：source-alignment-v3.md；product-design.md 第20.2节；当前目标报告：output/playwright/dds-pf-v3/verification.json（最终1050样本，加载失败，整体不通过）；历史证据（仅原版本）：implementation-evidence/verification.json；implementation-evidence/build.log；implementation-evidence/build-manifest.json；implementation-review.md,用户已确认V3业务与界面修正；当前产品接受未发生；Codex仍在实现/验证,V3.0当前工作树；基础HEAD4804328a；未完成性能/图片门禁；历史已验证仅属原证据版本
RISK-005,product-design.md 第09节,保障整体最晚节点从生产任务生效截止反推,WP02,src/pages/production-fulfillment/calculations.ts、fixtures.ts、task-detail.ts、dashboards.ts,V3当前：专项66项测试通过（整组结果，逐条当前断言需绑定）；范围类型0错、外部61项既有错，Vite构建通过。当前来源合格量、采购/调拨完整事实、实际发货或正式SLA尚未齐备；按条目所需输入继续补证，旧规则例不能代替来源链路。 历史验证说明（非V3证明）：tests/unit/production-fulfillment-calculations.test.ts：数量预测/300与100/倒排/历史逾期/人工预计/上游带入,V3：七菜单/详情部分功能检查通过，最终浏览器1050样本检查已完成，但加载失败且其他边界缺证；冷加载/刷新最大429ms/364.099999994ms不通过，目标物料照片未逐一覆盖。当前来源合格量、采购/调拨完整事实、实际发货或正式SLA尚未齐备；按条目所需输入继续补证，旧规则例不能代替来源链路。 历史范围（不可继承）：001风险与工作抽屉；002正常；005追回2天；团队队列；无新增PDA执行或现场标签打印（沿用来源系统）；DDS报表打印另验。,实施中,V3范围/缺口：source-alignment-v3.md；product-design.md 第20.2节；当前目标报告：output/playwright/dds-pf-v3/verification.json（最终1050样本，加载失败，整体不通过）；历史证据（仅原版本）：implementation-evidence/verification.json；implementation-evidence/build.log；implementation-evidence/build-manifest.json；implementation-review.md,用户已确认V3业务与界面修正；当前产品接受未发生；Codex仍在实现/验证,V3.0当前工作树；基础HEAD4804328a；未完成性能/图片门禁；历史已验证仅属原证据版本
RISK-006,product-design.md 第09节,反推公式明确LF后继最小值与LS等于LF减预算,WP02,src/pages/production-fulfillment/calculations.ts、fixtures.ts、task-detail.ts、dashboards.ts,V3当前：专项66项测试通过（整组结果，逐条当前断言需绑定）；范围类型0错、外部61项既有错，Vite构建通过。当前来源合格量、采购/调拨完整事实、实际发货或正式SLA尚未齐备；按条目所需输入继续补证，旧规则例不能代替来源链路。 历史验证说明（非V3证明）：tests/unit/production-fulfillment-calculations.test.ts：数量预测/300与100/倒排/历史逾期/人工预计/上游带入,V3：七菜单/详情部分功能检查通过，最终浏览器1050样本检查已完成，但加载失败且其他边界缺证；冷加载/刷新最大429ms/364.099999994ms不通过，目标物料照片未逐一覆盖。当前来源合格量、采购/调拨完整事实、实际发货或正式SLA尚未齐备；按条目所需输入继续补证，旧规则例不能代替来源链路。 历史范围（不可继承）：001风险与工作抽屉；002正常；005追回2天；团队队列；无新增PDA执行或现场标签打印（沿用来源系统）；DDS报表打印另验。,实施中,V3范围/缺口：source-alignment-v3.md；product-design.md 第20.2节；当前目标报告：output/playwright/dds-pf-v3/verification.json（最终1050样本，加载失败，整体不通过）；历史证据（仅原版本）：implementation-evidence/verification.json；implementation-evidence/build.log；implementation-evidence/build-manifest.json；implementation-review.md,用户已确认V3业务与界面修正；当前产品接受未发生；Codex仍在实现/验证,V3.0当前工作树；基础HEAD4804328a；未完成性能/图片门禁；历史已验证仅属原证据版本
RISK-007,product-design.md 第09节,预测使用合格输出剩余及本任务分配能力,WP02,src/pages/production-fulfillment/calculations.ts、fixtures.ts、task-detail.ts、dashboards.ts,V3当前：专项66项测试通过（整组结果，逐条当前断言需绑定）；范围类型0错、外部61项既有错，Vite构建通过。当前来源合格量、采购/调拨完整事实、实际发货或正式SLA尚未齐备；按条目所需输入继续补证，旧规则例不能代替来源链路。 历史验证说明（非V3证明）：tests/unit/production-fulfillment-calculations.test.ts：数量预测/300与100/倒排/历史逾期/人工预计/上游带入,V3：七菜单/详情部分功能检查通过，最终浏览器1050样本检查已完成，但加载失败且其他边界缺证；冷加载/刷新最大429ms/364.099999994ms不通过，目标物料照片未逐一覆盖。当前来源合格量、采购/调拨完整事实、实际发货或正式SLA尚未齐备；按条目所需输入继续补证，旧规则例不能代替来源链路。 历史范围（不可继承）：001风险与工作抽屉；002正常；005追回2天；团队队列；无新增PDA执行或现场标签打印（沿用来源系统）；DDS报表打印另验。,实施中,V3范围/缺口：source-alignment-v3.md；product-design.md 第20.2节；当前目标报告：output/playwright/dds-pf-v3/verification.json（最终1050样本，加载失败，整体不通过）；历史证据（仅原版本）：implementation-evidence/verification.json；implementation-evidence/build.log；implementation-evidence/build-manifest.json；implementation-review.md,用户已确认V3业务与界面修正；当前产品接受未发生；Codex仍在实现/验证,V3.0当前工作树；基础HEAD4804328a；未完成性能/图片门禁；历史已验证仅属原证据版本
RISK-008,product-design.md 第09节,零能力或数据过期导致预测不足而非0天完成,WP02,src/pages/production-fulfillment/calculations.ts、fixtures.ts、task-detail.ts、dashboards.ts,V3当前：专项66项测试通过（整组结果，逐条当前断言需绑定）；范围类型0错、外部61项既有错，Vite构建通过。当前来源合格量、采购/调拨完整事实、实际发货或正式SLA尚未齐备；按条目所需输入继续补证，旧规则例不能代替来源链路。 历史验证说明（非V3证明）：tests/unit/production-fulfillment-calculations.test.ts：数量预测/300与100/倒排/历史逾期/人工预计/上游带入,V3：七菜单/详情部分功能检查通过，最终浏览器1050样本检查已完成，但加载失败且其他边界缺证；冷加载/刷新最大429ms/364.099999994ms不通过，目标物料照片未逐一覆盖。当前来源合格量、采购/调拨完整事实、实际发货或正式SLA尚未齐备；按条目所需输入继续补证，旧规则例不能代替来源链路。 历史范围（不可继承）：001风险与工作抽屉；002正常；005追回2天；团队队列；无新增PDA执行或现场标签打印（沿用来源系统）；DDS报表打印另验。,实施中,V3范围/缺口：source-alignment-v3.md；product-design.md 第20.2节；当前目标报告：output/playwright/dds-pf-v3/verification.json（最终1050样本，加载失败，整体不通过）；历史证据（仅原版本）：implementation-evidence/verification.json；implementation-evidence/build.log；implementation-evidence/build-manifest.json；implementation-review.md,用户已确认V3业务与界面修正；当前产品接受未发生；Codex仍在实现/验证,V3.0当前工作树；基础HEAD4804328a；未完成性能/图片门禁；历史已验证仅属原证据版本
RISK-009,product-design.md 第09节,排队与资源释放等待不得重复计入预测,WP02,src/pages/production-fulfillment/calculations.ts、fixtures.ts、task-detail.ts、dashboards.ts,V3当前：专项66项测试通过（整组结果，逐条当前断言需绑定）；范围类型0错、外部61项既有错，Vite构建通过。当前来源合格量、采购/调拨完整事实、实际发货或正式SLA尚未齐备；按条目所需输入继续补证，旧规则例不能代替来源链路。 历史验证说明（非V3证明）：tests/unit/production-fulfillment-calculations.test.ts：数量预测/300与100/倒排/历史逾期/人工预计/上游带入,V3：七菜单/详情部分功能检查通过，最终浏览器1050样本检查已完成，但加载失败且其他边界缺证；冷加载/刷新最大429ms/364.099999994ms不通过，目标物料照片未逐一覆盖。当前来源合格量、采购/调拨完整事实、实际发货或正式SLA尚未齐备；按条目所需输入继续补证，旧规则例不能代替来源链路。 历史范围（不可继承）：001风险与工作抽屉；002正常；005追回2天；团队队列；无新增PDA执行或现场标签打印（沿用来源系统）；DDS报表打印另验。,实施中,V3范围/缺口：source-alignment-v3.md；product-design.md 第20.2节；当前目标报告：output/playwright/dds-pf-v3/verification.json（最终1050样本，加载失败，整体不通过）；历史证据（仅原版本）：implementation-evidence/verification.json；implementation-evidence/build.log；implementation-evidence/build-manifest.json；implementation-review.md,用户已确认V3业务与界面修正；当前产品接受未发生；Codex仍在实现/验证,V3.0当前工作树；基础HEAD4804328a；未完成性能/图片门禁；历史已验证仅属原证据版本
RISK-010,product-design.md 第09节；V3仅保留为历史规则示例（product-design.md 第17/20.2节）,001当前未逾期且预计晚1天能用600除200解释,WP02,src/pages/production-fulfillment/calculations.ts、fixtures.ts、task-detail.ts、dashboards.ts,V3当前：专项66项测试通过（整组结果，逐条当前断言需绑定）；范围类型0错、外部61项既有错，Vite构建通过。本条具体数字仅属于V1/V2独立规则示例；不作为V3 33条来源需求的业务数量/时效/角色或订单结果。示例若继续展示仍需当前版本验证。 历史验证说明（非V3证明）：tests/unit/production-fulfillment-calculations.test.ts：数量预测/300与100/倒排/历史逾期/人工预计/上游带入,V3：七菜单/详情部分功能检查通过，最终浏览器1050样本检查已完成，但加载失败且其他边界缺证；冷加载/刷新最大429ms/364.099999994ms不通过，目标物料照片未逐一覆盖。本条具体数字仅属于V1/V2独立规则示例；不作为V3 33条来源需求的业务数量/时效/角色或订单结果。示例若继续展示仍需当前版本验证。 历史范围（不可继承）：001风险与工作抽屉；002正常；005追回2天；团队队列；无新增PDA执行或现场标签打印（沿用来源系统）；DDS报表打印另验。,已实现待验证,V3范围/缺口：source-alignment-v3.md；product-design.md 第20.2节；当前目标报告：output/playwright/dds-pf-v3/verification.json（最终1050样本，加载失败，整体不通过）；历史证据（仅原版本）：implementation-evidence/verification.json；implementation-evidence/build.log；implementation-evidence/build-manifest.json；implementation-review.md,用户已确认V3业务与界面修正；当前产品接受未发生；Codex仍在实现/验证,V3.0当前工作树；基础HEAD4804328a；未完成性能/图片门禁；历史已验证仅属原证据版本
RISK-011,product-design.md 第09节；V3仅保留为历史规则示例（product-design.md 第17/20.2节）,001所需300件每日及缺口100可解释,WP02,src/pages/production-fulfillment/calculations.ts、fixtures.ts、task-detail.ts、dashboards.ts,V3当前：专项66项测试通过（整组结果，逐条当前断言需绑定）；范围类型0错、外部61项既有错，Vite构建通过。本条具体数字仅属于V1/V2独立规则示例；不作为V3 33条来源需求的业务数量/时效/角色或订单结果。示例若继续展示仍需当前版本验证。 历史验证说明（非V3证明）：tests/unit/production-fulfillment-calculations.test.ts：数量预测/300与100/倒排/历史逾期/人工预计/上游带入,V3：七菜单/详情部分功能检查通过，最终浏览器1050样本检查已完成，但加载失败且其他边界缺证；冷加载/刷新最大429ms/364.099999994ms不通过，目标物料照片未逐一覆盖。本条具体数字仅属于V1/V2独立规则示例；不作为V3 33条来源需求的业务数量/时效/角色或订单结果。示例若继续展示仍需当前版本验证。 历史范围（不可继承）：001风险与工作抽屉；002正常；005追回2天；团队队列；无新增PDA执行或现场标签打印（沿用来源系统）；DDS报表打印另验。,已实现待验证,V3范围/缺口：source-alignment-v3.md；product-design.md 第20.2节；当前目标报告：output/playwright/dds-pf-v3/verification.json（最终1050样本，加载失败，整体不通过）；历史证据（仅原版本）：implementation-evidence/verification.json；implementation-evidence/build.log；implementation-evidence/build-manifest.json；implementation-review.md,用户已确认V3业务与界面修正；当前产品接受未发生；Codex仍在实现/验证,V3.0当前工作树；基础HEAD4804328a；未完成性能/图片门禁；历史已验证仅属原证据版本
RISK-012,product-design.md 第09节；V3仅保留为历史规则示例（product-design.md 第17/20.2节）,002合格回货700时预计D23.5,WP02,src/pages/production-fulfillment/calculations.ts、fixtures.ts、task-detail.ts、dashboards.ts,V3当前：专项66项测试通过（整组结果，逐条当前断言需绑定）；范围类型0错、外部61项既有错，Vite构建通过。本条具体数字仅属于V1/V2独立规则示例；不作为V3 33条来源需求的业务数量/时效/角色或订单结果。示例若继续展示仍需当前版本验证。 历史验证说明（非V3证明）：tests/unit/production-fulfillment-calculations.test.ts：数量预测/300与100/倒排/历史逾期/人工预计/上游带入,V3：七菜单/详情部分功能检查通过，最终浏览器1050样本检查已完成，但加载失败且其他边界缺证；冷加载/刷新最大429ms/364.099999994ms不通过，目标物料照片未逐一覆盖。本条具体数字仅属于V1/V2独立规则示例；不作为V3 33条来源需求的业务数量/时效/角色或订单结果。示例若继续展示仍需当前版本验证。 历史范围（不可继承）：001风险与工作抽屉；002正常；005追回2天；团队队列；无新增PDA执行或现场标签打印（沿用来源系统）；DDS报表打印另验。,已实现待验证,V3范围/缺口：source-alignment-v3.md；product-design.md 第20.2节；当前目标报告：output/playwright/dds-pf-v3/verification.json（最终1050样本，加载失败，整体不通过）；历史证据（仅原版本）：implementation-evidence/verification.json；implementation-evidence/build.log；implementation-evidence/build-manifest.json；implementation-review.md,用户已确认V3业务与界面修正；当前产品接受未发生；Codex仍在实现/验证,V3.0当前工作树；基础HEAD4804328a；未完成性能/图片门禁；历史已验证仅属原证据版本
RISK-013,product-design.md 第09节；V3仅保留为历史规则示例（product-design.md 第17/20.2节）,005本项未逾期但需追回2天及整体风险分列,WP02,src/pages/production-fulfillment/calculations.ts、fixtures.ts、task-detail.ts、dashboards.ts,V3当前：专项66项测试通过（整组结果，逐条当前断言需绑定）；范围类型0错、外部61项既有错，Vite构建通过。本条具体数字仅属于V1/V2独立规则示例；不作为V3 33条来源需求的业务数量/时效/角色或订单结果。示例若继续展示仍需当前版本验证。 历史验证说明（非V3证明）：tests/unit/production-fulfillment-calculations.test.ts：数量预测/300与100/倒排/历史逾期/人工预计/上游带入,V3：七菜单/详情部分功能检查通过，最终浏览器1050样本检查已完成，但加载失败且其他边界缺证；冷加载/刷新最大429ms/364.099999994ms不通过，目标物料照片未逐一覆盖。本条具体数字仅属于V1/V2独立规则示例；不作为V3 33条来源需求的业务数量/时效/角色或订单结果。示例若继续展示仍需当前版本验证。 历史范围（不可继承）：001风险与工作抽屉；002正常；005追回2天；团队队列；无新增PDA执行或现场标签打印（沿用来源系统）；DDS报表打印另验。,已实现待验证,V3范围/缺口：source-alignment-v3.md；product-design.md 第20.2节；当前目标报告：output/playwright/dds-pf-v3/verification.json（最终1050样本，加载失败，整体不通过）；历史证据（仅原版本）：implementation-evidence/verification.json；implementation-evidence/build.log；implementation-evidence/build-manifest.json；implementation-review.md,用户已确认V3业务与界面修正；当前产品接受未发生；Codex仍在实现/验证,V3.0当前工作树；基础HEAD4804328a；未完成性能/图片门禁；历史已验证仅属原证据版本
RISK-014,product-design.md 第09节,卡点追到真实缺数量及上游负责团队,WP02,src/pages/production-fulfillment/calculations.ts、fixtures.ts、task-detail.ts、dashboards.ts,V3当前：专项66项测试通过（整组结果，逐条当前断言需绑定）；范围类型0错、外部61项既有错，Vite构建通过。当前来源合格量、采购/调拨完整事实、实际发货或正式SLA尚未齐备；按条目所需输入继续补证，旧规则例不能代替来源链路。 历史验证说明（非V3证明）：tests/unit/production-fulfillment-calculations.test.ts：数量预测/300与100/倒排/历史逾期/人工预计/上游带入,V3：七菜单/详情部分功能检查通过，最终浏览器1050样本检查已完成，但加载失败且其他边界缺证；冷加载/刷新最大429ms/364.099999994ms不通过，目标物料照片未逐一覆盖。当前来源合格量、采购/调拨完整事实、实际发货或正式SLA尚未齐备；按条目所需输入继续补证，旧规则例不能代替来源链路。 历史范围（不可继承）：001风险与工作抽屉；002正常；005追回2天；团队队列；无新增PDA执行或现场标签打印（沿用来源系统）；DDS报表打印另验。,实施中,V3范围/缺口：source-alignment-v3.md；product-design.md 第20.2节；当前目标报告：output/playwright/dds-pf-v3/verification.json（最终1050样本，加载失败，整体不通过）；历史证据（仅原版本）：implementation-evidence/verification.json；implementation-evidence/build.log；implementation-evidence/build-manifest.json；implementation-review.md,用户已确认V3业务与界面修正；当前产品接受未发生；Codex仍在实现/验证,V3.0当前工作树；基础HEAD4804328a；未完成性能/图片门禁；历史已验证仅属原证据版本
RISK-015,product-design.md 第09节,多个卡点影响天数不直接相加,WP02,src/pages/production-fulfillment/calculations.ts、fixtures.ts、task-detail.ts、dashboards.ts,V3当前：专项66项测试通过（整组结果，逐条当前断言需绑定）；范围类型0错、外部61项既有错，Vite构建通过。当前来源合格量、采购/调拨完整事实、实际发货或正式SLA尚未齐备；按条目所需输入继续补证，旧规则例不能代替来源链路。 历史验证说明（非V3证明）：tests/unit/production-fulfillment-calculations.test.ts：数量预测/300与100/倒排/历史逾期/人工预计/上游带入,V3：七菜单/详情部分功能检查通过，最终浏览器1050样本检查已完成，但加载失败且其他边界缺证；冷加载/刷新最大429ms/364.099999994ms不通过，目标物料照片未逐一覆盖。当前来源合格量、采购/调拨完整事实、实际发货或正式SLA尚未齐备；按条目所需输入继续补证，旧规则例不能代替来源链路。 历史范围（不可继承）：001风险与工作抽屉；002正常；005追回2天；团队队列；无新增PDA执行或现场标签打印（沿用来源系统）；DDS报表打印另验。,实施中,V3范围/缺口：source-alignment-v3.md；product-design.md 第20.2节；当前目标报告：output/playwright/dds-pf-v3/verification.json（最终1050样本，加载失败，整体不通过）；历史证据（仅原版本）：implementation-evidence/verification.json；implementation-evidence/build.log；implementation-evidence/build-manifest.json；implementation-review.md,用户已确认V3业务与界面修正；当前产品接受未发生；Codex仍在实现/验证,V3.0当前工作树；基础HEAD4804328a；未完成性能/图片门禁；历史已验证仅属原证据版本
RISK-016,product-design.md 第09节,已知已逾期优先于预测风险及数据待判定,WP02,src/pages/production-fulfillment/calculations.ts、fixtures.ts、task-detail.ts、dashboards.ts,V3当前：专项66项测试通过（整组结果，逐条当前断言需绑定）；范围类型0错、外部61项既有错，Vite构建通过。当前来源合格量、采购/调拨完整事实、实际发货或正式SLA尚未齐备；按条目所需输入继续补证，旧规则例不能代替来源链路。 历史验证说明（非V3证明）：tests/unit/production-fulfillment-calculations.test.ts：数量预测/300与100/倒排/历史逾期/人工预计/上游带入,V3：七菜单/详情部分功能检查通过，最终浏览器1050样本检查已完成，但加载失败且其他边界缺证；冷加载/刷新最大429ms/364.099999994ms不通过，目标物料照片未逐一覆盖。当前来源合格量、采购/调拨完整事实、实际发货或正式SLA尚未齐备；按条目所需输入继续补证，旧规则例不能代替来源链路。 历史范围（不可继承）：001风险与工作抽屉；002正常；005追回2天；团队队列；无新增PDA执行或现场标签打印（沿用来源系统）；DDS报表打印另验。,实施中,V3范围/缺口：source-alignment-v3.md；product-design.md 第20.2节；当前目标报告：output/playwright/dds-pf-v3/verification.json（最终1050样本，加载失败，整体不通过）；历史证据（仅原版本）：implementation-evidence/verification.json；implementation-evidence/build.log；implementation-evidence/build-manifest.json；implementation-review.md,用户已确认V3业务与界面修正；当前产品接受未发生；Codex仍在实现/验证,V3.0当前工作树；基础HEAD4804328a；未完成性能/图片门禁；历史已验证仅属原证据版本
SHIP-001,product-design.md 第10节,有效应发量只接受明确作用于本任务的正式需求变更,WP02,src/pages/production-fulfillment/calculations.ts、dashboards.ts、evidence.ts、boundary-evidence.ts,V3当前：专项66项测试通过（整组结果，逐条当前断言需绑定）；范围类型0错、外部61项既有错，Vite构建通过。当前来源合格量、采购/调拨完整事实、实际发货或正式SLA尚未齐备；按条目所需输入继续补证，旧规则例不能代替来源链路。 历史验证说明（非V3证明）：tests/unit/production-fulfillment-calculations.test.ts：客户取消不减产/逐SKU/实发订单/范围关闭；tests/unit/production-fulfillment-boundary-evidence.test.ts：缺关联/缺订单时间/待履约责任,V3：七菜单/详情部分功能检查通过，最终浏览器1050样本检查已完成，但加载失败且其他边界缺证；冷加载/刷新最大429ms/364.099999994ms不通过，目标物料照片未逐一覆盖。当前来源合格量、采购/调拨完整事实、实际发货或正式SLA尚未齐备；按条目所需输入继续补证，旧规则例不能代替来源链路。 历史范围（不可继承）：实际发货与订单/订单履约分析；007/008/009；SHIPMENT-IDENTITY及AWAITING-FULFILLMENT；无新增PDA执行或现场标签打印（沿用来源系统）；DDS报表打印另验。,实施中,V3范围/缺口：source-alignment-v3.md；product-design.md 第20.2节；当前目标报告：output/playwright/dds-pf-v3/verification.json（最终1050样本，加载失败，整体不通过）；历史证据（仅原版本）：implementation-evidence/verification.json；implementation-evidence/build.log；implementation-evidence/build-manifest.json；implementation-review.md,用户已确认V3业务与界面修正；当前产品接受未发生；Codex仍在实现/验证,V3.0当前工作树；基础HEAD4804328a；未完成性能/图片门禁；历史已验证仅属原证据版本
SHIP-002,product-design.md 第10节,未关联的客户取消不自动扣减特定生产任务,WP02,src/pages/production-fulfillment/calculations.ts、dashboards.ts、evidence.ts、boundary-evidence.ts,V3当前：专项66项测试通过（整组结果，逐条当前断言需绑定）；范围类型0错、外部61项既有错，Vite构建通过。当前来源合格量、采购/调拨完整事实、实际发货或正式SLA尚未齐备；按条目所需输入继续补证，旧规则例不能代替来源链路。 历史验证说明（非V3证明）：tests/unit/production-fulfillment-calculations.test.ts：客户取消不减产/逐SKU/实发订单/范围关闭；tests/unit/production-fulfillment-boundary-evidence.test.ts：缺关联/缺订单时间/待履约责任,V3：七菜单/详情部分功能检查通过，最终浏览器1050样本检查已完成，但加载失败且其他边界缺证；冷加载/刷新最大429ms/364.099999994ms不通过，目标物料照片未逐一覆盖。当前来源合格量、采购/调拨完整事实、实际发货或正式SLA尚未齐备；按条目所需输入继续补证，旧规则例不能代替来源链路。 历史范围（不可继承）：实际发货与订单/订单履约分析；007/008/009；SHIPMENT-IDENTITY及AWAITING-FULFILLMENT；无新增PDA执行或现场标签打印（沿用来源系统）；DDS报表打印另验。,实施中,V3范围/缺口：source-alignment-v3.md；product-design.md 第20.2节；当前目标报告：output/playwright/dds-pf-v3/verification.json（最终1050样本，加载失败，整体不通过）；历史证据（仅原版本）：implementation-evidence/verification.json；implementation-evidence/build.log；implementation-evidence/build-manifest.json；implementation-review.md,用户已确认V3业务与界面修正；当前产品接受未发生；Codex仍在实现/验证,V3.0当前工作树；基础HEAD4804328a；未完成性能/图片门禁；历史已验证仅属原证据版本
SHIP-003,product-design.md 第10节,逐SKU剩余量不被其他SKU超发抵消,WP02,src/pages/production-fulfillment/calculations.ts、dashboards.ts、evidence.ts、boundary-evidence.ts,V3当前：专项66项测试通过（整组结果，逐条当前断言需绑定）；范围类型0错、外部61项既有错，Vite构建通过。当前来源合格量、采购/调拨完整事实、实际发货或正式SLA尚未齐备；按条目所需输入继续补证，旧规则例不能代替来源链路。 历史验证说明（非V3证明）：tests/unit/production-fulfillment-calculations.test.ts：客户取消不减产/逐SKU/实发订单/范围关闭；tests/unit/production-fulfillment-boundary-evidence.test.ts：缺关联/缺订单时间/待履约责任,V3：七菜单/详情部分功能检查通过，最终浏览器1050样本检查已完成，但加载失败且其他边界缺证；冷加载/刷新最大429ms/364.099999994ms不通过，目标物料照片未逐一覆盖。当前来源合格量、采购/调拨完整事实、实际发货或正式SLA尚未齐备；按条目所需输入继续补证，旧规则例不能代替来源链路。 历史范围（不可继承）：实际发货与订单/订单履约分析；007/008/009；SHIPMENT-IDENTITY及AWAITING-FULFILLMENT；无新增PDA执行或现场标签打印（沿用来源系统）；DDS报表打印另验。,实施中,V3范围/缺口：source-alignment-v3.md；product-design.md 第20.2节；当前目标报告：output/playwright/dds-pf-v3/verification.json（最终1050样本，加载失败，整体不通过）；历史证据（仅原版本）：implementation-evidence/verification.json；implementation-evidence/build.log；implementation-evidence/build-manifest.json；implementation-review.md,用户已确认V3业务与界面修正；当前产品接受未发生；Codex仍在实现/验证,V3.0当前工作树；基础HEAD4804328a；未完成性能/图片门禁；历史已验证仅属原证据版本
SHIP-004,product-design.md 第10节,实际发货而非建运单拣货作为实发终点,WP02,src/pages/production-fulfillment/calculations.ts、dashboards.ts、evidence.ts、boundary-evidence.ts,V3当前：专项66项测试通过（整组结果，逐条当前断言需绑定）；范围类型0错、外部61项既有错，Vite构建通过。当前来源合格量、采购/调拨完整事实、实际发货或正式SLA尚未齐备；按条目所需输入继续补证，旧规则例不能代替来源链路。 历史验证说明（非V3证明）：tests/unit/production-fulfillment-calculations.test.ts：客户取消不减产/逐SKU/实发订单/范围关闭；tests/unit/production-fulfillment-boundary-evidence.test.ts：缺关联/缺订单时间/待履约责任,V3：七菜单/详情部分功能检查通过，最终浏览器1050样本检查已完成，但加载失败且其他边界缺证；冷加载/刷新最大429ms/364.099999994ms不通过，目标物料照片未逐一覆盖。当前来源合格量、采购/调拨完整事实、实际发货或正式SLA尚未齐备；按条目所需输入继续补证，旧规则例不能代替来源链路。 历史范围（不可继承）：实际发货与订单/订单履约分析；007/008/009；SHIPMENT-IDENTITY及AWAITING-FULFILLMENT；无新增PDA执行或现场标签打印（沿用来源系统）；DDS报表打印另验。,实施中,V3范围/缺口：source-alignment-v3.md；product-design.md 第20.2节；当前目标报告：output/playwright/dds-pf-v3/verification.json（最终1050样本，加载失败，整体不通过）；历史证据（仅原版本）：implementation-evidence/verification.json；implementation-evidence/build.log；implementation-evidence/build-manifest.json；implementation-review.md,用户已确认V3业务与界面修正；当前产品接受未发生；Codex仍在实现/验证,V3.0当前工作树；基础HEAD4804328a；未完成性能/图片门禁；历史已验证仅属原证据版本
SHIP-005,product-design.md 第10节,客户订单按自身下单到实际发货核算时效,WP02,src/pages/production-fulfillment/calculations.ts、dashboards.ts、evidence.ts、boundary-evidence.ts,V3当前：专项66项测试通过（整组结果，逐条当前断言需绑定）；范围类型0错、外部61项既有错，Vite构建通过。当前来源合格量、采购/调拨完整事实、实际发货或正式SLA尚未齐备；按条目所需输入继续补证，旧规则例不能代替来源链路。 历史验证说明（非V3证明）：tests/unit/production-fulfillment-calculations.test.ts：客户取消不减产/逐SKU/实发订单/范围关闭；tests/unit/production-fulfillment-boundary-evidence.test.ts：缺关联/缺订单时间/待履约责任,V3：七菜单/详情部分功能检查通过，最终浏览器1050样本检查已完成，但加载失败且其他边界缺证；冷加载/刷新最大429ms/364.099999994ms不通过，目标物料照片未逐一覆盖。当前来源合格量、采购/调拨完整事实、实际发货或正式SLA尚未齐备；按条目所需输入继续补证，旧规则例不能代替来源链路。 历史范围（不可继承）：实际发货与订单/订单履约分析；007/008/009；SHIPMENT-IDENTITY及AWAITING-FULFILLMENT；无新增PDA执行或现场标签打印（沿用来源系统）；DDS报表打印另验。,实施中,V3范围/缺口：source-alignment-v3.md；product-design.md 第20.2节；当前目标报告：output/playwright/dds-pf-v3/verification.json（最终1050样本，加载失败，整体不通过）；历史证据（仅原版本）：implementation-evidence/verification.json；implementation-evidence/build.log；implementation-evidence/build-manifest.json；implementation-review.md,用户已确认V3业务与界面修正；当前产品接受未发生；Codex仍在实现/验证,V3.0当前工作树；基础HEAD4804328a；未完成性能/图片门禁；历史已验证仅属原证据版本
SHIP-006,product-design.md 第10节,多次发货首次时效不冒充全单完成时效,WP02,src/pages/production-fulfillment/calculations.ts、dashboards.ts、evidence.ts、boundary-evidence.ts,V3当前：专项66项测试通过（整组结果，逐条当前断言需绑定）；范围类型0错、外部61项既有错，Vite构建通过。当前来源合格量、采购/调拨完整事实、实际发货或正式SLA尚未齐备；按条目所需输入继续补证，旧规则例不能代替来源链路。 历史验证说明（非V3证明）：tests/unit/production-fulfillment-calculations.test.ts：客户取消不减产/逐SKU/实发订单/范围关闭；tests/unit/production-fulfillment-boundary-evidence.test.ts：缺关联/缺订单时间/待履约责任,V3：七菜单/详情部分功能检查通过，最终浏览器1050样本检查已完成，但加载失败且其他边界缺证；冷加载/刷新最大429ms/364.099999994ms不通过，目标物料照片未逐一覆盖。当前来源合格量、采购/调拨完整事实、实际发货或正式SLA尚未齐备；按条目所需输入继续补证，旧规则例不能代替来源链路。 历史范围（不可继承）：实际发货与订单/订单履约分析；007/008/009；SHIPMENT-IDENTITY及AWAITING-FULFILLMENT；无新增PDA执行或现场标签打印（沿用来源系统）；DDS报表打印另验。,实施中,V3范围/缺口：source-alignment-v3.md；product-design.md 第20.2节；当前目标报告：output/playwright/dds-pf-v3/verification.json（最终1050样本，加载失败，整体不通过）；历史证据（仅原版本）：implementation-evidence/verification.json；implementation-evidence/build.log；implementation-evidence/build-manifest.json；implementation-review.md,用户已确认V3业务与界面修正；当前产品接受未发生；Codex仍在实现/验证,V3.0当前工作树；基础HEAD4804328a；未完成性能/图片门禁；历史已验证仅属原证据版本
SHIP-007,product-design.md 第10节,订单全单统计须有有效完整范围及全部实发证据,WP02,src/pages/production-fulfillment/calculations.ts、dashboards.ts、evidence.ts、boundary-evidence.ts,V3当前：专项66项测试通过（整组结果，逐条当前断言需绑定）；范围类型0错、外部61项既有错，Vite构建通过。当前来源合格量、采购/调拨完整事实、实际发货或正式SLA尚未齐备；按条目所需输入继续补证，旧规则例不能代替来源链路。 历史验证说明（非V3证明）：tests/unit/production-fulfillment-calculations.test.ts：客户取消不减产/逐SKU/实发订单/范围关闭；tests/unit/production-fulfillment-boundary-evidence.test.ts：缺关联/缺订单时间/待履约责任,V3：七菜单/详情部分功能检查通过，最终浏览器1050样本检查已完成，但加载失败且其他边界缺证；冷加载/刷新最大429ms/364.099999994ms不通过，目标物料照片未逐一覆盖。当前来源合格量、采购/调拨完整事实、实际发货或正式SLA尚未齐备；按条目所需输入继续补证，旧规则例不能代替来源链路。 历史范围（不可继承）：实际发货与订单/订单履约分析；007/008/009；SHIPMENT-IDENTITY及AWAITING-FULFILLMENT；无新增PDA执行或现场标签打印（沿用来源系统）；DDS报表打印另验。,实施中,V3范围/缺口：source-alignment-v3.md；product-design.md 第20.2节；当前目标报告：output/playwright/dds-pf-v3/verification.json（最终1050样本，加载失败，整体不通过）；历史证据（仅原版本）：implementation-evidence/verification.json；implementation-evidence/build.log；implementation-evidence/build-manifest.json；implementation-review.md,用户已确认V3业务与界面修正；当前产品接受未发生；Codex仍在实现/验证,V3.0当前工作树；基础HEAD4804328a；未完成性能/图片门禁；历史已验证仅属原证据版本
SHIP-008,product-design.md 第10节,生产按期与客户订单超时可同时成立,WP02,src/pages/production-fulfillment/calculations.ts、dashboards.ts、evidence.ts、boundary-evidence.ts,V3当前：专项66项测试通过（整组结果，逐条当前断言需绑定）；范围类型0错、外部61项既有错，Vite构建通过。当前来源合格量、采购/调拨完整事实、实际发货或正式SLA尚未齐备；按条目所需输入继续补证，旧规则例不能代替来源链路。 历史验证说明（非V3证明）：tests/unit/production-fulfillment-calculations.test.ts：客户取消不减产/逐SKU/实发订单/范围关闭；tests/unit/production-fulfillment-boundary-evidence.test.ts：缺关联/缺订单时间/待履约责任,V3：七菜单/详情部分功能检查通过，最终浏览器1050样本检查已完成，但加载失败且其他边界缺证；冷加载/刷新最大429ms/364.099999994ms不通过，目标物料照片未逐一覆盖。当前来源合格量、采购/调拨完整事实、实际发货或正式SLA尚未齐备；按条目所需输入继续补证，旧规则例不能代替来源链路。 历史范围（不可继承）：实际发货与订单/订单履约分析；007/008/009；SHIPMENT-IDENTITY及AWAITING-FULFILLMENT；无新增PDA执行或现场标签打印（沿用来源系统）；DDS报表打印另验。,实施中,V3范围/缺口：source-alignment-v3.md；product-design.md 第20.2节；当前目标报告：output/playwright/dds-pf-v3/verification.json（最终1050样本，加载失败，整体不通过）；历史证据（仅原版本）：implementation-evidence/verification.json；implementation-evidence/build.log；implementation-evidence/build-manifest.json；implementation-review.md,用户已确认V3业务与界面修正；当前产品接受未发生；Codex仍在实现/验证,V3.0当前工作树；基础HEAD4804328a；未完成性能/图片门禁；历史已验证仅属原证据版本
SHIP-009,product-design.md 第10节,客户余量取消后关闭不回填早先全单发完,WP02,src/pages/production-fulfillment/calculations.ts、dashboards.ts、evidence.ts、boundary-evidence.ts,V3当前：专项66项测试通过（整组结果，逐条当前断言需绑定）；范围类型0错、外部61项既有错，Vite构建通过。当前来源合格量、采购/调拨完整事实、实际发货或正式SLA尚未齐备；按条目所需输入继续补证，旧规则例不能代替来源链路。 历史验证说明（非V3证明）：tests/unit/production-fulfillment-calculations.test.ts：客户取消不减产/逐SKU/实发订单/范围关闭；tests/unit/production-fulfillment-boundary-evidence.test.ts：缺关联/缺订单时间/待履约责任,V3：七菜单/详情部分功能检查通过，最终浏览器1050样本检查已完成，但加载失败且其他边界缺证；冷加载/刷新最大429ms/364.099999994ms不通过，目标物料照片未逐一覆盖。当前来源合格量、采购/调拨完整事实、实际发货或正式SLA尚未齐备；按条目所需输入继续补证，旧规则例不能代替来源链路。 历史范围（不可继承）：实际发货与订单/订单履约分析；007/008/009；SHIPMENT-IDENTITY及AWAITING-FULFILLMENT；无新增PDA执行或现场标签打印（沿用来源系统）；DDS报表打印另验。,实施中,V3范围/缺口：source-alignment-v3.md；product-design.md 第20.2节；当前目标报告：output/playwright/dds-pf-v3/verification.json（最终1050样本，加载失败，整体不通过）；历史证据（仅原版本）：implementation-evidence/verification.json；implementation-evidence/build.log；implementation-evidence/build-manifest.json；implementation-review.md,用户已确认V3业务与界面修正；当前产品接受未发生；Codex仍在实现/验证,V3.0当前工作树；基础HEAD4804328a；未完成性能/图片门禁；历史已验证仅属原证据版本
SHIP-010,product-design.md 第10节,生产范围减少后关闭不倒填为最后实发日,WP02,src/pages/production-fulfillment/calculations.ts、dashboards.ts、evidence.ts、boundary-evidence.ts,V3当前：专项66项测试通过（整组结果，逐条当前断言需绑定）；范围类型0错、外部61项既有错，Vite构建通过。当前来源合格量、采购/调拨完整事实、实际发货或正式SLA尚未齐备；按条目所需输入继续补证，旧规则例不能代替来源链路。 历史验证说明（非V3证明）：tests/unit/production-fulfillment-calculations.test.ts：客户取消不减产/逐SKU/实发订单/范围关闭；tests/unit/production-fulfillment-boundary-evidence.test.ts：缺关联/缺订单时间/待履约责任,V3：七菜单/详情部分功能检查通过，最终浏览器1050样本检查已完成，但加载失败且其他边界缺证；冷加载/刷新最大429ms/364.099999994ms不通过，目标物料照片未逐一覆盖。当前来源合格量、采购/调拨完整事实、实际发货或正式SLA尚未齐备；按条目所需输入继续补证，旧规则例不能代替来源链路。 历史范围（不可继承）：实际发货与订单/订单履约分析；007/008/009；SHIPMENT-IDENTITY及AWAITING-FULFILLMENT；无新增PDA执行或现场标签打印（沿用来源系统）；DDS报表打印另验。,实施中,V3范围/缺口：source-alignment-v3.md；product-design.md 第20.2节；当前目标报告：output/playwright/dds-pf-v3/verification.json（最终1050样本，加载失败，整体不通过）；历史证据（仅原版本）：implementation-evidence/verification.json；implementation-evidence/build.log；implementation-evidence/build-manifest.json；implementation-review.md,用户已确认V3业务与界面修正；当前产品接受未发生；Codex仍在实现/验证,V3.0当前工作树；基础HEAD4804328a；未完成性能/图片门禁；历史已验证仅属原证据版本
SHIP-011,product-design.md 第10节,全部需求取消显示终止而非发货100%,WP02,src/pages/production-fulfillment/calculations.ts、dashboards.ts、evidence.ts、boundary-evidence.ts,V3当前：专项66项测试通过（整组结果，逐条当前断言需绑定）；范围类型0错、外部61项既有错，Vite构建通过。当前来源合格量、采购/调拨完整事实、实际发货或正式SLA尚未齐备；按条目所需输入继续补证，旧规则例不能代替来源链路。 历史验证说明（非V3证明）：tests/unit/production-fulfillment-calculations.test.ts：客户取消不减产/逐SKU/实发订单/范围关闭；tests/unit/production-fulfillment-boundary-evidence.test.ts：缺关联/缺订单时间/待履约责任,V3：七菜单/详情部分功能检查通过，最终浏览器1050样本检查已完成，但加载失败且其他边界缺证；冷加载/刷新最大429ms/364.099999994ms不通过，目标物料照片未逐一覆盖。当前来源合格量、采购/调拨完整事实、实际发货或正式SLA尚未齐备；按条目所需输入继续补证，旧规则例不能代替来源链路。 历史范围（不可继承）：实际发货与订单/订单履约分析；007/008/009；SHIPMENT-IDENTITY及AWAITING-FULFILLMENT；无新增PDA执行或现场标签打印（沿用来源系统）；DDS报表打印另验。,实施中,V3范围/缺口：source-alignment-v3.md；product-design.md 第20.2节；当前目标报告：output/playwright/dds-pf-v3/verification.json（最终1050样本，加载失败，整体不通过）；历史证据（仅原版本）：implementation-evidence/verification.json；implementation-evidence/build.log；implementation-evidence/build-manifest.json；implementation-review.md,用户已确认V3业务与界面修正；当前产品接受未发生；Codex仍在实现/验证,V3.0当前工作树；基础HEAD4804328a；未完成性能/图片门禁；历史已验证仅属原证据版本
SHIP-012,product-design.md 第10节,待销售或待履约保留原因及责任而非归罪工厂,WP02,src/pages/production-fulfillment/calculations.ts、dashboards.ts、evidence.ts、boundary-evidence.ts,V3当前：专项66项测试通过（整组结果，逐条当前断言需绑定）；范围类型0错、外部61项既有错，Vite构建通过。当前来源合格量、采购/调拨完整事实、实际发货或正式SLA尚未齐备；按条目所需输入继续补证，旧规则例不能代替来源链路。 历史验证说明（非V3证明）：tests/unit/production-fulfillment-calculations.test.ts：客户取消不减产/逐SKU/实发订单/范围关闭；tests/unit/production-fulfillment-boundary-evidence.test.ts：缺关联/缺订单时间/待履约责任,V3：七菜单/详情部分功能检查通过，最终浏览器1050样本检查已完成，但加载失败且其他边界缺证；冷加载/刷新最大429ms/364.099999994ms不通过，目标物料照片未逐一覆盖。当前来源合格量、采购/调拨完整事实、实际发货或正式SLA尚未齐备；按条目所需输入继续补证，旧规则例不能代替来源链路。 历史范围（不可继承）：实际发货与订单/订单履约分析；007/008/009；SHIPMENT-IDENTITY及AWAITING-FULFILLMENT；无新增PDA执行或现场标签打印（沿用来源系统）；DDS报表打印另验。,实施中,V3范围/缺口：source-alignment-v3.md；product-design.md 第20.2节；当前目标报告：output/playwright/dds-pf-v3/verification.json（最终1050样本，加载失败，整体不通过）；历史证据（仅原版本）：implementation-evidence/verification.json；implementation-evidence/build.log；implementation-evidence/build-manifest.json；implementation-review.md；tests/unit/production-fulfillment-boundary-evidence.test.ts；001计算与版本独立边界卡,用户已确认V3业务与界面修正；当前产品接受未发生；Codex仍在实现/验证,V3.0当前工作树；基础HEAD4804328a；未完成性能/图片门禁；历史已验证仅属原证据版本
VIS-001,product-design.md 第11节,详情首屏展示整体要求当前实际和预测风险,WP03,src/pages/production-fulfillment/timeline.ts、task-detail.ts、evidence.ts、styles.css,V3当前：专项66项测试通过（整组结果，逐条当前断言需绑定）；范围类型0错、外部61项既有错，Vite构建通过。V3 来源与界面已变更；旧验收不继承，当前完整浏览器已有1050样本，但加载失败、图片及完整准备关联等边界证据未齐。 历史验证说明（非V3证明）：scripts/check-dds-production-fulfillment.mjs：六页签甘特交互/图形过滤/数量曲线/图片/低分辨率,V3：七菜单/详情部分功能检查通过，最终浏览器1050样本检查已完成，但加载失败且其他边界缺证；冷加载/刷新最大429ms/364.099999994ms不通过，目标物料照片未逐一覆盖。V3 来源与界面已变更；旧验收不继承，当前完整浏览器已有1050样本，但加载失败、图片及完整准备关联等边界证据未齐。 历史范围（不可继承）：gantt-1366.png；quantities-1366.png；task-1280.png；每类操作5次原始样本；无新增PDA执行或现场标签打印（沿用来源系统）；DDS报表打印另验。,已实现待验证,V3范围/缺口：source-alignment-v3.md；product-design.md 第20.2节；当前目标报告：output/playwright/dds-pf-v3/verification.json（最终1050样本，加载失败，整体不通过）；历史证据（仅原版本）：implementation-evidence/verification.json；implementation-evidence/build.log；implementation-evidence/build-manifest.json；implementation-review.md,用户已确认V3业务与界面修正；当前产品接受未发生；Codex仍在实现/验证,V3.0当前工作树；基础HEAD4804328a；未完成性能/图片门禁；历史已实现待验证仅属原证据版本
VIS-002,product-design.md 第11节,分层甘特能查看全部阶段及全部已实例化工作,WP03,src/pages/production-fulfillment/timeline.ts、task-detail.ts、evidence.ts、styles.css,V3当前：专项66项测试通过（整组结果，逐条当前断言需绑定）；范围类型0错、外部61项既有错，Vite构建通过。V3 来源与界面已变更；旧验收不继承，当前完整浏览器已有1050样本，但加载失败、图片及完整准备关联等边界证据未齐。 历史验证说明（非V3证明）：scripts/check-dds-production-fulfillment.mjs：六页签甘特交互/图形过滤/数量曲线/图片/低分辨率,V3：七菜单/详情部分功能检查通过，最终浏览器1050样本检查已完成，但加载失败且其他边界缺证；冷加载/刷新最大429ms/364.099999994ms不通过，目标物料照片未逐一覆盖。V3 来源与界面已变更；旧验收不继承，当前完整浏览器已有1050样本，但加载失败、图片及完整准备关联等边界证据未齐。 历史范围（不可继承）：gantt-1366.png；quantities-1366.png；task-1280.png；每类操作5次原始样本；无新增PDA执行或现场标签打印（沿用来源系统）；DDS报表打印另验。,已实现待验证,V3范围/缺口：source-alignment-v3.md；product-design.md 第20.2节；当前目标报告：output/playwright/dds-pf-v3/verification.json（最终1050样本，加载失败，整体不通过）；历史证据（仅原版本）：implementation-evidence/verification.json；implementation-evidence/build.log；implementation-evidence/build-manifest.json；implementation-review.md,用户已确认V3业务与界面修正；当前产品接受未发生；Codex仍在实现/验证,V3.0当前工作树；基础HEAD4804328a；未完成性能/图片门禁；历史已实现待验证仅属原证据版本
VIS-003,product-design.md 第11节,工作行显示责任人团队合格数量及标准天数,WP03,src/pages/production-fulfillment/timeline.ts、task-detail.ts、evidence.ts、styles.css,V3当前：专项66项测试通过（整组结果，逐条当前断言需绑定）；范围类型0错、外部61项既有错，Vite构建通过。V3 来源与界面已变更；旧验收不继承，当前完整浏览器已有1050样本，但加载失败、图片及完整准备关联等边界证据未齐。 历史验证说明（非V3证明）：scripts/check-dds-production-fulfillment.mjs：六页签甘特交互/图形过滤/数量曲线/图片/低分辨率,V3：七菜单/详情部分功能检查通过，最终浏览器1050样本检查已完成，但加载失败且其他边界缺证；冷加载/刷新最大429ms/364.099999994ms不通过，目标物料照片未逐一覆盖。V3 来源与界面已变更；旧验收不继承，当前完整浏览器已有1050样本，但加载失败、图片及完整准备关联等边界证据未齐。 历史范围（不可继承）：gantt-1366.png；quantities-1366.png；task-1280.png；每类操作5次原始样本；无新增PDA执行或现场标签打印（沿用来源系统）；DDS报表打印另验。,已实现待验证,V3范围/缺口：source-alignment-v3.md；product-design.md 第20.2节；当前目标报告：output/playwright/dds-pf-v3/verification.json（最终1050样本，加载失败，整体不通过）；历史证据（仅原版本）：implementation-evidence/verification.json；implementation-evidence/build.log；implementation-evidence/build-manifest.json；implementation-review.md,用户已确认V3业务与界面修正；当前产品接受未发生；Codex仍在实现/验证,V3.0当前工作树；基础HEAD4804328a；未完成性能/图片门禁；历史已实现待验证仅属原证据版本
VIS-004,product-design.md 第11节,标准实际预测在同一时间轴有独立编码,WP03,src/pages/production-fulfillment/timeline.ts、task-detail.ts、evidence.ts、styles.css,V3当前：专项66项测试通过（整组结果，逐条当前断言需绑定）；范围类型0错、外部61项既有错，Vite构建通过。V3 来源与界面已变更；旧验收不继承，当前完整浏览器已有1050样本，但加载失败、图片及完整准备关联等边界证据未齐。 历史验证说明（非V3证明）：scripts/check-dds-production-fulfillment.mjs：六页签甘特交互/图形过滤/数量曲线/图片/低分辨率,V3：七菜单/详情部分功能检查通过，最终浏览器1050样本检查已完成，但加载失败且其他边界缺证；冷加载/刷新最大429ms/364.099999994ms不通过，目标物料照片未逐一覆盖。V3 来源与界面已变更；旧验收不继承，当前完整浏览器已有1050样本，但加载失败、图片及完整准备关联等边界证据未齐。 历史范围（不可继承）：gantt-1366.png；quantities-1366.png；task-1280.png；每类操作5次原始样本；无新增PDA执行或现场标签打印（沿用来源系统）；DDS报表打印另验。,已实现待验证,V3范围/缺口：source-alignment-v3.md；product-design.md 第20.2节；当前目标报告：output/playwright/dds-pf-v3/verification.json（最终1050样本，加载失败，整体不通过）；历史证据（仅原版本）：implementation-evidence/verification.json；implementation-evidence/build.log；implementation-evidence/build-manifest.json；implementation-review.md,用户已确认V3业务与界面修正；当前产品接受未发生；Codex仍在实现/验证,V3.0当前工作树；基础HEAD4804328a；未完成性能/图片门禁；历史已实现待验证仅属原证据版本
VIS-005,product-design.md 第11节,今日生效截止预测截止三条线带明确文字,WP03,src/pages/production-fulfillment/timeline.ts、task-detail.ts、evidence.ts、styles.css,V3当前：专项66项测试通过（整组结果，逐条当前断言需绑定）；范围类型0错、外部61项既有错，Vite构建通过。V3 来源与界面已变更；旧验收不继承，当前完整浏览器已有1050样本，但加载失败、图片及完整准备关联等边界证据未齐。 历史验证说明（非V3证明）：scripts/check-dds-production-fulfillment.mjs：六页签甘特交互/图形过滤/数量曲线/图片/低分辨率,V3：七菜单/详情部分功能检查通过，最终浏览器1050样本检查已完成，但加载失败且其他边界缺证；冷加载/刷新最大429ms/364.099999994ms不通过，目标物料照片未逐一覆盖。V3 来源与界面已变更；旧验收不继承，当前完整浏览器已有1050样本，但加载失败、图片及完整准备关联等边界证据未齐。 历史范围（不可继承）：gantt-1366.png；quantities-1366.png；task-1280.png；每类操作5次原始样本；无新增PDA执行或现场标签打印（沿用来源系统）；DDS报表打印另验。,已实现待验证,V3范围/缺口：source-alignment-v3.md；product-design.md 第20.2节；当前目标报告：output/playwright/dds-pf-v3/verification.json（最终1050样本，加载失败，整体不通过）；历史证据（仅原版本）：implementation-evidence/verification.json；implementation-evidence/build.log；implementation-evidence/build-manifest.json；implementation-review.md,用户已确认V3业务与界面修正；当前产品接受未发生；Codex仍在实现/验证,V3.0当前工作树；基础HEAD4804328a；未完成性能/图片门禁；历史已实现待验证仅属原证据版本
VIS-006,product-design.md 第11节,关键路径用边框连线表达而非全部红色,WP03,src/pages/production-fulfillment/timeline.ts、task-detail.ts、evidence.ts、styles.css,V3当前：专项66项测试通过（整组结果，逐条当前断言需绑定）；范围类型0错、外部61项既有错，Vite构建通过。V3 来源与界面已变更；旧验收不继承，当前完整浏览器已有1050样本，但加载失败、图片及完整准备关联等边界证据未齐。 历史验证说明（非V3证明）：scripts/check-dds-production-fulfillment.mjs：六页签甘特交互/图形过滤/数量曲线/图片/低分辨率,V3：七菜单/详情部分功能检查通过，最终浏览器1050样本检查已完成，但加载失败且其他边界缺证；冷加载/刷新最大429ms/364.099999994ms不通过，目标物料照片未逐一覆盖。V3 来源与界面已变更；旧验收不继承，当前完整浏览器已有1050样本，但加载失败、图片及完整准备关联等边界证据未齐。 历史范围（不可继承）：gantt-1366.png；quantities-1366.png；task-1280.png；每类操作5次原始样本；无新增PDA执行或现场标签打印（沿用来源系统）；DDS报表打印另验。,已实现待验证,V3范围/缺口：source-alignment-v3.md；product-design.md 第20.2节；当前目标报告：output/playwright/dds-pf-v3/verification.json（最终1050样本，加载失败，整体不通过）；历史证据（仅原版本）：implementation-evidence/verification.json；implementation-evidence/build.log；implementation-evidence/build-manifest.json；implementation-review.md,用户已确认V3业务与界面修正；当前产品接受未发生；Codex仍在实现/验证,V3.0当前工作树；基础HEAD4804328a；未完成性能/图片门禁；历史已实现待验证仅属原证据版本
VIS-007,product-design.md 第11节,选中工作可查看前置后继及批次放行门槛,WP03,src/pages/production-fulfillment/timeline.ts、task-detail.ts、evidence.ts、styles.css,V3当前：专项66项测试通过（整组结果，逐条当前断言需绑定）；范围类型0错、外部61项既有错，Vite构建通过。V3 来源与界面已变更；旧验收不继承，当前完整浏览器已有1050样本，但加载失败、图片及完整准备关联等边界证据未齐。 历史验证说明（非V3证明）：scripts/check-dds-production-fulfillment.mjs：六页签甘特交互/图形过滤/数量曲线/图片/低分辨率,V3：七菜单/详情部分功能检查通过，最终浏览器1050样本检查已完成，但加载失败且其他边界缺证；冷加载/刷新最大429ms/364.099999994ms不通过，目标物料照片未逐一覆盖。V3 来源与界面已变更；旧验收不继承，当前完整浏览器已有1050样本，但加载失败、图片及完整准备关联等边界证据未齐。 历史范围（不可继承）：gantt-1366.png；quantities-1366.png；task-1280.png；每类操作5次原始样本；无新增PDA执行或现场标签打印（沿用来源系统）；DDS报表打印另验。,已实现待验证,V3范围/缺口：source-alignment-v3.md；product-design.md 第20.2节；当前目标报告：output/playwright/dds-pf-v3/verification.json（最终1050样本，加载失败，整体不通过）；历史证据（仅原版本）：implementation-evidence/verification.json；implementation-evidence/build.log；implementation-evidence/build-manifest.json；implementation-review.md,用户已确认V3业务与界面修正；当前产品接受未发生；Codex仍在实现/验证,V3.0当前工作树；基础HEAD4804328a；未完成性能/图片门禁；历史已实现待验证仅属原证据版本
VIS-008,product-design.md 第11节,未确认工作以虚框问号及判断责任呈现,WP03,src/pages/production-fulfillment/timeline.ts、task-detail.ts、evidence.ts、styles.css,V3当前：专项66项测试通过（整组结果，逐条当前断言需绑定）；范围类型0错、外部61项既有错，Vite构建通过。V3 来源与界面已变更；旧验收不继承，当前完整浏览器已有1050样本，但加载失败、图片及完整准备关联等边界证据未齐。 历史验证说明（非V3证明）：scripts/check-dds-production-fulfillment.mjs：六页签甘特交互/图形过滤/数量曲线/图片/低分辨率,V3：七菜单/详情部分功能检查通过，最终浏览器1050样本检查已完成，但加载失败且其他边界缺证；冷加载/刷新最大429ms/364.099999994ms不通过，目标物料照片未逐一覆盖。V3 来源与界面已变更；旧验收不继承，当前完整浏览器已有1050样本，但加载失败、图片及完整准备关联等边界证据未齐。 历史范围（不可继承）：gantt-1366.png；quantities-1366.png；task-1280.png；每类操作5次原始样本；无新增PDA执行或现场标签打印（沿用来源系统）；DDS报表打印另验。,已实现待验证,V3范围/缺口：source-alignment-v3.md；product-design.md 第20.2节；当前目标报告：output/playwright/dds-pf-v3/verification.json（最终1050样本，加载失败，整体不通过）；历史证据（仅原版本）：implementation-evidence/verification.json；implementation-evidence/build.log；implementation-evidence/build-manifest.json；implementation-review.md,用户已确认V3业务与界面修正；当前产品接受未发生；Codex仍在实现/验证,V3.0当前工作树；基础HEAD4804328a；未完成性能/图片门禁；历史已实现待验证仅属原证据版本
VIS-009,product-design.md 第11节,已完成逾期保留完成与历史超时两种标签,WP03,src/pages/production-fulfillment/timeline.ts、task-detail.ts、evidence.ts、styles.css,V3当前：专项66项测试通过（整组结果，逐条当前断言需绑定）；范围类型0错、外部61项既有错，Vite构建通过。V3 来源与界面已变更；旧验收不继承，当前完整浏览器已有1050样本，但加载失败、图片及完整准备关联等边界证据未齐。 历史验证说明（非V3证明）：scripts/check-dds-production-fulfillment.mjs：六页签甘特交互/图形过滤/数量曲线/图片/低分辨率,V3：七菜单/详情部分功能检查通过，最终浏览器1050样本检查已完成，但加载失败且其他边界缺证；冷加载/刷新最大429ms/364.099999994ms不通过，目标物料照片未逐一覆盖。V3 来源与界面已变更；旧验收不继承，当前完整浏览器已有1050样本，但加载失败、图片及完整准备关联等边界证据未齐。 历史范围（不可继承）：gantt-1366.png；quantities-1366.png；task-1280.png；每类操作5次原始样本；无新增PDA执行或现场标签打印（沿用来源系统）；DDS报表打印另验。,已实现待验证,V3范围/缺口：source-alignment-v3.md；product-design.md 第20.2节；当前目标报告：output/playwright/dds-pf-v3/verification.json（最终1050样本，加载失败，整体不通过）；历史证据（仅原版本）：implementation-evidence/verification.json；implementation-evidence/build.log；implementation-evidence/build-manifest.json；implementation-review.md,用户已确认V3业务与界面修正；当前产品接受未发生；Codex仍在实现/验证,V3.0当前工作树；基础HEAD4804328a；未完成性能/图片门禁；历史已实现待验证仅属原证据版本
VIS-010,product-design.md 第11节,当前未开始实际耗时显示未知而不填零,WP03,src/pages/production-fulfillment/timeline.ts、task-detail.ts、evidence.ts、styles.css,V3当前：专项66项测试通过（整组结果，逐条当前断言需绑定）；范围类型0错、外部61项既有错，Vite构建通过。V3 来源与界面已变更；旧验收不继承，当前完整浏览器已有1050样本，但加载失败、图片及完整准备关联等边界证据未齐。 历史验证说明（非V3证明）：scripts/check-dds-production-fulfillment.mjs：六页签甘特交互/图形过滤/数量曲线/图片/低分辨率,V3：七菜单/详情部分功能检查通过，最终浏览器1050样本检查已完成，但加载失败且其他边界缺证；冷加载/刷新最大429ms/364.099999994ms不通过，目标物料照片未逐一覆盖。V3 来源与界面已变更；旧验收不继承，当前完整浏览器已有1050样本，但加载失败、图片及完整准备关联等边界证据未齐。 历史范围（不可继承）：gantt-1366.png；quantities-1366.png；task-1280.png；每类操作5次原始样本；无新增PDA执行或现场标签打印（沿用来源系统）；DDS报表打印另验。,已实现待验证,V3范围/缺口：source-alignment-v3.md；product-design.md 第20.2节；当前目标报告：output/playwright/dds-pf-v3/verification.json（最终1050样本，加载失败，整体不通过）；历史证据（仅原版本）：implementation-evidence/verification.json；implementation-evidence/build.log；implementation-evidence/build-manifest.json；implementation-review.md,用户已确认V3业务与界面修正；当前产品接受未发生；Codex仍在实现/验证,V3.0当前工作树；基础HEAD4804328a；未完成性能/图片门禁；历史已实现待验证仅属原证据版本
VIS-011,product-design.md 第11节,图形过滤不改变全任务汇总公式,WP03,src/pages/production-fulfillment/timeline.ts、task-detail.ts、evidence.ts、styles.css,V3当前：专项66项测试通过（整组结果，逐条当前断言需绑定）；范围类型0错、外部61项既有错，Vite构建通过。V3 来源与界面已变更；旧验收不继承，当前完整浏览器已有1050样本，但加载失败、图片及完整准备关联等边界证据未齐。 历史验证说明（非V3证明）：scripts/check-dds-production-fulfillment.mjs：六页签甘特交互/图形过滤/数量曲线/图片/低分辨率,V3：七菜单/详情部分功能检查通过，最终浏览器1050样本检查已完成，但加载失败且其他边界缺证；冷加载/刷新最大429ms/364.099999994ms不通过，目标物料照片未逐一覆盖。V3 来源与界面已变更；旧验收不继承，当前完整浏览器已有1050样本，但加载失败、图片及完整准备关联等边界证据未齐。 历史范围（不可继承）：gantt-1366.png；quantities-1366.png；task-1280.png；每类操作5次原始样本；无新增PDA执行或现场标签打印（沿用来源系统）；DDS报表打印另验。,已实现待验证,V3范围/缺口：source-alignment-v3.md；product-design.md 第20.2节；当前目标报告：output/playwright/dds-pf-v3/verification.json（最终1050样本，加载失败，整体不通过）；历史证据（仅原版本）：implementation-evidence/verification.json；implementation-evidence/build.log；implementation-evidence/build-manifest.json；implementation-review.md,用户已确认V3业务与界面修正；当前产品接受未发生；Codex仍在实现/验证,V3.0当前工作树；基础HEAD4804328a；未完成性能/图片门禁；历史已实现待验证仅属原证据版本
VIS-012,product-design.md 第11节,数量辅图用阶梯线保留真实批次事件,WP03,src/pages/production-fulfillment/timeline.ts、task-detail.ts、evidence.ts、styles.css,V3当前：专项66项测试通过（整组结果，逐条当前断言需绑定）；范围类型0错、外部61项既有错，Vite构建通过。V3 来源与界面已变更；旧验收不继承，当前完整浏览器已有1050样本，但加载失败、图片及完整准备关联等边界证据未齐。 历史验证说明（非V3证明）：scripts/check-dds-production-fulfillment.mjs：六页签甘特交互/图形过滤/数量曲线/图片/低分辨率,V3：七菜单/详情部分功能检查通过，最终浏览器1050样本检查已完成，但加载失败且其他边界缺证；冷加载/刷新最大429ms/364.099999994ms不通过，目标物料照片未逐一覆盖。V3 来源与界面已变更；旧验收不继承，当前完整浏览器已有1050样本，但加载失败、图片及完整准备关联等边界证据未齐。 历史范围（不可继承）：gantt-1366.png；quantities-1366.png；task-1280.png；每类操作5次原始样本；无新增PDA执行或现场标签打印（沿用来源系统）；DDS报表打印另验。,已实现待验证,V3范围/缺口：source-alignment-v3.md；product-design.md 第20.2节；当前目标报告：output/playwright/dds-pf-v3/verification.json（最终1050样本，加载失败，整体不通过）；历史证据（仅原版本）：implementation-evidence/verification.json；implementation-evidence/build.log；implementation-evidence/build-manifest.json；implementation-review.md,用户已确认V3业务与界面修正；当前产品接受未发生；Codex仍在实现/验证,V3.0当前工作树；基础HEAD4804328a；未完成性能/图片门禁；历史已实现待验证仅属原证据版本
VIS-013,product-design.md 第11节,跨工序动作完成比例不冒充成衣数量进度,WP03,src/pages/production-fulfillment/timeline.ts、task-detail.ts、evidence.ts、styles.css,V3当前：专项66项测试通过（整组结果，逐条当前断言需绑定）；范围类型0错、外部61项既有错，Vite构建通过。V3 来源与界面已变更；旧验收不继承，当前完整浏览器已有1050样本，但加载失败、图片及完整准备关联等边界证据未齐。 历史验证说明（非V3证明）：scripts/check-dds-production-fulfillment.mjs：六页签甘特交互/图形过滤/数量曲线/图片/低分辨率,V3：七菜单/详情部分功能检查通过，最终浏览器1050样本检查已完成，但加载失败且其他边界缺证；冷加载/刷新最大429ms/364.099999994ms不通过，目标物料照片未逐一覆盖。V3 来源与界面已变更；旧验收不继承，当前完整浏览器已有1050样本，但加载失败、图片及完整准备关联等边界证据未齐。 历史范围（不可继承）：gantt-1366.png；quantities-1366.png；task-1280.png；每类操作5次原始样本；无新增PDA执行或现场标签打印（沿用来源系统）；DDS报表打印另验。,已实现待验证,V3范围/缺口：source-alignment-v3.md；product-design.md 第20.2节；当前目标报告：output/playwright/dds-pf-v3/verification.json（最终1050样本，加载失败，整体不通过）；历史证据（仅原版本）：implementation-evidence/verification.json；implementation-evidence/build.log；implementation-evidence/build-manifest.json；implementation-review.md,用户已确认V3业务与界面修正；当前产品接受未发生；Codex仍在实现/验证,V3.0当前工作树；基础HEAD4804328a；未完成性能/图片门禁；历史已实现待验证仅属原证据版本
VIS-014,product-design.md 第11节,低分辨率时间轴在容器内滚动且可打开详情,WP03,src/pages/production-fulfillment/timeline.ts、task-detail.ts、evidence.ts、styles.css,V3当前：专项66项测试通过（整组结果，逐条当前断言需绑定）；范围类型0错、外部61项既有错，Vite构建通过。V3 来源与界面已变更；旧验收不继承，当前完整浏览器已有1050样本，但加载失败、图片及完整准备关联等边界证据未齐。 历史验证说明（非V3证明）：scripts/check-dds-production-fulfillment.mjs：六页签甘特交互/图形过滤/数量曲线/图片/低分辨率,V3：七菜单/详情部分功能检查通过，最终浏览器1050样本检查已完成，但加载失败且其他边界缺证；冷加载/刷新最大429ms/364.099999994ms不通过，目标物料照片未逐一覆盖。V3 来源与界面已变更；旧验收不继承，当前完整浏览器已有1050样本，但加载失败、图片及完整准备关联等边界证据未齐。 历史范围（不可继承）：gantt-1366.png；quantities-1366.png；task-1280.png；每类操作5次原始样本；无新增PDA执行或现场标签打印（沿用来源系统）；DDS报表打印另验。,已实现待验证,V3范围/缺口：source-alignment-v3.md；product-design.md 第20.2节；当前目标报告：output/playwright/dds-pf-v3/verification.json（最终1050样本，加载失败，整体不通过）；历史证据（仅原版本）：implementation-evidence/verification.json；implementation-evidence/build.log；implementation-evidence/build-manifest.json；implementation-review.md,用户已确认V3业务与界面修正；当前产品接受未发生；Codex仍在实现/验证,V3.0当前工作树；基础HEAD4804328a；未完成性能/图片门禁；历史已实现待验证仅属原证据版本
PAGE-001,product-design.md 第12节,7个菜单及2类隐藏详情路由均有有效入口,WP07,src/pages/production-fulfillment/dashboards.ts、tasks.ts、task-detail.ts、index.ts、common.ts；src/router/routes.ts；src/state/store.ts,V3当前：专项66项测试通过（整组结果，逐条当前断言需绑定）；范围类型0错、外部61项既有错，Vite构建通过。V3 来源与界面已变更；旧验收不继承，当前完整浏览器已有1050样本，但加载失败、图片及完整准备关联等边界证据未齐。 历史验证说明（非V3证明）：tests/unit/production-fulfillment-calculations.test.ts：共同筛选/工作状态独立；scripts/check-dds-production-fulfillment.mjs：全部路由/查询导出/列分页/跟单/全屏,V3：七菜单/详情部分功能检查通过，最终浏览器1050样本检查已完成，但加载失败且其他边界缺证；冷加载/刷新最大429ms/364.099999994ms不通过，目标物料照片未逐一覆盖。V3 来源与界面已变更；旧验收不继承，当前完整浏览器已有1050样本，但加载失败、图片及完整准备关联等边界证据未齐。 历史范围（不可继承）：9类路由；23浏览器用例组；orders-export.csv；overview-1366.png；team-1024.png；无新增PDA执行或现场标签打印（沿用来源系统）；DDS报表打印另验。,已实现待验证,V3范围/缺口：source-alignment-v3.md；product-design.md 第20.2节；当前目标报告：output/playwright/dds-pf-v3/verification.json（最终1050样本，加载失败，整体不通过）；历史证据（仅原版本）：implementation-evidence/verification.json；implementation-evidence/build.log；implementation-evidence/build-manifest.json；implementation-review.md,用户已确认V3业务与界面修正；当前产品接受未发生；Codex仍在实现/验证,V3.0当前工作树；基础HEAD4804328a；未完成性能/图片门禁；历史已实现待验证仅属原证据版本
PAGE-002,product-design.md 第12节,未知ID与未接通来源页面有明确反馈,WP07,src/pages/production-fulfillment/dashboards.ts、tasks.ts、task-detail.ts、index.ts、common.ts；src/router/routes.ts；src/state/store.ts,V3当前：专项66项测试通过（整组结果，逐条当前断言需绑定）；范围类型0错、外部61项既有错，Vite构建通过。V3 来源与界面已变更；旧验收不继承，当前完整浏览器已有1050样本，但加载失败、图片及完整准备关联等边界证据未齐。 历史验证说明（非V3证明）：tests/unit/production-fulfillment-calculations.test.ts：共同筛选/工作状态独立；scripts/check-dds-production-fulfillment.mjs：全部路由/查询导出/列分页/跟单/全屏,V3：七菜单/详情部分功能检查通过，最终浏览器1050样本检查已完成，但加载失败且其他边界缺证；冷加载/刷新最大429ms/364.099999994ms不通过，目标物料照片未逐一覆盖。V3 来源与界面已变更；旧验收不继承，当前完整浏览器已有1050样本，但加载失败、图片及完整准备关联等边界证据未齐。 历史范围（不可继承）：9类路由；23浏览器用例组；orders-export.csv；overview-1366.png；team-1024.png；无新增PDA执行或现场标签打印（沿用来源系统）；DDS报表打印另验。,已实现待验证,V3范围/缺口：source-alignment-v3.md；product-design.md 第20.2节；当前目标报告：output/playwright/dds-pf-v3/verification.json（最终1050样本，加载失败，整体不通过）；历史证据（仅原版本）：implementation-evidence/verification.json；implementation-evidence/build.log；implementation-evidence/build-manifest.json；implementation-review.md,用户已确认V3业务与界面修正；当前产品接受未发生；Codex仍在实现/验证,V3.0当前工作树；基础HEAD4804328a；未完成性能/图片门禁；历史已实现待验证仅属原证据版本
PAGE-003,product-design.md 第12节,总览卡片列表图导出使用相同筛选范围,WP07,src/pages/production-fulfillment/dashboards.ts、tasks.ts、task-detail.ts、index.ts、common.ts；src/router/routes.ts；src/state/store.ts,V3当前：专项66项测试通过（整组结果，逐条当前断言需绑定）；范围类型0错、外部61项既有错，Vite构建通过。V3 来源与界面已变更；旧验收不继承，当前完整浏览器已有1050样本，但加载失败、图片及完整准备关联等边界证据未齐。 历史验证说明（非V3证明）：tests/unit/production-fulfillment-calculations.test.ts：共同筛选/工作状态独立；scripts/check-dds-production-fulfillment.mjs：全部路由/查询导出/列分页/跟单/全屏,V3：七菜单/详情部分功能检查通过，最终浏览器1050样本检查已完成，但加载失败且其他边界缺证；冷加载/刷新最大429ms/364.099999994ms不通过，目标物料照片未逐一覆盖。V3 来源与界面已变更；旧验收不继承，当前完整浏览器已有1050样本，但加载失败、图片及完整准备关联等边界证据未齐。 历史范围（不可继承）：9类路由；23浏览器用例组；orders-export.csv；overview-1366.png；team-1024.png；无新增PDA执行或现场标签打印（沿用来源系统）；DDS报表打印另验。,已实现待验证,V3范围/缺口：source-alignment-v3.md；product-design.md 第20.2节；当前目标报告：output/playwright/dds-pf-v3/verification.json（最终1050样本，加载失败，整体不通过）；历史证据（仅原版本）：implementation-evidence/verification.json；implementation-evidence/build.log；implementation-evidence/build-manifest.json；implementation-review.md,用户已确认V3业务与界面修正；当前产品接受未发生；Codex仍在实现/验证,V3.0当前工作树；基础HEAD4804328a；未完成性能/图片门禁；历史已实现待验证仅属原证据版本
PAGE-004,product-design.md 第12节；V3仅保留为历史规则示例（product-design.md 第17/20.2节）,总览8在途任务互斥分组为1逾期2风险2未知3正常,WP07,src/pages/production-fulfillment/dashboards.ts、tasks.ts、task-detail.ts、index.ts、common.ts；src/router/routes.ts；src/state/store.ts,V3当前：专项66项测试通过（整组结果，逐条当前断言需绑定）；范围类型0错、外部61项既有错，Vite构建通过。本条具体数字仅属于V1/V2独立规则示例；不作为V3 33条来源需求的业务数量/时效/角色或订单结果。示例若继续展示仍需当前版本验证。 历史验证说明（非V3证明）：tests/unit/production-fulfillment-calculations.test.ts：共同筛选/工作状态独立；scripts/check-dds-production-fulfillment.mjs：全部路由/查询导出/列分页/跟单/全屏,V3：七菜单/详情部分功能检查通过，最终浏览器1050样本检查已完成，但加载失败且其他边界缺证；冷加载/刷新最大429ms/364.099999994ms不通过，目标物料照片未逐一覆盖。本条具体数字仅属于V1/V2独立规则示例；不作为V3 33条来源需求的业务数量/时效/角色或订单结果。示例若继续展示仍需当前版本验证。 历史范围（不可继承）：9类路由；23浏览器用例组；orders-export.csv；overview-1366.png；team-1024.png；无新增PDA执行或现场标签打印（沿用来源系统）；DDS报表打印另验。,已实现待验证,V3范围/缺口：source-alignment-v3.md；product-design.md 第20.2节；当前目标报告：output/playwright/dds-pf-v3/verification.json（最终1050样本，加载失败，整体不通过）；历史证据（仅原版本）：implementation-evidence/verification.json；implementation-evidence/build.log；implementation-evidence/build-manifest.json；implementation-review.md,用户已确认V3业务与界面修正；当前产品接受未发生；Codex仍在实现/验证,V3.0当前工作树；基础HEAD4804328a；未完成性能/图片门禁；历史已实现待验证仅属原证据版本
PAGE-005,product-design.md 第12节；V3仅保留为历史规则示例（product-design.md 第17/20.2节）,总览在途有效7000实发400剩余6600保持一致,WP07,src/pages/production-fulfillment/dashboards.ts、tasks.ts、task-detail.ts、index.ts、common.ts；src/router/routes.ts；src/state/store.ts,V3当前：专项66项测试通过（整组结果，逐条当前断言需绑定）；范围类型0错、外部61项既有错，Vite构建通过。本条具体数字仅属于V1/V2独立规则示例；不作为V3 33条来源需求的业务数量/时效/角色或订单结果。示例若继续展示仍需当前版本验证。 历史验证说明（非V3证明）：tests/unit/production-fulfillment-calculations.test.ts：共同筛选/工作状态独立；scripts/check-dds-production-fulfillment.mjs：全部路由/查询导出/列分页/跟单/全屏,V3：七菜单/详情部分功能检查通过，最终浏览器1050样本检查已完成，但加载失败且其他边界缺证；冷加载/刷新最大429ms/364.099999994ms不通过，目标物料照片未逐一覆盖。本条具体数字仅属于V1/V2独立规则示例；不作为V3 33条来源需求的业务数量/时效/角色或订单结果。示例若继续展示仍需当前版本验证。 历史范围（不可继承）：9类路由；23浏览器用例组；orders-export.csv；overview-1366.png；team-1024.png；无新增PDA执行或现场标签打印（沿用来源系统）；DDS报表打印另验。,已实现待验证,V3范围/缺口：source-alignment-v3.md；product-design.md 第20.2节；当前目标报告：output/playwright/dds-pf-v3/verification.json（最终1050样本，加载失败，整体不通过）；历史证据（仅原版本）：implementation-evidence/verification.json；implementation-evidence/build.log；implementation-evidence/build-manifest.json；implementation-review.md,用户已确认V3业务与界面修正；当前产品接受未发生；Codex仍在实现/验证,V3.0当前工作树；基础HEAD4804328a；未完成性能/图片门禁；历史已实现待验证仅属原证据版本
PAGE-006,product-design.md 第12节,任务列表采用标准查询统计列表分页结构,WP07,src/pages/production-fulfillment/dashboards.ts、tasks.ts、task-detail.ts、index.ts、common.ts；src/router/routes.ts；src/state/store.ts,V3当前：专项66项测试通过（整组结果，逐条当前断言需绑定）；范围类型0错、外部61项既有错，Vite构建通过。V3 来源与界面已变更；旧验收不继承，当前完整浏览器已有1050样本，但加载失败、图片及完整准备关联等边界证据未齐。 历史验证说明（非V3证明）：tests/unit/production-fulfillment-calculations.test.ts：共同筛选/工作状态独立；scripts/check-dds-production-fulfillment.mjs：全部路由/查询导出/列分页/跟单/全屏,V3：七菜单/详情部分功能检查通过，最终浏览器1050样本检查已完成，但加载失败且其他边界缺证；冷加载/刷新最大429ms/364.099999994ms不通过，目标物料照片未逐一覆盖。V3 来源与界面已变更；旧验收不继承，当前完整浏览器已有1050样本，但加载失败、图片及完整准备关联等边界证据未齐。 历史范围（不可继承）：9类路由；23浏览器用例组；orders-export.csv；overview-1366.png；team-1024.png；无新增PDA执行或现场标签打印（沿用来源系统）；DDS报表打印另验。,已实现待验证,V3范围/缺口：source-alignment-v3.md；product-design.md 第20.2节；当前目标报告：output/playwright/dds-pf-v3/verification.json（最终1050样本，加载失败，整体不通过）；历史证据（仅原版本）：implementation-evidence/verification.json；implementation-evidence/build.log；implementation-evidence/build-manifest.json；implementation-review.md,用户已确认V3业务与界面修正；当前产品接受未发生；Codex仍在实现/验证,V3.0当前工作树；基础HEAD4804328a；未完成性能/图片门禁；历史已实现待验证仅属原证据版本
PAGE-007,product-design.md 第12节,查询重置导出均有实际行为,WP07,src/pages/production-fulfillment/dashboards.ts、tasks.ts、task-detail.ts、index.ts、common.ts；src/router/routes.ts；src/state/store.ts,V3当前：专项66项测试通过（整组结果，逐条当前断言需绑定）；范围类型0错、外部61项既有错，Vite构建通过。V3 来源与界面已变更；旧验收不继承，当前完整浏览器已有1050样本，但加载失败、图片及完整准备关联等边界证据未齐。 历史验证说明（非V3证明）：tests/unit/production-fulfillment-calculations.test.ts：共同筛选/工作状态独立；scripts/check-dds-production-fulfillment.mjs：全部路由/查询导出/列分页/跟单/全屏,V3：七菜单/详情部分功能检查通过，最终浏览器1050样本检查已完成，但加载失败且其他边界缺证；冷加载/刷新最大429ms/364.099999994ms不通过，目标物料照片未逐一覆盖。V3 来源与界面已变更；旧验收不继承，当前完整浏览器已有1050样本，但加载失败、图片及完整准备关联等边界证据未齐。 历史范围（不可继承）：9类路由；23浏览器用例组；orders-export.csv；overview-1366.png；team-1024.png；无新增PDA执行或现场标签打印（沿用来源系统）；DDS报表打印另验。,已实现待验证,V3范围/缺口：source-alignment-v3.md；product-design.md 第20.2节；当前目标报告：output/playwright/dds-pf-v3/verification.json（最终1050样本，加载失败，整体不通过）；历史证据（仅原版本）：implementation-evidence/verification.json；implementation-evidence/build.log；implementation-evidence/build-manifest.json；implementation-review.md,用户已确认V3业务与界面修正；当前产品接受未发生；Codex仍在实现/验证,V3.0当前工作树；基础HEAD4804328a；未完成性能/图片门禁；历史已实现待验证仅属原证据版本
PAGE-008,product-design.md 第12节,导出包括全部筛选结果并排除操作列,WP07,src/pages/production-fulfillment/dashboards.ts、tasks.ts、task-detail.ts、index.ts、common.ts；src/router/routes.ts；src/state/store.ts,V3当前：专项66项测试通过（整组结果，逐条当前断言需绑定）；范围类型0错、外部61项既有错，Vite构建通过。V3 来源与界面已变更；旧验收不继承，当前完整浏览器已有1050样本，但加载失败、图片及完整准备关联等边界证据未齐。 历史验证说明（非V3证明）：tests/unit/production-fulfillment-calculations.test.ts：共同筛选/工作状态独立；scripts/check-dds-production-fulfillment.mjs：全部路由/查询导出/列分页/跟单/全屏,V3：七菜单/详情部分功能检查通过，最终浏览器1050样本检查已完成，但加载失败且其他边界缺证；冷加载/刷新最大429ms/364.099999994ms不通过，目标物料照片未逐一覆盖。V3 来源与界面已变更；旧验收不继承，当前完整浏览器已有1050样本，但加载失败、图片及完整准备关联等边界证据未齐。 历史范围（不可继承）：9类路由；23浏览器用例组；orders-export.csv；overview-1366.png；team-1024.png；无新增PDA执行或现场标签打印（沿用来源系统）；DDS报表打印另验。,已实现待验证,V3范围/缺口：source-alignment-v3.md；product-design.md 第20.2节；当前目标报告：output/playwright/dds-pf-v3/verification.json（最终1050样本，加载失败，整体不通过）；历史证据（仅原版本）：implementation-evidence/verification.json；implementation-evidence/build.log；implementation-evidence/build-manifest.json；implementation-review.md,用户已确认V3业务与界面修正；当前产品接受未发生；Codex仍在实现/验证,V3.0当前工作树；基础HEAD4804328a；未完成性能/图片门禁；历史已实现待验证仅属原证据版本
PAGE-009,product-design.md 第12节,列显隐顺序冻结每页数按路由保存,WP07,src/pages/production-fulfillment/dashboards.ts、tasks.ts、task-detail.ts、index.ts、common.ts；src/router/routes.ts；src/state/store.ts,V3当前：专项66项测试通过（整组结果，逐条当前断言需绑定）；范围类型0错、外部61项既有错，Vite构建通过。V3 来源与界面已变更；旧验收不继承，当前完整浏览器已有1050样本，但加载失败、图片及完整准备关联等边界证据未齐。 历史验证说明（非V3证明）：tests/unit/production-fulfillment-calculations.test.ts：共同筛选/工作状态独立；scripts/check-dds-production-fulfillment.mjs：全部路由/查询导出/列分页/跟单/全屏,V3：七菜单/详情部分功能检查通过，最终浏览器1050样本检查已完成，但加载失败且其他边界缺证；冷加载/刷新最大429ms/364.099999994ms不通过，目标物料照片未逐一覆盖。V3 来源与界面已变更；旧验收不继承，当前完整浏览器已有1050样本，但加载失败、图片及完整准备关联等边界证据未齐。 历史范围（不可继承）：9类路由；23浏览器用例组；orders-export.csv；overview-1366.png；team-1024.png；无新增PDA执行或现场标签打印（沿用来源系统）；DDS报表打印另验。,已实现待验证,V3范围/缺口：source-alignment-v3.md；product-design.md 第20.2节；当前目标报告：output/playwright/dds-pf-v3/verification.json（最终1050样本，加载失败，整体不通过）；历史证据（仅原版本）：implementation-evidence/verification.json；implementation-evidence/build.log；implementation-evidence/build-manifest.json；implementation-review.md,用户已确认V3业务与界面修正；当前产品接受未发生；Codex仍在实现/验证,V3.0当前工作树；基础HEAD4804328a；未完成性能/图片门禁；历史已实现待验证仅属原证据版本
PAGE-010,product-design.md 第12节,当前页与排序不持久化,WP07,src/pages/production-fulfillment/dashboards.ts、tasks.ts、task-detail.ts、index.ts、common.ts；src/router/routes.ts；src/state/store.ts,V3当前：专项66项测试通过（整组结果，逐条当前断言需绑定）；范围类型0错、外部61项既有错，Vite构建通过。V3 来源与界面已变更；旧验收不继承，当前完整浏览器已有1050样本，但加载失败、图片及完整准备关联等边界证据未齐。 历史验证说明（非V3证明）：tests/unit/production-fulfillment-calculations.test.ts：共同筛选/工作状态独立；scripts/check-dds-production-fulfillment.mjs：全部路由/查询导出/列分页/跟单/全屏,V3：七菜单/详情部分功能检查通过，最终浏览器1050样本检查已完成，但加载失败且其他边界缺证；冷加载/刷新最大429ms/364.099999994ms不通过，目标物料照片未逐一覆盖。V3 来源与界面已变更；旧验收不继承，当前完整浏览器已有1050样本，但加载失败、图片及完整准备关联等边界证据未齐。 历史范围（不可继承）：9类路由；23浏览器用例组；orders-export.csv；overview-1366.png；team-1024.png；无新增PDA执行或现场标签打印（沿用来源系统）；DDS报表打印另验。,已实现待验证,V3范围/缺口：source-alignment-v3.md；product-design.md 第20.2节；当前目标报告：output/playwright/dds-pf-v3/verification.json（最终1050样本，加载失败，整体不通过）；历史证据（仅原版本）：implementation-evidence/verification.json；implementation-evidence/build.log；implementation-evidence/build-manifest.json；implementation-review.md,用户已确认V3业务与界面修正；当前产品接受未发生；Codex仍在实现/验证,V3.0当前工作树；基础HEAD4804328a；未完成性能/图片门禁；历史已实现待验证仅属原证据版本
PAGE-011,product-design.md 第12节；V3仅保留为历史规则示例（product-design.md 第17/20.2节）,我的跟单甲在途只显示001和005,WP07,src/pages/production-fulfillment/dashboards.ts、tasks.ts、task-detail.ts、index.ts、common.ts；src/router/routes.ts；src/state/store.ts,V3当前：专项66项测试通过（整组结果，逐条当前断言需绑定）；范围类型0错、外部61项既有错，Vite构建通过。本条具体数字仅属于V1/V2独立规则示例；不作为V3 33条来源需求的业务数量/时效/角色或订单结果。示例若继续展示仍需当前版本验证。 历史验证说明（非V3证明）：tests/unit/production-fulfillment-calculations.test.ts：共同筛选/工作状态独立；scripts/check-dds-production-fulfillment.mjs：全部路由/查询导出/列分页/跟单/全屏,V3：七菜单/详情部分功能检查通过，最终浏览器1050样本检查已完成，但加载失败且其他边界缺证；冷加载/刷新最大429ms/364.099999994ms不通过，目标物料照片未逐一覆盖。本条具体数字仅属于V1/V2独立规则示例；不作为V3 33条来源需求的业务数量/时效/角色或订单结果。示例若继续展示仍需当前版本验证。 历史范围（不可继承）：9类路由；23浏览器用例组；orders-export.csv；overview-1366.png；team-1024.png；无新增PDA执行或现场标签打印（沿用来源系统）；DDS报表打印另验。,已实现待验证,V3范围/缺口：source-alignment-v3.md；product-design.md 第20.2节；当前目标报告：output/playwright/dds-pf-v3/verification.json（最终1050样本，加载失败，整体不通过）；历史证据（仅原版本）：implementation-evidence/verification.json；implementation-evidence/build.log；implementation-evidence/build-manifest.json；implementation-review.md,用户已确认V3业务与界面修正；当前产品接受未发生；Codex仍在实现/验证,V3.0当前工作树；基础HEAD4804328a；未完成性能/图片门禁；历史已实现待验证仅属原证据版本
PAGE-012,product-design.md 第12节,登记催办不改变来源实际状态数量,WP07,src/pages/production-fulfillment/dashboards.ts、tasks.ts、task-detail.ts、index.ts、common.ts；src/router/routes.ts；src/state/store.ts,V3当前：专项66项测试通过（整组结果，逐条当前断言需绑定）；范围类型0错、外部61项既有错，Vite构建通过。V3 来源与界面已变更；旧验收不继承，当前完整浏览器已有1050样本，但加载失败、图片及完整准备关联等边界证据未齐。 历史验证说明（非V3证明）：tests/unit/production-fulfillment-calculations.test.ts：共同筛选/工作状态独立；scripts/check-dds-production-fulfillment.mjs：全部路由/查询导出/列分页/跟单/全屏,V3：七菜单/详情部分功能检查通过，最终浏览器1050样本检查已完成，但加载失败且其他边界缺证；冷加载/刷新最大429ms/364.099999994ms不通过，目标物料照片未逐一覆盖。V3 来源与界面已变更；旧验收不继承，当前完整浏览器已有1050样本，但加载失败、图片及完整准备关联等边界证据未齐。 历史范围（不可继承）：9类路由；23浏览器用例组；orders-export.csv；overview-1366.png；team-1024.png；无新增PDA执行或现场标签打印（沿用来源系统）；DDS报表打印另验。,已实现待验证,V3范围/缺口：source-alignment-v3.md；product-design.md 第20.2节；当前目标报告：output/playwright/dds-pf-v3/verification.json（最终1050样本，加载失败，整体不通过）；历史证据（仅原版本）：implementation-evidence/verification.json；implementation-evidence/build.log；implementation-evidence/build-manifest.json；implementation-review.md,用户已确认V3业务与界面修正；当前产品接受未发生；Codex仍在实现/验证,V3.0当前工作树；基础HEAD4804328a；未完成性能/图片门禁；历史已实现待验证仅属原证据版本
PAGE-013,product-design.md 第12节,通知操作只演示且明确未真实发送,WP07,src/pages/production-fulfillment/dashboards.ts、tasks.ts、task-detail.ts、index.ts、common.ts；src/router/routes.ts；src/state/store.ts,V3当前：专项66项测试通过（整组结果，逐条当前断言需绑定）；范围类型0错、外部61项既有错，Vite构建通过。V3 来源与界面已变更；旧验收不继承，当前完整浏览器已有1050样本，但加载失败、图片及完整准备关联等边界证据未齐。 历史验证说明（非V3证明）：tests/unit/production-fulfillment-calculations.test.ts：共同筛选/工作状态独立；scripts/check-dds-production-fulfillment.mjs：全部路由/查询导出/列分页/跟单/全屏,V3：七菜单/详情部分功能检查通过，最终浏览器1050样本检查已完成，但加载失败且其他边界缺证；冷加载/刷新最大429ms/364.099999994ms不通过，目标物料照片未逐一覆盖。V3 来源与界面已变更；旧验收不继承，当前完整浏览器已有1050样本，但加载失败、图片及完整准备关联等边界证据未齐。 历史范围（不可继承）：9类路由；23浏览器用例组；orders-export.csv；overview-1366.png；team-1024.png；无新增PDA执行或现场标签打印（沿用来源系统）；DDS报表打印另验。,已实现待验证,V3范围/缺口：source-alignment-v3.md；product-design.md 第20.2节；当前目标报告：output/playwright/dds-pf-v3/verification.json（最终1050样本，加载失败，整体不通过）；历史证据（仅原版本）：implementation-evidence/verification.json；implementation-evidence/build.log；implementation-evidence/build-manifest.json；implementation-review.md,用户已确认V3业务与界面修正；当前产品接受未发生；Codex仍在实现/验证,V3.0当前工作树；基础HEAD4804328a；未完成性能/图片门禁；历史已实现待验证仅属原证据版本
PAGE-014,product-design.md 第12节,工作抽屉可追单据明细批次及时间证据,WP07,src/pages/production-fulfillment/dashboards.ts、tasks.ts、task-detail.ts、index.ts、common.ts；src/router/routes.ts；src/state/store.ts,V3当前：专项66项测试通过（整组结果，逐条当前断言需绑定）；范围类型0错、外部61项既有错，Vite构建通过。V3 来源与界面已变更；旧验收不继承，当前完整浏览器已有1050样本，但加载失败、图片及完整准备关联等边界证据未齐。 历史验证说明（非V3证明）：tests/unit/production-fulfillment-calculations.test.ts：共同筛选/工作状态独立；scripts/check-dds-production-fulfillment.mjs：全部路由/查询导出/列分页/跟单/全屏,V3：七菜单/详情部分功能检查通过，最终浏览器1050样本检查已完成，但加载失败且其他边界缺证；冷加载/刷新最大429ms/364.099999994ms不通过，目标物料照片未逐一覆盖。V3 来源与界面已变更；旧验收不继承，当前完整浏览器已有1050样本，但加载失败、图片及完整准备关联等边界证据未齐。 历史范围（不可继承）：9类路由；23浏览器用例组；orders-export.csv；overview-1366.png；team-1024.png；无新增PDA执行或现场标签打印（沿用来源系统）；DDS报表打印另验。,已实现待验证,V3范围/缺口：source-alignment-v3.md；product-design.md 第20.2节；当前目标报告：output/playwright/dds-pf-v3/verification.json（最终1050样本，加载失败，整体不通过）；历史证据（仅原版本）：implementation-evidence/verification.json；implementation-evidence/build.log；implementation-evidence/build-manifest.json；implementation-review.md,用户已确认V3业务与界面修正；当前产品接受未发生；Codex仍在实现/验证,V3.0当前工作树；基础HEAD4804328a；未完成性能/图片门禁；历史已实现待验证仅属原证据版本
PAGE-015,product-design.md 第12节,团队先区分可执行与需要协调队列,WP07,src/pages/production-fulfillment/dashboards.ts、tasks.ts、task-detail.ts、index.ts、common.ts；src/router/routes.ts；src/state/store.ts,V3当前：专项66项测试通过（整组结果，逐条当前断言需绑定）；范围类型0错、外部61项既有错，Vite构建通过。V3 来源与界面已变更；旧验收不继承，当前完整浏览器已有1050样本，但加载失败、图片及完整准备关联等边界证据未齐。 历史验证说明（非V3证明）：tests/unit/production-fulfillment-calculations.test.ts：共同筛选/工作状态独立；scripts/check-dds-production-fulfillment.mjs：全部路由/查询导出/列分页/跟单/全屏,V3：七菜单/详情部分功能检查通过，最终浏览器1050样本检查已完成，但加载失败且其他边界缺证；冷加载/刷新最大429ms/364.099999994ms不通过，目标物料照片未逐一覆盖。V3 来源与界面已变更；旧验收不继承，当前完整浏览器已有1050样本，但加载失败、图片及完整准备关联等边界证据未齐。 历史范围（不可继承）：9类路由；23浏览器用例组；orders-export.csv；overview-1366.png；team-1024.png；无新增PDA执行或现场标签打印（沿用来源系统）；DDS报表打印另验。,已实现待验证,V3范围/缺口：source-alignment-v3.md；product-design.md 第20.2节；当前目标报告：output/playwright/dds-pf-v3/verification.json（最终1050样本，加载失败，整体不通过）；历史证据（仅原版本）：implementation-evidence/verification.json；implementation-evidence/build.log；implementation-evidence/build-manifest.json；implementation-review.md,用户已确认V3业务与界面修正；当前产品接受未发生；Codex仍在实现/验证,V3.0当前工作树；基础HEAD4804328a；未完成性能/图片门禁；历史已实现待验证仅属原证据版本
PAGE-016,product-design.md 第12节,团队显示上游带入与本环节新增延误,WP07,src/pages/production-fulfillment/dashboards.ts、tasks.ts、task-detail.ts、index.ts、common.ts；src/router/routes.ts；src/state/store.ts,V3当前：专项66项测试通过（整组结果，逐条当前断言需绑定）；范围类型0错、外部61项既有错，Vite构建通过。V3 来源与界面已变更；旧验收不继承，当前完整浏览器已有1050样本，但加载失败、图片及完整准备关联等边界证据未齐。 历史验证说明（非V3证明）：tests/unit/production-fulfillment-calculations.test.ts：共同筛选/工作状态独立；scripts/check-dds-production-fulfillment.mjs：全部路由/查询导出/列分页/跟单/全屏,V3：七菜单/详情部分功能检查通过，最终浏览器1050样本检查已完成，但加载失败且其他边界缺证；冷加载/刷新最大429ms/364.099999994ms不通过，目标物料照片未逐一覆盖。V3 来源与界面已变更；旧验收不继承，当前完整浏览器已有1050样本，但加载失败、图片及完整准备关联等边界证据未齐。 历史范围（不可继承）：9类路由；23浏览器用例组；orders-export.csv；overview-1366.png；team-1024.png；无新增PDA执行或现场标签打印（沿用来源系统）；DDS报表打印另验。,已实现待验证,V3范围/缺口：source-alignment-v3.md；product-design.md 第20.2节；当前目标报告：output/playwright/dds-pf-v3/verification.json（最终1050样本，加载失败，整体不通过）；历史证据（仅原版本）：implementation-evidence/verification.json；implementation-evidence/build.log；implementation-evidence/build-manifest.json；implementation-review.md,用户已确认V3业务与界面修正；当前产品接受未发生；Codex仍在实现/验证,V3.0当前工作树；基础HEAD4804328a；未完成性能/图片门禁；历史已实现待验证仅属原证据版本
PAGE-017,product-design.md 第12节,同优先级按整体需完成日缓冲及影响排序,WP07,src/pages/production-fulfillment/dashboards.ts、tasks.ts、task-detail.ts、index.ts、common.ts；src/router/routes.ts；src/state/store.ts,V3当前：专项66项测试通过（整组结果，逐条当前断言需绑定）；范围类型0错、外部61项既有错，Vite构建通过。V3 来源与界面已变更；旧验收不继承，当前完整浏览器已有1050样本，但加载失败、图片及完整准备关联等边界证据未齐。 历史验证说明（非V3证明）：tests/unit/production-fulfillment-calculations.test.ts：共同筛选/工作状态独立；scripts/check-dds-production-fulfillment.mjs：全部路由/查询导出/列分页/跟单/全屏,V3：七菜单/详情部分功能检查通过，最终浏览器1050样本检查已完成，但加载失败且其他边界缺证；冷加载/刷新最大429ms/364.099999994ms不通过，目标物料照片未逐一覆盖。V3 来源与界面已变更；旧验收不继承，当前完整浏览器已有1050样本，但加载失败、图片及完整准备关联等边界证据未齐。 历史范围（不可继承）：9类路由；23浏览器用例组；orders-export.csv；overview-1366.png；team-1024.png；无新增PDA执行或现场标签打印（沿用来源系统）；DDS报表打印另验。,已实现待验证,V3范围/缺口：source-alignment-v3.md；product-design.md 第20.2节；当前目标报告：output/playwright/dds-pf-v3/verification.json（最终1050样本，加载失败，整体不通过）；历史证据（仅原版本）：implementation-evidence/verification.json；implementation-evidence/build.log；implementation-evidence/build-manifest.json；implementation-review.md,用户已确认V3业务与界面修正；当前产品接受未发生；Codex仍在实现/验证,V3.0当前工作树；基础HEAD4804328a；未完成性能/图片门禁；历史已实现待验证仅属原证据版本
PAGE-018,product-design.md 第12节,工厂等待输入项不显示立刻开工建议,WP07,src/pages/production-fulfillment/dashboards.ts、tasks.ts、task-detail.ts、index.ts、common.ts；src/router/routes.ts；src/state/store.ts,V3当前：专项66项测试通过（整组结果，逐条当前断言需绑定）；范围类型0错、外部61项既有错，Vite构建通过。V3 来源与界面已变更；旧验收不继承，当前完整浏览器已有1050样本，但加载失败、图片及完整准备关联等边界证据未齐。 历史验证说明（非V3证明）：tests/unit/production-fulfillment-calculations.test.ts：共同筛选/工作状态独立；scripts/check-dds-production-fulfillment.mjs：全部路由/查询导出/列分页/跟单/全屏,V3：七菜单/详情部分功能检查通过，最终浏览器1050样本检查已完成，但加载失败且其他边界缺证；冷加载/刷新最大429ms/364.099999994ms不通过，目标物料照片未逐一覆盖。V3 来源与界面已变更；旧验收不继承，当前完整浏览器已有1050样本，但加载失败、图片及完整准备关联等边界证据未齐。 历史范围（不可继承）：9类路由；23浏览器用例组；orders-export.csv；overview-1366.png；team-1024.png；无新增PDA执行或现场标签打印（沿用来源系统）；DDS报表打印另验。,已实现待验证,V3范围/缺口：source-alignment-v3.md；product-design.md 第20.2节；当前目标报告：output/playwright/dds-pf-v3/verification.json（最终1050样本，加载失败，整体不通过）；历史证据（仅原版本）：implementation-evidence/verification.json；implementation-evidence/build.log；implementation-evidence/build-manifest.json；implementation-review.md,用户已确认V3业务与界面修正；当前产品接受未发生；Codex仍在实现/验证,V3.0当前工作树；基础HEAD4804328a；未完成性能/图片门禁；历史已实现待验证仅属原证据版本
PAGE-019,product-design.md 第12节,订单页展示实际发货后关联且无发货时不造订单,WP07,src/pages/production-fulfillment/dashboards.ts、tasks.ts、task-detail.ts、index.ts、common.ts；src/router/routes.ts；src/state/store.ts,V3当前：专项66项测试通过（整组结果，逐条当前断言需绑定）；范围类型0错、外部61项既有错，Vite构建通过。V3 来源与界面已变更；旧验收不继承，当前完整浏览器已有1050样本，但加载失败、图片及完整准备关联等边界证据未齐。 历史验证说明（非V3证明）：tests/unit/production-fulfillment-calculations.test.ts：共同筛选/工作状态独立；scripts/check-dds-production-fulfillment.mjs：全部路由/查询导出/列分页/跟单/全屏,V3：七菜单/详情部分功能检查通过，最终浏览器1050样本检查已完成，但加载失败且其他边界缺证；冷加载/刷新最大429ms/364.099999994ms不通过，目标物料照片未逐一覆盖。V3 来源与界面已变更；旧验收不继承，当前完整浏览器已有1050样本，但加载失败、图片及完整准备关联等边界证据未齐。 历史范围（不可继承）：9类路由；23浏览器用例组；orders-export.csv；overview-1366.png；team-1024.png；无新增PDA执行或现场标签打印（沿用来源系统）；DDS报表打印另验。,已实现待验证,V3范围/缺口：source-alignment-v3.md；product-design.md 第20.2节；当前目标报告：output/playwright/dds-pf-v3/verification.json（最终1050样本，加载失败，整体不通过）；历史证据（仅原版本）：implementation-evidence/verification.json；implementation-evidence/build.log；implementation-evidence/build-manifest.json；implementation-review.md,用户已确认V3业务与界面修正；当前产品接受未发生；Codex仍在实现/验证,V3.0当前工作树；基础HEAD4804328a；未完成性能/图片门禁；历史已实现待验证仅属原证据版本
PAGE-020,product-design.md 第12节,全屏视图与普通总览使用同一结果,WP07,src/pages/production-fulfillment/dashboards.ts、tasks.ts、task-detail.ts、index.ts、common.ts；src/router/routes.ts；src/state/store.ts,V3当前：专项66项测试通过（整组结果，逐条当前断言需绑定）；范围类型0错、外部61项既有错，Vite构建通过。V3 来源与界面已变更；旧验收不继承，当前完整浏览器已有1050样本，但加载失败、图片及完整准备关联等边界证据未齐。 历史验证说明（非V3证明）：tests/unit/production-fulfillment-calculations.test.ts：共同筛选/工作状态独立；scripts/check-dds-production-fulfillment.mjs：全部路由/查询导出/列分页/跟单/全屏,V3：七菜单/详情部分功能检查通过，最终浏览器1050样本检查已完成，但加载失败且其他边界缺证；冷加载/刷新最大429ms/364.099999994ms不通过，目标物料照片未逐一覆盖。V3 来源与界面已变更；旧验收不继承，当前完整浏览器已有1050样本，但加载失败、图片及完整准备关联等边界证据未齐。 历史范围（不可继承）：9类路由；23浏览器用例组；orders-export.csv；overview-1366.png；team-1024.png；无新增PDA执行或现场标签打印（沿用来源系统）；DDS报表打印另验。,已实现待验证,V3范围/缺口：source-alignment-v3.md；product-design.md 第20.2节；当前目标报告：output/playwright/dds-pf-v3/verification.json（最终1050样本，加载失败，整体不通过）；历史证据（仅原版本）：implementation-evidence/verification.json；implementation-evidence/build.log；implementation-evidence/build-manifest.json；implementation-review.md,用户已确认V3业务与界面修正；当前产品接受未发生；Codex仍在实现/验证,V3.0当前工作树；基础HEAD4804328a；未完成性能/图片门禁；历史已实现待验证仅属原证据版本
CONFIG-001,product-design.md 第12节,可以配置工作项与单据明细及事件匹配,WP06,src/pages/production-fulfillment/configuration.ts、config-model.ts、rule-recalculation.ts、catalog.ts,V3当前：专项66项测试通过（整组结果，逐条当前断言需绑定）；范围类型0错、外部61项既有错，Vite构建通过。V3 来源与界面已变更；旧验收不继承，当前完整浏览器已有1050样本，但加载失败、图片及完整准备关联等边界证据未齐。 历史验证说明（非V3证明）：tests/unit/production-fulfillment-configuration.test.ts：13项配置/数量/发布/映射/重算；scripts/check-dds-production-fulfillment.mjs：配置7区各入口5次,V3：七菜单/详情部分功能检查通过，最终浏览器1050样本检查已完成，但加载失败且其他边界缺证；冷加载/刷新最大429ms/364.099999994ms不通过，目标物料照片未逐一覆盖。V3 来源与界面已变更；旧验收不继承，当前完整浏览器已有1050样本，但加载失败、图片及完整准备关联等边界证据未齐。 历史范围（不可继承）：configuration-1366.png；样例匹配、冲突、发布预览、选定在途重算及版本历史；无新增PDA执行或现场标签打印（沿用来源系统）；DDS报表打印另验。,已实现待验证,V3范围/缺口：source-alignment-v3.md；product-design.md 第20.2节；当前目标报告：output/playwright/dds-pf-v3/verification.json（最终1050样本，加载失败，整体不通过）；历史证据（仅原版本）：implementation-evidence/verification.json；implementation-evidence/build.log；implementation-evidence/build-manifest.json；implementation-review.md,用户已确认V3业务与界面修正；当前产品接受未发生；Codex仍在实现/验证,V3.0当前工作树；基础HEAD4804328a；未完成性能/图片门禁；历史已实现待验证仅属原证据版本
CONFIG-002,product-design.md 第12节,可以配置单工作预算及阶段组时效要求,WP06,src/pages/production-fulfillment/configuration.ts、config-model.ts、rule-recalculation.ts、catalog.ts,V3当前：专项66项测试通过（整组结果，逐条当前断言需绑定）；范围类型0错、外部61项既有错，Vite构建通过。V3 来源与界面已变更；旧验收不继承，当前完整浏览器已有1050样本，但加载失败、图片及完整准备关联等边界证据未齐。 历史验证说明（非V3证明）：tests/unit/production-fulfillment-configuration.test.ts：13项配置/数量/发布/映射/重算；scripts/check-dds-production-fulfillment.mjs：配置7区各入口5次,V3：七菜单/详情部分功能检查通过，最终浏览器1050样本检查已完成，但加载失败且其他边界缺证；冷加载/刷新最大429ms/364.099999994ms不通过，目标物料照片未逐一覆盖。V3 来源与界面已变更；旧验收不继承，当前完整浏览器已有1050样本，但加载失败、图片及完整准备关联等边界证据未齐。 历史范围（不可继承）：configuration-1366.png；样例匹配、冲突、发布预览、选定在途重算及版本历史；无新增PDA执行或现场标签打印（沿用来源系统）；DDS报表打印另验。,已实现待验证,V3范围/缺口：source-alignment-v3.md；product-design.md 第20.2节；当前目标报告：output/playwright/dds-pf-v3/verification.json（最终1050样本，加载失败，整体不通过）；历史证据（仅原版本）：implementation-evidence/verification.json；implementation-evidence/build.log；implementation-evidence/build-manifest.json；implementation-review.md,用户已确认V3业务与界面修正；当前产品接受未发生；Codex仍在实现/验证,V3.0当前工作树；基础HEAD4804328a；未完成性能/图片门禁；历史已实现待验证仅属原证据版本
CONFIG-003,product-design.md 第12节,规则包含地区供给方式工艺及数量类型条件,WP06,src/pages/production-fulfillment/configuration.ts、config-model.ts、rule-recalculation.ts、catalog.ts,V3当前：专项66项测试通过（整组结果，逐条当前断言需绑定）；范围类型0错、外部61项既有错，Vite构建通过。V3 来源与界面已变更；旧验收不继承，当前完整浏览器已有1050样本，但加载失败、图片及完整准备关联等边界证据未齐。 历史验证说明（非V3证明）：tests/unit/production-fulfillment-configuration.test.ts：13项配置/数量/发布/映射/重算；scripts/check-dds-production-fulfillment.mjs：配置7区各入口5次,V3：七菜单/详情部分功能检查通过，最终浏览器1050样本检查已完成，但加载失败且其他边界缺证；冷加载/刷新最大429ms/364.099999994ms不通过，目标物料照片未逐一覆盖。V3 来源与界面已变更；旧验收不继承，当前完整浏览器已有1050样本，但加载失败、图片及完整准备关联等边界证据未齐。 历史范围（不可继承）：configuration-1366.png；样例匹配、冲突、发布预览、选定在途重算及版本历史；无新增PDA执行或现场标签打印（沿用来源系统）；DDS报表打印另验。,已实现待验证,V3范围/缺口：source-alignment-v3.md；product-design.md 第20.2节；当前目标报告：output/playwright/dds-pf-v3/verification.json（最终1050样本，加载失败，整体不通过）；历史证据（仅原版本）：implementation-evidence/verification.json；implementation-evidence/build.log；implementation-evidence/build-manifest.json；implementation-review.md,用户已确认V3业务与界面修正；当前产品接受未发生；Codex仍在实现/验证,V3.0当前工作树；基础HEAD4804328a；未完成性能/图片门禁；历史已实现待验证仅属原证据版本
CONFIG-004,product-design.md 第12节,起止责任锚点与具体数量事件可配置,WP06,src/pages/production-fulfillment/configuration.ts、config-model.ts、rule-recalculation.ts、catalog.ts,V3当前：专项66项测试通过（整组结果，逐条当前断言需绑定）；范围类型0错、外部61项既有错，Vite构建通过。V3 来源与界面已变更；旧验收不继承，当前完整浏览器已有1050样本，但加载失败、图片及完整准备关联等边界证据未齐。 历史验证说明（非V3证明）：tests/unit/production-fulfillment-configuration.test.ts：13项配置/数量/发布/映射/重算；scripts/check-dds-production-fulfillment.mjs：配置7区各入口5次,V3：七菜单/详情部分功能检查通过，最终浏览器1050样本检查已完成，但加载失败且其他边界缺证；冷加载/刷新最大429ms/364.099999994ms不通过，目标物料照片未逐一覆盖。V3 来源与界面已变更；旧验收不继承，当前完整浏览器已有1050样本，但加载失败、图片及完整准备关联等边界证据未齐。 历史范围（不可继承）：configuration-1366.png；样例匹配、冲突、发布预览、选定在途重算及版本历史；无新增PDA执行或现场标签打印（沿用来源系统）；DDS报表打印另验。,已实现待验证,V3范围/缺口：source-alignment-v3.md；product-design.md 第20.2节；当前目标报告：output/playwright/dds-pf-v3/verification.json（最终1050样本，加载失败，整体不通过）；历史证据（仅原版本）：implementation-evidence/verification.json；implementation-evidence/build.log；implementation-evidence/build-manifest.json；implementation-review.md,用户已确认V3业务与界面修正；当前产品接受未发生；Codex仍在实现/验证,V3.0当前工作树；基础HEAD4804328a；未完成性能/图片门禁；历史已实现待验证仅属原证据版本
CONFIG-005,product-design.md 第12节,同优先级多规则命中报冲突无命中报缺失,WP06,src/pages/production-fulfillment/configuration.ts、config-model.ts、rule-recalculation.ts、catalog.ts,V3当前：专项66项测试通过（整组结果，逐条当前断言需绑定）；范围类型0错、外部61项既有错，Vite构建通过。V3 来源与界面已变更；旧验收不继承，当前完整浏览器已有1050样本，但加载失败、图片及完整准备关联等边界证据未齐。 历史验证说明（非V3证明）：tests/unit/production-fulfillment-configuration.test.ts：13项配置/数量/发布/映射/重算；scripts/check-dds-production-fulfillment.mjs：配置7区各入口5次,V3：七菜单/详情部分功能检查通过，最终浏览器1050样本检查已完成，但加载失败且其他边界缺证；冷加载/刷新最大429ms/364.099999994ms不通过，目标物料照片未逐一覆盖。V3 来源与界面已变更；旧验收不继承，当前完整浏览器已有1050样本，但加载失败、图片及完整准备关联等边界证据未齐。 历史范围（不可继承）：configuration-1366.png；样例匹配、冲突、发布预览、选定在途重算及版本历史；无新增PDA执行或现场标签打印（沿用来源系统）；DDS报表打印另验。,已实现待验证,V3范围/缺口：source-alignment-v3.md；product-design.md 第20.2节；当前目标报告：output/playwright/dds-pf-v3/verification.json（最终1050样本，加载失败，整体不通过）；历史证据（仅原版本）：implementation-evidence/verification.json；implementation-evidence/build.log；implementation-evidence/build-manifest.json；implementation-review.md,用户已确认V3业务与界面修正；当前产品接受未发生；Codex仍在实现/验证,V3.0当前工作树；基础HEAD4804328a；未完成性能/图片门禁；历史已实现待验证仅属原证据版本
CONFIG-006,product-design.md 第12节,默认责任人不是来源脚本创建账号,WP06,src/pages/production-fulfillment/configuration.ts、config-model.ts、rule-recalculation.ts、catalog.ts,V3当前：专项66项测试通过（整组结果，逐条当前断言需绑定）；范围类型0错、外部61项既有错，Vite构建通过。V3 来源与界面已变更；旧验收不继承，当前完整浏览器已有1050样本，但加载失败、图片及完整准备关联等边界证据未齐。 历史验证说明（非V3证明）：tests/unit/production-fulfillment-configuration.test.ts：13项配置/数量/发布/映射/重算；scripts/check-dds-production-fulfillment.mjs：配置7区各入口5次,V3：七菜单/详情部分功能检查通过，最终浏览器1050样本检查已完成，但加载失败且其他边界缺证；冷加载/刷新最大429ms/364.099999994ms不通过，目标物料照片未逐一覆盖。V3 来源与界面已变更；旧验收不继承，当前完整浏览器已有1050样本，但加载失败、图片及完整准备关联等边界证据未齐。 历史范围（不可继承）：configuration-1366.png；样例匹配、冲突、发布预览、选定在途重算及版本历史；无新增PDA执行或现场标签打印（沿用来源系统）；DDS报表打印另验。,已实现待验证,V3范围/缺口：source-alignment-v3.md；product-design.md 第20.2节；当前目标报告：output/playwright/dds-pf-v3/verification.json（最终1050样本，加载失败，整体不通过）；历史证据（仅原版本）：implementation-evidence/verification.json；implementation-evidence/build.log；implementation-evidence/build-manifest.json；implementation-review.md,用户已确认V3业务与界面修正；当前产品接受未发生；Codex仍在实现/验证,V3.0当前工作树；基础HEAD4804328a；未完成性能/图片门禁；历史已实现待验证仅属原证据版本
CONFIG-007,product-design.md 第12节,阶段浏览顺序不自动生成前置关系,WP06,src/pages/production-fulfillment/configuration.ts、config-model.ts、rule-recalculation.ts、catalog.ts,V3当前：专项66项测试通过（整组结果，逐条当前断言需绑定）；范围类型0错、外部61项既有错，Vite构建通过。V3 来源与界面已变更；旧验收不继承，当前完整浏览器已有1050样本，但加载失败、图片及完整准备关联等边界证据未齐。 历史验证说明（非V3证明）：tests/unit/production-fulfillment-configuration.test.ts：13项配置/数量/发布/映射/重算；scripts/check-dds-production-fulfillment.mjs：配置7区各入口5次,V3：七菜单/详情部分功能检查通过，最终浏览器1050样本检查已完成，但加载失败且其他边界缺证；冷加载/刷新最大429ms/364.099999994ms不通过，目标物料照片未逐一覆盖。V3 来源与界面已变更；旧验收不继承，当前完整浏览器已有1050样本，但加载失败、图片及完整准备关联等边界证据未齐。 历史范围（不可继承）：configuration-1366.png；样例匹配、冲突、发布预览、选定在途重算及版本历史；无新增PDA执行或现场标签打印（沿用来源系统）；DDS报表打印另验。,已实现待验证,V3范围/缺口：source-alignment-v3.md；product-design.md 第20.2节；当前目标报告：output/playwright/dds-pf-v3/verification.json（最终1050样本，加载失败，整体不通过）；历史证据（仅原版本）：implementation-evidence/verification.json；implementation-evidence/build.log；implementation-evidence/build-manifest.json；implementation-review.md,用户已确认V3业务与界面修正；当前产品接受未发生；Codex仍在实现/验证,V3.0当前工作树；基础HEAD4804328a；未完成性能/图片门禁；历史已实现待验证仅属原证据版本
CONFIG-008,product-design.md 第12节,子项7天组上限5天阻断发布且不静默调整,WP06,src/pages/production-fulfillment/configuration.ts、config-model.ts、rule-recalculation.ts、catalog.ts,V3当前：专项66项测试通过（整组结果，逐条当前断言需绑定）；范围类型0错、外部61项既有错，Vite构建通过。V3 来源与界面已变更；旧验收不继承，当前完整浏览器已有1050样本，但加载失败、图片及完整准备关联等边界证据未齐。 历史验证说明（非V3证明）：tests/unit/production-fulfillment-configuration.test.ts：13项配置/数量/发布/映射/重算；scripts/check-dds-production-fulfillment.mjs：配置7区各入口5次,V3：七菜单/详情部分功能检查通过，最终浏览器1050样本检查已完成，但加载失败且其他边界缺证；冷加载/刷新最大429ms/364.099999994ms不通过，目标物料照片未逐一覆盖。V3 来源与界面已变更；旧验收不继承，当前完整浏览器已有1050样本，但加载失败、图片及完整准备关联等边界证据未齐。 历史范围（不可继承）：configuration-1366.png；样例匹配、冲突、发布预览、选定在途重算及版本历史；无新增PDA执行或现场标签打印（沿用来源系统）；DDS报表打印另验。,已实现待验证,V3范围/缺口：source-alignment-v3.md；product-design.md 第20.2节；当前目标报告：output/playwright/dds-pf-v3/verification.json（最终1050样本，加载失败，整体不通过）；历史证据（仅原版本）：implementation-evidence/verification.json；implementation-evidence/build.log；implementation-evidence/build-manifest.json；implementation-review.md,用户已确认V3业务与界面修正；当前产品接受未发生；Codex仍在实现/验证,V3.0当前工作树；基础HEAD4804328a；未完成性能/图片门禁；历史已实现待验证仅属原证据版本
CONFIG-009,product-design.md 第12节,版本发布预览受影响范围并保留旧基线,WP06,src/pages/production-fulfillment/configuration.ts、config-model.ts、rule-recalculation.ts、catalog.ts,V3当前：专项66项测试通过（整组结果，逐条当前断言需绑定）；范围类型0错、外部61项既有错，Vite构建通过。V3 来源与界面已变更；旧验收不继承，当前完整浏览器已有1050样本，但加载失败、图片及完整准备关联等边界证据未齐。 历史验证说明（非V3证明）：tests/unit/production-fulfillment-configuration.test.ts：13项配置/数量/发布/映射/重算；scripts/check-dds-production-fulfillment.mjs：配置7区各入口5次,V3：七菜单/详情部分功能检查通过，最终浏览器1050样本检查已完成，但加载失败且其他边界缺证；冷加载/刷新最大429ms/364.099999994ms不通过，目标物料照片未逐一覆盖。V3 来源与界面已变更；旧验收不继承，当前完整浏览器已有1050样本，但加载失败、图片及完整准备关联等边界证据未齐。 历史范围（不可继承）：configuration-1366.png；样例匹配、冲突、发布预览、选定在途重算及版本历史；无新增PDA执行或现场标签打印（沿用来源系统）；DDS报表打印另验。,已实现待验证,V3范围/缺口：source-alignment-v3.md；product-design.md 第20.2节；当前目标报告：output/playwright/dds-pf-v3/verification.json（最终1050样本，加载失败，整体不通过）；历史证据（仅原版本）：implementation-evidence/verification.json；implementation-evidence/build.log；implementation-evidence/build-manifest.json；implementation-review.md,用户已确认V3业务与界面修正；当前产品接受未发生；Codex仍在实现/验证,V3.0当前工作树；基础HEAD4804328a；未完成性能/图片门禁；历史已实现待验证仅属原证据版本
CONFIG-010,product-design.md 第12节,草稿规则不冒充已生效标准,WP06,src/pages/production-fulfillment/configuration.ts、config-model.ts、rule-recalculation.ts、catalog.ts,V3当前：专项66项测试通过（整组结果，逐条当前断言需绑定）；范围类型0错、外部61项既有错，Vite构建通过。V3 来源与界面已变更；旧验收不继承，当前完整浏览器已有1050样本，但加载失败、图片及完整准备关联等边界证据未齐。 历史验证说明（非V3证明）：tests/unit/production-fulfillment-configuration.test.ts：13项配置/数量/发布/映射/重算；scripts/check-dds-production-fulfillment.mjs：配置7区各入口5次,V3：七菜单/详情部分功能检查通过，最终浏览器1050样本检查已完成，但加载失败且其他边界缺证；冷加载/刷新最大429ms/364.099999994ms不通过，目标物料照片未逐一覆盖。V3 来源与界面已变更；旧验收不继承，当前完整浏览器已有1050样本，但加载失败、图片及完整准备关联等边界证据未齐。 历史范围（不可继承）：configuration-1366.png；样例匹配、冲突、发布预览、选定在途重算及版本历史；无新增PDA执行或现场标签打印（沿用来源系统）；DDS报表打印另验。,已实现待验证,V3范围/缺口：source-alignment-v3.md；product-design.md 第20.2节；当前目标报告：output/playwright/dds-pf-v3/verification.json（最终1050样本，加载失败，整体不通过）；历史证据（仅原版本）：implementation-evidence/verification.json；implementation-evidence/build.log；implementation-evidence/build-manifest.json；implementation-review.md,用户已确认V3业务与界面修正；当前产品接受未发生；Codex仍在实现/验证,V3.0当前工作树；基础HEAD4804328a；未完成性能/图片门禁；历史已实现待验证仅属原证据版本
METRIC-001,product-design.md 第13节,任务工作项订单三种统计对象不混除,WP05,src/pages/production-fulfillment/calculations.ts、dashboards.ts、common.ts,V3当前：专项66项测试通过（整组结果，逐条当前断言需绑定）；范围类型0错、外部61项既有错，Vite构建通过。当前来源合格量、采购/调拨完整事实、实际发货或正式SLA尚未齐备；按条目所需输入继续补证，旧规则例不能代替来源链路。 历史验证说明（非V3证明）：tests/unit/production-fulfillment-calculations.test.ts：任务状态互斥/去重/完整订单3比5/数量900比1400；scripts/check-dds-production-fulfillment.mjs：统计与导出,V3：七菜单/详情部分功能检查通过，最终浏览器1050样本检查已完成，但加载失败且其他边界缺证；冷加载/刷新最大429ms/364.099999994ms不通过，目标物料照片未逐一覆盖。当前来源合格量、采购/调拨完整事实、实际发货或正式SLA尚未齐备；按条目所需输入继续补证，旧规则例不能代替来源链路。 历史范围（不可继承）：overview-1366.png；fulfillment页两种统计及orders-export.csv；无新增PDA执行或现场标签打印（沿用来源系统）；DDS报表打印另验。,实施中,V3范围/缺口：source-alignment-v3.md；product-design.md 第20.2节；当前目标报告：output/playwright/dds-pf-v3/verification.json（最终1050样本，加载失败，整体不通过）；历史证据（仅原版本）：implementation-evidence/verification.json；implementation-evidence/build.log；implementation-evidence/build-manifest.json；implementation-review.md,用户已确认V3业务与界面修正；当前产品接受未发生；Codex仍在实现/验证,V3.0当前工作树；基础HEAD4804328a；未完成性能/图片门禁；历史已实现待验证仅属原证据版本
METRIC-002,product-design.md 第13节,缺规则和缺数据样本与正常样本分列,WP05,src/pages/production-fulfillment/calculations.ts、dashboards.ts、common.ts,V3当前：专项66项测试通过（整组结果，逐条当前断言需绑定）；范围类型0错、外部61项既有错，Vite构建通过。当前来源合格量、采购/调拨完整事实、实际发货或正式SLA尚未齐备；按条目所需输入继续补证，旧规则例不能代替来源链路。 历史验证说明（非V3证明）：tests/unit/production-fulfillment-calculations.test.ts：任务状态互斥/去重/完整订单3比5/数量900比1400；scripts/check-dds-production-fulfillment.mjs：统计与导出,V3：七菜单/详情部分功能检查通过，最终浏览器1050样本检查已完成，但加载失败且其他边界缺证；冷加载/刷新最大429ms/364.099999994ms不通过，目标物料照片未逐一覆盖。当前来源合格量、采购/调拨完整事实、实际发货或正式SLA尚未齐备；按条目所需输入继续补证，旧规则例不能代替来源链路。 历史范围（不可继承）：overview-1366.png；fulfillment页两种统计及orders-export.csv；无新增PDA执行或现场标签打印（沿用来源系统）；DDS报表打印另验。,实施中,V3范围/缺口：source-alignment-v3.md；product-design.md 第20.2节；当前目标报告：output/playwright/dds-pf-v3/verification.json（最终1050样本，加载失败，整体不通过）；历史证据（仅原版本）：implementation-evidence/verification.json；implementation-evidence/build.log；implementation-evidence/build-manifest.json；implementation-review.md,用户已确认V3业务与界面修正；当前产品接受未发生；Codex仍在实现/验证,V3.0当前工作树；基础HEAD4804328a；未完成性能/图片门禁；历史已实现待验证仅属原证据版本
METRIC-003,product-design.md 第13节,任务完成率不混入终止与范围减少后关闭,WP05,src/pages/production-fulfillment/calculations.ts、dashboards.ts、common.ts,V3当前：专项66项测试通过（整组结果，逐条当前断言需绑定）；范围类型0错、外部61项既有错，Vite构建通过。当前来源合格量、采购/调拨完整事实、实际发货或正式SLA尚未齐备；按条目所需输入继续补证，旧规则例不能代替来源链路。 历史验证说明（非V3证明）：tests/unit/production-fulfillment-calculations.test.ts：任务状态互斥/去重/完整订单3比5/数量900比1400；scripts/check-dds-production-fulfillment.mjs：统计与导出,V3：七菜单/详情部分功能检查通过，最终浏览器1050样本检查已完成，但加载失败且其他边界缺证；冷加载/刷新最大429ms/364.099999994ms不通过，目标物料照片未逐一覆盖。当前来源合格量、采购/调拨完整事实、实际发货或正式SLA尚未齐备；按条目所需输入继续补证，旧规则例不能代替来源链路。 历史范围（不可继承）：overview-1366.png；fulfillment页两种统计及orders-export.csv；无新增PDA执行或现场标签打印（沿用来源系统）；DDS报表打印另验。,实施中,V3范围/缺口：source-alignment-v3.md；product-design.md 第20.2节；当前目标报告：output/playwright/dds-pf-v3/verification.json（最终1050样本，加载失败，整体不通过）；历史证据（仅原版本）：implementation-evidence/verification.json；implementation-evidence/build.log；implementation-evidence/build-manifest.json；implementation-review.md,用户已确认V3业务与界面修正；当前产品接受未发生；Codex仍在实现/验证,V3.0当前工作树；基础HEAD4804328a；未完成性能/图片门禁；历史已实现待验证仅属原证据版本
METRIC-004,product-design.md 第13节；V3仅保留为历史规则示例（product-design.md 第17/20.2节）,客户订单超时率为3除5等于60%,WP05,src/pages/production-fulfillment/calculations.ts、dashboards.ts、common.ts,V3当前：专项66项测试通过（整组结果，逐条当前断言需绑定）；范围类型0错、外部61项既有错，Vite构建通过。本条具体数字仅属于V1/V2独立规则示例；不作为V3 33条来源需求的业务数量/时效/角色或订单结果。示例若继续展示仍需当前版本验证。 历史验证说明（非V3证明）：tests/unit/production-fulfillment-calculations.test.ts：任务状态互斥/去重/完整订单3比5/数量900比1400；scripts/check-dds-production-fulfillment.mjs：统计与导出,V3：七菜单/详情部分功能检查通过，最终浏览器1050样本检查已完成，但加载失败且其他边界缺证；冷加载/刷新最大429ms/364.099999994ms不通过，目标物料照片未逐一覆盖。本条具体数字仅属于V1/V2独立规则示例；不作为V3 33条来源需求的业务数量/时效/角色或订单结果。示例若继续展示仍需当前版本验证。 历史范围（不可继承）：overview-1366.png；fulfillment页两种统计及orders-export.csv；无新增PDA执行或现场标签打印（沿用来源系统）；DDS报表打印另验。,已实现待验证,V3范围/缺口：source-alignment-v3.md；product-design.md 第20.2节；当前目标报告：output/playwright/dds-pf-v3/verification.json（最终1050样本，加载失败，整体不通过）；历史证据（仅原版本）：implementation-evidence/verification.json；implementation-evidence/build.log；implementation-evidence/build-manifest.json；implementation-review.md,用户已确认V3业务与界面修正；当前产品接受未发生；Codex仍在实现/验证,V3.0当前工作树；基础HEAD4804328a；未完成性能/图片门禁；历史已实现待验证仅属原证据版本
METRIC-005,product-design.md 第13节；V3仅保留为历史规则示例（product-design.md 第17/20.2节）,发货数量加权超时占比为900除1400等于64.29%,WP05,src/pages/production-fulfillment/calculations.ts、dashboards.ts、common.ts,V3当前：专项66项测试通过（整组结果，逐条当前断言需绑定）；范围类型0错、外部61项既有错，Vite构建通过。本条具体数字仅属于V1/V2独立规则示例；不作为V3 33条来源需求的业务数量/时效/角色或订单结果。示例若继续展示仍需当前版本验证。 历史验证说明（非V3证明）：tests/unit/production-fulfillment-calculations.test.ts：任务状态互斥/去重/完整订单3比5/数量900比1400；scripts/check-dds-production-fulfillment.mjs：统计与导出,V3：七菜单/详情部分功能检查通过，最终浏览器1050样本检查已完成，但加载失败且其他边界缺证；冷加载/刷新最大429ms/364.099999994ms不通过，目标物料照片未逐一覆盖。本条具体数字仅属于V1/V2独立规则示例；不作为V3 33条来源需求的业务数量/时效/角色或订单结果。示例若继续展示仍需当前版本验证。 历史范围（不可继承）：overview-1366.png；fulfillment页两种统计及orders-export.csv；无新增PDA执行或现场标签打印（沿用来源系统）；DDS报表打印另验。,已实现待验证,V3范围/缺口：source-alignment-v3.md；product-design.md 第20.2节；当前目标报告：output/playwright/dds-pf-v3/verification.json（最终1050样本，加载失败，整体不通过）；历史证据（仅原版本）：implementation-evidence/verification.json；implementation-evidence/build.log；implementation-evidence/build-manifest.json；implementation-review.md,用户已确认V3业务与界面修正；当前产品接受未发生；Codex仍在实现/验证,V3.0当前工作树；基础HEAD4804328a；未完成性能/图片门禁；历史已实现待验证仅属原证据版本
METRIC-006,product-design.md 第13节,阶段涉及任务数注明可重叠不可加总,WP05,src/pages/production-fulfillment/calculations.ts、dashboards.ts、common.ts,V3当前：专项66项测试通过（整组结果，逐条当前断言需绑定）；范围类型0错、外部61项既有错，Vite构建通过。当前来源合格量、采购/调拨完整事实、实际发货或正式SLA尚未齐备；按条目所需输入继续补证，旧规则例不能代替来源链路。 历史验证说明（非V3证明）：tests/unit/production-fulfillment-calculations.test.ts：任务状态互斥/去重/完整订单3比5/数量900比1400；scripts/check-dds-production-fulfillment.mjs：统计与导出,V3：七菜单/详情部分功能检查通过，最终浏览器1050样本检查已完成，但加载失败且其他边界缺证；冷加载/刷新最大429ms/364.099999994ms不通过，目标物料照片未逐一覆盖。当前来源合格量、采购/调拨完整事实、实际发货或正式SLA尚未齐备；按条目所需输入继续补证，旧规则例不能代替来源链路。 历史范围（不可继承）：overview-1366.png；fulfillment页两种统计及orders-export.csv；无新增PDA执行或现场标签打印（沿用来源系统）；DDS报表打印另验。,实施中,V3范围/缺口：source-alignment-v3.md；product-design.md 第20.2节；当前目标报告：output/playwright/dds-pf-v3/verification.json（最终1050样本，加载失败，整体不通过）；历史证据（仅原版本）：implementation-evidence/verification.json；implementation-evidence/build.log；implementation-evidence/build-manifest.json；implementation-review.md,用户已确认V3业务与界面修正；当前产品接受未发生；Codex仍在实现/验证,V3.0当前工作树；基础HEAD4804328a；未完成性能/图片门禁；历史已实现待验证仅属原证据版本
METRIC-007,product-design.md 第13节,平均耗时同时给样本范围最大值与样本数,WP05,src/pages/production-fulfillment/calculations.ts、dashboards.ts、common.ts,V3当前：专项66项测试通过（整组结果，逐条当前断言需绑定）；范围类型0错、外部61项既有错，Vite构建通过。当前来源合格量、采购/调拨完整事实、实际发货或正式SLA尚未齐备；按条目所需输入继续补证，旧规则例不能代替来源链路。 历史验证说明（非V3证明）：tests/unit/production-fulfillment-calculations.test.ts：任务状态互斥/去重/完整订单3比5/数量900比1400；scripts/check-dds-production-fulfillment.mjs：统计与导出,V3：七菜单/详情部分功能检查通过，最终浏览器1050样本检查已完成，但加载失败且其他边界缺证；冷加载/刷新最大429ms/364.099999994ms不通过，目标物料照片未逐一覆盖。当前来源合格量、采购/调拨完整事实、实际发货或正式SLA尚未齐备；按条目所需输入继续补证，旧规则例不能代替来源链路。 历史范围（不可继承）：overview-1366.png；fulfillment页两种统计及orders-export.csv；无新增PDA执行或现场标签打印（沿用来源系统）；DDS报表打印另验。,实施中,V3范围/缺口：source-alignment-v3.md；product-design.md 第20.2节；当前目标报告：output/playwright/dds-pf-v3/verification.json（最终1050样本，加载失败，整体不通过）；历史证据（仅原版本）：implementation-evidence/verification.json；implementation-evidence/build.log；implementation-evidence/build-manifest.json；implementation-review.md,用户已确认V3业务与界面修正；当前产品接受未发生；Codex仍在实现/验证,V3.0当前工作树；基础HEAD4804328a；未完成性能/图片门禁；历史已实现待验证仅属原证据版本
METRIC-008,product-design.md 第13节,颜色含义同时以文字图标或线型表达,WP05,src/pages/production-fulfillment/calculations.ts、dashboards.ts、common.ts,V3当前：专项66项测试通过（整组结果，逐条当前断言需绑定）；范围类型0错、外部61项既有错，Vite构建通过。当前来源合格量、采购/调拨完整事实、实际发货或正式SLA尚未齐备；按条目所需输入继续补证，旧规则例不能代替来源链路。 历史验证说明（非V3证明）：tests/unit/production-fulfillment-calculations.test.ts：任务状态互斥/去重/完整订单3比5/数量900比1400；scripts/check-dds-production-fulfillment.mjs：统计与导出,V3：七菜单/详情部分功能检查通过，最终浏览器1050样本检查已完成，但加载失败且其他边界缺证；冷加载/刷新最大429ms/364.099999994ms不通过，目标物料照片未逐一覆盖。当前来源合格量、采购/调拨完整事实、实际发货或正式SLA尚未齐备；按条目所需输入继续补证，旧规则例不能代替来源链路。 历史范围（不可继承）：overview-1366.png；fulfillment页两种统计及orders-export.csv；无新增PDA执行或现场标签打印（沿用来源系统）；DDS报表打印另验。,实施中,V3范围/缺口：source-alignment-v3.md；product-design.md 第20.2节；当前目标报告：output/playwright/dds-pf-v3/verification.json（最终1050样本，加载失败，整体不通过）；历史证据（仅原版本）：implementation-evidence/verification.json；implementation-evidence/build.log；implementation-evidence/build-manifest.json；implementation-review.md,用户已确认V3业务与界面修正；当前产品接受未发生；Codex仍在实现/验证,V3.0当前工作树；基础HEAD4804328a；未完成性能/图片门禁；历史已实现待验证仅属原证据版本
DATA-001,product-design.md 第14节,业务发生记录及纠错时刻独立保留,WP02,src/pages/production-fulfillment/model.ts、evidence.ts、boundary-evidence.ts、fixtures.ts、common.ts,V3当前：专项66项测试通过（整组结果，逐条当前断言需绑定）；范围类型0错、外部61项既有错，Vite构建通过。当前来源合格量、采购/调拨完整事实、实际发货或正式SLA尚未齐备；按条目所需输入继续补证，旧规则例不能代替来源链路。 历史验证说明（非V3证明）：tests/unit/production-fulfillment-calculations.test.ts：乱序重复纠错；tests/unit/production-fulfillment-boundary-evidence.test.ts：来源或时刻缺失；tests/unit/production-fulfillment-configuration.test.ts：单位及合格门槛,V3：七菜单/详情部分功能检查通过，最终浏览器1050样本检查已完成，但加载失败且其他边界缺证；冷加载/刷新最大429ms/364.099999994ms不通过，目标物料照片未逐一覆盖。当前来源合格量、采购/调拨完整事实、实际发货或正式SLA尚未齐备；按条目所需输入继续补证，旧规则例不能代替来源链路。 历史范围（不可继承）：006来源事件明细；010数据待判定；001计算与版本；所有页快照版本；无新增PDA执行或现场标签打印（沿用来源系统）；DDS报表打印另验。,实施中,V3范围/缺口：source-alignment-v3.md；product-design.md 第20.2节；当前目标报告：output/playwright/dds-pf-v3/verification.json（最终1050样本，加载失败，整体不通过）；历史证据（仅原版本）：implementation-evidence/verification.json；implementation-evidence/build.log；implementation-evidence/build-manifest.json；implementation-review.md,用户已确认V3业务与界面修正；当前产品接受未发生；Codex仍在实现/验证,V3.0当前工作树；基础HEAD4804328a；未完成性能/图片门禁；历史已验证仅属原证据版本
DATA-002,product-design.md 第14节,重复事件不重复计算完成数量,WP02,src/pages/production-fulfillment/model.ts、evidence.ts、boundary-evidence.ts、fixtures.ts、common.ts,V3当前：专项66项测试通过（整组结果，逐条当前断言需绑定）；范围类型0错、外部61项既有错，Vite构建通过。当前来源合格量、采购/调拨完整事实、实际发货或正式SLA尚未齐备；按条目所需输入继续补证，旧规则例不能代替来源链路。 历史验证说明（非V3证明）：tests/unit/production-fulfillment-calculations.test.ts：乱序重复纠错；tests/unit/production-fulfillment-boundary-evidence.test.ts：来源或时刻缺失；tests/unit/production-fulfillment-configuration.test.ts：单位及合格门槛,V3：七菜单/详情部分功能检查通过，最终浏览器1050样本检查已完成，但加载失败且其他边界缺证；冷加载/刷新最大429ms/364.099999994ms不通过，目标物料照片未逐一覆盖。当前来源合格量、采购/调拨完整事实、实际发货或正式SLA尚未齐备；按条目所需输入继续补证，旧规则例不能代替来源链路。 历史范围（不可继承）：006来源事件明细；010数据待判定；001计算与版本；所有页快照版本；无新增PDA执行或现场标签打印（沿用来源系统）；DDS报表打印另验。,实施中,V3范围/缺口：source-alignment-v3.md；product-design.md 第20.2节；当前目标报告：output/playwright/dds-pf-v3/verification.json（最终1050样本，加载失败，整体不通过）；历史证据（仅原版本）：implementation-evidence/verification.json；implementation-evidence/build.log；implementation-evidence/build-manifest.json；implementation-review.md,用户已确认V3业务与界面修正；当前产品接受未发生；Codex仍在实现/验证,V3.0当前工作树；基础HEAD4804328a；未完成性能/图片门禁；历史已验证仅属原证据版本
DATA-003,product-design.md 第14节,乱序和晚补事实保留原发生时间并标补录,WP02,src/pages/production-fulfillment/model.ts、evidence.ts、boundary-evidence.ts、fixtures.ts、common.ts,V3当前：专项66项测试通过（整组结果，逐条当前断言需绑定）；范围类型0错、外部61项既有错，Vite构建通过。当前来源合格量、采购/调拨完整事实、实际发货或正式SLA尚未齐备；按条目所需输入继续补证，旧规则例不能代替来源链路。 历史验证说明（非V3证明）：tests/unit/production-fulfillment-calculations.test.ts：乱序重复纠错；tests/unit/production-fulfillment-boundary-evidence.test.ts：来源或时刻缺失；tests/unit/production-fulfillment-configuration.test.ts：单位及合格门槛,V3：七菜单/详情部分功能检查通过，最终浏览器1050样本检查已完成，但加载失败且其他边界缺证；冷加载/刷新最大429ms/364.099999994ms不通过，目标物料照片未逐一覆盖。当前来源合格量、采购/调拨完整事实、实际发货或正式SLA尚未齐备；按条目所需输入继续补证，旧规则例不能代替来源链路。 历史范围（不可继承）：006来源事件明细；010数据待判定；001计算与版本；所有页快照版本；无新增PDA执行或现场标签打印（沿用来源系统）；DDS报表打印另验。,实施中,V3范围/缺口：source-alignment-v3.md；product-design.md 第20.2节；当前目标报告：output/playwright/dds-pf-v3/verification.json（最终1050样本，加载失败，整体不通过）；历史证据（仅原版本）：implementation-evidence/verification.json；implementation-evidence/build.log；implementation-evidence/build-manifest.json；implementation-review.md,用户已确认V3业务与界面修正；当前产品接受未发生；Codex仍在实现/验证,V3.0当前工作树；基础HEAD4804328a；未完成性能/图片门禁；历史已验证仅属原证据版本
DATA-004,product-design.md 第14节,来源缺关联进入有负责人的数据事项,WP02,src/pages/production-fulfillment/model.ts、evidence.ts、boundary-evidence.ts、fixtures.ts、common.ts,V3当前：专项66项测试通过（整组结果，逐条当前断言需绑定）；范围类型0错、外部61项既有错，Vite构建通过。当前来源合格量、采购/调拨完整事实、实际发货或正式SLA尚未齐备；按条目所需输入继续补证，旧规则例不能代替来源链路。 历史验证说明（非V3证明）：tests/unit/production-fulfillment-calculations.test.ts：乱序重复纠错；tests/unit/production-fulfillment-boundary-evidence.test.ts：来源或时刻缺失；tests/unit/production-fulfillment-configuration.test.ts：单位及合格门槛,V3：七菜单/详情部分功能检查通过，最终浏览器1050样本检查已完成，但加载失败且其他边界缺证；冷加载/刷新最大429ms/364.099999994ms不通过，目标物料照片未逐一覆盖。当前来源合格量、采购/调拨完整事实、实际发货或正式SLA尚未齐备；按条目所需输入继续补证，旧规则例不能代替来源链路。 历史范围（不可继承）：006来源事件明细；010数据待判定；001计算与版本；所有页快照版本；无新增PDA执行或现场标签打印（沿用来源系统）；DDS报表打印另验。,实施中,V3范围/缺口：source-alignment-v3.md；product-design.md 第20.2节；当前目标报告：output/playwright/dds-pf-v3/verification.json（最终1050样本，加载失败，整体不通过）；历史证据（仅原版本）：implementation-evidence/verification.json；implementation-evidence/build.log；implementation-evidence/build-manifest.json；implementation-review.md,用户已确认V3业务与界面修正；当前产品接受未发生；Codex仍在实现/验证,V3.0当前工作树；基础HEAD4804328a；未完成性能/图片门禁；历史已验证仅属原证据版本
DATA-005,product-design.md 第14节,源事实与PDA共用不建立DDS独立完成账,WP02,src/pages/production-fulfillment/model.ts、evidence.ts、boundary-evidence.ts、fixtures.ts、common.ts,V3当前：专项66项测试通过（整组结果，逐条当前断言需绑定）；范围类型0错、外部61项既有错，Vite构建通过。当前来源合格量、采购/调拨完整事实、实际发货或正式SLA尚未齐备；按条目所需输入继续补证，旧规则例不能代替来源链路。 历史验证说明（非V3证明）：tests/unit/production-fulfillment-calculations.test.ts：乱序重复纠错；tests/unit/production-fulfillment-boundary-evidence.test.ts：来源或时刻缺失；tests/unit/production-fulfillment-configuration.test.ts：单位及合格门槛,V3：七菜单/详情部分功能检查通过，最终浏览器1050样本检查已完成，但加载失败且其他边界缺证；冷加载/刷新最大429ms/364.099999994ms不通过，目标物料照片未逐一覆盖。当前来源合格量、采购/调拨完整事实、实际发货或正式SLA尚未齐备；按条目所需输入继续补证，旧规则例不能代替来源链路。 历史范围（不可继承）：006来源事件明细；010数据待判定；001计算与版本；所有页快照版本；无新增PDA执行或现场标签打印（沿用来源系统）；DDS报表打印另验。,实施中,V3范围/缺口：source-alignment-v3.md；product-design.md 第20.2节；当前目标报告：output/playwright/dds-pf-v3/verification.json（最终1050样本，加载失败，整体不通过）；历史证据（仅原版本）：implementation-evidence/verification.json；implementation-evidence/build.log；implementation-evidence/build-manifest.json；implementation-review.md,用户已确认V3业务与界面修正；当前产品接受未发生；Codex仍在实现/验证,V3.0当前工作树；基础HEAD4804328a；未完成性能/图片门禁；历史已验证仅属原证据版本
DATA-006,product-design.md 第14节,所有视图显示一致快照和规则版本,WP02,src/pages/production-fulfillment/model.ts、evidence.ts、boundary-evidence.ts、fixtures.ts、common.ts,V3当前：专项66项测试通过（整组结果，逐条当前断言需绑定）；范围类型0错、外部61项既有错，Vite构建通过。当前来源合格量、采购/调拨完整事实、实际发货或正式SLA尚未齐备；按条目所需输入继续补证，旧规则例不能代替来源链路。 历史验证说明（非V3证明）：tests/unit/production-fulfillment-calculations.test.ts：乱序重复纠错；tests/unit/production-fulfillment-boundary-evidence.test.ts：来源或时刻缺失；tests/unit/production-fulfillment-configuration.test.ts：单位及合格门槛,V3：七菜单/详情部分功能检查通过，最终浏览器1050样本检查已完成，但加载失败且其他边界缺证；冷加载/刷新最大429ms/364.099999994ms不通过，目标物料照片未逐一覆盖。当前来源合格量、采购/调拨完整事实、实际发货或正式SLA尚未齐备；按条目所需输入继续补证，旧规则例不能代替来源链路。 历史范围（不可继承）：006来源事件明细；010数据待判定；001计算与版本；所有页快照版本；无新增PDA执行或现场标签打印（沿用来源系统）；DDS报表打印另验。,实施中,V3范围/缺口：source-alignment-v3.md；product-design.md 第20.2节；当前目标报告：output/playwright/dds-pf-v3/verification.json（最终1050样本，加载失败，整体不通过）；历史证据（仅原版本）：implementation-evidence/verification.json；implementation-evidence/build.log；implementation-evidence/build-manifest.json；implementation-review.md,用户已确认V3业务与界面修正；当前产品接受未发生；Codex仍在实现/验证,V3.0当前工作树；基础HEAD4804328a；未完成性能/图片门禁；历史已验证仅属原证据版本
DATA-007,product-design.md 第14节,超收短收与单位冲突不静默截断或完结,WP02,src/pages/production-fulfillment/model.ts、evidence.ts、boundary-evidence.ts、fixtures.ts、common.ts,V3当前：专项66项测试通过（整组结果，逐条当前断言需绑定）；范围类型0错、外部61项既有错，Vite构建通过。当前来源合格量、采购/调拨完整事实、实际发货或正式SLA尚未齐备；按条目所需输入继续补证，旧规则例不能代替来源链路。 历史验证说明（非V3证明）：tests/unit/production-fulfillment-calculations.test.ts：乱序重复纠错；tests/unit/production-fulfillment-boundary-evidence.test.ts：来源或时刻缺失；tests/unit/production-fulfillment-configuration.test.ts：单位及合格门槛,V3：七菜单/详情部分功能检查通过，最终浏览器1050样本检查已完成，但加载失败且其他边界缺证；冷加载/刷新最大429ms/364.099999994ms不通过，目标物料照片未逐一覆盖。当前来源合格量、采购/调拨完整事实、实际发货或正式SLA尚未齐备；按条目所需输入继续补证，旧规则例不能代替来源链路。 历史范围（不可继承）：006来源事件明细；010数据待判定；001计算与版本；所有页快照版本；无新增PDA执行或现场标签打印（沿用来源系统）；DDS报表打印另验。,实施中,V3范围/缺口：source-alignment-v3.md；product-design.md 第20.2节；当前目标报告：output/playwright/dds-pf-v3/verification.json（最终1050样本，加载失败，整体不通过）；历史证据（仅原版本）：implementation-evidence/verification.json；implementation-evidence/build.log；implementation-evidence/build-manifest.json；implementation-review.md,用户已确认V3业务与界面修正；当前产品接受未发生；Codex仍在实现/验证,V3.0当前工作树；基础HEAD4804328a；未完成性能/图片门禁；历史已验证仅属原证据版本
DATA-008,product-design.md 第14节,缺订单时间仍展示实发事实而时效待判定,WP02,src/pages/production-fulfillment/model.ts、evidence.ts、boundary-evidence.ts、fixtures.ts、common.ts,V3当前：专项66项测试通过（整组结果，逐条当前断言需绑定）；范围类型0错、外部61项既有错，Vite构建通过。当前来源合格量、采购/调拨完整事实、实际发货或正式SLA尚未齐备；按条目所需输入继续补证，旧规则例不能代替来源链路。 历史验证说明（非V3证明）：tests/unit/production-fulfillment-calculations.test.ts：乱序重复纠错；tests/unit/production-fulfillment-boundary-evidence.test.ts：来源或时刻缺失；tests/unit/production-fulfillment-configuration.test.ts：单位及合格门槛,V3：七菜单/详情部分功能检查通过，最终浏览器1050样本检查已完成，但加载失败且其他边界缺证；冷加载/刷新最大429ms/364.099999994ms不通过，目标物料照片未逐一覆盖。当前来源合格量、采购/调拨完整事实、实际发货或正式SLA尚未齐备；按条目所需输入继续补证，旧规则例不能代替来源链路。 历史范围（不可继承）：006来源事件明细；010数据待判定；001计算与版本；所有页快照版本；无新增PDA执行或现场标签打印（沿用来源系统）；DDS报表打印另验。,实施中,V3范围/缺口：source-alignment-v3.md；product-design.md 第20.2节；当前目标报告：output/playwright/dds-pf-v3/verification.json（最终1050样本，加载失败，整体不通过）；历史证据（仅原版本）：implementation-evidence/verification.json；implementation-evidence/build.log；implementation-evidence/build-manifest.json；implementation-review.md；tests/unit/production-fulfillment-boundary-evidence.test.ts；001计算与版本独立边界卡,用户已确认V3业务与界面修正；当前产品接受未发生；Codex仍在实现/验证,V3.0当前工作树；基础HEAD4804328a；未完成性能/图片门禁；历史已验证仅属原证据版本
ROLE-001,product-design.md 第15节,主跟单对整体负责工作团队对工作负责,WP04,src/pages/production-fulfillment/index.ts、common.ts、dashboards.ts、task-detail.ts、fixtures.ts,V3当前：专项66项测试通过（整组结果，逐条当前断言需绑定）；范围类型0错、外部61项既有错，Vite构建通过。V3 来源与界面已变更；旧验收不继承，当前完整浏览器已有1050样本，但加载失败、图片及完整准备关联等边界证据未齐。 历史验证说明（非V3证明）：scripts/check-dds-production-fulfillment.mjs：跟单范围/主管本团队保存门禁/图片404/大图关闭/打印；tests/unit/production-fulfillment-calculations.test.ts：全对象素材存在,V3：七菜单/详情部分功能检查通过，最终浏览器1050样本检查已完成，但加载失败且其他边界缺证；冷加载/刷新最大429ms/364.099999994ms不通过，目标物料照片未逐一覆盖。V3 来源与界面已变更；旧验收不继承，当前完整浏览器已有1050样本，但加载失败、图片及完整准备关联等边界证据未齐。 历史范围（不可继承）：角色切换及保存阻断；team-1024.png；task-report.pdf；image-inventory.md；无新增PDA执行或现场标签打印（沿用来源系统）；DDS报表打印另验。,已实现待验证,V3范围/缺口：source-alignment-v3.md；product-design.md 第20.2节；当前目标报告：output/playwright/dds-pf-v3/verification.json（最终1050样本，加载失败，整体不通过）；历史证据（仅原版本）：implementation-evidence/verification.json；implementation-evidence/build.log；implementation-evidence/build-manifest.json；implementation-review.md,用户已确认V3业务与界面修正；当前产品接受未发生；Codex仍在实现/验证,V3.0当前工作树；基础HEAD4804328a；未完成性能/图片门禁；历史已验证仅属原证据版本
ROLE-002,product-design.md 第15节,权限演示按角色范围展示对应任务,WP04,src/pages/production-fulfillment/index.ts、common.ts、dashboards.ts、task-detail.ts、fixtures.ts,V3当前：专项66项测试通过（整组结果，逐条当前断言需绑定）；范围类型0错、外部61项既有错，Vite构建通过。用户V3明确取消演示角色切换，当前既定身份与责任筛选分开；旧角色切换演示不再适用，由V3-UI-007接替，不声称新增真实权限服务。 历史验证说明（非V3证明）：scripts/check-dds-production-fulfillment.mjs：跟单范围/主管本团队保存门禁/图片404/大图关闭/打印；tests/unit/production-fulfillment-calculations.test.ts：全对象素材存在,V3：七菜单/详情部分功能检查通过，最终浏览器1050样本检查已完成，但加载失败且其他边界缺证；冷加载/刷新最大429ms/364.099999994ms不通过，目标物料照片未逐一覆盖。用户V3明确取消演示角色切换，当前既定身份与责任筛选分开；旧角色切换演示不再适用，由V3-UI-007接替，不声称新增真实权限服务。 历史范围（不可继承）：角色切换及保存阻断；team-1024.png；task-report.pdf；image-inventory.md；无新增PDA执行或现场标签打印（沿用来源系统）；DDS报表打印另验。,不适用,V3范围/缺口：source-alignment-v3.md；product-design.md 第20.2节；当前目标报告：output/playwright/dds-pf-v3/verification.json（最终1050样本，加载失败，整体不通过）；历史证据（仅原版本）：implementation-evidence/verification.json；implementation-evidence/build.log；implementation-evidence/build-manifest.json；implementation-review.md,用户已确认V3业务与界面修正；当前产品接受未发生；Codex仍在实现/验证,V3.0当前工作树；基础HEAD4804328a；未完成性能/图片门禁；历史已验证仅属原证据版本
ROLE-003,product-design.md 第15节,一线员工继续来源PDA执行而非操作复杂DDS图,WP04,src/pages/production-fulfillment/index.ts、common.ts、dashboards.ts、task-detail.ts、fixtures.ts,V3当前：专项66项测试通过（整组结果，逐条当前断言需绑定）；范围类型0错、外部61项既有错，Vite构建通过。V3 来源与界面已变更；旧验收不继承，当前完整浏览器已有1050样本，但加载失败、图片及完整准备关联等边界证据未齐。 历史验证说明（非V3证明）：scripts/check-dds-production-fulfillment.mjs：跟单范围/主管本团队保存门禁/图片404/大图关闭/打印；tests/unit/production-fulfillment-calculations.test.ts：全对象素材存在,V3：七菜单/详情部分功能检查通过，最终浏览器1050样本检查已完成，但加载失败且其他边界缺证；冷加载/刷新最大429ms/364.099999994ms不通过，目标物料照片未逐一覆盖。V3 来源与界面已变更；旧验收不继承，当前完整浏览器已有1050样本，但加载失败、图片及完整准备关联等边界证据未齐。 历史范围（不可继承）：角色切换及保存阻断；team-1024.png；task-report.pdf；image-inventory.md；无新增PDA执行或现场标签打印（沿用来源系统）；DDS报表打印另验。,已实现待验证,V3范围/缺口：source-alignment-v3.md；product-design.md 第20.2节；当前目标报告：output/playwright/dds-pf-v3/verification.json（最终1050样本，加载失败，整体不通过）；历史证据（仅原版本）：implementation-evidence/verification.json；implementation-evidence/build.log；implementation-evidence/build-manifest.json；implementation-review.md,用户已确认V3业务与界面修正；当前产品接受未发生；Codex仍在实现/验证,V3.0当前工作树；基础HEAD4804328a；未完成性能/图片门禁；历史已验证仅属原证据版本
ROLE-004,product-design.md 第15节；source-alignment-v3.md 第3/4节,DDS报表保留当前来源/筛选及存在的版本更新时间，统一北京时间；独立示例报表另标示例，不给业务源套旧Mock标签,WP04,src/pages/production-fulfillment/index.ts、common.ts、dashboards.ts、task-detail.ts、fixtures.ts,V3当前：专项66项测试通过（整组结果，逐条当前断言需绑定）；范围类型0错、外部61项既有错，Vite构建通过。V3 来源与界面已变更；旧验收不继承，当前完整浏览器已有1050样本，但加载失败、图片及完整准备关联等边界证据未齐。 历史验证说明（非V3证明）：scripts/check-dds-production-fulfillment.mjs：跟单范围/主管本团队保存门禁/图片404/大图关闭/打印；tests/unit/production-fulfillment-calculations.test.ts：全对象素材存在,V3：七菜单/详情部分功能检查通过，最终浏览器1050样本检查已完成，但加载失败且其他边界缺证；冷加载/刷新最大429ms/364.099999994ms不通过，目标物料照片未逐一覆盖。V3 来源与界面已变更；旧验收不继承，当前完整浏览器已有1050样本，但加载失败、图片及完整准备关联等边界证据未齐。 历史范围（不可继承）：角色切换及保存阻断；team-1024.png；task-report.pdf；image-inventory.md；无新增PDA执行或现场标签打印（沿用来源系统）；DDS报表打印另验。,已实现待验证,V3范围/缺口：source-alignment-v3.md；product-design.md 第20.2节；当前目标报告：output/playwright/dds-pf-v3/verification.json（最终1050样本，加载失败，整体不通过）；历史证据（仅原版本）：implementation-evidence/verification.json；implementation-evidence/build.log；implementation-evidence/build-manifest.json；implementation-review.md,用户已确认V3业务与界面修正；当前产品接受未发生；Codex仍在实现/验证,V3.0当前工作树；基础HEAD4804328a；未完成性能/图片门禁；历史已验证仅属原证据版本
ROLE-005,product-design.md 第15节,每个款式及物料对应真实图片而非品类猜图,WP04,src/pages/production-fulfillment/index.ts、common.ts、dashboards.ts、task-detail.ts、fixtures.ts,V3当前：专项66项测试通过（整组结果，逐条当前断言需绑定）；范围类型0错、外部61项既有错，Vite构建通过。当前来源对象已改变，路线卡投入/产出SKU存在但目标物料照片未逐一覆盖；图片门禁未通过，不复用旧卫衣/三素材验收。 历史验证说明（非V3证明）：scripts/check-dds-production-fulfillment.mjs：跟单范围/主管本团队保存门禁/图片404/大图关闭/打印；tests/unit/production-fulfillment-calculations.test.ts：全对象素材存在,V3：七菜单/详情部分功能检查通过，最终浏览器1050样本检查已完成，但加载失败且其他边界缺证；冷加载/刷新最大429ms/364.099999994ms不通过，目标物料照片未逐一覆盖。当前来源对象已改变，路线卡投入/产出SKU存在但目标物料照片未逐一覆盖；图片门禁未通过，不复用旧卫衣/三素材验收。 历史范围（不可继承）：角色切换及保存阻断；team-1024.png；task-report.pdf；image-inventory.md；无新增PDA执行或现场标签打印（沿用来源系统）；DDS报表打印另验。,实施中,V3范围/缺口：source-alignment-v3.md；product-design.md 第20.2节；当前目标报告：output/playwright/dds-pf-v3/verification.json（最终1050样本，加载失败，整体不通过）；历史证据（仅原版本）：implementation-evidence/verification.json；implementation-evidence/build.log；implementation-evidence/build-manifest.json；implementation-review.md,用户已确认V3业务与界面修正；当前产品接受未发生；Codex仍在实现/验证,V3.0当前工作树；基础HEAD4804328a；未完成性能/图片门禁；历史已验证仅属原证据版本
ROLE-006,product-design.md 第15节,缩略图与对象同块且支持原图关闭遮罩Esc,WP04,src/pages/production-fulfillment/index.ts、common.ts、dashboards.ts、task-detail.ts、fixtures.ts,V3当前：专项66项测试通过（整组结果，逐条当前断言需绑定）；范围类型0错、外部61项既有错，Vite构建通过。当前来源对象已改变，路线卡投入/产出SKU存在但目标物料照片未逐一覆盖；图片门禁未通过，不复用旧卫衣/三素材验收。 历史验证说明（非V3证明）：scripts/check-dds-production-fulfillment.mjs：跟单范围/主管本团队保存门禁/图片404/大图关闭/打印；tests/unit/production-fulfillment-calculations.test.ts：全对象素材存在,V3：七菜单/详情部分功能检查通过，最终浏览器1050样本检查已完成，但加载失败且其他边界缺证；冷加载/刷新最大429ms/364.099999994ms不通过，目标物料照片未逐一覆盖。当前来源对象已改变，路线卡投入/产出SKU存在但目标物料照片未逐一覆盖；图片门禁未通过，不复用旧卫衣/三素材验收。 历史范围（不可继承）：角色切换及保存阻断；team-1024.png；task-report.pdf；image-inventory.md；无新增PDA执行或现场标签打印（沿用来源系统）；DDS报表打印另验。,实施中,V3范围/缺口：source-alignment-v3.md；product-design.md 第20.2节；当前目标报告：output/playwright/dds-pf-v3/verification.json（最终1050样本，加载失败，整体不通过）；历史证据（仅原版本）：implementation-evidence/verification.json；implementation-evidence/build.log；implementation-evidence/build-manifest.json；implementation-review.md,用户已确认V3业务与界面修正；当前产品接受未发生；Codex仍在实现/验证,V3.0当前工作树；基础HEAD4804328a；未完成性能/图片门禁；历史已验证仅属原证据版本
ROLE-007,product-design.md 第15节,图片失败有明确反馈且缺实图不能判交付,WP04,src/pages/production-fulfillment/index.ts、common.ts、dashboards.ts、task-detail.ts、fixtures.ts,V3当前：专项66项测试通过（整组结果，逐条当前断言需绑定）；范围类型0错、外部61项既有错，Vite构建通过。当前来源对象已改变，路线卡投入/产出SKU存在但目标物料照片未逐一覆盖；图片门禁未通过，不复用旧卫衣/三素材验收。 历史验证说明（非V3证明）：scripts/check-dds-production-fulfillment.mjs：跟单范围/主管本团队保存门禁/图片404/大图关闭/打印；tests/unit/production-fulfillment-calculations.test.ts：全对象素材存在,V3：七菜单/详情部分功能检查通过，最终浏览器1050样本检查已完成，但加载失败且其他边界缺证；冷加载/刷新最大429ms/364.099999994ms不通过，目标物料照片未逐一覆盖。当前来源对象已改变，路线卡投入/产出SKU存在但目标物料照片未逐一覆盖；图片门禁未通过，不复用旧卫衣/三素材验收。 历史范围（不可继承）：角色切换及保存阻断；team-1024.png；task-report.pdf；image-inventory.md；无新增PDA执行或现场标签打印（沿用来源系统）；DDS报表打印另验。,实施中,V3范围/缺口：source-alignment-v3.md；product-design.md 第20.2节；当前目标报告：output/playwright/dds-pf-v3/verification.json（最终1050样本，加载失败，整体不通过）；历史证据（仅原版本）：implementation-evidence/verification.json；implementation-evidence/build.log；implementation-evidence/build-manifest.json；implementation-review.md,用户已确认V3业务与界面修正；当前产品接受未发生；Codex仍在实现/验证,V3.0当前工作树；基础HEAD4804328a；未完成性能/图片门禁；历史已验证仅属原证据版本
UX-001,product-design.md 第16节,空列表无权限未接入无实发与加载失败分开反馈,WP07,src/pages/production-fulfillment/index.ts、common.ts、events.ts、styles.css；src/main.ts,V3当前：专项66项测试通过（整组结果，逐条当前断言需绑定）；范围类型0错、外部61项既有错，Vite构建通过。V3 来源与界面已变更；旧验收不继承，当前完整浏览器已有1050样本，但加载失败、图片及完整准备关联等边界证据未齐。 历史验证说明（非V3证明）：scripts/check-dds-production-fulfillment.mjs：空结果/无权限/未接入/图片失败/焦点滚动/低分辨率；tests/unit/production-fulfillment-calculations.test.ts：过期保留未知,V3：七菜单/详情部分功能检查通过，最终浏览器1050样本检查已完成，但加载失败且其他边界缺证；冷加载/刷新最大429ms/364.099999994ms不通过，目标物料照片未逐一覆盖。V3 来源与界面已变更；旧验收不继承，当前完整浏览器已有1050样本，但加载失败、图片及完整准备关联等边界证据未齐。 历史范围（不可继承）：九类页面；全部输入、抽屉、展开局部交互；1366/1280/1024截图；无新增PDA执行或现场标签打印（沿用来源系统）；DDS报表打印另验。,已实现待验证,V3范围/缺口：source-alignment-v3.md；product-design.md 第20.2节；当前目标报告：output/playwright/dds-pf-v3/verification.json（最终1050样本，加载失败，整体不通过）；历史证据（仅原版本）：implementation-evidence/verification.json；implementation-evidence/build.log；implementation-evidence/build-manifest.json；implementation-review.md,用户已确认V3业务与界面修正；当前产品接受未发生；Codex仍在实现/验证,V3.0当前工作树；基础HEAD4804328a；未完成性能/图片门禁；历史已实现待验证仅属原证据版本
UX-002,product-design.md 第16节,源错误保留标过期快照而非清空为零,WP07,src/pages/production-fulfillment/index.ts、common.ts、events.ts、styles.css；src/main.ts,V3当前：专项66项测试通过（整组结果，逐条当前断言需绑定）；范围类型0错、外部61项既有错，Vite构建通过。V3 来源与界面已变更；旧验收不继承，当前完整浏览器已有1050样本，但加载失败、图片及完整准备关联等边界证据未齐。 历史验证说明（非V3证明）：scripts/check-dds-production-fulfillment.mjs：空结果/无权限/未接入/图片失败/焦点滚动/低分辨率；tests/unit/production-fulfillment-calculations.test.ts：过期保留未知,V3：七菜单/详情部分功能检查通过，最终浏览器1050样本检查已完成，但加载失败且其他边界缺证；冷加载/刷新最大429ms/364.099999994ms不通过，目标物料照片未逐一覆盖。V3 来源与界面已变更；旧验收不继承，当前完整浏览器已有1050样本，但加载失败、图片及完整准备关联等边界证据未齐。 历史范围（不可继承）：九类页面；全部输入、抽屉、展开局部交互；1366/1280/1024截图；无新增PDA执行或现场标签打印（沿用来源系统）；DDS报表打印另验。,已实现待验证,V3范围/缺口：source-alignment-v3.md；product-design.md 第20.2节；当前目标报告：output/playwright/dds-pf-v3/verification.json（最终1050样本，加载失败，整体不通过）；历史证据（仅原版本）：implementation-evidence/verification.json；implementation-evidence/build.log；implementation-evidence/build-manifest.json；implementation-review.md,用户已确认V3业务与界面修正；当前产品接受未发生；Codex仍在实现/验证,V3.0当前工作树；基础HEAD4804328a；未完成性能/图片门禁；历史已实现待验证仅属原证据版本
UX-003,product-design.md 第16节,输入抽屉展开等局部更新不整页重绘,WP07,src/pages/production-fulfillment/index.ts、common.ts、events.ts、styles.css；src/main.ts,V3当前：专项66项测试通过（整组结果，逐条当前断言需绑定）；范围类型0错、外部61项既有错，Vite构建通过。V3 来源与界面已变更；旧验收不继承，当前完整浏览器已有1050样本，但加载失败、图片及完整准备关联等边界证据未齐。 历史验证说明（非V3证明）：scripts/check-dds-production-fulfillment.mjs：空结果/无权限/未接入/图片失败/焦点滚动/低分辨率；tests/unit/production-fulfillment-calculations.test.ts：过期保留未知,V3：七菜单/详情部分功能检查通过，最终浏览器1050样本检查已完成，但加载失败且其他边界缺证；冷加载/刷新最大429ms/364.099999994ms不通过，目标物料照片未逐一覆盖。V3 来源与界面已变更；旧验收不继承，当前完整浏览器已有1050样本，但加载失败、图片及完整准备关联等边界证据未齐。 历史范围（不可继承）：九类页面；全部输入、抽屉、展开局部交互；1366/1280/1024截图；无新增PDA执行或现场标签打印（沿用来源系统）；DDS报表打印另验。,已实现待验证,V3范围/缺口：source-alignment-v3.md；product-design.md 第20.2节；当前目标报告：output/playwright/dds-pf-v3/verification.json（最终1050样本，加载失败，整体不通过）；历史证据（仅原版本）：implementation-evidence/verification.json；implementation-evidence/build.log；implementation-evidence/build-manifest.json；implementation-review.md,用户已确认V3业务与界面修正；当前产品接受未发生；Codex仍在实现/验证,V3.0当前工作树；基础HEAD4804328a；未完成性能/图片门禁；历史已实现待验证仅属原证据版本
UX-004,product-design.md 第16节,交互保持焦点滚动和最新筛选条件,WP07,src/pages/production-fulfillment/index.ts、common.ts、events.ts、styles.css；src/main.ts,V3当前：专项66项测试通过（整组结果，逐条当前断言需绑定）；范围类型0错、外部61项既有错，Vite构建通过。V3 来源与界面已变更；旧验收不继承，当前完整浏览器已有1050样本，但加载失败、图片及完整准备关联等边界证据未齐。 历史验证说明（非V3证明）：scripts/check-dds-production-fulfillment.mjs：空结果/无权限/未接入/图片失败/焦点滚动/低分辨率；tests/unit/production-fulfillment-calculations.test.ts：过期保留未知,V3：七菜单/详情部分功能检查通过，最终浏览器1050样本检查已完成，但加载失败且其他边界缺证；冷加载/刷新最大429ms/364.099999994ms不通过，目标物料照片未逐一覆盖。V3 来源与界面已变更；旧验收不继承，当前完整浏览器已有1050样本，但加载失败、图片及完整准备关联等边界证据未齐。 历史范围（不可继承）：九类页面；全部输入、抽屉、展开局部交互；1366/1280/1024截图；无新增PDA执行或现场标签打印（沿用来源系统）；DDS报表打印另验。,已实现待验证,V3范围/缺口：source-alignment-v3.md；product-design.md 第20.2节；当前目标报告：output/playwright/dds-pf-v3/verification.json（最终1050样本，加载失败，整体不通过）；历史证据（仅原版本）：implementation-evidence/verification.json；implementation-evidence/build.log；implementation-evidence/build-manifest.json；implementation-review.md,用户已确认V3业务与界面修正；当前产品接受未发生；Codex仍在实现/验证,V3.0当前工作树；基础HEAD4804328a；未完成性能/图片门禁；历史已实现待验证仅属原证据版本
UX-005,product-design.md 第16节,管理页1366和1280及团队1024可完成操作,WP07,src/pages/production-fulfillment/index.ts、common.ts、events.ts、styles.css；src/main.ts,V3当前：专项66项测试通过（整组结果，逐条当前断言需绑定）；范围类型0错、外部61项既有错，Vite构建通过。V3 来源与界面已变更；旧验收不继承，当前完整浏览器已有1050样本，但加载失败、图片及完整准备关联等边界证据未齐。 历史验证说明（非V3证明）：scripts/check-dds-production-fulfillment.mjs：空结果/无权限/未接入/图片失败/焦点滚动/低分辨率；tests/unit/production-fulfillment-calculations.test.ts：过期保留未知,V3：七菜单/详情部分功能检查通过，最终浏览器1050样本检查已完成，但加载失败且其他边界缺证；冷加载/刷新最大429ms/364.099999994ms不通过，目标物料照片未逐一覆盖。V3 来源与界面已变更；旧验收不继承，当前完整浏览器已有1050样本，但加载失败、图片及完整准备关联等边界证据未齐。 历史范围（不可继承）：九类页面；全部输入、抽屉、展开局部交互；1366/1280/1024截图；无新增PDA执行或现场标签打印（沿用来源系统）；DDS报表打印另验。,已实现待验证,V3范围/缺口：source-alignment-v3.md；product-design.md 第20.2节；当前目标报告：output/playwright/dds-pf-v3/verification.json（最终1050样本，加载失败，整体不通过）；历史证据（仅原版本）：implementation-evidence/verification.json；implementation-evidence/build.log；implementation-evidence/build-manifest.json；implementation-review.md,用户已确认V3业务与界面修正；当前产品接受未发生；Codex仍在实现/验证,V3.0当前工作树；基础HEAD4804328a；未完成性能/图片门禁；历史已实现待验证仅属原证据版本
PERF-001,product-design.md 第16节,冷启动刷新站内切换全部加载场景实测,WP08,src/pages/production-fulfillment/events.ts、index.ts、styles.css；src/main.ts；index.html,V3当前：专项66项测试通过（整组结果，逐条当前断言需绑定）；范围类型0错、外部61项既有错，Vite构建通过。V3最终40冷加载/137刷新均超200ms，最大429ms/364.099999994ms，严格<200ms门槛失败；最终同版本全入口各至少5次原始样本未齐。 历史验证说明（非V3证明）：scripts/check-dds-production-fulfillment.mjs --production --deep：1308次全部<200ms，最大135.59999999403954ms,V3：七菜单/详情部分功能检查通过，最终浏览器1050样本检查已完成，但加载失败且其他边界缺证；冷加载/刷新最大429ms/364.099999994ms不通过，目标物料照片未逐一覆盖。V3最终40冷加载/137刷新均超200ms，最大429ms/364.099999994ms，严格<200ms门槛失败；最终同版本全入口各至少5次原始样本未齐。 历史范围（不可继承）：implementation-evidence/verification.json；build-manifest.json；包含冷启动/刷新/SPA和所有操作类别5次；无新增PDA执行或现场标签打印（沿用来源系统）；DDS报表打印另验。,实施中,V3范围/缺口：source-alignment-v3.md；product-design.md 第20.2节；当前目标报告：output/playwright/dds-pf-v3/verification.json（最终1050样本，加载失败，整体不通过）；历史证据（仅原版本）：implementation-evidence/verification.json；implementation-evidence/build.log；implementation-evidence/build-manifest.json；implementation-review.md,用户已确认V3业务与界面修正；当前产品接受未发生；Codex仍在实现/验证,V3.0当前工作树；基础HEAD4804328a；未完成性能/图片门禁；历史已验证仅属原证据版本
PERF-002,product-design.md 第16节,全部可交互入口各至少5次含首次原始值,WP08,src/pages/production-fulfillment/events.ts、index.ts、styles.css；src/main.ts；index.html,V3当前：专项66项测试通过（整组结果，逐条当前断言需绑定）；范围类型0错、外部61项既有错，Vite构建通过。V3最终40冷加载/137刷新均超200ms，最大429ms/364.099999994ms，严格<200ms门槛失败；最终同版本全入口各至少5次原始样本未齐。 历史验证说明（非V3证明）：scripts/check-dds-production-fulfillment.mjs --production --deep：1308次全部<200ms，最大135.59999999403954ms,V3：七菜单/详情部分功能检查通过，最终浏览器1050样本检查已完成，但加载失败且其他边界缺证；冷加载/刷新最大429ms/364.099999994ms不通过，目标物料照片未逐一覆盖。V3最终40冷加载/137刷新均超200ms，最大429ms/364.099999994ms，严格<200ms门槛失败；最终同版本全入口各至少5次原始样本未齐。 历史范围（不可继承）：implementation-evidence/verification.json；build-manifest.json；包含冷启动/刷新/SPA和所有操作类别5次；无新增PDA执行或现场标签打印（沿用来源系统）；DDS报表打印另验。,实施中,V3范围/缺口：source-alignment-v3.md；product-design.md 第20.2节；当前目标报告：output/playwright/dds-pf-v3/verification.json（最终1050样本，加载失败，整体不通过）；历史证据（仅原版本）：implementation-evidence/verification.json；implementation-evidence/build.log；implementation-evidence/build-manifest.json；implementation-review.md,用户已确认V3业务与界面修正；当前产品接受未发生；Codex仍在实现/验证,V3.0当前工作树；基础HEAD4804328a；未完成性能/图片门禁；历史已验证仅属原证据版本
PERF-003,product-design.md 第16节,每次完整内容及必要图片可用严格低于200ms,WP08,src/pages/production-fulfillment/events.ts、index.ts、styles.css；src/main.ts；index.html,V3当前：专项66项测试通过（整组结果，逐条当前断言需绑定）；范围类型0错、外部61项既有错，Vite构建通过。V3最终40冷加载/137刷新均超200ms，最大429ms/364.099999994ms，严格<200ms门槛失败；最终同版本全入口各至少5次原始样本未齐。 历史验证说明（非V3证明）：scripts/check-dds-production-fulfillment.mjs --production --deep：1308次全部<200ms，最大135.59999999403954ms,V3：七菜单/详情部分功能检查通过，最终浏览器1050样本检查已完成，但加载失败且其他边界缺证；冷加载/刷新最大429ms/364.099999994ms不通过，目标物料照片未逐一覆盖。V3最终40冷加载/137刷新均超200ms，最大429ms/364.099999994ms，严格<200ms门槛失败；最终同版本全入口各至少5次原始样本未齐。 历史范围（不可继承）：implementation-evidence/verification.json；build-manifest.json；包含冷启动/刷新/SPA和所有操作类别5次；无新增PDA执行或现场标签打印（沿用来源系统）；DDS报表打印另验。,实施中,V3范围/缺口：source-alignment-v3.md；product-design.md 第20.2节；当前目标报告：output/playwright/dds-pf-v3/verification.json（最终1050样本，加载失败，整体不通过）；历史证据（仅原版本）：implementation-evidence/verification.json；implementation-evidence/build.log；implementation-evidence/build-manifest.json；implementation-review.md,用户已确认V3业务与界面修正；当前产品接受未发生；Codex仍在实现/验证,V3.0当前工作树；基础HEAD4804328a；未完成性能/图片门禁；历史已验证仅属原证据版本
PERF-004,product-design.md 第16节,不得用平均值占位或热态冒充首次通过,WP08,src/pages/production-fulfillment/events.ts、index.ts、styles.css；src/main.ts；index.html,V3当前：专项66项测试通过（整组结果，逐条当前断言需绑定）；范围类型0错、外部61项既有错，Vite构建通过。V3最终40冷加载/137刷新均超200ms，最大429ms/364.099999994ms，严格<200ms门槛失败；最终同版本全入口各至少5次原始样本未齐。 历史验证说明（非V3证明）：scripts/check-dds-production-fulfillment.mjs --production --deep：1308次全部<200ms，最大135.59999999403954ms,V3：七菜单/详情部分功能检查通过，最终浏览器1050样本检查已完成，但加载失败且其他边界缺证；冷加载/刷新最大429ms/364.099999994ms不通过，目标物料照片未逐一覆盖。V3最终40冷加载/137刷新均超200ms，最大429ms/364.099999994ms，严格<200ms门槛失败；最终同版本全入口各至少5次原始样本未齐。 历史范围（不可继承）：implementation-evidence/verification.json；build-manifest.json；包含冷启动/刷新/SPA和所有操作类别5次；无新增PDA执行或现场标签打印（沿用来源系统）；DDS报表打印另验。,实施中,V3范围/缺口：source-alignment-v3.md；product-design.md 第20.2节；当前目标报告：output/playwright/dds-pf-v3/verification.json（最终1050样本，加载失败，整体不通过）；历史证据（仅原版本）：implementation-evidence/verification.json；implementation-evidence/build.log；implementation-evidence/build-manifest.json；implementation-review.md,用户已确认V3业务与界面修正；当前产品接受未发生；Codex仍在实现/验证,V3.0当前工作树；基础HEAD4804328a；未完成性能/图片门禁；历史已验证仅属原证据版本
PERF-005,product-design.md 第16节,版本变化后重测受影响项且缺证即未完成,WP08,src/pages/production-fulfillment/events.ts、index.ts、styles.css；src/main.ts；index.html,V3当前：专项66项测试通过（整组结果，逐条当前断言需绑定）；范围类型0错、外部61项既有错，Vite构建通过。V3最终40冷加载/137刷新均超200ms，最大429ms/364.099999994ms，严格<200ms门槛失败；最终同版本全入口各至少5次原始样本未齐。 历史验证说明（非V3证明）：scripts/check-dds-production-fulfillment.mjs --production --deep：1308次全部<200ms，最大135.59999999403954ms,V3：七菜单/详情部分功能检查通过，最终浏览器1050样本检查已完成，但加载失败且其他边界缺证；冷加载/刷新最大429ms/364.099999994ms不通过，目标物料照片未逐一覆盖。V3最终40冷加载/137刷新均超200ms，最大429ms/364.099999994ms，严格<200ms门槛失败；最终同版本全入口各至少5次原始样本未齐。 历史范围（不可继承）：implementation-evidence/verification.json；build-manifest.json；包含冷启动/刷新/SPA和所有操作类别5次；无新增PDA执行或现场标签打印（沿用来源系统）；DDS报表打印另验。,实施中,V3范围/缺口：source-alignment-v3.md；product-design.md 第20.2节；当前目标报告：output/playwright/dds-pf-v3/verification.json（最终1050样本，加载失败，整体不通过）；历史证据（仅原版本）：implementation-evidence/verification.json；implementation-evidence/build.log；implementation-evidence/build-manifest.json；implementation-review.md,用户已确认V3业务与界面修正；当前产品接受未发生；Codex仍在实现/验证,V3.0当前工作树；基础HEAD4804328a；未完成性能/图片门禁；历史已验证仅属原证据版本
MOCK-001,product-design.md 第17节；V3仅保留为历史规则示例（product-design.md 第17/20.2节）,10任务5客户订单使用冻结快照及Mock明确标识,WP02,src/pages/production-fulfillment/mock-data.json、fixtures.ts、catalog.ts、scenarios.ts、evidence.ts、boundary-evidence.ts,V3当前：专项66项测试通过（整组结果，逐条当前断言需绑定）；范围类型0错、外部61项既有错，Vite构建通过。本条具体数字仅属于V1/V2独立规则示例；不作为V3 33条来源需求的业务数量/时效/角色或订单结果。示例若继续展示仍需当前版本验证。 历史验证说明（非V3证明）：tests/unit/production-fulfillment-calculations.test.ts：10任务/31工作21动作/统一统计/边界；tests/unit/production-fulfillment-boundary-evidence.test.ts：6独立场景；scripts/check-dds-production-fulfillment.mjs：缺图错误态,V3：七菜单/详情部分功能检查通过，最终浏览器1050样本检查已完成，但加载失败且其他边界缺证；冷加载/刷新最大429ms/364.099999994ms不通过，目标物料照片未逐一覆盖。本条具体数字仅属于V1/V2独立规则示例；不作为V3 33条来源需求的业务数量/时效/角色或订单结果。示例若继续展示仍需当前版本验证。 历史范围（不可继承）：全部10任务可下钻；004收敛；006采购调拨；001边界算例及数量图；无新增PDA执行或现场标签打印（沿用来源系统）；DDS报表打印另验。,已实现待验证,V3范围/缺口：source-alignment-v3.md；product-design.md 第20.2节；当前目标报告：output/playwright/dds-pf-v3/verification.json（最终1050样本，加载失败，整体不通过）；历史证据（仅原版本）：implementation-evidence/verification.json；implementation-evidence/build.log；implementation-evidence/build-manifest.json；implementation-review.md,用户已确认V3业务与界面修正；当前产品接受未发生；Codex仍在实现/验证,V3.0当前工作树；基础HEAD4804328a；未完成性能/图片门禁；历史已验证仅属原证据版本
MOCK-002,product-design.md 第17节；V3仅保留为历史规则示例（product-design.md 第17/20.2节）,主例31计时项及21组内子动作可展开查阅,WP02,src/pages/production-fulfillment/mock-data.json、fixtures.ts、catalog.ts、scenarios.ts、evidence.ts、boundary-evidence.ts,V3当前：专项66项测试通过（整组结果，逐条当前断言需绑定）；范围类型0错、外部61项既有错，Vite构建通过。本条具体数字仅属于V1/V2独立规则示例；不作为V3 33条来源需求的业务数量/时效/角色或订单结果。示例若继续展示仍需当前版本验证。 历史验证说明（非V3证明）：tests/unit/production-fulfillment-calculations.test.ts：10任务/31工作21动作/统一统计/边界；tests/unit/production-fulfillment-boundary-evidence.test.ts：6独立场景；scripts/check-dds-production-fulfillment.mjs：缺图错误态,V3：七菜单/详情部分功能检查通过，最终浏览器1050样本检查已完成，但加载失败且其他边界缺证；冷加载/刷新最大429ms/364.099999994ms不通过，目标物料照片未逐一覆盖。本条具体数字仅属于V1/V2独立规则示例；不作为V3 33条来源需求的业务数量/时效/角色或订单结果。示例若继续展示仍需当前版本验证。 历史范围（不可继承）：全部10任务可下钻；004收敛；006采购调拨；001边界算例及数量图；无新增PDA执行或现场标签打印（沿用来源系统）；DDS报表打印另验。,已实现待验证,V3范围/缺口：source-alignment-v3.md；product-design.md 第20.2节；当前目标报告：output/playwright/dds-pf-v3/verification.json（最终1050样本，加载失败，整体不通过）；历史证据（仅原版本）：implementation-evidence/verification.json；implementation-evidence/build.log；implementation-evidence/build-manifest.json；implementation-review.md,用户已确认V3业务与界面修正；当前产品接受未发生；Codex仍在实现/验证,V3.0当前工作树；基础HEAD4804328a；未完成性能/图片门禁；历史已验证仅属原证据版本
MOCK-003,product-design.md 第17/20.2节；source-alignment-v3.md 第1节,同一业务范围内表图公式使用同一来源；V3业务源与历史规则示例隔离，不互相补值,WP02,src/pages/production-fulfillment/mock-data.json、fixtures.ts、catalog.ts、scenarios.ts、evidence.ts、boundary-evidence.ts,V3当前：专项66项测试通过（整组结果，逐条当前断言需绑定）；范围类型0错、外部61项既有错，Vite构建通过。V3 来源与界面已变更；旧验收不继承，当前完整浏览器已有1050样本，但加载失败、图片及完整准备关联等边界证据未齐。 历史验证说明（非V3证明）：tests/unit/production-fulfillment-calculations.test.ts：10任务/31工作21动作/统一统计/边界；tests/unit/production-fulfillment-boundary-evidence.test.ts：6独立场景；scripts/check-dds-production-fulfillment.mjs：缺图错误态,V3：七菜单/详情部分功能检查通过，最终浏览器1050样本检查已完成，但加载失败且其他边界缺证；冷加载/刷新最大429ms/364.099999994ms不通过，目标物料照片未逐一覆盖。V3 来源与界面已变更；旧验收不继承，当前完整浏览器已有1050样本，但加载失败、图片及完整准备关联等边界证据未齐。 历史范围（不可继承）：全部10任务可下钻；004收敛；006采购调拨；001边界算例及数量图；无新增PDA执行或现场标签打印（沿用来源系统）；DDS报表打印另验。,已实现待验证,V3范围/缺口：source-alignment-v3.md；product-design.md 第20.2节；当前目标报告：output/playwright/dds-pf-v3/verification.json（最终1050样本，加载失败，整体不通过）；历史证据（仅原版本）：implementation-evidence/verification.json；implementation-evidence/build.log；implementation-evidence/build-manifest.json；implementation-review.md,用户已确认V3业务与界面修正；当前产品接受未发生；Codex仍在实现/验证,V3.0当前工作树；基础HEAD4804328a；未完成性能/图片门禁；历史已验证仅属原证据版本
MOCK-004,product-design.md 第17节；V3仅保留为历史规则示例（product-design.md 第17/20.2节）,存在正常超时风险未知取消部分发货与缺素材案例,WP02,src/pages/production-fulfillment/mock-data.json、fixtures.ts、catalog.ts、scenarios.ts、evidence.ts、boundary-evidence.ts,V3当前：专项66项测试通过（整组结果，逐条当前断言需绑定）；范围类型0错、外部61项既有错，Vite构建通过。本条具体数字仅属于V1/V2独立规则示例；不作为V3 33条来源需求的业务数量/时效/角色或订单结果。示例若继续展示仍需当前版本验证。 历史验证说明（非V3证明）：tests/unit/production-fulfillment-calculations.test.ts：10任务/31工作21动作/统一统计/边界；tests/unit/production-fulfillment-boundary-evidence.test.ts：6独立场景；scripts/check-dds-production-fulfillment.mjs：缺图错误态,V3：七菜单/详情部分功能检查通过，最终浏览器1050样本检查已完成，但加载失败且其他边界缺证；冷加载/刷新最大429ms/364.099999994ms不通过，目标物料照片未逐一覆盖。本条具体数字仅属于V1/V2独立规则示例；不作为V3 33条来源需求的业务数量/时效/角色或订单结果。示例若继续展示仍需当前版本验证。 历史范围（不可继承）：全部10任务可下钻；004收敛；006采购调拨；001边界算例及数量图；无新增PDA执行或现场标签打印（沿用来源系统）；DDS报表打印另验。,已实现待验证,V3范围/缺口：source-alignment-v3.md；product-design.md 第20.2节；当前目标报告：output/playwright/dds-pf-v3/verification.json（最终1050样本，加载失败，整体不通过）；历史证据（仅原版本）：implementation-evidence/verification.json；implementation-evidence/build.log；implementation-evidence/build-manifest.json；implementation-review.md,用户已确认V3业务与界面修正；当前产品接受未发生；Codex仍在实现/验证,V3.0当前工作树；基础HEAD4804328a；未完成性能/图片门禁；历史已验证仅属原证据版本
MOCK-005,product-design.md 第17节；V3仅保留为历史规则示例（product-design.md 第17/20.2节）,批次资源及取消关闭等边界有独立命名案例,WP02,src/pages/production-fulfillment/mock-data.json、fixtures.ts、catalog.ts、scenarios.ts、evidence.ts、boundary-evidence.ts,V3当前：专项66项测试通过（整组结果，逐条当前断言需绑定）；范围类型0错、外部61项既有错，Vite构建通过。本条具体数字仅属于V1/V2独立规则示例；不作为V3 33条来源需求的业务数量/时效/角色或订单结果。示例若继续展示仍需当前版本验证。 历史验证说明（非V3证明）：tests/unit/production-fulfillment-calculations.test.ts：10任务/31工作21动作/统一统计/边界；tests/unit/production-fulfillment-boundary-evidence.test.ts：6独立场景；scripts/check-dds-production-fulfillment.mjs：缺图错误态,V3：七菜单/详情部分功能检查通过，最终浏览器1050样本检查已完成，但加载失败且其他边界缺证；冷加载/刷新最大429ms/364.099999994ms不通过，目标物料照片未逐一覆盖。本条具体数字仅属于V1/V2独立规则示例；不作为V3 33条来源需求的业务数量/时效/角色或订单结果。示例若继续展示仍需当前版本验证。 历史范围（不可继承）：全部10任务可下钻；004收敛；006采购调拨；001边界算例及数量图；无新增PDA执行或现场标签打印（沿用来源系统）；DDS报表打印另验。,已实现待验证,V3范围/缺口：source-alignment-v3.md；product-design.md 第20.2节；当前目标报告：output/playwright/dds-pf-v3/verification.json（最终1050样本，加载失败，整体不通过）；历史证据（仅原版本）：implementation-evidence/verification.json；implementation-evidence/build.log；implementation-evidence/build-manifest.json；implementation-review.md,用户已确认V3业务与界面修正；当前产品接受未发生；Codex仍在实现/验证,V3.0当前工作树；基础HEAD4804328a；未完成性能/图片门禁；历史已验证仅属原证据版本
DELIVERY-001,product-design.md 第18节,保持Vanilla TypeScript现有组件及无真实后台边界,WP08,src/pages/production-fulfillment/index.ts、events.ts；src/data/app-shell-config.ts；src/router/routes.ts；src/main.ts；src/state/store.ts；index.html,V3当前：专项66项测试通过（整组结果，逐条当前断言需绑定）；范围类型0错、外部61项既有错，Vite构建通过。V3 来源与界面已变更；旧验收不继承，当前完整浏览器已有1050样本，但加载失败、图片及完整准备关联等边界证据未齐。 历史验证说明（非V3证明）：构建169测试、范围类型0错误、列表424页、最终浏览器及治理证据；追踪语义核对,V3：七菜单/详情部分功能检查通过，最终浏览器1050样本检查已完成，但加载失败且其他边界缺证；冷加载/刷新最大429ms/364.099999994ms不通过，目标物料照片未逐一覆盖。V3 来源与界面已变更；旧验收不继承，当前完整浏览器已有1050样本，但加载失败、图片及完整准备关联等边界证据未齐。 历史范围（不可继承）：implementation-review.md；本矩阵；implementation-evidence/build-manifest.json；无新增PDA执行或现场标签打印（沿用来源系统）；DDS报表打印另验。,已实现待验证,V3范围/缺口：source-alignment-v3.md；product-design.md 第20.2节；当前目标报告：output/playwright/dds-pf-v3/verification.json（最终1050样本，加载失败，整体不通过）；历史证据（仅原版本）：implementation-evidence/verification.json；implementation-evidence/build.log；implementation-evidence/build-manifest.json；implementation-review.md,用户已确认V3业务与界面修正；当前产品接受未发生；Codex仍在实现/验证,V3.0当前工作树；基础HEAD4804328a；未完成性能/图片门禁；历史已验证仅属原证据版本
DELIVERY-002,product-design.md 第18节,工作包声明需求ID并仅修改负责范围,WP08,src/pages/production-fulfillment/index.ts、events.ts；src/data/app-shell-config.ts；src/router/routes.ts；src/main.ts；src/state/store.ts；index.html,V3当前：专项66项测试通过（整组结果，逐条当前断言需绑定）；范围类型0错、外部61项既有错，Vite构建通过。V3 来源与界面已变更；旧验收不继承，当前完整浏览器已有1050样本，但加载失败、图片及完整准备关联等边界证据未齐。 历史验证说明（非V3证明）：构建169测试、范围类型0错误、列表424页、最终浏览器及治理证据；追踪语义核对,V3：七菜单/详情部分功能检查通过，最终浏览器1050样本检查已完成，但加载失败且其他边界缺证；冷加载/刷新最大429ms/364.099999994ms不通过，目标物料照片未逐一覆盖。V3 来源与界面已变更；旧验收不继承，当前完整浏览器已有1050样本，但加载失败、图片及完整准备关联等边界证据未齐。 历史范围（不可继承）：implementation-review.md；本矩阵；implementation-evidence/build-manifest.json；无新增PDA执行或现场标签打印（沿用来源系统）；DDS报表打印另验。,已实现待验证,V3范围/缺口：source-alignment-v3.md；product-design.md 第20.2节；当前目标报告：output/playwright/dds-pf-v3/verification.json（最终1050样本，加载失败，整体不通过）；历史证据（仅原版本）：implementation-evidence/verification.json；implementation-evidence/build.log；implementation-evidence/build-manifest.json；implementation-review.md,用户已确认V3业务与界面修正；当前产品接受未发生；Codex仍在实现/验证,V3.0当前工作树；基础HEAD4804328a；未完成性能/图片门禁；历史已验证仅属原证据版本
DELIVERY-003,product-design.md 第18节,实现与验证状态分开且不把构建替代业务验收,WP08,src/pages/production-fulfillment/index.ts、events.ts；src/data/app-shell-config.ts；src/router/routes.ts；src/main.ts；src/state/store.ts；index.html,V3当前：专项66项测试通过（整组结果，逐条当前断言需绑定）；范围类型0错、外部61项既有错，Vite构建通过。V3正反向追踪与整体证据仍在进行，性能失败、物料图片未覆盖，不能关闭整体交付。 历史验证说明（非V3证明）：构建169测试、范围类型0错误、列表424页、最终浏览器及治理证据；追踪语义核对,V3：七菜单/详情部分功能检查通过，最终浏览器1050样本检查已完成，但加载失败且其他边界缺证；冷加载/刷新最大429ms/364.099999994ms不通过，目标物料照片未逐一覆盖。V3正反向追踪与整体证据仍在进行，性能失败、物料图片未覆盖，不能关闭整体交付。 历史范围（不可继承）：implementation-review.md；本矩阵；implementation-evidence/build-manifest.json；无新增PDA执行或现场标签打印（沿用来源系统）；DDS报表打印另验。,实施中,V3范围/缺口：source-alignment-v3.md；product-design.md 第20.2节；当前目标报告：output/playwright/dds-pf-v3/verification.json（最终1050样本，加载失败，整体不通过）；历史证据（仅原版本）：implementation-evidence/verification.json；implementation-evidence/build.log；implementation-evidence/build-manifest.json；implementation-review.md,用户已确认V3业务与界面修正；当前产品接受未发生；Codex仍在实现/验证,V3.0当前工作树；基础HEAD4804328a；未完成性能/图片门禁；历史已验证仅属原证据版本
DELIVERY-004,product-design.md 第18节,最终执行正向与反向需求追踪,WP08,src/pages/production-fulfillment/index.ts、events.ts；src/data/app-shell-config.ts；src/router/routes.ts；src/main.ts；src/state/store.ts；index.html,V3当前：专项66项测试通过（整组结果，逐条当前断言需绑定）；范围类型0错、外部61项既有错，Vite构建通过。V3正反向追踪与整体证据仍在进行，性能失败、物料图片未覆盖，不能关闭整体交付。 历史验证说明（非V3证明）：构建169测试、范围类型0错误、列表424页、最终浏览器及治理证据；追踪语义核对,V3：七菜单/详情部分功能检查通过，最终浏览器1050样本检查已完成，但加载失败且其他边界缺证；冷加载/刷新最大429ms/364.099999994ms不通过，目标物料照片未逐一覆盖。V3正反向追踪与整体证据仍在进行，性能失败、物料图片未覆盖，不能关闭整体交付。 历史范围（不可继承）：implementation-review.md；本矩阵；implementation-evidence/build-manifest.json；无新增PDA执行或现场标签打印（沿用来源系统）；DDS报表打印另验。,实施中,V3范围/缺口：source-alignment-v3.md；product-design.md 第20.2节；当前目标报告：output/playwright/dds-pf-v3/verification.json（最终1050样本，加载失败，整体不通过）；历史证据（仅原版本）：implementation-evidence/verification.json；implementation-evidence/build.log；implementation-evidence/build-manifest.json；implementation-review.md,用户已确认V3业务与界面修正；当前产品接受未发生；Codex仍在实现/验证,V3.0当前工作树；基础HEAD4804328a；未完成性能/图片门禁；历史已验证仅属原证据版本
OPEN-001,product-design.md 第19节,候选业务口径在正式发布前有负责人的确认记录,WP01,src/pages/production-fulfillment/config-model.ts、configuration.ts；docs/product-design/production-fulfillment-timeliness/product-design.md 第19节,V3当前：专项66项测试通过（整组结果，逐条当前断言需绑定）；范围类型0错、外部61项既有错，Vite构建通过。正式SLA业务批准不属于本轮本地原型发布；尚未批准且当前任务保留待配置，不以本地示例发布代替。 历史验证说明（非V3证明）：本次Mock原型不发布正式考核规则；候选不参与正式规则匹配的防错已验证，真实负责人批准尚未发生。,V3：七菜单/详情部分功能检查通过，最终浏览器1050样本检查已完成，但加载失败且其他边界缺证；冷加载/刷新最大429ms/364.099999994ms不通过，目标物料照片未逐一覆盖。正式SLA业务批准不属于本轮本地原型发布；尚未批准且当前任务保留待配置，不以本地示例发布代替。 历史范围（不可继承）：不适用：正式业务规则批准属于后续线上发布前置；第19节已列负责人和未确认项，本地Mock发布不是批准。,不适用,V3范围/缺口：source-alignment-v3.md；product-design.md 第20.2节；当前目标报告：output/playwright/dds-pf-v3/verification.json（最终1050样本，加载失败，整体不通过）；历史证据（仅原版本）：implementation-evidence/verification.json；implementation-evidence/build.log；implementation-evidence/build-manifest.json；implementation-review.md,用户已确认V3业务与界面修正；当前产品接受未发生；Codex仍在实现/验证,V3.0当前工作树；基础HEAD4804328a；未完成性能/图片门禁；历史不适用仅属原证据版本
OPEN-002,product-design.md 第19节,缺物料实图对象在素材清单可追踪,WP01,src/pages/production-fulfillment/config-model.ts、configuration.ts；docs/product-design/production-fulfillment-timeliness/product-design.md 第19节,V3当前：专项66项测试通过（整组结果，逐条当前断言需绑定）；范围类型0错、外部61项既有错，Vite构建通过。当前来源对象已改变，路线卡投入/产出SKU存在但目标物料照片未逐一覆盖；图片门禁未通过，不复用旧卫衣/三素材验收。 历史验证说明（非V3证明）：规则候选阻止生效专项；素材存在检查及图片错误态,V3：七菜单/详情部分功能检查通过，最终浏览器1050样本检查已完成，但加载失败且其他边界缺证；冷加载/刷新最大429ms/364.099999994ms不通过，目标物料照片未逐一覆盖。当前来源对象已改变，路线卡投入/产出SKU存在但目标物料照片未逐一覆盖；图片门禁未通过，不复用旧卫衣/三素材验收。 历史范围（不可继承）：配置候选说明；image-inventory.md；正式业务确认不属于Mock发布；无新增PDA执行或现场标签打印（沿用来源系统）；DDS报表打印另验。,实施中,V3范围/缺口：source-alignment-v3.md；product-design.md 第20.2节；当前目标报告：output/playwright/dds-pf-v3/verification.json（最终1050样本，加载失败，整体不通过）；历史证据（仅原版本）：implementation-evidence/verification.json；implementation-evidence/build.log；implementation-evidence/build-manifest.json；implementation-review.md；implementation-evidence/image-inventory.md（已实例化对象均有对应素材，无未解除缺图对象）,用户已确认V3业务与界面修正；当前产品接受未发生；Codex仍在实现/验证,V3.0当前工作树；基础HEAD4804328a；未完成性能/图片门禁；历史已验证仅属原证据版本
EVIDENCE-001,product-design.md 第20节,用户新确认优先于旧文档及冲突代码,WP08,src/pages/production-fulfillment/fixtures.ts、calculations.ts、common.ts；docs/product-design/production-fulfillment-timeliness/source-index.md,V3当前：专项66项测试通过（整组结果，逐条当前断言需绑定）；范围类型0错、外部61项既有错，Vite构建通过。V3 来源与界面已变更；旧验收不继承，当前完整浏览器已有1050样本，但加载失败、图片及完整准备关联等边界证据未齐。 历史验证说明（非V3证明）：按用户实发后关联/调拨到厂/自然日的当前契约核对；源码与证据双向追踪,V3：七菜单/详情部分功能检查通过，最终浏览器1050样本检查已完成，但加载失败且其他边界缺证；冷加载/刷新最大429ms/364.099999994ms不通过，目标物料照片未逐一覆盖。V3 来源与界面已变更；旧验收不继承，当前完整浏览器已有1050样本，但加载失败、图片及完整准备关联等边界证据未齐。 历史范围（不可继承）：implementation-review.md；第20节来源优先级；全页面Mock标识；无新增PDA执行或现场标签打印（沿用来源系统）；DDS报表打印另验。,已实现待验证,V3范围/缺口：source-alignment-v3.md；product-design.md 第20.2节；当前目标报告：output/playwright/dds-pf-v3/verification.json（最终1050样本，加载失败，整体不通过）；历史证据（仅原版本）：implementation-evidence/verification.json；implementation-evidence/build.log；implementation-evidence/build-manifest.json；implementation-review.md,用户已确认V3业务与界面修正；当前产品接受未发生；Codex仍在实现/验证,V3.0当前工作树；基础HEAD4804328a；未完成性能/图片门禁；历史已验证仅属原证据版本
EVIDENCE-002,product-design.md 第20节,设计交付不宣称线上功能已实现或验收通过,WP08,src/pages/production-fulfillment/fixtures.ts、calculations.ts、common.ts；docs/product-design/production-fulfillment-timeliness/source-index.md,V3当前：专项66项测试通过（整组结果，逐条当前断言需绑定）；范围类型0错、外部61项既有错，Vite构建通过。V3 来源与界面已变更；旧验收不继承，当前完整浏览器已有1050样本，但加载失败、图片及完整准备关联等边界证据未齐。 历史验证说明（非V3证明）：按用户实发后关联/调拨到厂/自然日的当前契约核对；源码与证据双向追踪,V3：七菜单/详情部分功能检查通过，最终浏览器1050样本检查已完成，但加载失败且其他边界缺证；冷加载/刷新最大429ms/364.099999994ms不通过，目标物料照片未逐一覆盖。V3 来源与界面已变更；旧验收不继承，当前完整浏览器已有1050样本，但加载失败、图片及完整准备关联等边界证据未齐。 历史范围（不可继承）：implementation-review.md；第20节来源优先级；全页面Mock标识；无新增PDA执行或现场标签打印（沿用来源系统）；DDS报表打印另验。,已实现待验证,V3范围/缺口：source-alignment-v3.md；product-design.md 第20.2节；当前目标报告：output/playwright/dds-pf-v3/verification.json（最终1050样本，加载失败，整体不通过）；历史证据（仅原版本）：implementation-evidence/verification.json；implementation-evidence/build.log；implementation-evidence/build-manifest.json；implementation-review.md,用户已确认V3业务与界面修正；当前产品接受未发生；Codex仍在实现/验证,V3.0当前工作树；基础HEAD4804328a；未完成性能/图片门禁；历史已验证仅属原证据版本
ACT-S01-01,work-item-catalog.md ACT-S01-01；product-design.md 第21.8节；dependency-revision-v4.md ACT事实识别状态纠正,每笔有效生产需求时，受理并落实主跟单以“需求产生→主跟单及责任确认”识别该动作的完成事实,WP-ACT 逐类型事件完成识别；原WP01/WP02,候选定义：catalog.ts、configuration.ts；本类型完整事件识别投影未精确绑定。相邻能力：V3-SOURCE-001/004/013/015。,本项缺口：需逐笔绑定需求产生事件及主跟单/责任确认事件；读取当前主跟单字段不能证明何时确认完成。 需绑定适用有效/部分/重复/缺失/取消失效事件结果；目录字段非空或整组测试数不能证明本项。F03/F10；V3-SOURCE-001/004/013/015。,当前实施中：目录可见不等于实际起止/完成识别；具体类型来源身份、数量/单位/版本/责任与结果仍缺独立页面和事件证据。,实施中,本行具体缺口；product-design.md §21.8；dependency-revision-v4.md ACT纠正；implementation-plan.md WP-ACT；review-v2-resolution.md F03/F10。历史定义/算例：implementation-evidence/verification.json、implementation-review.md（不证明当前事件识别）。,用户已确认V3业务与界面修正；当前产品接受未发生；Codex仍在实现/验证,V4文档纠正：目录已定义，逐类型事件识别证据不足；产品接受未发生
ACT-S01-02,work-item-catalog.md ACT-S01-02；product-design.md 第21.8节；dependency-revision-v4.md ACT事实识别状态纠正,需用料且需求未确定时，确认物料需求以“有效需求及技术输入→用料版本确认”识别该动作的完成事实,WP-ACT 逐类型事件完成识别；原WP01/WP02,候选定义：catalog.ts、configuration.ts；本类型完整事件识别投影未精确绑定。相邻能力：V3-SOURCE-001/004/013/015。,本项缺口：需绑定有效需求及技术输入、用料确认版本与确认时刻；路线投入SKU存在不等于用料需求已经确认。 需绑定适用有效/部分/重复/缺失/取消失效事件结果；目录字段非空或整组测试数不能证明本项。F03/F10；V3-SOURCE-001/004/013/015。,当前实施中：目录可见不等于实际起止/完成识别；具体类型来源身份、数量/单位/版本/责任与结果仍缺独立页面和事件证据。,实施中,本行具体缺口；product-design.md §21.8；dependency-revision-v4.md ACT纠正；implementation-plan.md WP-ACT；review-v2-resolution.md F03/F10。历史定义/算例：implementation-evidence/verification.json、implementation-review.md（不证明当前事件识别）。,用户已确认V3业务与界面修正；当前产品接受未发生；Codex仍在实现/验证,V4文档纠正：目录已定义，逐类型事件识别证据不足；产品接受未发生
ACT-S01-03,work-item-catalog.md ACT-S01-03；product-design.md 第21.8节；dependency-revision-v4.md ACT事实识别状态纠正,按每种目标物料时，确认供给路线与缺口以“用料确认→库存／采购／制作路线确认”识别该动作的完成事实,WP-ACT 逐类型事件完成识别；原WP01/WP02,候选定义：catalog.ts、configuration.ts；本类型完整事件识别投影未精确绑定。相邻能力：V3-SOURCE-001/004/013/015。,本项缺口：需逐目标物料绑定库存分配、采购或制作路线的确认事实及缺口；当前必要供给范围仍可能待判。 需绑定适用有效/部分/重复/缺失/取消失效事件结果；目录字段非空或整组测试数不能证明本项。F03/F10；V3-SOURCE-001/004/013/015。,当前实施中：目录可见不等于实际起止/完成识别；具体类型来源身份、数量/单位/版本/责任与结果仍缺独立页面和事件证据。,实施中,本行具体缺口；product-design.md §21.8；dependency-revision-v4.md ACT纠正；implementation-plan.md WP-ACT；review-v2-resolution.md F03/F10。历史定义/算例：implementation-evidence/verification.json、implementation-review.md（不证明当前事件识别）。,用户已确认V3业务与界面修正；当前产品接受未发生；Codex仍在实现/验证,V4文档纠正：目录已定义，逐类型事件识别证据不足；产品接受未发生
ACT-S02-01,work-item-catalog.md ACT-S02-01；product-design.md 第21.8节；dependency-revision-v4.md ACT事实识别状态纠正,需组织本次准备时，确认准备计划以“需求关联→计划确认”识别该动作的完成事实,WP-ACT 逐类型事件完成识别；原WP01/WP02,候选定义：catalog.ts、configuration.ts；本类型完整事件识别投影未精确绑定。相邻能力：完成与准备计划正式确认，绑定计划确认事件；同款关联成功不是计划已确认。 需按适用情况补有效、部分、重复、缺失、取消/失效事件与结果；已有专项整组通过数不能替代本项精确用例。问题F03/F10；关联V3-SOURCE-002/007/008/009/010。,本项缺口：需区分需求关联完成与准备计划正式确认，绑定计划确认事件；同款关联成功不是计划已确认。 需绑定适用有效/部分/重复/缺失/取消失效事件结果；目录字段非空或整组测试数不能证明本项。F03/F10；完成与准备计划正式确认，绑定计划确认事件；同款关联成功不是计划已确认。 需按适用情况补有效、部分、重复、缺失、取消/失效事件与结果；已有专项整组通过数不能替代本项精确用例。问题F03/F10；关联V3-SOURCE-002/007/008/009/010。,当前实施中：目录可见不等于实际起止/完成识别；具体类型来源身份、数量/单位/版本/责任与结果仍缺独立页面和事件证据。,实施中,本行具体缺口；product-design.md §21.8；dependency-revision-v4.md ACT纠正；implementation-plan.md WP-ACT；review-v2-resolution.md F03/F10。历史定义/算例：implementation-evidence/verification.json、implementation-review.md（不证明当前事件识别）。,用户已确认V3业务与界面修正；当前产品接受未发生；Codex仍在实现/验证,V4文档纠正：目录已定义，逐类型事件识别证据不足；产品接受未发生
ACT-S02-02,work-item-catalog.md ACT-S02-02；product-design.md 第21.8节；dependency-revision-v4.md ACT事实识别状态纠正,本路线需要且不能复用时，产前样制作以“输入及制作任务满足→样衣结果完成”识别该动作的完成事实,WP-ACT 逐类型事件完成识别；原WP01/WP02,候选定义：catalog.ts、configuration.ts；本类型完整事件识别投影未精确绑定。相邻能力：V3-SOURCE-002/007/008/009/010。,本项缺口：需绑定本次产前样输入具备、样衣制作结果与有效版本，区分复用/本次制作。 需绑定适用有效/部分/重复/缺失/取消失效事件结果；目录字段非空或整组测试数不能证明本项。F03/F10；V3-SOURCE-002/007/008/009/010。,当前实施中：目录可见不等于实际起止/完成识别；具体类型来源身份、数量/单位/版本/责任与结果仍缺独立页面和事件证据。,实施中,本行具体缺口；product-design.md §21.8；dependency-revision-v4.md ACT纠正；implementation-plan.md WP-ACT；review-v2-resolution.md F03/F10。历史定义/算例：implementation-evidence/verification.json、implementation-review.md（不证明当前事件识别）。,用户已确认V3业务与界面修正；当前产品接受未发生；Codex仍在实现/验证,V4文档纠正：目录已定义，逐类型事件识别证据不足；产品接受未发生
ACT-S02-03,work-item-catalog.md ACT-S02-03；product-design.md 第21.8节；dependency-revision-v4.md ACT事实识别状态纠正,梭织且需要本次纸样时，梭织尺码纸样以“基版／任务具备→尺码纸样结果”识别该动作的完成事实,WP-ACT 逐类型事件完成识别；原WP01/WP02,候选定义：catalog.ts、configuration.ts；本类型完整事件识别投影未精确绑定。相邻能力：V3-SOURCE-002/007/008/009/010。,本项缺口：需绑定梭织纸样任务、基版输入及尺码纸样结果，不能以技术包存在替代纸样完成。 需绑定适用有效/部分/重复/缺失/取消失效事件结果；目录字段非空或整组测试数不能证明本项。F03/F10；V3-SOURCE-002/007/008/009/010。,当前实施中：目录可见不等于实际起止/完成识别；具体类型来源身份、数量/单位/版本/责任与结果仍缺独立页面和事件证据。,实施中,本行具体缺口；product-design.md §21.8；dependency-revision-v4.md ACT纠正；implementation-plan.md WP-ACT；review-v2-resolution.md F03/F10。历史定义/算例：implementation-evidence/verification.json、implementation-review.md（不证明当前事件识别）。,用户已确认V3业务与界面修正；当前产品接受未发生；Codex仍在实现/验证,V4文档纠正：目录已定义，逐类型事件识别证据不足；产品接受未发生
ACT-S02-04,work-item-catalog.md ACT-S02-04；product-design.md 第21.8节；dependency-revision-v4.md ACT事实识别状态纠正,毛织且需要本次纸样时，毛织尺码纸样以“基版／任务具备→毛织规格结果”识别该动作的完成事实,WP-ACT 逐类型事件完成识别；原WP01/WP02,候选定义：catalog.ts、configuration.ts；本类型完整事件识别投影未精确绑定。相邻能力：V3-SOURCE-002/007/008/009/010。,本项缺口：需绑定毛织纸样任务、基版输入及毛织规格结果，与梭织类型分别验证。 需绑定适用有效/部分/重复/缺失/取消失效事件结果；目录字段非空或整组测试数不能证明本项。F03/F10；V3-SOURCE-002/007/008/009/010。,当前实施中：目录可见不等于实际起止/完成识别；具体类型来源身份、数量/单位/版本/责任与结果仍缺独立页面和事件证据。,实施中,本行具体缺口；product-design.md §21.8；dependency-revision-v4.md ACT纠正；implementation-plan.md WP-ACT；review-v2-resolution.md F03/F10。历史定义/算例：implementation-evidence/verification.json、implementation-review.md（不证明当前事件识别）。,用户已确认V3业务与界面修正；当前产品接受未发生；Codex仍在实现/验证,V4文档纠正：目录已定义，逐类型事件识别证据不足；产品接受未发生
ACT-S02-05,work-item-catalog.md ACT-S02-05；product-design.md 第21.8节；dependency-revision-v4.md ACT事实识别状态纠正,需花型／定位印准备时，花型执行以“任务要求具备→花型提交”识别该动作的完成事实,WP-ACT 逐类型事件完成识别；原WP01/WP02,候选定义：catalog.ts、configuration.ts；本类型完整事件识别投影未精确绑定。相邻能力：V3-SOURCE-002/007/008/009/010。,本项缺口：需绑定花型任务要求具备、实际提交与版本身份；有花型字段不等于提交完成。 需绑定适用有效/部分/重复/缺失/取消失效事件结果；目录字段非空或整组测试数不能证明本项。F03/F10；V3-SOURCE-002/007/008/009/010。,当前实施中：目录可见不等于实际起止/完成识别；具体类型来源身份、数量/单位/版本/责任与结果仍缺独立页面和事件证据。,实施中,本行具体缺口；product-design.md §21.8；dependency-revision-v4.md ACT纠正；implementation-plan.md WP-ACT；review-v2-resolution.md F03/F10。历史定义/算例：implementation-evidence/verification.json、implementation-review.md（不证明当前事件识别）。,用户已确认V3业务与界面修正；当前产品接受未发生；Codex仍在实现/验证,V4文档纠正：目录已定义，逐类型事件识别证据不足；产品接受未发生
ACT-S02-06,work-item-catalog.md ACT-S02-06；product-design.md 第21.8节；dependency-revision-v4.md ACT事实识别状态纠正,当前花型结果需审核时，花型审核以“花型提交→有效审核通过”识别该动作的完成事实,WP-ACT 逐类型事件完成识别；原WP01/WP02,候选定义：catalog.ts、configuration.ts；本类型完整事件识别投影未精确绑定。相邻能力：V3-SOURCE-002/007/008/009/010。,本项缺口：需绑定该次花型提交与指定有效审核通过，覆盖驳回/重提，不能仅凭当前通用状态。 需绑定适用有效/部分/重复/缺失/取消失效事件结果；目录字段非空或整组测试数不能证明本项。F03/F10；V3-SOURCE-002/007/008/009/010。,当前实施中：目录可见不等于实际起止/完成识别；具体类型来源身份、数量/单位/版本/责任与结果仍缺独立页面和事件证据。,实施中,本行具体缺口；product-design.md §21.8；dependency-revision-v4.md ACT纠正；implementation-plan.md WP-ACT；review-v2-resolution.md F03/F10。历史定义/算例：implementation-evidence/verification.json、implementation-review.md（不证明当前事件识别）。,用户已确认V3业务与界面修正；当前产品接受未发生；Codex仍在实现/验证,V4文档纠正：目录已定义，逐类型事件识别证据不足；产品接受未发生
ACT-S02-07,work-item-catalog.md ACT-S02-07；product-design.md 第21.8节；dependency-revision-v4.md ACT事实识别状态纠正,需毛纱调色时，毛纱调色要求提交以“计划确认→调色要求可执行”识别该动作的完成事实,WP-ACT 逐类型事件完成识别；原WP01/WP02,候选定义：catalog.ts、configuration.ts；本类型完整事件识别投影未精确绑定。相邻能力：V3-SOURCE-002/007/008/009/010。,本项缺口：需绑定毛纱准备计划确认及可执行调色要求提交，不能把后续调色结果倒推为提交时刻。 需绑定适用有效/部分/重复/缺失/取消失效事件结果；目录字段非空或整组测试数不能证明本项。F03/F10；V3-SOURCE-002/007/008/009/010。,当前实施中：目录可见不等于实际起止/完成识别；具体类型来源身份、数量/单位/版本/责任与结果仍缺独立页面和事件证据。,实施中,本行具体缺口；product-design.md §21.8；dependency-revision-v4.md ACT纠正；implementation-plan.md WP-ACT；review-v2-resolution.md F03/F10。历史定义/算例：implementation-evidence/verification.json、implementation-review.md（不证明当前事件识别）。,用户已确认V3业务与界面修正；当前产品接受未发生；Codex仍在实现/验证,V4文档纠正：目录已定义，逐类型事件识别证据不足；产品接受未发生
ACT-S02-08,work-item-catalog.md ACT-S02-08；product-design.md 第21.8节；dependency-revision-v4.md ACT事实识别状态纠正,毛纱要求已就绪时，毛纱调色执行以“要求／样品具备→调色结果”识别该动作的完成事实,WP-ACT 逐类型事件完成识别；原WP01/WP02,候选定义：catalog.ts、configuration.ts；本类型完整事件识别投影未精确绑定。相邻能力：V3-SOURCE-002/007/008/009/010。,本项缺口：需绑定毛纱要求/样品具备与本次调色结果，不能用面料调色或通用结果替代。 需绑定适用有效/部分/重复/缺失/取消失效事件结果；目录字段非空或整组测试数不能证明本项。F03/F10；V3-SOURCE-002/007/008/009/010。,当前实施中：目录可见不等于实际起止/完成识别；具体类型来源身份、数量/单位/版本/责任与结果仍缺独立页面和事件证据。,实施中,本行具体缺口；product-design.md §21.8；dependency-revision-v4.md ACT纠正；implementation-plan.md WP-ACT；review-v2-resolution.md F03/F10。历史定义/算例：implementation-evidence/verification.json、implementation-review.md（不证明当前事件识别）。,用户已确认V3业务与界面修正；当前产品接受未发生；Codex仍在实现/验证,V4文档纠正：目录已定义，逐类型事件识别证据不足；产品接受未发生
ACT-S02-09,work-item-catalog.md ACT-S02-09；product-design.md 第21.8节；dependency-revision-v4.md ACT事实识别状态纠正,需面料调色时，面料调色要求提交以“计划确认→调色要求可执行”识别该动作的完成事实,WP-ACT 逐类型事件完成识别；原WP01/WP02,候选定义：catalog.ts、configuration.ts；本类型完整事件识别投影未精确绑定。相邻能力：V3-SOURCE-002/007/008/009/010。,本项缺口：需绑定面料准备计划确认及可执行调色要求提交，区分要求提交与执行完成。 需绑定适用有效/部分/重复/缺失/取消失效事件结果；目录字段非空或整组测试数不能证明本项。F03/F10；V3-SOURCE-002/007/008/009/010。,当前实施中：目录可见不等于实际起止/完成识别；具体类型来源身份、数量/单位/版本/责任与结果仍缺独立页面和事件证据。,实施中,本行具体缺口；product-design.md §21.8；dependency-revision-v4.md ACT纠正；implementation-plan.md WP-ACT；review-v2-resolution.md F03/F10。历史定义/算例：implementation-evidence/verification.json、implementation-review.md（不证明当前事件识别）。,用户已确认V3业务与界面修正；当前产品接受未发生；Codex仍在实现/验证,V4文档纠正：目录已定义，逐类型事件识别证据不足；产品接受未发生
ACT-S02-10,work-item-catalog.md ACT-S02-10；product-design.md 第21.8节；dependency-revision-v4.md ACT事实识别状态纠正,面料要求已就绪时，面料调色执行以“要求／样品具备→调色结果”识别该动作的完成事实,WP-ACT 逐类型事件完成识别；原WP01/WP02,候选定义：catalog.ts、configuration.ts；本类型完整事件识别投影未精确绑定。相邻能力：V3-SOURCE-002/007/008/009/010。,本项缺口：需绑定面料要求/样品具备与本次调色结果，按专业类型独立证明。 需绑定适用有效/部分/重复/缺失/取消失效事件结果；目录字段非空或整组测试数不能证明本项。F03/F10；V3-SOURCE-002/007/008/009/010。,当前实施中：目录可见不等于实际起止/完成识别；具体类型来源身份、数量/单位/版本/责任与结果仍缺独立页面和事件证据。,实施中,本行具体缺口；product-design.md §21.8；dependency-revision-v4.md ACT纠正；implementation-plan.md WP-ACT；review-v2-resolution.md F03/F10。历史定义/算例：implementation-evidence/verification.json、implementation-review.md（不证明当前事件识别）。,用户已确认V3业务与界面修正；当前产品接受未发生；Codex仍在实现/验证,V4文档纠正：目录已定义，逐类型事件识别证据不足；产品接受未发生
ACT-S02-11,work-item-catalog.md ACT-S02-11；product-design.md 第21.8节；dependency-revision-v4.md ACT事实识别状态纠正,对应专业结果需审核时，调色审核以“调色提交→指定目标色有效通过”识别该动作的完成事实,WP-ACT 逐类型事件完成识别；原WP01/WP02,候选定义：catalog.ts、configuration.ts；本类型完整事件识别投影未精确绑定。相邻能力：V3-SOURCE-002/007/008/009/010。,本项缺口：需绑定调色提交、指定目标色与有效审核通过，区分错色/驳回/重提。 需绑定适用有效/部分/重复/缺失/取消失效事件结果；目录字段非空或整组测试数不能证明本项。F03/F10；V3-SOURCE-002/007/008/009/010。,当前实施中：目录可见不等于实际起止/完成识别；具体类型来源身份、数量/单位/版本/责任与结果仍缺独立页面和事件证据。,实施中,本行具体缺口；product-design.md §21.8；dependency-revision-v4.md ACT纠正；implementation-plan.md WP-ACT；review-v2-resolution.md F03/F10。历史定义/算例：implementation-evidence/verification.json、implementation-review.md（不证明当前事件识别）。,用户已确认V3业务与界面修正；当前产品接受未发生；Codex仍在实现/验证,V4文档纠正：目录已定义，逐类型事件识别证据不足；产品接受未发生
ACT-S02-12,work-item-catalog.md ACT-S02-12；product-design.md 第21.8节；dependency-revision-v4.md ACT事实识别状态纠正,适用准备输出满足时，技术资料确认以“必要专业结果齐→确认通过”识别该动作的完成事实,WP-ACT 逐类型事件完成识别；原WP01/WP02,候选定义：catalog.ts、configuration.ts；本类型完整事件识别投影未精确绑定。相邻能力：V3-SOURCE-002/007/008/009/010。,本项缺口：需绑定必要专业结果齐备与技术资料确认通过；完整资料版本存在不证明本次确认事件边界。 需绑定适用有效/部分/重复/缺失/取消失效事件结果；目录字段非空或整组测试数不能证明本项。F03/F10；V3-SOURCE-002/007/008/009/010。,当前实施中：目录可见不等于实际起止/完成识别；具体类型来源身份、数量/单位/版本/责任与结果仍缺独立页面和事件证据。,实施中,本行具体缺口；product-design.md §21.8；dependency-revision-v4.md ACT纠正；implementation-plan.md WP-ACT；review-v2-resolution.md F03/F10。历史定义/算例：implementation-evidence/verification.json、implementation-review.md（不证明当前事件识别）。,用户已确认V3业务与界面修正；当前产品接受未发生；Codex仍在实现/验证,V4文档纠正：目录已定义，逐类型事件识别证据不足；产品接受未发生
ACT-S02-13,work-item-catalog.md ACT-S02-13；product-design.md 第21.8节；dependency-revision-v4.md ACT事实识别状态纠正,需形成供生产使用版本时，技术资料发布／放行以“确认完成→有效发布版本”识别该动作的完成事实,WP-ACT 逐类型事件完成识别；原WP01/WP02,候选定义：catalog.ts、configuration.ts；本类型完整事件识别投影未精确绑定。相邻能力：V3-SOURCE-002/007/008/009/010。,本项缺口：已有准备发布双键/版本关系相邻能力；本项仍缺从本次确认完成到有效发布版本的起止事件与失效/重发逐类型闭环。 需绑定适用有效/部分/重复/缺失/取消失效事件结果；目录字段非空或整组测试数不能证明本项。F03/F10；V3-SOURCE-002/007/008/009/010。,当前实施中：目录可见不等于实际起止/完成识别；具体类型来源身份、数量/单位/版本/责任与结果仍缺独立页面和事件证据。,实施中,本行具体缺口；product-design.md §21.8；dependency-revision-v4.md ACT纠正；implementation-plan.md WP-ACT；review-v2-resolution.md F03/F10。历史定义/算例：implementation-evidence/verification.json、implementation-review.md（不证明当前事件识别）。,用户已确认V3业务与界面修正；当前产品接受未发生；Codex仍在实现/验证,V4文档纠正：目录已定义，逐类型事件识别证据不足；产品接受未发生
ACT-S03-01,work-item-catalog.md ACT-S03-01；product-design.md 第21.8节；dependency-revision-v4.md ACT事实识别状态纠正,本任务使用现货／已入库供给时，分配合格库存以“用料确认→来源库存及数量锁定关系”识别该动作的完成事实,WP-ACT 逐类型事件完成识别；原WP01/WP02,候选定义：catalog.ts、configuration.ts；本类型完整事件识别投影未精确绑定。相邻能力：V3-SOURCE-004/013/014/017/020/022；V4-SOURCE-001。,本项缺口：需绑定本需求合格库存来源、锁定关系及分配数量；总库存或已入库数不能证明本需求可用。 需绑定适用有效/部分/重复/缺失/取消失效事件结果；目录字段非空或整组测试数不能证明本项。F03/F10；V3-SOURCE-004/013/014/017/020/022；V4-SOURCE-001。,当前实施中：目录可见不等于实际起止/完成识别；具体类型来源身份、数量/单位/版本/责任与结果仍缺独立页面和事件证据。,实施中,本行具体缺口；product-design.md §21.8；dependency-revision-v4.md ACT纠正；implementation-plan.md WP-ACT；review-v2-resolution.md F03/F10。历史定义/算例：implementation-evidence/verification.json、implementation-review.md（不证明当前事件识别）。,用户已确认V3业务与界面修正；当前产品接受未发生；Codex仍在实现/验证,V4文档纠正：目录已定义，逐类型事件识别证据不足；产品接受未发生
ACT-S03-02,work-item-catalog.md ACT-S03-02；product-design.md 第21.8节；dependency-revision-v4.md ACT事实识别状态纠正,确认缺口需要采购时，缺口采购下单以“确认采购需求→有效采购单下发”识别该动作的完成事实,WP-ACT 逐类型事件完成识别；原WP01/WP02,候选定义：catalog.ts、configuration.ts；本类型完整事件识别投影未精确绑定。相邻能力：V3-SOURCE-004/013/014/017/020/022；V4-SOURCE-001。,本项缺口：需绑定已确认缺口及有效采购单实际下发事件；候选下单动作/采购编号不等于采购下发完成。 需绑定适用有效/部分/重复/缺失/取消失效事件结果；目录字段非空或整组测试数不能证明本项。F03/F10；V3-SOURCE-004/013/014/017/020/022；V4-SOURCE-001。,当前实施中：目录可见不等于实际起止/完成识别；具体类型来源身份、数量/单位/版本/责任与结果仍缺独立页面和事件证据。,实施中,本行具体缺口；product-design.md §21.8；dependency-revision-v4.md ACT纠正；implementation-plan.md WP-ACT；review-v2-resolution.md F03/F10。历史定义/算例：implementation-evidence/verification.json、implementation-review.md（不证明当前事件识别）。,用户已确认V3业务与界面修正；当前产品接受未发生；Codex仍在实现/验证,V4文档纠正：目录已定义，逐类型事件识别证据不足；产品接受未发生
ACT-S03-03,work-item-catalog.md ACT-S03-03；product-design.md 第21.8节；dependency-revision-v4.md ACT事实识别状态纠正,外部采购时，供应商备货并交出以“有效下单→供应商足量／分批交出”识别该动作的完成事实,WP-ACT 逐类型事件完成识别；原WP01/WP02,候选定义：catalog.ts、configuration.ts；本类型完整事件识别投影未精确绑定。相邻能力：V3-SOURCE-004/013/014/017/020/022；V4-SOURCE-001。,本项缺口：需绑定有效下单与供应商各批实际交出数量/时刻，区分尾批未交和单据状态。 需绑定适用有效/部分/重复/缺失/取消失效事件结果；目录字段非空或整组测试数不能证明本项。F03/F10；V3-SOURCE-004/013/014/017/020/022；V4-SOURCE-001。,当前实施中：目录可见不等于实际起止/完成识别；具体类型来源身份、数量/单位/版本/责任与结果仍缺独立页面和事件证据。,实施中,本行具体缺口；product-design.md §21.8；dependency-revision-v4.md ACT纠正；implementation-plan.md WP-ACT；review-v2-resolution.md F03/F10。历史定义/算例：implementation-evidence/verification.json、implementation-review.md（不证明当前事件识别）。,用户已确认V3业务与界面修正；当前产品接受未发生；Codex仍在实现/验证,V4文档纠正：目录已定义，逐类型事件识别证据不足；产品接受未发生
ACT-S03-04,work-item-catalog.md ACT-S03-04；product-design.md 第21.8节；dependency-revision-v4.md ACT事实识别状态纠正,对应供应商到集货仓段存在时，国内采购运输以“供方交出→集货仓实收”识别该动作的完成事实,WP-ACT 逐类型事件完成识别；原WP01/WP02,候选定义：catalog.ts、configuration.ts；本类型完整事件识别投影未精确绑定。相邻能力：V3-SOURCE-004/013/014/017/020/022；V4-SOURCE-001。,本项缺口：需绑定供方实际交出、对应物流批次及集货仓实收，不能与跨境或到厂段合并计责。 需绑定适用有效/部分/重复/缺失/取消失效事件结果；目录字段非空或整组测试数不能证明本项。F03/F10；V3-SOURCE-004/013/014/017/020/022；V4-SOURCE-001。,当前实施中：目录可见不等于实际起止/完成识别；具体类型来源身份、数量/单位/版本/责任与结果仍缺独立页面和事件证据。,实施中,本行具体缺口；product-design.md §21.8；dependency-revision-v4.md ACT纠正；implementation-plan.md WP-ACT；review-v2-resolution.md F03/F10。历史定义/算例：implementation-evidence/verification.json、implementation-review.md（不证明当前事件识别）。,用户已确认V3业务与界面修正；当前产品接受未发生；Codex仍在实现/验证,V4文档纠正：目录已定义，逐类型事件识别证据不足；产品接受未发生
ACT-S03-05,work-item-catalog.md ACT-S03-05；product-design.md 第21.8节；dependency-revision-v4.md ACT事实识别状态纠正,必须集货或等待转运时，集货与转运准备以“集货仓实收→转运实际出库”识别该动作的完成事实,WP-ACT 逐类型事件完成识别；原WP01/WP02,候选定义：catalog.ts、configuration.ts；本类型完整事件识别投影未精确绑定。相邻能力：V3-SOURCE-004/013/014/017/020/022；V4-SOURCE-001。,本项缺口：需绑定集货仓实收与实际转运出库事件，等待转运与已出库必须区分。 需绑定适用有效/部分/重复/缺失/取消失效事件结果；目录字段非空或整组测试数不能证明本项。F03/F10；V3-SOURCE-004/013/014/017/020/022；V4-SOURCE-001。,当前实施中：目录可见不等于实际起止/完成识别；具体类型来源身份、数量/单位/版本/责任与结果仍缺独立页面和事件证据。,实施中,本行具体缺口；product-design.md §21.8；dependency-revision-v4.md ACT纠正；implementation-plan.md WP-ACT；review-v2-resolution.md F03/F10。历史定义/算例：implementation-evidence/verification.json、implementation-review.md（不证明当前事件识别）。,用户已确认V3业务与界面修正；当前产品接受未发生；Codex仍在实现/验证,V4文档纠正：目录已定义，逐类型事件识别证据不足；产品接受未发生
ACT-S03-06,work-item-catalog.md ACT-S03-06；product-design.md 第21.8节；dependency-revision-v4.md ACT事实识别状态纠正,存在跨境段时，跨境运输以“转运出库→目的地到达”识别该动作的完成事实,WP-ACT 逐类型事件完成识别；原WP01/WP02,候选定义：catalog.ts、configuration.ts；本类型完整事件识别投影未精确绑定。相邻能力：V3-SOURCE-004/013/014/017/020/022；V4-SOURCE-001。,本项缺口：需绑定转运出库及目的地实际到达事件/批次，预计到达不能充作实际终点。 需绑定适用有效/部分/重复/缺失/取消失效事件结果；目录字段非空或整组测试数不能证明本项。F03/F10；V3-SOURCE-004/013/014/017/020/022；V4-SOURCE-001。,当前实施中：目录可见不等于实际起止/完成识别；具体类型来源身份、数量/单位/版本/责任与结果仍缺独立页面和事件证据。,实施中,本行具体缺口；product-design.md §21.8；dependency-revision-v4.md ACT纠正；implementation-plan.md WP-ACT；review-v2-resolution.md F03/F10。历史定义/算例：implementation-evidence/verification.json、implementation-review.md（不证明当前事件识别）。,用户已确认V3业务与界面修正；当前产品接受未发生；Codex仍在实现/验证,V4文档纠正：目录已定义，逐类型事件识别证据不足；产品接受未发生
ACT-S03-07,work-item-catalog.md ACT-S03-07；product-design.md 第21.8节；dependency-revision-v4.md ACT事实识别状态纠正,有独立配送段时，目的地配送到仓以“目的地放行→业务仓到仓”识别该动作的完成事实,WP-ACT 逐类型事件完成识别；原WP01/WP02,候选定义：catalog.ts、configuration.ts；本类型完整事件识别投影未精确绑定。相邻能力：V3-SOURCE-004/013/014/017/020/022；V4-SOURCE-001。,本项缺口：需绑定目的地放行及业务仓实际到仓，区分跨境到达与最后配送。 需绑定适用有效/部分/重复/缺失/取消失效事件结果；目录字段非空或整组测试数不能证明本项。F03/F10；V3-SOURCE-004/013/014/017/020/022；V4-SOURCE-001。,当前实施中：目录可见不等于实际起止/完成识别；具体类型来源身份、数量/单位/版本/责任与结果仍缺独立页面和事件证据。,实施中,本行具体缺口；product-design.md §21.8；dependency-revision-v4.md ACT纠正；implementation-plan.md WP-ACT；review-v2-resolution.md F03/F10。历史定义/算例：implementation-evidence/verification.json、implementation-review.md（不证明当前事件识别）。,用户已确认V3业务与界面修正；当前产品接受未发生；Codex仍在实现/验证,V4文档纠正：目录已定义，逐类型事件识别证据不足；产品接受未发生
ACT-S03-08,work-item-catalog.md ACT-S03-08；product-design.md 第21.8节；dependency-revision-v4.md ACT事实识别状态纠正,采购到仓时，采购到仓验收以“实到→验收结果及差异确认”识别该动作的完成事实,WP-ACT 逐类型事件完成识别；原WP01/WP02,候选定义：catalog.ts、configuration.ts；本类型完整事件识别投影未精确绑定。相邻能力：V3-SOURCE-004/013/014/017/020/022；V4-SOURCE-001。,本项缺口：需绑定采购实到、该批验收及差异确认结果，不能以签收或入库直接认定验收完成。 需绑定适用有效/部分/重复/缺失/取消失效事件结果；目录字段非空或整组测试数不能证明本项。F03/F10；V3-SOURCE-004/013/014/017/020/022；V4-SOURCE-001。,当前实施中：目录可见不等于实际起止/完成识别；具体类型来源身份、数量/单位/版本/责任与结果仍缺独立页面和事件证据。,实施中,本行具体缺口；product-design.md §21.8；dependency-revision-v4.md ACT纠正；implementation-plan.md WP-ACT；review-v2-resolution.md F03/F10。历史定义/算例：implementation-evidence/verification.json、implementation-review.md（不证明当前事件识别）。,用户已确认V3业务与界面修正；当前产品接受未发生；Codex仍在实现/验证,V4文档纠正：目录已定义，逐类型事件识别证据不足；产品接受未发生
ACT-S03-09,work-item-catalog.md ACT-S03-09；product-design.md 第21.8节；dependency-revision-v4.md ACT事实识别状态纠正,验收后需库存入账时，采购入库以“可入库→实收入库记录”识别该动作的完成事实,WP-ACT 逐类型事件完成识别；原WP01/WP02,候选定义：catalog.ts、configuration.ts；本类型完整事件识别投影未精确绑定。相邻能力：V3-SOURCE-004/013/014/017/020/022；V4-SOURCE-001。,本项缺口：需绑定可入库条件及实际入库记录/数量，区分采购状态、合格可用与本需求份额。 需绑定适用有效/部分/重复/缺失/取消失效事件结果；目录字段非空或整组测试数不能证明本项。F03/F10；V3-SOURCE-004/013/014/017/020/022；V4-SOURCE-001。,当前实施中：目录可见不等于实际起止/完成识别；具体类型来源身份、数量/单位/版本/责任与结果仍缺独立页面和事件证据。,实施中,本行具体缺口；product-design.md §21.8；dependency-revision-v4.md ACT纠正；implementation-plan.md WP-ACT；review-v2-resolution.md F03/F10。历史定义/算例：implementation-evidence/verification.json、implementation-review.md（不证明当前事件识别）。,用户已确认V3业务与界面修正；当前产品接受未发生；Codex仍在实现/验证,V4文档纠正：目录已定义，逐类型事件识别证据不足；产品接受未发生
ACT-S03-10,work-item-catalog.md ACT-S03-10；product-design.md 第21.8节；dependency-revision-v4.md ACT事实识别状态纠正,现货或采购入库需送厂时，调拨安排与待出库以“可调拨／需调拨→调拨安排完成”识别该动作的完成事实,WP-ACT 逐类型事件完成识别；原WP01/WP02,候选定义：catalog.ts、configuration.ts；本类型完整事件识别投影未精确绑定。相邻能力：V3-SOURCE-004/013/014/017/020/022；V4-SOURCE-001。,本项缺口：已有调拨来源相邻投影；仍需逐类型证明可调拨/需调拨起点到安排完成，不能与实际交出合并为本项独立完成证据。 需绑定适用有效/部分/重复/缺失/取消失效事件结果；目录字段非空或整组测试数不能证明本项。F03/F10；V3-SOURCE-004/013/014/017/020/022；V4-SOURCE-001。,当前实施中：目录可见不等于实际起止/完成识别；具体类型来源身份、数量/单位/版本/责任与结果仍缺独立页面和事件证据。,实施中,本行具体缺口；product-design.md §21.8；dependency-revision-v4.md ACT纠正；implementation-plan.md WP-ACT；review-v2-resolution.md F03/F10。历史定义/算例：implementation-evidence/verification.json、implementation-review.md（不证明当前事件识别）。,用户已确认V3业务与界面修正；当前产品接受未发生；Codex仍在实现/验证,V4文档纠正：目录已定义，逐类型事件识别证据不足；产品接受未发生
ACT-S03-11,work-item-catalog.md ACT-S03-11；product-design.md 第21.8节；dependency-revision-v4.md ACT事实识别状态纠正,调拨具备出库条件时，调拨出库以“出库责任起点→实际出库确认”识别该动作的完成事实,WP-ACT 逐类型事件完成识别；原WP01/WP02,候选定义：catalog.ts、configuration.ts；本类型完整事件识别投影未精确绑定。相邻能力：V3-SOURCE-004/013/014/017/020/022；V4-SOURCE-001。,本项缺口：已有调拨创建/实际交出相邻投影；仍需本项出库责任起点、独立实际出库确认与分批数量的准确绑定。 需绑定适用有效/部分/重复/缺失/取消失效事件结果；目录字段非空或整组测试数不能证明本项。F03/F10；V3-SOURCE-004/013/014/017/020/022；V4-SOURCE-001。,当前实施中：目录可见不等于实际起止/完成识别；具体类型来源身份、数量/单位/版本/责任与结果仍缺独立页面和事件证据。,实施中,本行具体缺口；product-design.md §21.8；dependency-revision-v4.md ACT纠正；implementation-plan.md WP-ACT；review-v2-resolution.md F03/F10。历史定义/算例：implementation-evidence/verification.json、implementation-review.md（不证明当前事件识别）。,用户已确认V3业务与界面修正；当前产品接受未发生；Codex仍在实现/验证,V4文档纠正：目录已定义，逐类型事件识别证据不足；产品接受未发生
ACT-S03-12,work-item-catalog.md ACT-S03-12；product-design.md 第21.8节；dependency-revision-v4.md ACT事实识别状态纠正,已实际出库时，调拨运输以“出库→到目标厂交付”识别该动作的完成事实,WP-ACT 逐类型事件完成识别；原WP01/WP02,候选定义：catalog.ts、configuration.ts；本类型完整事件识别投影未精确绑定。相邻能力：V3-SOURCE-004/013/014/017/020/022；V4-SOURCE-001。,本项缺口：运输已独立于工厂实收展示，但来源缺独立物流实际交付时刻；送货单登记和工厂实收不能代填本项终点。 需绑定适用有效/部分/重复/缺失/取消失效事件结果；目录字段非空或整组测试数不能证明本项。F03/F10；V3-SOURCE-004/013/014/017/020/022；V4-SOURCE-001。,当前实施中：目录可见不等于实际起止/完成识别；具体类型来源身份、数量/单位/版本/责任与结果仍缺独立页面和事件证据。,实施中,本行具体缺口；product-design.md §21.8；dependency-revision-v4.md ACT纠正；implementation-plan.md WP-ACT；review-v2-resolution.md F03/F10。历史定义/算例：implementation-evidence/verification.json、implementation-review.md（不证明当前事件识别）。,用户已确认V3业务与界面修正；当前产品接受未发生；Codex仍在实现/验证,V4文档纠正：目录已定义，逐类型事件识别证据不足；产品接受未发生
ACT-S03-13,work-item-catalog.md ACT-S03-13；product-design.md 第21.8节；dependency-revision-v4.md ACT事实识别状态纠正,到厂交付时，目标工厂接收以“交付→目标工厂实收及差异确认”识别该动作的完成事实,WP-ACT 逐类型事件完成识别；原WP01/WP02,候选定义：catalog.ts、configuration.ts；本类型完整事件识别投影未精确绑定。相邻能力：V3-SOURCE-004/013/014/017/020/022；V4-SOURCE-001。,本项缺口：已有目标厂及明细实收相邻投影；来源缺物流交付起点，且本项实收/差异确认完整事件未逐类型闭环，不能与运输共享完成时刻。 需绑定适用有效/部分/重复/缺失/取消失效事件结果；目录字段非空或整组测试数不能证明本项。F03/F10；V3-SOURCE-004/013/014/017/020/022；V4-SOURCE-001。,当前实施中：目录可见不等于实际起止/完成识别；具体类型来源身份、数量/单位/版本/责任与结果仍缺独立页面和事件证据。,实施中,本行具体缺口；product-design.md §21.8；dependency-revision-v4.md ACT纠正；implementation-plan.md WP-ACT；review-v2-resolution.md F03/F10。历史定义/算例：implementation-evidence/verification.json、implementation-review.md（不证明当前事件识别）。,用户已确认V3业务与界面修正；当前产品接受未发生；Codex仍在实现/验证,V4文档纠正：目录已定义，逐类型事件识别证据不足；产品接受未发生
ACT-S03-14,work-item-catalog.md ACT-S03-14；product-design.md 第21.8节；dependency-revision-v4.md ACT事实识别状态纠正,本土制作且本次需要时，辅料制版／打样以“要求齐→可用于制作的版／样”识别该动作的完成事实,WP-ACT 逐类型事件完成识别；原WP01/WP02,候选定义：catalog.ts、configuration.ts；本类型完整事件识别投影未精确绑定。相邻能力：V3-SOURCE-004/013/014/017/020/022；V4-SOURCE-001。,本项缺口：需绑定本土辅料本次要求齐备及可用版/样结果，区分可复用与实际重新制版。 需绑定适用有效/部分/重复/缺失/取消失效事件结果；目录字段非空或整组测试数不能证明本项。F03/F10；V3-SOURCE-004/013/014/017/020/022；V4-SOURCE-001。,当前实施中：目录可见不等于实际起止/完成识别；具体类型来源身份、数量/单位/版本/责任与结果仍缺独立页面和事件证据。,实施中,本行具体缺口；product-design.md §21.8；dependency-revision-v4.md ACT纠正；implementation-plan.md WP-ACT；review-v2-resolution.md F03/F10。历史定义/算例：implementation-evidence/verification.json、implementation-review.md（不证明当前事件识别）。,用户已确认V3业务与界面修正；当前产品接受未发生；Codex仍在实现/验证,V4文档纠正：目录已定义，逐类型事件识别证据不足；产品接受未发生
ACT-S03-15,work-item-catalog.md ACT-S03-15；product-design.md 第21.8节；dependency-revision-v4.md ACT事实识别状态纠正,本土委托制作时，辅料制作以“版／样／原料满足→制作产出”识别该动作的完成事实,WP-ACT 逐类型事件完成识别；原WP01/WP02,候选定义：catalog.ts、configuration.ts；本类型完整事件识别投影未精确绑定。相邻能力：V3-SOURCE-004/013/014/017/020/022；V4-SOURCE-001。,本项缺口：需绑定辅料版/样/原料具备及制作产出，按需求/SKU/单位证明足量，不借通用执行任务总量。 需绑定适用有效/部分/重复/缺失/取消失效事件结果；目录字段非空或整组测试数不能证明本项。F03/F10；V3-SOURCE-004/013/014/017/020/022；V4-SOURCE-001。,当前实施中：目录可见不等于实际起止/完成识别；具体类型来源身份、数量/单位/版本/责任与结果仍缺独立页面和事件证据。,实施中,本行具体缺口；product-design.md §21.8；dependency-revision-v4.md ACT纠正；implementation-plan.md WP-ACT；review-v2-resolution.md F03/F10。历史定义/算例：implementation-evidence/verification.json、implementation-review.md（不证明当前事件识别）。,用户已确认V3业务与界面修正；当前产品接受未发生；Codex仍在实现/验证,V4文档纠正：目录已定义，逐类型事件识别证据不足；产品接受未发生
ACT-S03-16,work-item-catalog.md ACT-S03-16；product-design.md 第21.8节；dependency-revision-v4.md ACT事实识别状态纠正,目标面料需染色时，面料染色以“色样／原料满足→合格加工产出”识别该动作的完成事实,WP-ACT 逐类型事件完成识别；原WP01/WP02,候选定义：catalog.ts、configuration.ts；本类型完整事件识别投影未精确绑定。相邻能力：V3-SOURCE-004/013/014/017/020/022；V4-SOURCE-001。,本项缺口：已有路线/执行身份相邻能力；面料染色需逐类绑定色样及原料就绪到合格目标色产出，通用DONE不代表合格。 需绑定适用有效/部分/重复/缺失/取消失效事件结果；目录字段非空或整组测试数不能证明本项。F03/F10；V3-SOURCE-004/013/014/017/020/022；V4-SOURCE-001。,当前实施中：目录可见不等于实际起止/完成识别；具体类型来源身份、数量/单位/版本/责任与结果仍缺独立页面和事件证据。,实施中,本行具体缺口；product-design.md §21.8；dependency-revision-v4.md ACT纠正；implementation-plan.md WP-ACT；review-v2-resolution.md F03/F10。历史定义/算例：implementation-evidence/verification.json、implementation-review.md（不证明当前事件识别）。,用户已确认V3业务与界面修正；当前产品接受未发生；Codex仍在实现/验证,V4文档纠正：目录已定义，逐类型事件识别证据不足；产品接受未发生
ACT-S03-17,work-item-catalog.md ACT-S03-17；product-design.md 第21.8节；dependency-revision-v4.md ACT事实识别状态纠正,目标面料需印花时，面料印花以“花型／原料满足→合格印花产出”识别该动作的完成事实,WP-ACT 逐类型事件完成识别；原WP01/WP02,候选定义：catalog.ts、configuration.ts；本类型完整事件识别投影未精确绑定。相邻能力：V3-SOURCE-004/013/014/017/020/022；V4-SOURCE-001。,本项缺口：已有路线/执行身份相邻能力；面料印花需逐类绑定花型及原料就绪到合格印花产出，不能仅以加工完成状态。 需绑定适用有效/部分/重复/缺失/取消失效事件结果；目录字段非空或整组测试数不能证明本项。F03/F10；V3-SOURCE-004/013/014/017/020/022；V4-SOURCE-001。,当前实施中：目录可见不等于实际起止/完成识别；具体类型来源身份、数量/单位/版本/责任与结果仍缺独立页面和事件证据。,实施中,本行具体缺口；product-design.md §21.8；dependency-revision-v4.md ACT纠正；implementation-plan.md WP-ACT；review-v2-resolution.md F03/F10。历史定义/算例：implementation-evidence/verification.json、implementation-review.md（不证明当前事件识别）。,用户已确认V3业务与界面修正；当前产品接受未发生；Codex仍在实现/验证,V4文档纠正：目录已定义，逐类型事件识别证据不足；产品接受未发生
ACT-S03-18,work-item-catalog.md ACT-S03-18；product-design.md 第21.8节；dependency-revision-v4.md ACT事实识别状态纠正,目标辅料需染色时，辅料染色以“目标色／原料满足→目标色合格辅料”识别该动作的完成事实,WP-ACT 逐类型事件完成识别；原WP01/WP02,候选定义：catalog.ts、configuration.ts；本类型完整事件识别投影未精确绑定。相邻能力：V3-SOURCE-004/013/014/017/020/022；V4-SOURCE-001。,本项缺口：需绑定目标辅料色、白坯/原料、加工结果及合格数量；白色原料到货不能当目标色辅料齐备。 需绑定适用有效/部分/重复/缺失/取消失效事件结果；目录字段非空或整组测试数不能证明本项。F03/F10；V3-SOURCE-004/013/014/017/020/022；V4-SOURCE-001。,当前实施中：目录可见不等于实际起止/完成识别；具体类型来源身份、数量/单位/版本/责任与结果仍缺独立页面和事件证据。,实施中,本行具体缺口；product-design.md §21.8；dependency-revision-v4.md ACT纠正；implementation-plan.md WP-ACT；review-v2-resolution.md F03/F10。历史定义/算例：implementation-evidence/verification.json、implementation-review.md（不证明当前事件识别）。,用户已确认V3业务与界面修正；当前产品接受未发生；Codex仍在实现/验证,V4文档纠正：目录已定义，逐类型事件识别证据不足；产品接受未发生
ACT-S03-19,work-item-catalog.md ACT-S03-19；product-design.md 第21.8节；dependency-revision-v4.md ACT事实识别状态纠正,加工产出须交下一环节时，加工检验与交出以“加工完成→检验及交出确认”识别该动作的完成事实,WP-ACT 逐类型事件完成识别；原WP01/WP02,候选定义：catalog.ts、configuration.ts；本类型完整事件识别投影未精确绑定。相邻能力：V3-SOURCE-004/013/014/017/020/022；V4-SOURCE-001。,本项缺口：已有交接/QC相邻投影；仍需此类加工完成、检验放行与实际交出分别绑定，不能把跨责任组合段当每个动作已实现。 需绑定适用有效/部分/重复/缺失/取消失效事件结果；目录字段非空或整组测试数不能证明本项。F03/F10；V3-SOURCE-004/013/014/017/020/022；V4-SOURCE-001。,当前实施中：目录可见不等于实际起止/完成识别；具体类型来源身份、数量/单位/版本/责任与结果仍缺独立页面和事件证据。,实施中,本行具体缺口；product-design.md §21.8；dependency-revision-v4.md ACT纠正；implementation-plan.md WP-ACT；review-v2-resolution.md F03/F10。历史定义/算例：implementation-evidence/verification.json、implementation-review.md（不证明当前事件识别）。,用户已确认V3业务与界面修正；当前产品接受未发生；Codex仍在实现/验证,V4文档纠正：目录已定义，逐类型事件识别证据不足；产品接受未发生
ACT-S03-20,work-item-catalog.md ACT-S03-20；product-design.md 第21.8节；dependency-revision-v4.md ACT事实识别状态纠正,从加工厂进入下一厂／仓时，加工产出接收以“实际交付→指定接收方实收”识别该动作的完成事实,WP-ACT 逐类型事件完成识别；原WP01/WP02,候选定义：catalog.ts、configuration.ts；本类型完整事件识别投影未精确绑定。相邻能力：，不混物流交付与工厂实收。 需按适用情况补有效、部分、重复、缺失、取消/失效事件与结果；已有专项整组通过数不能替代本项精确用例。问题F03/F10；关联V3-SOURCE-004/013/014/017/020/022；V4-SOURCE-001。,本项缺口：已有指定接收方/明细实收相邻投影；仍需此类实际交付起点及接收数量/差异的逐类型关联，不混物流交付与工厂实收。 需绑定适用有效/部分/重复/缺失/取消失效事件结果；目录字段非空或整组测试数不能证明本项。F03/F10；，不混物流交付与工厂实收。 需按适用情况补有效、部分、重复、缺失、取消/失效事件与结果；已有专项整组通过数不能替代本项精确用例。问题F03/F10；关联V3-SOURCE-004/013/014/017/020/022；V4-SOURCE-001。,当前实施中：目录可见不等于实际起止/完成识别；具体类型来源身份、数量/单位/版本/责任与结果仍缺独立页面和事件证据。,实施中,本行具体缺口；product-design.md §21.8；dependency-revision-v4.md ACT纠正；implementation-plan.md WP-ACT；review-v2-resolution.md F03/F10。历史定义/算例：implementation-evidence/verification.json、implementation-review.md（不证明当前事件识别）。,用户已确认V3业务与界面修正；当前产品接受未发生；Codex仍在实现/验证,V4文档纠正：目录已定义，逐类型事件识别证据不足；产品接受未发生
ACT-S04-01,work-item-catalog.md ACT-S04-01；product-design.md 第21.8节；dependency-revision-v4.md ACT事实识别状态纠正,存在提前单／合并来源时，来源需求／提前加工单匹配以“正式建单条件满足→匹配确认”识别该动作的完成事实,WP-ACT 逐类型事件完成识别；原WP01/WP02,候选定义：catalog.ts、configuration.ts；本类型完整事件识别投影未精确绑定。相邻能力：V3-SOURCE-005/006/011/014/015。,本项缺口：需绑定正式建单条件、各需求与提前加工单的有效匹配确认，不能仅凭技术版本或生产单号推定匹配完成。 需绑定适用有效/部分/重复/缺失/取消失效事件结果；目录字段非空或整组测试数不能证明本项。F03/F10；V3-SOURCE-005/006/011/014/015。,当前实施中：目录可见不等于实际起止/完成识别；具体类型来源身份、数量/单位/版本/责任与结果仍缺独立页面和事件证据。,实施中,本行具体缺口；product-design.md §21.8；dependency-revision-v4.md ACT纠正；implementation-plan.md WP-ACT；review-v2-resolution.md F03/F10。历史定义/算例：implementation-evidence/verification.json、implementation-review.md（不证明当前事件识别）。,用户已确认V3业务与界面修正；当前产品接受未发生；Codex仍在实现/验证,V4文档纠正：目录已定义，逐类型事件识别证据不足；产品接受未发生
ACT-S04-02,work-item-catalog.md ACT-S04-02；product-design.md 第21.8节；dependency-revision-v4.md ACT事实识别状态纠正,生产方案可确认时，生产单创建确认以“必要输入就绪→生产单有效”识别该动作的完成事实,WP-ACT 逐类型事件完成识别；原WP01/WP02,候选定义：catalog.ts、configuration.ts；本类型完整事件识别投影未精确绑定。相邻能力：V3-SOURCE-005/006/011/014/015。,本项缺口：已有生产单存在及技术版本前置关系；仍需必要输入就绪到生产单有效的准确事件语义及取消/失效边界。 需绑定适用有效/部分/重复/缺失/取消失效事件结果；目录字段非空或整组测试数不能证明本项。F03/F10；V3-SOURCE-005/006/011/014/015。,当前实施中：目录可见不等于实际起止/完成识别；具体类型来源身份、数量/单位/版本/责任与结果仍缺独立页面和事件证据。,实施中,本行具体缺口；product-design.md §21.8；dependency-revision-v4.md ACT纠正；implementation-plan.md WP-ACT；review-v2-resolution.md F03/F10。历史定义/算例：implementation-evidence/verification.json、implementation-review.md（不证明当前事件识别）。,用户已确认V3业务与界面修正；当前产品接受未发生；Codex仍在实现/验证,V4文档纠正：目录已定义，逐类型事件识别证据不足；产品接受未发生
ACT-S04-03,work-item-catalog.md ACT-S04-03；product-design.md 第21.8节；dependency-revision-v4.md ACT事实识别状态纠正,技术路线已放行时，生成／确认生产任务以“生产单具备→工艺任务成立”识别该动作的完成事实,WP-ACT 逐类型事件完成识别；原WP01/WP02,候选定义：catalog.ts、configuration.ts；本类型完整事件识别投影未精确绑定。相邻能力：V3-SOURCE-005/006/011/014/015。,本项缺口：已有精确生产单/执行任务关系；仍需从技术放行及生产单具备到工艺任务正式成立的事件，不以读到任务替代成立时刻。 需绑定适用有效/部分/重复/缺失/取消失效事件结果；目录字段非空或整组测试数不能证明本项。F03/F10；V3-SOURCE-005/006/011/014/015。,当前实施中：目录可见不等于实际起止/完成识别；具体类型来源身份、数量/单位/版本/责任与结果仍缺独立页面和事件证据。,实施中,本行具体缺口；product-design.md §21.8；dependency-revision-v4.md ACT纠正；implementation-plan.md WP-ACT；review-v2-resolution.md F03/F10。历史定义/算例：implementation-evidence/verification.json、implementation-review.md（不证明当前事件识别）。,用户已确认V3业务与界面修正；当前产品接受未发生；Codex仍在实现/验证,V4文档纠正：目录已定义，逐类型事件识别证据不足；产品接受未发生
ACT-S04-04,work-item-catalog.md ACT-S04-04；product-design.md 第21.8节；dependency-revision-v4.md ACT事实识别状态纠正,任务需选择工厂／负责人时，任务分配以“可分配→有效分配”识别该动作的完成事实,WP-ACT 逐类型事件完成识别；原WP01/WP02,候选定义：catalog.ts、configuration.ts；本类型完整事件识别投影未精确绑定。相邻能力：V3-SOURCE-005/006/011/014/015。,本项缺口：已有实际执行工厂/责任字段；仍需可分配起点及有效分配事件，当前负责人不是分配完成时间。 需绑定适用有效/部分/重复/缺失/取消失效事件结果；目录字段非空或整组测试数不能证明本项。F03/F10；V3-SOURCE-005/006/011/014/015。,当前实施中：目录可见不等于实际起止/完成识别；具体类型来源身份、数量/单位/版本/责任与结果仍缺独立页面和事件证据。,实施中,本行具体缺口；product-design.md §21.8；dependency-revision-v4.md ACT纠正；implementation-plan.md WP-ACT；review-v2-resolution.md F03/F10。历史定义/算例：implementation-evidence/verification.json、implementation-review.md（不证明当前事件识别）。,用户已确认V3业务与界面修正；当前产品接受未发生；Codex仍在实现/验证,V4文档纠正：目录已定义，逐类型事件识别证据不足；产品接受未发生
ACT-S04-05,work-item-catalog.md ACT-S04-05；product-design.md 第21.8节；dependency-revision-v4.md ACT事实识别状态纠正,任务已分配时，任务下发以“可下发→工厂收到有效任务”识别该动作的完成事实,WP-ACT 逐类型事件完成识别；原WP01/WP02,候选定义：catalog.ts、configuration.ts；本类型完整事件识别投影未精确绑定。相邻能力：V3-SOURCE-005/006/011/014/015。,本项缺口：需绑定任务可下发及工厂收到有效任务的事实，下发记录与工厂实际接收必须区分。 需绑定适用有效/部分/重复/缺失/取消失效事件结果；目录字段非空或整组测试数不能证明本项。F03/F10；V3-SOURCE-005/006/011/014/015。,当前实施中：目录可见不等于实际起止/完成识别；具体类型来源身份、数量/单位/版本/责任与结果仍缺独立页面和事件证据。,实施中,本行具体缺口；product-design.md §21.8；dependency-revision-v4.md ACT纠正；implementation-plan.md WP-ACT；review-v2-resolution.md F03/F10。历史定义/算例：implementation-evidence/verification.json、implementation-review.md（不证明当前事件识别）。,用户已确认V3业务与界面修正；当前产品接受未发生；Codex仍在实现/验证,V4文档纠正：目录已定义，逐类型事件识别证据不足；产品接受未发生
ACT-S05-01,work-item-catalog.md ACT-S05-01；product-design.md 第21.8节；dependency-revision-v4.md ACT事实识别状态纠正,本批料可用时，裁床领料配料以“本批物料齐→配料完成”识别该动作的完成事实,WP-ACT 逐类型事件完成识别；原WP01/WP02,候选定义：catalog.ts、configuration.ts；本类型完整事件识别投影未精确绑定。相邻能力：V3-SOURCE-003/006/011/013/014/020/022。,本项缺口：需绑定本批料齐备与裁床配料完成事件，目标SKU及需求份额已知不能由总库存代替。 需绑定适用有效/部分/重复/缺失/取消失效事件结果；目录字段非空或整组测试数不能证明本项。F03/F10；V3-SOURCE-003/006/011/013/014/020/022。,当前实施中：目录可见不等于实际起止/完成识别；具体类型来源身份、数量/单位/版本/责任与结果仍缺独立页面和事件证据。,实施中,本行具体缺口；product-design.md §21.8；dependency-revision-v4.md ACT纠正；implementation-plan.md WP-ACT；review-v2-resolution.md F03/F10。历史定义/算例：implementation-evidence/verification.json、implementation-review.md（不证明当前事件识别）。,用户已确认V3业务与界面修正；当前产品接受未发生；Codex仍在实现/验证,V4文档纠正：目录已定义，逐类型事件识别证据不足；产品接受未发生
ACT-S05-02,work-item-catalog.md ACT-S05-02；product-design.md 第21.8节；dependency-revision-v4.md ACT事实识别状态纠正,路线需要时，拉布／铺布以“布料与任务满足→铺布完成”识别该动作的完成事实,WP-ACT 逐类型事件完成识别；原WP01/WP02,候选定义：catalog.ts、configuration.ts；本类型完整事件识别投影未精确绑定。相邻能力：V3-SOURCE-003/006/011/013/014/020/022。,本项缺口：需绑定该路线铺布任务及布料具备到铺布完成事实，不能由裁剪任务通用状态倒推。 需绑定适用有效/部分/重复/缺失/取消失效事件结果；目录字段非空或整组测试数不能证明本项。F03/F10；V3-SOURCE-003/006/011/013/014/020/022。,当前实施中：目录可见不等于实际起止/完成识别；具体类型来源身份、数量/单位/版本/责任与结果仍缺独立页面和事件证据。,实施中,本行具体缺口；product-design.md §21.8；dependency-revision-v4.md ACT纠正；implementation-plan.md WP-ACT；review-v2-resolution.md F03/F10。历史定义/算例：implementation-evidence/verification.json、implementation-review.md（不证明当前事件识别）。,用户已确认V3业务与界面修正；当前产品接受未发生；Codex仍在实现/验证,V4文档纠正：目录已定义，逐类型事件识别证据不足；产品接受未发生
ACT-S05-03,work-item-catalog.md ACT-S05-03；product-design.md 第21.8节；dependency-revision-v4.md ACT事实识别状态纠正,任务与布料满足时，裁剪以“裁床可执行→有效裁片输出”识别该动作的完成事实,WP-ACT 逐类型事件完成识别；原WP01/WP02,候选定义：catalog.ts、configuration.ts；本类型完整事件识别投影未精确绑定。相邻能力：V3-SOURCE-003/006/011/013/014/020/022。,本项缺口：已有执行状态/起止相邻能力；仍需裁床可执行起点到有效裁片输出的本类型数量与结果证据。 需绑定适用有效/部分/重复/缺失/取消失效事件结果；目录字段非空或整组测试数不能证明本项。F03/F10；V3-SOURCE-003/006/011/013/014/020/022。,当前实施中：目录可见不等于实际起止/完成识别；具体类型来源身份、数量/单位/版本/责任与结果仍缺独立页面和事件证据。,实施中,本行具体缺口；product-design.md §21.8；dependency-revision-v4.md ACT纠正；implementation-plan.md WP-ACT；review-v2-resolution.md F03/F10。历史定义/算例：implementation-evidence/verification.json、implementation-review.md（不证明当前事件识别）。,用户已确认V3业务与界面修正；当前产品接受未发生；Codex仍在实现/验证,V4文档纠正：目录已定义，逐类型事件识别证据不足；产品接受未发生
ACT-S05-04,work-item-catalog.md ACT-S05-04；product-design.md 第21.8节；dependency-revision-v4.md ACT事实识别状态纠正,现场工艺需要时，编号与菲票配套以“裁片输出→编号／菲票关系就绪”识别该动作的完成事实,WP-ACT 逐类型事件完成识别；原WP01/WP02,候选定义：catalog.ts、configuration.ts；本类型完整事件识别投影未精确绑定。相邻能力：V3-SOURCE-003/006/011/013/014/020/022。,本项缺口：需绑定裁片输出与编号/菲票配套完成关系，打印票据存在不证明裁片已正确配套。 需绑定适用有效/部分/重复/缺失/取消失效事件结果；目录字段非空或整组测试数不能证明本项。F03/F10；V3-SOURCE-003/006/011/013/014/020/022。,当前实施中：目录可见不等于实际起止/完成识别；具体类型来源身份、数量/单位/版本/责任与结果仍缺独立页面和事件证据。,实施中,本行具体缺口；product-design.md §21.8；dependency-revision-v4.md ACT纠正；implementation-plan.md WP-ACT；review-v2-resolution.md F03/F10。历史定义/算例：implementation-evidence/verification.json、implementation-review.md（不证明当前事件识别）。,用户已确认V3业务与界面修正；当前产品接受未发生；Codex仍在实现/验证,V4文档纠正：目录已定义，逐类型事件识别证据不足；产品接受未发生
ACT-S05-05,work-item-catalog.md ACT-S05-05；product-design.md 第21.8节；dependency-revision-v4.md ACT事实识别状态纠正,裁片需验收时，裁片检验以“待验裁片→合格裁片”识别该动作的完成事实,WP-ACT 逐类型事件完成识别；原WP01/WP02,候选定义：catalog.ts、configuration.ts；本类型完整事件识别投影未精确绑定。相邻能力：V3-SOURCE-003/006/011/013/014/020/022。,本项缺口：已有QC相邻投影；仍需待验裁片到合格裁片的全批范围和数量，不用抽检数当整批合格。 需绑定适用有效/部分/重复/缺失/取消失效事件结果；目录字段非空或整组测试数不能证明本项。F03/F10；V3-SOURCE-003/006/011/013/014/020/022。,当前实施中：目录可见不等于实际起止/完成识别；具体类型来源身份、数量/单位/版本/责任与结果仍缺独立页面和事件证据。,实施中,本行具体缺口；product-design.md §21.8；dependency-revision-v4.md ACT纠正；implementation-plan.md WP-ACT；review-v2-resolution.md F03/F10。历史定义/算例：implementation-evidence/verification.json、implementation-review.md（不证明当前事件识别）。,用户已确认V3业务与界面修正；当前产品接受未发生；Codex仍在实现/验证,V4文档纠正：目录已定义，逐类型事件识别证据不足；产品接受未发生
ACT-S05-06,work-item-catalog.md ACT-S05-06；product-design.md 第21.8节；dependency-revision-v4.md ACT事实识别状态纠正,下一环节可接续时，裁片交出以“可交裁片→交出确认”识别该动作的完成事实,WP-ACT 逐类型事件完成识别；原WP01/WP02,候选定义：catalog.ts、configuration.ts；本类型完整事件识别投影未精确绑定。相邻能力：V3-SOURCE-003/006/011/013/014/020/022。,本项缺口：已有实际交出相邻能力；仍需本批可交裁片起点、裁片交出确认及责任移交逐类型证据。 需绑定适用有效/部分/重复/缺失/取消失效事件结果；目录字段非空或整组测试数不能证明本项。F03/F10；V3-SOURCE-003/006/011/013/014/020/022。,当前实施中：目录可见不等于实际起止/完成识别；具体类型来源身份、数量/单位/版本/责任与结果仍缺独立页面和事件证据。,实施中,本行具体缺口；product-design.md §21.8；dependency-revision-v4.md ACT纠正；implementation-plan.md WP-ACT；review-v2-resolution.md F03/F10。历史定义/算例：implementation-evidence/verification.json、implementation-review.md（不证明当前事件识别）。,用户已确认V3业务与界面修正；当前产品接受未发生；Codex仍在实现/验证,V4文档纠正：目录已定义，逐类型事件识别证据不足；产品接受未发生
ACT-S05-07,work-item-catalog.md ACT-S05-07；product-design.md 第21.8节；dependency-revision-v4.md ACT事实识别状态纠正,已交出到下一环节时，裁片下游接收以“到达→下游实收”识别该动作的完成事实,WP-ACT 逐类型事件完成识别；原WP01/WP02,候选定义：catalog.ts、configuration.ts；本类型完整事件识别投影未精确绑定。相邻能力：V3-SOURCE-003/006/011/013/014/020/022。,本项缺口：已有接收记录相邻能力；仍需裁片到达与下游实收的精确批次/对象/差异，不能借其他材料实收完成本项。 需绑定适用有效/部分/重复/缺失/取消失效事件结果；目录字段非空或整组测试数不能证明本项。F03/F10；V3-SOURCE-003/006/011/013/014/020/022。,当前实施中：目录可见不等于实际起止/完成识别；具体类型来源身份、数量/单位/版本/责任与结果仍缺独立页面和事件证据。,实施中,本行具体缺口；product-design.md §21.8；dependency-revision-v4.md ACT纠正；implementation-plan.md WP-ACT；review-v2-resolution.md F03/F10。历史定义/算例：implementation-evidence/verification.json、implementation-review.md（不证明当前事件识别）。,用户已确认V3业务与界面修正；当前产品接受未发生；Codex仍在实现/验证,V4文档纠正：目录已定义，逐类型事件识别证据不足；产品接受未发生
ACT-S06-01,work-item-catalog.md ACT-S06-01；product-design.md 第21.8节；dependency-revision-v4.md ACT事实识别状态纠正,本批有此工艺时，特殊工艺任务接收以“任务及投入到达→接收确认”识别该动作的完成事实,WP-ACT 逐类型事件完成识别；原WP01/WP02,候选定义：catalog.ts、configuration.ts；本类型完整事件识别投影未精确绑定。相邻能力：V3-SOURCE-003/006/011/012/013/014/020/022。,本项缺口：需逐特殊工艺绑定任务及投入到达与接收确认，任务分配不等于现场实收。 需绑定适用有效/部分/重复/缺失/取消失效事件结果；目录字段非空或整组测试数不能证明本项。F03/F10；V3-SOURCE-003/006/011/012/013/014/020/022。,当前实施中：目录可见不等于实际起止/完成识别；具体类型来源身份、数量/单位/版本/责任与结果仍缺独立页面和事件证据。,实施中,本行具体缺口；product-design.md §21.8；dependency-revision-v4.md ACT纠正；implementation-plan.md WP-ACT；review-v2-resolution.md F03/F10。历史定义/算例：implementation-evidence/verification.json、implementation-review.md（不证明当前事件识别）。,用户已确认V3业务与界面修正；当前产品接受未发生；Codex仍在实现/验证,V4文档纠正：目录已定义，逐类型事件识别证据不足；产品接受未发生
ACT-S06-02,work-item-catalog.md ACT-S06-02；product-design.md 第21.8节；dependency-revision-v4.md ACT事实识别状态纠正,按实际工艺类型实例化时，特殊工艺执行以“技术／投入齐→加工完成”识别该动作的完成事实,WP-ACT 逐类型事件完成识别；原WP01/WP02,候选定义：catalog.ts、configuration.ts；本类型完整事件识别投影未精确绑定。相邻能力：V3-SOURCE-003/006/011/012/013/014/020/022。,本项缺口：已有显式路线及执行起止相邻能力；仍需按各特殊工艺类型证明技术/投入齐备到加工完成，不能以同名通用任务覆盖全部类型。 需绑定适用有效/部分/重复/缺失/取消失效事件结果；目录字段非空或整组测试数不能证明本项。F03/F10；V3-SOURCE-003/006/011/012/013/014/020/022。,当前实施中：目录可见不等于实际起止/完成识别；具体类型来源身份、数量/单位/版本/责任与结果仍缺独立页面和事件证据。,实施中,本行具体缺口；product-design.md §21.8；dependency-revision-v4.md ACT纠正；implementation-plan.md WP-ACT；review-v2-resolution.md F03/F10。历史定义/算例：implementation-evidence/verification.json、implementation-review.md（不证明当前事件识别）。,用户已确认V3业务与界面修正；当前产品接受未发生；Codex仍在实现/验证,V4文档纠正：目录已定义，逐类型事件识别证据不足；产品接受未发生
ACT-S06-03,work-item-catalog.md ACT-S06-03；product-design.md 第21.8节；dependency-revision-v4.md ACT事实识别状态纠正,工艺产出须检验时，特殊工艺检验以“加工完成→合格产出”识别该动作的完成事实,WP-ACT 逐类型事件完成识别；原WP01/WP02,候选定义：catalog.ts、configuration.ts；本类型完整事件识别投影未精确绑定。相邻能力：V3-SOURCE-003/006/011/012/013/014/020/022。,本项缺口：已有QC相邻投影；仍需特殊工艺加工完成到合格产出及适用检验范围，抽检结果不能代表足量合格。 需绑定适用有效/部分/重复/缺失/取消失效事件结果；目录字段非空或整组测试数不能证明本项。F03/F10；V3-SOURCE-003/006/011/012/013/014/020/022。,当前实施中：目录可见不等于实际起止/完成识别；具体类型来源身份、数量/单位/版本/责任与结果仍缺独立页面和事件证据。,实施中,本行具体缺口；product-design.md §21.8；dependency-revision-v4.md ACT纠正；implementation-plan.md WP-ACT；review-v2-resolution.md F03/F10。历史定义/算例：implementation-evidence/verification.json、implementation-review.md（不证明当前事件识别）。,用户已确认V3业务与界面修正；当前产品接受未发生；Codex仍在实现/验证,V4文档纠正：目录已定义，逐类型事件识别证据不足；产品接受未发生
ACT-S06-04,work-item-catalog.md ACT-S06-04；product-design.md 第21.8节；dependency-revision-v4.md ACT事实识别状态纠正,合格输出需移交时，特殊工艺交出以“可交出→实际交出”识别该动作的完成事实,WP-ACT 逐类型事件完成识别；原WP01/WP02,候选定义：catalog.ts、configuration.ts；本类型完整事件识别投影未精确绑定。相邻能力：V3-SOURCE-003/006/011/012/013/014/020/022。,本项缺口：已有交出相邻投影；仍需该工艺可交条件、实际交出及责任/批次数量逐类型绑定。 需绑定适用有效/部分/重复/缺失/取消失效事件结果；目录字段非空或整组测试数不能证明本项。F03/F10；V3-SOURCE-003/006/011/012/013/014/020/022。,当前实施中：目录可见不等于实际起止/完成识别；具体类型来源身份、数量/单位/版本/责任与结果仍缺独立页面和事件证据。,实施中,本行具体缺口；product-design.md §21.8；dependency-revision-v4.md ACT纠正；implementation-plan.md WP-ACT；review-v2-resolution.md F03/F10。历史定义/算例：implementation-evidence/verification.json、implementation-review.md（不证明当前事件识别）。,用户已确认V3业务与界面修正；当前产品接受未发生；Codex仍在实现/验证,V4文档纠正：目录已定义，逐类型事件识别证据不足；产品接受未发生
ACT-S06-05,work-item-catalog.md ACT-S06-05；product-design.md 第21.8节；dependency-revision-v4.md ACT事实识别状态纠正,准备进入车缝时，车缝齐套确认以“所需裁片／辅料实收→本批齐套”识别该动作的完成事实,WP-ACT 逐类型事件完成识别；原WP01/WP02,候选定义：catalog.ts、configuration.ts；本类型完整事件识别投影未精确绑定。相邻能力：V3-SOURCE-003/006/011/012/013/014/020/022。,本项缺口：需绑定同批所有必要裁片/辅料实收及车缝齐套确认，部分到料和原料采购完成不能代替齐套。 需绑定适用有效/部分/重复/缺失/取消失效事件结果；目录字段非空或整组测试数不能证明本项。F03/F10；V3-SOURCE-003/006/011/012/013/014/020/022。,当前实施中：目录可见不等于实际起止/完成识别；具体类型来源身份、数量/单位/版本/责任与结果仍缺独立页面和事件证据。,实施中,本行具体缺口；product-design.md §21.8；dependency-revision-v4.md ACT纠正；implementation-plan.md WP-ACT；review-v2-resolution.md F03/F10。历史定义/算例：implementation-evidence/verification.json、implementation-review.md（不证明当前事件识别）。,用户已确认V3业务与界面修正；当前产品接受未发生；Codex仍在实现/验证,V4文档纠正：目录已定义，逐类型事件识别证据不足；产品接受未发生
ACT-S06-06,work-item-catalog.md ACT-S06-06；product-design.md 第21.8节；dependency-revision-v4.md ACT事实识别状态纠正,本批具备分单条件时，分单以“齐套→分单结果生效”识别该动作的完成事实,WP-ACT 逐类型事件完成识别；原WP01/WP02,候选定义：catalog.ts、configuration.ts；本类型完整事件识别投影未精确绑定。相邻能力：V3-SOURCE-003/006/011/012/013/014/020/022。,本项缺口：需绑定本批齐套起点与生效分单结果；分单记录出现不证明齐套曾满足。 需绑定适用有效/部分/重复/缺失/取消失效事件结果；目录字段非空或整组测试数不能证明本项。F03/F10；V3-SOURCE-003/006/011/012/013/014/020/022。,当前实施中：目录可见不等于实际起止/完成识别；具体类型来源身份、数量/单位/版本/责任与结果仍缺独立页面和事件证据。,实施中,本行具体缺口；product-design.md §21.8；dependency-revision-v4.md ACT纠正；implementation-plan.md WP-ACT；review-v2-resolution.md F03/F10。历史定义/算例：implementation-evidence/verification.json、implementation-review.md（不证明当前事件识别）。,用户已确认V3业务与界面修正；当前产品接受未发生；Codex仍在实现/验证,V4文档纠正：目录已定义，逐类型事件识别证据不足；产品接受未发生
ACT-S06-07,work-item-catalog.md ACT-S06-07；product-design.md 第21.8节；dependency-revision-v4.md ACT事实识别状态纠正,需配套送至执行组时，厂内配套与交接以“可配套→执行组实收”识别该动作的完成事实,WP-ACT 逐类型事件完成识别；原WP01/WP02,候选定义：catalog.ts、configuration.ts；本类型完整事件识别投影未精确绑定。相邻能力：V3-SOURCE-003/006/011/012/013/014/020/022。,本项缺口：需绑定厂内可配套条件、执行组实收及批次数量/差异，不能借厂级接收替代组级交接。 需绑定适用有效/部分/重复/缺失/取消失效事件结果；目录字段非空或整组测试数不能证明本项。F03/F10；V3-SOURCE-003/006/011/012/013/014/020/022。,当前实施中：目录可见不等于实际起止/完成识别；具体类型来源身份、数量/单位/版本/责任与结果仍缺独立页面和事件证据。,实施中,本行具体缺口；product-design.md §21.8；dependency-revision-v4.md ACT纠正；implementation-plan.md WP-ACT；review-v2-resolution.md F03/F10。历史定义/算例：implementation-evidence/verification.json、implementation-review.md（不证明当前事件识别）。,用户已确认V3业务与界面修正；当前产品接受未发生；Codex仍在实现/验证,V4文档纠正：目录已定义，逐类型事件识别证据不足；产品接受未发生
ACT-S07-01,work-item-catalog.md ACT-S07-01；product-design.md 第21.8节；dependency-revision-v4.md ACT事实识别状态纠正,已下发时，车缝任务接收以“有效下发→接收确认”识别该动作的完成事实,WP-ACT 逐类型事件完成识别；原WP01/WP02,候选定义：catalog.ts、configuration.ts；本类型完整事件识别投影未精确绑定。相邻能力：V3-SOURCE-006/014/017/020/022/023。,本项缺口：需绑定有效下发与车缝工厂/组接收确认，任务已存在不等于已接收。 需绑定适用有效/部分/重复/缺失/取消失效事件结果；目录字段非空或整组测试数不能证明本项。F03/F10；V3-SOURCE-006/014/017/020/022/023。,当前实施中：目录可见不等于实际起止/完成识别；具体类型来源身份、数量/单位/版本/责任与结果仍缺独立页面和事件证据。,实施中,本行具体缺口；product-design.md §21.8；dependency-revision-v4.md ACT纠正；implementation-plan.md WP-ACT；review-v2-resolution.md F03/F10。历史定义/算例：implementation-evidence/verification.json、implementation-review.md（不证明当前事件识别）。,用户已确认V3业务与界面修正；当前产品接受未发生；Codex仍在实现/验证,V4文档纠正：目录已定义，逐类型事件识别证据不足；产品接受未发生
ACT-S07-02,work-item-catalog.md ACT-S07-02；product-design.md 第21.8节；dependency-revision-v4.md ACT事实识别状态纠正,具备可执行数量时，车缝排队与开工以“可执行→实际开工”识别该动作的完成事实,WP-ACT 逐类型事件完成识别；原WP01/WP02,候选定义：catalog.ts、configuration.ts；本类型完整事件识别投影未精确绑定。相邻能力：V3-SOURCE-006/014/017/020/022/023。,本项缺口：已有实际开工相邻能力；仍需本批可执行起点到真实开工的排队段事件，不能从建单时刻起算。 需绑定适用有效/部分/重复/缺失/取消失效事件结果；目录字段非空或整组测试数不能证明本项。F03/F10；V3-SOURCE-006/014/017/020/022/023。,当前实施中：目录可见不等于实际起止/完成识别；具体类型来源身份、数量/单位/版本/责任与结果仍缺独立页面和事件证据。,实施中,本行具体缺口；product-design.md §21.8；dependency-revision-v4.md ACT纠正；implementation-plan.md WP-ACT；review-v2-resolution.md F03/F10。历史定义/算例：implementation-evidence/verification.json、implementation-review.md（不证明当前事件识别）。,用户已确认V3业务与界面修正；当前产品接受未发生；Codex仍在实现/验证,V4文档纠正：目录已定义，逐类型事件识别证据不足；产品接受未发生
ACT-S07-03,work-item-catalog.md ACT-S07-03；product-design.md 第21.8节；dependency-revision-v4.md ACT事实识别状态纠正,本批可执行时，车缝执行以“实际开工→完成产出”识别该动作的完成事实,WP-ACT 逐类型事件完成识别；原WP01/WP02,候选定义：catalog.ts、configuration.ts；本类型完整事件识别投影未精确绑定。相邻能力：V3-SOURCE-006/014/017/020/022/023。,本项缺口：已有执行状态/起止且有本地SLA映射示例；本项仍缺需求份额的完成产出证据及逐类型未完成/完成边界，不借生产单总量。 需绑定适用有效/部分/重复/缺失/取消失效事件结果；目录字段非空或整组测试数不能证明本项。F03/F10；V3-SOURCE-006/014/017/020/022/023。,当前实施中：目录可见不等于实际起止/完成识别；具体类型来源身份、数量/单位/版本/责任与结果仍缺独立页面和事件证据。,实施中,本行具体缺口；product-design.md §21.8；dependency-revision-v4.md ACT纠正；implementation-plan.md WP-ACT；review-v2-resolution.md F03/F10。历史定义/算例：implementation-evidence/verification.json、implementation-review.md（不证明当前事件识别）。,用户已确认V3业务与界面修正；当前产品接受未发生；Codex仍在实现/验证,V4文档纠正：目录已定义，逐类型事件识别证据不足；产品接受未发生
ACT-S07-04,work-item-catalog.md ACT-S07-04；product-design.md 第21.8节；dependency-revision-v4.md ACT事实识别状态纠正,须保证交出质量时，车缝自检以“产出→可交合格数量”识别该动作的完成事实,WP-ACT 逐类型事件完成识别；原WP01/WP02,候选定义：catalog.ts、configuration.ts；本类型完整事件识别投影未精确绑定。相邻能力：V3-SOURCE-006/014/017/020/022/023。,本项缺口：需绑定车缝产出及可交合格数量的自检事实；执行DONE或抽检通过不能代替足量可交。 需绑定适用有效/部分/重复/缺失/取消失效事件结果；目录字段非空或整组测试数不能证明本项。F03/F10；V3-SOURCE-006/014/017/020/022/023。,当前实施中：目录可见不等于实际起止/完成识别；具体类型来源身份、数量/单位/版本/责任与结果仍缺独立页面和事件证据。,实施中,本行具体缺口；product-design.md §21.8；dependency-revision-v4.md ACT纠正；implementation-plan.md WP-ACT；review-v2-resolution.md F03/F10。历史定义/算例：implementation-evidence/verification.json、implementation-review.md（不证明当前事件识别）。,用户已确认V3业务与界面修正；当前产品接受未发生；Codex仍在实现/验证,V4文档纠正：目录已定义，逐类型事件识别证据不足；产品接受未发生
ACT-S07-05,work-item-catalog.md ACT-S07-05；product-design.md 第21.8节；dependency-revision-v4.md ACT事实识别状态纠正,可交合格产出时，分批回货交出以“可交→实际回货交出”识别该动作的完成事实,WP-ACT 逐类型事件完成识别；原WP01/WP02,候选定义：catalog.ts、configuration.ts；本类型完整事件识别投影未精确绑定。相邻能力：V3-SOURCE-006/014/017/020/022/023。,本项缺口：已有交接单相邻能力；仍需本批可交合格起点及实际回货交出事件/数量，不能把回货登记当实际交出。 需绑定适用有效/部分/重复/缺失/取消失效事件结果；目录字段非空或整组测试数不能证明本项。F03/F10；V3-SOURCE-006/014/017/020/022/023。,当前实施中：目录可见不等于实际起止/完成识别；具体类型来源身份、数量/单位/版本/责任与结果仍缺独立页面和事件证据。,实施中,本行具体缺口；product-design.md §21.8；dependency-revision-v4.md ACT纠正；implementation-plan.md WP-ACT；review-v2-resolution.md F03/F10。历史定义/算例：implementation-evidence/verification.json、implementation-review.md（不证明当前事件识别）。,用户已确认V3业务与界面修正；当前产品接受未发生；Codex仍在实现/验证,V4文档纠正：目录已定义，逐类型事件识别证据不足；产品接受未发生
ACT-S07-06,work-item-catalog.md ACT-S07-06；product-design.md 第21.8节；dependency-revision-v4.md ACT事实识别状态纠正,独立运输段时，回货运输以“回货交出→接收地到达”识别该动作的完成事实,WP-ACT 逐类型事件完成识别；原WP01/WP02,候选定义：catalog.ts、configuration.ts；本类型完整事件识别投影未精确绑定。相邻能力：V3-SOURCE-006/014/017/020/022/023。,本项缺口：需绑定回货交出与指定接收地实际到达，两段责任与到达时刻不可从实收时间反填。 需绑定适用有效/部分/重复/缺失/取消失效事件结果；目录字段非空或整组测试数不能证明本项。F03/F10；V3-SOURCE-006/014/017/020/022/023。,当前实施中：目录可见不等于实际起止/完成识别；具体类型来源身份、数量/单位/版本/责任与结果仍缺独立页面和事件证据。,实施中,本行具体缺口；product-design.md §21.8；dependency-revision-v4.md ACT纠正；implementation-plan.md WP-ACT；review-v2-resolution.md F03/F10。历史定义/算例：implementation-evidence/verification.json、implementation-review.md（不证明当前事件识别）。,用户已确认V3业务与界面修正；当前产品接受未发生；Codex仍在实现/验证,V4文档纠正：目录已定义，逐类型事件识别证据不足；产品接受未发生
ACT-S07-07,work-item-catalog.md ACT-S07-07；product-design.md 第21.8节；dependency-revision-v4.md ACT事实识别状态纠正,到达指定接收方时，回货实收以“到达→实收数量及差异”识别该动作的完成事实,WP-ACT 逐类型事件完成识别；原WP01/WP02,候选定义：catalog.ts、configuration.ts；本类型完整事件识别投影未精确绑定。相邻能力：V3-SOURCE-006/014/017/020/022/023。,本项缺口：已有接收明细相邻能力；仍需回货到达、实收及差异的本类型完整事件，明确工厂/批次与需求份额。 需绑定适用有效/部分/重复/缺失/取消失效事件结果；目录字段非空或整组测试数不能证明本项。F03/F10；V3-SOURCE-006/014/017/020/022/023。,当前实施中：目录可见不等于实际起止/完成识别；具体类型来源身份、数量/单位/版本/责任与结果仍缺独立页面和事件证据。,实施中,本行具体缺口；product-design.md §21.8；dependency-revision-v4.md ACT纠正；implementation-plan.md WP-ACT；review-v2-resolution.md F03/F10。历史定义/算例：implementation-evidence/verification.json、implementation-review.md（不证明当前事件识别）。,用户已确认V3业务与界面修正；当前产品接受未发生；Codex仍在实现/验证,V4文档纠正：目录已定义，逐类型事件识别证据不足；产品接受未发生
ACT-S08-01,work-item-catalog.md ACT-S08-01；product-design.md 第21.8节；dependency-revision-v4.md ACT事实识别状态纠正,到货后需初检时，回货接收检验以“实收→检验与分流”识别该动作的完成事实,WP-ACT 逐类型事件完成识别；原WP01/WP02,候选定义：catalog.ts、configuration.ts；本类型完整事件识别投影未精确绑定。相邻能力：V3-SOURCE-006/014/017/020/022。,本项缺口：已有QC相邻能力；仍需该批回货实收到接收检验及分流结果，初检与终检不能混同。 需绑定适用有效/部分/重复/缺失/取消失效事件结果；目录字段非空或整组测试数不能证明本项。F03/F10；V3-SOURCE-006/014/017/020/022。,当前实施中：目录可见不等于实际起止/完成识别；具体类型来源身份、数量/单位/版本/责任与结果仍缺独立页面和事件证据。,实施中,本行具体缺口；product-design.md §21.8；dependency-revision-v4.md ACT纠正；implementation-plan.md WP-ACT；review-v2-resolution.md F03/F10。历史定义/算例：implementation-evidence/verification.json、implementation-review.md（不证明当前事件识别）。,用户已确认V3业务与界面修正；当前产品接受未发生；Codex仍在实现/验证,V4文档纠正：目录已定义，逐类型事件识别证据不足；产品接受未发生
ACT-S08-02,work-item-catalog.md ACT-S08-02；product-design.md 第21.8节；dependency-revision-v4.md ACT事实识别状态纠正,需后道加工时，后道任务领取与排队以“具备输入→有效开工”识别该动作的完成事实,WP-ACT 逐类型事件完成识别；原WP01/WP02,候选定义：catalog.ts、configuration.ts；本类型完整事件识别投影未精确绑定。相邻能力：V3-SOURCE-006/014/017/020/022。,本项缺口：需绑定后道输入具备、领取/排队与有效开工，通用任务创建不能作为可开工时刻。 需绑定适用有效/部分/重复/缺失/取消失效事件结果；目录字段非空或整组测试数不能证明本项。F03/F10；V3-SOURCE-006/014/017/020/022。,当前实施中：目录可见不等于实际起止/完成识别；具体类型来源身份、数量/单位/版本/责任与结果仍缺独立页面和事件证据。,实施中,本行具体缺口；product-design.md §21.8；dependency-revision-v4.md ACT纠正；implementation-plan.md WP-ACT；review-v2-resolution.md F03/F10。历史定义/算例：implementation-evidence/verification.json、implementation-review.md（不证明当前事件识别）。,用户已确认V3业务与界面修正；当前产品接受未发生；Codex仍在实现/验证,V4文档纠正：目录已定义，逐类型事件识别证据不足；产品接受未发生
ACT-S08-03,work-item-catalog.md ACT-S08-03；product-design.md 第21.8节；dependency-revision-v4.md ACT事实识别状态纠正,按烫包等实际路线时，后道执行以“开工→后道完成”识别该动作的完成事实,WP-ACT 逐类型事件完成识别；原WP01/WP02,候选定义：catalog.ts、configuration.ts；本类型完整事件识别投影未精确绑定。相邻能力：V3-SOURCE-006/014/017/020/022。,本项缺口：已有实际路线/执行相邻能力；仍需每种烫包等后道类型开工到完成结果及数量证明。 需绑定适用有效/部分/重复/缺失/取消失效事件结果；目录字段非空或整组测试数不能证明本项。F03/F10；V3-SOURCE-006/014/017/020/022。,当前实施中：目录可见不等于实际起止/完成识别；具体类型来源身份、数量/单位/版本/责任与结果仍缺独立页面和事件证据。,实施中,本行具体缺口；product-design.md §21.8；dependency-revision-v4.md ACT纠正；implementation-plan.md WP-ACT；review-v2-resolution.md F03/F10。历史定义/算例：implementation-evidence/verification.json、implementation-review.md（不证明当前事件识别）。,用户已确认V3业务与界面修正；当前产品接受未发生；Codex仍在实现/验证,V4文档纠正：目录已定义，逐类型事件识别证据不足；产品接受未发生
ACT-S08-04,work-item-catalog.md ACT-S08-04；product-design.md 第21.8节；dependency-revision-v4.md ACT事实识别状态纠正,需终检放行时，终检以“后道结果具备→检验判定”识别该动作的完成事实,WP-ACT 逐类型事件完成识别；原WP01/WP02,候选定义：catalog.ts、configuration.ts；本类型完整事件识别投影未精确绑定。相邻能力：V3-SOURCE-006/014/017/020/022。,本项缺口：已有QC记录/不合格卡点相邻能力；仍需后道结果具备到终检判定的确切范围，不能把任一QC记录当本次终检。 需绑定适用有效/部分/重复/缺失/取消失效事件结果；目录字段非空或整组测试数不能证明本项。F03/F10；V3-SOURCE-006/014/017/020/022。,当前实施中：目录可见不等于实际起止/完成识别；具体类型来源身份、数量/单位/版本/责任与结果仍缺独立页面和事件证据。,实施中,本行具体缺口；product-design.md §21.8；dependency-revision-v4.md ACT纠正；implementation-plan.md WP-ACT；review-v2-resolution.md F03/F10。历史定义/算例：implementation-evidence/verification.json、implementation-review.md（不证明当前事件识别）。,用户已确认V3业务与界面修正；当前产品接受未发生；Codex仍在实现/验证,V4文档纠正：目录已定义，逐类型事件识别证据不足；产品接受未发生
ACT-S08-05,work-item-catalog.md ACT-S08-05；product-design.md 第21.8节；dependency-revision-v4.md ACT事实识别状态纠正,本批不合格／待判时，质量处置及复检以“问题确认→最终处置结果”识别该动作的完成事实,WP-ACT 逐类型事件完成识别；原WP01/WP02,候选定义：catalog.ts、configuration.ts；本类型完整事件识别投影未精确绑定。相邻能力：V3-SOURCE-006/014/017/020/022。,本项缺口：需绑定不合格/待判问题、处置与复检最终结果，保留重验链及原质量事实，不能用最新状态抹去过程。 需绑定适用有效/部分/重复/缺失/取消失效事件结果；目录字段非空或整组测试数不能证明本项。F03/F10；V3-SOURCE-006/014/017/020/022。,当前实施中：目录可见不等于实际起止/完成识别；具体类型来源身份、数量/单位/版本/责任与结果仍缺独立页面和事件证据。,实施中,本行具体缺口；product-design.md §21.8；dependency-revision-v4.md ACT纠正；implementation-plan.md WP-ACT；review-v2-resolution.md F03/F10。历史定义/算例：implementation-evidence/verification.json、implementation-review.md（不证明当前事件识别）。,用户已确认V3业务与界面修正；当前产品接受未发生；Codex仍在实现/验证,V4文档纠正：目录已定义，逐类型事件识别证据不足；产品接受未发生
ACT-S08-06,work-item-catalog.md ACT-S08-06；product-design.md 第21.8节；dependency-revision-v4.md ACT事实识别状态纠正,可交成衣时，成衣交出以“放行→交出确认”识别该动作的完成事实,WP-ACT 逐类型事件完成识别；原WP01/WP02,候选定义：catalog.ts、configuration.ts；本类型完整事件识别投影未精确绑定。相邻能力：V3-SOURCE-006/014/017/020/022。,本项缺口：已有交出相邻能力；仍需成衣放行及实际交出数量/批次，区分可交与已交。 需绑定适用有效/部分/重复/缺失/取消失效事件结果；目录字段非空或整组测试数不能证明本项。F03/F10；V3-SOURCE-006/014/017/020/022。,当前实施中：目录可见不等于实际起止/完成识别；具体类型来源身份、数量/单位/版本/责任与结果仍缺独立页面和事件证据。,实施中,本行具体缺口；product-design.md §21.8；dependency-revision-v4.md ACT纠正；implementation-plan.md WP-ACT；review-v2-resolution.md F03/F10。历史定义/算例：implementation-evidence/verification.json、implementation-review.md（不证明当前事件识别）。,用户已确认V3业务与界面修正；当前产品接受未发生；Codex仍在实现/验证,V4文档纠正：目录已定义，逐类型事件识别证据不足；产品接受未发生
ACT-S08-07,work-item-catalog.md ACT-S08-07；product-design.md 第21.8节；dependency-revision-v4.md ACT事实识别状态纠正,成衣到仓时，成衣仓实收以“交付→仓库实收数量”识别该动作的完成事实,WP-ACT 逐类型事件完成识别；原WP01/WP02,候选定义：catalog.ts、configuration.ts；本类型完整事件识别投影未精确绑定。相邻能力：V3-SOURCE-006/014/017/020/022。,本项缺口：需绑定成衣交付及仓库实收/差异，源工厂交出不能直接证明成衣仓已收到。 需绑定适用有效/部分/重复/缺失/取消失效事件结果；目录字段非空或整组测试数不能证明本项。F03/F10；V3-SOURCE-006/014/017/020/022。,当前实施中：目录可见不等于实际起止/完成识别；具体类型来源身份、数量/单位/版本/责任与结果仍缺独立页面和事件证据。,实施中,本行具体缺口；product-design.md §21.8；dependency-revision-v4.md ACT纠正；implementation-plan.md WP-ACT；review-v2-resolution.md F03/F10。历史定义/算例：implementation-evidence/verification.json、implementation-review.md（不证明当前事件识别）。,用户已确认V3业务与界面修正；当前产品接受未发生；Codex仍在实现/验证,V4文档纠正：目录已定义，逐类型事件识别证据不足；产品接受未发生
ACT-S08-08,work-item-catalog.md ACT-S08-08；product-design.md 第21.8节；dependency-revision-v4.md ACT事实识别状态纠正,实收且质量满足时，成衣入库及可发确认以“可入库→可供发货库存”识别该动作的完成事实,WP-ACT 逐类型事件完成识别；原WP01/WP02,候选定义：catalog.ts、configuration.ts；本类型完整事件识别投影未精确绑定。相邻能力：V3-SOURCE-006/014/017/020/022。,本项缺口：需绑定合格可入库条件、成衣实际入库与可发库存，缺合格/分配事实不能推定可发。 需绑定适用有效/部分/重复/缺失/取消失效事件结果；目录字段非空或整组测试数不能证明本项。F03/F10；V3-SOURCE-006/014/017/020/022。,当前实施中：目录可见不等于实际起止/完成识别；具体类型来源身份、数量/单位/版本/责任与结果仍缺独立页面和事件证据。,实施中,本行具体缺口；product-design.md §21.8；dependency-revision-v4.md ACT纠正；implementation-plan.md WP-ACT；review-v2-resolution.md F03/F10。历史定义/算例：implementation-evidence/verification.json、implementation-review.md（不证明当前事件识别）。,用户已确认V3业务与界面修正；当前产品接受未发生；Codex仍在实现/验证,V4文档纠正：目录已定义，逐类型事件识别证据不足；产品接受未发生
ACT-S09-01,work-item-catalog.md ACT-S09-01；product-design.md 第21.8节；dependency-revision-v4.md ACT事实识别状态纠正,有效成衣待发时，发货条件确认以“具备检查条件→可发／待履约原因明确”识别该动作的完成事实,WP-ACT 逐类型事件完成识别；原WP01/WP02,候选定义：catalog.ts、configuration.ts；本类型完整事件识别投影未精确绑定。相邻能力：V3-SOURCE-004/016/017/018；V4-RULE-002。,本项缺口：需绑定有效成衣具备检查条件及可发/待履约原因判断；确认未来发货工作范围不等于实际发货条件已满足。 需绑定适用有效/部分/重复/缺失/取消失效事件结果；目录字段非空或整组测试数不能证明本项。F03/F10；V3-SOURCE-004/016/017/018；V4-RULE-002。,当前实施中：目录可见不等于实际起止/完成识别；具体类型来源身份、数量/单位/版本/责任与结果仍缺独立页面和事件证据。,实施中,本行具体缺口；product-design.md §21.8；dependency-revision-v4.md ACT纠正；implementation-plan.md WP-ACT；review-v2-resolution.md F03/F10。历史定义/算例：implementation-evidence/verification.json、implementation-review.md（不证明当前事件识别）。,用户已确认V3业务与界面修正；当前产品接受未发生；Codex仍在实现/验证,V4文档纠正：目录已定义，逐类型事件识别证据不足；产品接受未发生
ACT-S09-02,work-item-catalog.md ACT-S09-02；product-design.md 第21.8节；dependency-revision-v4.md ACT事实识别状态纠正,具备实际业务发货任务时，拣配以“可拣配→本次拣配完成”识别该动作的完成事实,WP-ACT 逐类型事件完成识别；原WP01/WP02,候选定义：catalog.ts、configuration.ts；本类型完整事件识别投影未精确绑定。相邻能力：V3-SOURCE-004/016/017/018；V4-RULE-002。,本项缺口：需绑定实际业务发货任务及本次拣配完成，未发货任务不能提前虚构确定客户订单集合。 需绑定适用有效/部分/重复/缺失/取消失效事件结果；目录字段非空或整组测试数不能证明本项。F03/F10；V3-SOURCE-004/016/017/018；V4-RULE-002。,当前实施中：目录可见不等于实际起止/完成识别；具体类型来源身份、数量/单位/版本/责任与结果仍缺独立页面和事件证据。,实施中,本行具体缺口；product-design.md §21.8；dependency-revision-v4.md ACT纠正；implementation-plan.md WP-ACT；review-v2-resolution.md F03/F10。历史定义/算例：implementation-evidence/verification.json、implementation-review.md（不证明当前事件识别）。,用户已确认V3业务与界面修正；当前产品接受未发生；Codex仍在实现/验证,V4文档纠正：目录已定义，逐类型事件识别证据不足；产品接受未发生
ACT-S09-03,work-item-catalog.md ACT-S09-03；product-design.md 第21.8节；dependency-revision-v4.md ACT事实识别状态纠正,本次拣配完成时，复核以“待复核→货品数量复核通过”识别该动作的完成事实,WP-ACT 逐类型事件完成识别；原WP01/WP02,候选定义：catalog.ts、configuration.ts；本类型完整事件识别投影未精确绑定。相邻能力：V3-SOURCE-004/016/017/018；V4-RULE-002。,本项缺口：需绑定本次拣配对象及货品/数量复核通过，源事件未接入不能只按状态默认完成。 需绑定适用有效/部分/重复/缺失/取消失效事件结果；目录字段非空或整组测试数不能证明本项。F03/F10；V3-SOURCE-004/016/017/018；V4-RULE-002。,当前实施中：目录可见不等于实际起止/完成识别；具体类型来源身份、数量/单位/版本/责任与结果仍缺独立页面和事件证据。,实施中,本行具体缺口；product-design.md §21.8；dependency-revision-v4.md ACT纠正；implementation-plan.md WP-ACT；review-v2-resolution.md F03/F10。历史定义/算例：implementation-evidence/verification.json、implementation-review.md（不证明当前事件识别）。,用户已确认V3业务与界面修正；当前产品接受未发生；Codex仍在实现/验证,V4文档纠正：目录已定义，逐类型事件识别证据不足；产品接受未发生
ACT-S09-04,work-item-catalog.md ACT-S09-04；product-design.md 第21.8节；dependency-revision-v4.md ACT事实识别状态纠正,本次需包装时，包装与交运准备以“可打包→可实际交运”识别该动作的完成事实,WP-ACT 逐类型事件完成识别；原WP01/WP02,候选定义：catalog.ts、configuration.ts；本类型完整事件识别投影未精确绑定。相邻能力：V3-SOURCE-004/016/017/018；V4-RULE-002。,本项缺口：需绑定本次包装条件及可交运事件，包装完成不能替代实际发货。 需绑定适用有效/部分/重复/缺失/取消失效事件结果；目录字段非空或整组测试数不能证明本项。F03/F10；V3-SOURCE-004/016/017/018；V4-RULE-002。,当前实施中：目录可见不等于实际起止/完成识别；具体类型来源身份、数量/单位/版本/责任与结果仍缺独立页面和事件证据。,实施中,本行具体缺口；product-design.md §21.8；dependency-revision-v4.md ACT纠正；implementation-plan.md WP-ACT；review-v2-resolution.md F03/F10。历史定义/算例：implementation-evidence/verification.json、implementation-review.md（不证明当前事件识别）。,用户已确认V3业务与界面修正；当前产品接受未发生；Codex仍在实现/验证,V4文档纠正：目录已定义，逐类型事件识别证据不足；产品接受未发生
ACT-S09-05,work-item-catalog.md ACT-S09-05；product-design.md 第21.8节；dependency-revision-v4.md ACT事实识别状态纠正,本次货物实际发出时，实际发货确认以“可交运→有效实际发货事件”识别该动作的完成事实,WP-ACT 逐类型事件完成识别；原WP01/WP02,候选定义：catalog.ts、configuration.ts；本类型完整事件识别投影未精确绑定。相邻能力：V3-SOURCE-004/016/017/018；V4-RULE-002。,本项缺口：当前实际客户发货事实未接通；需有效实发事件、批次/明细数量及时刻，计划或工厂交出不算终点。 需绑定适用有效/部分/重复/缺失/取消失效事件结果；目录字段非空或整组测试数不能证明本项。F03/F10；V3-SOURCE-004/016/017/018；V4-RULE-002。,当前实施中：目录可见不等于实际起止/完成识别；具体类型来源身份、数量/单位/版本/责任与结果仍缺独立页面和事件证据。,实施中,本行具体缺口；product-design.md §21.8；dependency-revision-v4.md ACT纠正；implementation-plan.md WP-ACT；review-v2-resolution.md F03/F10。历史定义/算例：implementation-evidence/verification.json、implementation-review.md（不证明当前事件识别）。,用户已确认V3业务与界面修正；当前产品接受未发生；Codex仍在实现/验证,V4文档纠正：目录已定义，逐类型事件识别证据不足；产品接受未发生
ACT-S09-06,work-item-catalog.md ACT-S09-06；product-design.md 第21.8节；dependency-revision-v4.md ACT事实识别状态纠正,实发时才建立时，发货订单／生产来源关联以“实发事实→对应订单行与生产来源数量确认”识别该动作的完成事实,WP-ACT 逐类型事件完成识别；原WP01/WP02,候选定义：catalog.ts、configuration.ts；本类型完整事件识别投影未精确绑定。相邻能力：V3-SOURCE-004/016/017/018；V4-RULE-002。,本项缺口：当前客户实发行/生产来源数量归属未接通；需实发时建立订单行与生产来源分配，不能预设未发订单集合。 需绑定适用有效/部分/重复/缺失/取消失效事件结果；目录字段非空或整组测试数不能证明本项。F03/F10；V3-SOURCE-004/016/017/018；V4-RULE-002。,当前实施中：目录可见不等于实际起止/完成识别；具体类型来源身份、数量/单位/版本/责任与结果仍缺独立页面和事件证据。,实施中,本行具体缺口；product-design.md §21.8；dependency-revision-v4.md ACT纠正；implementation-plan.md WP-ACT；review-v2-resolution.md F03/F10。历史定义/算例：implementation-evidence/verification.json、implementation-review.md（不证明当前事件识别）。,用户已确认V3业务与界面修正；当前产品接受未发生；Codex仍在实现/验证,V4文档纠正：目录已定义，逐类型事件识别证据不足；产品接受未发生
ACT-S09-07,work-item-catalog.md ACT-S09-07；product-design.md 第21.8节；dependency-revision-v4.md ACT事实识别状态纠正,已有实发订单关联时，订单时效核算以“所需订单事实齐→时效结果可查”识别该动作的完成事实,WP-ACT 逐类型事件完成识别；原WP01/WP02,候选定义：catalog.ts、configuration.ts；本类型完整事件识别投影未精确绑定。相邻能力：未接通；需订单下单、正式要求与有效实发事件齐备后的逐订单核算结果。 需按适用情况补有效、部分、重复、缺失、取消/失效事件与结果；已有专项整组通过数不能替代本项精确用例。问题F03/F10；关联V3-SOURCE-004/016/017/018；V4-RULE-002。,本项缺口：已有历史订单算例规则，真实客户订单及实发关联未接通；需订单下单、正式要求与有效实发事件齐备后的逐订单核算结果。 需绑定适用有效/部分/重复/缺失/取消失效事件结果；目录字段非空或整组测试数不能证明本项。F03/F10；未接通；需订单下单、正式要求与有效实发事件齐备后的逐订单核算结果。 需按适用情况补有效、部分、重复、缺失、取消/失效事件与结果；已有专项整组通过数不能替代本项精确用例。问题F03/F10；关联V3-SOURCE-004/016/017/018；V4-RULE-002。,当前实施中：目录可见不等于实际起止/完成识别；具体类型来源身份、数量/单位/版本/责任与结果仍缺独立页面和事件证据。,实施中,本行具体缺口；product-design.md §21.8；dependency-revision-v4.md ACT纠正；implementation-plan.md WP-ACT；review-v2-resolution.md F03/F10。历史定义/算例：implementation-evidence/verification.json、implementation-review.md（不证明当前事件识别）。,用户已确认V3业务与界面修正；当前产品接受未发生；Codex仍在实现/验证,V4文档纠正：目录已定义，逐类型事件识别证据不足；产品接受未发生
IA-001,product-design.md 第11/12/20.1节；用户2026-09-17页面反馈,总览三个互斥页签，非当前长内容不占布局,WP09 信息架构与逐行复核,src/pages/production-fulfillment/dashboards.ts renderOverview,V3当前：专项66项测试通过（整组结果，逐条当前断言需绑定）；范围类型0错、外部61项既有错，Vite构建通过。V3 来源与界面已变更；旧验收不继承，当前完整浏览器已有1050样本，但加载失败、图片及完整准备关联等边界证据未齐。 历史验证说明（非V3证明）：scripts/check-dds-production-fulfillment.mjs --production --layout-v2：总览互斥页签及带筛选下钻返回,V3：七菜单/详情部分功能检查通过，最终浏览器1050样本检查已完成，但加载失败且其他边界缺证；冷加载/刷新最大429ms/364.099999994ms不通过，目标物料照片未逐一覆盖。V3 来源与界面已变更；旧验收不继承，当前完整浏览器已有1050样本，但加载失败、图片及完整准备关联等边界证据未齐。 历史范围（不可继承）：V2分层交互1366×768；共享筛选1366×768/1280×720/1024×768；命名路由与1920大屏相邻回归见原始样本；PDA不适用,已实现待验证,V3范围/缺口：source-alignment-v3.md；product-design.md 第20.2节；当前目标报告：output/playwright/dds-pf-v3/verification.json（最终1050样本，加载失败，整体不通过）；历史证据（仅原版本）：implementation-evidence-v2/verification.json；implementation-evidence-v2/regression/verification.json；implementation-evidence-v2/metrics/verification.json；implementation-evidence-v2/build-manifest-v2.json；implementation-review-v2.md,用户已确认V3业务与界面修正；当前产品接受未发生；Codex仍在实现/验证,V3.0当前工作树；基础HEAD4804328a；未完成性能/图片门禁；历史已验证仅属原证据版本
IA-002,product-design.md 第11/12/20.1节；用户2026-09-17页面反馈,概况最多三条关注卡，完整记录带条件下钻列表,WP09 信息架构与逐行复核,src/pages/production-fulfillment/dashboards.ts renderPriorityCards；index.ts drill-tasks,V3当前：专项66项测试通过（整组结果，逐条当前断言需绑定）；范围类型0错、外部61项既有错，Vite构建通过。V3 来源与界面已变更；旧验收不继承，当前完整浏览器已有1050样本，但加载失败、图片及完整准备关联等边界证据未齐。 历史验证说明（非V3证明）：scripts/check-dds-production-fulfillment.mjs --production --layout-v2：总览互斥页签及带筛选下钻返回,V3：七菜单/详情部分功能检查通过，最终浏览器1050样本检查已完成，但加载失败且其他边界缺证；冷加载/刷新最大429ms/364.099999994ms不通过，目标物料照片未逐一覆盖。V3 来源与界面已变更；旧验收不继承，当前完整浏览器已有1050样本，但加载失败、图片及完整准备关联等边界证据未齐。 历史范围（不可继承）：V2分层交互1366×768；共享筛选1366×768/1280×720/1024×768；命名路由与1920大屏相邻回归见原始样本；PDA不适用,已实现待验证,V3范围/缺口：source-alignment-v3.md；product-design.md 第20.2节；当前目标报告：output/playwright/dds-pf-v3/verification.json（最终1050样本，加载失败，整体不通过）；历史证据（仅原版本）：implementation-evidence-v2/verification.json；implementation-evidence-v2/regression/verification.json；implementation-evidence-v2/metrics/verification.json；implementation-evidence-v2/build-manifest-v2.json；implementation-review-v2.md,用户已确认V3业务与界面修正；当前产品接受未发生；Codex仍在实现/验证,V3.0当前工作树；基础HEAD4804328a；未完成性能/图片门禁；历史已验证仅属原证据版本
IA-003,product-design.md 第11/12/20.1节；用户2026-09-17页面反馈,下钻与返回恢复已查询条件及父页页签,WP09 信息架构与逐行复核,src/pages/production-fulfillment/index.ts routeViews pendingTaskFilters,V3当前：专项66项测试通过（整组结果，逐条当前断言需绑定）；范围类型0错、外部61项既有错，Vite构建通过。V3 来源与界面已变更；旧验收不继承，当前完整浏览器已有1050样本，但加载失败、图片及完整准备关联等边界证据未齐。 历史验证说明（非V3证明）：scripts/check-dds-production-fulfillment.mjs --production --layout-v2：总览互斥页签及带筛选下钻返回,V3：七菜单/详情部分功能检查通过，最终浏览器1050样本检查已完成，但加载失败且其他边界缺证；冷加载/刷新最大429ms/364.099999994ms不通过，目标物料照片未逐一覆盖。V3 来源与界面已变更；旧验收不继承，当前完整浏览器已有1050样本，但加载失败、图片及完整准备关联等边界证据未齐。 历史范围（不可继承）：V2分层交互1366×768；共享筛选1366×768/1280×720/1024×768；命名路由与1920大屏相邻回归见原始样本；PDA不适用,已实现待验证,V3范围/缺口：source-alignment-v3.md；product-design.md 第20.2节；当前目标报告：output/playwright/dds-pf-v3/verification.json（最终1050样本，加载失败，整体不通过）；历史证据（仅原版本）：implementation-evidence-v2/verification.json；implementation-evidence-v2/regression/verification.json；implementation-evidence-v2/metrics/verification.json；implementation-evidence-v2/build-manifest-v2.json；implementation-review-v2.md,用户已确认V3业务与界面修正；当前产品接受未发生；Codex仍在实现/验证,V3.0当前工作树；基础HEAD4804328a；未完成性能/图片门禁；历史已验证仅属原证据版本
IA-004,product-design.md 第11/12/20.1节；用户2026-09-17页面反馈,任务详情顶层Tab先于长甘特，默认折叠完成阶段,WP09 信息架构与逐行复核,src/pages/production-fulfillment/task-detail.ts renderTaskDetail；timeline.ts,V3当前：专项66项测试通过（整组结果，逐条当前断言需绑定）；范围类型0错、外部61项既有错，Vite构建通过。V3 来源与界面已变更；旧验收不继承，当前完整浏览器已有1050样本，但加载失败、图片及完整准备关联等边界证据未齐。 历史验证说明（非V3证明）：scripts/check-dds-production-fulfillment.mjs --production --layout-v2：任务详情、工作抽屉和示例分层,V3：七菜单/详情部分功能检查通过，最终浏览器1050样本检查已完成，但加载失败且其他边界缺证；冷加载/刷新最大429ms/364.099999994ms不通过，目标物料照片未逐一覆盖。V3 来源与界面已变更；旧验收不继承，当前完整浏览器已有1050样本，但加载失败、图片及完整准备关联等边界证据未齐。 历史范围（不可继承）：V2分层交互1366×768；共享筛选1366×768/1280×720/1024×768；命名路由与1920大屏相邻回归见原始样本；PDA不适用,已实现待验证,V3范围/缺口：source-alignment-v3.md；product-design.md 第20.2节；当前目标报告：output/playwright/dds-pf-v3/verification.json（最终1050样本，加载失败，整体不通过）；历史证据（仅原版本）：implementation-evidence-v2/verification.json；implementation-evidence-v2/regression/verification.json；implementation-evidence-v2/metrics/verification.json；implementation-evidence-v2/build-manifest-v2.json；implementation-review-v2.md,用户已确认V3业务与界面修正；当前产品接受未发生；Codex仍在实现/验证,V3.0当前工作树；基础HEAD4804328a；未完成性能/图片门禁；历史已验证仅属原证据版本
IA-005,product-design.md 第11/12/20.1节；用户2026-09-17页面反馈,计算和数量二级页签互斥；独立算例单独页面,WP09 信息架构与逐行复核,src/pages/production-fulfillment/task-detail.ts；examples.ts；store.ts,V3当前：专项66项测试通过（整组结果，逐条当前断言需绑定）；范围类型0错、外部61项既有错，Vite构建通过。V3 来源与界面已变更；旧验收不继承，当前完整浏览器已有1050样本，但加载失败、图片及完整准备关联等边界证据未齐。 历史验证说明（非V3证明）：scripts/check-dds-production-fulfillment.mjs --production --layout-v2：任务详情、工作抽屉和示例分层,V3：七菜单/详情部分功能检查通过，最终浏览器1050样本检查已完成，但加载失败且其他边界缺证；冷加载/刷新最大429ms/364.099999994ms不通过，目标物料照片未逐一覆盖。V3 来源与界面已变更；旧验收不继承，当前完整浏览器已有1050样本，但加载失败、图片及完整准备关联等边界证据未齐。 历史范围（不可继承）：V2分层交互1366×768；共享筛选1366×768/1280×720/1024×768；命名路由与1920大屏相邻回归见原始样本；PDA不适用,已实现待验证,V3范围/缺口：source-alignment-v3.md；product-design.md 第20.2节；当前目标报告：output/playwright/dds-pf-v3/verification.json（最终1050样本，加载失败，整体不通过）；历史证据（仅原版本）：implementation-evidence-v2/verification.json；implementation-evidence-v2/regression/verification.json；implementation-evidence-v2/metrics/verification.json；implementation-evidence-v2/build-manifest-v2.json；implementation-review-v2.md,用户已确认V3业务与界面修正；当前产品接受未发生；Codex仍在实现/验证,V3.0当前工作树；基础HEAD4804328a；未完成性能/图片门禁；历史已验证仅属原证据版本
IA-006,product-design.md 第11/12/20.1节；用户2026-09-17页面反馈,工作详情三页签分时效数量、依赖、来源，操作固定底部,WP09 信息架构与逐行复核,src/pages/production-fulfillment/task-detail.ts renderWorkDetail,V3当前：专项66项测试通过（整组结果，逐条当前断言需绑定）；范围类型0错、外部61项既有错，Vite构建通过。V3 来源与界面已变更；旧验收不继承，当前完整浏览器已有1050样本，但加载失败、图片及完整准备关联等边界证据未齐。 历史验证说明（非V3证明）：scripts/check-dds-production-fulfillment.mjs --production --layout-v2：任务详情、工作抽屉和示例分层,V3：七菜单/详情部分功能检查通过，最终浏览器1050样本检查已完成，但加载失败且其他边界缺证；冷加载/刷新最大429ms/364.099999994ms不通过，目标物料照片未逐一覆盖。V3 来源与界面已变更；旧验收不继承，当前完整浏览器已有1050样本，但加载失败、图片及完整准备关联等边界证据未齐。 历史范围（不可继承）：V2分层交互1366×768；共享筛选1366×768/1280×720/1024×768；命名路由与1920大屏相邻回归见原始样本；PDA不适用,已实现待验证,V3范围/缺口：source-alignment-v3.md；product-design.md 第20.2节；当前目标报告：output/playwright/dds-pf-v3/verification.json（最终1050样本，加载失败，整体不通过）；历史证据（仅原版本）：implementation-evidence-v2/verification.json；implementation-evidence-v2/regression/verification.json；implementation-evidence-v2/metrics/verification.json；implementation-evidence-v2/build-manifest-v2.json；implementation-review-v2.md,用户已确认V3业务与界面修正；当前产品接受未发生；Codex仍在实现/验证,V3.0当前工作树；基础HEAD4804328a；未完成性能/图片门禁；历史已验证仅属原证据版本
IA-007,product-design.md 第11/12/20.1节；用户2026-09-17页面反馈,团队可执行、需协调、交付记录互斥,WP09 信息架构与逐行复核,src/pages/production-fulfillment/dashboards.ts renderTeams,V3当前：专项66项测试通过（整组结果，逐条当前断言需绑定）；范围类型0错、外部61项既有错，Vite构建通过。V3 来源与界面已变更；旧验收不继承，当前完整浏览器已有1050样本，但加载失败、图片及完整准备关联等边界证据未齐。 历史验证说明（非V3证明）：scripts/check-dds-production-fulfillment.mjs --production --layout-v2：团队与履约互斥内容,V3：七菜单/详情部分功能检查通过，最终浏览器1050样本检查已完成，但加载失败且其他边界缺证；冷加载/刷新最大429ms/364.099999994ms不通过，目标物料照片未逐一覆盖。V3 来源与界面已变更；旧验收不继承，当前完整浏览器已有1050样本，但加载失败、图片及完整准备关联等边界证据未齐。 历史范围（不可继承）：V2分层交互1366×768；共享筛选1366×768/1280×720/1024×768；命名路由与1920大屏相邻回归见原始样本；PDA不适用,已实现待验证,V3范围/缺口：source-alignment-v3.md；product-design.md 第20.2节；当前目标报告：output/playwright/dds-pf-v3/verification.json（最终1050样本，加载失败，整体不通过）；历史证据（仅原版本）：implementation-evidence-v2/verification.json；implementation-evidence-v2/regression/verification.json；implementation-evidence-v2/metrics/verification.json；implementation-evidence-v2/build-manifest-v2.json；implementation-review-v2.md,用户已确认V3业务与界面修正；当前产品接受未发生；Codex仍在实现/验证,V3.0当前工作树；基础HEAD4804328a；未完成性能/图片门禁；历史已验证仅属原证据版本
IA-008,product-design.md 第11/12/20.1节；用户2026-09-17页面反馈,履约实发行、完整订单、时钟对照互斥,WP09 信息架构与逐行复核,src/pages/production-fulfillment/dashboards.ts renderFulfillment,V3当前：专项66项测试通过（整组结果，逐条当前断言需绑定）；范围类型0错、外部61项既有错，Vite构建通过。V3 来源与界面已变更；旧验收不继承，当前完整浏览器已有1050样本，但加载失败、图片及完整准备关联等边界证据未齐。 历史验证说明（非V3证明）：scripts/check-dds-production-fulfillment.mjs --production --layout-v2：团队与履约互斥内容,V3：七菜单/详情部分功能检查通过，最终浏览器1050样本检查已完成，但加载失败且其他边界缺证；冷加载/刷新最大429ms/364.099999994ms不通过，目标物料照片未逐一覆盖。V3 来源与界面已变更；旧验收不继承，当前完整浏览器已有1050样本，但加载失败、图片及完整准备关联等边界证据未齐。 历史范围（不可继承）：V2分层交互1366×768；共享筛选1366×768/1280×720/1024×768；命名路由与1920大屏相邻回归见原始样本；PDA不适用,已实现待验证,V3范围/缺口：source-alignment-v3.md；product-design.md 第20.2节；当前目标报告：output/playwright/dds-pf-v3/verification.json（最终1050样本，加载失败，整体不通过）；历史证据（仅原版本）：implementation-evidence-v2/verification.json；implementation-evidence-v2/regression/verification.json；implementation-evidence-v2/metrics/verification.json；implementation-evidence-v2/build-manifest-v2.json；implementation-review-v2.md,用户已确认V3业务与界面修正；当前产品接受未发生；Codex仍在实现/验证,V3.0当前工作树；基础HEAD4804328a；未完成性能/图片门禁；历史已验证仅属原证据版本
IA-009,product-design.md 第11/12/20.1节；用户2026-09-17页面反馈,配置左阶段右目录，选中工作归属当前阶段,WP09 信息架构与逐行复核,src/pages/production-fulfillment/configuration.ts renderDirectory ensureStageWork,V3当前：专项66项测试通过（整组结果，逐条当前断言需绑定）；范围类型0错、外部61项既有错，Vite构建通过。V3 来源与界面已变更；旧验收不继承，当前完整浏览器已有1050样本，但加载失败、图片及完整准备关联等边界证据未齐。 历史验证说明（非V3证明）：scripts/check-dds-production-fulfillment.mjs --production --layout-v2：配置目录→编辑→试算→校验→发布各5次,V3：七菜单/详情部分功能检查通过，最终浏览器1050样本检查已完成，但加载失败且其他边界缺证；冷加载/刷新最大429ms/364.099999994ms不通过，目标物料照片未逐一覆盖。V3 来源与界面已变更；旧验收不继承，当前完整浏览器已有1050样本，但加载失败、图片及完整准备关联等边界证据未齐。 历史范围（不可继承）：V2分层交互1366×768；共享筛选1366×768/1280×720/1024×768；命名路由与1920大屏相邻回归见原始样本；PDA不适用,已实现待验证,V3范围/缺口：source-alignment-v3.md；product-design.md 第20.2节；当前目标报告：output/playwright/dds-pf-v3/verification.json（最终1050样本，加载失败，整体不通过）；历史证据（仅原版本）：implementation-evidence-v2/verification.json；implementation-evidence-v2/regression/verification.json；implementation-evidence-v2/metrics/verification.json；implementation-evidence-v2/build-manifest-v2.json；implementation-review-v2.md,用户已确认V3业务与界面修正；当前产品接受未发生；Codex仍在实现/验证,V3.0当前工作树；基础HEAD4804328a；未完成性能/图片门禁；历史已验证仅属原证据版本
IA-010,product-design.md 第11/12/20.1节；用户2026-09-17页面反馈,配置目录与单对象编辑、试算、校验分层展示,WP09 信息架构与逐行复核,src/pages/production-fulfillment/configuration.ts renderDialog,V3当前：专项66项测试通过（整组结果，逐条当前断言需绑定）；范围类型0错、外部61项既有错，Vite构建通过。V3 来源与界面已变更；旧验收不继承，当前完整浏览器已有1050样本，但加载失败、图片及完整准备关联等边界证据未齐。 历史验证说明（非V3证明）：scripts/check-dds-production-fulfillment.mjs --production --layout-v2：配置目录→编辑→试算→校验→发布各5次,V3：七菜单/详情部分功能检查通过，最终浏览器1050样本检查已完成，但加载失败且其他边界缺证；冷加载/刷新最大429ms/364.099999994ms不通过，目标物料照片未逐一覆盖。V3 来源与界面已变更；旧验收不继承，当前完整浏览器已有1050样本，但加载失败、图片及完整准备关联等边界证据未齐。 历史范围（不可继承）：V2分层交互1366×768；共享筛选1366×768/1280×720/1024×768；命名路由与1920大屏相邻回归见原始样本；PDA不适用,已实现待验证,V3范围/缺口：source-alignment-v3.md；product-design.md 第20.2节；当前目标报告：output/playwright/dds-pf-v3/verification.json（最终1050样本，加载失败，整体不通过）；历史证据（仅原版本）：implementation-evidence-v2/verification.json；implementation-evidence-v2/regression/verification.json；implementation-evidence-v2/metrics/verification.json；implementation-evidence-v2/build-manifest-v2.json；implementation-review-v2.md,用户已确认V3业务与界面修正；当前产品接受未发生；Codex仍在实现/验证,V3.0当前工作树；基础HEAD4804328a；未完成性能/图片门禁；历史已验证仅属原证据版本
FILTER-001,product-design.md 第11/12/20.1节；用户2026-09-17页面反馈,查询重置导出更多/收起固定全部筛选条件底行,WP09 信息架构与逐行复核,src/pages/production-fulfillment/index.ts queryCard,V3当前：专项66项测试通过（整组结果，逐条当前断言需绑定）；范围类型0错、外部61项既有错，Vite构建通过。V3 来源与界面已变更；旧验收不继承，当前完整浏览器已有1050样本，但加载失败、图片及完整准备关联等边界证据未齐。 历史验证说明（非V3证明）：scripts/check-dds-production-fulfillment.mjs --production --layout-v2：七个菜单紧凑筛选与一致列宽,V3：七菜单/详情部分功能检查通过，最终浏览器1050样本检查已完成，但加载失败且其他边界缺证；冷加载/刷新最大429ms/364.099999994ms不通过，目标物料照片未逐一覆盖。V3 来源与界面已变更；旧验收不继承，当前完整浏览器已有1050样本，但加载失败、图片及完整准备关联等边界证据未齐。 历史范围（不可继承）：V2分层交互1366×768；共享筛选1366×768/1280×720/1024×768；命名路由与1920大屏相邻回归见原始样本；PDA不适用,已实现待验证,V3范围/缺口：source-alignment-v3.md；product-design.md 第20.2节；当前目标报告：output/playwright/dds-pf-v3/verification.json（最终1050样本，加载失败，整体不通过）；历史证据（仅原版本）：implementation-evidence-v2/verification.json；implementation-evidence-v2/regression/verification.json；implementation-evidence-v2/metrics/verification.json；implementation-evidence-v2/build-manifest-v2.json；implementation-review-v2.md,用户已确认V3业务与界面修正；当前产品接受未发生；Codex仍在实现/验证,V3.0当前工作树；基础HEAD4804328a；未完成性能/图片门禁；历史已验证仅属原证据版本
FILTER-002,product-design.md 第11/12/20.1节；用户2026-09-17页面反馈,每行筛选同列宽，展开后不出现不等列拉伸,WP09 信息架构与逐行复核,src/pages/production-fulfillment/styles.css pf-filter-fields,V3当前：专项66项测试通过（整组结果，逐条当前断言需绑定）；范围类型0错、外部61项既有错，Vite构建通过。V3 来源与界面已变更；旧验收不继承，当前完整浏览器已有1050样本，但加载失败、图片及完整准备关联等边界证据未齐。 历史验证说明（非V3证明）：scripts/check-dds-production-fulfillment.mjs --production --layout-v2：七个菜单紧凑筛选与一致列宽,V3：七菜单/详情部分功能检查通过，最终浏览器1050样本检查已完成，但加载失败且其他边界缺证；冷加载/刷新最大429ms/364.099999994ms不通过，目标物料照片未逐一覆盖。V3 来源与界面已变更；旧验收不继承，当前完整浏览器已有1050样本，但加载失败、图片及完整准备关联等边界证据未齐。 历史范围（不可继承）：V2分层交互1366×768；共享筛选1366×768/1280×720/1024×768；命名路由与1920大屏相邻回归见原始样本；PDA不适用,已实现待验证,V3范围/缺口：source-alignment-v3.md；product-design.md 第20.2节；当前目标报告：output/playwright/dds-pf-v3/verification.json（最终1050样本，加载失败，整体不通过）；历史证据（仅原版本）：implementation-evidence-v2/verification.json；implementation-evidence-v2/regression/verification.json；implementation-evidence-v2/metrics/verification.json；implementation-evidence-v2/build-manifest-v2.json；implementation-review-v2.md,用户已确认V3业务与界面修正；当前产品接受未发生；Codex仍在实现/验证,V3.0当前工作树；基础HEAD4804328a；未完成性能/图片门禁；历史已验证仅属原证据版本
FILTER-003,product-design.md 第11/12/20.1节；用户2026-09-17页面反馈,筛选控件30px、统计卡48px，主要内容尽早出现,WP09 信息架构与逐行复核,src/pages/production-fulfillment/styles.css；dashboards.ts metric；tasks.ts summary,V3当前：专项66项测试通过（整组结果，逐条当前断言需绑定）；范围类型0错、外部61项既有错，Vite构建通过。V3 来源与界面已变更；旧验收不继承，当前完整浏览器已有1050样本，但加载失败、图片及完整准备关联等边界证据未齐。 历史验证说明（非V3证明）：scripts/check-dds-production-fulfillment.mjs --production --layout-v2：七个菜单紧凑筛选与一致列宽,V3：七菜单/详情部分功能检查通过，最终浏览器1050样本检查已完成，但加载失败且其他边界缺证；冷加载/刷新最大429ms/364.099999994ms不通过，目标物料照片未逐一覆盖。V3 来源与界面已变更；旧验收不继承，当前完整浏览器已有1050样本，但加载失败、图片及完整准备关联等边界证据未齐。 历史范围（不可继承）：V2分层交互1366×768；共享筛选1366×768/1280×720/1024×768；命名路由与1920大屏相邻回归见原始样本；PDA不适用,已实现待验证,V3范围/缺口：source-alignment-v3.md；product-design.md 第20.2节；当前目标报告：output/playwright/dds-pf-v3/verification.json（最终1050样本，加载失败，整体不通过）；历史证据（仅原版本）：implementation-evidence-v2/verification.json；implementation-evidence-v2/regression/verification.json；implementation-evidence-v2/metrics/verification.json；implementation-evidence-v2/build-manifest-v2.json；implementation-review-v2.md,用户已确认V3业务与界面修正；当前产品接受未发生；Codex仍在实现/验证,V3.0当前工作树；基础HEAD4804328a；未完成性能/图片门禁；历史已验证仅属原证据版本
METRIC-V2-001,product-design.md 第11/12/20.1节；用户2026-09-17页面反馈；V3仅保留为历史规则示例（product-design.md 第17/20.2节）,当前逾期可判率与预测可判率分开，分别有分母,WP09 信息架构与逐行复核,src/pages/production-fulfillment/dashboards.ts renderOverviewAnalysis,V3当前：专项66项测试通过（整组结果，逐条当前断言需绑定）；范围类型0错、外部61项既有错，Vite构建通过。本条具体数字仅属于V1/V2独立规则示例；不作为V3 33条来源需求的业务数量/时效/角色或订单结果。示例若继续展示仍需当前版本验证。 历史验证说明（非V3证明）：scripts/check-dds-production-fulfillment.mjs --production --layout-v2：总览分布分析；7/8与6/8公式复核,V3：七菜单/详情部分功能检查通过，最终浏览器1050样本检查已完成，但加载失败且其他边界缺证；冷加载/刷新最大429ms/364.099999994ms不通过，目标物料照片未逐一覆盖。本条具体数字仅属于V1/V2独立规则示例；不作为V3 33条来源需求的业务数量/时效/角色或订单结果。示例若继续展示仍需当前版本验证。 历史范围（不可继承）：V2分层交互1366×768；共享筛选1366×768/1280×720/1024×768；命名路由与1920大屏相邻回归见原始样本；PDA不适用,已实现待验证,V3范围/缺口：source-alignment-v3.md；product-design.md 第20.2节；当前目标报告：output/playwright/dds-pf-v3/verification.json（最终1050样本，加载失败，整体不通过）；历史证据（仅原版本）：implementation-evidence-v2/verification.json；implementation-evidence-v2/regression/verification.json；implementation-evidence-v2/metrics/verification.json；implementation-evidence-v2/build-manifest-v2.json；implementation-review-v2.md,用户已确认V3业务与界面修正；当前产品接受未发生；Codex仍在实现/验证,V3.0当前工作树；基础HEAD4804328a；未完成性能/图片门禁；历史已验证仅属原证据版本
V3-UI-001,source-alignment-v3.md 第5节 V3-UI-001；product-design.md 第02.1/20.2节,业务页顶部无 Mock 标签、角色和时区选择,WP07/WP09,src/pages/production-fulfillment/ 下 index.ts、common.ts、ui-state.ts,V3专项66项通过；当前条目直接断言/输入输出待完整绑定。完整V3命名场景/组合/边界与原始性能证据待绑定；部分功能通过不构成此条已验证。,V3七菜单及详情，1366×768/1280×720；团队1024×768；PDA不新增。全部适用加载/交互每项至少5次且每样本<200ms。完整V3命名场景/组合/边界与原始性能证据待绑定；部分功能通过不构成此条已验证。,已实现待验证,source-alignment-v3.md；当前目标报告：output/playwright/dds-pf-v3/verification.json（最终1050样本，整体不通过）；最终审查：docs/prototype-review-records/2026-09-17-dds-production-fulfillment-v3.md；源/构建SHA：output/playwright/dds-pf-v3/source-manifest.json,用户已确认V3方向；Codex实施/验证中；产品接受未发生,V3.0当前工作树；基础HEAD4804328a；当前性能和物料图片门禁未通过
V3-UI-002,source-alignment-v3.md 第5节 V3-UI-002；product-design.md 第02.1/20.2节,默认检索、跟单、团队、工厂四列且团队/工厂独立,WP07/WP09,src/pages/production-fulfillment/ 下 index.ts、ui-state.ts、model.ts,V3专项66项通过；当前条目直接断言/输入输出待完整绑定。完整V3命名场景/组合/边界与原始性能证据待绑定；部分功能通过不构成此条已验证。,V3七菜单及详情，1366×768/1280×720；团队1024×768；PDA不新增。全部适用加载/交互每项至少5次且每样本<200ms。完整V3命名场景/组合/边界与原始性能证据待绑定；部分功能通过不构成此条已验证。,已实现待验证,source-alignment-v3.md；当前目标报告：output/playwright/dds-pf-v3/verification.json（最终1050样本，整体不通过）；最终审查：docs/prototype-review-records/2026-09-17-dds-production-fulfillment-v3.md；源/构建SHA：output/playwright/dds-pf-v3/source-manifest.json,用户已确认V3方向；Codex实施/验证中；产品接受未发生,V3.0当前工作树；基础HEAD4804328a；当前性能和物料图片门禁未通过
V3-UI-003,source-alignment-v3.md 第5节 V3-UI-003；product-design.md 第02.1/20.2节,嵌入工作表无重复大标题及嵌套卡片缩进,WP07/WP09,src/pages/production-fulfillment/ 下 common.ts、styles.css、task-detail.ts,V3专项66项通过；当前条目直接断言/输入输出待完整绑定。完整V3命名场景/组合/边界与原始性能证据待绑定；部分功能通过不构成此条已验证。,V3七菜单及详情，1366×768/1280×720；团队1024×768；PDA不新增。全部适用加载/交互每项至少5次且每样本<200ms。完整V3命名场景/组合/边界与原始性能证据待绑定；部分功能通过不构成此条已验证。,已实现待验证,source-alignment-v3.md；当前目标报告：output/playwright/dds-pf-v3/verification.json（最终1050样本，整体不通过）；最终审查：docs/prototype-review-records/2026-09-17-dds-production-fulfillment-v3.md；源/构建SHA：output/playwright/dds-pf-v3/source-manifest.json,用户已确认V3方向；Codex实施/验证中；产品接受未发生,V3.0当前工作树；基础HEAD4804328a；当前性能和物料图片门禁未通过
V3-UI-004,source-alignment-v3.md 第5节 V3-UI-004；product-design.md 第02.1/20.2节,所有时间显示和筛选边界固定北京时间,WP07/WP09,src/pages/production-fulfillment/ 下 common.ts、index.ts、calculations.ts,V3专项66项通过；当前条目直接断言/输入输出待完整绑定。完整V3命名场景/组合/边界与原始性能证据待绑定；部分功能通过不构成此条已验证。,V3七菜单及详情，1366×768/1280×720；团队1024×768；PDA不新增。全部适用加载/交互每项至少5次且每样本<200ms。完整V3命名场景/组合/边界与原始性能证据待绑定；部分功能通过不构成此条已验证。,已实现待验证,source-alignment-v3.md；当前目标报告：output/playwright/dds-pf-v3/verification.json（最终1050样本，整体不通过）；最终审查：docs/prototype-review-records/2026-09-17-dds-production-fulfillment-v3.md；源/构建SHA：output/playwright/dds-pf-v3/source-manifest.json,用户已确认V3方向；Codex实施/验证中；产品接受未发生,V3.0当前工作树；基础HEAD4804328a；当前性能和物料图片门禁未通过
V3-UI-005,source-alignment-v3.md 第5节 V3-UI-005；product-design.md 第02.1/20.2节,更多条件同列宽，操作行在全部条件之后,WP07/WP09,src/pages/production-fulfillment/ 下 index.ts、styles.css,V3专项66项通过；当前条目直接断言/输入输出待完整绑定。完整V3命名场景/组合/边界与原始性能证据待绑定；部分功能通过不构成此条已验证。,V3七菜单及详情，1366×768/1280×720；团队1024×768；PDA不新增。全部适用加载/交互每项至少5次且每样本<200ms。完整V3命名场景/组合/边界与原始性能证据待绑定；部分功能通过不构成此条已验证。,已实现待验证,source-alignment-v3.md；当前目标报告：output/playwright/dds-pf-v3/verification.json（最终1050样本，整体不通过）；最终审查：docs/prototype-review-records/2026-09-17-dds-production-fulfillment-v3.md；源/构建SHA：output/playwright/dds-pf-v3/source-manifest.json,用户已确认V3方向；Codex实施/验证中；产品接受未发生,V3.0当前工作树；基础HEAD4804328a；当前性能和物料图片门禁未通过
V3-UI-006,source-alignment-v3.md 第5节 V3-UI-006；product-design.md 第02.1/20.2节,组合查询、统计、图形、导出范围相同且重置完整,WP07/WP09,src/pages/production-fulfillment/ 下 calculations.ts、index.ts、tasks.ts、dashboards.ts,V3专项66项通过；当前条目直接断言/输入输出待完整绑定。完整V3命名场景/组合/边界与原始性能证据待绑定；部分功能通过不构成此条已验证。,V3七菜单及详情，1366×768/1280×720；团队1024×768；PDA不新增。全部适用加载/交互每项至少5次且每样本<200ms。完整V3命名场景/组合/边界与原始性能证据待绑定；部分功能通过不构成此条已验证。,已实现待验证,source-alignment-v3.md；当前目标报告：output/playwright/dds-pf-v3/verification.json（最终1050样本，整体不通过）；最终审查：docs/prototype-review-records/2026-09-17-dds-production-fulfillment-v3.md；源/构建SHA：output/playwright/dds-pf-v3/source-manifest.json,用户已确认V3方向；Codex实施/验证中；产品接受未发生,V3.0当前工作树；基础HEAD4804328a；当前性能和物料图片门禁未通过
V3-UI-007,source-alignment-v3.md 第5节 V3-UI-007；product-design.md 第02.1/20.2节,既定身份与责任筛选分开，不提供角色切换,WP07/WP09,src/pages/production-fulfillment/ 下 index.ts、ui-state.ts、dashboards.ts,V3专项66项通过；当前条目直接断言/输入输出待完整绑定。完整V3命名场景/组合/边界与原始性能证据待绑定；部分功能通过不构成此条已验证。,V3七菜单及详情，1366×768/1280×720；团队1024×768；PDA不新增。全部适用加载/交互每项至少5次且每样本<200ms。完整V3命名场景/组合/边界与原始性能证据待绑定；部分功能通过不构成此条已验证。,已实现待验证,source-alignment-v3.md；当前目标报告：output/playwright/dds-pf-v3/verification.json（最终1050样本，整体不通过）；最终审查：docs/prototype-review-records/2026-09-17-dds-production-fulfillment-v3.md；源/构建SHA：output/playwright/dds-pf-v3/source-manifest.json,用户已确认V3方向；Codex实施/验证中；产品接受未发生,V3.0当前工作树；基础HEAD4804328a；当前性能和物料图片门禁未通过
V3-UI-008,source-alignment-v3.md 第5节 V3-UI-008；product-design.md 第02.1/20.2节,保留多层 Tab，未选面板不占当前布局,WP07/WP09,src/pages/production-fulfillment/ 下 dashboards.ts、task-detail.ts、configuration.ts,V3专项66项通过；当前条目直接断言/输入输出待完整绑定。完整V3命名场景/组合/边界与原始性能证据待绑定；部分功能通过不构成此条已验证。,V3七菜单及详情，1366×768/1280×720；团队1024×768；PDA不新增。全部适用加载/交互每项至少5次且每样本<200ms。完整V3命名场景/组合/边界与原始性能证据待绑定；部分功能通过不构成此条已验证。,已实现待验证,source-alignment-v3.md；当前目标报告：output/playwright/dds-pf-v3/verification.json（最终1050样本，整体不通过）；最终审查：docs/prototype-review-records/2026-09-17-dds-production-fulfillment-v3.md；源/构建SHA：output/playwright/dds-pf-v3/source-manifest.json,用户已确认V3方向；Codex实施/验证中；产品接受未发生,V3.0当前工作树；基础HEAD4804328a；当前性能和物料图片门禁未通过
V3-UI-009,source-alignment-v3.md 第5节 V3-UI-009；product-design.md 第02.1/20.2节,工厂筛选只含来源工厂与未指定，不含团队/不适用伪选项,WP07/WP09,src/pages/production-fulfillment/ 下 source-tasks.ts、index.ts,V3专项66项通过；当前条目直接断言/输入输出待完整绑定。完整V3命名场景/组合/边界与原始性能证据待绑定；部分功能通过不构成此条已验证。,V3七菜单及详情，1366×768/1280×720；团队1024×768；PDA不新增。全部适用加载/交互每项至少5次且每样本<200ms。完整V3命名场景/组合/边界与原始性能证据待绑定；部分功能通过不构成此条已验证。,已实现待验证,source-alignment-v3.md；当前目标报告：output/playwright/dds-pf-v3/verification.json（最终1050样本，整体不通过）；最终审查：docs/prototype-review-records/2026-09-17-dds-production-fulfillment-v3.md；源/构建SHA：output/playwright/dds-pf-v3/source-manifest.json,用户已确认V3方向；Codex实施/验证中；产品接受未发生,V3.0当前工作树；基础HEAD4804328a；当前性能和物料图片门禁未通过
V3-SOURCE-001,source-alignment-v3.md 第5节 V3-SOURCE-001；product-design.md 第02.1/20.2节,业务列表读取现有 FCS 需求及来源采购编号,WP01/WP03,src/pages/production-fulfillment/ 下 source-tasks.ts、index.ts,"tests/unit/production-fulfillment-sources.test.ts：DDS tasks use demand identity and do not invent preparation, budgets, shipment quantities or orders；read snapshot uses all current demand records without private Mock tasks or automatic same-style preparations。执行记录：output/playwright/dds-pf-v4-final5/technical/unit.log。证据边界：证明来源身份、采购编号、动态需求集合及非私有Mock主列表；角色控件和业务统计页面仍待最终浏览器。",final5：性能/入口覆盖通过；图片门禁失败、全模块未通过。本项：证明来源身份、采购编号、动态需求集合及非私有Mock主列表；final5“七菜单站内切换及筛选范围”“统计卡片、到期分布和阶段下钻”提供当前页面证据，不代表所有来源事实已补齐。,已实现待验证,当前：output/playwright/dds-pf-v4-final5/combined-verification.json；精确用例：output/playwright/dds-pf-v4-final5/technical/unit.log；历史失败：output/playwright/dds-pf-v4-final4/combined-verification.json、output/playwright/dds-pf-v4-final3/combined-verification.json、output/playwright/dds-pf-v4-final/verification.json；审查记录：docs/prototype-review-records/2026-09-18-dds-production-fulfillment-v4.md。,用户已确认V3方向；Codex实施/验证中；产品接受未发生,V4 final5已执行版本；基础HEAD4804328a；性能/覆盖通过、图片门禁失败；产品接受未发生
V3-SOURCE-002,source-alignment-v3.md 第5节 V3-SOURCE-002；product-design.md 第02.1/20.2节,已有同款准备单/技术包通过明确选择关联,WP01/WP03,src/pages/production-fulfillment/ 下 source-tasks.ts、task-detail.ts、index.ts,tests/unit/production-fulfillment-sources.test.ts：source bindings require existing same-style preparation and published technical version；binding writes only the DDS association key and is reflected by the next read。执行记录：output/playwright/dds-pf-v4-final5/technical/unit.log。证据边界：证明同款、存在性、正式版本和DDS独立关联；已有准备记录的完整表单操作仍须浏览器。,final5：性能/入口覆盖通过；图片门禁失败、全模块未通过。本项：证明同款、存在性、正式版本和DDS独立关联；final5“任务来源、准备与工艺路线、工作明细”及source-association-persist保留本次所用来源的关联操作证据，不推定覆盖所有专业准备类型。,已实现待验证,当前：output/playwright/dds-pf-v4-final5/combined-verification.json；精确用例：output/playwright/dds-pf-v4-final5/technical/unit.log；历史失败：output/playwright/dds-pf-v4-final4/combined-verification.json、output/playwright/dds-pf-v4-final3/combined-verification.json、output/playwright/dds-pf-v4-final/verification.json；审查记录：docs/prototype-review-records/2026-09-18-dds-production-fulfillment-v4.md。,用户已确认V3方向；Codex实施/验证中；产品接受未发生,V4 final5已执行版本；基础HEAD4804328a；性能/覆盖通过、图片门禁失败；产品接受未发生
V3-SOURCE-003,source-alignment-v3.md 第5节 V3-SOURCE-003；product-design.md 第02.1/20.2节,路线工作来自明确技术包节点，不套固定工序模板,WP02/WP03,src/pages/production-fulfillment/ 下 source-tasks.ts、timeline.ts,tests/unit/production-fulfillment-sources.test.ts：explicit dependencies preserve parallel entries and repeated processes instead of serial sorting；missing explicit predecessors do not become confirmed parallel roots；only a unique exact technical entry binds execution to route; same-name and split executions stay independent。执行记录：output/playwright/dds-pf-v4-final5/technical/unit.log。证据边界：已覆盖显式前置、重复工艺、拆分执行身份；不代表77类候选事件全部接入。,final5：性能/入口覆盖通过；图片门禁失败、全模块未通过。本项：已覆盖显式前置、重复工艺、拆分执行身份；不代表77类候选事件全部接入。,已实现待验证,当前：output/playwright/dds-pf-v4-final5/combined-verification.json；精确用例：output/playwright/dds-pf-v4-final5/technical/unit.log；历史失败：output/playwright/dds-pf-v4-final4/combined-verification.json、output/playwright/dds-pf-v4-final3/combined-verification.json、output/playwright/dds-pf-v4-final/verification.json；审查记录：docs/prototype-review-records/2026-09-18-dds-production-fulfillment-v4.md。,用户已确认V3方向；Codex实施/验证中；产品接受未发生,V4 final5已执行版本；基础HEAD4804328a；性能/覆盖通过、图片门禁失败；产品接受未发生
V3-SOURCE-004,source-alignment-v3.md 第5节 V3-SOURCE-004；product-design.md 第02.1/20.2节,缺预算或必要来源事实传播未知，不补0或强算24天,WP02/WP03,src/pages/production-fulfillment/ 下 source-tasks.ts、calculations.ts、dashboards.ts,tests/unit/production-fulfillment-dependencies.test.ts：已知工作预算齐备但范围未确认时，公式页不得称作全程标准。执行记录：output/playwright/dds-pf-v4-final5/technical/unit.log。证据边界：证明已知子图不冒充整体标准；完整未来工作范围和规则须确认，但实际发货尚未发生本身不阻止建立标准，参见V4-RULE-002正例。,final5：性能/入口覆盖通过；图片门禁失败、全模块未通过。本项：证明已知子图不冒充整体标准；完整未来工作范围和规则须确认，但实际发货尚未发生本身不阻止建立标准，参见V4-RULE-002正例。,已实现待验证,当前：output/playwright/dds-pf-v4-final5/combined-verification.json；精确用例：output/playwright/dds-pf-v4-final5/technical/unit.log；历史失败：output/playwright/dds-pf-v4-final4/combined-verification.json、output/playwright/dds-pf-v4-final3/combined-verification.json、output/playwright/dds-pf-v4-final/verification.json；审查记录：docs/prototype-review-records/2026-09-18-dds-production-fulfillment-v4.md。,用户已确认V3方向；Codex实施/验证中；产品接受未发生,V4 final5已执行版本；基础HEAD4804328a；性能/覆盖通过、图片门禁失败；产品接受未发生
V3-SOURCE-005,source-alignment-v3.md 第5节 V3-SOURCE-005；product-design.md 第02.1/20.2节,动态读取全部需求及明确技术版本关系，可逐条追溯；33需求/30映射为2026-09-17快照，非恒定规范,WP01/WP03,src/pages/production-fulfillment/ 下 source-tasks.ts；现有FCS需求/技术包来源,tests/unit/production-fulfillment-sources.test.ts：read snapshot uses all current demand records without private Mock tasks or automatic same-style preparations。执行记录：output/playwright/dds-pf-v4-final5/technical/unit.log。证据边界：动态需求集合有直接断言；33/30为2026-09-17快照，不是恒定数量。30条具体技术版本关系需当前逐记录来源清单，不能由此用例代替。,final5：性能/入口覆盖通过；图片门禁失败、全模块未通过。本项：动态需求集合有直接断言；33/30为2026-09-17快照，不是恒定数量。30条具体技术版本关系需当前逐记录来源清单，不能由此用例代替。,已实现待验证,当前：output/playwright/dds-pf-v4-final5/combined-verification.json；精确用例：output/playwright/dds-pf-v4-final5/technical/unit.log；历史失败：output/playwright/dds-pf-v4-final4/combined-verification.json、output/playwright/dds-pf-v4-final3/combined-verification.json、output/playwright/dds-pf-v4-final/verification.json；审查记录：docs/prototype-review-records/2026-09-18-dds-production-fulfillment-v4.md。,用户已确认V3方向；Codex实施/验证中；产品接受未发生,V4 final5已执行版本；基础HEAD4804328a；性能/覆盖通过、图片门禁失败；产品接受未发生
V3-SOURCE-006,source-alignment-v3.md 第5节 V3-SOURCE-006；product-design.md 第02.1/20.2节,执行任务按明确关系匹配且不伪造未匹配任务；14需求/76执行任务为2026-09-17快照，非恒定规范,WP01/WP03,src/pages/production-fulfillment/ 下 source-tasks.ts；现有执行任务来源,"tests/unit/production-fulfillment-sources.test.ts：execution source uses exact production-order identity, assigned factory and responsibility deadline；only a unique exact technical entry binds execution to route; same-name and split executions stay independent。执行记录：output/playwright/dds-pf-v4-final5/technical/unit.log。证据边界：精确执行关系及未匹配/拆分任务边界有直接断言；14/76为历史快照数量，逐记录当前覆盖另绑来源清单。",final5：性能/入口覆盖通过；图片门禁失败、全模块未通过。本项：精确执行关系及未匹配/拆分任务边界有直接断言；14/76为历史快照数量，逐记录当前覆盖另绑来源清单。,已实现待验证,当前：output/playwright/dds-pf-v4-final5/combined-verification.json；精确用例：output/playwright/dds-pf-v4-final5/technical/unit.log；历史失败：output/playwright/dds-pf-v4-final4/combined-verification.json、output/playwright/dds-pf-v4-final3/combined-verification.json、output/playwright/dds-pf-v4-final/verification.json；审查记录：docs/prototype-review-records/2026-09-18-dds-production-fulfillment-v4.md。,用户已确认V3方向；Codex实施/验证中；产品接受未发生,V4 final5已执行版本；基础HEAD4804328a；性能/覆盖通过、图片门禁失败；产品接受未发生
V3-SOURCE-007,source-alignment-v3.md 第5节 V3-SOURCE-007；product-design.md 第02.1/20.2节,PCS默认空库显示暂无准备来源，不编造准备单,WP01/WP03,src/pages/production-fulfillment/ 下 source-tasks.ts、task-detail.ts,"tests/unit/production-fulfillment-sources.test.ts：DDS tasks use demand identity and do not invent preparation, budgets, shipment quantities or orders；read snapshot uses all current demand records without private Mock tasks or automatic same-style preparations。执行记录：output/playwright/dds-pf-v4-final5/technical/unit.log。证据边界：证明无显式准备关联不造单；空态和已有同款记录的关联UI须分别验收。",final5：性能/入口覆盖通过；图片门禁失败、全模块未通过。本项：无显式准备关联不造单；final5来源视图及关联操作有证据，默认空库不被改写成实际准备已发生。,已实现待验证,当前：output/playwright/dds-pf-v4-final5/combined-verification.json；精确用例：output/playwright/dds-pf-v4-final5/technical/unit.log；历史失败：output/playwright/dds-pf-v4-final4/combined-verification.json、output/playwright/dds-pf-v4-final3/combined-verification.json、output/playwright/dds-pf-v4-final/verification.json；审查记录：docs/prototype-review-records/2026-09-18-dds-production-fulfillment-v4.md。,用户已确认V3方向；Codex实施/验证中；产品接受未发生,V4 final5已执行版本；基础HEAD4804328a；性能/覆盖通过、图片门禁失败；产品接受未发生
V3-SOURCE-008,source-alignment-v3.md 第5节 V3-SOURCE-008；product-design.md 第02.1/20.2节,不同款式准备关联阻断，不能按SPU自动归属,WP01/WP03,src/pages/production-fulfillment/ 下 source-tasks.ts、task-detail.ts、index.ts,tests/unit/production-fulfillment-sources.test.ts：source bindings require existing same-style preparation and published technical version；binding writes only the DDS association key and is reflected by the next read。执行记录：output/playwright/dds-pf-v4-final5/technical/unit.log。证据边界：证明同款、存在性、正式版本和DDS独立关联；已有准备记录的完整表单操作仍须浏览器。,final5：性能/入口覆盖通过；图片门禁失败、全模块未通过。本项：同款、存在性、正式版本和DDS独立关联有直接断言；final5“任务来源、准备与工艺路线、工作明细”及source-association-persist为本次关联操作证据，不代表缺失准备事实已补齐。,已实现待验证,当前：output/playwright/dds-pf-v4-final5/combined-verification.json；精确用例：output/playwright/dds-pf-v4-final5/technical/unit.log；历史失败：output/playwright/dds-pf-v4-final4/combined-verification.json、output/playwright/dds-pf-v4-final3/combined-verification.json、output/playwright/dds-pf-v4-final/verification.json；审查记录：docs/prototype-review-records/2026-09-18-dds-production-fulfillment-v4.md。,用户已确认V3方向；Codex实施/验证中；产品接受未发生,V4 final5已执行版本；基础HEAD4804328a；性能/覆盖通过、图片门禁失败；产品接受未发生
V3-SOURCE-009,source-alignment-v3.md 第5节 V3-SOURCE-009；product-design.md 第02.1/20.2节,准备任务按原类型适用规则区分需要、无需、待定,WP02/WP03,src/pages/production-fulfillment/ 下 source-tasks.ts；PCS专业任务来源,"tests/unit/production-fulfillment-sources.test.ts：explicit unneeded work is excluded but unconfirmed missing work remains a decision, never zero-day completion。执行记录：output/playwright/dds-pf-v4-final5/technical/unit.log。证据边界：覆盖明确无需与未确认分支，不代表所有准备专业类型逐源事件齐备。",final5：性能/入口覆盖通过；图片门禁失败、全模块未通过。本项：覆盖明确无需与未确认分支，不代表所有准备专业类型逐源事件齐备。,已实现待验证,当前：output/playwright/dds-pf-v4-final5/combined-verification.json；精确用例：output/playwright/dds-pf-v4-final5/technical/unit.log；历史失败：output/playwright/dds-pf-v4-final4/combined-verification.json、output/playwright/dds-pf-v4-final3/combined-verification.json、output/playwright/dds-pf-v4-final/verification.json；审查记录：docs/prototype-review-records/2026-09-18-dds-production-fulfillment-v4.md。,用户已确认V3方向；Codex实施/验证中；产品接受未发生,V4 final5已执行版本；基础HEAD4804328a；性能/覆盖通过、图片门禁失败；产品接受未发生
V3-SOURCE-010,source-alignment-v3.md 第5节 V3-SOURCE-010；product-design.md 第02.1/20.2节,已复用资料展示依据/版本，不虚构本次制作耗时,WP02/WP03,src/pages/production-fulfillment/ 下 source-tasks.ts、task-detail.ts,tests/unit/production-fulfillment-sources.test.ts：reuse preserves its source/version and does not add past preparation duration；unverified reuse does not fabricate a completed zero-day result。执行记录：output/playwright/dds-pf-v4-final5/technical/unit.log。证据边界：复用来源/版本、不重复时效和无效复用已有断言；实际关联及复用呈现待浏览器。,final5：性能/入口覆盖通过；图片门禁失败、全模块未通过。本项：复用来源/版本、不重复时效和无效复用已有断言；final5“任务来源、准备与工艺路线、工作明细”覆盖当前呈现，不扩为所有复用来源均完整。,已实现待验证,当前：output/playwright/dds-pf-v4-final5/combined-verification.json；精确用例：output/playwright/dds-pf-v4-final5/technical/unit.log；历史失败：output/playwright/dds-pf-v4-final4/combined-verification.json、output/playwright/dds-pf-v4-final3/combined-verification.json、output/playwright/dds-pf-v4-final/verification.json；审查记录：docs/prototype-review-records/2026-09-18-dds-production-fulfillment-v4.md。,用户已确认V3方向；Codex实施/验证中；产品接受未发生,V4 final5已执行版本；基础HEAD4804328a；性能/覆盖通过、图片门禁失败；产品接受未发生
V3-SOURCE-011,source-alignment-v3.md 第5节 V3-SOURCE-011；product-design.md 第02.1/20.2节,串并行采用显式直接前置，缺前置不按阶段补边,WP02/WP03,src/pages/production-fulfillment/ 下 source-tasks.ts、calculations.ts、timeline.ts,tests/unit/production-fulfillment-sources.test.ts：explicit dependencies preserve parallel entries and repeated processes instead of serial sorting；missing explicit predecessors do not become confirmed parallel roots；only a unique exact technical entry binds execution to route; same-name and split executions stay independent。执行记录：output/playwright/dds-pf-v4-final5/technical/unit.log。证据边界：已覆盖显式前置、重复工艺、拆分执行身份；不代表77类候选事件全部接入。,final5：性能/入口覆盖通过；图片门禁失败、全模块未通过。本项：已覆盖显式前置、重复工艺、拆分执行身份；不代表77类候选事件全部接入。,已实现待验证,当前：output/playwright/dds-pf-v4-final5/combined-verification.json；精确用例：output/playwright/dds-pf-v4-final5/technical/unit.log；历史失败：output/playwright/dds-pf-v4-final4/combined-verification.json、output/playwright/dds-pf-v4-final3/combined-verification.json、output/playwright/dds-pf-v4-final/verification.json；审查记录：docs/prototype-review-records/2026-09-18-dds-production-fulfillment-v4.md。,用户已确认V3方向；Codex实施/验证中；产品接受未发生,V4 final5已执行版本；基础HEAD4804328a；性能/覆盖通过、图片门禁失败；产品接受未发生
V3-SOURCE-012,source-alignment-v3.md 第5节 V3-SOURCE-012；product-design.md 第02.1/20.2节,同工艺不同路线节点分别保留工作身份,WP02/WP03,src/pages/production-fulfillment/ 下 source-tasks.ts、timeline.ts、task-detail.ts,tests/unit/production-fulfillment-sources.test.ts：explicit dependencies preserve parallel entries and repeated processes instead of serial sorting；missing explicit predecessors do not become confirmed parallel roots；only a unique exact technical entry binds execution to route; same-name and split executions stay independent。执行记录：output/playwright/dds-pf-v4-final5/technical/unit.log。证据边界：已覆盖显式前置、重复工艺、拆分执行身份；不代表77类候选事件全部接入。,final5：性能/入口覆盖通过；图片门禁失败、全模块未通过。本项：已覆盖显式前置、重复工艺、拆分执行身份；不代表77类候选事件全部接入。,已实现待验证,当前：output/playwright/dds-pf-v4-final5/combined-verification.json；精确用例：output/playwright/dds-pf-v4-final5/technical/unit.log；历史失败：output/playwright/dds-pf-v4-final4/combined-verification.json、output/playwright/dds-pf-v4-final3/combined-verification.json、output/playwright/dds-pf-v4-final/verification.json；审查记录：docs/prototype-review-records/2026-09-18-dds-production-fulfillment-v4.md。,用户已确认V3方向；Codex实施/验证中；产品接受未发生,V4 final5已执行版本；基础HEAD4804328a；性能/覆盖通过、图片门禁失败；产品接受未发生
V3-SOURCE-013,source-alignment-v3.md 第5节 V3-SOURCE-013；product-design.md 第02.1/20.2节,工作投入/产出SKU来自关联路线节点,WP02/WP03,src/pages/production-fulfillment/ 下 source-tasks.ts、task-detail.ts,tests/unit/production-fulfillment-sources.test.ts：missing predecessor and material SKU discontinuity block route certainty without fabricated edges；continuous material SKU edges stay confirmed while an unconfirmed route remains pending；technical object identity and its material photo are retained without using the style photo。执行记录：output/playwright/dds-pf-v4-final5/technical/unit.log。证据边界：投入产出身份与给定物料照片保留已有断言；不代表全部真实物料照片齐全。,final5：性能/入口覆盖通过；图片门禁失败、全模块未通过。本项：投入产出身份与给定物料照片保留已有断言；不代表全部真实物料照片齐全。,已实现待验证,当前：output/playwright/dds-pf-v4-final5/combined-verification.json；精确用例：output/playwright/dds-pf-v4-final5/technical/unit.log；历史失败：output/playwright/dds-pf-v4-final4/combined-verification.json、output/playwright/dds-pf-v4-final3/combined-verification.json、output/playwright/dds-pf-v4-final/verification.json；审查记录：docs/prototype-review-records/2026-09-18-dds-production-fulfillment-v4.md。,用户已确认V3方向；Codex实施/验证中；产品接受未发生,V4 final5已执行版本；基础HEAD4804328a；性能/覆盖通过、图片门禁失败；产品接受未发生
V3-SOURCE-014,source-alignment-v3.md 第5节 V3-SOURCE-014；product-design.md 第02.1/20.2节,实际工厂、状态、起止读取匹配执行任务，缺值不编造,WP02/WP03,src/pages/production-fulfillment/ 下 source-tasks.ts、task-detail.ts,"tests/unit/production-fulfillment-sources.test.ts：execution source uses exact production-order identity, assigned factory and responsibility deadline；only a unique exact technical entry binds execution to route; same-name and split executions stay independent。执行记录：output/playwright/dds-pf-v4-final5/technical/unit.log。证据边界：覆盖实际工厂/起止、要求量已知与合格量未知、生产单共用总量和需求份额缺口；不建立缺失的需求级分配。",final5：性能/入口覆盖通过；图片门禁失败、全模块未通过。本项：覆盖实际工厂/起止、要求量已知与合格量未知、生产单共用总量和需求份额缺口；不建立缺失的需求级分配。,已实现待验证,当前：output/playwright/dds-pf-v4-final5/combined-verification.json；精确用例：output/playwright/dds-pf-v4-final5/technical/unit.log；历史失败：output/playwright/dds-pf-v4-final4/combined-verification.json、output/playwright/dds-pf-v4-final3/combined-verification.json、output/playwright/dds-pf-v4-final/verification.json；审查记录：docs/prototype-review-records/2026-09-18-dds-production-fulfillment-v4.md。,用户已确认V3方向；Codex实施/验证中；产品接受未发生,V4 final5已执行版本；基础HEAD4804328a；性能/覆盖通过、图片门禁失败；产品接受未发生
V3-SOURCE-015,source-alignment-v3.md 第5节 V3-SOURCE-015；product-design.md 第02.1/20.2节,需求源头与时间精度保留，同款或合单不重置T0,WP01/WP03,src/pages/production-fulfillment/ 下 source-tasks.ts、tasks.ts,"tests/unit/production-fulfillment-sources.test.ts：production source time uses explicit Shanghai time and rejects date-only completion；DDS tasks use demand identity and do not invent preparation, budgets, shipment quantities or orders。执行记录：output/playwright/dds-pf-v4-final5/technical/unit.log。证据边界：直接证明时间精度与需求T0；当前源同款/合单组合的各自T0仍需特定输入证据，不能仅继承旧shared-work算例。",final5：性能/入口覆盖通过；图片门禁失败、全模块未通过。本项：直接证明时间精度与需求T0；当前源同款/合单组合的各自T0仍需特定输入证据，不能仅继承旧shared-work算例。,已实现待验证,当前：output/playwright/dds-pf-v4-final5/combined-verification.json；精确用例：output/playwright/dds-pf-v4-final5/technical/unit.log；历史失败：output/playwright/dds-pf-v4-final4/combined-verification.json、output/playwright/dds-pf-v4-final3/combined-verification.json、output/playwright/dds-pf-v4-final/verification.json；审查记录：docs/prototype-review-records/2026-09-18-dds-production-fulfillment-v4.md。,用户已确认V3方向；Codex实施/验证中；产品接受未发生,V4 final5已执行版本；基础HEAD4804328a；性能/覆盖通过、图片门禁失败；产品接受未发生
V3-SOURCE-016,source-alignment-v3.md 第5节 V3-SOURCE-016；product-design.md 第02.1/20.2节,生产交付日期不被当作整体发货承诺截止,WP05/WP06,src/pages/production-fulfillment/ 下 source-tasks.ts、calculations.ts、tasks.ts,"tests/unit/production-fulfillment-sources.test.ts：DDS tasks use demand identity and do not invent preparation, budgets, shipment quantities or orders；execution source uses exact production-order identity, assigned factory and responsibility deadline。执行记录：output/playwright/dds-pf-v4-final5/technical/unit.log。证据边界：部分证据：总体截止为空与执行责任截止独立；尚无同时填生产交付日并断言不冒充全程发货截止的专门输入用例。",final5：性能/入口覆盖通过；图片门禁失败、全模块未通过。本项：部分证据：总体截止为空与执行责任截止独立；尚无同时填生产交付日并断言不冒充全程发货截止的专门输入用例。,已实现待验证,当前：output/playwright/dds-pf-v4-final5/combined-verification.json；精确用例：output/playwright/dds-pf-v4-final5/technical/unit.log；历史失败：output/playwright/dds-pf-v4-final4/combined-verification.json、output/playwright/dds-pf-v4-final3/combined-verification.json、output/playwright/dds-pf-v4-final/verification.json；审查记录：docs/prototype-review-records/2026-09-18-dds-production-fulfillment-v4.md。,用户已确认V3方向；Codex实施/验证中；产品接受未发生,V4 final5已执行版本；基础HEAD4804328a；性能/覆盖通过、图片门禁失败；产品接受未发生
V3-SOURCE-017,source-alignment-v3.md 第5节 V3-SOURCE-017；product-design.md 第02.1/20.2节,合格量与实发未接通显示待同步，非0和非虚假订单,WP05/WP06,src/pages/production-fulfillment/ 下 source-tasks.ts、dashboards.ts、task-detail.ts,"tests/unit/production-fulfillment-sources.test.ts：DDS tasks use demand identity and do not invent preparation, budgets, shipment quantities or orders；quality is scoped to its recorded sample and does not establish shipment orders or whole-order completion。执行记录：output/playwright/dds-pf-v4-final5/technical/unit.log。证据边界：证明未知实发不冒充0/完成/客户订单，QC样本不冒充整单合格；真实客户实发行来源仍未接入。",final5：性能/入口覆盖通过；图片门禁失败、全模块未通过。本项：证明未知实发不冒充0/完成/客户订单，QC样本不冒充整单合格；真实客户实发行来源仍未接入。,已实现待验证,当前：output/playwright/dds-pf-v4-final5/combined-verification.json；精确用例：output/playwright/dds-pf-v4-final5/technical/unit.log；历史失败：output/playwright/dds-pf-v4-final4/combined-verification.json、output/playwright/dds-pf-v4-final3/combined-verification.json、output/playwright/dds-pf-v4-final/verification.json；审查记录：docs/prototype-review-records/2026-09-18-dds-production-fulfillment-v4.md。,用户已确认V3方向；Codex实施/验证中；产品接受未发生,V4 final5已执行版本；基础HEAD4804328a；性能/覆盖通过、图片门禁失败；产品接受未发生
V3-SOURCE-018,source-alignment-v3.md 第5节 V3-SOURCE-018；product-design.md 第02.1/20.2节,旧Mock任务/数量/角色/期限不进入V3业务统计,WP05/WP06,src/pages/production-fulfillment/ 下 source-tasks.ts、index.ts、examples.ts,"tests/unit/production-fulfillment-sources.test.ts：DDS tasks use demand identity and do not invent preparation, budgets, shipment quantities or orders；read snapshot uses all current demand records without private Mock tasks or automatic same-style preparations。执行记录：output/playwright/dds-pf-v4-final5/technical/unit.log。证据边界：证明来源身份、采购编号、动态需求集合及非私有Mock主列表；角色控件和业务统计页面仍待最终浏览器。",final5：性能/入口覆盖通过；图片门禁失败、全模块未通过。本项：来源身份、采购编号、动态需求集合及非私有Mock主列表有断言；final5“七菜单站内切换及筛选范围”“独立规则示例及往返入口”覆盖页面与示例隔离。,已实现待验证,当前：output/playwright/dds-pf-v4-final5/combined-verification.json；精确用例：output/playwright/dds-pf-v4-final5/technical/unit.log；历史失败：output/playwright/dds-pf-v4-final4/combined-verification.json、output/playwright/dds-pf-v4-final3/combined-verification.json、output/playwright/dds-pf-v4-final/verification.json；审查记录：docs/prototype-review-records/2026-09-18-dds-production-fulfillment-v4.md。,用户已确认V3方向；Codex实施/验证中；产品接受未发生,V4 final5已执行版本；基础HEAD4804328a；性能/覆盖通过、图片门禁失败；产品接受未发生
V3-SOURCE-019,source-alignment-v3.md 第5节 V3-SOURCE-019；product-design.md 第02.1/20.2节,本次实际读取时点和任务asOf驱动时效及甘特当前线,WP02/WP03,src/pages/production-fulfillment/ 下 source-tasks.ts、calculations.ts、timeline.ts,tests/unit/production-fulfillment-sources.test.ts：source time and manual forecast stay separate from frozen rule examples and missing SLA。执行记录：output/playwright/dds-pf-v4-final5/technical/unit.log。证据边界：asOf已用天数、手工预计不改实际和标准及整体预测未知有断言；甘特当前线与输入交互待浏览器。,final5：性能/入口覆盖通过；图片门禁失败、全模块未通过。本项：asOf已用天数、手工预计不改实际和标准及整体预测未知有断言；final5“任务数量、阶段展开、来源选择和预测登记”及甘特操作提供呈现/输入证据，缺实际进度仍不造全程预测。,已实现待验证,当前：output/playwright/dds-pf-v4-final5/combined-verification.json；精确用例：output/playwright/dds-pf-v4-final5/technical/unit.log；历史失败：output/playwright/dds-pf-v4-final4/combined-verification.json、output/playwright/dds-pf-v4-final3/combined-verification.json、output/playwright/dds-pf-v4-final/verification.json；审查记录：docs/prototype-review-records/2026-09-18-dds-production-fulfillment-v4.md。,用户已确认V3方向；Codex实施/验证中；产品接受未发生,V4 final5已执行版本；基础HEAD4804328a；性能/覆盖通过、图片门禁失败；产品接受未发生
V3-SOURCE-020,source-alignment-v3.md 第5节 V3-SOURCE-020；product-design.md 第02.1/20.2节,要求量与合格量已知性独立，未知合格量不填0,WP02/WP03,src/pages/production-fulfillment/ 下 source-tasks.ts、model.ts、task-detail.ts,"tests/unit/production-fulfillment-sources.test.ts：execution source uses exact production-order identity, assigned factory and responsibility deadline；only a unique exact technical entry binds execution to route; same-name and split executions stay independent。执行记录：output/playwright/dds-pf-v4-final5/technical/unit.log。证据边界：覆盖实际工厂/起止、要求量已知与合格量未知、生产单共用总量和需求份额缺口；不建立缺失的需求级分配。",final5：性能/入口覆盖通过；图片门禁失败、全模块未通过。本项：覆盖实际工厂/起止、要求量已知与合格量未知、生产单共用总量和需求份额缺口；不建立缺失的需求级分配。,已实现待验证,当前：output/playwright/dds-pf-v4-final5/combined-verification.json；精确用例：output/playwright/dds-pf-v4-final5/technical/unit.log；历史失败：output/playwright/dds-pf-v4-final4/combined-verification.json、output/playwright/dds-pf-v4-final3/combined-verification.json、output/playwright/dds-pf-v4-final/verification.json；审查记录：docs/prototype-review-records/2026-09-18-dds-production-fulfillment-v4.md。,用户已确认V3方向；Codex实施/验证中；产品接受未发生,V4 final5已执行版本；基础HEAD4804328a；性能/覆盖通过、图片门禁失败；产品接受未发生
V3-SOURCE-021,source-alignment-v3.md 第5节 V3-SOURCE-021；product-design.md 第02.1/20.2节,无SLA的手工预计不改实际/标准且不补成全程预测,WP02/WP03,src/pages/production-fulfillment/ 下 calculations.ts、task-detail.ts、index.ts,tests/unit/production-fulfillment-sources.test.ts：source time and manual forecast stay separate from frozen rule examples and missing SLA。执行记录：output/playwright/dds-pf-v4-final5/technical/unit.log。证据边界：asOf已用天数、手工预计不改实际和标准及整体预测未知有断言；甘特当前线与输入交互待浏览器。 补充：tests/unit/production-fulfillment-calculations.test.ts：恢复预测保留不同工作和日期的顺序，只合并连续相同计算且不改写历史。该等价测试不证明页面加载时限。,final5：性能/入口覆盖通过；图片门禁失败、全模块未通过。本项：asOf、手工预计与标准/实际隔离有断言；final5手工预测与甘特操作已有浏览器证据，连续相同恢复的等价测试和work-items-internal-link回归不覆盖其余超时入口。,已实现待验证,当前：output/playwright/dds-pf-v4-final5/combined-verification.json；精确用例：output/playwright/dds-pf-v4-final5/technical/unit.log；历史失败：output/playwright/dds-pf-v4-final4/combined-verification.json、output/playwright/dds-pf-v4-final3/combined-verification.json、output/playwright/dds-pf-v4-final/verification.json；审查记录：docs/prototype-review-records/2026-09-18-dds-production-fulfillment-v4.md。,用户已确认V3方向；Codex实施/验证中；产品接受未发生,V4 final5已执行版本；基础HEAD4804328a；性能/覆盖通过、图片门禁失败；产品接受未发生
V3-VERIFY-001,source-alignment-v3.md 第5节 V3-VERIFY-001；product-design.md 第02.1/20.2节,最终版本每次加载/交互严格<200ms且每项至少5次,WP08,scripts/check-dds-production-fulfillment-v3.mjs；最终浏览器证据,最终当前版本66专项通过；浏览器6组1050样本、0页面错误；40冷加载最大429ms和137刷新最大364.099999994ms均失败；687click最大34.2ms、146select最大33ms、40fill最大30.9ms本批通过。 后续又补源状态边界至66专项；最新修改后构建/浏览器由主代理生成，以最新报告为准，不继承修改前样本。,177个冷加载/刷新样本全部超过200ms，严格门槛不通过；873个操作样本通过不能抵消加载失败。还需最终修复后每项至少5次原始同版本证据。,实施中,output/playwright/dds-pf-v3/verification.json；output/playwright/dds-pf-v3/source-manifest.json；docs/prototype-review-records/2026-09-17-dds-production-fulfillment-v3.md,用户已确认V3方向；Codex实施/验证中；产品接受未发生,V3.0当前工作树；基础HEAD4804328a；当前性能和物料图片门禁未通过
V3-VERIFY-002,source-alignment-v3.md 第5节 V3-VERIFY-002；product-design.md 第02.1/20.2节,来源身份、路线、准备空态/关联和缺数有直接V3证据,WP08,来源专项、V3浏览器脚本和矩阵,V3专项66项通过；当前条目直接断言/输入输出待完整绑定。完整V3命名场景/组合/边界与原始性能证据待绑定；部分功能通过不构成此条已验证。,当前源准备UI无数据场景已检查；完整有准备记录的关联/复用UI、打印和全部发布边界未全覆盖。1050样本/0页面错误不代表这些需求完成。,实施中,source-alignment-v3.md；当前目标报告：output/playwright/dds-pf-v3/verification.json（最终1050样本，整体不通过）；最终审查：docs/prototype-review-records/2026-09-17-dds-production-fulfillment-v3.md；源/构建SHA：output/playwright/dds-pf-v3/source-manifest.json,用户已确认V3方向；Codex实施/验证中；产品接受未发生,V3.0当前工作树；基础HEAD4804328a；当前性能和物料图片门禁未通过
V3-VERIFY-003,source-alignment-v3.md 第5节 V3-VERIFY-003；product-design.md 第02.1/20.2节,旧版证据只作历史，当前状态不继承旧Mock已验证,WP08,当前四份文档及requirements-matrix.csv,V3专项66项通过；当前条目直接断言/输入输出待完整绑定。完整V3命名场景/组合/边界与原始性能证据待绑定；部分功能通过不构成此条已验证。,文档及矩阵已取消旧Mock已验证继承；最终正反向来源/功能覆盖仍需主代理逐项收口，加载失败及图片/准备有数据/打印/发布边界缺证不得标绿。,实施中,source-alignment-v3.md；当前目标报告：output/playwright/dds-pf-v3/verification.json（最终1050样本，整体不通过）；最终审查：docs/prototype-review-records/2026-09-17-dds-production-fulfillment-v3.md；源/构建SHA：output/playwright/dds-pf-v3/source-manifest.json,用户已确认V3方向；Codex实施/验证中；产品接受未发生,V3.0当前工作树；基础HEAD4804328a；当前性能和物料图片门禁未通过
V3-VERIFY-004,source-alignment-v3.md 第5节 V3-VERIFY-004；product-design.md 第02.1/20.2节,每个来源物料SKU具备对应实物图并通过缩略图/大图验收,WP08,路线卡/工作详情及当前素材清单,V3专项66项通过；当前条目直接断言/输入输出待完整绑定。路线卡投入/产出SKU已读取，目标物料照片仍未逐一具备；图片覆盖门禁未通过。,V3七菜单及详情，1366×768/1280×720；团队1024×768；PDA不新增。全部适用加载/交互每项至少5次且每样本<200ms。路线卡投入/产出SKU已读取，目标物料照片仍未逐一具备；图片覆盖门禁未通过。,实施中,source-alignment-v3.md；当前目标报告：output/playwright/dds-pf-v3/verification.json（最终1050样本，整体不通过）；最终审查：docs/prototype-review-records/2026-09-17-dds-production-fulfillment-v3.md；源/构建SHA：output/playwright/dds-pf-v3/source-manifest.json,用户已确认V3方向；Codex实施/验证中；产品接受未发生,V3.0当前工作树；基础HEAD4804328a；当前性能和物料图片门禁未通过
V3-SOURCE-022,source-alignment-v3.md 第2/3/5节 V3-SOURCE-022；product-design.md 第02.1/04/20.2节,共用执行总量标生产单总量，本需求份额未知时不借总量计算,WP02/WP03/WP04,src/pages/production-fulfillment/ 下 source-tasks.ts、model.ts、task-detail.ts,"tests/unit/production-fulfillment-sources.test.ts：execution source uses exact production-order identity, assigned factory and responsibility deadline；only a unique exact technical entry binds execution to route; same-name and split executions stay independent。执行记录：output/playwright/dds-pf-v4-final5/technical/unit.log。证据边界：覆盖实际工厂/起止、要求量已知与合格量未知、生产单共用总量和需求份额缺口；不建立缺失的需求级分配。",final5：性能/入口覆盖通过；图片门禁失败、全模块未通过。本项：覆盖实际工厂/起止、要求量已知与合格量未知、生产单共用总量和需求份额缺口；不建立缺失的需求级分配。,已实现待验证,当前：output/playwright/dds-pf-v4-final5/combined-verification.json；精确用例：output/playwright/dds-pf-v4-final5/technical/unit.log；历史失败：output/playwright/dds-pf-v4-final4/combined-verification.json、output/playwright/dds-pf-v4-final3/combined-verification.json、output/playwright/dds-pf-v4-final/verification.json；审查记录：docs/prototype-review-records/2026-09-18-dds-production-fulfillment-v4.md。,用户已确认V3方向；Codex实施/验证中；产品接受未发生,V4 final5已执行版本；基础HEAD4804328a；性能/覆盖通过、图片门禁失败；产品接受未发生
V3-SOURCE-023,source-alignment-v3.md 第2/3/5节 V3-SOURCE-023；product-design.md 第02.1/04/20.2节,已实际开工不因缺SLA归为不可执行，执行性与时效可判分开,WP02/WP03/WP04,src/pages/production-fulfillment/ 下 source-tasks.ts、calculations.ts、dashboards.ts,tests/unit/production-fulfillment-dependencies.test.ts：已开工工作即使前置未完，也保留其来源责任逾期并提示核对。执行记录：output/playwright/dds-pf-v4-final5/technical/unit.log。证据边界：未知标准下实际开工与责任逾期保留有断言；团队可执行队列的具体分类仍需页面证据。,final5：性能/入口覆盖通过；图片门禁失败、全模块未通过。本项：未知标准下实际开工与责任逾期保留有断言；final5“总览各视图及团队队列”区分可执行与需要协调，不能从入口覆盖推定所有缺业务数据均已解决。,已实现待验证,当前：output/playwright/dds-pf-v4-final5/combined-verification.json；精确用例：output/playwright/dds-pf-v4-final5/technical/unit.log；历史失败：output/playwright/dds-pf-v4-final4/combined-verification.json、output/playwright/dds-pf-v4-final3/combined-verification.json、output/playwright/dds-pf-v4-final/verification.json；审查记录：docs/prototype-review-records/2026-09-18-dds-production-fulfillment-v4.md。,用户已确认V3方向；Codex实施/验证中；产品接受未发生,V4 final5已执行版本；基础HEAD4804328a；性能/覆盖通过、图片门禁失败；产品接受未发生
V4-GRAPH-001,dependency-revision-v4.md；product-design.md 第21节,默认依赖图按真实前置布局，未知预算仍显示箭头,WP-V4,dependency-graph.ts/task-detail.ts,tests/unit/production-fulfillment-dependencies.test.ts：未知预算仍保留串并行和汇合箭头，位置不依赖日期。执行记录：output/playwright/dds-pf-v4-final5/technical/unit.log。证据边界：四条边及相对布局有直接断言；默认视图、可见箭头及尺寸待浏览器。,final5：性能/入口覆盖通过；图片门禁失败、全模块未通过。本项：四条边及相对布局有直接断言；final5“真实依赖箭头、卡点定位与单据摘要”与低分辨率场景提供当前默认图/箭头/尺寸证据。,已实现待验证,当前：output/playwright/dds-pf-v4-final5/combined-verification.json；精确用例：output/playwright/dds-pf-v4-final5/technical/unit.log；历史失败：output/playwright/dds-pf-v4-final4/combined-verification.json、output/playwright/dds-pf-v4-final3/combined-verification.json、output/playwright/dds-pf-v4-final/verification.json；审查记录：docs/prototype-review-records/2026-09-18-dds-production-fulfillment-v4.md。,Codex实施核查；用户尚未接受,V4 final5已执行版本；基础HEAD4804328a；性能/覆盖通过、图片门禁失败；产品接受未发生
V4-GRAPH-002,dependency-revision-v4.md；product-design.md 第21节,无连线不推定并行；缺前置、取消/作废不成功放行,WP-V4,dependency-graph.ts/calculations.ts,tests/unit/production-fulfillment-dependencies.test.ts：已实收的有效结束满足前置，取消前置不会被视为供给完成；作废且不计时不等于前置已完成；来源已阻断是明确卡点；暂停或受阻工作不因遗留结束时间而放行下游。执行记录：output/playwright/dds-pf-v4-final5/technical/unit.log。证据边界：取消/作废/暂停/受阻与前置放行已有分支断言；缺前置不推定并行另由sources测试覆盖。 补充：tests/unit/production-fulfillment-sources.test.ts：missing explicit predecessors do not become confirmed parallel roots。,final5：性能/入口覆盖通过；图片门禁失败、全模块未通过。本项：取消/作废/暂停/受阻与前置放行已有分支断言；缺前置不推定并行另由sources测试覆盖。,已实现待验证,当前：output/playwright/dds-pf-v4-final5/combined-verification.json；精确用例：output/playwright/dds-pf-v4-final5/technical/unit.log；历史失败：output/playwright/dds-pf-v4-final4/combined-verification.json、output/playwright/dds-pf-v4-final3/combined-verification.json、output/playwright/dds-pf-v4-final/verification.json；审查记录：docs/prototype-review-records/2026-09-18-dds-production-fulfillment-v4.md。,Codex实施核查；用户尚未接受,V4 final5已执行版本；基础HEAD4804328a；性能/覆盖通过、图片门禁失败；产品接受未发生
V4-BLOCK-001,dependency-revision-v4.md；product-design.md 第21节,具体本项卡点与上游等待、来源缺口分开,WP-V4,dependency-graph.ts,tests/unit/production-fulfillment-dependencies.test.ts：下游未开工且前置未完的逾期归为等待；根卡点标出具体工作和全部后继；取消和已完成不是当前卡点，数据缺口不当执行逾期。执行记录：output/playwright/dds-pf-v4-final5/technical/unit.log。证据边界：根卡点、上游等待与来源缺口已有直接断言；总体与图一致另由tests/unit/production-fulfillment-sources.test.ts 中的 task lead blocker matches dependency analysis instead of blaming an unstarted downstream deadline覆盖。 补充：tests/unit/production-fulfillment-dependencies.test.ts：来源已有不合格检验结果但缺建立时间时，不因前置未完而隐藏本项卡点。,final5：性能/入口覆盖通过；图片门禁失败、全模块未通过。本项：根卡点、上游等待与来源缺口已有直接断言；总体与图一致另由sources中的task lead blocker matches dependency analysis instead of blaming an unstarted downstream deadline覆盖。 新增来源有不合格结束事件而缺开始时间的卡点不隐藏；对应精确用例已进入140项日志，final5卡点与来源摘要场景已验收。,已实现待验证,当前：output/playwright/dds-pf-v4-final5/combined-verification.json；精确用例：output/playwright/dds-pf-v4-final5/technical/unit.log；历史失败：output/playwright/dds-pf-v4-final4/combined-verification.json、output/playwright/dds-pf-v4-final3/combined-verification.json、output/playwright/dds-pf-v4-final/verification.json；审查记录：docs/prototype-review-records/2026-09-18-dds-production-fulfillment-v4.md。,Codex实施核查；用户尚未接受,V4 final5已执行版本；基础HEAD4804328a；性能/覆盖通过、图片门禁失败；产品接受未发生
V4-BLOCK-002,dependency-revision-v4.md；product-design.md 第21节,卡点显示单据责任原因影响，并可定位或开摘要,WP-V4,dependency-graph.ts/index.ts,tests/unit/production-fulfillment-dependencies.test.ts：卡点范围仍显示上游参照及所有受影响后继，不显示无关支路。执行记录：output/playwright/dds-pf-v4-final5/technical/unit.log。证据边界：影响节点范围有直接断言；具体不合格数量由tests/unit/production-fulfillment-sources.test.ts 中的 failed inspection exposes the concrete unqualified quantity as blocker reason覆盖；点击定位、弹窗和着色待浏览器。,final5：性能/入口覆盖通过；图片门禁失败、全模块未通过。本项：影响范围与具体不合格数有直接断言；final5“真实依赖箭头、卡点定位与单据摘要”提供定位和弹窗证据，缺业务来源仍保留待判。,已实现待验证,当前：output/playwright/dds-pf-v4-final5/combined-verification.json；精确用例：output/playwright/dds-pf-v4-final5/technical/unit.log；历史失败：output/playwright/dds-pf-v4-final4/combined-verification.json、output/playwright/dds-pf-v4-final3/combined-verification.json、output/playwright/dds-pf-v4-final/verification.json；审查记录：docs/prototype-review-records/2026-09-18-dds-production-fulfillment-v4.md。,Codex实施核查；用户尚未接受,V4 final5已执行版本；基础HEAD4804328a；性能/覆盖通过、图片门禁失败；产品接受未发生
V4-DOC-001,dependency-revision-v4.md；product-design.md 第21节,工作点击默认简要单据弹窗，最多12字段及必要图片,WP-V4,task-detail.ts/source-tasks.ts/source-views.css,"tests/unit/production-fulfillment-dependencies.test.ts：单据摘要默认展开来源核心字段，不只展示时效；缺少单据不得生成虚构摘要或默认完成数。执行记录：output/playwright/dds-pf-v4-final5/technical/unit.log。证据边界：摘要内容与无单据不造完成数已有断言；12字段上限由sources摘要测试覆盖；默认弹窗、全部对象照片与大图须分别验收。 补充：tests/unit/production-fulfillment-sources.test.ts：document summaries are factual, compact strings; decisions without a document stay unbound。",final5：性能/入口覆盖通过；图片门禁失败、全模块未通过。本项：摘要内容与无单据不造完成数、12字段上限有断言；final5单据摘要和大图交互已测，24个访问对象缺图及QC来源占位图仍不符合图片要求。,已实现待验证,当前：output/playwright/dds-pf-v4-final5/combined-verification.json；精确用例：output/playwright/dds-pf-v4-final5/technical/unit.log；历史失败：output/playwright/dds-pf-v4-final4/combined-verification.json、output/playwright/dds-pf-v4-final3/combined-verification.json、output/playwright/dds-pf-v4-final/verification.json；审查记录：docs/prototype-review-records/2026-09-18-dds-production-fulfillment-v4.md。,Codex实施核查；用户尚未接受,V4 final5已执行版本；基础HEAD4804328a；性能/覆盖通过、图片门禁失败；产品接受未发生
V4-DOC-002,dependency-revision-v4.md；product-design.md 第21节,明确来源身份及有效入口；缺单据不伪造,WP-V4,source-tasks.ts/source-document-facts.ts,"tests/unit/production-fulfillment-sources.test.ts：document summaries are factual, compact strings; decisions without a document stay unbound；formal preparation output connects the exact confirmation, route entry and production version；only a unique exact technical entry binds execution to route; same-name and split executions stay independent。执行记录：output/playwright/dds-pf-v4-final5/technical/unit.log。证据边界：准确身份、准备发布双键和拆分执行已有断言；来源路由可实际打开仍须浏览器。 补充：tests/unit/production-fulfillment-dependencies.test.ts：需求摘要指向已存在的需求列表，入口不冒称独立详情。实际需求链接为/fcs/production/demand-inbox，标签前往生产需求列表；其他已知入口显示查看来源页面，不声称完整单据。",final5：性能/入口覆盖通过；图片门禁失败、全模块未通过。本项：source-entry实际点击需求列表/执行来源/QC来源各5次均内容可用且<200ms；runtime精确身份/关系恢复已实现，QC占位图已移除，真实图片仍待补。,已实现待验证,当前：output/playwright/dds-pf-v4-final5/combined-verification.json；精确用例：output/playwright/dds-pf-v4-final5/technical/unit.log；历史失败：output/playwright/dds-pf-v4-final4/combined-verification.json、output/playwright/dds-pf-v4-final3/combined-verification.json、output/playwright/dds-pf-v4-final/verification.json；审查记录：docs/prototype-review-records/2026-09-18-dds-production-fulfillment-v4.md。,Codex实施核查；用户尚未接受,V4 final5已执行版本；基础HEAD4804328a；性能/覆盖通过、图片门禁失败；产品接受未发生
V4-UI-001,dependency-revision-v4.md；product-design.md 第21节,图示内部滚动缩放且与甘特/准备/工艺层级一致,WP-V4,source-views.ts/source-views.css/timeline.ts,自动化不适用部分：实际尺寸、缩放、内部滚动与页面层级需浏览器。tests/unit/production-fulfillment-dependencies.test.ts：未知预算仍保留串并行和汇合箭头，位置不依赖日期；卡点范围仍显示上游参照及所有受影响后继，不显示无关支路。执行记录：output/playwright/dds-pf-v4-final5/technical/unit.log。这些字符串/布局计算断言仅为相邻契约，不替代当前浏览器。,final5：性能/入口覆盖通过；图片门禁失败、全模块未通过。本项：final5依赖图缩放/滚动、甘特/准备/工艺页签及低分辨率场景已有证据；485控件类别覆盖不能豁免12个性能失败或缺图。,已实现待验证,当前：output/playwright/dds-pf-v4-final5/combined-verification.json；精确用例：output/playwright/dds-pf-v4-final5/technical/unit.log；历史失败：output/playwright/dds-pf-v4-final4/combined-verification.json、output/playwright/dds-pf-v4-final3/combined-verification.json、output/playwright/dds-pf-v4-final/verification.json；审查记录：docs/prototype-review-records/2026-09-18-dds-production-fulfillment-v4.md。,Codex实施核查；用户尚未接受,V4 final5已执行版本；基础HEAD4804328a；性能/覆盖通过、图片门禁失败；产品接受未发生
V4-PERF-001,dependency-revision-v4.md；product-design.md 第21节,所有适用冷加载和操作5样本且每次严格小于200ms,WP-V4,scripts/check-dds-production-fulfillment-v4.mjs；src/main.ts；src/pages/material-decision/events-bridge.ts/index.ts（原守卫与处理顺序同步注册）,tests/unit/production-order-tech-pack-runtime.test.ts：PERF-001: runtime snapshot and all nine subsets preserve every production order value and caller isolation；PERF-001: a subset read does not traverse or clone unrelated snapshot sections；PERF-001: paper pattern binding strips and nested craft arrays remain isolated after mutation；PERF-001: replacing or updating the bound snapshot is visible immediately without a stale cache。执行记录：output/playwright/dds-pf-v4-final5/technical/unit.log。证据边界：这些用例仅证明性能改动不改业务值、隔离和新鲜性，不证明页面<200ms；浏览器性能另见final5报告。 补充：tests/unit/production-fulfillment-calculations.test.ts：恢复预测保留不同工作和日期的顺序，只合并连续相同计算且不改写历史。该等价测试不证明页面加载时限。 最终4新增material-decision-events-bridge.test.ts注册与原守卫回归；/tmp/dds-v4-unit-final4.log共130/130通过，仍不代表浏览器达标。,final5：DDS/来源与bridge性能通过，图片门禁失败、全模块未通过。本项：7250个DDS/来源样本全<200ms，DDS最大171.29999999701977ms；456场景组和484适用入口均≥5次，print-confirm 1类N/A。物料bridge另200样本/34组/40冷导航，0失败，冷最大84.30000001192093ms、交互最大46.900000005960464ms；40冷导航均无DDS请求。,实施中,当前：output/playwright/dds-pf-v4-final5/combined-verification.json；精确用例：output/playwright/dds-pf-v4-final5/technical/unit.log；历史失败：output/playwright/dds-pf-v4-final4/combined-verification.json、output/playwright/dds-pf-v4-final3/combined-verification.json、output/playwright/dds-pf-v4-final/verification.json；审查记录：docs/prototype-review-records/2026-09-18-dds-production-fulfillment-v4.md。 技术关系/等价/构建/类型/治理及64文件哈希：output/playwright/dds-pf-v4-final5/technical/；物料bridge：output/playwright/dds-pf-v4-final5-material-bridge/verification.json、output/playwright/dds-pf-v4-final5-material-bridge/summary.json。,Codex实施核查；用户尚未接受,V4 final5已执行版本；基础HEAD4804328a；性能/覆盖通过、图片门禁失败；产品接受未发生
V4-REVIEW-001,dependency-revision-v4.md；product-design.md 第21节,旧问题逐项复核并继续整改，不继承历史通过,WP-V4,dependency-revision-v4.md/review-v2-resolution.md,自动化不适用：需求与实现语义核对需人工审查。具体有界复核：/tmp/dds-v4-matrix-audit.md；review-v2-resolution.md的V4进展。122项整组日志不代替逐条追踪。,final5：性能/入口覆盖通过；图片门禁失败、全模块未通过。本项：final5性能/入口覆盖已有直接证据；图片门禁失败、ACT77实施中及其他业务缺口仍保留，未获产品接受，不以整体测试通过数替代逐条语义验收。,实施中,当前：output/playwright/dds-pf-v4-final5/combined-verification.json；精确用例：output/playwright/dds-pf-v4-final5/technical/unit.log；历史失败：output/playwright/dds-pf-v4-final4/combined-verification.json、output/playwright/dds-pf-v4-final3/combined-verification.json、output/playwright/dds-pf-v4-final/verification.json；审查记录：docs/prototype-review-records/2026-09-18-dds-production-fulfillment-v4.md。,Codex实施核查；用户尚未接受,V4 final5已执行版本；基础HEAD4804328a；性能/覆盖通过、图片门禁失败；产品接受未发生
V4-RULE-001,dependency-revision-v4.md；product-design.md 第21节,当前任务显式映射候选动作和真实起止事件,WP-V4,configuration.ts/config-model.ts/rule-recalculation.ts,tests/unit/production-fulfillment-task-rule-mappings.test.ts：当前非 Mock 需求可保存显式工作映射，序列化后可恢复且不改来源事实；未保存映射、规则空天数、事件范围变化与同级冲突分别给出真实阻断；同一工作不得存两份口径，来源身份变化或未知数量不允许保存；工作单位不换算、通配值不充当事实、里程碑不重复加预算。执行记录：output/playwright/dds-pf-v4-final5/technical/unit.log。证据边界：当前来源映射与阻断已有直接证据；并非仅旧W19演示；可见表单与发布入口仍待浏览器。,final5：性能/入口覆盖通过；图片门禁失败、全模块未通过。本项：当前来源映射/阻断有直接单测；final5“真实来源任务单项映射与发布、不伪造整体截止”及“配置事件匹配、规则试算与发布边界”有表单证据，非仅旧W19演示；不代表正式业务批准。,已实现待验证,当前：output/playwright/dds-pf-v4-final5/combined-verification.json；精确用例：output/playwright/dds-pf-v4-final5/technical/unit.log；历史失败：output/playwright/dds-pf-v4-final4/combined-verification.json、output/playwright/dds-pf-v4-final3/combined-verification.json、output/playwright/dds-pf-v4-final/verification.json；审查记录：docs/prototype-review-records/2026-09-18-dds-production-fulfillment-v4.md。,Codex实施核查；用户尚未接受,V4 final5已执行版本；基础HEAD4804328a；性能/覆盖通过、图片门禁失败；产品接受未发生
V4-RULE-002,dependency-revision-v4.md；product-design.md 第21节,单项发布不伪造整体基线；首次基线依赖已确认未来工作范围和完整规则，未发生实发不阻止标准建立；既有截止保持,WP-V4,rule-recalculation.ts,tests/unit/production-fulfillment-task-rule-mappings.test.ts：来源任务发布单项预算后保持整体待定，刷新覆盖和已有截止均保留；缺准备或实发范围时即使要求首次建基线也阻断，并且不写覆盖；已确认的未来发货工作尚无实发事实也可建 T0+最长路径基线，缺进度只影响预测；已发布后来源工作身份变化，不把旧映射预算套到新单据；配置页面保存映射到本地，空天数发布被阻断，填写预算后实际发布当前来源任务。执行记录：output/playwright/dds-pf-v4-final5/technical/unit.log。证据边界：“实发范围”指必要未来发货工作范围，非已发生实发订单集合；已有冻结截止在来源映射失效时仍保留。原型发布不代表正式业务批准。,final5：性能/入口覆盖通过；图片门禁失败、全模块未通过。本项：“实发范围”指必要未来发货工作范围，非已发生实发订单集合；已有冻结截止在来源映射失效时仍保留。原型发布不代表正式业务批准。,已实现待验证,当前：output/playwright/dds-pf-v4-final5/combined-verification.json；精确用例：output/playwright/dds-pf-v4-final5/technical/unit.log；历史失败：output/playwright/dds-pf-v4-final4/combined-verification.json、output/playwright/dds-pf-v4-final3/combined-verification.json、output/playwright/dds-pf-v4-final/verification.json；审查记录：docs/prototype-review-records/2026-09-18-dds-production-fulfillment-v4.md。,Codex实施核查；用户尚未接受,V4 final5已执行版本；基础HEAD4804328a；性能/覆盖通过、图片门禁失败；产品接受未发生
V4-SOURCE-001,dependency-revision-v4.md；product-design.md 第21节,交出运输实收分工作与责任，不误用送货登记时间,WP-V4,source-tasks.ts/source-document-facts.ts,"tests/unit/production-fulfillment-sources.test.ts：material transfer has serial dispatch, transport and receipt with separate responsibility and source identity；approval, sent quantities and delivery-note registration cannot prove physical handout or logistics delivery；actual handout starts transportation but factory receipt never backfills logistics delivery or reception start；receipt quantities require the same source line, target factory and unit; mixed units never close reception；voided transfers keep evidence but no effective supply or transport completion；a document handout timestamp does not complete unshipped or partially shipped source lines。执行记录：output/playwright/dds-pf-v4-final5/technical/unit.log。证据边界：三段实例、责任、部分/作废/跨单位边界已有证据；源缺独立物流交付时刻，不能判定物流按时而工厂晚实收。",final5：性能/入口覆盖通过；图片门禁失败、全模块未通过。本项：三段实例、责任、部分/作废/跨单位边界已有证据；源缺独立物流交付时刻，不能判定物流按时而工厂晚实收。,已实现待验证,当前：output/playwright/dds-pf-v4-final5/combined-verification.json；精确用例：output/playwright/dds-pf-v4-final5/technical/unit.log；历史失败：output/playwright/dds-pf-v4-final4/combined-verification.json、output/playwright/dds-pf-v4-final3/combined-verification.json、output/playwright/dds-pf-v4-final/verification.json；审查记录：docs/prototype-review-records/2026-09-18-dds-production-fulfillment-v4.md。,Codex实施核查；用户尚未接受,V4 final5已执行版本；基础HEAD4804328a；性能/覆盖通过、图片门禁失败；产品接受未发生
V4-DATA-001,product-design.md §21.6 / dependency-revision-v4.md,缺口事项独立稳定编号和责任修复期限,V4-DATA,data-issues.ts / dashboards.ts / index.ts,tests/unit/production-fulfillment-data-issues.test.ts：首次来源读取只创建当前存在的缺口，历史从本次观察开始；事项键由任务、工作与类型生成，中文说明变化不新增事项；登记责任期限不修改事实或关闭事项，只有后续来源读取确认恢复；本地持久化保留独立事项、责任、期限和恢复历史；责任、期限、调整原因必填；存储失败给出未保存结果。执行记录：output/playwright/dds-pf-v4-final5/technical/unit.log。证据边界：独立编号、责任期限和持久化有直接断言；表单保存/重载的页面证据另见本行浏览器字段。,final5：性能/入口覆盖通过；图片门禁失败、全模块未通过。本项：独立编号、责任期限和持久化有直接断言；final5“数据事项责任期限、筛选导出与持久化”覆盖表单校验、保存与重载，不把责任安排当恢复。,已实现待验证,当前：output/playwright/dds-pf-v4-final5/combined-verification.json；精确用例：output/playwright/dds-pf-v4-final5/technical/unit.log；历史失败：output/playwright/dds-pf-v4-final4/combined-verification.json、output/playwright/dds-pf-v4-final3/combined-verification.json、output/playwright/dds-pf-v4-final/verification.json；审查记录：docs/prototype-review-records/2026-09-18-dds-production-fulfillment-v4.md。,用户待确认,V4 final5已执行版本；基础HEAD4804328a；性能/覆盖通过、图片门禁失败；产品接受未发生
V4-DATA-002,product-design.md §21.6 / dependency-revision-v4.md,来源确认自动恢复及再次发生重开审计,V4-DATA,data-issues.ts / dashboards.ts / index.ts,tests/unit/production-fulfillment-data-issues.test.ts：同一恢复事实重复核对不制造历史，缺口复现重新打开且保留期限；任务或工作未返回、数量已知性字段消失均不是恢复证据；来源身份变更不能在同一次读取中把旧缺口标为恢复；未结构化来源审核项不因文字消失自动关闭；本地损坏记录不伪造历史、不覆盖旧内容、不允许假保存。执行记录：output/playwright/dds-pf-v4-final5/technical/unit.log。证据边界：结构化恢复/重开/审计与未知字段及坏存储防错已有断言；未结构化审核项仍待来源证据，完整刷新/重开操作待浏览器。,final5：性能/入口覆盖通过；图片门禁失败、全模块未通过。本项：结构化恢复/重开/未知字段/坏存储有直接断言；final5数据事项刷新等操作已测，未结构化审核项仍待来源证据，未因文字消失或人工跟进关闭。,已实现待验证,当前：output/playwright/dds-pf-v4-final5/combined-verification.json；精确用例：output/playwright/dds-pf-v4-final5/technical/unit.log；历史失败：output/playwright/dds-pf-v4-final4/combined-verification.json、output/playwright/dds-pf-v4-final3/combined-verification.json、output/playwright/dds-pf-v4-final/verification.json；审查记录：docs/prototype-review-records/2026-09-18-dds-production-fulfillment-v4.md。,用户待确认,V4 final5已执行版本；基础HEAD4804328a；性能/覆盖通过、图片门禁失败；产品接受未发生
V4-DATA-003,product-design.md §21.6；dependency-revision-v4.md V4-DATA-003,事项按自身负责人、状态、修复期限筛选；导出当前任务范围和事项条件下全部匹配记录，含事项ID/责任/期限/状态/来源/恢复时间且不含操作列,V4-DATA,src/pages/production-fulfillment/data-issues.ts / dashboards.ts / index.ts,tests/unit/production-fulfillment-data-issues.test.ts：数据待补按事项分页和筛选，提供独立登记及来源刷新入口；事项按自身负责人和修复期限筛选，不借任务跟单替代。执行记录：output/playwright/dds-pf-v4-final5/technical/unit.log。证据边界：事项自身筛选由filterDataIssues直接断言，index.ts导出共用此函数；实际CSV全部结果、表头、无操作列及下载时间仍须浏览器。,final5：性能/入口覆盖通过；图片门禁失败、全模块未通过。本项：filterDataIssues共享筛选有直接断言；final5“数据事项责任期限、筛选导出与持久化”及data-issue-reset-refresh-export提供筛选与下载证据，范围为全部匹配事项且无操作列。,已实现待验证,当前：output/playwright/dds-pf-v4-final5/combined-verification.json；精确用例：output/playwright/dds-pf-v4-final5/technical/unit.log；历史失败：output/playwright/dds-pf-v4-final4/combined-verification.json、output/playwright/dds-pf-v4-final3/combined-verification.json、output/playwright/dds-pf-v4-final/verification.json；审查记录：docs/prototype-review-records/2026-09-18-dds-production-fulfillment-v4.md。,用户待确认,V4 final5已执行版本；基础HEAD4804328a；性能/覆盖通过、图片门禁失败；产品接受未发生
V4-DATA-004,product-design.md §21.6；dependency-revision-v4.md V4-DATA-004,数据事项筛选条件按等列排列，所有操作始终位于全部条件下方的独立一行,V4-DATA,src/pages/production-fulfillment/data-issues.ts / dashboards.ts / index.ts,自动化不适用：等列、控件位置、条件展开后的操作行和低分辨率需要实际布局测量；现有data-issues测试只证明入口及筛选行为，不证明视觉排列。,final5：性能/入口覆盖通过；图片门禁失败、全模块未通过。本项：final5“数据事项查询层级与多分辨率”及data-issues-responsive-1366/1280/1024已提供等列与独立底行页面证据；全局性能门禁仍失败，不标已验证。,实施中,当前：output/playwright/dds-pf-v4-final5/combined-verification.json；精确用例：output/playwright/dds-pf-v4-final5/technical/unit.log；历史失败：output/playwright/dds-pf-v4-final4/combined-verification.json、output/playwright/dds-pf-v4-final3/combined-verification.json、output/playwright/dds-pf-v4-final/verification.json；审查记录：docs/prototype-review-records/2026-09-18-dds-production-fulfillment-v4.md。,用户待确认,V4 final5已执行版本；基础HEAD4804328a；性能/覆盖通过、图片门禁失败；产品接受未发生
V4-SOURCE-002,product-design.md 第21节 图片来源纠正；dependency-revision-v4.md V4-SOURCE-002,已知通用sample或placeholder不冒充真实款图；DDS保留明确专属素材，缺图显示对应实图待补并记录缺素材对象及独立事项，不跨款借图,WP-V4-SOURCE / V4-DATA,src/pages/production-fulfillment/source-tasks.ts；data-issues.ts；当前DDS图片展示,tests/unit/production-fulfillment-sources.test.ts：category sample images never stand in for a source style; a dedicated source image is retained；tests/unit/production-fulfillment-data-issues.test.ts：缺款图形成独立事项，增加地址不等于款色对应核验通过。执行记录：output/playwright/dds-pf-v4-final5/technical/unit.log。证据边界：只证明已知通用图排除、专属源图保留和缺图事项，不证明全部图片对应或缺素材已补齐。,final5：性能/入口覆盖通过；图片门禁失败、全模块未通过。本项：专属图预览、缺图提示与QC移除占位已验收；24个访问款号/名称组合（23个不同编码）仍缺对应实图，非全库数。QC来源SKU标签是PO号，缺图上下文另列，不能可靠去重或计为第25个对象。,实施中,当前：output/playwright/dds-pf-v4-final5/combined-verification.json；精确用例：output/playwright/dds-pf-v4-final5/technical/unit.log；历史失败：output/playwright/dds-pf-v4-final4/combined-verification.json、output/playwright/dds-pf-v4-final3/combined-verification.json、output/playwright/dds-pf-v4-final/verification.json；审查记录：docs/prototype-review-records/2026-09-18-dds-production-fulfillment-v4.md。,用户尚未接受；主代理实施核查,V4 final5已执行版本；基础HEAD4804328a；性能/覆盖通过、图片门禁失败；产品接受未发生
