需求编号,来源文档和章节,原子需求,对应实施工作包,实现文件或符号,自动化验证,页面PDA打印或性能验证,当前状态,证据链接或位置,产品确认人,确认版本
SCOPE-001,product-design.md 第01节,菜单位于DDS供应链域并与物料监控与决策并列,WP07,src/pages/production-fulfillment/common.ts、index.ts；src/data/app-shell-config.ts；src/router/routes.ts,scripts/check-dds-production-fulfillment.mjs：九类路由/角色读取/Mock提示,九类路由；overview-1366.png；adjacent-regression.json；无新增PDA执行或现场标签打印（沿用来源系统）；DDS报表打印另验。,已验证,implementation-evidence/verification.json；implementation-evidence/build.log；implementation-evidence/build-manifest.json；implementation-review.md,用户已指示按方案执行；Codex完成原型验证；产品接受待用户查看,V1.0本地Mock；4804328a工作树内容哈希见build-manifest.json；浏览器证据2026-09-17T13:25:12.321Z
SCOPE-002,product-design.md 第01节,新增菜单正式名称为生产与履约时效,WP07,src/pages/production-fulfillment/common.ts、index.ts；src/data/app-shell-config.ts；src/router/routes.ts,scripts/check-dds-production-fulfillment.mjs：九类路由/角色读取/Mock提示,九类路由；overview-1366.png；adjacent-regression.json；无新增PDA执行或现场标签打印（沿用来源系统）；DDS报表打印另验。,已验证,implementation-evidence/verification.json；implementation-evidence/build.log；implementation-evidence/build-manifest.json；implementation-review.md,用户已指示按方案执行；Codex完成原型验证；产品接受待用户查看,V1.0本地Mock；4804328a工作树内容哈希见build-manifest.json；浏览器证据2026-09-17T13:25:12.321Z
SCOPE-003,product-design.md 第01节,DDS不替代来源系统执行采购收发及质检事实,WP07,src/pages/production-fulfillment/common.ts、index.ts；src/data/app-shell-config.ts；src/router/routes.ts,scripts/check-dds-production-fulfillment.mjs：九类路由/角色读取/Mock提示,九类路由；overview-1366.png；adjacent-regression.json；无新增PDA执行或现场标签打印（沿用来源系统）；DDS报表打印另验。,已验证,implementation-evidence/verification.json；implementation-evidence/build.log；implementation-evidence/build-manifest.json；implementation-review.md,用户已指示按方案执行；Codex完成原型验证；产品接受待用户查看,V1.0本地Mock；4804328a工作树内容哈希见build-manifest.json；浏览器证据2026-09-17T13:25:12.321Z
SCOPE-004,product-design.md 第01节,原型演示明确标记Mock，不宣称已经接通线上,WP07,src/pages/production-fulfillment/common.ts、index.ts；src/data/app-shell-config.ts；src/router/routes.ts,scripts/check-dds-production-fulfillment.mjs：九类路由/角色读取/Mock提示,九类路由；overview-1366.png；adjacent-regression.json；无新增PDA执行或现场标签打印（沿用来源系统）；DDS报表打印另验。,已验证,implementation-evidence/verification.json；implementation-evidence/build.log；implementation-evidence/build-manifest.json；implementation-review.md,用户已指示按方案执行；Codex完成原型验证；产品接受待用户查看,V1.0本地Mock；4804328a工作树内容哈希见build-manifest.json；浏览器证据2026-09-17T13:25:12.321Z
SOURCE-001,product-design.md 第02节,准备单通过显式需求关系关联，不按SPU猜任务,WP01,src/pages/production-fulfillment/fixtures.ts、catalog.ts、boundary-evidence.ts,tests/unit/production-fulfillment-calculations.test.ts：源头/共享/自然日；tests/unit/production-fulfillment-boundary-evidence.test.ts：准备复用/提前加工匹配,001计算与版本 REUSE；001/006工作抽屉来源；无新增PDA执行或现场标签打印（沿用来源系统）；DDS报表打印另验。,已验证,implementation-evidence/verification.json；implementation-evidence/build.log；implementation-evidence/build-manifest.json；implementation-review.md,用户已指示按方案执行；Codex完成原型验证；产品接受待用户查看,V1.0本地Mock；4804328a工作树内容哈希见build-manifest.json；浏览器证据2026-09-17T13:25:12.321Z
SOURCE-002,product-design.md 第02节,当前专业任务类型和复用规则用于工作适用判断,WP01,src/pages/production-fulfillment/fixtures.ts、catalog.ts、boundary-evidence.ts,tests/unit/production-fulfillment-calculations.test.ts：源头/共享/自然日；tests/unit/production-fulfillment-boundary-evidence.test.ts：准备复用/提前加工匹配,001计算与版本 REUSE；001/006工作抽屉来源；无新增PDA执行或现场标签打印（沿用来源系统）；DDS报表打印另验。,已验证,implementation-evidence/verification.json；implementation-evidence/build.log；implementation-evidence/build-manifest.json；implementation-review.md,用户已指示按方案执行；Codex完成原型验证；产品接受待用户查看,V1.0本地Mock；4804328a工作树内容哈希见build-manifest.json；浏览器证据2026-09-17T13:25:12.321Z
SOURCE-003,product-design.md 第02节,采购下单SKU覆盖不能作为足量到厂完成证据,WP01,src/pages/production-fulfillment/fixtures.ts、catalog.ts、boundary-evidence.ts,tests/unit/production-fulfillment-calculations.test.ts：源头/共享/自然日；tests/unit/production-fulfillment-boundary-evidence.test.ts：准备复用/提前加工匹配,001计算与版本 REUSE；001/006工作抽屉来源；无新增PDA执行或现场标签打印（沿用来源系统）；DDS报表打印另验。,已验证,implementation-evidence/verification.json；implementation-evidence/build.log；implementation-evidence/build-manifest.json；implementation-review.md,用户已指示按方案执行；Codex完成原型验证；产品接受待用户查看,V1.0本地Mock；4804328a工作树内容哈希见build-manifest.json；浏览器证据2026-09-17T13:25:12.321Z
SOURCE-004,product-design.md 第02节,提前加工单匹配后保留同一工作与来源，不重复创建计时,WP01,src/pages/production-fulfillment/fixtures.ts、catalog.ts、boundary-evidence.ts,tests/unit/production-fulfillment-calculations.test.ts：源头/共享/自然日；tests/unit/production-fulfillment-boundary-evidence.test.ts：准备复用/提前加工匹配,001计算与版本 REUSE；001/006工作抽屉来源；无新增PDA执行或现场标签打印（沿用来源系统）；DDS报表打印另验。,已验证,implementation-evidence/verification.json；implementation-evidence/build.log；implementation-evidence/build-manifest.json；implementation-review.md；tests/unit/production-fulfillment-boundary-evidence.test.ts；001计算与版本独立边界卡,用户已指示按方案执行；Codex完成原型验证；产品接受待用户查看,V1.0本地Mock；4804328a工作树内容哈希见build-manifest.json；浏览器证据2026-09-17T13:25:12.321Z
SOURCE-005,product-design.md 第02节,本模块不得继承旧车缝排除周日的计时规则,WP01,src/pages/production-fulfillment/fixtures.ts、catalog.ts、boundary-evidence.ts,tests/unit/production-fulfillment-calculations.test.ts：源头/共享/自然日；tests/unit/production-fulfillment-boundary-evidence.test.ts：准备复用/提前加工匹配,001计算与版本 REUSE；001/006工作抽屉来源；无新增PDA执行或现场标签打印（沿用来源系统）；DDS报表打印另验。,已验证,implementation-evidence/verification.json；implementation-evidence/build.log；implementation-evidence/build-manifest.json；implementation-review.md,用户已指示按方案执行；Codex完成原型验证；产品接受待用户查看,V1.0本地Mock；4804328a工作树内容哈希见build-manifest.json；浏览器证据2026-09-17T13:25:12.321Z
OBJECT-001,product-design.md 第03节,商品采购与1比1需求只形成一个生产任务,WP02,src/pages/production-fulfillment/model.ts、fixtures.ts、mock-data.json、calculations.ts、boundary-evidence.ts,tests/unit/production-fulfillment-calculations.test.ts：共享实例/独立T0/容量；tests/unit/production-fulfillment-boundary-evidence.test.ts：REUSE/SHIPMENT-IDENTITY,005/006合并生产单来源；001计算与版本；无新增PDA执行或现场标签打印（沿用来源系统）；DDS报表打印另验。,已验证,implementation-evidence/verification.json；implementation-evidence/build.log；implementation-evidence/build-manifest.json；implementation-review.md,用户已指示按方案执行；Codex完成原型验证；产品接受待用户查看,V1.0本地Mock；4804328a工作树内容哈希见build-manifest.json；浏览器证据2026-09-17T13:25:12.321Z
OBJECT-002,product-design.md 第03节,生产任务T0保留商品采购及需求下单源头,WP02,src/pages/production-fulfillment/model.ts、fixtures.ts、mock-data.json、calculations.ts、boundary-evidence.ts,tests/unit/production-fulfillment-calculations.test.ts：共享实例/独立T0/容量；tests/unit/production-fulfillment-boundary-evidence.test.ts：REUSE/SHIPMENT-IDENTITY,005/006合并生产单来源；001计算与版本；无新增PDA执行或现场标签打印（沿用来源系统）；DDS报表打印另验。,已验证,implementation-evidence/verification.json；implementation-evidence/build.log；implementation-evidence/build-manifest.json；implementation-review.md,用户已指示按方案执行；Codex完成原型验证；产品接受待用户查看,V1.0本地Mock；4804328a工作树内容哈希见build-manifest.json；浏览器证据2026-09-17T13:25:12.321Z
OBJECT-003,product-design.md 第03节,合并生产单保留每个来源需求的T0和数量,WP02,src/pages/production-fulfillment/model.ts、fixtures.ts、mock-data.json、calculations.ts、boundary-evidence.ts,tests/unit/production-fulfillment-calculations.test.ts：共享实例/独立T0/容量；tests/unit/production-fulfillment-boundary-evidence.test.ts：REUSE/SHIPMENT-IDENTITY,005/006合并生产单来源；001计算与版本；无新增PDA执行或现场标签打印（沿用来源系统）；DDS报表打印另验。,已验证,implementation-evidence/verification.json；implementation-evidence/build.log；implementation-evidence/build-manifest.json；implementation-review.md,用户已指示按方案执行；Codex完成原型验证；产品接受待用户查看,V1.0本地Mock；4804328a工作树内容哈希见build-manifest.json；浏览器证据2026-09-17T13:25:12.321Z
OBJECT-004,product-design.md 第03节,合并生产单明确唯一主跟单及来源跟单,WP02,src/pages/production-fulfillment/model.ts、fixtures.ts、mock-data.json、calculations.ts、boundary-evidence.ts,tests/unit/production-fulfillment-calculations.test.ts：共享实例/独立T0/容量；tests/unit/production-fulfillment-boundary-evidence.test.ts：REUSE/SHIPMENT-IDENTITY,005/006合并生产单来源；001计算与版本；无新增PDA执行或现场标签打印（沿用来源系统）；DDS报表打印另验。,已验证,implementation-evidence/verification.json；implementation-evidence/build.log；implementation-evidence/build-manifest.json；implementation-review.md,用户已指示按方案执行；Codex完成原型验证；产品接受待用户查看,V1.0本地Mock；4804328a工作树内容哈希见build-manifest.json；浏览器证据2026-09-17T13:25:12.321Z
OBJECT-005,product-design.md 第03节,准备单复用显示技术版本和复用依据,WP02,src/pages/production-fulfillment/model.ts、fixtures.ts、mock-data.json、calculations.ts、boundary-evidence.ts,tests/unit/production-fulfillment-calculations.test.ts：共享实例/独立T0/容量；tests/unit/production-fulfillment-boundary-evidence.test.ts：REUSE/SHIPMENT-IDENTITY,005/006合并生产单来源；001计算与版本；无新增PDA执行或现场标签打印（沿用来源系统）；DDS报表打印另验。,已验证,implementation-evidence/verification.json；implementation-evidence/build.log；implementation-evidence/build-manifest.json；implementation-review.md；tests/unit/production-fulfillment-boundary-evidence.test.ts；001计算与版本独立边界卡,用户已指示按方案执行；Codex完成原型验证；产品接受待用户查看,V1.0本地Mock；4804328a工作树内容哈希见build-manifest.json；浏览器证据2026-09-17T13:25:12.321Z
OBJECT-006,product-design.md 第03节,共享工作全局按实例ID去重,WP02,src/pages/production-fulfillment/model.ts、fixtures.ts、mock-data.json、calculations.ts、boundary-evidence.ts,tests/unit/production-fulfillment-calculations.test.ts：共享实例/独立T0/容量；tests/unit/production-fulfillment-boundary-evidence.test.ts：REUSE/SHIPMENT-IDENTITY,005/006合并生产单来源；001计算与版本；无新增PDA执行或现场标签打印（沿用来源系统）；DDS报表打印另验。,已验证,implementation-evidence/verification.json；implementation-evidence/build.log；implementation-evidence/build-manifest.json；implementation-review.md,用户已指示按方案执行；Codex完成原型验证；产品接受待用户查看,V1.0本地Mock；4804328a工作树内容哈希见build-manifest.json；浏览器证据2026-09-17T13:25:12.321Z
OBJECT-007,product-design.md 第03节,共享产出与能力按任务分配不重复占用,WP02,src/pages/production-fulfillment/model.ts、fixtures.ts、mock-data.json、calculations.ts、boundary-evidence.ts,tests/unit/production-fulfillment-calculations.test.ts：共享实例/独立T0/容量；tests/unit/production-fulfillment-boundary-evidence.test.ts：REUSE/SHIPMENT-IDENTITY,005/006合并生产单来源；001计算与版本；无新增PDA执行或现场标签打印（沿用来源系统）；DDS报表打印另验。,已验证,implementation-evidence/verification.json；implementation-evidence/build.log；implementation-evidence/build-manifest.json；implementation-review.md,用户已指示按方案执行；Codex完成原型验证；产品接受待用户查看,V1.0本地Mock；4804328a工作树内容哈希见build-manifest.json；浏览器证据2026-09-17T13:25:12.321Z
OBJECT-008,product-design.md 第03节,实发来源不明时不按SPU自动扣减生产任务数量,WP02,src/pages/production-fulfillment/model.ts、fixtures.ts、mock-data.json、calculations.ts、boundary-evidence.ts,tests/unit/production-fulfillment-calculations.test.ts：共享实例/独立T0/容量；tests/unit/production-fulfillment-boundary-evidence.test.ts：REUSE/SHIPMENT-IDENTITY,005/006合并生产单来源；001计算与版本；无新增PDA执行或现场标签打印（沿用来源系统）；DDS报表打印另验。,已验证,implementation-evidence/verification.json；implementation-evidence/build.log；implementation-evidence/build-manifest.json；implementation-review.md；tests/unit/production-fulfillment-boundary-evidence.test.ts；001计算与版本独立边界卡,用户已指示按方案执行；Codex完成原型验证；产品接受待用户查看,V1.0本地Mock；4804328a工作树内容哈希见build-manifest.json；浏览器证据2026-09-17T13:25:12.321Z
FLOW-001,product-design.md 第04节,9阶段是展示分类而非固定串行依赖,WP02,src/pages/production-fulfillment/fixtures.ts、timeline.ts、scenarios.ts、boundary-evidence.ts,tests/unit/production-fulfillment-calculations.test.ts：31项sum/max网络；tests/unit/production-fulfillment-boundary-evidence.test.ts：返工新增轮次；scripts/check-dds-production-fulfillment.mjs：未知路线收敛,001九阶段/组内动作；004路线模拟；REWORK独立算例；无新增PDA执行或现场标签打印（沿用来源系统）；DDS报表打印另验。,已验证,implementation-evidence/verification.json；implementation-evidence/build.log；implementation-evidence/build-manifest.json；implementation-review.md,用户已指示按方案执行；Codex完成原型验证；产品接受待用户查看,V1.0本地Mock；4804328a工作树内容哈希见build-manifest.json；浏览器证据2026-09-17T13:25:12.321Z
FLOW-002,product-design.md 第04节,适用工作按物料工艺批次实例化，数量动态计算,WP02,src/pages/production-fulfillment/fixtures.ts、timeline.ts、scenarios.ts、boundary-evidence.ts,tests/unit/production-fulfillment-calculations.test.ts：31项sum/max网络；tests/unit/production-fulfillment-boundary-evidence.test.ts：返工新增轮次；scripts/check-dds-production-fulfillment.mjs：未知路线收敛,001九阶段/组内动作；004路线模拟；REWORK独立算例；无新增PDA执行或现场标签打印（沿用来源系统）；DDS报表打印另验。,已验证,implementation-evidence/verification.json；implementation-evidence/build.log；implementation-evidence/build-manifest.json；implementation-review.md,用户已指示按方案执行；Codex完成原型验证；产品接受待用户查看,V1.0本地Mock；4804328a工作树内容哈希见build-manifest.json；浏览器证据2026-09-17T13:25:12.321Z
FLOW-003,product-design.md 第04节,待判断与不适用明确区分并保留判定依据,WP02,src/pages/production-fulfillment/fixtures.ts、timeline.ts、scenarios.ts、boundary-evidence.ts,tests/unit/production-fulfillment-calculations.test.ts：31项sum/max网络；tests/unit/production-fulfillment-boundary-evidence.test.ts：返工新增轮次；scripts/check-dds-production-fulfillment.mjs：未知路线收敛,001九阶段/组内动作；004路线模拟；REWORK独立算例；无新增PDA执行或现场标签打印（沿用来源系统）；DDS报表打印另验。,已验证,implementation-evidence/verification.json；implementation-evidence/build.log；implementation-evidence/build-manifest.json；implementation-review.md,用户已指示按方案执行；Codex完成原型验证；产品接受待用户查看,V1.0本地Mock；4804328a工作树内容哈希见build-manifest.json；浏览器证据2026-09-17T13:25:12.321Z
FLOW-004,product-design.md 第04节,任务显示计时项与组内动作等不同展开层级计数,WP02,src/pages/production-fulfillment/fixtures.ts、timeline.ts、scenarios.ts、boundary-evidence.ts,tests/unit/production-fulfillment-calculations.test.ts：31项sum/max网络；tests/unit/production-fulfillment-boundary-evidence.test.ts：返工新增轮次；scripts/check-dds-production-fulfillment.mjs：未知路线收敛,001九阶段/组内动作；004路线模拟；REWORK独立算例；无新增PDA执行或现场标签打印（沿用来源系统）；DDS报表打印另验。,已验证,implementation-evidence/verification.json；implementation-evidence/build.log；implementation-evidence/build-manifest.json；implementation-review.md,用户已指示按方案执行；Codex完成原型验证；产品接受待用户查看,V1.0本地Mock；4804328a工作树内容哈希见build-manifest.json；浏览器证据2026-09-17T13:25:12.321Z
FLOW-005,product-design.md 第04节,补采补裁返工在发生位置追加有轮次的工作实例,WP02,src/pages/production-fulfillment/fixtures.ts、timeline.ts、scenarios.ts、boundary-evidence.ts,tests/unit/production-fulfillment-calculations.test.ts：31项sum/max网络；tests/unit/production-fulfillment-boundary-evidence.test.ts：返工新增轮次；scripts/check-dds-production-fulfillment.mjs：未知路线收敛,001九阶段/组内动作；004路线模拟；REWORK独立算例；无新增PDA执行或现场标签打印（沿用来源系统）；DDS报表打印另验。,已验证,implementation-evidence/verification.json；implementation-evidence/build.log；implementation-evidence/build-manifest.json；implementation-review.md；tests/unit/production-fulfillment-boundary-evidence.test.ts；001计算与版本独立边界卡,用户已指示按方案执行；Codex完成原型验证；产品接受待用户查看,V1.0本地Mock；4804328a工作树内容哈希见build-manifest.json；浏览器证据2026-09-17T13:25:12.321Z
STATE-001,product-design.md 第05节,前置及数量门槛满足后工作才进入可执行,WP02,src/pages/production-fulfillment/calculations.ts、model.ts、fixtures.ts,tests/unit/production-fulfillment-calculations.test.ts：完成停表/迟到/批次/订单只源于实发,工作抽屉数量、状态、前置和责任起算；实际发货与订单；无新增PDA执行或现场标签打印（沿用来源系统）；DDS报表打印另验。,已验证,implementation-evidence/verification.json；implementation-evidence/build.log；implementation-evidence/build-manifest.json；implementation-review.md,用户已指示按方案执行；Codex完成原型验证；产品接受待用户查看,V1.0本地Mock；4804328a工作树内容哈希见build-manifest.json；浏览器证据2026-09-17T13:25:12.321Z
STATE-002,product-design.md 第05节,业务状态与时效状态独立，完成仍可显示历史逾期,WP02,src/pages/production-fulfillment/calculations.ts、model.ts、fixtures.ts,tests/unit/production-fulfillment-calculations.test.ts：完成停表/迟到/批次/订单只源于实发,工作抽屉数量、状态、前置和责任起算；实际发货与订单；无新增PDA执行或现场标签打印（沿用来源系统）；DDS报表打印另验。,已验证,implementation-evidence/verification.json；implementation-evidence/build.log；implementation-evidence/build-manifest.json；implementation-review.md,用户已指示按方案执行；Codex完成原型验证；产品接受待用户查看,V1.0本地Mock；4804328a工作树内容哈希见build-manifest.json；浏览器证据2026-09-17T13:25:12.321Z
STATE-003,product-design.md 第05节,数据完整性与业务状态独立显示,WP02,src/pages/production-fulfillment/calculations.ts、model.ts、fixtures.ts,tests/unit/production-fulfillment-calculations.test.ts：完成停表/迟到/批次/订单只源于实发,工作抽屉数量、状态、前置和责任起算；实际发货与订单；无新增PDA执行或现场标签打印（沿用来源系统）；DDS报表打印另验。,已验证,implementation-evidence/verification.json；implementation-evidence/build.log；implementation-evidence/build-manifest.json；implementation-review.md,用户已指示按方案执行；Codex完成原型验证；产品接受待用户查看,V1.0本地Mock；4804328a工作树内容哈希见build-manifest.json；浏览器证据2026-09-17T13:25:12.321Z
STATE-004,product-design.md 第05节,受阻和催办不暂停自然日时钟,WP02,src/pages/production-fulfillment/calculations.ts、model.ts、fixtures.ts,tests/unit/production-fulfillment-calculations.test.ts：完成停表/迟到/批次/订单只源于实发,工作抽屉数量、状态、前置和责任起算；实际发货与订单；无新增PDA执行或现场标签打印（沿用来源系统）；DDS报表打印另验。,已验证,implementation-evidence/verification.json；implementation-evidence/build.log；implementation-evidence/build-manifest.json；implementation-review.md,用户已指示按方案执行；Codex完成原型验证；产品接受待用户查看,V1.0本地Mock；4804328a工作树内容哈希见build-manifest.json；浏览器证据2026-09-17T13:25:12.321Z
STATE-005,product-design.md 第05节,部分完成按有效数量产生下游释放事实,WP02,src/pages/production-fulfillment/calculations.ts、model.ts、fixtures.ts,tests/unit/production-fulfillment-calculations.test.ts：完成停表/迟到/批次/订单只源于实发,工作抽屉数量、状态、前置和责任起算；实际发货与订单；无新增PDA执行或现场标签打印（沿用来源系统）；DDS报表打印另验。,已验证,implementation-evidence/verification.json；implementation-evidence/build.log；implementation-evidence/build-manifest.json；implementation-review.md,用户已指示按方案执行；Codex完成原型验证；产品接受待用户查看,V1.0本地Mock；4804328a工作树内容哈希见build-manifest.json；浏览器证据2026-09-17T13:25:12.321Z
STATE-006,product-design.md 第05节,生产前不得产生本任务确定客户订单集合,WP02,src/pages/production-fulfillment/calculations.ts、model.ts、fixtures.ts,tests/unit/production-fulfillment-calculations.test.ts：完成停表/迟到/批次/订单只源于实发,工作抽屉数量、状态、前置和责任起算；实际发货与订单；无新增PDA执行或现场标签打印（沿用来源系统）；DDS报表打印另验。,已验证,implementation-evidence/verification.json；implementation-evidence/build.log；implementation-evidence/build-manifest.json；implementation-review.md,用户已指示按方案执行；Codex完成原型验证；产品接受待用户查看,V1.0本地Mock；4804328a工作树内容哈希见build-manifest.json；浏览器证据2026-09-17T13:25:12.321Z
STATE-007,product-design.md 第05节,订单关联只从有效实际发货事实形成,WP02,src/pages/production-fulfillment/calculations.ts、model.ts、fixtures.ts,tests/unit/production-fulfillment-calculations.test.ts：完成停表/迟到/批次/订单只源于实发,工作抽屉数量、状态、前置和责任起算；实际发货与订单；无新增PDA执行或现场标签打印（沿用来源系统）；DDS报表打印另验。,已验证,implementation-evidence/verification.json；implementation-evidence/build.log；implementation-evidence/build-manifest.json；implementation-review.md,用户已指示按方案执行；Codex完成原型验证；产品接受待用户查看,V1.0本地Mock；4804328a工作树内容哈希见build-manifest.json；浏览器证据2026-09-17T13:25:12.321Z
MATERIAL-001,product-design.md 第06节,物料需求按有效成衣量及BOM单耗损耗计算,WP02,src/pages/production-fulfillment/calculations.ts、evidence.ts、fixtures.ts、boundary-evidence.ts,tests/unit/production-fulfillment-calculations.test.ts：供给缺口/现货调拨/原料目标；tests/unit/production-fulfillment-configuration.test.ts：工厂实收及单位门槛；tests/unit/production-fulfillment-boundary-evidence.test.ts：BOM/返工,002纯库存；003入库未到厂；006分批供给/纠错；BOM独立算例；无新增PDA执行或现场标签打印（沿用来源系统）；DDS报表打印另验。,已验证,implementation-evidence/verification.json；implementation-evidence/build.log；implementation-evidence/build-manifest.json；implementation-review.md；tests/unit/production-fulfillment-boundary-evidence.test.ts；001计算与版本独立边界卡,用户已指示按方案执行；Codex完成原型验证；产品接受待用户查看,V1.0本地Mock；4804328a工作树内容哈希见build-manifest.json；浏览器证据2026-09-17T13:25:12.321Z
MATERIAL-002,product-design.md 第06节,不同物料单位须经确认换算后比较,WP02,src/pages/production-fulfillment/calculations.ts、evidence.ts、fixtures.ts、boundary-evidence.ts,tests/unit/production-fulfillment-calculations.test.ts：供给缺口/现货调拨/原料目标；tests/unit/production-fulfillment-configuration.test.ts：工厂实收及单位门槛；tests/unit/production-fulfillment-boundary-evidence.test.ts：BOM/返工,002纯库存；003入库未到厂；006分批供给/纠错；BOM独立算例；无新增PDA执行或现场标签打印（沿用来源系统）；DDS报表打印另验。,已验证,implementation-evidence/verification.json；implementation-evidence/build.log；implementation-evidence/build-manifest.json；implementation-review.md；tests/unit/production-fulfillment-boundary-evidence.test.ts；001计算与版本独立边界卡,用户已指示按方案执行；Codex完成原型验证；产品接受待用户查看,V1.0本地Mock；4804328a工作树内容哈希见build-manifest.json；浏览器证据2026-09-17T13:25:12.321Z
MATERIAL-003,product-design.md 第06节,新增采购缺口扣除已分配合格现货及已落实供给,WP02,src/pages/production-fulfillment/calculations.ts、evidence.ts、fixtures.ts、boundary-evidence.ts,tests/unit/production-fulfillment-calculations.test.ts：供给缺口/现货调拨/原料目标；tests/unit/production-fulfillment-configuration.test.ts：工厂实收及单位门槛；tests/unit/production-fulfillment-boundary-evidence.test.ts：BOM/返工,002纯库存；003入库未到厂；006分批供给/纠错；BOM独立算例；无新增PDA执行或现场标签打印（沿用来源系统）；DDS报表打印另验。,已验证,implementation-evidence/verification.json；implementation-evidence/build.log；implementation-evidence/build-manifest.json；implementation-review.md,用户已指示按方案执行；Codex完成原型验证；产品接受待用户查看,V1.0本地Mock；4804328a工作树内容哈希见build-manifest.json；浏览器证据2026-09-17T13:25:12.321Z
MATERIAL-004,product-design.md 第06节,已落实在途供给不重复作为新增采购缺口,WP02,src/pages/production-fulfillment/calculations.ts、evidence.ts、fixtures.ts、boundary-evidence.ts,tests/unit/production-fulfillment-calculations.test.ts：供给缺口/现货调拨/原料目标；tests/unit/production-fulfillment-configuration.test.ts：工厂实收及单位门槛；tests/unit/production-fulfillment-boundary-evidence.test.ts：BOM/返工,002纯库存；003入库未到厂；006分批供给/纠错；BOM独立算例；无新增PDA执行或现场标签打印（沿用来源系统）；DDS报表打印另验。,已验证,implementation-evidence/verification.json；implementation-evidence/build.log；implementation-evidence/build-manifest.json；implementation-review.md,用户已指示按方案执行；Codex完成原型验证；产品接受待用户查看,V1.0本地Mock；4804328a工作树内容哈希见build-manifest.json；浏览器证据2026-09-17T13:25:12.321Z
MATERIAL-005,product-design.md 第06节,库存足够时仍生成调拨到厂工作,WP02,src/pages/production-fulfillment/calculations.ts、evidence.ts、fixtures.ts、boundary-evidence.ts,tests/unit/production-fulfillment-calculations.test.ts：供给缺口/现货调拨/原料目标；tests/unit/production-fulfillment-configuration.test.ts：工厂实收及单位门槛；tests/unit/production-fulfillment-boundary-evidence.test.ts：BOM/返工,002纯库存；003入库未到厂；006分批供给/纠错；BOM独立算例；无新增PDA执行或现场标签打印（沿用来源系统）；DDS报表打印另验。,已验证,implementation-evidence/verification.json；implementation-evidence/build.log；implementation-evidence/build-manifest.json；implementation-review.md,用户已指示按方案执行；Codex完成原型验证；产品接受待用户查看,V1.0本地Mock；4804328a工作树内容哈希见build-manifest.json；浏览器证据2026-09-17T13:25:12.321Z
MATERIAL-006,product-design.md 第06节,采购入库后继续跟踪调拨安排等待出库运输及实收,WP02,src/pages/production-fulfillment/calculations.ts、evidence.ts、fixtures.ts、boundary-evidence.ts,tests/unit/production-fulfillment-calculations.test.ts：供给缺口/现货调拨/原料目标；tests/unit/production-fulfillment-configuration.test.ts：工厂实收及单位门槛；tests/unit/production-fulfillment-boundary-evidence.test.ts：BOM/返工,002纯库存；003入库未到厂；006分批供给/纠错；BOM独立算例；无新增PDA执行或现场标签打印（沿用来源系统）；DDS报表打印另验。,已验证,implementation-evidence/verification.json；implementation-evidence/build.log；implementation-evidence/build-manifest.json；implementation-review.md,用户已指示按方案执行；Codex完成原型验证；产品接受待用户查看,V1.0本地Mock；4804328a工作树内容哈希见build-manifest.json；浏览器证据2026-09-17T13:25:12.321Z
MATERIAL-007,product-design.md 第06节,同地区现货采购与委托制作命中不同路线,WP02,src/pages/production-fulfillment/calculations.ts、evidence.ts、fixtures.ts、boundary-evidence.ts,tests/unit/production-fulfillment-calculations.test.ts：供给缺口/现货调拨/原料目标；tests/unit/production-fulfillment-configuration.test.ts：工厂实收及单位门槛；tests/unit/production-fulfillment-boundary-evidence.test.ts：BOM/返工,002纯库存；003入库未到厂；006分批供给/纠错；BOM独立算例；无新增PDA执行或现场标签打印（沿用来源系统）；DDS报表打印另验。,已验证,implementation-evidence/verification.json；implementation-evidence/build.log；implementation-evidence/build-manifest.json；implementation-review.md,用户已指示按方案执行；Codex完成原型验证；产品接受待用户查看,V1.0本地Mock；4804328a工作树内容哈希见build-manifest.json；浏览器证据2026-09-17T13:25:12.321Z
MATERIAL-008,product-design.md 第06节,加工原料到货不能完成目标SKU齐套,WP02,src/pages/production-fulfillment/calculations.ts、evidence.ts、fixtures.ts、boundary-evidence.ts,tests/unit/production-fulfillment-calculations.test.ts：供给缺口/现货调拨/原料目标；tests/unit/production-fulfillment-configuration.test.ts：工厂实收及单位门槛；tests/unit/production-fulfillment-boundary-evidence.test.ts：BOM/返工,002纯库存；003入库未到厂；006分批供给/纠错；BOM独立算例；无新增PDA执行或现场标签打印（沿用来源系统）；DDS报表打印另验。,已验证,implementation-evidence/verification.json；implementation-evidence/build.log；implementation-evidence/build-manifest.json；implementation-review.md,用户已指示按方案执行；Codex完成原型验证；产品接受待用户查看,V1.0本地Mock；4804328a工作树内容哈希见build-manifest.json；浏览器证据2026-09-17T13:25:12.321Z
MATERIAL-009,product-design.md 第06节,采购多物流批次分别保留数量和实收事实,WP02,src/pages/production-fulfillment/calculations.ts、evidence.ts、fixtures.ts、boundary-evidence.ts,tests/unit/production-fulfillment-calculations.test.ts：供给缺口/现货调拨/原料目标；tests/unit/production-fulfillment-configuration.test.ts：工厂实收及单位门槛；tests/unit/production-fulfillment-boundary-evidence.test.ts：BOM/返工,002纯库存；003入库未到厂；006分批供给/纠错；BOM独立算例；无新增PDA执行或现场标签打印（沿用来源系统）；DDS报表打印另验。,已验证,implementation-evidence/verification.json；implementation-evidence/build.log；implementation-evidence/build-manifest.json；implementation-review.md,用户已指示按方案执行；Codex完成原型验证；产品接受待用户查看,V1.0本地Mock；4804328a工作树内容哈希见build-manifest.json；浏览器证据2026-09-17T13:25:12.321Z
MATERIAL-010,product-design.md 第06节,006到厂可用500及待拨300未到仓200能逐项解释,WP02,src/pages/production-fulfillment/calculations.ts、evidence.ts、fixtures.ts、boundary-evidence.ts,tests/unit/production-fulfillment-calculations.test.ts：供给缺口/现货调拨/原料目标；tests/unit/production-fulfillment-configuration.test.ts：工厂实收及单位门槛；tests/unit/production-fulfillment-boundary-evidence.test.ts：BOM/返工,002纯库存；003入库未到厂；006分批供给/纠错；BOM独立算例；无新增PDA执行或现场标签打印（沿用来源系统）；DDS报表打印另验。,已验证,implementation-evidence/verification.json；implementation-evidence/build.log；implementation-evidence/build-manifest.json；implementation-review.md,用户已指示按方案执行；Codex完成原型验证；产品接受待用户查看,V1.0本地Mock；4804328a工作树内容哈希见build-manifest.json；浏览器证据2026-09-17T13:25:12.321Z
MATERIAL-011,product-design.md 第06节,不合格退回与返工输出去重后才计入可用量,WP02,src/pages/production-fulfillment/calculations.ts、evidence.ts、fixtures.ts、boundary-evidence.ts,tests/unit/production-fulfillment-calculations.test.ts：供给缺口/现货调拨/原料目标；tests/unit/production-fulfillment-configuration.test.ts：工厂实收及单位门槛；tests/unit/production-fulfillment-boundary-evidence.test.ts：BOM/返工,002纯库存；003入库未到厂；006分批供给/纠错；BOM独立算例；无新增PDA执行或现场标签打印（沿用来源系统）；DDS报表打印另验。,已验证,implementation-evidence/verification.json；implementation-evidence/build.log；implementation-evidence/build-manifest.json；implementation-review.md；tests/unit/production-fulfillment-boundary-evidence.test.ts；001计算与版本独立边界卡,用户已指示按方案执行；Codex完成原型验证；产品接受待用户查看,V1.0本地Mock；4804328a工作树内容哈希见build-manifest.json；浏览器证据2026-09-17T13:25:12.321Z
TIME-001,product-design.md 第07节,自然日为连续24小时且周末节假日不停表,WP02,src/pages/production-fulfillment/calculations.ts、task-detail.ts、config-model.ts、scenarios.ts、boundary-evidence.ts,tests/unit/production-fulfillment-calculations.test.ts：自然日/时区/一秒超时/零能力；tests/unit/production-fulfillment-configuration.test.ts：组跨度/发布保留基线；tests/unit/production-fulfillment-boundary-evidence.test.ts：仅日期,001计算与版本/工作抽屉；004未知路线；规则与配置；无新增PDA执行或现场标签打印（沿用来源系统）；DDS报表打印另验。,已验证,implementation-evidence/verification.json；implementation-evidence/build.log；implementation-evidence/build-manifest.json；implementation-review.md,用户已指示按方案执行；Codex完成原型验证；产品接受待用户查看,V1.0本地Mock；4804328a工作树内容哈希见build-manifest.json；浏览器证据2026-09-17T13:25:12.321Z
TIME-002,product-design.md 第07节,中印时区展示不同但同一绝对期限计算一致,WP02,src/pages/production-fulfillment/calculations.ts、task-detail.ts、config-model.ts、scenarios.ts、boundary-evidence.ts,tests/unit/production-fulfillment-calculations.test.ts：自然日/时区/一秒超时/零能力；tests/unit/production-fulfillment-configuration.test.ts：组跨度/发布保留基线；tests/unit/production-fulfillment-boundary-evidence.test.ts：仅日期,001计算与版本/工作抽屉；004未知路线；规则与配置；无新增PDA执行或现场标签打印（沿用来源系统）；DDS报表打印另验。,已验证,implementation-evidence/verification.json；implementation-evidence/build.log；implementation-evidence/build-manifest.json；implementation-review.md,用户已指示按方案执行；Codex完成原型验证；产品接受待用户查看,V1.0本地Mock；4804328a工作树内容哈希见build-manifest.json；浏览器证据2026-09-17T13:25:12.321Z
TIME-003,product-design.md 第07节,截止相等按期，超过即逾期且不用舍入值判定,WP02,src/pages/production-fulfillment/calculations.ts、task-detail.ts、config-model.ts、scenarios.ts、boundary-evidence.ts,tests/unit/production-fulfillment-calculations.test.ts：自然日/时区/一秒超时/零能力；tests/unit/production-fulfillment-configuration.test.ts：组跨度/发布保留基线；tests/unit/production-fulfillment-boundary-evidence.test.ts：仅日期,001计算与版本/工作抽屉；004未知路线；规则与配置；无新增PDA执行或现场标签打印（沿用来源系统）；DDS报表打印另验。,已验证,implementation-evidence/verification.json；implementation-evidence/build.log；implementation-evidence/build-manifest.json；implementation-review.md,用户已指示按方案执行；Codex完成原型验证；产品接受待用户查看,V1.0本地Mock；4804328a工作树内容哈希见build-manifest.json；浏览器证据2026-09-17T13:25:12.321Z
TIME-004,product-design.md 第07节,来源日期精度不足时标明精度而不编造时分秒,WP02,src/pages/production-fulfillment/calculations.ts、task-detail.ts、config-model.ts、scenarios.ts、boundary-evidence.ts,tests/unit/production-fulfillment-calculations.test.ts：自然日/时区/一秒超时/零能力；tests/unit/production-fulfillment-configuration.test.ts：组跨度/发布保留基线；tests/unit/production-fulfillment-boundary-evidence.test.ts：仅日期,001计算与版本/工作抽屉；004未知路线；规则与配置；无新增PDA执行或现场标签打印（沿用来源系统）；DDS报表打印另验。,已验证,implementation-evidence/verification.json；implementation-evidence/build.log；implementation-evidence/build-manifest.json；implementation-review.md；tests/unit/production-fulfillment-boundary-evidence.test.ts；001计算与版本独立边界卡,用户已指示按方案执行；Codex完成原型验证；产品接受待用户查看,V1.0本地Mock；4804328a工作树内容哈希见build-manifest.json；浏览器证据2026-09-17T13:25:12.321Z
TIME-005,product-design.md 第07节,组上限不在子项预算之外重复相加,WP02,src/pages/production-fulfillment/calculations.ts、task-detail.ts、config-model.ts、scenarios.ts、boundary-evidence.ts,tests/unit/production-fulfillment-calculations.test.ts：自然日/时区/一秒超时/零能力；tests/unit/production-fulfillment-configuration.test.ts：组跨度/发布保留基线；tests/unit/production-fulfillment-boundary-evidence.test.ts：仅日期,001计算与版本/工作抽屉；004未知路线；规则与配置；无新增PDA执行或现场标签打印（沿用来源系统）；DDS报表打印另验。,已验证,implementation-evidence/verification.json；implementation-evidence/build.log；implementation-evidence/build-manifest.json；implementation-review.md,用户已指示按方案执行；Codex完成原型验证；产品接受待用户查看,V1.0本地Mock；4804328a工作树内容哈希见build-manifest.json；浏览器证据2026-09-17T13:25:12.321Z
TIME-006,product-design.md 第07节,里程碑及相对期限不当成加工持续时间,WP02,src/pages/production-fulfillment/calculations.ts、task-detail.ts、config-model.ts、scenarios.ts、boundary-evidence.ts,tests/unit/production-fulfillment-calculations.test.ts：自然日/时区/一秒超时/零能力；tests/unit/production-fulfillment-configuration.test.ts：组跨度/发布保留基线；tests/unit/production-fulfillment-boundary-evidence.test.ts：仅日期,001计算与版本/工作抽屉；004未知路线；规则与配置；无新增PDA执行或现场标签打印（沿用来源系统）；DDS报表打印另验。,已验证,implementation-evidence/verification.json；implementation-evidence/build.log；implementation-evidence/build-manifest.json；implementation-review.md,用户已指示按方案执行；Codex完成原型验证；产品接受待用户查看,V1.0本地Mock；4804328a工作树内容哈希见build-manifest.json；浏览器证据2026-09-17T13:25:12.321Z
TIME-007,product-design.md 第07节,组代理内部缺预算明确可见并禁止子团队假考核,WP02,src/pages/production-fulfillment/calculations.ts、task-detail.ts、config-model.ts、scenarios.ts、boundary-evidence.ts,tests/unit/production-fulfillment-calculations.test.ts：自然日/时区/一秒超时/零能力；tests/unit/production-fulfillment-configuration.test.ts：组跨度/发布保留基线；tests/unit/production-fulfillment-boundary-evidence.test.ts：仅日期,001计算与版本/工作抽屉；004未知路线；规则与配置；无新增PDA执行或现场标签打印（沿用来源系统）；DDS报表打印另验。,已验证,implementation-evidence/verification.json；implementation-evidence/build.log；implementation-evidence/build-manifest.json；implementation-review.md,用户已指示按方案执行；Codex完成原型验证；产品接受待用户查看,V1.0本地Mock；4804328a工作树内容哈希见build-manifest.json；浏览器证据2026-09-17T13:25:12.321Z
TIME-008,product-design.md 第07节,组代理替换为子网络时两者不同时计时,WP02,src/pages/production-fulfillment/calculations.ts、task-detail.ts、config-model.ts、scenarios.ts、boundary-evidence.ts,tests/unit/production-fulfillment-calculations.test.ts：自然日/时区/一秒超时/零能力；tests/unit/production-fulfillment-configuration.test.ts：组跨度/发布保留基线；tests/unit/production-fulfillment-boundary-evidence.test.ts：仅日期,001计算与版本/工作抽屉；004未知路线；规则与配置；无新增PDA执行或现场标签打印（沿用来源系统）；DDS报表打印另验。,已验证,implementation-evidence/verification.json；implementation-evidence/build.log；implementation-evidence/build-manifest.json；implementation-review.md,用户已指示按方案执行；Codex完成原型验证；产品接受待用户查看,V1.0本地Mock；4804328a工作树内容哈希见build-manifest.json；浏览器证据2026-09-17T13:25:12.321Z
TIME-009,product-design.md 第07节,会议候选值及旧图数值不冒充已发布正式规则,WP02,src/pages/production-fulfillment/calculations.ts、task-detail.ts、config-model.ts、scenarios.ts、boundary-evidence.ts,tests/unit/production-fulfillment-calculations.test.ts：自然日/时区/一秒超时/零能力；tests/unit/production-fulfillment-configuration.test.ts：组跨度/发布保留基线；tests/unit/production-fulfillment-boundary-evidence.test.ts：仅日期,001计算与版本/工作抽屉；004未知路线；规则与配置；无新增PDA执行或现场标签打印（沿用来源系统）；DDS报表打印另验。,已验证,implementation-evidence/verification.json；implementation-evidence/build.log；implementation-evidence/build-manifest.json；implementation-review.md,用户已指示按方案执行；Codex完成原型验证；产品接受待用户查看,V1.0本地Mock；4804328a工作树内容哈希见build-manifest.json；浏览器证据2026-09-17T13:25:12.321Z
TIME-010,product-design.md 第07节,近7日90%回货平均耗时不解释为统一7天SLA,WP02,src/pages/production-fulfillment/calculations.ts、task-detail.ts、config-model.ts、scenarios.ts、boundary-evidence.ts,tests/unit/production-fulfillment-calculations.test.ts：自然日/时区/一秒超时/零能力；tests/unit/production-fulfillment-configuration.test.ts：组跨度/发布保留基线；tests/unit/production-fulfillment-boundary-evidence.test.ts：仅日期,001计算与版本/工作抽屉；004未知路线；规则与配置；无新增PDA执行或现场标签打印（沿用来源系统）；DDS报表打印另验。,已验证,implementation-evidence/verification.json；implementation-evidence/build.log；implementation-evidence/build-manifest.json；implementation-review.md,用户已指示按方案执行；Codex完成原型验证；产品接受待用户查看,V1.0本地Mock；4804328a工作树内容哈希见build-manifest.json；浏览器证据2026-09-17T13:25:12.321Z
TIME-011,product-design.md 第07节,原始基线当前标准生效截止预测实际五类时间分开,WP02,src/pages/production-fulfillment/calculations.ts、task-detail.ts、config-model.ts、scenarios.ts、boundary-evidence.ts,tests/unit/production-fulfillment-calculations.test.ts：自然日/时区/一秒超时/零能力；tests/unit/production-fulfillment-configuration.test.ts：组跨度/发布保留基线；tests/unit/production-fulfillment-boundary-evidence.test.ts：仅日期,001计算与版本/工作抽屉；004未知路线；规则与配置；无新增PDA执行或现场标签打印（沿用来源系统）；DDS报表打印另验。,已验证,implementation-evidence/verification.json；implementation-evidence/build.log；implementation-evidence/build-manifest.json；implementation-review.md,用户已指示按方案执行；Codex完成原型验证；产品接受待用户查看,V1.0本地Mock；4804328a工作树内容哈希见build-manifest.json；浏览器证据2026-09-17T13:25:12.321Z
TIME-012,product-design.md 第07节,预测推迟不能自动延长当前考核截止,WP02,src/pages/production-fulfillment/calculations.ts、task-detail.ts、config-model.ts、scenarios.ts、boundary-evidence.ts,tests/unit/production-fulfillment-calculations.test.ts：自然日/时区/一秒超时/零能力；tests/unit/production-fulfillment-configuration.test.ts：组跨度/发布保留基线；tests/unit/production-fulfillment-boundary-evidence.test.ts：仅日期,001计算与版本/工作抽屉；004未知路线；规则与配置；无新增PDA执行或现场标签打印（沿用来源系统）；DDS报表打印另验。,已验证,implementation-evidence/verification.json；implementation-evidence/build.log；implementation-evidence/build-manifest.json；implementation-review.md,用户已指示按方案执行；Codex完成原型验证；产品接受待用户查看,V1.0本地Mock；4804328a工作树内容哈希见build-manifest.json；浏览器证据2026-09-17T13:25:12.321Z
TIME-013,product-design.md 第07节,未知路线只按合法场景计算区间，无上界时明确未知,WP02,src/pages/production-fulfillment/calculations.ts、task-detail.ts、config-model.ts、scenarios.ts、boundary-evidence.ts,tests/unit/production-fulfillment-calculations.test.ts：自然日/时区/一秒超时/零能力；tests/unit/production-fulfillment-configuration.test.ts：组跨度/发布保留基线；tests/unit/production-fulfillment-boundary-evidence.test.ts：仅日期,001计算与版本/工作抽屉；004未知路线；规则与配置；无新增PDA执行或现场标签打印（沿用来源系统）；DDS报表打印另验。,已验证,implementation-evidence/verification.json；implementation-evidence/build.log；implementation-evidence/build-manifest.json；implementation-review.md,用户已指示按方案执行；Codex完成原型验证；产品接受待用户查看,V1.0本地Mock；4804328a工作树内容哈希见build-manifest.json；浏览器证据2026-09-17T13:25:12.321Z
TIME-014,product-design.md 第07节,晚确认路线保留原始T0并记录变更版本,WP02,src/pages/production-fulfillment/calculations.ts、task-detail.ts、config-model.ts、scenarios.ts、boundary-evidence.ts,tests/unit/production-fulfillment-calculations.test.ts：自然日/时区/一秒超时/零能力；tests/unit/production-fulfillment-configuration.test.ts：组跨度/发布保留基线；tests/unit/production-fulfillment-boundary-evidence.test.ts：仅日期,001计算与版本/工作抽屉；004未知路线；规则与配置；无新增PDA执行或现场标签打印（沿用来源系统）；DDS报表打印另验。,已验证,implementation-evidence/verification.json；implementation-evidence/build.log；implementation-evidence/build-manifest.json；implementation-review.md,用户已指示按方案执行；Codex完成原型验证；产品接受待用户查看,V1.0本地Mock；4804328a工作树内容哈希见build-manifest.json；浏览器证据2026-09-17T13:25:12.321Z
CALC-001,product-design.md 第08节,依赖网络串行相加并行汇合取最大值,WP02,src/pages/production-fulfillment/calculations.ts、task-detail.ts、scenarios.ts,tests/unit/production-fulfillment-calculations.test.ts：24天/ID23天/批次19.5、21.5、22/网络防环/共享资源；scripts/check-dds-production-fulfillment.mjs：路线收敛,001完整公式/批次算例；004有界无界模拟；gantt-1366.png；无新增PDA执行或现场标签打印（沿用来源系统）；DDS报表打印另验。,已验证,implementation-evidence/verification.json；implementation-evidence/build.log；implementation-evidence/build-manifest.json；implementation-review.md,用户已指示按方案执行；Codex完成原型验证；产品接受待用户查看,V1.0本地Mock；4804328a工作树内容哈希见build-manifest.json；浏览器证据2026-09-17T13:25:12.321Z
CALC-002,product-design.md 第08节,计算显示动作预算前置事件及交接间隔,WP02,src/pages/production-fulfillment/calculations.ts、task-detail.ts、scenarios.ts,tests/unit/production-fulfillment-calculations.test.ts：24天/ID23天/批次19.5、21.5、22/网络防环/共享资源；scripts/check-dds-production-fulfillment.mjs：路线收敛,001完整公式/批次算例；004有界无界模拟；gantt-1366.png；无新增PDA执行或现场标签打印（沿用来源系统）；DDS报表打印另验。,已验证,implementation-evidence/verification.json；implementation-evidence/build.log；implementation-evidence/build-manifest.json；implementation-review.md,用户已指示按方案执行；Codex完成原型验证；产品接受待用户查看,V1.0本地Mock；4804328a工作树内容哈希见build-manifest.json；浏览器证据2026-09-17T13:25:12.321Z
CALC-003,product-design.md 第08节,循环依赖被拒绝而不是静默给出时效,WP02,src/pages/production-fulfillment/calculations.ts、task-detail.ts、scenarios.ts,tests/unit/production-fulfillment-calculations.test.ts：24天/ID23天/批次19.5、21.5、22/网络防环/共享资源；scripts/check-dds-production-fulfillment.mjs：路线收敛,001完整公式/批次算例；004有界无界模拟；gantt-1366.png；无新增PDA执行或现场标签打印（沿用来源系统）；DDS报表打印另验。,已验证,implementation-evidence/verification.json；implementation-evidence/build.log；implementation-evidence/build-manifest.json；implementation-review.md,用户已指示按方案执行；Codex完成原型验证；产品接受待用户查看,V1.0本地Mock；4804328a工作树内容哈希见build-manifest.json；浏览器证据2026-09-17T13:25:12.321Z
CALC-004,product-design.md 第08节,共享资源占用形成有效先后约束,WP02,src/pages/production-fulfillment/calculations.ts、task-detail.ts、scenarios.ts,tests/unit/production-fulfillment-calculations.test.ts：24天/ID23天/批次19.5、21.5、22/网络防环/共享资源；scripts/check-dds-production-fulfillment.mjs：路线收敛,001完整公式/批次算例；004有界无界模拟；gantt-1366.png；无新增PDA执行或现场标签打印（沿用来源系统）；DDS报表打印另验。,已验证,implementation-evidence/verification.json；implementation-evidence/build.log；implementation-evidence/build-manifest.json；implementation-review.md,用户已指示按方案执行；Codex完成原型验证；产品接受待用户查看,V1.0本地Mock；4804328a工作树内容哈希见build-manifest.json；浏览器证据2026-09-17T13:25:12.321Z
CALC-005,product-design.md 第08节,完整主例计算结果为24自然日,WP02,src/pages/production-fulfillment/calculations.ts、task-detail.ts、scenarios.ts,tests/unit/production-fulfillment-calculations.test.ts：24天/ID23天/批次19.5、21.5、22/网络防环/共享资源；scripts/check-dds-production-fulfillment.mjs：路线收敛,001完整公式/批次算例；004有界无界模拟；gantt-1366.png；无新增PDA执行或现场标签打印（沿用来源系统）；DDS报表打印另验。,已验证,implementation-evidence/verification.json；implementation-evidence/build.log；implementation-evidence/build-manifest.json；implementation-review.md,用户已指示按方案执行；Codex完成原型验证；产品接受待用户查看,V1.0本地Mock；4804328a工作树内容哈希见build-manifest.json；浏览器证据2026-09-17T13:25:12.321Z
CALC-006,product-design.md 第08节,中国辅料15天明确包含入库后调拨至工厂实收,WP02,src/pages/production-fulfillment/calculations.ts、task-detail.ts、scenarios.ts,tests/unit/production-fulfillment-calculations.test.ts：24天/ID23天/批次19.5、21.5、22/网络防环/共享资源；scripts/check-dds-production-fulfillment.mjs：路线收敛,001完整公式/批次算例；004有界无界模拟；gantt-1366.png；无新增PDA执行或现场标签打印（沿用来源系统）；DDS报表打印另验。,已验证,implementation-evidence/verification.json；implementation-evidence/build.log；implementation-evidence/build-manifest.json；implementation-review.md,用户已指示按方案执行；Codex完成原型验证；产品接受待用户查看,V1.0本地Mock；4804328a工作树内容哈希见build-manifest.json；浏览器证据2026-09-17T13:25:12.321Z
CALC-007,product-design.md 第08节,改为5天到厂的印尼分支主例整体为23天,WP02,src/pages/production-fulfillment/calculations.ts、task-detail.ts、scenarios.ts,tests/unit/production-fulfillment-calculations.test.ts：24天/ID23天/批次19.5、21.5、22/网络防环/共享资源；scripts/check-dds-production-fulfillment.mjs：路线收敛,001完整公式/批次算例；004有界无界模拟；gantt-1366.png；无新增PDA执行或现场标签打印（沿用来源系统）；DDS报表打印另验。,已验证,implementation-evidence/verification.json；implementation-evidence/build.log；implementation-evidence/build-manifest.json；implementation-review.md,用户已指示按方案执行；Codex完成原型验证；产品接受待用户查看,V1.0本地Mock；4804328a工作树内容哈希见build-manifest.json；浏览器证据2026-09-17T13:25:12.321Z
CALC-008,product-design.md 第08节,未知独立场景范围20至24逐步收敛至24,WP02,src/pages/production-fulfillment/calculations.ts、task-detail.ts、scenarios.ts,tests/unit/production-fulfillment-calculations.test.ts：24天/ID23天/批次19.5、21.5、22/网络防环/共享资源；scripts/check-dds-production-fulfillment.mjs：路线收敛,001完整公式/批次算例；004有界无界模拟；gantt-1366.png；无新增PDA执行或现场标签打印（沿用来源系统）；DDS报表打印另验。,已验证,implementation-evidence/verification.json；implementation-evidence/build.log；implementation-evidence/build-manifest.json；implementation-review.md,用户已指示按方案执行；Codex完成原型验证；产品接受待用户查看,V1.0本地Mock；4804328a工作树内容哈希见build-manifest.json；浏览器证据2026-09-17T13:25:12.321Z
CALC-009,product-design.md 第08节,整批1000放行是主例显式规则而不是通用强制,WP02,src/pages/production-fulfillment/calculations.ts、task-detail.ts、scenarios.ts,tests/unit/production-fulfillment-calculations.test.ts：24天/ID23天/批次19.5、21.5、22/网络防环/共享资源；scripts/check-dds-production-fulfillment.mjs：路线收敛,001完整公式/批次算例；004有界无界模拟；gantt-1366.png；无新增PDA执行或现场标签打印（沿用来源系统）；DDS报表打印另验。,已验证,implementation-evidence/verification.json；implementation-evidence/build.log；implementation-evidence/build-manifest.json；implementation-review.md,用户已指示按方案执行；Codex完成原型验证；产品接受待用户查看,V1.0本地Mock；4804328a工作树内容哈希见build-manifest.json；浏览器证据2026-09-17T13:25:12.321Z
CALC-010,product-design.md 第08节,分批算例发货节点为D19.5 D21.5 D22,WP02,src/pages/production-fulfillment/calculations.ts、task-detail.ts、scenarios.ts,tests/unit/production-fulfillment-calculations.test.ts：24天/ID23天/批次19.5、21.5、22/网络防环/共享资源；scripts/check-dds-production-fulfillment.mjs：路线收敛,001完整公式/批次算例；004有界无界模拟；gantt-1366.png；无新增PDA执行或现场标签打印（沿用来源系统）；DDS报表打印另验。,已验证,implementation-evidence/verification.json；implementation-evidence/build.log；implementation-evidence/build-manifest.json；implementation-review.md,用户已指示按方案执行；Codex完成原型验证；产品接受待用户查看,V1.0本地Mock；4804328a工作树内容哈希见build-manifest.json；浏览器证据2026-09-17T13:25:12.321Z
CALC-011,product-design.md 第08节,90%数量里程碑按真实批次首次跨阈值确定,WP02,src/pages/production-fulfillment/calculations.ts、task-detail.ts、scenarios.ts,tests/unit/production-fulfillment-calculations.test.ts：24天/ID23天/批次19.5、21.5、22/网络防环/共享资源；scripts/check-dds-production-fulfillment.mjs：路线收敛,001完整公式/批次算例；004有界无界模拟；gantt-1366.png；无新增PDA执行或现场标签打印（沿用来源系统）；DDS报表打印另验。,已验证,implementation-evidence/verification.json；implementation-evidence/build.log；implementation-evidence/build-manifest.json；implementation-review.md,用户已指示按方案执行；Codex完成原型验证；产品接受待用户查看,V1.0本地Mock；4804328a工作树内容哈希见build-manifest.json；浏览器证据2026-09-17T13:25:12.321Z
RISK-001,product-design.md 第09节,前置等待本环节正式耗时与实际作业耗时分列,WP02,src/pages/production-fulfillment/calculations.ts、fixtures.ts、task-detail.ts、dashboards.ts,tests/unit/production-fulfillment-calculations.test.ts：数量预测/300与100/倒排/历史逾期/人工预计/上游带入,001风险与工作抽屉；002正常；005追回2天；团队队列；无新增PDA执行或现场标签打印（沿用来源系统）；DDS报表打印另验。,已验证,implementation-evidence/verification.json；implementation-evidence/build.log；implementation-evidence/build-manifest.json；implementation-review.md,用户已指示按方案执行；Codex完成原型验证；产品接受待用户查看,V1.0本地Mock；4804328a工作树内容哈希见build-manifest.json；浏览器证据2026-09-17T13:25:12.321Z
RISK-002,product-design.md 第09节,责任起算不因迟开工而自动向后移动,WP02,src/pages/production-fulfillment/calculations.ts、fixtures.ts、task-detail.ts、dashboards.ts,tests/unit/production-fulfillment-calculations.test.ts：数量预测/300与100/倒排/历史逾期/人工预计/上游带入,001风险与工作抽屉；002正常；005追回2天；团队队列；无新增PDA执行或现场标签打印（沿用来源系统）；DDS报表打印另验。,已验证,implementation-evidence/verification.json；implementation-evidence/build.log；implementation-evidence/build-manifest.json；implementation-review.md,用户已指示按方案执行；Codex完成原型验证；产品接受待用户查看,V1.0本地Mock；4804328a工作树内容哈希见build-manifest.json；浏览器证据2026-09-17T13:25:12.321Z
RISK-003,product-design.md 第09节,已完成工作历史逾期不随当前时间继续增长,WP02,src/pages/production-fulfillment/calculations.ts、fixtures.ts、task-detail.ts、dashboards.ts,tests/unit/production-fulfillment-calculations.test.ts：数量预测/300与100/倒排/历史逾期/人工预计/上游带入,001风险与工作抽屉；002正常；005追回2天；团队队列；无新增PDA执行或现场标签打印（沿用来源系统）；DDS报表打印另验。,已验证,implementation-evidence/verification.json；implementation-evidence/build.log；implementation-evidence/build-manifest.json；implementation-review.md,用户已指示按方案执行；Codex完成原型验证；产品接受待用户查看,V1.0本地Mock；4804328a工作树内容哈希见build-manifest.json；浏览器证据2026-09-17T13:25:12.321Z
RISK-004,product-design.md 第09节,局部未可执行不冒称已加工超时,WP02,src/pages/production-fulfillment/calculations.ts、fixtures.ts、task-detail.ts、dashboards.ts,tests/unit/production-fulfillment-calculations.test.ts：数量预测/300与100/倒排/历史逾期/人工预计/上游带入,001风险与工作抽屉；002正常；005追回2天；团队队列；无新增PDA执行或现场标签打印（沿用来源系统）；DDS报表打印另验。,已验证,implementation-evidence/verification.json；implementation-evidence/build.log；implementation-evidence/build-manifest.json；implementation-review.md,用户已指示按方案执行；Codex完成原型验证；产品接受待用户查看,V1.0本地Mock；4804328a工作树内容哈希见build-manifest.json；浏览器证据2026-09-17T13:25:12.321Z
RISK-005,product-design.md 第09节,保障整体最晚节点从生产任务生效截止反推,WP02,src/pages/production-fulfillment/calculations.ts、fixtures.ts、task-detail.ts、dashboards.ts,tests/unit/production-fulfillment-calculations.test.ts：数量预测/300与100/倒排/历史逾期/人工预计/上游带入,001风险与工作抽屉；002正常；005追回2天；团队队列；无新增PDA执行或现场标签打印（沿用来源系统）；DDS报表打印另验。,已验证,implementation-evidence/verification.json；implementation-evidence/build.log；implementation-evidence/build-manifest.json；implementation-review.md,用户已指示按方案执行；Codex完成原型验证；产品接受待用户查看,V1.0本地Mock；4804328a工作树内容哈希见build-manifest.json；浏览器证据2026-09-17T13:25:12.321Z
RISK-006,product-design.md 第09节,反推公式明确LF后继最小值与LS等于LF减预算,WP02,src/pages/production-fulfillment/calculations.ts、fixtures.ts、task-detail.ts、dashboards.ts,tests/unit/production-fulfillment-calculations.test.ts：数量预测/300与100/倒排/历史逾期/人工预计/上游带入,001风险与工作抽屉；002正常；005追回2天；团队队列；无新增PDA执行或现场标签打印（沿用来源系统）；DDS报表打印另验。,已验证,implementation-evidence/verification.json；implementation-evidence/build.log；implementation-evidence/build-manifest.json；implementation-review.md,用户已指示按方案执行；Codex完成原型验证；产品接受待用户查看,V1.0本地Mock；4804328a工作树内容哈希见build-manifest.json；浏览器证据2026-09-17T13:25:12.321Z
RISK-007,product-design.md 第09节,预测使用合格输出剩余及本任务分配能力,WP02,src/pages/production-fulfillment/calculations.ts、fixtures.ts、task-detail.ts、dashboards.ts,tests/unit/production-fulfillment-calculations.test.ts：数量预测/300与100/倒排/历史逾期/人工预计/上游带入,001风险与工作抽屉；002正常；005追回2天；团队队列；无新增PDA执行或现场标签打印（沿用来源系统）；DDS报表打印另验。,已验证,implementation-evidence/verification.json；implementation-evidence/build.log；implementation-evidence/build-manifest.json；implementation-review.md,用户已指示按方案执行；Codex完成原型验证；产品接受待用户查看,V1.0本地Mock；4804328a工作树内容哈希见build-manifest.json；浏览器证据2026-09-17T13:25:12.321Z
RISK-008,product-design.md 第09节,零能力或数据过期导致预测不足而非0天完成,WP02,src/pages/production-fulfillment/calculations.ts、fixtures.ts、task-detail.ts、dashboards.ts,tests/unit/production-fulfillment-calculations.test.ts：数量预测/300与100/倒排/历史逾期/人工预计/上游带入,001风险与工作抽屉；002正常；005追回2天；团队队列；无新增PDA执行或现场标签打印（沿用来源系统）；DDS报表打印另验。,已验证,implementation-evidence/verification.json；implementation-evidence/build.log；implementation-evidence/build-manifest.json；implementation-review.md,用户已指示按方案执行；Codex完成原型验证；产品接受待用户查看,V1.0本地Mock；4804328a工作树内容哈希见build-manifest.json；浏览器证据2026-09-17T13:25:12.321Z
RISK-009,product-design.md 第09节,排队与资源释放等待不得重复计入预测,WP02,src/pages/production-fulfillment/calculations.ts、fixtures.ts、task-detail.ts、dashboards.ts,tests/unit/production-fulfillment-calculations.test.ts：数量预测/300与100/倒排/历史逾期/人工预计/上游带入,001风险与工作抽屉；002正常；005追回2天；团队队列；无新增PDA执行或现场标签打印（沿用来源系统）；DDS报表打印另验。,已验证,implementation-evidence/verification.json；implementation-evidence/build.log；implementation-evidence/build-manifest.json；implementation-review.md,用户已指示按方案执行；Codex完成原型验证；产品接受待用户查看,V1.0本地Mock；4804328a工作树内容哈希见build-manifest.json；浏览器证据2026-09-17T13:25:12.321Z
RISK-010,product-design.md 第09节,001当前未逾期且预计晚1天能用600除200解释,WP02,src/pages/production-fulfillment/calculations.ts、fixtures.ts、task-detail.ts、dashboards.ts,tests/unit/production-fulfillment-calculations.test.ts：数量预测/300与100/倒排/历史逾期/人工预计/上游带入,001风险与工作抽屉；002正常；005追回2天；团队队列；无新增PDA执行或现场标签打印（沿用来源系统）；DDS报表打印另验。,已验证,implementation-evidence/verification.json；implementation-evidence/build.log；implementation-evidence/build-manifest.json；implementation-review.md,用户已指示按方案执行；Codex完成原型验证；产品接受待用户查看,V1.0本地Mock；4804328a工作树内容哈希见build-manifest.json；浏览器证据2026-09-17T13:25:12.321Z
RISK-011,product-design.md 第09节,001所需300件每日及缺口100可解释,WP02,src/pages/production-fulfillment/calculations.ts、fixtures.ts、task-detail.ts、dashboards.ts,tests/unit/production-fulfillment-calculations.test.ts：数量预测/300与100/倒排/历史逾期/人工预计/上游带入,001风险与工作抽屉；002正常；005追回2天；团队队列；无新增PDA执行或现场标签打印（沿用来源系统）；DDS报表打印另验。,已验证,implementation-evidence/verification.json；implementation-evidence/build.log；implementation-evidence/build-manifest.json；implementation-review.md,用户已指示按方案执行；Codex完成原型验证；产品接受待用户查看,V1.0本地Mock；4804328a工作树内容哈希见build-manifest.json；浏览器证据2026-09-17T13:25:12.321Z
RISK-012,product-design.md 第09节,002合格回货700时预计D23.5,WP02,src/pages/production-fulfillment/calculations.ts、fixtures.ts、task-detail.ts、dashboards.ts,tests/unit/production-fulfillment-calculations.test.ts：数量预测/300与100/倒排/历史逾期/人工预计/上游带入,001风险与工作抽屉；002正常；005追回2天；团队队列；无新增PDA执行或现场标签打印（沿用来源系统）；DDS报表打印另验。,已验证,implementation-evidence/verification.json；implementation-evidence/build.log；implementation-evidence/build-manifest.json；implementation-review.md,用户已指示按方案执行；Codex完成原型验证；产品接受待用户查看,V1.0本地Mock；4804328a工作树内容哈希见build-manifest.json；浏览器证据2026-09-17T13:25:12.321Z
RISK-013,product-design.md 第09节,005本项未逾期但需追回2天及整体风险分列,WP02,src/pages/production-fulfillment/calculations.ts、fixtures.ts、task-detail.ts、dashboards.ts,tests/unit/production-fulfillment-calculations.test.ts：数量预测/300与100/倒排/历史逾期/人工预计/上游带入,001风险与工作抽屉；002正常；005追回2天；团队队列；无新增PDA执行或现场标签打印（沿用来源系统）；DDS报表打印另验。,已验证,implementation-evidence/verification.json；implementation-evidence/build.log；implementation-evidence/build-manifest.json；implementation-review.md,用户已指示按方案执行；Codex完成原型验证；产品接受待用户查看,V1.0本地Mock；4804328a工作树内容哈希见build-manifest.json；浏览器证据2026-09-17T13:25:12.321Z
RISK-014,product-design.md 第09节,卡点追到真实缺数量及上游负责团队,WP02,src/pages/production-fulfillment/calculations.ts、fixtures.ts、task-detail.ts、dashboards.ts,tests/unit/production-fulfillment-calculations.test.ts：数量预测/300与100/倒排/历史逾期/人工预计/上游带入,001风险与工作抽屉；002正常；005追回2天；团队队列；无新增PDA执行或现场标签打印（沿用来源系统）；DDS报表打印另验。,已验证,implementation-evidence/verification.json；implementation-evidence/build.log；implementation-evidence/build-manifest.json；implementation-review.md,用户已指示按方案执行；Codex完成原型验证；产品接受待用户查看,V1.0本地Mock；4804328a工作树内容哈希见build-manifest.json；浏览器证据2026-09-17T13:25:12.321Z
RISK-015,product-design.md 第09节,多个卡点影响天数不直接相加,WP02,src/pages/production-fulfillment/calculations.ts、fixtures.ts、task-detail.ts、dashboards.ts,tests/unit/production-fulfillment-calculations.test.ts：数量预测/300与100/倒排/历史逾期/人工预计/上游带入,001风险与工作抽屉；002正常；005追回2天；团队队列；无新增PDA执行或现场标签打印（沿用来源系统）；DDS报表打印另验。,已验证,implementation-evidence/verification.json；implementation-evidence/build.log；implementation-evidence/build-manifest.json；implementation-review.md,用户已指示按方案执行；Codex完成原型验证；产品接受待用户查看,V1.0本地Mock；4804328a工作树内容哈希见build-manifest.json；浏览器证据2026-09-17T13:25:12.321Z
RISK-016,product-design.md 第09节,已知已逾期优先于预测风险及数据待判定,WP02,src/pages/production-fulfillment/calculations.ts、fixtures.ts、task-detail.ts、dashboards.ts,tests/unit/production-fulfillment-calculations.test.ts：数量预测/300与100/倒排/历史逾期/人工预计/上游带入,001风险与工作抽屉；002正常；005追回2天；团队队列；无新增PDA执行或现场标签打印（沿用来源系统）；DDS报表打印另验。,已验证,implementation-evidence/verification.json；implementation-evidence/build.log；implementation-evidence/build-manifest.json；implementation-review.md,用户已指示按方案执行；Codex完成原型验证；产品接受待用户查看,V1.0本地Mock；4804328a工作树内容哈希见build-manifest.json；浏览器证据2026-09-17T13:25:12.321Z
SHIP-001,product-design.md 第10节,有效应发量只接受明确作用于本任务的正式需求变更,WP02,src/pages/production-fulfillment/calculations.ts、dashboards.ts、evidence.ts、boundary-evidence.ts,tests/unit/production-fulfillment-calculations.test.ts：客户取消不减产/逐SKU/实发订单/范围关闭；tests/unit/production-fulfillment-boundary-evidence.test.ts：缺关联/缺订单时间/待履约责任,实际发货与订单/订单履约分析；007/008/009；SHIPMENT-IDENTITY及AWAITING-FULFILLMENT；无新增PDA执行或现场标签打印（沿用来源系统）；DDS报表打印另验。,已验证,implementation-evidence/verification.json；implementation-evidence/build.log；implementation-evidence/build-manifest.json；implementation-review.md,用户已指示按方案执行；Codex完成原型验证；产品接受待用户查看,V1.0本地Mock；4804328a工作树内容哈希见build-manifest.json；浏览器证据2026-09-17T13:25:12.321Z
SHIP-002,product-design.md 第10节,未关联的客户取消不自动扣减特定生产任务,WP02,src/pages/production-fulfillment/calculations.ts、dashboards.ts、evidence.ts、boundary-evidence.ts,tests/unit/production-fulfillment-calculations.test.ts：客户取消不减产/逐SKU/实发订单/范围关闭；tests/unit/production-fulfillment-boundary-evidence.test.ts：缺关联/缺订单时间/待履约责任,实际发货与订单/订单履约分析；007/008/009；SHIPMENT-IDENTITY及AWAITING-FULFILLMENT；无新增PDA执行或现场标签打印（沿用来源系统）；DDS报表打印另验。,已验证,implementation-evidence/verification.json；implementation-evidence/build.log；implementation-evidence/build-manifest.json；implementation-review.md,用户已指示按方案执行；Codex完成原型验证；产品接受待用户查看,V1.0本地Mock；4804328a工作树内容哈希见build-manifest.json；浏览器证据2026-09-17T13:25:12.321Z
SHIP-003,product-design.md 第10节,逐SKU剩余量不被其他SKU超发抵消,WP02,src/pages/production-fulfillment/calculations.ts、dashboards.ts、evidence.ts、boundary-evidence.ts,tests/unit/production-fulfillment-calculations.test.ts：客户取消不减产/逐SKU/实发订单/范围关闭；tests/unit/production-fulfillment-boundary-evidence.test.ts：缺关联/缺订单时间/待履约责任,实际发货与订单/订单履约分析；007/008/009；SHIPMENT-IDENTITY及AWAITING-FULFILLMENT；无新增PDA执行或现场标签打印（沿用来源系统）；DDS报表打印另验。,已验证,implementation-evidence/verification.json；implementation-evidence/build.log；implementation-evidence/build-manifest.json；implementation-review.md,用户已指示按方案执行；Codex完成原型验证；产品接受待用户查看,V1.0本地Mock；4804328a工作树内容哈希见build-manifest.json；浏览器证据2026-09-17T13:25:12.321Z
SHIP-004,product-design.md 第10节,实际发货而非建运单拣货作为实发终点,WP02,src/pages/production-fulfillment/calculations.ts、dashboards.ts、evidence.ts、boundary-evidence.ts,tests/unit/production-fulfillment-calculations.test.ts：客户取消不减产/逐SKU/实发订单/范围关闭；tests/unit/production-fulfillment-boundary-evidence.test.ts：缺关联/缺订单时间/待履约责任,实际发货与订单/订单履约分析；007/008/009；SHIPMENT-IDENTITY及AWAITING-FULFILLMENT；无新增PDA执行或现场标签打印（沿用来源系统）；DDS报表打印另验。,已验证,implementation-evidence/verification.json；implementation-evidence/build.log；implementation-evidence/build-manifest.json；implementation-review.md,用户已指示按方案执行；Codex完成原型验证；产品接受待用户查看,V1.0本地Mock；4804328a工作树内容哈希见build-manifest.json；浏览器证据2026-09-17T13:25:12.321Z
SHIP-005,product-design.md 第10节,客户订单按自身下单到实际发货核算时效,WP02,src/pages/production-fulfillment/calculations.ts、dashboards.ts、evidence.ts、boundary-evidence.ts,tests/unit/production-fulfillment-calculations.test.ts：客户取消不减产/逐SKU/实发订单/范围关闭；tests/unit/production-fulfillment-boundary-evidence.test.ts：缺关联/缺订单时间/待履约责任,实际发货与订单/订单履约分析；007/008/009；SHIPMENT-IDENTITY及AWAITING-FULFILLMENT；无新增PDA执行或现场标签打印（沿用来源系统）；DDS报表打印另验。,已验证,implementation-evidence/verification.json；implementation-evidence/build.log；implementation-evidence/build-manifest.json；implementation-review.md,用户已指示按方案执行；Codex完成原型验证；产品接受待用户查看,V1.0本地Mock；4804328a工作树内容哈希见build-manifest.json；浏览器证据2026-09-17T13:25:12.321Z
SHIP-006,product-design.md 第10节,多次发货首次时效不冒充全单完成时效,WP02,src/pages/production-fulfillment/calculations.ts、dashboards.ts、evidence.ts、boundary-evidence.ts,tests/unit/production-fulfillment-calculations.test.ts：客户取消不减产/逐SKU/实发订单/范围关闭；tests/unit/production-fulfillment-boundary-evidence.test.ts：缺关联/缺订单时间/待履约责任,实际发货与订单/订单履约分析；007/008/009；SHIPMENT-IDENTITY及AWAITING-FULFILLMENT；无新增PDA执行或现场标签打印（沿用来源系统）；DDS报表打印另验。,已验证,implementation-evidence/verification.json；implementation-evidence/build.log；implementation-evidence/build-manifest.json；implementation-review.md,用户已指示按方案执行；Codex完成原型验证；产品接受待用户查看,V1.0本地Mock；4804328a工作树内容哈希见build-manifest.json；浏览器证据2026-09-17T13:25:12.321Z
SHIP-007,product-design.md 第10节,订单全单统计须有有效完整范围及全部实发证据,WP02,src/pages/production-fulfillment/calculations.ts、dashboards.ts、evidence.ts、boundary-evidence.ts,tests/unit/production-fulfillment-calculations.test.ts：客户取消不减产/逐SKU/实发订单/范围关闭；tests/unit/production-fulfillment-boundary-evidence.test.ts：缺关联/缺订单时间/待履约责任,实际发货与订单/订单履约分析；007/008/009；SHIPMENT-IDENTITY及AWAITING-FULFILLMENT；无新增PDA执行或现场标签打印（沿用来源系统）；DDS报表打印另验。,已验证,implementation-evidence/verification.json；implementation-evidence/build.log；implementation-evidence/build-manifest.json；implementation-review.md,用户已指示按方案执行；Codex完成原型验证；产品接受待用户查看,V1.0本地Mock；4804328a工作树内容哈希见build-manifest.json；浏览器证据2026-09-17T13:25:12.321Z
SHIP-008,product-design.md 第10节,生产按期与客户订单超时可同时成立,WP02,src/pages/production-fulfillment/calculations.ts、dashboards.ts、evidence.ts、boundary-evidence.ts,tests/unit/production-fulfillment-calculations.test.ts：客户取消不减产/逐SKU/实发订单/范围关闭；tests/unit/production-fulfillment-boundary-evidence.test.ts：缺关联/缺订单时间/待履约责任,实际发货与订单/订单履约分析；007/008/009；SHIPMENT-IDENTITY及AWAITING-FULFILLMENT；无新增PDA执行或现场标签打印（沿用来源系统）；DDS报表打印另验。,已验证,implementation-evidence/verification.json；implementation-evidence/build.log；implementation-evidence/build-manifest.json；implementation-review.md,用户已指示按方案执行；Codex完成原型验证；产品接受待用户查看,V1.0本地Mock；4804328a工作树内容哈希见build-manifest.json；浏览器证据2026-09-17T13:25:12.321Z
SHIP-009,product-design.md 第10节,客户余量取消后关闭不回填早先全单发完,WP02,src/pages/production-fulfillment/calculations.ts、dashboards.ts、evidence.ts、boundary-evidence.ts,tests/unit/production-fulfillment-calculations.test.ts：客户取消不减产/逐SKU/实发订单/范围关闭；tests/unit/production-fulfillment-boundary-evidence.test.ts：缺关联/缺订单时间/待履约责任,实际发货与订单/订单履约分析；007/008/009；SHIPMENT-IDENTITY及AWAITING-FULFILLMENT；无新增PDA执行或现场标签打印（沿用来源系统）；DDS报表打印另验。,已验证,implementation-evidence/verification.json；implementation-evidence/build.log；implementation-evidence/build-manifest.json；implementation-review.md,用户已指示按方案执行；Codex完成原型验证；产品接受待用户查看,V1.0本地Mock；4804328a工作树内容哈希见build-manifest.json；浏览器证据2026-09-17T13:25:12.321Z
SHIP-010,product-design.md 第10节,生产范围减少后关闭不倒填为最后实发日,WP02,src/pages/production-fulfillment/calculations.ts、dashboards.ts、evidence.ts、boundary-evidence.ts,tests/unit/production-fulfillment-calculations.test.ts：客户取消不减产/逐SKU/实发订单/范围关闭；tests/unit/production-fulfillment-boundary-evidence.test.ts：缺关联/缺订单时间/待履约责任,实际发货与订单/订单履约分析；007/008/009；SHIPMENT-IDENTITY及AWAITING-FULFILLMENT；无新增PDA执行或现场标签打印（沿用来源系统）；DDS报表打印另验。,已验证,implementation-evidence/verification.json；implementation-evidence/build.log；implementation-evidence/build-manifest.json；implementation-review.md,用户已指示按方案执行；Codex完成原型验证；产品接受待用户查看,V1.0本地Mock；4804328a工作树内容哈希见build-manifest.json；浏览器证据2026-09-17T13:25:12.321Z
SHIP-011,product-design.md 第10节,全部需求取消显示终止而非发货100%,WP02,src/pages/production-fulfillment/calculations.ts、dashboards.ts、evidence.ts、boundary-evidence.ts,tests/unit/production-fulfillment-calculations.test.ts：客户取消不减产/逐SKU/实发订单/范围关闭；tests/unit/production-fulfillment-boundary-evidence.test.ts：缺关联/缺订单时间/待履约责任,实际发货与订单/订单履约分析；007/008/009；SHIPMENT-IDENTITY及AWAITING-FULFILLMENT；无新增PDA执行或现场标签打印（沿用来源系统）；DDS报表打印另验。,已验证,implementation-evidence/verification.json；implementation-evidence/build.log；implementation-evidence/build-manifest.json；implementation-review.md,用户已指示按方案执行；Codex完成原型验证；产品接受待用户查看,V1.0本地Mock；4804328a工作树内容哈希见build-manifest.json；浏览器证据2026-09-17T13:25:12.321Z
SHIP-012,product-design.md 第10节,待销售或待履约保留原因及责任而非归罪工厂,WP02,src/pages/production-fulfillment/calculations.ts、dashboards.ts、evidence.ts、boundary-evidence.ts,tests/unit/production-fulfillment-calculations.test.ts：客户取消不减产/逐SKU/实发订单/范围关闭；tests/unit/production-fulfillment-boundary-evidence.test.ts：缺关联/缺订单时间/待履约责任,实际发货与订单/订单履约分析；007/008/009；SHIPMENT-IDENTITY及AWAITING-FULFILLMENT；无新增PDA执行或现场标签打印（沿用来源系统）；DDS报表打印另验。,已验证,implementation-evidence/verification.json；implementation-evidence/build.log；implementation-evidence/build-manifest.json；implementation-review.md；tests/unit/production-fulfillment-boundary-evidence.test.ts；001计算与版本独立边界卡,用户已指示按方案执行；Codex完成原型验证；产品接受待用户查看,V1.0本地Mock；4804328a工作树内容哈希见build-manifest.json；浏览器证据2026-09-17T13:25:12.321Z
VIS-001,product-design.md 第11节,详情首屏展示整体要求当前实际和预测风险,WP03,src/pages/production-fulfillment/timeline.ts、task-detail.ts、evidence.ts、styles.css,scripts/check-dds-production-fulfillment.mjs：六页签甘特交互/图形过滤/数量曲线/图片/低分辨率,gantt-1366.png；quantities-1366.png；task-1280.png；每类操作5次原始样本；无新增PDA执行或现场标签打印（沿用来源系统）；DDS报表打印另验。,已验证,implementation-evidence/verification.json；implementation-evidence/build.log；implementation-evidence/build-manifest.json；implementation-review.md,用户已指示按方案执行；Codex完成原型验证；产品接受待用户查看,V1.0本地Mock；4804328a工作树内容哈希见build-manifest.json；浏览器证据2026-09-17T13:25:12.321Z
VIS-002,product-design.md 第11节,分层甘特能查看全部阶段及全部已实例化工作,WP03,src/pages/production-fulfillment/timeline.ts、task-detail.ts、evidence.ts、styles.css,scripts/check-dds-production-fulfillment.mjs：六页签甘特交互/图形过滤/数量曲线/图片/低分辨率,gantt-1366.png；quantities-1366.png；task-1280.png；每类操作5次原始样本；无新增PDA执行或现场标签打印（沿用来源系统）；DDS报表打印另验。,已验证,implementation-evidence/verification.json；implementation-evidence/build.log；implementation-evidence/build-manifest.json；implementation-review.md,用户已指示按方案执行；Codex完成原型验证；产品接受待用户查看,V1.0本地Mock；4804328a工作树内容哈希见build-manifest.json；浏览器证据2026-09-17T13:25:12.321Z
VIS-003,product-design.md 第11节,工作行显示责任人团队合格数量及标准天数,WP03,src/pages/production-fulfillment/timeline.ts、task-detail.ts、evidence.ts、styles.css,scripts/check-dds-production-fulfillment.mjs：六页签甘特交互/图形过滤/数量曲线/图片/低分辨率,gantt-1366.png；quantities-1366.png；task-1280.png；每类操作5次原始样本；无新增PDA执行或现场标签打印（沿用来源系统）；DDS报表打印另验。,已验证,implementation-evidence/verification.json；implementation-evidence/build.log；implementation-evidence/build-manifest.json；implementation-review.md,用户已指示按方案执行；Codex完成原型验证；产品接受待用户查看,V1.0本地Mock；4804328a工作树内容哈希见build-manifest.json；浏览器证据2026-09-17T13:25:12.321Z
VIS-004,product-design.md 第11节,标准实际预测在同一时间轴有独立编码,WP03,src/pages/production-fulfillment/timeline.ts、task-detail.ts、evidence.ts、styles.css,scripts/check-dds-production-fulfillment.mjs：六页签甘特交互/图形过滤/数量曲线/图片/低分辨率,gantt-1366.png；quantities-1366.png；task-1280.png；每类操作5次原始样本；无新增PDA执行或现场标签打印（沿用来源系统）；DDS报表打印另验。,已验证,implementation-evidence/verification.json；implementation-evidence/build.log；implementation-evidence/build-manifest.json；implementation-review.md,用户已指示按方案执行；Codex完成原型验证；产品接受待用户查看,V1.0本地Mock；4804328a工作树内容哈希见build-manifest.json；浏览器证据2026-09-17T13:25:12.321Z
VIS-005,product-design.md 第11节,今日生效截止预测截止三条线带明确文字,WP03,src/pages/production-fulfillment/timeline.ts、task-detail.ts、evidence.ts、styles.css,scripts/check-dds-production-fulfillment.mjs：六页签甘特交互/图形过滤/数量曲线/图片/低分辨率,gantt-1366.png；quantities-1366.png；task-1280.png；每类操作5次原始样本；无新增PDA执行或现场标签打印（沿用来源系统）；DDS报表打印另验。,已验证,implementation-evidence/verification.json；implementation-evidence/build.log；implementation-evidence/build-manifest.json；implementation-review.md,用户已指示按方案执行；Codex完成原型验证；产品接受待用户查看,V1.0本地Mock；4804328a工作树内容哈希见build-manifest.json；浏览器证据2026-09-17T13:25:12.321Z
VIS-006,product-design.md 第11节,关键路径用边框连线表达而非全部红色,WP03,src/pages/production-fulfillment/timeline.ts、task-detail.ts、evidence.ts、styles.css,scripts/check-dds-production-fulfillment.mjs：六页签甘特交互/图形过滤/数量曲线/图片/低分辨率,gantt-1366.png；quantities-1366.png；task-1280.png；每类操作5次原始样本；无新增PDA执行或现场标签打印（沿用来源系统）；DDS报表打印另验。,已验证,implementation-evidence/verification.json；implementation-evidence/build.log；implementation-evidence/build-manifest.json；implementation-review.md,用户已指示按方案执行；Codex完成原型验证；产品接受待用户查看,V1.0本地Mock；4804328a工作树内容哈希见build-manifest.json；浏览器证据2026-09-17T13:25:12.321Z
VIS-007,product-design.md 第11节,选中工作可查看前置后继及批次放行门槛,WP03,src/pages/production-fulfillment/timeline.ts、task-detail.ts、evidence.ts、styles.css,scripts/check-dds-production-fulfillment.mjs：六页签甘特交互/图形过滤/数量曲线/图片/低分辨率,gantt-1366.png；quantities-1366.png；task-1280.png；每类操作5次原始样本；无新增PDA执行或现场标签打印（沿用来源系统）；DDS报表打印另验。,已验证,implementation-evidence/verification.json；implementation-evidence/build.log；implementation-evidence/build-manifest.json；implementation-review.md,用户已指示按方案执行；Codex完成原型验证；产品接受待用户查看,V1.0本地Mock；4804328a工作树内容哈希见build-manifest.json；浏览器证据2026-09-17T13:25:12.321Z
VIS-008,product-design.md 第11节,未确认工作以虚框问号及判断责任呈现,WP03,src/pages/production-fulfillment/timeline.ts、task-detail.ts、evidence.ts、styles.css,scripts/check-dds-production-fulfillment.mjs：六页签甘特交互/图形过滤/数量曲线/图片/低分辨率,gantt-1366.png；quantities-1366.png；task-1280.png；每类操作5次原始样本；无新增PDA执行或现场标签打印（沿用来源系统）；DDS报表打印另验。,已验证,implementation-evidence/verification.json；implementation-evidence/build.log；implementation-evidence/build-manifest.json；implementation-review.md,用户已指示按方案执行；Codex完成原型验证；产品接受待用户查看,V1.0本地Mock；4804328a工作树内容哈希见build-manifest.json；浏览器证据2026-09-17T13:25:12.321Z
VIS-009,product-design.md 第11节,已完成逾期保留完成与历史超时两种标签,WP03,src/pages/production-fulfillment/timeline.ts、task-detail.ts、evidence.ts、styles.css,scripts/check-dds-production-fulfillment.mjs：六页签甘特交互/图形过滤/数量曲线/图片/低分辨率,gantt-1366.png；quantities-1366.png；task-1280.png；每类操作5次原始样本；无新增PDA执行或现场标签打印（沿用来源系统）；DDS报表打印另验。,已验证,implementation-evidence/verification.json；implementation-evidence/build.log；implementation-evidence/build-manifest.json；implementation-review.md,用户已指示按方案执行；Codex完成原型验证；产品接受待用户查看,V1.0本地Mock；4804328a工作树内容哈希见build-manifest.json；浏览器证据2026-09-17T13:25:12.321Z
VIS-010,product-design.md 第11节,当前未开始实际耗时显示未知而不填零,WP03,src/pages/production-fulfillment/timeline.ts、task-detail.ts、evidence.ts、styles.css,scripts/check-dds-production-fulfillment.mjs：六页签甘特交互/图形过滤/数量曲线/图片/低分辨率,gantt-1366.png；quantities-1366.png；task-1280.png；每类操作5次原始样本；无新增PDA执行或现场标签打印（沿用来源系统）；DDS报表打印另验。,已验证,implementation-evidence/verification.json；implementation-evidence/build.log；implementation-evidence/build-manifest.json；implementation-review.md,用户已指示按方案执行；Codex完成原型验证；产品接受待用户查看,V1.0本地Mock；4804328a工作树内容哈希见build-manifest.json；浏览器证据2026-09-17T13:25:12.321Z
VIS-011,product-design.md 第11节,图形过滤不改变全任务汇总公式,WP03,src/pages/production-fulfillment/timeline.ts、task-detail.ts、evidence.ts、styles.css,scripts/check-dds-production-fulfillment.mjs：六页签甘特交互/图形过滤/数量曲线/图片/低分辨率,gantt-1366.png；quantities-1366.png；task-1280.png；每类操作5次原始样本；无新增PDA执行或现场标签打印（沿用来源系统）；DDS报表打印另验。,已验证,implementation-evidence/verification.json；implementation-evidence/build.log；implementation-evidence/build-manifest.json；implementation-review.md,用户已指示按方案执行；Codex完成原型验证；产品接受待用户查看,V1.0本地Mock；4804328a工作树内容哈希见build-manifest.json；浏览器证据2026-09-17T13:25:12.321Z
VIS-012,product-design.md 第11节,数量辅图用阶梯线保留真实批次事件,WP03,src/pages/production-fulfillment/timeline.ts、task-detail.ts、evidence.ts、styles.css,scripts/check-dds-production-fulfillment.mjs：六页签甘特交互/图形过滤/数量曲线/图片/低分辨率,gantt-1366.png；quantities-1366.png；task-1280.png；每类操作5次原始样本；无新增PDA执行或现场标签打印（沿用来源系统）；DDS报表打印另验。,已验证,implementation-evidence/verification.json；implementation-evidence/build.log；implementation-evidence/build-manifest.json；implementation-review.md,用户已指示按方案执行；Codex完成原型验证；产品接受待用户查看,V1.0本地Mock；4804328a工作树内容哈希见build-manifest.json；浏览器证据2026-09-17T13:25:12.321Z
VIS-013,product-design.md 第11节,跨工序动作完成比例不冒充成衣数量进度,WP03,src/pages/production-fulfillment/timeline.ts、task-detail.ts、evidence.ts、styles.css,scripts/check-dds-production-fulfillment.mjs：六页签甘特交互/图形过滤/数量曲线/图片/低分辨率,gantt-1366.png；quantities-1366.png；task-1280.png；每类操作5次原始样本；无新增PDA执行或现场标签打印（沿用来源系统）；DDS报表打印另验。,已验证,implementation-evidence/verification.json；implementation-evidence/build.log；implementation-evidence/build-manifest.json；implementation-review.md,用户已指示按方案执行；Codex完成原型验证；产品接受待用户查看,V1.0本地Mock；4804328a工作树内容哈希见build-manifest.json；浏览器证据2026-09-17T13:25:12.321Z
VIS-014,product-design.md 第11节,低分辨率时间轴在容器内滚动且可打开详情,WP03,src/pages/production-fulfillment/timeline.ts、task-detail.ts、evidence.ts、styles.css,scripts/check-dds-production-fulfillment.mjs：六页签甘特交互/图形过滤/数量曲线/图片/低分辨率,gantt-1366.png；quantities-1366.png；task-1280.png；每类操作5次原始样本；无新增PDA执行或现场标签打印（沿用来源系统）；DDS报表打印另验。,已验证,implementation-evidence/verification.json；implementation-evidence/build.log；implementation-evidence/build-manifest.json；implementation-review.md,用户已指示按方案执行；Codex完成原型验证；产品接受待用户查看,V1.0本地Mock；4804328a工作树内容哈希见build-manifest.json；浏览器证据2026-09-17T13:25:12.321Z
PAGE-001,product-design.md 第12节,7个菜单及2类隐藏详情路由均有有效入口,WP07,src/pages/production-fulfillment/dashboards.ts、tasks.ts、task-detail.ts、index.ts、common.ts；src/router/routes.ts；src/state/store.ts,tests/unit/production-fulfillment-calculations.test.ts：共同筛选/工作状态独立；scripts/check-dds-production-fulfillment.mjs：全部路由/查询导出/列分页/跟单/全屏,9类路由；23浏览器用例组；orders-export.csv；overview-1366.png；team-1024.png；无新增PDA执行或现场标签打印（沿用来源系统）；DDS报表打印另验。,已验证,implementation-evidence/verification.json；implementation-evidence/build.log；implementation-evidence/build-manifest.json；implementation-review.md,用户已指示按方案执行；Codex完成原型验证；产品接受待用户查看,V1.0本地Mock；4804328a工作树内容哈希见build-manifest.json；浏览器证据2026-09-17T13:25:12.321Z
PAGE-002,product-design.md 第12节,未知ID与未接通来源页面有明确反馈,WP07,src/pages/production-fulfillment/dashboards.ts、tasks.ts、task-detail.ts、index.ts、common.ts；src/router/routes.ts；src/state/store.ts,tests/unit/production-fulfillment-calculations.test.ts：共同筛选/工作状态独立；scripts/check-dds-production-fulfillment.mjs：全部路由/查询导出/列分页/跟单/全屏,9类路由；23浏览器用例组；orders-export.csv；overview-1366.png；team-1024.png；无新增PDA执行或现场标签打印（沿用来源系统）；DDS报表打印另验。,已验证,implementation-evidence/verification.json；implementation-evidence/build.log；implementation-evidence/build-manifest.json；implementation-review.md,用户已指示按方案执行；Codex完成原型验证；产品接受待用户查看,V1.0本地Mock；4804328a工作树内容哈希见build-manifest.json；浏览器证据2026-09-17T13:25:12.321Z
PAGE-003,product-design.md 第12节,总览卡片列表图导出使用相同筛选范围,WP07,src/pages/production-fulfillment/dashboards.ts、tasks.ts、task-detail.ts、index.ts、common.ts；src/router/routes.ts；src/state/store.ts,tests/unit/production-fulfillment-calculations.test.ts：共同筛选/工作状态独立；scripts/check-dds-production-fulfillment.mjs：全部路由/查询导出/列分页/跟单/全屏,9类路由；23浏览器用例组；orders-export.csv；overview-1366.png；team-1024.png；无新增PDA执行或现场标签打印（沿用来源系统）；DDS报表打印另验。,已验证,implementation-evidence/verification.json；implementation-evidence/build.log；implementation-evidence/build-manifest.json；implementation-review.md,用户已指示按方案执行；Codex完成原型验证；产品接受待用户查看,V1.0本地Mock；4804328a工作树内容哈希见build-manifest.json；浏览器证据2026-09-17T13:25:12.321Z
PAGE-004,product-design.md 第12节,总览8在途任务互斥分组为1逾期2风险2未知3正常,WP07,src/pages/production-fulfillment/dashboards.ts、tasks.ts、task-detail.ts、index.ts、common.ts；src/router/routes.ts；src/state/store.ts,tests/unit/production-fulfillment-calculations.test.ts：共同筛选/工作状态独立；scripts/check-dds-production-fulfillment.mjs：全部路由/查询导出/列分页/跟单/全屏,9类路由；23浏览器用例组；orders-export.csv；overview-1366.png；team-1024.png；无新增PDA执行或现场标签打印（沿用来源系统）；DDS报表打印另验。,已验证,implementation-evidence/verification.json；implementation-evidence/build.log；implementation-evidence/build-manifest.json；implementation-review.md,用户已指示按方案执行；Codex完成原型验证；产品接受待用户查看,V1.0本地Mock；4804328a工作树内容哈希见build-manifest.json；浏览器证据2026-09-17T13:25:12.321Z
PAGE-005,product-design.md 第12节,总览在途有效7000实发400剩余6600保持一致,WP07,src/pages/production-fulfillment/dashboards.ts、tasks.ts、task-detail.ts、index.ts、common.ts；src/router/routes.ts；src/state/store.ts,tests/unit/production-fulfillment-calculations.test.ts：共同筛选/工作状态独立；scripts/check-dds-production-fulfillment.mjs：全部路由/查询导出/列分页/跟单/全屏,9类路由；23浏览器用例组；orders-export.csv；overview-1366.png；team-1024.png；无新增PDA执行或现场标签打印（沿用来源系统）；DDS报表打印另验。,已验证,implementation-evidence/verification.json；implementation-evidence/build.log；implementation-evidence/build-manifest.json；implementation-review.md,用户已指示按方案执行；Codex完成原型验证；产品接受待用户查看,V1.0本地Mock；4804328a工作树内容哈希见build-manifest.json；浏览器证据2026-09-17T13:25:12.321Z
PAGE-006,product-design.md 第12节,任务列表采用标准查询统计列表分页结构,WP07,src/pages/production-fulfillment/dashboards.ts、tasks.ts、task-detail.ts、index.ts、common.ts；src/router/routes.ts；src/state/store.ts,tests/unit/production-fulfillment-calculations.test.ts：共同筛选/工作状态独立；scripts/check-dds-production-fulfillment.mjs：全部路由/查询导出/列分页/跟单/全屏,9类路由；23浏览器用例组；orders-export.csv；overview-1366.png；team-1024.png；无新增PDA执行或现场标签打印（沿用来源系统）；DDS报表打印另验。,已验证,implementation-evidence/verification.json；implementation-evidence/build.log；implementation-evidence/build-manifest.json；implementation-review.md,用户已指示按方案执行；Codex完成原型验证；产品接受待用户查看,V1.0本地Mock；4804328a工作树内容哈希见build-manifest.json；浏览器证据2026-09-17T13:25:12.321Z
PAGE-007,product-design.md 第12节,查询重置导出均有实际行为,WP07,src/pages/production-fulfillment/dashboards.ts、tasks.ts、task-detail.ts、index.ts、common.ts；src/router/routes.ts；src/state/store.ts,tests/unit/production-fulfillment-calculations.test.ts：共同筛选/工作状态独立；scripts/check-dds-production-fulfillment.mjs：全部路由/查询导出/列分页/跟单/全屏,9类路由；23浏览器用例组；orders-export.csv；overview-1366.png；team-1024.png；无新增PDA执行或现场标签打印（沿用来源系统）；DDS报表打印另验。,已验证,implementation-evidence/verification.json；implementation-evidence/build.log；implementation-evidence/build-manifest.json；implementation-review.md,用户已指示按方案执行；Codex完成原型验证；产品接受待用户查看,V1.0本地Mock；4804328a工作树内容哈希见build-manifest.json；浏览器证据2026-09-17T13:25:12.321Z
PAGE-008,product-design.md 第12节,导出包括全部筛选结果并排除操作列,WP07,src/pages/production-fulfillment/dashboards.ts、tasks.ts、task-detail.ts、index.ts、common.ts；src/router/routes.ts；src/state/store.ts,tests/unit/production-fulfillment-calculations.test.ts：共同筛选/工作状态独立；scripts/check-dds-production-fulfillment.mjs：全部路由/查询导出/列分页/跟单/全屏,9类路由；23浏览器用例组；orders-export.csv；overview-1366.png；team-1024.png；无新增PDA执行或现场标签打印（沿用来源系统）；DDS报表打印另验。,已验证,implementation-evidence/verification.json；implementation-evidence/build.log；implementation-evidence/build-manifest.json；implementation-review.md,用户已指示按方案执行；Codex完成原型验证；产品接受待用户查看,V1.0本地Mock；4804328a工作树内容哈希见build-manifest.json；浏览器证据2026-09-17T13:25:12.321Z
PAGE-009,product-design.md 第12节,列显隐顺序冻结每页数按路由保存,WP07,src/pages/production-fulfillment/dashboards.ts、tasks.ts、task-detail.ts、index.ts、common.ts；src/router/routes.ts；src/state/store.ts,tests/unit/production-fulfillment-calculations.test.ts：共同筛选/工作状态独立；scripts/check-dds-production-fulfillment.mjs：全部路由/查询导出/列分页/跟单/全屏,9类路由；23浏览器用例组；orders-export.csv；overview-1366.png；team-1024.png；无新增PDA执行或现场标签打印（沿用来源系统）；DDS报表打印另验。,已验证,implementation-evidence/verification.json；implementation-evidence/build.log；implementation-evidence/build-manifest.json；implementation-review.md,用户已指示按方案执行；Codex完成原型验证；产品接受待用户查看,V1.0本地Mock；4804328a工作树内容哈希见build-manifest.json；浏览器证据2026-09-17T13:25:12.321Z
PAGE-010,product-design.md 第12节,当前页与排序不持久化,WP07,src/pages/production-fulfillment/dashboards.ts、tasks.ts、task-detail.ts、index.ts、common.ts；src/router/routes.ts；src/state/store.ts,tests/unit/production-fulfillment-calculations.test.ts：共同筛选/工作状态独立；scripts/check-dds-production-fulfillment.mjs：全部路由/查询导出/列分页/跟单/全屏,9类路由；23浏览器用例组；orders-export.csv；overview-1366.png；team-1024.png；无新增PDA执行或现场标签打印（沿用来源系统）；DDS报表打印另验。,已验证,implementation-evidence/verification.json；implementation-evidence/build.log；implementation-evidence/build-manifest.json；implementation-review.md,用户已指示按方案执行；Codex完成原型验证；产品接受待用户查看,V1.0本地Mock；4804328a工作树内容哈希见build-manifest.json；浏览器证据2026-09-17T13:25:12.321Z
PAGE-011,product-design.md 第12节,我的跟单甲在途只显示001和005,WP07,src/pages/production-fulfillment/dashboards.ts、tasks.ts、task-detail.ts、index.ts、common.ts；src/router/routes.ts；src/state/store.ts,tests/unit/production-fulfillment-calculations.test.ts：共同筛选/工作状态独立；scripts/check-dds-production-fulfillment.mjs：全部路由/查询导出/列分页/跟单/全屏,9类路由；23浏览器用例组；orders-export.csv；overview-1366.png；team-1024.png；无新增PDA执行或现场标签打印（沿用来源系统）；DDS报表打印另验。,已验证,implementation-evidence/verification.json；implementation-evidence/build.log；implementation-evidence/build-manifest.json；implementation-review.md,用户已指示按方案执行；Codex完成原型验证；产品接受待用户查看,V1.0本地Mock；4804328a工作树内容哈希见build-manifest.json；浏览器证据2026-09-17T13:25:12.321Z
PAGE-012,product-design.md 第12节,登记催办不改变来源实际状态数量,WP07,src/pages/production-fulfillment/dashboards.ts、tasks.ts、task-detail.ts、index.ts、common.ts；src/router/routes.ts；src/state/store.ts,tests/unit/production-fulfillment-calculations.test.ts：共同筛选/工作状态独立；scripts/check-dds-production-fulfillment.mjs：全部路由/查询导出/列分页/跟单/全屏,9类路由；23浏览器用例组；orders-export.csv；overview-1366.png；team-1024.png；无新增PDA执行或现场标签打印（沿用来源系统）；DDS报表打印另验。,已验证,implementation-evidence/verification.json；implementation-evidence/build.log；implementation-evidence/build-manifest.json；implementation-review.md,用户已指示按方案执行；Codex完成原型验证；产品接受待用户查看,V1.0本地Mock；4804328a工作树内容哈希见build-manifest.json；浏览器证据2026-09-17T13:25:12.321Z
PAGE-013,product-design.md 第12节,通知操作只演示且明确未真实发送,WP07,src/pages/production-fulfillment/dashboards.ts、tasks.ts、task-detail.ts、index.ts、common.ts；src/router/routes.ts；src/state/store.ts,tests/unit/production-fulfillment-calculations.test.ts：共同筛选/工作状态独立；scripts/check-dds-production-fulfillment.mjs：全部路由/查询导出/列分页/跟单/全屏,9类路由；23浏览器用例组；orders-export.csv；overview-1366.png；team-1024.png；无新增PDA执行或现场标签打印（沿用来源系统）；DDS报表打印另验。,已验证,implementation-evidence/verification.json；implementation-evidence/build.log；implementation-evidence/build-manifest.json；implementation-review.md,用户已指示按方案执行；Codex完成原型验证；产品接受待用户查看,V1.0本地Mock；4804328a工作树内容哈希见build-manifest.json；浏览器证据2026-09-17T13:25:12.321Z
PAGE-014,product-design.md 第12节,工作抽屉可追单据明细批次及时间证据,WP07,src/pages/production-fulfillment/dashboards.ts、tasks.ts、task-detail.ts、index.ts、common.ts；src/router/routes.ts；src/state/store.ts,tests/unit/production-fulfillment-calculations.test.ts：共同筛选/工作状态独立；scripts/check-dds-production-fulfillment.mjs：全部路由/查询导出/列分页/跟单/全屏,9类路由；23浏览器用例组；orders-export.csv；overview-1366.png；team-1024.png；无新增PDA执行或现场标签打印（沿用来源系统）；DDS报表打印另验。,已验证,implementation-evidence/verification.json；implementation-evidence/build.log；implementation-evidence/build-manifest.json；implementation-review.md,用户已指示按方案执行；Codex完成原型验证；产品接受待用户查看,V1.0本地Mock；4804328a工作树内容哈希见build-manifest.json；浏览器证据2026-09-17T13:25:12.321Z
PAGE-015,product-design.md 第12节,团队先区分可执行与需要协调队列,WP07,src/pages/production-fulfillment/dashboards.ts、tasks.ts、task-detail.ts、index.ts、common.ts；src/router/routes.ts；src/state/store.ts,tests/unit/production-fulfillment-calculations.test.ts：共同筛选/工作状态独立；scripts/check-dds-production-fulfillment.mjs：全部路由/查询导出/列分页/跟单/全屏,9类路由；23浏览器用例组；orders-export.csv；overview-1366.png；team-1024.png；无新增PDA执行或现场标签打印（沿用来源系统）；DDS报表打印另验。,已验证,implementation-evidence/verification.json；implementation-evidence/build.log；implementation-evidence/build-manifest.json；implementation-review.md,用户已指示按方案执行；Codex完成原型验证；产品接受待用户查看,V1.0本地Mock；4804328a工作树内容哈希见build-manifest.json；浏览器证据2026-09-17T13:25:12.321Z
PAGE-016,product-design.md 第12节,团队显示上游带入与本环节新增延误,WP07,src/pages/production-fulfillment/dashboards.ts、tasks.ts、task-detail.ts、index.ts、common.ts；src/router/routes.ts；src/state/store.ts,tests/unit/production-fulfillment-calculations.test.ts：共同筛选/工作状态独立；scripts/check-dds-production-fulfillment.mjs：全部路由/查询导出/列分页/跟单/全屏,9类路由；23浏览器用例组；orders-export.csv；overview-1366.png；team-1024.png；无新增PDA执行或现场标签打印（沿用来源系统）；DDS报表打印另验。,已验证,implementation-evidence/verification.json；implementation-evidence/build.log；implementation-evidence/build-manifest.json；implementation-review.md,用户已指示按方案执行；Codex完成原型验证；产品接受待用户查看,V1.0本地Mock；4804328a工作树内容哈希见build-manifest.json；浏览器证据2026-09-17T13:25:12.321Z
PAGE-017,product-design.md 第12节,同优先级按整体需完成日缓冲及影响排序,WP07,src/pages/production-fulfillment/dashboards.ts、tasks.ts、task-detail.ts、index.ts、common.ts；src/router/routes.ts；src/state/store.ts,tests/unit/production-fulfillment-calculations.test.ts：共同筛选/工作状态独立；scripts/check-dds-production-fulfillment.mjs：全部路由/查询导出/列分页/跟单/全屏,9类路由；23浏览器用例组；orders-export.csv；overview-1366.png；team-1024.png；无新增PDA执行或现场标签打印（沿用来源系统）；DDS报表打印另验。,已验证,implementation-evidence/verification.json；implementation-evidence/build.log；implementation-evidence/build-manifest.json；implementation-review.md,用户已指示按方案执行；Codex完成原型验证；产品接受待用户查看,V1.0本地Mock；4804328a工作树内容哈希见build-manifest.json；浏览器证据2026-09-17T13:25:12.321Z
PAGE-018,product-design.md 第12节,工厂等待输入项不显示立刻开工建议,WP07,src/pages/production-fulfillment/dashboards.ts、tasks.ts、task-detail.ts、index.ts、common.ts；src/router/routes.ts；src/state/store.ts,tests/unit/production-fulfillment-calculations.test.ts：共同筛选/工作状态独立；scripts/check-dds-production-fulfillment.mjs：全部路由/查询导出/列分页/跟单/全屏,9类路由；23浏览器用例组；orders-export.csv；overview-1366.png；team-1024.png；无新增PDA执行或现场标签打印（沿用来源系统）；DDS报表打印另验。,已验证,implementation-evidence/verification.json；implementation-evidence/build.log；implementation-evidence/build-manifest.json；implementation-review.md,用户已指示按方案执行；Codex完成原型验证；产品接受待用户查看,V1.0本地Mock；4804328a工作树内容哈希见build-manifest.json；浏览器证据2026-09-17T13:25:12.321Z
PAGE-019,product-design.md 第12节,订单页展示实际发货后关联且无发货时不造订单,WP07,src/pages/production-fulfillment/dashboards.ts、tasks.ts、task-detail.ts、index.ts、common.ts；src/router/routes.ts；src/state/store.ts,tests/unit/production-fulfillment-calculations.test.ts：共同筛选/工作状态独立；scripts/check-dds-production-fulfillment.mjs：全部路由/查询导出/列分页/跟单/全屏,9类路由；23浏览器用例组；orders-export.csv；overview-1366.png；team-1024.png；无新增PDA执行或现场标签打印（沿用来源系统）；DDS报表打印另验。,已验证,implementation-evidence/verification.json；implementation-evidence/build.log；implementation-evidence/build-manifest.json；implementation-review.md,用户已指示按方案执行；Codex完成原型验证；产品接受待用户查看,V1.0本地Mock；4804328a工作树内容哈希见build-manifest.json；浏览器证据2026-09-17T13:25:12.321Z
PAGE-020,product-design.md 第12节,全屏视图与普通总览使用同一结果,WP07,src/pages/production-fulfillment/dashboards.ts、tasks.ts、task-detail.ts、index.ts、common.ts；src/router/routes.ts；src/state/store.ts,tests/unit/production-fulfillment-calculations.test.ts：共同筛选/工作状态独立；scripts/check-dds-production-fulfillment.mjs：全部路由/查询导出/列分页/跟单/全屏,9类路由；23浏览器用例组；orders-export.csv；overview-1366.png；team-1024.png；无新增PDA执行或现场标签打印（沿用来源系统）；DDS报表打印另验。,已验证,implementation-evidence/verification.json；implementation-evidence/build.log；implementation-evidence/build-manifest.json；implementation-review.md,用户已指示按方案执行；Codex完成原型验证；产品接受待用户查看,V1.0本地Mock；4804328a工作树内容哈希见build-manifest.json；浏览器证据2026-09-17T13:25:12.321Z
CONFIG-001,product-design.md 第12节,可以配置工作项与单据明细及事件匹配,WP06,src/pages/production-fulfillment/configuration.ts、config-model.ts、rule-recalculation.ts、catalog.ts,tests/unit/production-fulfillment-configuration.test.ts：13项配置/数量/发布/映射/重算；scripts/check-dds-production-fulfillment.mjs：配置7区各入口5次,configuration-1366.png；样例匹配、冲突、发布预览、选定在途重算及版本历史；无新增PDA执行或现场标签打印（沿用来源系统）；DDS报表打印另验。,已验证,implementation-evidence/verification.json；implementation-evidence/build.log；implementation-evidence/build-manifest.json；implementation-review.md,用户已指示按方案执行；Codex完成原型验证；产品接受待用户查看,V1.0本地Mock；4804328a工作树内容哈希见build-manifest.json；浏览器证据2026-09-17T13:25:12.321Z
CONFIG-002,product-design.md 第12节,可以配置单工作预算及阶段组时效要求,WP06,src/pages/production-fulfillment/configuration.ts、config-model.ts、rule-recalculation.ts、catalog.ts,tests/unit/production-fulfillment-configuration.test.ts：13项配置/数量/发布/映射/重算；scripts/check-dds-production-fulfillment.mjs：配置7区各入口5次,configuration-1366.png；样例匹配、冲突、发布预览、选定在途重算及版本历史；无新增PDA执行或现场标签打印（沿用来源系统）；DDS报表打印另验。,已验证,implementation-evidence/verification.json；implementation-evidence/build.log；implementation-evidence/build-manifest.json；implementation-review.md,用户已指示按方案执行；Codex完成原型验证；产品接受待用户查看,V1.0本地Mock；4804328a工作树内容哈希见build-manifest.json；浏览器证据2026-09-17T13:25:12.321Z
CONFIG-003,product-design.md 第12节,规则包含地区供给方式工艺及数量类型条件,WP06,src/pages/production-fulfillment/configuration.ts、config-model.ts、rule-recalculation.ts、catalog.ts,tests/unit/production-fulfillment-configuration.test.ts：13项配置/数量/发布/映射/重算；scripts/check-dds-production-fulfillment.mjs：配置7区各入口5次,configuration-1366.png；样例匹配、冲突、发布预览、选定在途重算及版本历史；无新增PDA执行或现场标签打印（沿用来源系统）；DDS报表打印另验。,已验证,implementation-evidence/verification.json；implementation-evidence/build.log；implementation-evidence/build-manifest.json；implementation-review.md,用户已指示按方案执行；Codex完成原型验证；产品接受待用户查看,V1.0本地Mock；4804328a工作树内容哈希见build-manifest.json；浏览器证据2026-09-17T13:25:12.321Z
CONFIG-004,product-design.md 第12节,起止责任锚点与具体数量事件可配置,WP06,src/pages/production-fulfillment/configuration.ts、config-model.ts、rule-recalculation.ts、catalog.ts,tests/unit/production-fulfillment-configuration.test.ts：13项配置/数量/发布/映射/重算；scripts/check-dds-production-fulfillment.mjs：配置7区各入口5次,configuration-1366.png；样例匹配、冲突、发布预览、选定在途重算及版本历史；无新增PDA执行或现场标签打印（沿用来源系统）；DDS报表打印另验。,已验证,implementation-evidence/verification.json；implementation-evidence/build.log；implementation-evidence/build-manifest.json；implementation-review.md,用户已指示按方案执行；Codex完成原型验证；产品接受待用户查看,V1.0本地Mock；4804328a工作树内容哈希见build-manifest.json；浏览器证据2026-09-17T13:25:12.321Z
CONFIG-005,product-design.md 第12节,同优先级多规则命中报冲突无命中报缺失,WP06,src/pages/production-fulfillment/configuration.ts、config-model.ts、rule-recalculation.ts、catalog.ts,tests/unit/production-fulfillment-configuration.test.ts：13项配置/数量/发布/映射/重算；scripts/check-dds-production-fulfillment.mjs：配置7区各入口5次,configuration-1366.png；样例匹配、冲突、发布预览、选定在途重算及版本历史；无新增PDA执行或现场标签打印（沿用来源系统）；DDS报表打印另验。,已验证,implementation-evidence/verification.json；implementation-evidence/build.log；implementation-evidence/build-manifest.json；implementation-review.md,用户已指示按方案执行；Codex完成原型验证；产品接受待用户查看,V1.0本地Mock；4804328a工作树内容哈希见build-manifest.json；浏览器证据2026-09-17T13:25:12.321Z
CONFIG-006,product-design.md 第12节,默认责任人不是来源脚本创建账号,WP06,src/pages/production-fulfillment/configuration.ts、config-model.ts、rule-recalculation.ts、catalog.ts,tests/unit/production-fulfillment-configuration.test.ts：13项配置/数量/发布/映射/重算；scripts/check-dds-production-fulfillment.mjs：配置7区各入口5次,configuration-1366.png；样例匹配、冲突、发布预览、选定在途重算及版本历史；无新增PDA执行或现场标签打印（沿用来源系统）；DDS报表打印另验。,已验证,implementation-evidence/verification.json；implementation-evidence/build.log；implementation-evidence/build-manifest.json；implementation-review.md,用户已指示按方案执行；Codex完成原型验证；产品接受待用户查看,V1.0本地Mock；4804328a工作树内容哈希见build-manifest.json；浏览器证据2026-09-17T13:25:12.321Z
CONFIG-007,product-design.md 第12节,阶段浏览顺序不自动生成前置关系,WP06,src/pages/production-fulfillment/configuration.ts、config-model.ts、rule-recalculation.ts、catalog.ts,tests/unit/production-fulfillment-configuration.test.ts：13项配置/数量/发布/映射/重算；scripts/check-dds-production-fulfillment.mjs：配置7区各入口5次,configuration-1366.png；样例匹配、冲突、发布预览、选定在途重算及版本历史；无新增PDA执行或现场标签打印（沿用来源系统）；DDS报表打印另验。,已验证,implementation-evidence/verification.json；implementation-evidence/build.log；implementation-evidence/build-manifest.json；implementation-review.md,用户已指示按方案执行；Codex完成原型验证；产品接受待用户查看,V1.0本地Mock；4804328a工作树内容哈希见build-manifest.json；浏览器证据2026-09-17T13:25:12.321Z
CONFIG-008,product-design.md 第12节,子项7天组上限5天阻断发布且不静默调整,WP06,src/pages/production-fulfillment/configuration.ts、config-model.ts、rule-recalculation.ts、catalog.ts,tests/unit/production-fulfillment-configuration.test.ts：13项配置/数量/发布/映射/重算；scripts/check-dds-production-fulfillment.mjs：配置7区各入口5次,configuration-1366.png；样例匹配、冲突、发布预览、选定在途重算及版本历史；无新增PDA执行或现场标签打印（沿用来源系统）；DDS报表打印另验。,已验证,implementation-evidence/verification.json；implementation-evidence/build.log；implementation-evidence/build-manifest.json；implementation-review.md,用户已指示按方案执行；Codex完成原型验证；产品接受待用户查看,V1.0本地Mock；4804328a工作树内容哈希见build-manifest.json；浏览器证据2026-09-17T13:25:12.321Z
CONFIG-009,product-design.md 第12节,版本发布预览受影响范围并保留旧基线,WP06,src/pages/production-fulfillment/configuration.ts、config-model.ts、rule-recalculation.ts、catalog.ts,tests/unit/production-fulfillment-configuration.test.ts：13项配置/数量/发布/映射/重算；scripts/check-dds-production-fulfillment.mjs：配置7区各入口5次,configuration-1366.png；样例匹配、冲突、发布预览、选定在途重算及版本历史；无新增PDA执行或现场标签打印（沿用来源系统）；DDS报表打印另验。,已验证,implementation-evidence/verification.json；implementation-evidence/build.log；implementation-evidence/build-manifest.json；implementation-review.md,用户已指示按方案执行；Codex完成原型验证；产品接受待用户查看,V1.0本地Mock；4804328a工作树内容哈希见build-manifest.json；浏览器证据2026-09-17T13:25:12.321Z
CONFIG-010,product-design.md 第12节,草稿规则不冒充已生效标准,WP06,src/pages/production-fulfillment/configuration.ts、config-model.ts、rule-recalculation.ts、catalog.ts,tests/unit/production-fulfillment-configuration.test.ts：13项配置/数量/发布/映射/重算；scripts/check-dds-production-fulfillment.mjs：配置7区各入口5次,configuration-1366.png；样例匹配、冲突、发布预览、选定在途重算及版本历史；无新增PDA执行或现场标签打印（沿用来源系统）；DDS报表打印另验。,已验证,implementation-evidence/verification.json；implementation-evidence/build.log；implementation-evidence/build-manifest.json；implementation-review.md,用户已指示按方案执行；Codex完成原型验证；产品接受待用户查看,V1.0本地Mock；4804328a工作树内容哈希见build-manifest.json；浏览器证据2026-09-17T13:25:12.321Z
METRIC-001,product-design.md 第13节,任务工作项订单三种统计对象不混除,WP05,src/pages/production-fulfillment/calculations.ts、dashboards.ts、common.ts,tests/unit/production-fulfillment-calculations.test.ts：任务状态互斥/去重/完整订单3比5/数量900比1400；scripts/check-dds-production-fulfillment.mjs：统计与导出,overview-1366.png；fulfillment页两种统计及orders-export.csv；无新增PDA执行或现场标签打印（沿用来源系统）；DDS报表打印另验。,已验证,implementation-evidence/verification.json；implementation-evidence/build.log；implementation-evidence/build-manifest.json；implementation-review.md,用户已指示按方案执行；Codex完成原型验证；产品接受待用户查看,V1.0本地Mock；4804328a工作树内容哈希见build-manifest.json；浏览器证据2026-09-17T13:25:12.321Z
METRIC-002,product-design.md 第13节,缺规则和缺数据样本与正常样本分列,WP05,src/pages/production-fulfillment/calculations.ts、dashboards.ts、common.ts,tests/unit/production-fulfillment-calculations.test.ts：任务状态互斥/去重/完整订单3比5/数量900比1400；scripts/check-dds-production-fulfillment.mjs：统计与导出,overview-1366.png；fulfillment页两种统计及orders-export.csv；无新增PDA执行或现场标签打印（沿用来源系统）；DDS报表打印另验。,已验证,implementation-evidence/verification.json；implementation-evidence/build.log；implementation-evidence/build-manifest.json；implementation-review.md,用户已指示按方案执行；Codex完成原型验证；产品接受待用户查看,V1.0本地Mock；4804328a工作树内容哈希见build-manifest.json；浏览器证据2026-09-17T13:25:12.321Z
METRIC-003,product-design.md 第13节,任务完成率不混入终止与范围减少后关闭,WP05,src/pages/production-fulfillment/calculations.ts、dashboards.ts、common.ts,tests/unit/production-fulfillment-calculations.test.ts：任务状态互斥/去重/完整订单3比5/数量900比1400；scripts/check-dds-production-fulfillment.mjs：统计与导出,overview-1366.png；fulfillment页两种统计及orders-export.csv；无新增PDA执行或现场标签打印（沿用来源系统）；DDS报表打印另验。,已验证,implementation-evidence/verification.json；implementation-evidence/build.log；implementation-evidence/build-manifest.json；implementation-review.md,用户已指示按方案执行；Codex完成原型验证；产品接受待用户查看,V1.0本地Mock；4804328a工作树内容哈希见build-manifest.json；浏览器证据2026-09-17T13:25:12.321Z
METRIC-004,product-design.md 第13节,客户订单超时率为3除5等于60%,WP05,src/pages/production-fulfillment/calculations.ts、dashboards.ts、common.ts,tests/unit/production-fulfillment-calculations.test.ts：任务状态互斥/去重/完整订单3比5/数量900比1400；scripts/check-dds-production-fulfillment.mjs：统计与导出,overview-1366.png；fulfillment页两种统计及orders-export.csv；无新增PDA执行或现场标签打印（沿用来源系统）；DDS报表打印另验。,已验证,implementation-evidence/verification.json；implementation-evidence/build.log；implementation-evidence/build-manifest.json；implementation-review.md,用户已指示按方案执行；Codex完成原型验证；产品接受待用户查看,V1.0本地Mock；4804328a工作树内容哈希见build-manifest.json；浏览器证据2026-09-17T13:25:12.321Z
METRIC-005,product-design.md 第13节,发货数量加权超时占比为900除1400等于64.29%,WP05,src/pages/production-fulfillment/calculations.ts、dashboards.ts、common.ts,tests/unit/production-fulfillment-calculations.test.ts：任务状态互斥/去重/完整订单3比5/数量900比1400；scripts/check-dds-production-fulfillment.mjs：统计与导出,overview-1366.png；fulfillment页两种统计及orders-export.csv；无新增PDA执行或现场标签打印（沿用来源系统）；DDS报表打印另验。,已验证,implementation-evidence/verification.json；implementation-evidence/build.log；implementation-evidence/build-manifest.json；implementation-review.md,用户已指示按方案执行；Codex完成原型验证；产品接受待用户查看,V1.0本地Mock；4804328a工作树内容哈希见build-manifest.json；浏览器证据2026-09-17T13:25:12.321Z
METRIC-006,product-design.md 第13节,阶段涉及任务数注明可重叠不可加总,WP05,src/pages/production-fulfillment/calculations.ts、dashboards.ts、common.ts,tests/unit/production-fulfillment-calculations.test.ts：任务状态互斥/去重/完整订单3比5/数量900比1400；scripts/check-dds-production-fulfillment.mjs：统计与导出,overview-1366.png；fulfillment页两种统计及orders-export.csv；无新增PDA执行或现场标签打印（沿用来源系统）；DDS报表打印另验。,已验证,implementation-evidence/verification.json；implementation-evidence/build.log；implementation-evidence/build-manifest.json；implementation-review.md,用户已指示按方案执行；Codex完成原型验证；产品接受待用户查看,V1.0本地Mock；4804328a工作树内容哈希见build-manifest.json；浏览器证据2026-09-17T13:25:12.321Z
METRIC-007,product-design.md 第13节,平均耗时同时给样本范围最大值与样本数,WP05,src/pages/production-fulfillment/calculations.ts、dashboards.ts、common.ts,tests/unit/production-fulfillment-calculations.test.ts：任务状态互斥/去重/完整订单3比5/数量900比1400；scripts/check-dds-production-fulfillment.mjs：统计与导出,overview-1366.png；fulfillment页两种统计及orders-export.csv；无新增PDA执行或现场标签打印（沿用来源系统）；DDS报表打印另验。,已验证,implementation-evidence/verification.json；implementation-evidence/build.log；implementation-evidence/build-manifest.json；implementation-review.md,用户已指示按方案执行；Codex完成原型验证；产品接受待用户查看,V1.0本地Mock；4804328a工作树内容哈希见build-manifest.json；浏览器证据2026-09-17T13:25:12.321Z
METRIC-008,product-design.md 第13节,颜色含义同时以文字图标或线型表达,WP05,src/pages/production-fulfillment/calculations.ts、dashboards.ts、common.ts,tests/unit/production-fulfillment-calculations.test.ts：任务状态互斥/去重/完整订单3比5/数量900比1400；scripts/check-dds-production-fulfillment.mjs：统计与导出,overview-1366.png；fulfillment页两种统计及orders-export.csv；无新增PDA执行或现场标签打印（沿用来源系统）；DDS报表打印另验。,已验证,implementation-evidence/verification.json；implementation-evidence/build.log；implementation-evidence/build-manifest.json；implementation-review.md,用户已指示按方案执行；Codex完成原型验证；产品接受待用户查看,V1.0本地Mock；4804328a工作树内容哈希见build-manifest.json；浏览器证据2026-09-17T13:25:12.321Z
DATA-001,product-design.md 第14节,业务发生记录及纠错时刻独立保留,WP02,src/pages/production-fulfillment/model.ts、evidence.ts、boundary-evidence.ts、fixtures.ts、common.ts,tests/unit/production-fulfillment-calculations.test.ts：乱序重复纠错；tests/unit/production-fulfillment-boundary-evidence.test.ts：来源或时刻缺失；tests/unit/production-fulfillment-configuration.test.ts：单位及合格门槛,006来源事件明细；010数据待判定；001计算与版本；所有页快照版本；无新增PDA执行或现场标签打印（沿用来源系统）；DDS报表打印另验。,已验证,implementation-evidence/verification.json；implementation-evidence/build.log；implementation-evidence/build-manifest.json；implementation-review.md,用户已指示按方案执行；Codex完成原型验证；产品接受待用户查看,V1.0本地Mock；4804328a工作树内容哈希见build-manifest.json；浏览器证据2026-09-17T13:25:12.321Z
DATA-002,product-design.md 第14节,重复事件不重复计算完成数量,WP02,src/pages/production-fulfillment/model.ts、evidence.ts、boundary-evidence.ts、fixtures.ts、common.ts,tests/unit/production-fulfillment-calculations.test.ts：乱序重复纠错；tests/unit/production-fulfillment-boundary-evidence.test.ts：来源或时刻缺失；tests/unit/production-fulfillment-configuration.test.ts：单位及合格门槛,006来源事件明细；010数据待判定；001计算与版本；所有页快照版本；无新增PDA执行或现场标签打印（沿用来源系统）；DDS报表打印另验。,已验证,implementation-evidence/verification.json；implementation-evidence/build.log；implementation-evidence/build-manifest.json；implementation-review.md,用户已指示按方案执行；Codex完成原型验证；产品接受待用户查看,V1.0本地Mock；4804328a工作树内容哈希见build-manifest.json；浏览器证据2026-09-17T13:25:12.321Z
DATA-003,product-design.md 第14节,乱序和晚补事实保留原发生时间并标补录,WP02,src/pages/production-fulfillment/model.ts、evidence.ts、boundary-evidence.ts、fixtures.ts、common.ts,tests/unit/production-fulfillment-calculations.test.ts：乱序重复纠错；tests/unit/production-fulfillment-boundary-evidence.test.ts：来源或时刻缺失；tests/unit/production-fulfillment-configuration.test.ts：单位及合格门槛,006来源事件明细；010数据待判定；001计算与版本；所有页快照版本；无新增PDA执行或现场标签打印（沿用来源系统）；DDS报表打印另验。,已验证,implementation-evidence/verification.json；implementation-evidence/build.log；implementation-evidence/build-manifest.json；implementation-review.md,用户已指示按方案执行；Codex完成原型验证；产品接受待用户查看,V1.0本地Mock；4804328a工作树内容哈希见build-manifest.json；浏览器证据2026-09-17T13:25:12.321Z
DATA-004,product-design.md 第14节,来源缺关联进入有负责人的数据事项,WP02,src/pages/production-fulfillment/model.ts、evidence.ts、boundary-evidence.ts、fixtures.ts、common.ts,tests/unit/production-fulfillment-calculations.test.ts：乱序重复纠错；tests/unit/production-fulfillment-boundary-evidence.test.ts：来源或时刻缺失；tests/unit/production-fulfillment-configuration.test.ts：单位及合格门槛,006来源事件明细；010数据待判定；001计算与版本；所有页快照版本；无新增PDA执行或现场标签打印（沿用来源系统）；DDS报表打印另验。,已验证,implementation-evidence/verification.json；implementation-evidence/build.log；implementation-evidence/build-manifest.json；implementation-review.md,用户已指示按方案执行；Codex完成原型验证；产品接受待用户查看,V1.0本地Mock；4804328a工作树内容哈希见build-manifest.json；浏览器证据2026-09-17T13:25:12.321Z
DATA-005,product-design.md 第14节,源事实与PDA共用不建立DDS独立完成账,WP02,src/pages/production-fulfillment/model.ts、evidence.ts、boundary-evidence.ts、fixtures.ts、common.ts,tests/unit/production-fulfillment-calculations.test.ts：乱序重复纠错；tests/unit/production-fulfillment-boundary-evidence.test.ts：来源或时刻缺失；tests/unit/production-fulfillment-configuration.test.ts：单位及合格门槛,006来源事件明细；010数据待判定；001计算与版本；所有页快照版本；无新增PDA执行或现场标签打印（沿用来源系统）；DDS报表打印另验。,已验证,implementation-evidence/verification.json；implementation-evidence/build.log；implementation-evidence/build-manifest.json；implementation-review.md,用户已指示按方案执行；Codex完成原型验证；产品接受待用户查看,V1.0本地Mock；4804328a工作树内容哈希见build-manifest.json；浏览器证据2026-09-17T13:25:12.321Z
DATA-006,product-design.md 第14节,所有视图显示一致快照和规则版本,WP02,src/pages/production-fulfillment/model.ts、evidence.ts、boundary-evidence.ts、fixtures.ts、common.ts,tests/unit/production-fulfillment-calculations.test.ts：乱序重复纠错；tests/unit/production-fulfillment-boundary-evidence.test.ts：来源或时刻缺失；tests/unit/production-fulfillment-configuration.test.ts：单位及合格门槛,006来源事件明细；010数据待判定；001计算与版本；所有页快照版本；无新增PDA执行或现场标签打印（沿用来源系统）；DDS报表打印另验。,已验证,implementation-evidence/verification.json；implementation-evidence/build.log；implementation-evidence/build-manifest.json；implementation-review.md,用户已指示按方案执行；Codex完成原型验证；产品接受待用户查看,V1.0本地Mock；4804328a工作树内容哈希见build-manifest.json；浏览器证据2026-09-17T13:25:12.321Z
DATA-007,product-design.md 第14节,超收短收与单位冲突不静默截断或完结,WP02,src/pages/production-fulfillment/model.ts、evidence.ts、boundary-evidence.ts、fixtures.ts、common.ts,tests/unit/production-fulfillment-calculations.test.ts：乱序重复纠错；tests/unit/production-fulfillment-boundary-evidence.test.ts：来源或时刻缺失；tests/unit/production-fulfillment-configuration.test.ts：单位及合格门槛,006来源事件明细；010数据待判定；001计算与版本；所有页快照版本；无新增PDA执行或现场标签打印（沿用来源系统）；DDS报表打印另验。,已验证,implementation-evidence/verification.json；implementation-evidence/build.log；implementation-evidence/build-manifest.json；implementation-review.md,用户已指示按方案执行；Codex完成原型验证；产品接受待用户查看,V1.0本地Mock；4804328a工作树内容哈希见build-manifest.json；浏览器证据2026-09-17T13:25:12.321Z
DATA-008,product-design.md 第14节,缺订单时间仍展示实发事实而时效待判定,WP02,src/pages/production-fulfillment/model.ts、evidence.ts、boundary-evidence.ts、fixtures.ts、common.ts,tests/unit/production-fulfillment-calculations.test.ts：乱序重复纠错；tests/unit/production-fulfillment-boundary-evidence.test.ts：来源或时刻缺失；tests/unit/production-fulfillment-configuration.test.ts：单位及合格门槛,006来源事件明细；010数据待判定；001计算与版本；所有页快照版本；无新增PDA执行或现场标签打印（沿用来源系统）；DDS报表打印另验。,已验证,implementation-evidence/verification.json；implementation-evidence/build.log；implementation-evidence/build-manifest.json；implementation-review.md；tests/unit/production-fulfillment-boundary-evidence.test.ts；001计算与版本独立边界卡,用户已指示按方案执行；Codex完成原型验证；产品接受待用户查看,V1.0本地Mock；4804328a工作树内容哈希见build-manifest.json；浏览器证据2026-09-17T13:25:12.321Z
ROLE-001,product-design.md 第15节,主跟单对整体负责工作团队对工作负责,WP04,src/pages/production-fulfillment/index.ts、common.ts、dashboards.ts、task-detail.ts、fixtures.ts,scripts/check-dds-production-fulfillment.mjs：跟单范围/主管本团队保存门禁/图片404/大图关闭/打印；tests/unit/production-fulfillment-calculations.test.ts：全对象素材存在,角色切换及保存阻断；team-1024.png；task-report.pdf；image-inventory.md；无新增PDA执行或现场标签打印（沿用来源系统）；DDS报表打印另验。,已验证,implementation-evidence/verification.json；implementation-evidence/build.log；implementation-evidence/build-manifest.json；implementation-review.md,用户已指示按方案执行；Codex完成原型验证；产品接受待用户查看,V1.0本地Mock；4804328a工作树内容哈希见build-manifest.json；浏览器证据2026-09-17T13:25:12.321Z
ROLE-002,product-design.md 第15节,权限演示按角色范围展示对应任务,WP04,src/pages/production-fulfillment/index.ts、common.ts、dashboards.ts、task-detail.ts、fixtures.ts,scripts/check-dds-production-fulfillment.mjs：跟单范围/主管本团队保存门禁/图片404/大图关闭/打印；tests/unit/production-fulfillment-calculations.test.ts：全对象素材存在,角色切换及保存阻断；team-1024.png；task-report.pdf；image-inventory.md；无新增PDA执行或现场标签打印（沿用来源系统）；DDS报表打印另验。,已验证,implementation-evidence/verification.json；implementation-evidence/build.log；implementation-evidence/build-manifest.json；implementation-review.md,用户已指示按方案执行；Codex完成原型验证；产品接受待用户查看,V1.0本地Mock；4804328a工作树内容哈希见build-manifest.json；浏览器证据2026-09-17T13:25:12.321Z
ROLE-003,product-design.md 第15节,一线员工继续来源PDA执行而非操作复杂DDS图,WP04,src/pages/production-fulfillment/index.ts、common.ts、dashboards.ts、task-detail.ts、fixtures.ts,scripts/check-dds-production-fulfillment.mjs：跟单范围/主管本团队保存门禁/图片404/大图关闭/打印；tests/unit/production-fulfillment-calculations.test.ts：全对象素材存在,角色切换及保存阻断；team-1024.png；task-report.pdf；image-inventory.md；无新增PDA执行或现场标签打印（沿用来源系统）；DDS报表打印另验。,已验证,implementation-evidence/verification.json；implementation-evidence/build.log；implementation-evidence/build-manifest.json；implementation-review.md,用户已指示按方案执行；Codex完成原型验证；产品接受待用户查看,V1.0本地Mock；4804328a工作树内容哈希见build-manifest.json；浏览器证据2026-09-17T13:25:12.321Z
ROLE-004,product-design.md 第15节,DDS打印为报表且带快照过滤条件版本Mock标识,WP04,src/pages/production-fulfillment/index.ts、common.ts、dashboards.ts、task-detail.ts、fixtures.ts,scripts/check-dds-production-fulfillment.mjs：跟单范围/主管本团队保存门禁/图片404/大图关闭/打印；tests/unit/production-fulfillment-calculations.test.ts：全对象素材存在,角色切换及保存阻断；team-1024.png；task-report.pdf；image-inventory.md；无新增PDA执行或现场标签打印（沿用来源系统）；DDS报表打印另验。,已验证,implementation-evidence/verification.json；implementation-evidence/build.log；implementation-evidence/build-manifest.json；implementation-review.md,用户已指示按方案执行；Codex完成原型验证；产品接受待用户查看,V1.0本地Mock；4804328a工作树内容哈希见build-manifest.json；浏览器证据2026-09-17T13:25:12.321Z
ROLE-005,product-design.md 第15节,每个款式及物料对应真实图片而非品类猜图,WP04,src/pages/production-fulfillment/index.ts、common.ts、dashboards.ts、task-detail.ts、fixtures.ts,scripts/check-dds-production-fulfillment.mjs：跟单范围/主管本团队保存门禁/图片404/大图关闭/打印；tests/unit/production-fulfillment-calculations.test.ts：全对象素材存在,角色切换及保存阻断；team-1024.png；task-report.pdf；image-inventory.md；无新增PDA执行或现场标签打印（沿用来源系统）；DDS报表打印另验。,已验证,implementation-evidence/verification.json；implementation-evidence/build.log；implementation-evidence/build-manifest.json；implementation-review.md,用户已指示按方案执行；Codex完成原型验证；产品接受待用户查看,V1.0本地Mock；4804328a工作树内容哈希见build-manifest.json；浏览器证据2026-09-17T13:25:12.321Z
ROLE-006,product-design.md 第15节,缩略图与对象同块且支持原图关闭遮罩Esc,WP04,src/pages/production-fulfillment/index.ts、common.ts、dashboards.ts、task-detail.ts、fixtures.ts,scripts/check-dds-production-fulfillment.mjs：跟单范围/主管本团队保存门禁/图片404/大图关闭/打印；tests/unit/production-fulfillment-calculations.test.ts：全对象素材存在,角色切换及保存阻断；team-1024.png；task-report.pdf；image-inventory.md；无新增PDA执行或现场标签打印（沿用来源系统）；DDS报表打印另验。,已验证,implementation-evidence/verification.json；implementation-evidence/build.log；implementation-evidence/build-manifest.json；implementation-review.md,用户已指示按方案执行；Codex完成原型验证；产品接受待用户查看,V1.0本地Mock；4804328a工作树内容哈希见build-manifest.json；浏览器证据2026-09-17T13:25:12.321Z
ROLE-007,product-design.md 第15节,图片失败有明确反馈且缺实图不能判交付,WP04,src/pages/production-fulfillment/index.ts、common.ts、dashboards.ts、task-detail.ts、fixtures.ts,scripts/check-dds-production-fulfillment.mjs：跟单范围/主管本团队保存门禁/图片404/大图关闭/打印；tests/unit/production-fulfillment-calculations.test.ts：全对象素材存在,角色切换及保存阻断；team-1024.png；task-report.pdf；image-inventory.md；无新增PDA执行或现场标签打印（沿用来源系统）；DDS报表打印另验。,已验证,implementation-evidence/verification.json；implementation-evidence/build.log；implementation-evidence/build-manifest.json；implementation-review.md,用户已指示按方案执行；Codex完成原型验证；产品接受待用户查看,V1.0本地Mock；4804328a工作树内容哈希见build-manifest.json；浏览器证据2026-09-17T13:25:12.321Z
UX-001,product-design.md 第16节,空列表无权限未接入无实发与加载失败分开反馈,WP07,src/pages/production-fulfillment/index.ts、common.ts、events.ts、styles.css；src/main.ts,scripts/check-dds-production-fulfillment.mjs：空结果/无权限/未接入/图片失败/焦点滚动/低分辨率；tests/unit/production-fulfillment-calculations.test.ts：过期保留未知,九类页面；全部输入、抽屉、展开局部交互；1366/1280/1024截图；无新增PDA执行或现场标签打印（沿用来源系统）；DDS报表打印另验。,已验证,implementation-evidence/verification.json；implementation-evidence/build.log；implementation-evidence/build-manifest.json；implementation-review.md,用户已指示按方案执行；Codex完成原型验证；产品接受待用户查看,V1.0本地Mock；4804328a工作树内容哈希见build-manifest.json；浏览器证据2026-09-17T13:25:12.321Z
UX-002,product-design.md 第16节,源错误保留标过期快照而非清空为零,WP07,src/pages/production-fulfillment/index.ts、common.ts、events.ts、styles.css；src/main.ts,scripts/check-dds-production-fulfillment.mjs：空结果/无权限/未接入/图片失败/焦点滚动/低分辨率；tests/unit/production-fulfillment-calculations.test.ts：过期保留未知,九类页面；全部输入、抽屉、展开局部交互；1366/1280/1024截图；无新增PDA执行或现场标签打印（沿用来源系统）；DDS报表打印另验。,已验证,implementation-evidence/verification.json；implementation-evidence/build.log；implementation-evidence/build-manifest.json；implementation-review.md,用户已指示按方案执行；Codex完成原型验证；产品接受待用户查看,V1.0本地Mock；4804328a工作树内容哈希见build-manifest.json；浏览器证据2026-09-17T13:25:12.321Z
UX-003,product-design.md 第16节,输入抽屉展开等局部更新不整页重绘,WP07,src/pages/production-fulfillment/index.ts、common.ts、events.ts、styles.css；src/main.ts,scripts/check-dds-production-fulfillment.mjs：空结果/无权限/未接入/图片失败/焦点滚动/低分辨率；tests/unit/production-fulfillment-calculations.test.ts：过期保留未知,九类页面；全部输入、抽屉、展开局部交互；1366/1280/1024截图；无新增PDA执行或现场标签打印（沿用来源系统）；DDS报表打印另验。,已验证,implementation-evidence/verification.json；implementation-evidence/build.log；implementation-evidence/build-manifest.json；implementation-review.md,用户已指示按方案执行；Codex完成原型验证；产品接受待用户查看,V1.0本地Mock；4804328a工作树内容哈希见build-manifest.json；浏览器证据2026-09-17T13:25:12.321Z
UX-004,product-design.md 第16节,交互保持焦点滚动和最新筛选条件,WP07,src/pages/production-fulfillment/index.ts、common.ts、events.ts、styles.css；src/main.ts,scripts/check-dds-production-fulfillment.mjs：空结果/无权限/未接入/图片失败/焦点滚动/低分辨率；tests/unit/production-fulfillment-calculations.test.ts：过期保留未知,九类页面；全部输入、抽屉、展开局部交互；1366/1280/1024截图；无新增PDA执行或现场标签打印（沿用来源系统）；DDS报表打印另验。,已验证,implementation-evidence/verification.json；implementation-evidence/build.log；implementation-evidence/build-manifest.json；implementation-review.md,用户已指示按方案执行；Codex完成原型验证；产品接受待用户查看,V1.0本地Mock；4804328a工作树内容哈希见build-manifest.json；浏览器证据2026-09-17T13:25:12.321Z
UX-005,product-design.md 第16节,管理页1366和1280及团队1024可完成操作,WP07,src/pages/production-fulfillment/index.ts、common.ts、events.ts、styles.css；src/main.ts,scripts/check-dds-production-fulfillment.mjs：空结果/无权限/未接入/图片失败/焦点滚动/低分辨率；tests/unit/production-fulfillment-calculations.test.ts：过期保留未知,九类页面；全部输入、抽屉、展开局部交互；1366/1280/1024截图；无新增PDA执行或现场标签打印（沿用来源系统）；DDS报表打印另验。,已验证,implementation-evidence/verification.json；implementation-evidence/build.log；implementation-evidence/build-manifest.json；implementation-review.md,用户已指示按方案执行；Codex完成原型验证；产品接受待用户查看,V1.0本地Mock；4804328a工作树内容哈希见build-manifest.json；浏览器证据2026-09-17T13:25:12.321Z
PERF-001,product-design.md 第16节,冷启动刷新站内切换全部加载场景实测,WP08,src/pages/production-fulfillment/events.ts、index.ts、styles.css；src/main.ts；index.html,scripts/check-dds-production-fulfillment.mjs --production --deep：1308次全部<200ms，最大135.59999999403954ms,implementation-evidence/verification.json；build-manifest.json；包含冷启动/刷新/SPA和所有操作类别5次；无新增PDA执行或现场标签打印（沿用来源系统）；DDS报表打印另验。,已验证,implementation-evidence/verification.json；implementation-evidence/build.log；implementation-evidence/build-manifest.json；implementation-review.md,用户已指示按方案执行；Codex完成原型验证；产品接受待用户查看,V1.0本地Mock；4804328a工作树内容哈希见build-manifest.json；浏览器证据2026-09-17T13:25:12.321Z
PERF-002,product-design.md 第16节,全部可交互入口各至少5次含首次原始值,WP08,src/pages/production-fulfillment/events.ts、index.ts、styles.css；src/main.ts；index.html,scripts/check-dds-production-fulfillment.mjs --production --deep：1308次全部<200ms，最大135.59999999403954ms,implementation-evidence/verification.json；build-manifest.json；包含冷启动/刷新/SPA和所有操作类别5次；无新增PDA执行或现场标签打印（沿用来源系统）；DDS报表打印另验。,已验证,implementation-evidence/verification.json；implementation-evidence/build.log；implementation-evidence/build-manifest.json；implementation-review.md,用户已指示按方案执行；Codex完成原型验证；产品接受待用户查看,V1.0本地Mock；4804328a工作树内容哈希见build-manifest.json；浏览器证据2026-09-17T13:25:12.321Z
PERF-003,product-design.md 第16节,每次完整内容及必要图片可用严格低于200ms,WP08,src/pages/production-fulfillment/events.ts、index.ts、styles.css；src/main.ts；index.html,scripts/check-dds-production-fulfillment.mjs --production --deep：1308次全部<200ms，最大135.59999999403954ms,implementation-evidence/verification.json；build-manifest.json；包含冷启动/刷新/SPA和所有操作类别5次；无新增PDA执行或现场标签打印（沿用来源系统）；DDS报表打印另验。,已验证,implementation-evidence/verification.json；implementation-evidence/build.log；implementation-evidence/build-manifest.json；implementation-review.md,用户已指示按方案执行；Codex完成原型验证；产品接受待用户查看,V1.0本地Mock；4804328a工作树内容哈希见build-manifest.json；浏览器证据2026-09-17T13:25:12.321Z
PERF-004,product-design.md 第16节,不得用平均值占位或热态冒充首次通过,WP08,src/pages/production-fulfillment/events.ts、index.ts、styles.css；src/main.ts；index.html,scripts/check-dds-production-fulfillment.mjs --production --deep：1308次全部<200ms，最大135.59999999403954ms,implementation-evidence/verification.json；build-manifest.json；包含冷启动/刷新/SPA和所有操作类别5次；无新增PDA执行或现场标签打印（沿用来源系统）；DDS报表打印另验。,已验证,implementation-evidence/verification.json；implementation-evidence/build.log；implementation-evidence/build-manifest.json；implementation-review.md,用户已指示按方案执行；Codex完成原型验证；产品接受待用户查看,V1.0本地Mock；4804328a工作树内容哈希见build-manifest.json；浏览器证据2026-09-17T13:25:12.321Z
PERF-005,product-design.md 第16节,版本变化后重测受影响项且缺证即未完成,WP08,src/pages/production-fulfillment/events.ts、index.ts、styles.css；src/main.ts；index.html,scripts/check-dds-production-fulfillment.mjs --production --deep：1308次全部<200ms，最大135.59999999403954ms,implementation-evidence/verification.json；build-manifest.json；包含冷启动/刷新/SPA和所有操作类别5次；无新增PDA执行或现场标签打印（沿用来源系统）；DDS报表打印另验。,已验证,implementation-evidence/verification.json；implementation-evidence/build.log；implementation-evidence/build-manifest.json；implementation-review.md,用户已指示按方案执行；Codex完成原型验证；产品接受待用户查看,V1.0本地Mock；4804328a工作树内容哈希见build-manifest.json；浏览器证据2026-09-17T13:25:12.321Z
MOCK-001,product-design.md 第17节,10任务5客户订单使用冻结快照及Mock明确标识,WP02,src/pages/production-fulfillment/mock-data.json、fixtures.ts、catalog.ts、scenarios.ts、evidence.ts、boundary-evidence.ts,tests/unit/production-fulfillment-calculations.test.ts：10任务/31工作21动作/统一统计/边界；tests/unit/production-fulfillment-boundary-evidence.test.ts：6独立场景；scripts/check-dds-production-fulfillment.mjs：缺图错误态,全部10任务可下钻；004收敛；006采购调拨；001边界算例及数量图；无新增PDA执行或现场标签打印（沿用来源系统）；DDS报表打印另验。,已验证,implementation-evidence/verification.json；implementation-evidence/build.log；implementation-evidence/build-manifest.json；implementation-review.md,用户已指示按方案执行；Codex完成原型验证；产品接受待用户查看,V1.0本地Mock；4804328a工作树内容哈希见build-manifest.json；浏览器证据2026-09-17T13:25:12.321Z
MOCK-002,product-design.md 第17节,主例31计时项及21组内子动作可展开查阅,WP02,src/pages/production-fulfillment/mock-data.json、fixtures.ts、catalog.ts、scenarios.ts、evidence.ts、boundary-evidence.ts,tests/unit/production-fulfillment-calculations.test.ts：10任务/31工作21动作/统一统计/边界；tests/unit/production-fulfillment-boundary-evidence.test.ts：6独立场景；scripts/check-dds-production-fulfillment.mjs：缺图错误态,全部10任务可下钻；004收敛；006采购调拨；001边界算例及数量图；无新增PDA执行或现场标签打印（沿用来源系统）；DDS报表打印另验。,已验证,implementation-evidence/verification.json；implementation-evidence/build.log；implementation-evidence/build-manifest.json；implementation-review.md,用户已指示按方案执行；Codex完成原型验证；产品接受待用户查看,V1.0本地Mock；4804328a工作树内容哈希见build-manifest.json；浏览器证据2026-09-17T13:25:12.321Z
MOCK-003,product-design.md 第17节,所有表图公式数量来自同一套数据,WP02,src/pages/production-fulfillment/mock-data.json、fixtures.ts、catalog.ts、scenarios.ts、evidence.ts、boundary-evidence.ts,tests/unit/production-fulfillment-calculations.test.ts：10任务/31工作21动作/统一统计/边界；tests/unit/production-fulfillment-boundary-evidence.test.ts：6独立场景；scripts/check-dds-production-fulfillment.mjs：缺图错误态,全部10任务可下钻；004收敛；006采购调拨；001边界算例及数量图；无新增PDA执行或现场标签打印（沿用来源系统）；DDS报表打印另验。,已验证,implementation-evidence/verification.json；implementation-evidence/build.log；implementation-evidence/build-manifest.json；implementation-review.md,用户已指示按方案执行；Codex完成原型验证；产品接受待用户查看,V1.0本地Mock；4804328a工作树内容哈希见build-manifest.json；浏览器证据2026-09-17T13:25:12.321Z
MOCK-004,product-design.md 第17节,存在正常超时风险未知取消部分发货与缺素材案例,WP02,src/pages/production-fulfillment/mock-data.json、fixtures.ts、catalog.ts、scenarios.ts、evidence.ts、boundary-evidence.ts,tests/unit/production-fulfillment-calculations.test.ts：10任务/31工作21动作/统一统计/边界；tests/unit/production-fulfillment-boundary-evidence.test.ts：6独立场景；scripts/check-dds-production-fulfillment.mjs：缺图错误态,全部10任务可下钻；004收敛；006采购调拨；001边界算例及数量图；无新增PDA执行或现场标签打印（沿用来源系统）；DDS报表打印另验。,已验证,implementation-evidence/verification.json；implementation-evidence/build.log；implementation-evidence/build-manifest.json；implementation-review.md,用户已指示按方案执行；Codex完成原型验证；产品接受待用户查看,V1.0本地Mock；4804328a工作树内容哈希见build-manifest.json；浏览器证据2026-09-17T13:25:12.321Z
MOCK-005,product-design.md 第17节,批次资源及取消关闭等边界有独立命名案例,WP02,src/pages/production-fulfillment/mock-data.json、fixtures.ts、catalog.ts、scenarios.ts、evidence.ts、boundary-evidence.ts,tests/unit/production-fulfillment-calculations.test.ts：10任务/31工作21动作/统一统计/边界；tests/unit/production-fulfillment-boundary-evidence.test.ts：6独立场景；scripts/check-dds-production-fulfillment.mjs：缺图错误态,全部10任务可下钻；004收敛；006采购调拨；001边界算例及数量图；无新增PDA执行或现场标签打印（沿用来源系统）；DDS报表打印另验。,已验证,implementation-evidence/verification.json；implementation-evidence/build.log；implementation-evidence/build-manifest.json；implementation-review.md,用户已指示按方案执行；Codex完成原型验证；产品接受待用户查看,V1.0本地Mock；4804328a工作树内容哈希见build-manifest.json；浏览器证据2026-09-17T13:25:12.321Z
DELIVERY-001,product-design.md 第18节,保持Vanilla TypeScript现有组件及无真实后台边界,WP08,src/pages/production-fulfillment/index.ts、events.ts；src/data/app-shell-config.ts；src/router/routes.ts；src/main.ts；src/state/store.ts；index.html,构建169测试、范围类型0错误、列表424页、最终浏览器及治理证据；追踪语义核对,implementation-review.md；本矩阵；implementation-evidence/build-manifest.json；无新增PDA执行或现场标签打印（沿用来源系统）；DDS报表打印另验。,已验证,implementation-evidence/verification.json；implementation-evidence/build.log；implementation-evidence/build-manifest.json；implementation-review.md,用户已指示按方案执行；Codex完成原型验证；产品接受待用户查看,V1.0本地Mock；4804328a工作树内容哈希见build-manifest.json；浏览器证据2026-09-17T13:25:12.321Z
DELIVERY-002,product-design.md 第18节,工作包声明需求ID并仅修改负责范围,WP08,src/pages/production-fulfillment/index.ts、events.ts；src/data/app-shell-config.ts；src/router/routes.ts；src/main.ts；src/state/store.ts；index.html,构建169测试、范围类型0错误、列表424页、最终浏览器及治理证据；追踪语义核对,implementation-review.md；本矩阵；implementation-evidence/build-manifest.json；无新增PDA执行或现场标签打印（沿用来源系统）；DDS报表打印另验。,已验证,implementation-evidence/verification.json；implementation-evidence/build.log；implementation-evidence/build-manifest.json；implementation-review.md,用户已指示按方案执行；Codex完成原型验证；产品接受待用户查看,V1.0本地Mock；4804328a工作树内容哈希见build-manifest.json；浏览器证据2026-09-17T13:25:12.321Z
DELIVERY-003,product-design.md 第18节,实现与验证状态分开且不把构建替代业务验收,WP08,src/pages/production-fulfillment/index.ts、events.ts；src/data/app-shell-config.ts；src/router/routes.ts；src/main.ts；src/state/store.ts；index.html,构建169测试、范围类型0错误、列表424页、最终浏览器及治理证据；追踪语义核对,implementation-review.md；本矩阵；implementation-evidence/build-manifest.json；无新增PDA执行或现场标签打印（沿用来源系统）；DDS报表打印另验。,已验证,implementation-evidence/verification.json；implementation-evidence/build.log；implementation-evidence/build-manifest.json；implementation-review.md,用户已指示按方案执行；Codex完成原型验证；产品接受待用户查看,V1.0本地Mock；4804328a工作树内容哈希见build-manifest.json；浏览器证据2026-09-17T13:25:12.321Z
DELIVERY-004,product-design.md 第18节,最终执行正向与反向需求追踪,WP08,src/pages/production-fulfillment/index.ts、events.ts；src/data/app-shell-config.ts；src/router/routes.ts；src/main.ts；src/state/store.ts；index.html,构建169测试、范围类型0错误、列表424页、最终浏览器及治理证据；追踪语义核对,implementation-review.md；本矩阵；implementation-evidence/build-manifest.json；无新增PDA执行或现场标签打印（沿用来源系统）；DDS报表打印另验。,已验证,implementation-evidence/verification.json；implementation-evidence/build.log；implementation-evidence/build-manifest.json；implementation-review.md,用户已指示按方案执行；Codex完成原型验证；产品接受待用户查看,V1.0本地Mock；4804328a工作树内容哈希见build-manifest.json；浏览器证据2026-09-17T13:25:12.321Z
OPEN-001,product-design.md 第19节,候选业务口径在正式发布前有负责人的确认记录,WP01,src/pages/production-fulfillment/config-model.ts、configuration.ts；docs/product-design/production-fulfillment-timeliness/product-design.md 第19节,本次Mock原型不发布正式考核规则；候选不参与正式规则匹配的防错已验证，真实负责人批准尚未发生。,不适用：正式业务规则批准属于后续线上发布前置；第19节已列负责人和未确认项，本地Mock发布不是批准。,不适用,implementation-evidence/verification.json；implementation-evidence/build.log；implementation-evidence/build-manifest.json；implementation-review.md,正式业务负责人待确认（见设计第19节）；未假定已批准,V1.0本地Mock；4804328a工作树内容哈希见build-manifest.json；浏览器证据2026-09-17T13:25:12.321Z
OPEN-002,product-design.md 第19节,缺物料实图对象在素材清单可追踪,WP01,src/pages/production-fulfillment/config-model.ts、configuration.ts；docs/product-design/production-fulfillment-timeliness/product-design.md 第19节,规则候选阻止生效专项；素材存在检查及图片错误态,配置候选说明；image-inventory.md；正式业务确认不属于Mock发布；无新增PDA执行或现场标签打印（沿用来源系统）；DDS报表打印另验。,已验证,implementation-evidence/verification.json；implementation-evidence/build.log；implementation-evidence/build-manifest.json；implementation-review.md；implementation-evidence/image-inventory.md（已实例化对象均有对应素材，无未解除缺图对象）,用户已指示按方案执行；Codex完成原型验证；产品接受待用户查看,V1.0本地Mock；4804328a工作树内容哈希见build-manifest.json；浏览器证据2026-09-17T13:25:12.321Z
EVIDENCE-001,product-design.md 第20节,用户新确认优先于旧文档及冲突代码,WP08,src/pages/production-fulfillment/fixtures.ts、calculations.ts、common.ts；docs/product-design/production-fulfillment-timeliness/source-index.md,按用户实发后关联/调拨到厂/自然日的当前契约核对；源码与证据双向追踪,implementation-review.md；第20节来源优先级；全页面Mock标识；无新增PDA执行或现场标签打印（沿用来源系统）；DDS报表打印另验。,已验证,implementation-evidence/verification.json；implementation-evidence/build.log；implementation-evidence/build-manifest.json；implementation-review.md,用户已指示按方案执行；Codex完成原型验证；产品接受待用户查看,V1.0本地Mock；4804328a工作树内容哈希见build-manifest.json；浏览器证据2026-09-17T13:25:12.321Z
EVIDENCE-002,product-design.md 第20节,设计交付不宣称线上功能已实现或验收通过,WP08,src/pages/production-fulfillment/fixtures.ts、calculations.ts、common.ts；docs/product-design/production-fulfillment-timeliness/source-index.md,按用户实发后关联/调拨到厂/自然日的当前契约核对；源码与证据双向追踪,implementation-review.md；第20节来源优先级；全页面Mock标识；无新增PDA执行或现场标签打印（沿用来源系统）；DDS报表打印另验。,已验证,implementation-evidence/verification.json；implementation-evidence/build.log；implementation-evidence/build-manifest.json；implementation-review.md,用户已指示按方案执行；Codex完成原型验证；产品接受待用户查看,V1.0本地Mock；4804328a工作树内容哈希见build-manifest.json；浏览器证据2026-09-17T13:25:12.321Z
ACT-S01-01,work-item-catalog.md ACT-S01-01,每笔有效生产需求时，受理并落实主跟单以“需求产生→主跟单及责任确认”识别该动作的完成事实,WP01/WP02,src/pages/production-fulfillment/catalog.ts、configuration.ts,77条工作目录逐条检查：稳定ID/阶段/适用条件/起止/责任/单据/规则依据非空；scripts/check-dds-production-fulfillment.mjs：目录/详情/匹配配置,配置→工作目录；按候选类型验证定义，不声称每任务77项或77类已接线上；无新增PDA执行或现场标签打印（沿用来源系统）；DDS报表打印另验。,已验证,implementation-evidence/verification.json；implementation-evidence/build.log；implementation-evidence/build-manifest.json；implementation-review.md,用户已指示按方案执行；Codex完成原型验证；产品接受待用户查看,V1.0本地Mock；4804328a工作树内容哈希见build-manifest.json；浏览器证据2026-09-17T13:25:12.321Z
ACT-S01-02,work-item-catalog.md ACT-S01-02,需用料且需求未确定时，确认物料需求以“有效需求及技术输入→用料版本确认”识别该动作的完成事实,WP01/WP02,src/pages/production-fulfillment/catalog.ts、configuration.ts,77条工作目录逐条检查：稳定ID/阶段/适用条件/起止/责任/单据/规则依据非空；scripts/check-dds-production-fulfillment.mjs：目录/详情/匹配配置,配置→工作目录；按候选类型验证定义，不声称每任务77项或77类已接线上；无新增PDA执行或现场标签打印（沿用来源系统）；DDS报表打印另验。,已验证,implementation-evidence/verification.json；implementation-evidence/build.log；implementation-evidence/build-manifest.json；implementation-review.md,用户已指示按方案执行；Codex完成原型验证；产品接受待用户查看,V1.0本地Mock；4804328a工作树内容哈希见build-manifest.json；浏览器证据2026-09-17T13:25:12.321Z
ACT-S01-03,work-item-catalog.md ACT-S01-03,按每种目标物料时，确认供给路线与缺口以“用料确认→库存／采购／制作路线确认”识别该动作的完成事实,WP01/WP02,src/pages/production-fulfillment/catalog.ts、configuration.ts,77条工作目录逐条检查：稳定ID/阶段/适用条件/起止/责任/单据/规则依据非空；scripts/check-dds-production-fulfillment.mjs：目录/详情/匹配配置,配置→工作目录；按候选类型验证定义，不声称每任务77项或77类已接线上；无新增PDA执行或现场标签打印（沿用来源系统）；DDS报表打印另验。,已验证,implementation-evidence/verification.json；implementation-evidence/build.log；implementation-evidence/build-manifest.json；implementation-review.md,用户已指示按方案执行；Codex完成原型验证；产品接受待用户查看,V1.0本地Mock；4804328a工作树内容哈希见build-manifest.json；浏览器证据2026-09-17T13:25:12.321Z
ACT-S02-01,work-item-catalog.md ACT-S02-01,需组织本次准备时，确认准备计划以“需求关联→计划确认”识别该动作的完成事实,WP01/WP02,src/pages/production-fulfillment/catalog.ts、configuration.ts,77条工作目录逐条检查：稳定ID/阶段/适用条件/起止/责任/单据/规则依据非空；scripts/check-dds-production-fulfillment.mjs：目录/详情/匹配配置,配置→工作目录；按候选类型验证定义，不声称每任务77项或77类已接线上；无新增PDA执行或现场标签打印（沿用来源系统）；DDS报表打印另验。,已验证,implementation-evidence/verification.json；implementation-evidence/build.log；implementation-evidence/build-manifest.json；implementation-review.md,用户已指示按方案执行；Codex完成原型验证；产品接受待用户查看,V1.0本地Mock；4804328a工作树内容哈希见build-manifest.json；浏览器证据2026-09-17T13:25:12.321Z
ACT-S02-02,work-item-catalog.md ACT-S02-02,本路线需要且不能复用时，产前样制作以“输入及制作任务满足→样衣结果完成”识别该动作的完成事实,WP01/WP02,src/pages/production-fulfillment/catalog.ts、configuration.ts,77条工作目录逐条检查：稳定ID/阶段/适用条件/起止/责任/单据/规则依据非空；scripts/check-dds-production-fulfillment.mjs：目录/详情/匹配配置,配置→工作目录；按候选类型验证定义，不声称每任务77项或77类已接线上；无新增PDA执行或现场标签打印（沿用来源系统）；DDS报表打印另验。,已验证,implementation-evidence/verification.json；implementation-evidence/build.log；implementation-evidence/build-manifest.json；implementation-review.md,用户已指示按方案执行；Codex完成原型验证；产品接受待用户查看,V1.0本地Mock；4804328a工作树内容哈希见build-manifest.json；浏览器证据2026-09-17T13:25:12.321Z
ACT-S02-03,work-item-catalog.md ACT-S02-03,梭织且需要本次纸样时，梭织尺码纸样以“基版／任务具备→尺码纸样结果”识别该动作的完成事实,WP01/WP02,src/pages/production-fulfillment/catalog.ts、configuration.ts,77条工作目录逐条检查：稳定ID/阶段/适用条件/起止/责任/单据/规则依据非空；scripts/check-dds-production-fulfillment.mjs：目录/详情/匹配配置,配置→工作目录；按候选类型验证定义，不声称每任务77项或77类已接线上；无新增PDA执行或现场标签打印（沿用来源系统）；DDS报表打印另验。,已验证,implementation-evidence/verification.json；implementation-evidence/build.log；implementation-evidence/build-manifest.json；implementation-review.md,用户已指示按方案执行；Codex完成原型验证；产品接受待用户查看,V1.0本地Mock；4804328a工作树内容哈希见build-manifest.json；浏览器证据2026-09-17T13:25:12.321Z
ACT-S02-04,work-item-catalog.md ACT-S02-04,毛织且需要本次纸样时，毛织尺码纸样以“基版／任务具备→毛织规格结果”识别该动作的完成事实,WP01/WP02,src/pages/production-fulfillment/catalog.ts、configuration.ts,77条工作目录逐条检查：稳定ID/阶段/适用条件/起止/责任/单据/规则依据非空；scripts/check-dds-production-fulfillment.mjs：目录/详情/匹配配置,配置→工作目录；按候选类型验证定义，不声称每任务77项或77类已接线上；无新增PDA执行或现场标签打印（沿用来源系统）；DDS报表打印另验。,已验证,implementation-evidence/verification.json；implementation-evidence/build.log；implementation-evidence/build-manifest.json；implementation-review.md,用户已指示按方案执行；Codex完成原型验证；产品接受待用户查看,V1.0本地Mock；4804328a工作树内容哈希见build-manifest.json；浏览器证据2026-09-17T13:25:12.321Z
ACT-S02-05,work-item-catalog.md ACT-S02-05,需花型／定位印准备时，花型执行以“任务要求具备→花型提交”识别该动作的完成事实,WP01/WP02,src/pages/production-fulfillment/catalog.ts、configuration.ts,77条工作目录逐条检查：稳定ID/阶段/适用条件/起止/责任/单据/规则依据非空；scripts/check-dds-production-fulfillment.mjs：目录/详情/匹配配置,配置→工作目录；按候选类型验证定义，不声称每任务77项或77类已接线上；无新增PDA执行或现场标签打印（沿用来源系统）；DDS报表打印另验。,已验证,implementation-evidence/verification.json；implementation-evidence/build.log；implementation-evidence/build-manifest.json；implementation-review.md,用户已指示按方案执行；Codex完成原型验证；产品接受待用户查看,V1.0本地Mock；4804328a工作树内容哈希见build-manifest.json；浏览器证据2026-09-17T13:25:12.321Z
ACT-S02-06,work-item-catalog.md ACT-S02-06,当前花型结果需审核时，花型审核以“花型提交→有效审核通过”识别该动作的完成事实,WP01/WP02,src/pages/production-fulfillment/catalog.ts、configuration.ts,77条工作目录逐条检查：稳定ID/阶段/适用条件/起止/责任/单据/规则依据非空；scripts/check-dds-production-fulfillment.mjs：目录/详情/匹配配置,配置→工作目录；按候选类型验证定义，不声称每任务77项或77类已接线上；无新增PDA执行或现场标签打印（沿用来源系统）；DDS报表打印另验。,已验证,implementation-evidence/verification.json；implementation-evidence/build.log；implementation-evidence/build-manifest.json；implementation-review.md,用户已指示按方案执行；Codex完成原型验证；产品接受待用户查看,V1.0本地Mock；4804328a工作树内容哈希见build-manifest.json；浏览器证据2026-09-17T13:25:12.321Z
ACT-S02-07,work-item-catalog.md ACT-S02-07,需毛纱调色时，毛纱调色要求提交以“计划确认→调色要求可执行”识别该动作的完成事实,WP01/WP02,src/pages/production-fulfillment/catalog.ts、configuration.ts,77条工作目录逐条检查：稳定ID/阶段/适用条件/起止/责任/单据/规则依据非空；scripts/check-dds-production-fulfillment.mjs：目录/详情/匹配配置,配置→工作目录；按候选类型验证定义，不声称每任务77项或77类已接线上；无新增PDA执行或现场标签打印（沿用来源系统）；DDS报表打印另验。,已验证,implementation-evidence/verification.json；implementation-evidence/build.log；implementation-evidence/build-manifest.json；implementation-review.md,用户已指示按方案执行；Codex完成原型验证；产品接受待用户查看,V1.0本地Mock；4804328a工作树内容哈希见build-manifest.json；浏览器证据2026-09-17T13:25:12.321Z
ACT-S02-08,work-item-catalog.md ACT-S02-08,毛纱要求已就绪时，毛纱调色执行以“要求／样品具备→调色结果”识别该动作的完成事实,WP01/WP02,src/pages/production-fulfillment/catalog.ts、configuration.ts,77条工作目录逐条检查：稳定ID/阶段/适用条件/起止/责任/单据/规则依据非空；scripts/check-dds-production-fulfillment.mjs：目录/详情/匹配配置,配置→工作目录；按候选类型验证定义，不声称每任务77项或77类已接线上；无新增PDA执行或现场标签打印（沿用来源系统）；DDS报表打印另验。,已验证,implementation-evidence/verification.json；implementation-evidence/build.log；implementation-evidence/build-manifest.json；implementation-review.md,用户已指示按方案执行；Codex完成原型验证；产品接受待用户查看,V1.0本地Mock；4804328a工作树内容哈希见build-manifest.json；浏览器证据2026-09-17T13:25:12.321Z
ACT-S02-09,work-item-catalog.md ACT-S02-09,需面料调色时，面料调色要求提交以“计划确认→调色要求可执行”识别该动作的完成事实,WP01/WP02,src/pages/production-fulfillment/catalog.ts、configuration.ts,77条工作目录逐条检查：稳定ID/阶段/适用条件/起止/责任/单据/规则依据非空；scripts/check-dds-production-fulfillment.mjs：目录/详情/匹配配置,配置→工作目录；按候选类型验证定义，不声称每任务77项或77类已接线上；无新增PDA执行或现场标签打印（沿用来源系统）；DDS报表打印另验。,已验证,implementation-evidence/verification.json；implementation-evidence/build.log；implementation-evidence/build-manifest.json；implementation-review.md,用户已指示按方案执行；Codex完成原型验证；产品接受待用户查看,V1.0本地Mock；4804328a工作树内容哈希见build-manifest.json；浏览器证据2026-09-17T13:25:12.321Z
ACT-S02-10,work-item-catalog.md ACT-S02-10,面料要求已就绪时，面料调色执行以“要求／样品具备→调色结果”识别该动作的完成事实,WP01/WP02,src/pages/production-fulfillment/catalog.ts、configuration.ts,77条工作目录逐条检查：稳定ID/阶段/适用条件/起止/责任/单据/规则依据非空；scripts/check-dds-production-fulfillment.mjs：目录/详情/匹配配置,配置→工作目录；按候选类型验证定义，不声称每任务77项或77类已接线上；无新增PDA执行或现场标签打印（沿用来源系统）；DDS报表打印另验。,已验证,implementation-evidence/verification.json；implementation-evidence/build.log；implementation-evidence/build-manifest.json；implementation-review.md,用户已指示按方案执行；Codex完成原型验证；产品接受待用户查看,V1.0本地Mock；4804328a工作树内容哈希见build-manifest.json；浏览器证据2026-09-17T13:25:12.321Z
ACT-S02-11,work-item-catalog.md ACT-S02-11,对应专业结果需审核时，调色审核以“调色提交→指定目标色有效通过”识别该动作的完成事实,WP01/WP02,src/pages/production-fulfillment/catalog.ts、configuration.ts,77条工作目录逐条检查：稳定ID/阶段/适用条件/起止/责任/单据/规则依据非空；scripts/check-dds-production-fulfillment.mjs：目录/详情/匹配配置,配置→工作目录；按候选类型验证定义，不声称每任务77项或77类已接线上；无新增PDA执行或现场标签打印（沿用来源系统）；DDS报表打印另验。,已验证,implementation-evidence/verification.json；implementation-evidence/build.log；implementation-evidence/build-manifest.json；implementation-review.md,用户已指示按方案执行；Codex完成原型验证；产品接受待用户查看,V1.0本地Mock；4804328a工作树内容哈希见build-manifest.json；浏览器证据2026-09-17T13:25:12.321Z
ACT-S02-12,work-item-catalog.md ACT-S02-12,适用准备输出满足时，技术资料确认以“必要专业结果齐→确认通过”识别该动作的完成事实,WP01/WP02,src/pages/production-fulfillment/catalog.ts、configuration.ts,77条工作目录逐条检查：稳定ID/阶段/适用条件/起止/责任/单据/规则依据非空；scripts/check-dds-production-fulfillment.mjs：目录/详情/匹配配置,配置→工作目录；按候选类型验证定义，不声称每任务77项或77类已接线上；无新增PDA执行或现场标签打印（沿用来源系统）；DDS报表打印另验。,已验证,implementation-evidence/verification.json；implementation-evidence/build.log；implementation-evidence/build-manifest.json；implementation-review.md,用户已指示按方案执行；Codex完成原型验证；产品接受待用户查看,V1.0本地Mock；4804328a工作树内容哈希见build-manifest.json；浏览器证据2026-09-17T13:25:12.321Z
ACT-S02-13,work-item-catalog.md ACT-S02-13,需形成供生产使用版本时，技术资料发布／放行以“确认完成→有效发布版本”识别该动作的完成事实,WP01/WP02,src/pages/production-fulfillment/catalog.ts、configuration.ts,77条工作目录逐条检查：稳定ID/阶段/适用条件/起止/责任/单据/规则依据非空；scripts/check-dds-production-fulfillment.mjs：目录/详情/匹配配置,配置→工作目录；按候选类型验证定义，不声称每任务77项或77类已接线上；无新增PDA执行或现场标签打印（沿用来源系统）；DDS报表打印另验。,已验证,implementation-evidence/verification.json；implementation-evidence/build.log；implementation-evidence/build-manifest.json；implementation-review.md,用户已指示按方案执行；Codex完成原型验证；产品接受待用户查看,V1.0本地Mock；4804328a工作树内容哈希见build-manifest.json；浏览器证据2026-09-17T13:25:12.321Z
ACT-S03-01,work-item-catalog.md ACT-S03-01,本任务使用现货／已入库供给时，分配合格库存以“用料确认→来源库存及数量锁定关系”识别该动作的完成事实,WP01/WP02,src/pages/production-fulfillment/catalog.ts、configuration.ts,77条工作目录逐条检查：稳定ID/阶段/适用条件/起止/责任/单据/规则依据非空；scripts/check-dds-production-fulfillment.mjs：目录/详情/匹配配置,配置→工作目录；按候选类型验证定义，不声称每任务77项或77类已接线上；无新增PDA执行或现场标签打印（沿用来源系统）；DDS报表打印另验。,已验证,implementation-evidence/verification.json；implementation-evidence/build.log；implementation-evidence/build-manifest.json；implementation-review.md,用户已指示按方案执行；Codex完成原型验证；产品接受待用户查看,V1.0本地Mock；4804328a工作树内容哈希见build-manifest.json；浏览器证据2026-09-17T13:25:12.321Z
ACT-S03-02,work-item-catalog.md ACT-S03-02,确认缺口需要采购时，缺口采购下单以“确认采购需求→有效采购单下发”识别该动作的完成事实,WP01/WP02,src/pages/production-fulfillment/catalog.ts、configuration.ts,77条工作目录逐条检查：稳定ID/阶段/适用条件/起止/责任/单据/规则依据非空；scripts/check-dds-production-fulfillment.mjs：目录/详情/匹配配置,配置→工作目录；按候选类型验证定义，不声称每任务77项或77类已接线上；无新增PDA执行或现场标签打印（沿用来源系统）；DDS报表打印另验。,已验证,implementation-evidence/verification.json；implementation-evidence/build.log；implementation-evidence/build-manifest.json；implementation-review.md,用户已指示按方案执行；Codex完成原型验证；产品接受待用户查看,V1.0本地Mock；4804328a工作树内容哈希见build-manifest.json；浏览器证据2026-09-17T13:25:12.321Z
ACT-S03-03,work-item-catalog.md ACT-S03-03,外部采购时，供应商备货并交出以“有效下单→供应商足量／分批交出”识别该动作的完成事实,WP01/WP02,src/pages/production-fulfillment/catalog.ts、configuration.ts,77条工作目录逐条检查：稳定ID/阶段/适用条件/起止/责任/单据/规则依据非空；scripts/check-dds-production-fulfillment.mjs：目录/详情/匹配配置,配置→工作目录；按候选类型验证定义，不声称每任务77项或77类已接线上；无新增PDA执行或现场标签打印（沿用来源系统）；DDS报表打印另验。,已验证,implementation-evidence/verification.json；implementation-evidence/build.log；implementation-evidence/build-manifest.json；implementation-review.md,用户已指示按方案执行；Codex完成原型验证；产品接受待用户查看,V1.0本地Mock；4804328a工作树内容哈希见build-manifest.json；浏览器证据2026-09-17T13:25:12.321Z
ACT-S03-04,work-item-catalog.md ACT-S03-04,对应供应商到集货仓段存在时，国内采购运输以“供方交出→集货仓实收”识别该动作的完成事实,WP01/WP02,src/pages/production-fulfillment/catalog.ts、configuration.ts,77条工作目录逐条检查：稳定ID/阶段/适用条件/起止/责任/单据/规则依据非空；scripts/check-dds-production-fulfillment.mjs：目录/详情/匹配配置,配置→工作目录；按候选类型验证定义，不声称每任务77项或77类已接线上；无新增PDA执行或现场标签打印（沿用来源系统）；DDS报表打印另验。,已验证,implementation-evidence/verification.json；implementation-evidence/build.log；implementation-evidence/build-manifest.json；implementation-review.md,用户已指示按方案执行；Codex完成原型验证；产品接受待用户查看,V1.0本地Mock；4804328a工作树内容哈希见build-manifest.json；浏览器证据2026-09-17T13:25:12.321Z
ACT-S03-05,work-item-catalog.md ACT-S03-05,必须集货或等待转运时，集货与转运准备以“集货仓实收→转运实际出库”识别该动作的完成事实,WP01/WP02,src/pages/production-fulfillment/catalog.ts、configuration.ts,77条工作目录逐条检查：稳定ID/阶段/适用条件/起止/责任/单据/规则依据非空；scripts/check-dds-production-fulfillment.mjs：目录/详情/匹配配置,配置→工作目录；按候选类型验证定义，不声称每任务77项或77类已接线上；无新增PDA执行或现场标签打印（沿用来源系统）；DDS报表打印另验。,已验证,implementation-evidence/verification.json；implementation-evidence/build.log；implementation-evidence/build-manifest.json；implementation-review.md,用户已指示按方案执行；Codex完成原型验证；产品接受待用户查看,V1.0本地Mock；4804328a工作树内容哈希见build-manifest.json；浏览器证据2026-09-17T13:25:12.321Z
ACT-S03-06,work-item-catalog.md ACT-S03-06,存在跨境段时，跨境运输以“转运出库→目的地到达”识别该动作的完成事实,WP01/WP02,src/pages/production-fulfillment/catalog.ts、configuration.ts,77条工作目录逐条检查：稳定ID/阶段/适用条件/起止/责任/单据/规则依据非空；scripts/check-dds-production-fulfillment.mjs：目录/详情/匹配配置,配置→工作目录；按候选类型验证定义，不声称每任务77项或77类已接线上；无新增PDA执行或现场标签打印（沿用来源系统）；DDS报表打印另验。,已验证,implementation-evidence/verification.json；implementation-evidence/build.log；implementation-evidence/build-manifest.json；implementation-review.md,用户已指示按方案执行；Codex完成原型验证；产品接受待用户查看,V1.0本地Mock；4804328a工作树内容哈希见build-manifest.json；浏览器证据2026-09-17T13:25:12.321Z
ACT-S03-07,work-item-catalog.md ACT-S03-07,有独立配送段时，目的地配送到仓以“目的地放行→业务仓到仓”识别该动作的完成事实,WP01/WP02,src/pages/production-fulfillment/catalog.ts、configuration.ts,77条工作目录逐条检查：稳定ID/阶段/适用条件/起止/责任/单据/规则依据非空；scripts/check-dds-production-fulfillment.mjs：目录/详情/匹配配置,配置→工作目录；按候选类型验证定义，不声称每任务77项或77类已接线上；无新增PDA执行或现场标签打印（沿用来源系统）；DDS报表打印另验。,已验证,implementation-evidence/verification.json；implementation-evidence/build.log；implementation-evidence/build-manifest.json；implementation-review.md,用户已指示按方案执行；Codex完成原型验证；产品接受待用户查看,V1.0本地Mock；4804328a工作树内容哈希见build-manifest.json；浏览器证据2026-09-17T13:25:12.321Z
ACT-S03-08,work-item-catalog.md ACT-S03-08,采购到仓时，采购到仓验收以“实到→验收结果及差异确认”识别该动作的完成事实,WP01/WP02,src/pages/production-fulfillment/catalog.ts、configuration.ts,77条工作目录逐条检查：稳定ID/阶段/适用条件/起止/责任/单据/规则依据非空；scripts/check-dds-production-fulfillment.mjs：目录/详情/匹配配置,配置→工作目录；按候选类型验证定义，不声称每任务77项或77类已接线上；无新增PDA执行或现场标签打印（沿用来源系统）；DDS报表打印另验。,已验证,implementation-evidence/verification.json；implementation-evidence/build.log；implementation-evidence/build-manifest.json；implementation-review.md,用户已指示按方案执行；Codex完成原型验证；产品接受待用户查看,V1.0本地Mock；4804328a工作树内容哈希见build-manifest.json；浏览器证据2026-09-17T13:25:12.321Z
ACT-S03-09,work-item-catalog.md ACT-S03-09,验收后需库存入账时，采购入库以“可入库→实收入库记录”识别该动作的完成事实,WP01/WP02,src/pages/production-fulfillment/catalog.ts、configuration.ts,77条工作目录逐条检查：稳定ID/阶段/适用条件/起止/责任/单据/规则依据非空；scripts/check-dds-production-fulfillment.mjs：目录/详情/匹配配置,配置→工作目录；按候选类型验证定义，不声称每任务77项或77类已接线上；无新增PDA执行或现场标签打印（沿用来源系统）；DDS报表打印另验。,已验证,implementation-evidence/verification.json；implementation-evidence/build.log；implementation-evidence/build-manifest.json；implementation-review.md,用户已指示按方案执行；Codex完成原型验证；产品接受待用户查看,V1.0本地Mock；4804328a工作树内容哈希见build-manifest.json；浏览器证据2026-09-17T13:25:12.321Z
ACT-S03-10,work-item-catalog.md ACT-S03-10,现货或采购入库需送厂时，调拨安排与待出库以“可调拨／需调拨→调拨安排完成”识别该动作的完成事实,WP01/WP02,src/pages/production-fulfillment/catalog.ts、configuration.ts,77条工作目录逐条检查：稳定ID/阶段/适用条件/起止/责任/单据/规则依据非空；scripts/check-dds-production-fulfillment.mjs：目录/详情/匹配配置,配置→工作目录；按候选类型验证定义，不声称每任务77项或77类已接线上；无新增PDA执行或现场标签打印（沿用来源系统）；DDS报表打印另验。,已验证,implementation-evidence/verification.json；implementation-evidence/build.log；implementation-evidence/build-manifest.json；implementation-review.md,用户已指示按方案执行；Codex完成原型验证；产品接受待用户查看,V1.0本地Mock；4804328a工作树内容哈希见build-manifest.json；浏览器证据2026-09-17T13:25:12.321Z
ACT-S03-11,work-item-catalog.md ACT-S03-11,调拨具备出库条件时，调拨出库以“出库责任起点→实际出库确认”识别该动作的完成事实,WP01/WP02,src/pages/production-fulfillment/catalog.ts、configuration.ts,77条工作目录逐条检查：稳定ID/阶段/适用条件/起止/责任/单据/规则依据非空；scripts/check-dds-production-fulfillment.mjs：目录/详情/匹配配置,配置→工作目录；按候选类型验证定义，不声称每任务77项或77类已接线上；无新增PDA执行或现场标签打印（沿用来源系统）；DDS报表打印另验。,已验证,implementation-evidence/verification.json；implementation-evidence/build.log；implementation-evidence/build-manifest.json；implementation-review.md,用户已指示按方案执行；Codex完成原型验证；产品接受待用户查看,V1.0本地Mock；4804328a工作树内容哈希见build-manifest.json；浏览器证据2026-09-17T13:25:12.321Z
ACT-S03-12,work-item-catalog.md ACT-S03-12,已实际出库时，调拨运输以“出库→到目标厂交付”识别该动作的完成事实,WP01/WP02,src/pages/production-fulfillment/catalog.ts、configuration.ts,77条工作目录逐条检查：稳定ID/阶段/适用条件/起止/责任/单据/规则依据非空；scripts/check-dds-production-fulfillment.mjs：目录/详情/匹配配置,配置→工作目录；按候选类型验证定义，不声称每任务77项或77类已接线上；无新增PDA执行或现场标签打印（沿用来源系统）；DDS报表打印另验。,已验证,implementation-evidence/verification.json；implementation-evidence/build.log；implementation-evidence/build-manifest.json；implementation-review.md,用户已指示按方案执行；Codex完成原型验证；产品接受待用户查看,V1.0本地Mock；4804328a工作树内容哈希见build-manifest.json；浏览器证据2026-09-17T13:25:12.321Z
ACT-S03-13,work-item-catalog.md ACT-S03-13,到厂交付时，目标工厂接收以“交付→目标工厂实收及差异确认”识别该动作的完成事实,WP01/WP02,src/pages/production-fulfillment/catalog.ts、configuration.ts,77条工作目录逐条检查：稳定ID/阶段/适用条件/起止/责任/单据/规则依据非空；scripts/check-dds-production-fulfillment.mjs：目录/详情/匹配配置,配置→工作目录；按候选类型验证定义，不声称每任务77项或77类已接线上；无新增PDA执行或现场标签打印（沿用来源系统）；DDS报表打印另验。,已验证,implementation-evidence/verification.json；implementation-evidence/build.log；implementation-evidence/build-manifest.json；implementation-review.md,用户已指示按方案执行；Codex完成原型验证；产品接受待用户查看,V1.0本地Mock；4804328a工作树内容哈希见build-manifest.json；浏览器证据2026-09-17T13:25:12.321Z
ACT-S03-14,work-item-catalog.md ACT-S03-14,本土制作且本次需要时，辅料制版／打样以“要求齐→可用于制作的版／样”识别该动作的完成事实,WP01/WP02,src/pages/production-fulfillment/catalog.ts、configuration.ts,77条工作目录逐条检查：稳定ID/阶段/适用条件/起止/责任/单据/规则依据非空；scripts/check-dds-production-fulfillment.mjs：目录/详情/匹配配置,配置→工作目录；按候选类型验证定义，不声称每任务77项或77类已接线上；无新增PDA执行或现场标签打印（沿用来源系统）；DDS报表打印另验。,已验证,implementation-evidence/verification.json；implementation-evidence/build.log；implementation-evidence/build-manifest.json；implementation-review.md,用户已指示按方案执行；Codex完成原型验证；产品接受待用户查看,V1.0本地Mock；4804328a工作树内容哈希见build-manifest.json；浏览器证据2026-09-17T13:25:12.321Z
ACT-S03-15,work-item-catalog.md ACT-S03-15,本土委托制作时，辅料制作以“版／样／原料满足→制作产出”识别该动作的完成事实,WP01/WP02,src/pages/production-fulfillment/catalog.ts、configuration.ts,77条工作目录逐条检查：稳定ID/阶段/适用条件/起止/责任/单据/规则依据非空；scripts/check-dds-production-fulfillment.mjs：目录/详情/匹配配置,配置→工作目录；按候选类型验证定义，不声称每任务77项或77类已接线上；无新增PDA执行或现场标签打印（沿用来源系统）；DDS报表打印另验。,已验证,implementation-evidence/verification.json；implementation-evidence/build.log；implementation-evidence/build-manifest.json；implementation-review.md,用户已指示按方案执行；Codex完成原型验证；产品接受待用户查看,V1.0本地Mock；4804328a工作树内容哈希见build-manifest.json；浏览器证据2026-09-17T13:25:12.321Z
ACT-S03-16,work-item-catalog.md ACT-S03-16,目标面料需染色时，面料染色以“色样／原料满足→合格加工产出”识别该动作的完成事实,WP01/WP02,src/pages/production-fulfillment/catalog.ts、configuration.ts,77条工作目录逐条检查：稳定ID/阶段/适用条件/起止/责任/单据/规则依据非空；scripts/check-dds-production-fulfillment.mjs：目录/详情/匹配配置,配置→工作目录；按候选类型验证定义，不声称每任务77项或77类已接线上；无新增PDA执行或现场标签打印（沿用来源系统）；DDS报表打印另验。,已验证,implementation-evidence/verification.json；implementation-evidence/build.log；implementation-evidence/build-manifest.json；implementation-review.md,用户已指示按方案执行；Codex完成原型验证；产品接受待用户查看,V1.0本地Mock；4804328a工作树内容哈希见build-manifest.json；浏览器证据2026-09-17T13:25:12.321Z
ACT-S03-17,work-item-catalog.md ACT-S03-17,目标面料需印花时，面料印花以“花型／原料满足→合格印花产出”识别该动作的完成事实,WP01/WP02,src/pages/production-fulfillment/catalog.ts、configuration.ts,77条工作目录逐条检查：稳定ID/阶段/适用条件/起止/责任/单据/规则依据非空；scripts/check-dds-production-fulfillment.mjs：目录/详情/匹配配置,配置→工作目录；按候选类型验证定义，不声称每任务77项或77类已接线上；无新增PDA执行或现场标签打印（沿用来源系统）；DDS报表打印另验。,已验证,implementation-evidence/verification.json；implementation-evidence/build.log；implementation-evidence/build-manifest.json；implementation-review.md,用户已指示按方案执行；Codex完成原型验证；产品接受待用户查看,V1.0本地Mock；4804328a工作树内容哈希见build-manifest.json；浏览器证据2026-09-17T13:25:12.321Z
ACT-S03-18,work-item-catalog.md ACT-S03-18,目标辅料需染色时，辅料染色以“目标色／原料满足→目标色合格辅料”识别该动作的完成事实,WP01/WP02,src/pages/production-fulfillment/catalog.ts、configuration.ts,77条工作目录逐条检查：稳定ID/阶段/适用条件/起止/责任/单据/规则依据非空；scripts/check-dds-production-fulfillment.mjs：目录/详情/匹配配置,配置→工作目录；按候选类型验证定义，不声称每任务77项或77类已接线上；无新增PDA执行或现场标签打印（沿用来源系统）；DDS报表打印另验。,已验证,implementation-evidence/verification.json；implementation-evidence/build.log；implementation-evidence/build-manifest.json；implementation-review.md,用户已指示按方案执行；Codex完成原型验证；产品接受待用户查看,V1.0本地Mock；4804328a工作树内容哈希见build-manifest.json；浏览器证据2026-09-17T13:25:12.321Z
ACT-S03-19,work-item-catalog.md ACT-S03-19,加工产出须交下一环节时，加工检验与交出以“加工完成→检验及交出确认”识别该动作的完成事实,WP01/WP02,src/pages/production-fulfillment/catalog.ts、configuration.ts,77条工作目录逐条检查：稳定ID/阶段/适用条件/起止/责任/单据/规则依据非空；scripts/check-dds-production-fulfillment.mjs：目录/详情/匹配配置,配置→工作目录；按候选类型验证定义，不声称每任务77项或77类已接线上；无新增PDA执行或现场标签打印（沿用来源系统）；DDS报表打印另验。,已验证,implementation-evidence/verification.json；implementation-evidence/build.log；implementation-evidence/build-manifest.json；implementation-review.md,用户已指示按方案执行；Codex完成原型验证；产品接受待用户查看,V1.0本地Mock；4804328a工作树内容哈希见build-manifest.json；浏览器证据2026-09-17T13:25:12.321Z
ACT-S03-20,work-item-catalog.md ACT-S03-20,从加工厂进入下一厂／仓时，加工产出接收以“实际交付→指定接收方实收”识别该动作的完成事实,WP01/WP02,src/pages/production-fulfillment/catalog.ts、configuration.ts,77条工作目录逐条检查：稳定ID/阶段/适用条件/起止/责任/单据/规则依据非空；scripts/check-dds-production-fulfillment.mjs：目录/详情/匹配配置,配置→工作目录；按候选类型验证定义，不声称每任务77项或77类已接线上；无新增PDA执行或现场标签打印（沿用来源系统）；DDS报表打印另验。,已验证,implementation-evidence/verification.json；implementation-evidence/build.log；implementation-evidence/build-manifest.json；implementation-review.md,用户已指示按方案执行；Codex完成原型验证；产品接受待用户查看,V1.0本地Mock；4804328a工作树内容哈希见build-manifest.json；浏览器证据2026-09-17T13:25:12.321Z
ACT-S04-01,work-item-catalog.md ACT-S04-01,存在提前单／合并来源时，来源需求／提前加工单匹配以“正式建单条件满足→匹配确认”识别该动作的完成事实,WP01/WP02,src/pages/production-fulfillment/catalog.ts、configuration.ts,77条工作目录逐条检查：稳定ID/阶段/适用条件/起止/责任/单据/规则依据非空；scripts/check-dds-production-fulfillment.mjs：目录/详情/匹配配置,配置→工作目录；按候选类型验证定义，不声称每任务77项或77类已接线上；无新增PDA执行或现场标签打印（沿用来源系统）；DDS报表打印另验。,已验证,implementation-evidence/verification.json；implementation-evidence/build.log；implementation-evidence/build-manifest.json；implementation-review.md,用户已指示按方案执行；Codex完成原型验证；产品接受待用户查看,V1.0本地Mock；4804328a工作树内容哈希见build-manifest.json；浏览器证据2026-09-17T13:25:12.321Z
ACT-S04-02,work-item-catalog.md ACT-S04-02,生产方案可确认时，生产单创建确认以“必要输入就绪→生产单有效”识别该动作的完成事实,WP01/WP02,src/pages/production-fulfillment/catalog.ts、configuration.ts,77条工作目录逐条检查：稳定ID/阶段/适用条件/起止/责任/单据/规则依据非空；scripts/check-dds-production-fulfillment.mjs：目录/详情/匹配配置,配置→工作目录；按候选类型验证定义，不声称每任务77项或77类已接线上；无新增PDA执行或现场标签打印（沿用来源系统）；DDS报表打印另验。,已验证,implementation-evidence/verification.json；implementation-evidence/build.log；implementation-evidence/build-manifest.json；implementation-review.md,用户已指示按方案执行；Codex完成原型验证；产品接受待用户查看,V1.0本地Mock；4804328a工作树内容哈希见build-manifest.json；浏览器证据2026-09-17T13:25:12.321Z
ACT-S04-03,work-item-catalog.md ACT-S04-03,技术路线已放行时，生成／确认生产任务以“生产单具备→工艺任务成立”识别该动作的完成事实,WP01/WP02,src/pages/production-fulfillment/catalog.ts、configuration.ts,77条工作目录逐条检查：稳定ID/阶段/适用条件/起止/责任/单据/规则依据非空；scripts/check-dds-production-fulfillment.mjs：目录/详情/匹配配置,配置→工作目录；按候选类型验证定义，不声称每任务77项或77类已接线上；无新增PDA执行或现场标签打印（沿用来源系统）；DDS报表打印另验。,已验证,implementation-evidence/verification.json；implementation-evidence/build.log；implementation-evidence/build-manifest.json；implementation-review.md,用户已指示按方案执行；Codex完成原型验证；产品接受待用户查看,V1.0本地Mock；4804328a工作树内容哈希见build-manifest.json；浏览器证据2026-09-17T13:25:12.321Z
ACT-S04-04,work-item-catalog.md ACT-S04-04,任务需选择工厂／负责人时，任务分配以“可分配→有效分配”识别该动作的完成事实,WP01/WP02,src/pages/production-fulfillment/catalog.ts、configuration.ts,77条工作目录逐条检查：稳定ID/阶段/适用条件/起止/责任/单据/规则依据非空；scripts/check-dds-production-fulfillment.mjs：目录/详情/匹配配置,配置→工作目录；按候选类型验证定义，不声称每任务77项或77类已接线上；无新增PDA执行或现场标签打印（沿用来源系统）；DDS报表打印另验。,已验证,implementation-evidence/verification.json；implementation-evidence/build.log；implementation-evidence/build-manifest.json；implementation-review.md,用户已指示按方案执行；Codex完成原型验证；产品接受待用户查看,V1.0本地Mock；4804328a工作树内容哈希见build-manifest.json；浏览器证据2026-09-17T13:25:12.321Z
ACT-S04-05,work-item-catalog.md ACT-S04-05,任务已分配时，任务下发以“可下发→工厂收到有效任务”识别该动作的完成事实,WP01/WP02,src/pages/production-fulfillment/catalog.ts、configuration.ts,77条工作目录逐条检查：稳定ID/阶段/适用条件/起止/责任/单据/规则依据非空；scripts/check-dds-production-fulfillment.mjs：目录/详情/匹配配置,配置→工作目录；按候选类型验证定义，不声称每任务77项或77类已接线上；无新增PDA执行或现场标签打印（沿用来源系统）；DDS报表打印另验。,已验证,implementation-evidence/verification.json；implementation-evidence/build.log；implementation-evidence/build-manifest.json；implementation-review.md,用户已指示按方案执行；Codex完成原型验证；产品接受待用户查看,V1.0本地Mock；4804328a工作树内容哈希见build-manifest.json；浏览器证据2026-09-17T13:25:12.321Z
ACT-S05-01,work-item-catalog.md ACT-S05-01,本批料可用时，裁床领料配料以“本批物料齐→配料完成”识别该动作的完成事实,WP01/WP02,src/pages/production-fulfillment/catalog.ts、configuration.ts,77条工作目录逐条检查：稳定ID/阶段/适用条件/起止/责任/单据/规则依据非空；scripts/check-dds-production-fulfillment.mjs：目录/详情/匹配配置,配置→工作目录；按候选类型验证定义，不声称每任务77项或77类已接线上；无新增PDA执行或现场标签打印（沿用来源系统）；DDS报表打印另验。,已验证,implementation-evidence/verification.json；implementation-evidence/build.log；implementation-evidence/build-manifest.json；implementation-review.md,用户已指示按方案执行；Codex完成原型验证；产品接受待用户查看,V1.0本地Mock；4804328a工作树内容哈希见build-manifest.json；浏览器证据2026-09-17T13:25:12.321Z
ACT-S05-02,work-item-catalog.md ACT-S05-02,路线需要时，拉布／铺布以“布料与任务满足→铺布完成”识别该动作的完成事实,WP01/WP02,src/pages/production-fulfillment/catalog.ts、configuration.ts,77条工作目录逐条检查：稳定ID/阶段/适用条件/起止/责任/单据/规则依据非空；scripts/check-dds-production-fulfillment.mjs：目录/详情/匹配配置,配置→工作目录；按候选类型验证定义，不声称每任务77项或77类已接线上；无新增PDA执行或现场标签打印（沿用来源系统）；DDS报表打印另验。,已验证,implementation-evidence/verification.json；implementation-evidence/build.log；implementation-evidence/build-manifest.json；implementation-review.md,用户已指示按方案执行；Codex完成原型验证；产品接受待用户查看,V1.0本地Mock；4804328a工作树内容哈希见build-manifest.json；浏览器证据2026-09-17T13:25:12.321Z
ACT-S05-03,work-item-catalog.md ACT-S05-03,任务与布料满足时，裁剪以“裁床可执行→有效裁片输出”识别该动作的完成事实,WP01/WP02,src/pages/production-fulfillment/catalog.ts、configuration.ts,77条工作目录逐条检查：稳定ID/阶段/适用条件/起止/责任/单据/规则依据非空；scripts/check-dds-production-fulfillment.mjs：目录/详情/匹配配置,配置→工作目录；按候选类型验证定义，不声称每任务77项或77类已接线上；无新增PDA执行或现场标签打印（沿用来源系统）；DDS报表打印另验。,已验证,implementation-evidence/verification.json；implementation-evidence/build.log；implementation-evidence/build-manifest.json；implementation-review.md,用户已指示按方案执行；Codex完成原型验证；产品接受待用户查看,V1.0本地Mock；4804328a工作树内容哈希见build-manifest.json；浏览器证据2026-09-17T13:25:12.321Z
ACT-S05-04,work-item-catalog.md ACT-S05-04,现场工艺需要时，编号与菲票配套以“裁片输出→编号／菲票关系就绪”识别该动作的完成事实,WP01/WP02,src/pages/production-fulfillment/catalog.ts、configuration.ts,77条工作目录逐条检查：稳定ID/阶段/适用条件/起止/责任/单据/规则依据非空；scripts/check-dds-production-fulfillment.mjs：目录/详情/匹配配置,配置→工作目录；按候选类型验证定义，不声称每任务77项或77类已接线上；无新增PDA执行或现场标签打印（沿用来源系统）；DDS报表打印另验。,已验证,implementation-evidence/verification.json；implementation-evidence/build.log；implementation-evidence/build-manifest.json；implementation-review.md,用户已指示按方案执行；Codex完成原型验证；产品接受待用户查看,V1.0本地Mock；4804328a工作树内容哈希见build-manifest.json；浏览器证据2026-09-17T13:25:12.321Z
ACT-S05-05,work-item-catalog.md ACT-S05-05,裁片需验收时，裁片检验以“待验裁片→合格裁片”识别该动作的完成事实,WP01/WP02,src/pages/production-fulfillment/catalog.ts、configuration.ts,77条工作目录逐条检查：稳定ID/阶段/适用条件/起止/责任/单据/规则依据非空；scripts/check-dds-production-fulfillment.mjs：目录/详情/匹配配置,配置→工作目录；按候选类型验证定义，不声称每任务77项或77类已接线上；无新增PDA执行或现场标签打印（沿用来源系统）；DDS报表打印另验。,已验证,implementation-evidence/verification.json；implementation-evidence/build.log；implementation-evidence/build-manifest.json；implementation-review.md,用户已指示按方案执行；Codex完成原型验证；产品接受待用户查看,V1.0本地Mock；4804328a工作树内容哈希见build-manifest.json；浏览器证据2026-09-17T13:25:12.321Z
ACT-S05-06,work-item-catalog.md ACT-S05-06,下一环节可接续时，裁片交出以“可交裁片→交出确认”识别该动作的完成事实,WP01/WP02,src/pages/production-fulfillment/catalog.ts、configuration.ts,77条工作目录逐条检查：稳定ID/阶段/适用条件/起止/责任/单据/规则依据非空；scripts/check-dds-production-fulfillment.mjs：目录/详情/匹配配置,配置→工作目录；按候选类型验证定义，不声称每任务77项或77类已接线上；无新增PDA执行或现场标签打印（沿用来源系统）；DDS报表打印另验。,已验证,implementation-evidence/verification.json；implementation-evidence/build.log；implementation-evidence/build-manifest.json；implementation-review.md,用户已指示按方案执行；Codex完成原型验证；产品接受待用户查看,V1.0本地Mock；4804328a工作树内容哈希见build-manifest.json；浏览器证据2026-09-17T13:25:12.321Z
ACT-S05-07,work-item-catalog.md ACT-S05-07,已交出到下一环节时，裁片下游接收以“到达→下游实收”识别该动作的完成事实,WP01/WP02,src/pages/production-fulfillment/catalog.ts、configuration.ts,77条工作目录逐条检查：稳定ID/阶段/适用条件/起止/责任/单据/规则依据非空；scripts/check-dds-production-fulfillment.mjs：目录/详情/匹配配置,配置→工作目录；按候选类型验证定义，不声称每任务77项或77类已接线上；无新增PDA执行或现场标签打印（沿用来源系统）；DDS报表打印另验。,已验证,implementation-evidence/verification.json；implementation-evidence/build.log；implementation-evidence/build-manifest.json；implementation-review.md,用户已指示按方案执行；Codex完成原型验证；产品接受待用户查看,V1.0本地Mock；4804328a工作树内容哈希见build-manifest.json；浏览器证据2026-09-17T13:25:12.321Z
ACT-S06-01,work-item-catalog.md ACT-S06-01,本批有此工艺时，特殊工艺任务接收以“任务及投入到达→接收确认”识别该动作的完成事实,WP01/WP02,src/pages/production-fulfillment/catalog.ts、configuration.ts,77条工作目录逐条检查：稳定ID/阶段/适用条件/起止/责任/单据/规则依据非空；scripts/check-dds-production-fulfillment.mjs：目录/详情/匹配配置,配置→工作目录；按候选类型验证定义，不声称每任务77项或77类已接线上；无新增PDA执行或现场标签打印（沿用来源系统）；DDS报表打印另验。,已验证,implementation-evidence/verification.json；implementation-evidence/build.log；implementation-evidence/build-manifest.json；implementation-review.md,用户已指示按方案执行；Codex完成原型验证；产品接受待用户查看,V1.0本地Mock；4804328a工作树内容哈希见build-manifest.json；浏览器证据2026-09-17T13:25:12.321Z
ACT-S06-02,work-item-catalog.md ACT-S06-02,按实际工艺类型实例化时，特殊工艺执行以“技术／投入齐→加工完成”识别该动作的完成事实,WP01/WP02,src/pages/production-fulfillment/catalog.ts、configuration.ts,77条工作目录逐条检查：稳定ID/阶段/适用条件/起止/责任/单据/规则依据非空；scripts/check-dds-production-fulfillment.mjs：目录/详情/匹配配置,配置→工作目录；按候选类型验证定义，不声称每任务77项或77类已接线上；无新增PDA执行或现场标签打印（沿用来源系统）；DDS报表打印另验。,已验证,implementation-evidence/verification.json；implementation-evidence/build.log；implementation-evidence/build-manifest.json；implementation-review.md,用户已指示按方案执行；Codex完成原型验证；产品接受待用户查看,V1.0本地Mock；4804328a工作树内容哈希见build-manifest.json；浏览器证据2026-09-17T13:25:12.321Z
ACT-S06-03,work-item-catalog.md ACT-S06-03,工艺产出须检验时，特殊工艺检验以“加工完成→合格产出”识别该动作的完成事实,WP01/WP02,src/pages/production-fulfillment/catalog.ts、configuration.ts,77条工作目录逐条检查：稳定ID/阶段/适用条件/起止/责任/单据/规则依据非空；scripts/check-dds-production-fulfillment.mjs：目录/详情/匹配配置,配置→工作目录；按候选类型验证定义，不声称每任务77项或77类已接线上；无新增PDA执行或现场标签打印（沿用来源系统）；DDS报表打印另验。,已验证,implementation-evidence/verification.json；implementation-evidence/build.log；implementation-evidence/build-manifest.json；implementation-review.md,用户已指示按方案执行；Codex完成原型验证；产品接受待用户查看,V1.0本地Mock；4804328a工作树内容哈希见build-manifest.json；浏览器证据2026-09-17T13:25:12.321Z
ACT-S06-04,work-item-catalog.md ACT-S06-04,合格输出需移交时，特殊工艺交出以“可交出→实际交出”识别该动作的完成事实,WP01/WP02,src/pages/production-fulfillment/catalog.ts、configuration.ts,77条工作目录逐条检查：稳定ID/阶段/适用条件/起止/责任/单据/规则依据非空；scripts/check-dds-production-fulfillment.mjs：目录/详情/匹配配置,配置→工作目录；按候选类型验证定义，不声称每任务77项或77类已接线上；无新增PDA执行或现场标签打印（沿用来源系统）；DDS报表打印另验。,已验证,implementation-evidence/verification.json；implementation-evidence/build.log；implementation-evidence/build-manifest.json；implementation-review.md,用户已指示按方案执行；Codex完成原型验证；产品接受待用户查看,V1.0本地Mock；4804328a工作树内容哈希见build-manifest.json；浏览器证据2026-09-17T13:25:12.321Z
ACT-S06-05,work-item-catalog.md ACT-S06-05,准备进入车缝时，车缝齐套确认以“所需裁片／辅料实收→本批齐套”识别该动作的完成事实,WP01/WP02,src/pages/production-fulfillment/catalog.ts、configuration.ts,77条工作目录逐条检查：稳定ID/阶段/适用条件/起止/责任/单据/规则依据非空；scripts/check-dds-production-fulfillment.mjs：目录/详情/匹配配置,配置→工作目录；按候选类型验证定义，不声称每任务77项或77类已接线上；无新增PDA执行或现场标签打印（沿用来源系统）；DDS报表打印另验。,已验证,implementation-evidence/verification.json；implementation-evidence/build.log；implementation-evidence/build-manifest.json；implementation-review.md,用户已指示按方案执行；Codex完成原型验证；产品接受待用户查看,V1.0本地Mock；4804328a工作树内容哈希见build-manifest.json；浏览器证据2026-09-17T13:25:12.321Z
ACT-S06-06,work-item-catalog.md ACT-S06-06,本批具备分单条件时，分单以“齐套→分单结果生效”识别该动作的完成事实,WP01/WP02,src/pages/production-fulfillment/catalog.ts、configuration.ts,77条工作目录逐条检查：稳定ID/阶段/适用条件/起止/责任/单据/规则依据非空；scripts/check-dds-production-fulfillment.mjs：目录/详情/匹配配置,配置→工作目录；按候选类型验证定义，不声称每任务77项或77类已接线上；无新增PDA执行或现场标签打印（沿用来源系统）；DDS报表打印另验。,已验证,implementation-evidence/verification.json；implementation-evidence/build.log；implementation-evidence/build-manifest.json；implementation-review.md,用户已指示按方案执行；Codex完成原型验证；产品接受待用户查看,V1.0本地Mock；4804328a工作树内容哈希见build-manifest.json；浏览器证据2026-09-17T13:25:12.321Z
ACT-S06-07,work-item-catalog.md ACT-S06-07,需配套送至执行组时，厂内配套与交接以“可配套→执行组实收”识别该动作的完成事实,WP01/WP02,src/pages/production-fulfillment/catalog.ts、configuration.ts,77条工作目录逐条检查：稳定ID/阶段/适用条件/起止/责任/单据/规则依据非空；scripts/check-dds-production-fulfillment.mjs：目录/详情/匹配配置,配置→工作目录；按候选类型验证定义，不声称每任务77项或77类已接线上；无新增PDA执行或现场标签打印（沿用来源系统）；DDS报表打印另验。,已验证,implementation-evidence/verification.json；implementation-evidence/build.log；implementation-evidence/build-manifest.json；implementation-review.md,用户已指示按方案执行；Codex完成原型验证；产品接受待用户查看,V1.0本地Mock；4804328a工作树内容哈希见build-manifest.json；浏览器证据2026-09-17T13:25:12.321Z
ACT-S07-01,work-item-catalog.md ACT-S07-01,已下发时，车缝任务接收以“有效下发→接收确认”识别该动作的完成事实,WP01/WP02,src/pages/production-fulfillment/catalog.ts、configuration.ts,77条工作目录逐条检查：稳定ID/阶段/适用条件/起止/责任/单据/规则依据非空；scripts/check-dds-production-fulfillment.mjs：目录/详情/匹配配置,配置→工作目录；按候选类型验证定义，不声称每任务77项或77类已接线上；无新增PDA执行或现场标签打印（沿用来源系统）；DDS报表打印另验。,已验证,implementation-evidence/verification.json；implementation-evidence/build.log；implementation-evidence/build-manifest.json；implementation-review.md,用户已指示按方案执行；Codex完成原型验证；产品接受待用户查看,V1.0本地Mock；4804328a工作树内容哈希见build-manifest.json；浏览器证据2026-09-17T13:25:12.321Z
ACT-S07-02,work-item-catalog.md ACT-S07-02,具备可执行数量时，车缝排队与开工以“可执行→实际开工”识别该动作的完成事实,WP01/WP02,src/pages/production-fulfillment/catalog.ts、configuration.ts,77条工作目录逐条检查：稳定ID/阶段/适用条件/起止/责任/单据/规则依据非空；scripts/check-dds-production-fulfillment.mjs：目录/详情/匹配配置,配置→工作目录；按候选类型验证定义，不声称每任务77项或77类已接线上；无新增PDA执行或现场标签打印（沿用来源系统）；DDS报表打印另验。,已验证,implementation-evidence/verification.json；implementation-evidence/build.log；implementation-evidence/build-manifest.json；implementation-review.md,用户已指示按方案执行；Codex完成原型验证；产品接受待用户查看,V1.0本地Mock；4804328a工作树内容哈希见build-manifest.json；浏览器证据2026-09-17T13:25:12.321Z
ACT-S07-03,work-item-catalog.md ACT-S07-03,本批可执行时，车缝执行以“实际开工→完成产出”识别该动作的完成事实,WP01/WP02,src/pages/production-fulfillment/catalog.ts、configuration.ts,77条工作目录逐条检查：稳定ID/阶段/适用条件/起止/责任/单据/规则依据非空；scripts/check-dds-production-fulfillment.mjs：目录/详情/匹配配置,配置→工作目录；按候选类型验证定义，不声称每任务77项或77类已接线上；无新增PDA执行或现场标签打印（沿用来源系统）；DDS报表打印另验。,已验证,implementation-evidence/verification.json；implementation-evidence/build.log；implementation-evidence/build-manifest.json；implementation-review.md,用户已指示按方案执行；Codex完成原型验证；产品接受待用户查看,V1.0本地Mock；4804328a工作树内容哈希见build-manifest.json；浏览器证据2026-09-17T13:25:12.321Z
ACT-S07-04,work-item-catalog.md ACT-S07-04,须保证交出质量时，车缝自检以“产出→可交合格数量”识别该动作的完成事实,WP01/WP02,src/pages/production-fulfillment/catalog.ts、configuration.ts,77条工作目录逐条检查：稳定ID/阶段/适用条件/起止/责任/单据/规则依据非空；scripts/check-dds-production-fulfillment.mjs：目录/详情/匹配配置,配置→工作目录；按候选类型验证定义，不声称每任务77项或77类已接线上；无新增PDA执行或现场标签打印（沿用来源系统）；DDS报表打印另验。,已验证,implementation-evidence/verification.json；implementation-evidence/build.log；implementation-evidence/build-manifest.json；implementation-review.md,用户已指示按方案执行；Codex完成原型验证；产品接受待用户查看,V1.0本地Mock；4804328a工作树内容哈希见build-manifest.json；浏览器证据2026-09-17T13:25:12.321Z
ACT-S07-05,work-item-catalog.md ACT-S07-05,可交合格产出时，分批回货交出以“可交→实际回货交出”识别该动作的完成事实,WP01/WP02,src/pages/production-fulfillment/catalog.ts、configuration.ts,77条工作目录逐条检查：稳定ID/阶段/适用条件/起止/责任/单据/规则依据非空；scripts/check-dds-production-fulfillment.mjs：目录/详情/匹配配置,配置→工作目录；按候选类型验证定义，不声称每任务77项或77类已接线上；无新增PDA执行或现场标签打印（沿用来源系统）；DDS报表打印另验。,已验证,implementation-evidence/verification.json；implementation-evidence/build.log；implementation-evidence/build-manifest.json；implementation-review.md,用户已指示按方案执行；Codex完成原型验证；产品接受待用户查看,V1.0本地Mock；4804328a工作树内容哈希见build-manifest.json；浏览器证据2026-09-17T13:25:12.321Z
ACT-S07-06,work-item-catalog.md ACT-S07-06,独立运输段时，回货运输以“回货交出→接收地到达”识别该动作的完成事实,WP01/WP02,src/pages/production-fulfillment/catalog.ts、configuration.ts,77条工作目录逐条检查：稳定ID/阶段/适用条件/起止/责任/单据/规则依据非空；scripts/check-dds-production-fulfillment.mjs：目录/详情/匹配配置,配置→工作目录；按候选类型验证定义，不声称每任务77项或77类已接线上；无新增PDA执行或现场标签打印（沿用来源系统）；DDS报表打印另验。,已验证,implementation-evidence/verification.json；implementation-evidence/build.log；implementation-evidence/build-manifest.json；implementation-review.md,用户已指示按方案执行；Codex完成原型验证；产品接受待用户查看,V1.0本地Mock；4804328a工作树内容哈希见build-manifest.json；浏览器证据2026-09-17T13:25:12.321Z
ACT-S07-07,work-item-catalog.md ACT-S07-07,到达指定接收方时，回货实收以“到达→实收数量及差异”识别该动作的完成事实,WP01/WP02,src/pages/production-fulfillment/catalog.ts、configuration.ts,77条工作目录逐条检查：稳定ID/阶段/适用条件/起止/责任/单据/规则依据非空；scripts/check-dds-production-fulfillment.mjs：目录/详情/匹配配置,配置→工作目录；按候选类型验证定义，不声称每任务77项或77类已接线上；无新增PDA执行或现场标签打印（沿用来源系统）；DDS报表打印另验。,已验证,implementation-evidence/verification.json；implementation-evidence/build.log；implementation-evidence/build-manifest.json；implementation-review.md,用户已指示按方案执行；Codex完成原型验证；产品接受待用户查看,V1.0本地Mock；4804328a工作树内容哈希见build-manifest.json；浏览器证据2026-09-17T13:25:12.321Z
ACT-S08-01,work-item-catalog.md ACT-S08-01,到货后需初检时，回货接收检验以“实收→检验与分流”识别该动作的完成事实,WP01/WP02,src/pages/production-fulfillment/catalog.ts、configuration.ts,77条工作目录逐条检查：稳定ID/阶段/适用条件/起止/责任/单据/规则依据非空；scripts/check-dds-production-fulfillment.mjs：目录/详情/匹配配置,配置→工作目录；按候选类型验证定义，不声称每任务77项或77类已接线上；无新增PDA执行或现场标签打印（沿用来源系统）；DDS报表打印另验。,已验证,implementation-evidence/verification.json；implementation-evidence/build.log；implementation-evidence/build-manifest.json；implementation-review.md,用户已指示按方案执行；Codex完成原型验证；产品接受待用户查看,V1.0本地Mock；4804328a工作树内容哈希见build-manifest.json；浏览器证据2026-09-17T13:25:12.321Z
ACT-S08-02,work-item-catalog.md ACT-S08-02,需后道加工时，后道任务领取与排队以“具备输入→有效开工”识别该动作的完成事实,WP01/WP02,src/pages/production-fulfillment/catalog.ts、configuration.ts,77条工作目录逐条检查：稳定ID/阶段/适用条件/起止/责任/单据/规则依据非空；scripts/check-dds-production-fulfillment.mjs：目录/详情/匹配配置,配置→工作目录；按候选类型验证定义，不声称每任务77项或77类已接线上；无新增PDA执行或现场标签打印（沿用来源系统）；DDS报表打印另验。,已验证,implementation-evidence/verification.json；implementation-evidence/build.log；implementation-evidence/build-manifest.json；implementation-review.md,用户已指示按方案执行；Codex完成原型验证；产品接受待用户查看,V1.0本地Mock；4804328a工作树内容哈希见build-manifest.json；浏览器证据2026-09-17T13:25:12.321Z
ACT-S08-03,work-item-catalog.md ACT-S08-03,按烫包等实际路线时，后道执行以“开工→后道完成”识别该动作的完成事实,WP01/WP02,src/pages/production-fulfillment/catalog.ts、configuration.ts,77条工作目录逐条检查：稳定ID/阶段/适用条件/起止/责任/单据/规则依据非空；scripts/check-dds-production-fulfillment.mjs：目录/详情/匹配配置,配置→工作目录；按候选类型验证定义，不声称每任务77项或77类已接线上；无新增PDA执行或现场标签打印（沿用来源系统）；DDS报表打印另验。,已验证,implementation-evidence/verification.json；implementation-evidence/build.log；implementation-evidence/build-manifest.json；implementation-review.md,用户已指示按方案执行；Codex完成原型验证；产品接受待用户查看,V1.0本地Mock；4804328a工作树内容哈希见build-manifest.json；浏览器证据2026-09-17T13:25:12.321Z
ACT-S08-04,work-item-catalog.md ACT-S08-04,需终检放行时，终检以“后道结果具备→检验判定”识别该动作的完成事实,WP01/WP02,src/pages/production-fulfillment/catalog.ts、configuration.ts,77条工作目录逐条检查：稳定ID/阶段/适用条件/起止/责任/单据/规则依据非空；scripts/check-dds-production-fulfillment.mjs：目录/详情/匹配配置,配置→工作目录；按候选类型验证定义，不声称每任务77项或77类已接线上；无新增PDA执行或现场标签打印（沿用来源系统）；DDS报表打印另验。,已验证,implementation-evidence/verification.json；implementation-evidence/build.log；implementation-evidence/build-manifest.json；implementation-review.md,用户已指示按方案执行；Codex完成原型验证；产品接受待用户查看,V1.0本地Mock；4804328a工作树内容哈希见build-manifest.json；浏览器证据2026-09-17T13:25:12.321Z
ACT-S08-05,work-item-catalog.md ACT-S08-05,本批不合格／待判时，质量处置及复检以“问题确认→最终处置结果”识别该动作的完成事实,WP01/WP02,src/pages/production-fulfillment/catalog.ts、configuration.ts,77条工作目录逐条检查：稳定ID/阶段/适用条件/起止/责任/单据/规则依据非空；scripts/check-dds-production-fulfillment.mjs：目录/详情/匹配配置,配置→工作目录；按候选类型验证定义，不声称每任务77项或77类已接线上；无新增PDA执行或现场标签打印（沿用来源系统）；DDS报表打印另验。,已验证,implementation-evidence/verification.json；implementation-evidence/build.log；implementation-evidence/build-manifest.json；implementation-review.md,用户已指示按方案执行；Codex完成原型验证；产品接受待用户查看,V1.0本地Mock；4804328a工作树内容哈希见build-manifest.json；浏览器证据2026-09-17T13:25:12.321Z
ACT-S08-06,work-item-catalog.md ACT-S08-06,可交成衣时，成衣交出以“放行→交出确认”识别该动作的完成事实,WP01/WP02,src/pages/production-fulfillment/catalog.ts、configuration.ts,77条工作目录逐条检查：稳定ID/阶段/适用条件/起止/责任/单据/规则依据非空；scripts/check-dds-production-fulfillment.mjs：目录/详情/匹配配置,配置→工作目录；按候选类型验证定义，不声称每任务77项或77类已接线上；无新增PDA执行或现场标签打印（沿用来源系统）；DDS报表打印另验。,已验证,implementation-evidence/verification.json；implementation-evidence/build.log；implementation-evidence/build-manifest.json；implementation-review.md,用户已指示按方案执行；Codex完成原型验证；产品接受待用户查看,V1.0本地Mock；4804328a工作树内容哈希见build-manifest.json；浏览器证据2026-09-17T13:25:12.321Z
ACT-S08-07,work-item-catalog.md ACT-S08-07,成衣到仓时，成衣仓实收以“交付→仓库实收数量”识别该动作的完成事实,WP01/WP02,src/pages/production-fulfillment/catalog.ts、configuration.ts,77条工作目录逐条检查：稳定ID/阶段/适用条件/起止/责任/单据/规则依据非空；scripts/check-dds-production-fulfillment.mjs：目录/详情/匹配配置,配置→工作目录；按候选类型验证定义，不声称每任务77项或77类已接线上；无新增PDA执行或现场标签打印（沿用来源系统）；DDS报表打印另验。,已验证,implementation-evidence/verification.json；implementation-evidence/build.log；implementation-evidence/build-manifest.json；implementation-review.md,用户已指示按方案执行；Codex完成原型验证；产品接受待用户查看,V1.0本地Mock；4804328a工作树内容哈希见build-manifest.json；浏览器证据2026-09-17T13:25:12.321Z
ACT-S08-08,work-item-catalog.md ACT-S08-08,实收且质量满足时，成衣入库及可发确认以“可入库→可供发货库存”识别该动作的完成事实,WP01/WP02,src/pages/production-fulfillment/catalog.ts、configuration.ts,77条工作目录逐条检查：稳定ID/阶段/适用条件/起止/责任/单据/规则依据非空；scripts/check-dds-production-fulfillment.mjs：目录/详情/匹配配置,配置→工作目录；按候选类型验证定义，不声称每任务77项或77类已接线上；无新增PDA执行或现场标签打印（沿用来源系统）；DDS报表打印另验。,已验证,implementation-evidence/verification.json；implementation-evidence/build.log；implementation-evidence/build-manifest.json；implementation-review.md,用户已指示按方案执行；Codex完成原型验证；产品接受待用户查看,V1.0本地Mock；4804328a工作树内容哈希见build-manifest.json；浏览器证据2026-09-17T13:25:12.321Z
ACT-S09-01,work-item-catalog.md ACT-S09-01,有效成衣待发时，发货条件确认以“具备检查条件→可发／待履约原因明确”识别该动作的完成事实,WP01/WP02,src/pages/production-fulfillment/catalog.ts、configuration.ts,77条工作目录逐条检查：稳定ID/阶段/适用条件/起止/责任/单据/规则依据非空；scripts/check-dds-production-fulfillment.mjs：目录/详情/匹配配置,配置→工作目录；按候选类型验证定义，不声称每任务77项或77类已接线上；无新增PDA执行或现场标签打印（沿用来源系统）；DDS报表打印另验。,已验证,implementation-evidence/verification.json；implementation-evidence/build.log；implementation-evidence/build-manifest.json；implementation-review.md,用户已指示按方案执行；Codex完成原型验证；产品接受待用户查看,V1.0本地Mock；4804328a工作树内容哈希见build-manifest.json；浏览器证据2026-09-17T13:25:12.321Z
ACT-S09-02,work-item-catalog.md ACT-S09-02,具备实际业务发货任务时，拣配以“可拣配→本次拣配完成”识别该动作的完成事实,WP01/WP02,src/pages/production-fulfillment/catalog.ts、configuration.ts,77条工作目录逐条检查：稳定ID/阶段/适用条件/起止/责任/单据/规则依据非空；scripts/check-dds-production-fulfillment.mjs：目录/详情/匹配配置,配置→工作目录；按候选类型验证定义，不声称每任务77项或77类已接线上；无新增PDA执行或现场标签打印（沿用来源系统）；DDS报表打印另验。,已验证,implementation-evidence/verification.json；implementation-evidence/build.log；implementation-evidence/build-manifest.json；implementation-review.md,用户已指示按方案执行；Codex完成原型验证；产品接受待用户查看,V1.0本地Mock；4804328a工作树内容哈希见build-manifest.json；浏览器证据2026-09-17T13:25:12.321Z
ACT-S09-03,work-item-catalog.md ACT-S09-03,本次拣配完成时，复核以“待复核→货品数量复核通过”识别该动作的完成事实,WP01/WP02,src/pages/production-fulfillment/catalog.ts、configuration.ts,77条工作目录逐条检查：稳定ID/阶段/适用条件/起止/责任/单据/规则依据非空；scripts/check-dds-production-fulfillment.mjs：目录/详情/匹配配置,配置→工作目录；按候选类型验证定义，不声称每任务77项或77类已接线上；无新增PDA执行或现场标签打印（沿用来源系统）；DDS报表打印另验。,已验证,implementation-evidence/verification.json；implementation-evidence/build.log；implementation-evidence/build-manifest.json；implementation-review.md,用户已指示按方案执行；Codex完成原型验证；产品接受待用户查看,V1.0本地Mock；4804328a工作树内容哈希见build-manifest.json；浏览器证据2026-09-17T13:25:12.321Z
ACT-S09-04,work-item-catalog.md ACT-S09-04,本次需包装时，包装与交运准备以“可打包→可实际交运”识别该动作的完成事实,WP01/WP02,src/pages/production-fulfillment/catalog.ts、configuration.ts,77条工作目录逐条检查：稳定ID/阶段/适用条件/起止/责任/单据/规则依据非空；scripts/check-dds-production-fulfillment.mjs：目录/详情/匹配配置,配置→工作目录；按候选类型验证定义，不声称每任务77项或77类已接线上；无新增PDA执行或现场标签打印（沿用来源系统）；DDS报表打印另验。,已验证,implementation-evidence/verification.json；implementation-evidence/build.log；implementation-evidence/build-manifest.json；implementation-review.md,用户已指示按方案执行；Codex完成原型验证；产品接受待用户查看,V1.0本地Mock；4804328a工作树内容哈希见build-manifest.json；浏览器证据2026-09-17T13:25:12.321Z
ACT-S09-05,work-item-catalog.md ACT-S09-05,本次货物实际发出时，实际发货确认以“可交运→有效实际发货事件”识别该动作的完成事实,WP01/WP02,src/pages/production-fulfillment/catalog.ts、configuration.ts,77条工作目录逐条检查：稳定ID/阶段/适用条件/起止/责任/单据/规则依据非空；scripts/check-dds-production-fulfillment.mjs：目录/详情/匹配配置,配置→工作目录；按候选类型验证定义，不声称每任务77项或77类已接线上；无新增PDA执行或现场标签打印（沿用来源系统）；DDS报表打印另验。,已验证,implementation-evidence/verification.json；implementation-evidence/build.log；implementation-evidence/build-manifest.json；implementation-review.md,用户已指示按方案执行；Codex完成原型验证；产品接受待用户查看,V1.0本地Mock；4804328a工作树内容哈希见build-manifest.json；浏览器证据2026-09-17T13:25:12.321Z
ACT-S09-06,work-item-catalog.md ACT-S09-06,实发时才建立时，发货订单／生产来源关联以“实发事实→对应订单行与生产来源数量确认”识别该动作的完成事实,WP01/WP02,src/pages/production-fulfillment/catalog.ts、configuration.ts,77条工作目录逐条检查：稳定ID/阶段/适用条件/起止/责任/单据/规则依据非空；scripts/check-dds-production-fulfillment.mjs：目录/详情/匹配配置,配置→工作目录；按候选类型验证定义，不声称每任务77项或77类已接线上；无新增PDA执行或现场标签打印（沿用来源系统）；DDS报表打印另验。,已验证,implementation-evidence/verification.json；implementation-evidence/build.log；implementation-evidence/build-manifest.json；implementation-review.md,用户已指示按方案执行；Codex完成原型验证；产品接受待用户查看,V1.0本地Mock；4804328a工作树内容哈希见build-manifest.json；浏览器证据2026-09-17T13:25:12.321Z
ACT-S09-07,work-item-catalog.md ACT-S09-07,已有实发订单关联时，订单时效核算以“所需订单事实齐→时效结果可查”识别该动作的完成事实,WP01/WP02,src/pages/production-fulfillment/catalog.ts、configuration.ts,77条工作目录逐条检查：稳定ID/阶段/适用条件/起止/责任/单据/规则依据非空；scripts/check-dds-production-fulfillment.mjs：目录/详情/匹配配置,配置→工作目录；按候选类型验证定义，不声称每任务77项或77类已接线上；无新增PDA执行或现场标签打印（沿用来源系统）；DDS报表打印另验。,已验证,implementation-evidence/verification.json；implementation-evidence/build.log；implementation-evidence/build-manifest.json；implementation-review.md,用户已指示按方案执行；Codex完成原型验证；产品接受待用户查看,V1.0本地Mock；4804328a工作树内容哈希见build-manifest.json；浏览器证据2026-09-17T13:25:12.321Z
