源文档,原始行号,所属章节,行意图,对应需求ID或背景,审阅结论,问题ID,原文,审阅范围,源快照SHA256
product-design.md,1,文首,组织文档或图表语法：DDS 供应链域「生产与履约时效」产品设计方案,背景（结构行；所属语义见同节正文）,结构行已阅读；不独立认定业务实现通过,,# DDS 供应链域「生产与履约时效」产品设计方案,仅产品文档语义；不构成源码或页面验收,52b4fcb24c0194b77531b422ec60791a6ee3fdf48cc54fecfc4a023e16c2c9ee
product-design.md,3,文首,声明版本、设计边界和配套文档｜本行：版本：V1.0 设计评审稿｜日期：2026-09-17｜代码依据：main @ 4804328a822eec3c77eee1ffa5b10911,背景／EVIDENCE-002,历史设计稿说明合理，但与末尾当前交付状态需统一,F14,版本：V1.0 设计评审稿｜日期：2026-09-17｜代码依据：main @ 4804328a822eec3c77eee1ffa5b10911bb77c9fe,仅产品文档语义；不构成源码或页面验收,52b4fcb24c0194b77531b422ec60791a6ee3fdf48cc54fecfc4a023e16c2c9ee
product-design.md,5,文首,声明版本、设计边界和配套文档｜本行：本次交付为产品设计、演示数据、静态图示、实施计划与需求追踪，不代表功能已经实现。所有带 MOCK 前缀的单号、人员、时间、数量、产能、时长均为设,背景／EVIDENCE-002,历史设计稿说明合理，但与末尾当前交付状态需统一,F14,本次交付为产品设计、演示数据、静态图示、实施计划与需求追踪，不代表功能已经实现。所有带 MOCK 前缀的单号、人员、时间、数量、产能、时长均为设计演示。用户本轮确认的事实优先于旧方案和代码；文档中的操作描述不是执行授权。,仅产品文档语义；不构成源码或页面验收,52b4fcb24c0194b77531b422ec60791a6ee3fdf48cc54fecfc4a023e16c2c9ee
product-design.md,7,文首,声明版本、设计边界和配套文档｜本行：配套材料：[完整 Mock 数据与算例](mock-scenarios.md) · [机器可读数据](mock-data.json) · [工作,背景／EVIDENCE-002,历史设计稿说明合理，但与末尾当前交付状态需统一,F14,配套材料：[完整 Mock 数据与算例](mock-scenarios.md) · [机器可读数据](mock-data.json) · [工作项目录](work-item-catalog.md) · [实施计划](implementation-plan.md) · [需求矩阵](requirements-matrix.csv) · [设计核验](design-review.md),仅产品文档语义；不构成源码或页面验收,52b4fcb24c0194b77531b422ec60791a6ee3fdf48cc54fecfc4a023e16c2c9ee
product-design.md,9,文首,声明版本、设计边界和配套文档｜本行：快速查看：[跟单首屏图示](assets/follower-overview.png) · [31项完整甘特图](assets/task-tim,背景／EVIDENCE-002,历史设计稿说明合理，但与末尾当前交付状态需统一,F14,快速查看：[跟单首屏图示](assets/follower-overview.png) · [31项完整甘特图](assets/task-timeline.png) · [260条需求索引](requirements-index.md) · [来源代码与资料索引](source-index.md),仅产品文档语义；不构成源码或页面验收,52b4fcb24c0194b77531b422ec60791a6ee3fdf48cc54fecfc4a023e16c2c9ee
product-design.md,11,01. 产品定位、菜单与范围,组织文档或图表语法：01. 产品定位、菜单与范围,背景（结构行；所属语义见同节正文）,结构行已阅读；不独立认定业务实现通过,,## 01. 产品定位、菜单与范围,仅产品文档语义；不构成源码或页面验收,52b4fcb24c0194b77531b422ec60791a6ee3fdf48cc54fecfc4a023e16c2c9ee
product-design.md,13,01. 产品定位、菜单与范围,确定模块入口、监控范围及两项用户修正｜本行：建议正式名称为 **生产与履约时效**。它同时覆盖生产任务从下单到实发的过程，以及实际发货所对应客户订单的时效结果；中文“与”比“&”更适合现有,SCOPE-001/002/003,条文成立；本次仅确认设计语义，当前实现需另核对,,建议正式名称为 **生产与履约时效**。它同时覆盖生产任务从下单到实发的过程，以及实际发货所对应客户订单的时效结果；中文“与”比“&”更适合现有后台菜单。位于 **数据决策系统 DDS → 供应链域**，与已有的“物料监控与决策”并列。不要挂在该物料模块内部，也不另建一套采购、调拨、质检或发货操作系统。,仅产品文档语义；不构成源码或页面验收,52b4fcb24c0194b77531b422ec60791a6ee3fdf48cc54fecfc4a023e16c2c9ee
product-design.md,15,01. 产品定位、菜单与范围,组织文档或图表语法：text,背景（结构行；所属语义见同节正文）,结构行已阅读；不独立认定业务实现通过,,```text,仅产品文档语义；不构成源码或页面验收,52b4fcb24c0194b77531b422ec60791a6ee3fdf48cc54fecfc4a023e16c2c9ee
product-design.md,16,01. 产品定位、菜单与范围,确定模块入口、监控范围及两项用户修正｜本行：数据决策系统 DDS,SCOPE-001/002/003/004；STATE-006/007；MATERIAL-005/006,条文成立；本次仅确认设计语义，当前实现需另核对,,数据决策系统 DDS,仅产品文档语义；不构成源码或页面验收,52b4fcb24c0194b77531b422ec60791a6ee3fdf48cc54fecfc4a023e16c2c9ee
product-design.md,17,01. 产品定位、菜单与范围,确定模块入口、监控范围及两项用户修正｜本行：└─ 供应链域,SCOPE-001/002/003/004；STATE-006/007；MATERIAL-005/006,条文成立；本次仅确认设计语义，当前实现需另核对,,└─ 供应链域,仅产品文档语义；不构成源码或页面验收,52b4fcb24c0194b77531b422ec60791a6ee3fdf48cc54fecfc4a023e16c2c9ee
product-design.md,18,01. 产品定位、菜单与范围,确定模块入口、监控范围及两项用户修正｜本行：├─ 物料监控与决策（现有）,SCOPE-001/002/003/004；STATE-006/007；MATERIAL-005/006,条文成立；本次仅确认设计语义，当前实现需另核对,,   ├─ 物料监控与决策（现有）,仅产品文档语义；不构成源码或页面验收,52b4fcb24c0194b77531b422ec60791a6ee3fdf48cc54fecfc4a023e16c2c9ee
product-design.md,19,01. 产品定位、菜单与范围,确定模块入口、监控范围及两项用户修正｜本行：└─ 生产与履约时效（新增）,SCOPE-001/002/003/004；STATE-006/007；MATERIAL-005/006,条文成立；本次仅确认设计语义，当前实现需另核对,,   └─ 生产与履约时效（新增）,仅产品文档语义；不构成源码或页面验收,52b4fcb24c0194b77531b422ec60791a6ee3fdf48cc54fecfc4a023e16c2c9ee
product-design.md,20,01. 产品定位、菜单与范围,确定模块入口、监控范围及两项用户修正｜本行：├─ 时效总览,SCOPE-001/002/003/004；STATE-006/007；MATERIAL-005/006,条文成立；本次仅确认设计语义，当前实现需另核对,,      ├─ 时效总览,仅产品文档语义；不构成源码或页面验收,52b4fcb24c0194b77531b422ec60791a6ee3fdf48cc54fecfc4a023e16c2c9ee
product-design.md,21,01. 产品定位、菜单与范围,确定模块入口、监控范围及两项用户修正｜本行：├─ 生产任务,SCOPE-001/002/003/004；STATE-006/007；MATERIAL-005/006,条文成立；本次仅确认设计语义，当前实现需另核对,,      ├─ 生产任务,仅产品文档语义；不构成源码或页面验收,52b4fcb24c0194b77531b422ec60791a6ee3fdf48cc54fecfc4a023e16c2c9ee
product-design.md,22,01. 产品定位、菜单与范围,确定模块入口、监控范围及两项用户修正｜本行：├─ 我的跟单,SCOPE-001/002/003/004；STATE-006/007；MATERIAL-005/006,条文成立；本次仅确认设计语义，当前实现需另核对,,      ├─ 我的跟单,仅产品文档语义；不构成源码或页面验收,52b4fcb24c0194b77531b422ec60791a6ee3fdf48cc54fecfc4a023e16c2c9ee
product-design.md,23,01. 产品定位、菜单与范围,确定模块入口、监控范围及两项用户修正｜本行：├─ 工作项监控,SCOPE-001/002/003/004；STATE-006/007；MATERIAL-005/006,条文成立；本次仅确认设计语义，当前实现需另核对,,      ├─ 工作项监控,仅产品文档语义；不构成源码或页面验收,52b4fcb24c0194b77531b422ec60791a6ee3fdf48cc54fecfc4a023e16c2c9ee
product-design.md,24,01. 产品定位、菜单与范围,确定模块入口、监控范围及两项用户修正｜本行：├─ 团队与工厂,SCOPE-001/002/003/004；STATE-006/007；MATERIAL-005/006,条文成立；本次仅确认设计语义，当前实现需另核对,,      ├─ 团队与工厂,仅产品文档语义；不构成源码或页面验收,52b4fcb24c0194b77531b422ec60791a6ee3fdf48cc54fecfc4a023e16c2c9ee
product-design.md,25,01. 产品定位、菜单与范围,确定模块入口、监控范围及两项用户修正｜本行：├─ 订单履约分析,SCOPE-001/002/003/004；STATE-006/007；MATERIAL-005/006,条文成立；本次仅确认设计语义，当前实现需另核对,,      ├─ 订单履约分析,仅产品文档语义；不构成源码或页面验收,52b4fcb24c0194b77531b422ec60791a6ee3fdf48cc54fecfc4a023e16c2c9ee
product-design.md,26,01. 产品定位、菜单与范围,确定模块入口、监控范围及两项用户修正｜本行：└─ 规则与配置,SCOPE-001/002/003/004；STATE-006/007；MATERIAL-005/006,条文成立；本次仅确认设计语义，当前实现需另核对,,      └─ 规则与配置,仅产品文档语义；不构成源码或页面验收,52b4fcb24c0194b77531b422ec60791a6ee3fdf48cc54fecfc4a023e16c2c9ee
product-design.md,27,01. 产品定位、菜单与范围,组织文档或图表语法：,背景（结构行；所属语义见同节正文）,结构行已阅读；不独立认定业务实现通过,,```,仅产品文档语义；不构成源码或页面验收,52b4fcb24c0194b77531b422ec60791a6ee3fdf48cc54fecfc4a023e16c2c9ee
product-design.md,29,01. 产品定位、菜单与范围,确定模块入口、监控范围及两项用户修正｜本行：核心问题：一笔生产任务需要做什么、由谁做、应在何时完成、现在做到多少、哪里卡住、是否会影响整体实发，以及责任团队今天先做什么。,背景（产品目标）,条文成立；本次仅确认设计语义，当前实现需另核对,,核心问题：一笔生产任务需要做什么、由谁做、应在何时完成、现在做到多少、哪里卡住、是否会影响整体实发，以及责任团队今天先做什么。,仅产品文档语义；不构成源码或页面验收,52b4fcb24c0194b77531b422ec60791a6ee3fdf48cc54fecfc4a023e16c2c9ee
product-design.md,31,01. 产品定位、菜单与范围,确定模块入口、监控范围及两项用户修正｜本行：范围包括：阶段／工作项识别、单据关联、条件判断、串并行时效计算、数量和质量进度、预测、整体与局部责任、发货后订单时效核算、规则版本、数据质量、异,SCOPE-003/004,条文成立；本次仅确认设计语义，当前实现需另核对,,范围包括：阶段／工作项识别、单据关联、条件判断、串并行时效计算、数量和质量进度、预测、整体与局部责任、发货后订单时效核算、规则版本、数据质量、异常跟进记录。DDS读取来源事实并解释，业务动作仍在原系统执行；原型允许模拟跳转与演示记录，不实现真实后端、通知通道、鉴权或排产优化引擎。,仅产品文档语义；不构成源码或页面验收,52b4fcb24c0194b77531b422ec60791a6ee3fdf48cc54fecfc4a023e16c2c9ee
product-design.md,33,01. 产品定位、菜单与范围,确定模块入口、监控范围及两项用户修正｜本行：**两条修正作为全篇前提：**,背景（用户补充优先）,条文成立；本次仅确认设计语义，当前实现需另核对,,**两条修正作为全篇前提：**,仅产品文档语义；不构成源码或页面验收,52b4fcb24c0194b77531b422ec60791a6ee3fdf48cc54fecfc4a023e16c2c9ee
product-design.md,35,01. 产品定位、菜单与范围,确定模块入口、监控范围及两项用户修正｜本行：- 客户订单在实际发货时才确认关联。生产期间不能先列出“这笔生产任务待发的具体客户订单”，也不能用未知客户订单截止倒排生产。,STATE-006/007,条文成立；本次仅确认设计语义，当前实现需另核对,,- 客户订单在实际发货时才确认关联。生产期间不能先列出“这笔生产任务待发的具体客户订单”，也不能用未知客户订单截止倒排生产。,仅产品文档语义；不构成源码或页面验收,52b4fcb24c0194b77531b422ec60791a6ee3fdf48cc54fecfc4a023e16c2c9ee
product-design.md,36,01. 产品定位、菜单与范围,确定模块入口、监控范围及两项用户修正｜本行：- 面辅料采购必须追到仓库入库及后续调拨到目标工厂实收；库存足够时也保留调拨全过程。仓库入库、调拨出库、工厂实收是不同事实。,MATERIAL-005/006,条文成立；本次仅确认设计语义，当前实现需另核对,,- 面辅料采购必须追到仓库入库及后续调拨到目标工厂实收；库存足够时也保留调拨全过程。仓库入库、调拨出库、工厂实收是不同事实。,仅产品文档语义；不构成源码或页面验收,52b4fcb24c0194b77531b422ec60791a6ee3fdf48cc54fecfc4a023e16c2c9ee
product-design.md,38,02. 当前原型依据与需要补齐的部分,组织文档或图表语法：02. 当前原型依据与需要补齐的部分,背景（结构行；所属语义见同节正文）,结构行已阅读；不独立认定业务实现通过,,## 02. 当前原型依据与需要补齐的部分,仅产品文档语义；不构成源码或页面验收,52b4fcb24c0194b77531b422ec60791a6ee3fdf48cc54fecfc4a023e16c2c9ee
product-design.md,40,02. 当前原型依据与需要补齐的部分,记录现有原型和目标方案的衔接｜本行：以下是当前代码事实，不是对线上数据库结构的推断。用户提供的线上采购页面是线上业务证据；本地 Mock 不能替代线上事实。,SOURCE-001/002/003/004/005；背景（当前代码依据）,现有代码陈述须主代理按当前版本核对；本审阅不将其当已验收实现,,以下是当前代码事实，不是对线上数据库结构的推断。用户提供的线上采购页面是线上业务证据；本地 Mock 不能替代线上事实。,仅产品文档语义；不构成源码或页面验收,52b4fcb24c0194b77531b422ec60791a6ee3fdf48cc54fecfc4a023e16c2c9ee
product-design.md,42,02. 当前原型依据与需要补齐的部分,记录现有原型和目标方案的衔接｜本行：已核对位置,SOURCE-001/002/003/004/005；背景（当前代码依据）,现有代码陈述须主代理按当前版本核对；本审阅不将其当已验收实现,,|已核对位置|当前事实|本设计如何承接|,仅产品文档语义；不构成源码或页面验收,52b4fcb24c0194b77531b422ec60791a6ee3fdf48cc54fecfc4a023e16c2c9ee
product-design.md,43,02. 当前原型依据与需要补齐的部分,组织文档或图表语法：|---|---|---|,背景（结构行；所属语义见同节正文）,结构行已阅读；不独立认定业务实现通过,,|---|---|---|,仅产品文档语义；不构成源码或页面验收,52b4fcb24c0194b77531b422ec60791a6ee3fdf48cc54fecfc4a023e16c2c9ee
product-design.md,44,02. 当前原型依据与需要补齐的部分,记录现有原型和目标方案的衔接｜本行：`src/data/app-shell-config.ts` DDS配置,SCOPE-001,现有代码陈述须主代理按当前版本核对；本审阅不将其当已验收实现,,|`src/data/app-shell-config.ts` DDS配置|供应链域已有“物料监控与决策”及7个子页|在同域增加并列菜单；不修改物料模块业务|,仅产品文档语义；不构成源码或页面验收,52b4fcb24c0194b77531b422ec60791a6ee3fdf48cc54fecfc4a023e16c2c9ee
product-design.md,45,02. 当前原型依据与需要补齐的部分,记录现有原型和目标方案的衔接｜本行：`src/router/routes.ts`；`src/pages/material-decision/index.ts`,PAGE-001,现有代码陈述须主代理按当前版本核对；本审阅不将其当已验收实现,,|`src/router/routes.ts`；`src/pages/material-decision/index.ts`|DDS物料页已有独立路由和页面事件入口|复用现有壳、导航与事件组织方式；新模块独立目录|,仅产品文档语义；不构成源码或页面验收,52b4fcb24c0194b77531b422ec60791a6ee3fdf48cc54fecfc4a023e16c2c9ee
product-design.md,46,02. 当前原型依据与需要补齐的部分,记录现有原型和目标方案的衔接｜本行：`src/data/fcs/production-demands.ts`,OBJECT-001/002,现有代码陈述须主代理按当前版本核对；本审阅不将其当已验收实现,,|`src/data/fcs/production-demands.ts`|有来源单号、SPU、跟单、SKU数量、创建时间、生产单关联|保留需求源头，不把生产单创建时间当T0|,仅产品文档语义；不构成源码或页面验收,52b4fcb24c0194b77531b422ec60791a6ee3fdf48cc54fecfc4a023e16c2c9ee
product-design.md,47,02. 当前原型依据与需要补齐的部分,记录现有原型和目标方案的衔接｜本行：`src/data/fcs/production-orders.ts`,OBJECT-003,现有代码陈述须主代理按当前版本核对；本审阅不将其当已验收实现,,|`src/data/fcs/production-orders.ts`|生产单可携带多个来源需求快照|生产单下钻按来源需求分别保留起点、数量和截止|,仅产品文档语义；不构成源码或页面验收,52b4fcb24c0194b77531b422ec60791a6ee3fdf48cc54fecfc4a023e16c2c9ee
product-design.md,48,02. 当前原型依据与需要补齐的部分,记录现有原型和目标方案的衔接｜本行：`src/data/pcs-engineering-master-types.ts`；`pcs-engineering-master-repository.ts`,SOURCE-001,现有代码陈述须主代理按当前版本核对；本审阅不将其当已验收实现,,|`src/data/pcs-engineering-master-types.ts`；`pcs-engineering-master-repository.ts`|准备单按款式／设计版本组织，存在资料复用；尚无本模块需要的显式需求关联|补齐准备单—生产需求关系；不能只按SPU猜测是哪一笔需求|,仅产品文档语义；不构成源码或页面验收,52b4fcb24c0194b77531b422ec60791a6ee3fdf48cc54fecfc4a023e16c2c9ee
product-design.md,49,02. 当前原型依据与需要补齐的部分,记录现有原型和目标方案的衔接｜本行：`pcs-engineering-dependency-policy.ts`,SOURCE-002,现有代码陈述须主代理按当前版本核对；本审阅不将其当已验收实现,,|`pcs-engineering-dependency-policy.ts`|已有8类任务、适用判断、前置关系、样衣与尺码纸样并行等规则|直接承接真实任务类型；细分要求提交、执行、审核等计时节点|,仅产品文档语义；不构成源码或页面验收,52b4fcb24c0194b77531b422ec60791a6ee3fdf48cc54fecfc4a023e16c2c9ee
product-design.md,50,02. 当前原型依据与需要补齐的部分,记录现有原型和目标方案的衔接｜本行：`pcs-engineering-preparation-projection.ts`,SOURCE-001；TIME-011,现有代码陈述须主代理按当前版本核对；本审阅不将其当已验收实现,,|`pcs-engineering-preparation-projection.ts`|现有9类计时投影与固定预算；技术资料确认未作为完整计时节点；需求／生产单号留空；起算随计划／发布等事件|不能把这张局部投影直接复制为全链路时效；补齐源头、确认／发布与基线版本|,仅产品文档语义；不构成源码或页面验收,52b4fcb24c0194b77531b422ec60791a6ee3fdf48cc54fecfc4a023e16c2c9ee
product-design.md,51,02. 当前原型依据与需要补齐的部分,记录现有原型和目标方案的衔接｜本行：`pcs-engineering-purchase-linkage.ts`,SOURCE-003,现有代码陈述须主代理按当前版本核对；本审阅不将其当已验收实现,,|`pcs-engineering-purchase-linkage.ts`|采购联动看物料SKU覆盖及实际下单时间，不能证明足量或到厂|采购下单完成、足量供给、到仓、到厂分别判断|,仅产品文档语义；不构成源码或页面验收,52b4fcb24c0194b77531b422ec60791a6ee3fdf48cc54fecfc4a023e16c2c9ee
product-design.md,52,02. 当前原型依据与需要补齐的部分,记录现有原型和目标方案的衔接｜本行：`src/data/fcs/production-demand-early-process-work-orders.ts`,SOURCE-004,现有代码陈述须主代理按当前版本核对；本审阅不将其当已验收实现,,|`src/data/fcs/production-demand-early-process-work-orders.ts`|需求侧提前染色／印花有来源快照与后续匹配；部分专业任务引用由Mock构造|允许需求阶段提前建加工单；正式监控关联真实任务与版本，不能把构造值当真实完成证据|,仅产品文档语义；不构成源码或页面验收,52b4fcb24c0194b77531b422ec60791a6ee3fdf48cc54fecfc4a023e16c2c9ee
product-design.md,53,02. 当前原型依据与需要补齐的部分,记录现有原型和目标方案的衔接｜本行：`src/data/tech-pack-process-route.ts`；FCS加工任务与接收事实,FLOW-002,现有代码陈述须主代理按当前版本核对；本审阅不将其当已验收实现,,|`src/data/tech-pack-process-route.ts`；FCS加工任务与接收事实|存在工艺路线、任务、投入产出、交出／接收等对象|按实际技术路线生成工作，不把所有工艺强制插入每单|,仅产品文档语义；不构成源码或页面验收,52b4fcb24c0194b77531b422ec60791a6ee3fdf48cc54fecfc4a023e16c2c9ee
product-design.md,54,02. 当前原型依据与需要补齐的部分,记录现有原型和目标方案的衔接｜本行：`src/data/fcs/sewing-production-order-duration.ts`,背景（局部车缝现状）,现有代码陈述须主代理按当前版本核对；本审阅不将其当已验收实现,,|`src/data/fcs/sewing-production-order-duration.ts`|已有车缝时效展示，但含专门演示场景|可借鉴表达；不作为全链路真实时效引擎|,仅产品文档语义；不构成源码或页面验收,52b4fcb24c0194b77531b422ec60791a6ee3fdf48cc54fecfc4a023e16c2c9ee
product-design.md,55,02. 当前原型依据与需要补齐的部分,记录现有原型和目标方案的衔接｜本行：`src/data/fcs/sewing-return-calendar.ts`,SOURCE-005,现有代码陈述须主代理按当前版本核对；本审阅不将其当已验收实现,,|`src/data/fcs/sewing-return-calendar.ts`|旧规则排除起始周某个周日|本模块统一自然日，必须显式隔离／调整规则来源；不能静默复用旧算法|,仅产品文档语义；不构成源码或页面验收,52b4fcb24c0194b77531b422ec60791a6ee3fdf48cc54fecfc4a023e16c2c9ee
product-design.md,56,02. 当前原型依据与需要补齐的部分,记录现有原型和目标方案的衔接｜本行：`src/pages/pms-purchase-orders.ts`,SCOPE-004,现有代码陈述须主代理按当前版本核对；本审阅不将其当已验收实现,,|`src/pages/pms-purchase-orders.ts`|本地采购覆盖范围与线上完整采购模块不同|线上商品采购、材料采购、物流批次需独立Mock映射，不能声称本地已经完整接通|,仅产品文档语义；不构成源码或页面验收,52b4fcb24c0194b77531b422ec60791a6ee3fdf48cc54fecfc4a023e16c2c9ee
product-design.md,57,02. 当前原型依据与需要补齐的部分,记录现有原型和目标方案的衔接｜本行：`src/components/ui/list-page.ts`、`pagination.ts`及同目录组件,DELIVERY-001,现有代码陈述须主代理按当前版本核对；本审阅不将其当已验收实现,,|`src/components/ui/list-page.ts`、`pagination.ts`及同目录组件|已有标准列表、分页等基础组件|延续当前样式和Vanilla TS字符串模板，不引入新UI框架|,仅产品文档语义；不构成源码或页面验收,52b4fcb24c0194b77531b422ec60791a6ee3fdf48cc54fecfc4a023e16c2c9ee
product-design.md,59,02. 当前原型依据与需要补齐的部分,承接八类生产准备任务、复用和采购去重｜本行：**生产准备具体映射：**现有任务为产前样、梭织尺码纸样、毛织尺码纸样、花型、毛纱调色、面料调色、辅料下单、技术资料确认。调色应展开跟单要求、工,SOURCE-002/003；TIME-007/008；OBJECT-005,条文成立；本次仅确认设计语义，当前实现需另核对,,**生产准备具体映射：**现有任务为产前样、梭织尺码纸样、毛织尺码纸样、花型、毛纱调色、面料调色、辅料下单、技术资料确认。调色应展开跟单要求、工厂执行、买手审核；花型展开执行与审核。不同路线适用数量不同，不强制每单8项。已复用资料显示版本、来源、确认时间及“已复用”，不虚构制作耗时。已下单辅料任务与采购来源使用同一事实，不能在PCS和采购阶段重复计时。,仅产品文档语义；不构成源码或页面验收,52b4fcb24c0194b77531b422ec60791a6ee3fdf48cc54fecfc4a023e16c2c9ee
product-design.md,61,03. 对象、层级与唯一口径,组织文档或图表语法：03. 对象、层级与唯一口径,背景（结构行；所属语义见同节正文）,结构行已阅读；不独立认定业务实现通过,,## 03. 对象、层级与唯一口径,仅产品文档语义；不构成源码或页面验收,52b4fcb24c0194b77531b422ec60791a6ee3fdf48cc54fecfc4a023e16c2c9ee
product-design.md,63,03. 对象、层级与唯一口径,定义任务、准备、生产单、工作与供给等监控对象｜本行：对象,OBJECT-001/002/003/004/005/006/007/008；FLOW-001/002/003,条文成立；本次仅确认设计语义，当前实现需另核对,,|对象|含义与关系|必须保留|,仅产品文档语义；不构成源码或页面验收,52b4fcb24c0194b77531b422ec60791a6ee3fdf48cc54fecfc4a023e16c2c9ee
product-design.md,64,03. 对象、层级与唯一口径,组织文档或图表语法：|---|---|---|,背景（结构行；所属语义见同节正文）,结构行已阅读；不独立认定业务实现通过,,|---|---|---|,仅产品文档语义；不构成源码或页面验收,52b4fcb24c0194b77531b422ec60791a6ee3fdf48cc54fecfc4a023e16c2c9ee
product-design.md,65,03. 对象、层级与唯一口径,定义任务、准备、生产单、工作与供给等监控对象｜本行：生产任务,OBJECT-001/002,条文成立；本次仅确认设计语义，当前实现需另核对,,|生产任务|一笔商品采购／对应生产需求的全程监控对象，二者1:1视为同一任务源头|唯一任务ID、两种业务单号、T0、原始／生效数量、主跟单|,仅产品文档语义；不构成源码或页面验收,52b4fcb24c0194b77531b422ec60791a6ee3fdf48cc54fecfc4a023e16c2c9ee
product-design.md,66,03. 对象、层级与唯一口径,定义任务、准备、生产单、工作与供给等监控对象｜本行：生产准备单,OBJECT-005,条文成立；本次仅确认设计语义，当前实现需另核对,,|生产准备单|承载准备工作及技术版本；关联某需求，也可能通过明确关系被复用|准备单号、需求关联、适用数量、版本、复用依据；不擅定1:1|,仅产品文档语义；不构成源码或页面验收,52b4fcb24c0194b77531b422ec60791a6ee3fdf48cc54fecfc4a023e16c2c9ee
product-design.md,67,03. 对象、层级与唯一口径,定义任务、准备、生产单、工作与供给等监控对象｜本行：生产单,OBJECT-003/004,条文成立；本次仅确认设计语义，当前实现需另核对,,|生产单|组织制造执行，可合并多个需求|来源需求及数量分配快照；每来源T0和截止；唯一主跟单与协同人|,仅产品文档语义；不构成源码或页面验收,52b4fcb24c0194b77531b422ec60791a6ee3fdf48cc54fecfc4a023e16c2c9ee
product-design.md,68,03. 对象、层级与唯一口径,定义任务、准备、生产单、工作与供给等监控对象｜本行：阶段,FLOW-001,条文成立；本次仅确认设计语义，当前实现需另核对,,|阶段|跨任务统一浏览分类|9类目录、实际适用／不适用；不是固定串行顺序|,仅产品文档语义；不构成源码或页面验收,52b4fcb24c0194b77531b422ec60791a6ee3fdf48cc54fecfc4a023e16c2c9ee
product-design.md,69,03. 对象、层级与唯一口径,定义任务、准备、生产单、工作与供给等监控对象｜本行：工作项类型,CONFIG-001/002/003/004,条文成立；本次仅确认设计语义，当前实现需另核对,,|工作项类型|可配置的业务动作定义|适用条件、单据与事件映射、时效规则、默认责任|,仅产品文档语义；不构成源码或页面验收,52b4fcb24c0194b77531b422ec60791a6ee3fdf48cc54fecfc4a023e16c2c9ee
product-design.md,70,03. 对象、层级与唯一口径,定义任务、准备、生产单、工作与供给等监控对象｜本行：工作项实例,FLOW-002,条文成立；本次仅确认设计语义，当前实现需另核对,,|工作项实例|某任务／物料／批次中实际需要做的一次工作|类型、对象、数量、责任、前置、标准／实际／预测时间|,仅产品文档语义；不构成源码或页面验收,52b4fcb24c0194b77531b422ec60791a6ee3fdf48cc54fecfc4a023e16c2c9ee
product-design.md,71,03. 对象、层级与唯一口径,定义任务、准备、生产单、工作与供给等监控对象｜本行：判断事项,FLOW-003；DATA-004,条文成立；本次仅确认设计语义，当前实现需另核对,,|判断事项|某工作是否需要、从哪里供给等尚未决定的事项|判断责任人、应判时间、候选合法路线；未知不能当不需要|,仅产品文档语义；不构成源码或页面验收,52b4fcb24c0194b77531b422ec60791a6ee3fdf48cc54fecfc4a023e16c2c9ee
product-design.md,72,03. 对象、层级与唯一口径,定义任务、准备、生产单、工作与供给等监控对象｜本行：供给分配,OBJECT-007,条文成立；本次仅确认设计语义，当前实现需另核对,,|供给分配|将现货、采购、加工产出分配给某需求的数量关系|输入／目标SKU、单位、需求行、批次、分配量、实际可用量|,仅产品文档语义；不构成源码或页面验收,52b4fcb24c0194b77531b422ec60791a6ee3fdf48cc54fecfc4a023e16c2c9ee
product-design.md,73,03. 对象、层级与唯一口径,定义任务、准备、生产单、工作与供给等监控对象｜本行：物流／调拨批次,MATERIAL-009,条文成立；本次仅确认设计语义，当前实现需另核对,,|物流／调拨批次|采购、转运、调拨的实际数量载体|发出、途中、到仓、入库、到厂实收事件和数量|,仅产品文档语义；不构成源码或页面验收,52b4fcb24c0194b77531b422ec60791a6ee3fdf48cc54fecfc4a023e16c2c9ee
product-design.md,74,03. 对象、层级与唯一口径,定义任务、准备、生产单、工作与供给等监控对象｜本行：实际发货关联,STATE-007；OBJECT-008,条文成立；本次仅确认设计语义，当前实现需另核对,,|实际发货关联|发货时将客户订单行、出库实物批次与任务数量建立关系|订单下单时刻、实际发货时刻、数量、来源批次、撤销／纠错记录|,仅产品文档语义；不构成源码或页面验收,52b4fcb24c0194b77531b422ec60791a6ee3fdf48cc54fecfc4a023e16c2c9ee
product-design.md,76,03. 对象、层级与唯一口径,保留合并来源时钟并按实例及分配去重｜本行：同一工作可服务多笔生产需求：任务详情可分别展示其影响，但全局工作项数按实例ID去重。共享能力／产出数量必须分配，不能将同一批物料或同一工厂产能完,OBJECT-003/004/006/007,条文成立；本次仅确认设计语义，当前实现需另核对,,同一工作可服务多笔生产需求：任务详情可分别展示其影响，但全局工作项数按实例ID去重。共享能力／产出数量必须分配，不能将同一批物料或同一工厂产能完整计算给多笔任务。生产单多来源时显示“共N个来源任务，最早生效截止…，其中N个风险”，不得用合并时间重置全部时钟。,仅产品文档语义；不构成源码或页面验收,52b4fcb24c0194b77531b422ec60791a6ee3fdf48cc54fecfc4a023e16c2c9ee
product-design.md,78,03. 对象、层级与唯一口径,规定实发来源不明不猜生产归属｜本行：若实际发货只知道客户订单但无法追到生产来源，订单自身的时效仍可核算；生产任务的已发数量保持“归属待确认”，不能按SPU猜测扣账。这是数据质量事项,OBJECT-008；DATA-004,业务规则成立；数据事项尚需完整字段与恢复闭环,F12,若实际发货只知道客户订单但无法追到生产来源，订单自身的时效仍可核算；生产任务的已发数量保持“归属待确认”，不能按SPU猜测扣账。这是数据质量事项，有责任人及处理期限。,仅产品文档语义；不构成源码或页面验收,52b4fcb24c0194b77531b422ec60791a6ee3fdf48cc54fecfc4a023e16c2c9ee
product-design.md,80,04. 阶段与工作项：目录固定，实例动态,组织文档或图表语法：04. 阶段与工作项：目录固定，实例动态,背景（结构行；所属语义见同节正文）,结构行已阅读；不独立认定业务实现通过,,## 04. 阶段与工作项：目录固定，实例动态,仅产品文档语义；不构成源码或页面验收,52b4fcb24c0194b77531b422ec60791a6ee3fdf48cc54fecfc4a023e16c2c9ee
product-design.md,82,04. 阶段与工作项：目录固定，实例动态,定义九阶段及主例31计时项的分类数｜本行：推荐 **9个展示阶段**。它们覆盖从需求下单到发货核算的全过程；其中S02、S03及S04的部分动作可以并行。某阶段无适用工作时显示“不适用，,FLOW-001/003,条文成立；本次仅确认设计语义，当前实现需另核对,,推荐 **9个展示阶段**。它们覆盖从需求下单到发货核算的全过程；其中S02、S03及S04的部分动作可以并行。某阶段无适用工作时显示“不适用，依据…”，默认收起，不能伪造成已完成。,仅产品文档语义；不构成源码或页面验收,52b4fcb24c0194b77531b422ec60791a6ee3fdf48cc54fecfc4a023e16c2c9ee
product-design.md,84,04. 阶段与工作项：目录固定，实例动态,定义九阶段及主例31计时项的分类数｜本行：阶段,FLOW-001/002/004；MOCK-002,条文成立；本次仅确认设计语义，当前实现需另核对,,|阶段|范围与结束结果|主案例计时项数|,仅产品文档语义；不构成源码或页面验收,52b4fcb24c0194b77531b422ec60791a6ee3fdf48cc54fecfc4a023e16c2c9ee
product-design.md,85,04. 阶段与工作项：目录固定，实例动态,组织文档或图表语法：|---|---|---:|,背景（结构行；所属语义见同节正文）,结构行已阅读；不独立认定业务实现通过,,|---|---|---:|,仅产品文档语义；不构成源码或页面验收,52b4fcb24c0194b77531b422ec60791a6ee3fdf48cc54fecfc4a023e16c2c9ee
product-design.md,86,04. 阶段与工作项：目录固定，实例动态,定义九阶段及主例31计时项的分类数｜本行：S01 需求受理与方案判断,FLOW-004；MOCK-002,条文成立；本次仅确认设计语义，当前实现需另核对,,|S01 需求受理与方案判断|责任落实、需求及供给路线判断|1|,仅产品文档语义；不构成源码或页面验收,52b4fcb24c0194b77531b422ec60791a6ee3fdf48cc54fecfc4a023e16c2c9ee
product-design.md,87,04. 阶段与工作项：目录固定，实例动态,定义九阶段及主例31计时项的分类数｜本行：S02 生产准备与技术放行,FLOW-004；MOCK-002,条文成立；本次仅确认设计语义，当前实现需另核对,,|S02 生产准备与技术放行|适用专业任务、审核及技术资料发布|8|,仅产品文档语义；不构成源码或页面验收,52b4fcb24c0194b77531b422ec60791a6ee3fdf48cc54fecfc4a023e16c2c9ee
product-design.md,88,04. 阶段与工作项：目录固定，实例动态,定义九阶段及主例31计时项的分类数｜本行：S03 面辅料供给、加工与到厂,FLOW-004；MOCK-002,条文成立；本次仅确认设计语义，当前实现需另核对,,|S03 面辅料供给、加工与到厂|缺口采购／现货调拨、必要加工、目标工厂实收可用|13|,仅产品文档语义；不构成源码或页面验收,52b4fcb24c0194b77531b422ec60791a6ee3fdf48cc54fecfc4a023e16c2c9ee
product-design.md,89,04. 阶段与工作项：目录固定，实例动态,定义九阶段及主例31计时项的分类数｜本行：S04 生产建单与任务下发,FLOW-004；MOCK-002,条文成立；本次仅确认设计语义，当前实现需另核对,,|S04 生产建单与任务下发|来源匹配、生产单、工艺与任务下发|2|,仅产品文档语义；不构成源码或页面验收,52b4fcb24c0194b77531b422ec60791a6ee3fdf48cc54fecfc4a023e16c2c9ee
product-design.md,90,04. 阶段与工作项：目录固定，实例动态,定义九阶段及主例31计时项的分类数｜本行：S05 裁床生产,FLOW-004；MOCK-002,条文成立；本次仅确认设计语义，当前实现需另核对,,|S05 裁床生产|配料、裁剪、验片及批次交接|2|,仅产品文档语义；不构成源码或页面验收,52b4fcb24c0194b77531b422ec60791a6ee3fdf48cc54fecfc4a023e16c2c9ee
product-design.md,91,04. 阶段与工作项：目录固定，实例动态,定义九阶段及主例31计时项的分类数｜本行：S06 特殊工艺与车缝配套,FLOW-004；MOCK-002,条文成立；本次仅确认设计语义，当前实现需另核对,,|S06 特殊工艺与车缝配套|适用特殊工艺、齐套／分单、配套交接|2|,仅产品文档语义；不构成源码或页面验收,52b4fcb24c0194b77531b422ec60791a6ee3fdf48cc54fecfc4a023e16c2c9ee
product-design.md,92,04. 阶段与工作项：目录固定，实例动态,定义九阶段及主例31计时项的分类数｜本行：S07 车缝与回货交接,FLOW-004；MOCK-002,条文成立；本次仅确认设计语义，当前实现需另核对,,|S07 车缝与回货交接|车缝进度、首批／后续回货和实收|1（组计时）|,仅产品文档语义；不构成源码或页面验收,52b4fcb24c0194b77531b422ec60791a6ee3fdf48cc54fecfc4a023e16c2c9ee
product-design.md,93,04. 阶段与工作项：目录固定，实例动态,定义九阶段及主例31计时项的分类数｜本行：S08 后道、质检与成衣入库,FLOW-004；MOCK-002,条文成立；本次仅确认设计语义，当前实现需另核对,,|S08 后道、质检与成衣入库|后道处理、质检放行、成衣实收入库|1（组计时）|,仅产品文档语义；不构成源码或页面验收,52b4fcb24c0194b77531b422ec60791a6ee3fdf48cc54fecfc4a023e16c2c9ee
product-design.md,94,04. 阶段与工作项：目录固定，实例动态,定义九阶段及主例31计时项的分类数｜本行：S09 实际发货与订单时效核算,FLOW-004；MOCK-002,条文成立；本次仅确认设计语义，当前实现需另核对,,|S09 实际发货与订单时效核算|拣配复核、实际发货、订单事实关联与核算|1（组计时）|,仅产品文档语义；不构成源码或页面验收,52b4fcb24c0194b77531b422ec60791a6ee3fdf48cc54fecfc4a023e16c2c9ee
product-design.md,95,04. 阶段与工作项：目录固定，实例动态,定义九阶段及主例31计时项的分类数｜本行：合计,FLOW-004；MOCK-002,条文成立；本次仅确认设计语义，当前实现需另核对,,|合计|主案例的计时层级；不是所有任务的固定模板|31|,仅产品文档语义；不构成源码或页面验收,52b4fcb24c0194b77531b422ec60791a6ee3fdf48cc54fecfc4a023e16c2c9ee
product-design.md,97,04. 阶段与工作项：目录固定，实例动态,区分计时项、子动作和代理替换后的49末级行｜本行：候选动作详见[工作项目录](work-item-catalog.md)。数量必须分开显示“已确认适用的计时项、组内执行动作、待判断事项、不适用项,FLOW-004；TIME-007/008；MOCK-002,31−3＋21算术正确；非三大组的组合动作也需责任/事件映射,F10,候选动作详见[工作项目录](work-item-catalog.md)。数量必须分开显示“已确认适用的计时项、组内执行动作、待判断事项、不适用项”。本例31项是时效计算展开层；组内动作仍展示责任和事实。当内部独立预算尚未确认时使用组计时，显示“子预算未分配”，不冒充已经具备每个子动作的考核标准。正式逐项考核前必须细分配置，替换组代理且保留版本。不能把31写成全公司统一工作项总数。,仅产品文档语义；不构成源码或页面验收,52b4fcb24c0194b77531b422ec60791a6ee3fdf48cc54fecfc4a023e16c2c9ee
product-design.md,99,04. 阶段与工作项：目录固定，实例动态,区分计时项、子动作和代理替换后的49末级行｜本行：主例3个组代理已具体列出21个内部动作：若将这3个父组替换成内部明细，工作树末级行数为`31-3+21=49`，其中2项是实发后的订单关联／核算,FLOW-004；TIME-007/008；MOCK-002,31−3＋21算术正确；非三大组的组合动作也需责任/事件映射,F10,主例3个组代理已具体列出21个内部动作：若将这3个父组替换成内部明细，工作树末级行数为`31-3+21=49`，其中2项是实发后的订单关联／核算数据工作，不额外延长生产实发工期。页面切换展开层级时同时说明计数含义，不能将父组与子动作一起求和。,仅产品文档语义；不构成源码或页面验收,52b4fcb24c0194b77531b422ec60791a6ee3fdf48cc54fecfc4a023e16c2c9ee
product-design.md,101,04. 阶段与工作项：目录固定，实例动态,将返工/补采追加到发生处并使用新轮次保持无环｜本行：补料、补裁、返工、补采、改派、数量变更等在发生处追加工作实例和分支，不创建一个最后统一处理的“异常阶段”。返回原工序时创建有轮次的新实例，依赖原,FLOW-005,条文成立；本次仅确认设计语义，当前实现需另核对,,补料、补裁、返工、补采、改派、数量变更等在发生处追加工作实例和分支，不创建一个最后统一处理的“异常阶段”。返回原工序时创建有轮次的新实例，依赖原失败输出，图中依然保持有向无环关系。,仅产品文档语义；不构成源码或页面验收,52b4fcb24c0194b77531b422ec60791a6ee3fdf48cc54fecfc4a023e16c2c9ee
product-design.md,103,05. 流程、状态与时序,组织文档或图表语法：05. 流程、状态与时序,背景（结构行；所属语义见同节正文）,结构行已阅读；不独立认定业务实现通过,,## 05. 流程、状态与时序,仅产品文档语义；不构成源码或页面验收,52b4fcb24c0194b77531b422ec60791a6ee3fdf48cc54fecfc4a023e16c2c9ee
product-design.md,105,05. 流程、状态与时序 / 05.1 全链路依赖流程,组织文档或图表语法：05.1 全链路依赖流程,背景（结构行；所属语义见同节正文）,结构行已阅读；不独立认定业务实现通过,,### 05.1 全链路依赖流程,仅产品文档语义；不构成源码或页面验收,52b4fcb24c0194b77531b422ec60791a6ee3fdf48cc54fecfc4a023e16c2c9ee
product-design.md,107,05. 流程、状态与时序 / 05.1 全链路依赖流程,组织文档或图表语法：mermaid,背景（结构行；所属语义见同节正文）,结构行已阅读；不独立认定业务实现通过,,```mermaid,仅产品文档语义；不构成源码或页面验收,52b4fcb24c0194b77531b422ec60791a6ee3fdf48cc54fecfc4a023e16c2c9ee
product-design.md,108,05. 流程、状态与时序 / 05.1 全链路依赖流程,组织文档或图表语法：flowchart LR,背景（结构行；所属语义见同节正文）,结构行已阅读；不独立认定业务实现通过,,flowchart LR,仅产品文档语义；不构成源码或页面验收,52b4fcb24c0194b77531b422ec60791a6ee3fdf48cc54fecfc4a023e16c2c9ee
product-design.md,109,05. 流程、状态与时序 / 05.1 全链路依赖流程,画出下单、准备、采购调拨、制造到实发关联路径｜本行：A[商品采购单创建 / 生产需求单1:1产生<br/>统一T0] --> B[形成任务与跟单责任],FLOW-001/002；STATE-001/006/007；MATERIAL-005/006,主路径合理；可选印染/特殊工艺缺跳过边，图与文字不一致,F09, A[商品采购单创建 / 生产需求单1:1产生<br/>统一T0] --> B[形成任务与跟单责任],仅产品文档语义；不构成源码或页面验收,52b4fcb24c0194b77531b422ec60791a6ee3fdf48cc54fecfc4a023e16c2c9ee
product-design.md,110,05. 流程、状态与时序 / 05.1 全链路依赖流程,画出下单、准备、采购调拨、制造到实发关联路径｜本行：B --> P[生产准备：样衣、纸样、花型、调色、技术资料],FLOW-001/002；STATE-001/006/007；MATERIAL-005/006,主路径合理；可选印染/特殊工艺缺跳过边，图与文字不一致,F09, B --> P[生产准备：样衣、纸样、花型、调色、技术资料],仅产品文档语义；不构成源码或页面验收,52b4fcb24c0194b77531b422ec60791a6ee3fdf48cc54fecfc4a023e16c2c9ee
product-design.md,111,05. 流程、状态与时序 / 05.1 全链路依赖流程,画出下单、准备、采购调拨、制造到实发关联路径｜本行：B --> M{逐物料判断缺口与路线},FLOW-001/002；STATE-001/006/007；MATERIAL-005/006,主路径合理；可选印染/特殊工艺缺跳过边，图与文字不一致,F09, B --> M{逐物料判断缺口与路线},仅产品文档语义；不构成源码或页面验收,52b4fcb24c0194b77531b422ec60791a6ee3fdf48cc54fecfc4a023e16c2c9ee
product-design.md,112,05. 流程、状态与时序 / 05.1 全链路依赖流程,画出下单、准备、采购调拨、制造到实发关联路径｜本行：M -->|库存足够| T[分配库存并调拨],FLOW-001/002；STATE-001/006/007；MATERIAL-005/006,主路径合理；可选印染/特殊工艺缺跳过边，图与文字不一致,F09, M -->|库存足够| T[分配库存并调拨],仅产品文档语义；不构成源码或页面验收,52b4fcb24c0194b77531b422ec60791a6ee3fdf48cc54fecfc4a023e16c2c9ee
product-design.md,113,05. 流程、状态与时序 / 05.1 全链路依赖流程,画出下单、准备、采购调拨、制造到实发关联路径｜本行：M -->|缺口采购| Q[采购下单→供方交货→运输/转运→到仓验收入库],FLOW-001/002；STATE-001/006/007；MATERIAL-005/006,主路径合理；可选印染/特殊工艺缺跳过边，图与文字不一致,F09, M -->|缺口采购| Q[采购下单→供方交货→运输/转运→到仓验收入库],仅产品文档语义；不构成源码或页面验收,52b4fcb24c0194b77531b422ec60791a6ee3fdf48cc54fecfc4a023e16c2c9ee
product-design.md,114,05. 流程、状态与时序 / 05.1 全链路依赖流程,画出下单、准备、采购调拨、制造到实发关联路径｜本行：Q --> T,FLOW-001/002；STATE-001/006/007；MATERIAL-005/006,主路径合理；可选印染/特殊工艺缺跳过边，图与文字不一致,F09, Q --> T,仅产品文档语义；不构成源码或页面验收,52b4fcb24c0194b77531b422ec60791a6ee3fdf48cc54fecfc4a023e16c2c9ee
product-design.md,115,05. 流程、状态与时序 / 05.1 全链路依赖流程,画出下单、准备、采购调拨、制造到实发关联路径｜本行：T --> R[目标加工厂实收可用],FLOW-001/002；STATE-001/006/007；MATERIAL-005/006,主路径合理；可选印染/特殊工艺缺跳过边，图与文字不一致,F09, T --> R[目标加工厂实收可用],仅产品文档语义；不构成源码或页面验收,52b4fcb24c0194b77531b422ec60791a6ee3fdf48cc54fecfc4a023e16c2c9ee
product-design.md,116,05. 流程、状态与时序 / 05.1 全链路依赖流程,画出下单、准备、采购调拨、制造到实发关联路径｜本行：P --> O[技术条件满足→生产单与执行任务],FLOW-001/002；STATE-001/006/007；MATERIAL-005/006,主路径合理；可选印染/特殊工艺缺跳过边，图与文字不一致,F09, P --> O[技术条件满足→生产单与执行任务],仅产品文档语义；不构成源码或页面验收,52b4fcb24c0194b77531b422ec60791a6ee3fdf48cc54fecfc4a023e16c2c9ee
product-design.md,117,05. 流程、状态与时序 / 05.1 全链路依赖流程,画出下单、准备、采购调拨、制造到实发关联路径｜本行：P -->|适用专业结果先就绪| E[需求阶段提前染色/印花单],FLOW-001/002；STATE-001/006/007；MATERIAL-005/006,主路径合理；可选印染/特殊工艺缺跳过边，图与文字不一致,F09, P -->|适用专业结果先就绪| E[需求阶段提前染色/印花单],仅产品文档语义；不构成源码或页面验收,52b4fcb24c0194b77531b422ec60791a6ee3fdf48cc54fecfc4a023e16c2c9ee
product-design.md,118,05. 流程、状态与时序 / 05.1 全链路依赖流程,画出下单、准备、采购调拨、制造到实发关联路径｜本行：R --> E,FLOW-001/002；STATE-001/006/007；MATERIAL-005/006,主路径合理；可选印染/特殊工艺缺跳过边，图与文字不一致,F09, R --> E,仅产品文档语义；不构成源码或页面验收,52b4fcb24c0194b77531b422ec60791a6ee3fdf48cc54fecfc4a023e16c2c9ee
product-design.md,119,05. 流程、状态与时序 / 05.1 全链路依赖流程,画出下单、准备、采购调拨、制造到实发关联路径｜本行：E --> K[加工产出与下游实际接收],FLOW-001/002；STATE-001/006/007；MATERIAL-005/006,主路径合理；可选印染/特殊工艺缺跳过边，图与文字不一致,F09, E --> K[加工产出与下游实际接收],仅产品文档语义；不构成源码或页面验收,52b4fcb24c0194b77531b422ec60791a6ee3fdf48cc54fecfc4a023e16c2c9ee
product-design.md,120,05. 流程、状态与时序 / 05.1 全链路依赖流程,画出下单、准备、采购调拨、制造到实发关联路径｜本行：O --> C[裁床配料与裁剪],FLOW-001/002；STATE-001/006/007；MATERIAL-005/006,主路径合理；可选印染/特殊工艺缺跳过边，图与文字不一致,F09, O --> C[裁床配料与裁剪],仅产品文档语义；不构成源码或页面验收,52b4fcb24c0194b77531b422ec60791a6ee3fdf48cc54fecfc4a023e16c2c9ee
product-design.md,121,05. 流程、状态与时序 / 05.1 全链路依赖流程,画出下单、准备、采购调拨、制造到实发关联路径｜本行：K --> C,FLOW-001/002；STATE-001/006/007；MATERIAL-005/006,主路径合理；可选印染/特殊工艺缺跳过边，图与文字不一致,F09, K --> C,仅产品文档语义；不构成源码或页面验收,52b4fcb24c0194b77531b422ec60791a6ee3fdf48cc54fecfc4a023e16c2c9ee
product-design.md,122,05. 流程、状态与时序 / 05.1 全链路依赖流程,画出下单、准备、采购调拨、制造到实发关联路径｜本行：C --> S[必要特殊工艺与裁片交接],FLOW-001/002；STATE-001/006/007；MATERIAL-005/006,主路径合理；可选印染/特殊工艺缺跳过边，图与文字不一致,F09, C --> S[必要特殊工艺与裁片交接],仅产品文档语义；不构成源码或页面验收,52b4fcb24c0194b77531b422ec60791a6ee3fdf48cc54fecfc4a023e16c2c9ee
product-design.md,123,05. 流程、状态与时序 / 05.1 全链路依赖流程,画出下单、准备、采购调拨、制造到实发关联路径｜本行：S --> J{本批车缝投入齐套},FLOW-001/002；STATE-001/006/007；MATERIAL-005/006,主路径合理；可选印染/特殊工艺缺跳过边，图与文字不一致,F09, S --> J{本批车缝投入齐套},仅产品文档语义；不构成源码或页面验收,52b4fcb24c0194b77531b422ec60791a6ee3fdf48cc54fecfc4a023e16c2c9ee
product-design.md,124,05. 流程、状态与时序 / 05.1 全链路依赖流程,画出下单、准备、采购调拨、制造到实发关联路径｜本行：R -->|供车缝使用的辅料| J,FLOW-001/002；STATE-001/006/007；MATERIAL-005/006,主路径合理；可选印染/特殊工艺缺跳过边，图与文字不一致,F09, R -->|供车缝使用的辅料| J,仅产品文档语义；不构成源码或页面验收,52b4fcb24c0194b77531b422ec60791a6ee3fdf48cc54fecfc4a023e16c2c9ee
product-design.md,125,05. 流程、状态与时序 / 05.1 全链路依赖流程,画出下单、准备、采购调拨、制造到实发关联路径｜本行：J --> W[分单/配套→车缝→回货实收],FLOW-001/002；STATE-001/006/007；MATERIAL-005/006,主路径合理；可选印染/特殊工艺缺跳过边，图与文字不一致,F09, J --> W[分单/配套→车缝→回货实收],仅产品文档语义；不构成源码或页面验收,52b4fcb24c0194b77531b422ec60791a6ee3fdf48cc54fecfc4a023e16c2c9ee
product-design.md,126,05. 流程、状态与时序 / 05.1 全链路依赖流程,画出下单、准备、采购调拨、制造到实发关联路径｜本行：W --> F[后道→质检放行→成衣入库],FLOW-001/002；STATE-001/006/007；MATERIAL-005/006,主路径合理；可选印染/特殊工艺缺跳过边，图与文字不一致,F09, W --> F[后道→质检放行→成衣入库],仅产品文档语义；不构成源码或页面验收,52b4fcb24c0194b77531b422ec60791a6ee3fdf48cc54fecfc4a023e16c2c9ee
product-design.md,127,05. 流程、状态与时序 / 05.1 全链路依赖流程,画出下单、准备、采购调拨、制造到实发关联路径｜本行：F --> H[拣配复核→实际发货],FLOW-001/002；STATE-001/006/007；MATERIAL-005/006,主路径合理；可选印染/特殊工艺缺跳过边，图与文字不一致,F09, F --> H[拣配复核→实际发货],仅产品文档语义；不构成源码或页面验收,52b4fcb24c0194b77531b422ec60791a6ee3fdf48cc54fecfc4a023e16c2c9ee
product-design.md,128,05. 流程、状态与时序 / 05.1 全链路依赖流程,画出下单、准备、采购调拨、制造到实发关联路径｜本行：H --> L[确认本次客户订单及生产来源数量],FLOW-001/002；STATE-001/006/007；MATERIAL-005/006,主路径合理；可选印染/特殊工艺缺跳过边，图与文字不一致,F09, H --> L[确认本次客户订单及生产来源数量],仅产品文档语义；不构成源码或页面验收,52b4fcb24c0194b77531b422ec60791a6ee3fdf48cc54fecfc4a023e16c2c9ee
product-design.md,129,05. 流程、状态与时序 / 05.1 全链路依赖流程,画出下单、准备、采购调拨、制造到实发关联路径｜本行：L --> Z[核算客户下单→实际发货时效],FLOW-001/002；STATE-001/006/007；MATERIAL-005/006,主路径合理；可选印染/特殊工艺缺跳过边，图与文字不一致,F09, L --> Z[核算客户下单→实际发货时效],仅产品文档语义；不构成源码或页面验收,52b4fcb24c0194b77531b422ec60791a6ee3fdf48cc54fecfc4a023e16c2c9ee
product-design.md,130,05. 流程、状态与时序 / 05.1 全链路依赖流程,组织文档或图表语法：,背景（结构行；所属语义见同节正文）,结构行已阅读；不独立认定业务实现通过,,```,仅产品文档语义；不构成源码或页面验收,52b4fcb24c0194b77531b422ec60791a6ee3fdf48cc54fecfc4a023e16c2c9ee
product-design.md,132,05. 流程、状态与时序 / 05.1 全链路依赖流程,说明物料去向、可选加工及分批放行｜本行：图中加工、调拨按物料用途各自实例化，不是每种料都先到同一家厂。面料可能先到染厂再到裁厂；辅料可能直接到车缝厂或后道厂。无印染的面料从到厂直接进入,FLOW-001/002；STATE-001/005,文字规则成立；应同步修正流程图,F09,图中加工、调拨按物料用途各自实例化，不是每种料都先到同一家厂。面料可能先到染厂再到裁厂；辅料可能直接到车缝厂或后道厂。无印染的面料从到厂直接进入适用下游。全量依赖与分批放行门槛由规则决定，不能用一条全单齐套线挡住可执行的批次。,仅产品文档语义；不构成源码或页面验收,52b4fcb24c0194b77531b422ec60791a6ee3fdf48cc54fecfc4a023e16c2c9ee
product-design.md,134,05. 流程、状态与时序 / 05.2 工作项状态与独立时效状态,组织文档或图表语法：05.2 工作项状态与独立时效状态,背景（结构行；所属语义见同节正文）,结构行已阅读；不独立认定业务实现通过,,### 05.2 工作项状态与独立时效状态,仅产品文档语义；不构成源码或页面验收,52b4fcb24c0194b77531b422ec60791a6ee3fdf48cc54fecfc4a023e16c2c9ee
product-design.md,136,05. 流程、状态与时序 / 05.2 工作项状态与独立时效状态,组织文档或图表语法：mermaid,背景（结构行；所属语义见同节正文）,结构行已阅读；不独立认定业务实现通过,,```mermaid,仅产品文档语义；不构成源码或页面验收,52b4fcb24c0194b77531b422ec60791a6ee3fdf48cc54fecfc4a023e16c2c9ee
product-design.md,137,05. 流程、状态与时序 / 05.2 工作项状态与独立时效状态,组织文档或图表语法：stateDiagram-v2,背景（结构行；所属语义见同节正文）,结构行已阅读；不独立认定业务实现通过,,stateDiagram-v2,仅产品文档语义；不构成源码或页面验收,52b4fcb24c0194b77531b422ec60791a6ee3fdf48cc54fecfc4a023e16c2c9ee
product-design.md,138,05. 流程、状态与时序 / 05.2 工作项状态与独立时效状态,定义工作从待判断到执行、受阻、完成与取消｜本行：[*] --> 待判断,STATE-001/002/004/005；SHIP-010/011,缺处理中/部分完成取消出口与恢复时数量保留说明,F08, [*] --> 待判断,仅产品文档语义；不构成源码或页面验收,52b4fcb24c0194b77531b422ec60791a6ee3fdf48cc54fecfc4a023e16c2c9ee
product-design.md,139,05. 流程、状态与时序 / 05.2 工作项状态与独立时效状态,定义工作从待判断到执行、受阻、完成与取消｜本行：待判断 --> 不适用: 确认无需此项，留依据,STATE-001/002/004/005；SHIP-010/011,缺处理中/部分完成取消出口与恢复时数量保留说明,F08, 待判断 --> 不适用: 确认无需此项，留依据,仅产品文档语义；不构成源码或页面验收,52b4fcb24c0194b77531b422ec60791a6ee3fdf48cc54fecfc4a023e16c2c9ee
product-design.md,140,05. 流程、状态与时序 / 05.2 工作项状态与独立时效状态,定义工作从待判断到执行、受阻、完成与取消｜本行：待判断 --> 等待前置: 确认适用,STATE-001/002/004/005；SHIP-010/011,缺处理中/部分完成取消出口与恢复时数量保留说明,F08, 待判断 --> 等待前置: 确认适用,仅产品文档语义；不构成源码或页面验收,52b4fcb24c0194b77531b422ec60791a6ee3fdf48cc54fecfc4a023e16c2c9ee
product-design.md,141,05. 流程、状态与时序 / 05.2 工作项状态与独立时效状态,定义工作从待判断到执行、受阻、完成与取消｜本行：等待前置 --> 可执行: 本批前置与数量满足,STATE-001/002/004/005；SHIP-010/011,缺处理中/部分完成取消出口与恢复时数量保留说明,F08, 等待前置 --> 可执行: 本批前置与数量满足,仅产品文档语义；不构成源码或页面验收,52b4fcb24c0194b77531b422ec60791a6ee3fdf48cc54fecfc4a023e16c2c9ee
product-design.md,142,05. 流程、状态与时序 / 05.2 工作项状态与独立时效状态,定义工作从待判断到执行、受阻、完成与取消｜本行：可执行 --> 处理中: 有效开工事实,STATE-001/002/004/005；SHIP-010/011,缺处理中/部分完成取消出口与恢复时数量保留说明,F08, 可执行 --> 处理中: 有效开工事实,仅产品文档语义；不构成源码或页面验收,52b4fcb24c0194b77531b422ec60791a6ee3fdf48cc54fecfc4a023e16c2c9ee
product-design.md,143,05. 流程、状态与时序 / 05.2 工作项状态与独立时效状态,定义工作从待判断到执行、受阻、完成与取消｜本行：处理中 --> 部分完成: 部分合格输出,STATE-001/002/004/005；SHIP-010/011,缺处理中/部分完成取消出口与恢复时数量保留说明,F08, 处理中 --> 部分完成: 部分合格输出,仅产品文档语义；不构成源码或页面验收,52b4fcb24c0194b77531b422ec60791a6ee3fdf48cc54fecfc4a023e16c2c9ee
product-design.md,144,05. 流程、状态与时序 / 05.2 工作项状态与独立时效状态,定义工作从待判断到执行、受阻、完成与取消｜本行：部分完成 --> 部分完成: 新批次合格输出,STATE-001/002/004/005；SHIP-010/011,缺处理中/部分完成取消出口与恢复时数量保留说明,F08, 部分完成 --> 部分完成: 新批次合格输出,仅产品文档语义；不构成源码或页面验收,52b4fcb24c0194b77531b422ec60791a6ee3fdf48cc54fecfc4a023e16c2c9ee
product-design.md,145,05. 流程、状态与时序 / 05.2 工作项状态与独立时效状态,定义工作从待判断到执行、受阻、完成与取消｜本行：部分完成 --> 已完成: 有效要求全部满足,STATE-001/002/004/005；SHIP-010/011,缺处理中/部分完成取消出口与恢复时数量保留说明,F08, 部分完成 --> 已完成: 有效要求全部满足,仅产品文档语义；不构成源码或页面验收,52b4fcb24c0194b77531b422ec60791a6ee3fdf48cc54fecfc4a023e16c2c9ee
product-design.md,146,05. 流程、状态与时序 / 05.2 工作项状态与独立时效状态,定义工作从待判断到执行、受阻、完成与取消｜本行：处理中 --> 已完成: 一次完成,STATE-001/002/004/005；SHIP-010/011,缺处理中/部分完成取消出口与恢复时数量保留说明,F08, 处理中 --> 已完成: 一次完成,仅产品文档语义；不构成源码或页面验收,52b4fcb24c0194b77531b422ec60791a6ee3fdf48cc54fecfc4a023e16c2c9ee
product-design.md,147,05. 流程、状态与时序 / 05.2 工作项状态与独立时效状态,定义工作从待判断到执行、受阻、完成与取消｜本行：处理中 --> 受阻: 结构化阻断事实,STATE-001/002/004/005；SHIP-010/011,缺处理中/部分完成取消出口与恢复时数量保留说明,F08, 处理中 --> 受阻: 结构化阻断事实,仅产品文档语义；不构成源码或页面验收,52b4fcb24c0194b77531b422ec60791a6ee3fdf48cc54fecfc4a023e16c2c9ee
product-design.md,148,05. 流程、状态与时序 / 05.2 工作项状态与独立时效状态,定义工作从待判断到执行、受阻、完成与取消｜本行：部分完成 --> 受阻: 结构化阻断事实,STATE-001/002/004/005；SHIP-010/011,缺处理中/部分完成取消出口与恢复时数量保留说明,F08, 部分完成 --> 受阻: 结构化阻断事实,仅产品文档语义；不构成源码或页面验收,52b4fcb24c0194b77531b422ec60791a6ee3fdf48cc54fecfc4a023e16c2c9ee
product-design.md,149,05. 流程、状态与时序 / 05.2 工作项状态与独立时效状态,定义工作从待判断到执行、受阻、完成与取消｜本行：受阻 --> 处理中: 阻断解除,STATE-001/002/004/005；SHIP-010/011,缺处理中/部分完成取消出口与恢复时数量保留说明,F08, 受阻 --> 处理中: 阻断解除,仅产品文档语义；不构成源码或页面验收,52b4fcb24c0194b77531b422ec60791a6ee3fdf48cc54fecfc4a023e16c2c9ee
product-design.md,150,05. 流程、状态与时序 / 05.2 工作项状态与独立时效状态,定义工作从待判断到执行、受阻、完成与取消｜本行：等待前置 --> 已取消: 对应生产范围正式取消,STATE-001/002/004/005；SHIP-010/011,缺处理中/部分完成取消出口与恢复时数量保留说明,F08, 等待前置 --> 已取消: 对应生产范围正式取消,仅产品文档语义；不构成源码或页面验收,52b4fcb24c0194b77531b422ec60791a6ee3fdf48cc54fecfc4a023e16c2c9ee
product-design.md,151,05. 流程、状态与时序 / 05.2 工作项状态与独立时效状态,定义工作从待判断到执行、受阻、完成与取消｜本行：可执行 --> 已取消: 对应生产范围正式取消,STATE-001/002/004/005；SHIP-010/011,缺处理中/部分完成取消出口与恢复时数量保留说明,F08, 可执行 --> 已取消: 对应生产范围正式取消,仅产品文档语义；不构成源码或页面验收,52b4fcb24c0194b77531b422ec60791a6ee3fdf48cc54fecfc4a023e16c2c9ee
product-design.md,152,05. 流程、状态与时序 / 05.2 工作项状态与独立时效状态,定义工作从待判断到执行、受阻、完成与取消｜本行：受阻 --> 已取消: 对应生产范围正式取消,STATE-001/002/004/005；SHIP-010/011,缺处理中/部分完成取消出口与恢复时数量保留说明,F08, 受阻 --> 已取消: 对应生产范围正式取消,仅产品文档语义；不构成源码或页面验收,52b4fcb24c0194b77531b422ec60791a6ee3fdf48cc54fecfc4a023e16c2c9ee
product-design.md,153,05. 流程、状态与时序 / 05.2 工作项状态与独立时效状态,组织文档或图表语法：,背景（结构行；所属语义见同节正文）,结构行已阅读；不独立认定业务实现通过,,```,仅产品文档语义；不构成源码或页面验收,52b4fcb24c0194b77531b422ec60791a6ee3fdf48cc54fecfc4a023e16c2c9ee
product-design.md,155,05. 流程、状态与时序 / 05.2 工作项状态与独立时效状态,将业务、时效、数据三状态独立且历史超时冻结｜本行：时效轴独立：正常、临期、预计逾期、已逾期、按期完成、完成但曾逾期、无法判定。数据轴独立：齐全、更新滞后、缺关联、缺规则、冲突。业务受阻不暂停自然,STATE-002/003/004；RISK-003,条文成立；本次仅确认设计语义，当前实现需另核对,,时效轴独立：正常、临期、预计逾期、已逾期、按期完成、完成但曾逾期、无法判定。数据轴独立：齐全、更新滞后、缺关联、缺规则、冲突。业务受阻不暂停自然日；“已通知”“已催办”不改变完成数量或时效状态。已完成工作的历史超时不会因为当前时间继续前进而继续累加。,仅产品文档语义；不构成源码或页面验收,52b4fcb24c0194b77531b422ec60791a6ee3fdf48cc54fecfc4a023e16c2c9ee
product-design.md,157,05. 流程、状态与时序 / 05.2 工作项状态与独立时效状态,定义整体任务状态及多阶段同时活跃｜本行：任务状态：方案待确认→准备／生产中→待入库／待发货→部分发货→全部发货；正式全量取消为已终止，部分减量后满足剩余范围为“范围减少后关闭”。生产过,STATE-002；SHIP-010/011；FLOW-001,任务状态规则成立；须与取消状态图补齐一致,F08,任务状态：方案待确认→准备／生产中→待入库／待发货→部分发货→全部发货；正式全量取消为已终止，部分减量后满足剩余范围为“范围减少后关闭”。生产过程中多个阶段可同时活跃，页头显示所有活跃阶段，不强制归到唯一当前阶段。,仅产品文档语义；不构成源码或页面验收,52b4fcb24c0194b77531b422ec60791a6ee3fdf48cc54fecfc4a023e16c2c9ee
product-design.md,159,05. 流程、状态与时序 / 05.3 实际发货时才关联客户订单,组织文档或图表语法：05.3 实际发货时才关联客户订单,背景（结构行；所属语义见同节正文）,结构行已阅读；不独立认定业务实现通过,,### 05.3 实际发货时才关联客户订单,仅产品文档语义；不构成源码或页面验收,52b4fcb24c0194b77531b422ec60791a6ee3fdf48cc54fecfc4a023e16c2c9ee
product-design.md,161,05. 流程、状态与时序 / 05.3 实际发货时才关联客户订单,组织文档或图表语法：mermaid,背景（结构行；所属语义见同节正文）,结构行已阅读；不独立认定业务实现通过,,```mermaid,仅产品文档语义；不构成源码或页面验收,52b4fcb24c0194b77531b422ec60791a6ee3fdf48cc54fecfc4a023e16c2c9ee
product-design.md,162,05. 流程、状态与时序 / 05.3 实际发货时才关联客户订单,组织文档或图表语法：sequenceDiagram,背景（结构行；所属语义见同节正文）,结构行已阅读；不独立认定业务实现通过,,sequenceDiagram,仅产品文档语义；不构成源码或页面验收,52b4fcb24c0194b77531b422ec60791a6ee3fdf48cc54fecfc4a023e16c2c9ee
product-design.md,163,05. 流程、状态与时序 / 05.3 实际发货时才关联客户订单,定义实发后才接收订单事实并更新任务与订单结果｜本行：participant PMS as 商品采购/生产需求,STATE-006/007；SHIP-005/008；OBJECT-008,条文成立；本次仅确认设计语义，当前实现需另核对,, participant PMS as 商品采购/生产需求,仅产品文档语义；不构成源码或页面验收,52b4fcb24c0194b77531b422ec60791a6ee3fdf48cc54fecfc4a023e16c2c9ee
product-design.md,164,05. 流程、状态与时序 / 05.3 实际发货时才关联客户订单,定义实发后才接收订单事实并更新任务与订单结果｜本行：participant PCS as 生产准备,STATE-006/007；SHIP-005/008；OBJECT-008,条文成立；本次仅确认设计语义，当前实现需另核对,, participant PCS as 生产准备,仅产品文档语义；不构成源码或页面验收,52b4fcb24c0194b77531b422ec60791a6ee3fdf48cc54fecfc4a023e16c2c9ee
product-design.md,165,05. 流程、状态与时序 / 05.3 实际发货时才关联客户订单,定义实发后才接收订单事实并更新任务与订单结果｜本行：participant FCS as 工厂与仓储,STATE-006/007；SHIP-005/008；OBJECT-008,条文成立；本次仅确认设计语义，当前实现需另核对,, participant FCS as 工厂与仓储,仅产品文档语义；不构成源码或页面验收,52b4fcb24c0194b77531b422ec60791a6ee3fdf48cc54fecfc4a023e16c2c9ee
product-design.md,166,05. 流程、状态与时序 / 05.3 实际发货时才关联客户订单,定义实发后才接收订单事实并更新任务与订单结果｜本行：participant DDS as 时效监控,STATE-006/007；SHIP-005/008；OBJECT-008,条文成立；本次仅确认设计语义，当前实现需另核对,, participant DDS as 时效监控,仅产品文档语义；不构成源码或页面验收,52b4fcb24c0194b77531b422ec60791a6ee3fdf48cc54fecfc4a023e16c2c9ee
product-design.md,167,05. 流程、状态与时序 / 05.3 实际发货时才关联客户订单,定义实发后才接收订单事实并更新任务与订单结果｜本行：participant SHIP as 发货系统,STATE-006/007；SHIP-005/008；OBJECT-008,条文成立；本次仅确认设计语义，当前实现需另核对,, participant SHIP as 发货系统,仅产品文档语义；不构成源码或页面验收,52b4fcb24c0194b77531b422ec60791a6ee3fdf48cc54fecfc4a023e16c2c9ee
product-design.md,168,05. 流程、状态与时序 / 05.3 实际发货时才关联客户订单,定义实发后才接收订单事实并更新任务与订单结果｜本行：participant OMS as 客户订单,STATE-006/007；SHIP-005/008；OBJECT-008,条文成立；本次仅确认设计语义，当前实现需另核对,, participant OMS as 客户订单,仅产品文档语义；不构成源码或页面验收,52b4fcb24c0194b77531b422ec60791a6ee3fdf48cc54fecfc4a023e16c2c9ee
product-design.md,169,05. 流程、状态与时序 / 05.3 实际发货时才关联客户订单,定义实发后才接收订单事实并更新任务与订单结果｜本行：PMS->>DDS: 创建任务，采购/需求单号、T0、SKU数量,STATE-006/007；SHIP-005/008；OBJECT-008,条文成立；本次仅确认设计语义，当前实现需另核对,, PMS->>DDS: 创建任务，采购/需求单号、T0、SKU数量,仅产品文档语义；不构成源码或页面验收,52b4fcb24c0194b77531b422ec60791a6ee3fdf48cc54fecfc4a023e16c2c9ee
product-design.md,170,05. 流程、状态与时序 / 05.3 实际发货时才关联客户订单,定义实发后才接收订单事实并更新任务与订单结果｜本行：PMS->>PCS: 关联生产准备工作,STATE-006/007；SHIP-005/008；OBJECT-008,条文成立；本次仅确认设计语义，当前实现需另核对,, PMS->>PCS: 关联生产准备工作,仅产品文档语义；不构成源码或页面验收,52b4fcb24c0194b77531b422ec60791a6ee3fdf48cc54fecfc4a023e16c2c9ee
product-design.md,171,05. 流程、状态与时序 / 05.3 实际发货时才关联客户订单,定义实发后才接收订单事实并更新任务与订单结果｜本行：PCS->>DDS: 适用结果、责任、任务和资料事件,STATE-006/007；SHIP-005/008；OBJECT-008,条文成立；本次仅确认设计语义，当前实现需另核对,, PCS->>DDS: 适用结果、责任、任务和资料事件,仅产品文档语义；不构成源码或页面验收,52b4fcb24c0194b77531b422ec60791a6ee3fdf48cc54fecfc4a023e16c2c9ee
product-design.md,172,05. 流程、状态与时序 / 05.3 实际发货时才关联客户订单,定义实发后才接收订单事实并更新任务与订单结果｜本行：FCS->>DDS: 采购/调拨/加工/接收/质检数量与时间,STATE-006/007；SHIP-005/008；OBJECT-008,条文成立；本次仅确认设计语义，当前实现需另核对,, FCS->>DDS: 采购/调拨/加工/接收/质检数量与时间,仅产品文档语义；不构成源码或页面验收,52b4fcb24c0194b77531b422ec60791a6ee3fdf48cc54fecfc4a023e16c2c9ee
product-design.md,173,05. 流程、状态与时序 / 05.3 实际发货时才关联客户订单,定义实发后才接收订单事实并更新任务与订单结果｜本行：DDS->>DDS: 按已知路线计算标准、当前进度和整体预测,STATE-006/007；SHIP-005/008；OBJECT-008,条文成立；本次仅确认设计语义，当前实现需另核对,, DDS->>DDS: 按已知路线计算标准、当前进度和整体预测,仅产品文档语义；不构成源码或页面验收,52b4fcb24c0194b77531b422ec60791a6ee3fdf48cc54fecfc4a023e16c2c9ee
product-design.md,174,05. 流程、状态与时序 / 05.3 实际发货时才关联客户订单,"定义实发后才接收订单事实并更新任务与订单结果｜本行：Note over DDS,OMS: 此时没有本任务的确定客户订单集合",STATE-006/007；SHIP-005/008；OBJECT-008,条文成立；本次仅确认设计语义，当前实现需另核对,," Note over DDS,OMS: 此时没有本任务的确定客户订单集合",仅产品文档语义；不构成源码或页面验收,52b4fcb24c0194b77531b422ec60791a6ee3fdf48cc54fecfc4a023e16c2c9ee
product-design.md,175,05. 流程、状态与时序 / 05.3 实际发货时才关联客户订单,定义实发后才接收订单事实并更新任务与订单结果｜本行：SHIP->>OMS: 实际发货确认对应订单行和数量,STATE-006/007；SHIP-005/008；OBJECT-008,条文成立；本次仅确认设计语义，当前实现需另核对,, SHIP->>OMS: 实际发货确认对应订单行和数量,仅产品文档语义；不构成源码或页面验收,52b4fcb24c0194b77531b422ec60791a6ee3fdf48cc54fecfc4a023e16c2c9ee
product-design.md,176,05. 流程、状态与时序 / 05.3 实际发货时才关联客户订单,定义实发后才接收订单事实并更新任务与订单结果｜本行：SHIP->>DDS: 发货事实及生产来源批次分配,STATE-006/007；SHIP-005/008；OBJECT-008,条文成立；本次仅确认设计语义，当前实现需另核对,, SHIP->>DDS: 发货事实及生产来源批次分配,仅产品文档语义；不构成源码或页面验收,52b4fcb24c0194b77531b422ec60791a6ee3fdf48cc54fecfc4a023e16c2c9ee
product-design.md,177,05. 流程、状态与时序 / 05.3 实际发货时才关联客户订单,定义实发后才接收订单事实并更新任务与订单结果｜本行：OMS->>DDS: 本次订单下单时间、时效规则快照,STATE-006/007；SHIP-005/008；OBJECT-008,条文成立；本次仅确认设计语义，当前实现需另核对,, OMS->>DDS: 本次订单下单时间、时效规则快照,仅产品文档语义；不构成源码或页面验收,52b4fcb24c0194b77531b422ec60791a6ee3fdf48cc54fecfc4a023e16c2c9ee
product-design.md,178,05. 流程、状态与时序 / 05.3 实际发货时才关联客户订单,定义实发后才接收订单事实并更新任务与订单结果｜本行：DDS->>DDS: 更新任务已发数量；逐订单核算实际时效,STATE-006/007；SHIP-005/008；OBJECT-008,条文成立；本次仅确认设计语义，当前实现需另核对,, DDS->>DDS: 更新任务已发数量；逐订单核算实际时效,仅产品文档语义；不构成源码或页面验收,52b4fcb24c0194b77531b422ec60791a6ee3fdf48cc54fecfc4a023e16c2c9ee
product-design.md,179,05. 流程、状态与时序 / 05.3 实际发货时才关联客户订单,定义实发后才接收订单事实并更新任务与订单结果｜本行：Note over DDS: 生产任务按期，不代表本次客户订单全部按期,STATE-006/007；SHIP-005/008；OBJECT-008,条文成立；本次仅确认设计语义，当前实现需另核对,, Note over DDS: 生产任务按期，不代表本次客户订单全部按期,仅产品文档语义；不构成源码或页面验收,52b4fcb24c0194b77531b422ec60791a6ee3fdf48cc54fecfc4a023e16c2c9ee
product-design.md,180,05. 流程、状态与时序 / 05.3 实际发货时才关联客户订单,组织文档或图表语法：,背景（结构行；所属语义见同节正文）,结构行已阅读；不独立认定业务实现通过,,```,仅产品文档语义；不构成源码或页面验收,52b4fcb24c0194b77531b422ec60791a6ee3fdf48cc54fecfc4a023e16c2c9ee
product-design.md,182,05. 流程、状态与时序 / 05.4 采购、入库与调拨时序,组织文档或图表语法：05.4 采购、入库与调拨时序,背景（结构行；所属语义见同节正文）,结构行已阅读；不独立认定业务实现通过,,### 05.4 采购、入库与调拨时序,仅产品文档语义；不构成源码或页面验收,52b4fcb24c0194b77531b422ec60791a6ee3fdf48cc54fecfc4a023e16c2c9ee
product-design.md,184,05. 流程、状态与时序 / 05.4 采购、入库与调拨时序,组织文档或图表语法：mermaid,背景（结构行；所属语义见同节正文）,结构行已阅读；不独立认定业务实现通过,,```mermaid,仅产品文档语义；不构成源码或页面验收,52b4fcb24c0194b77531b422ec60791a6ee3fdf48cc54fecfc4a023e16c2c9ee
product-design.md,185,05. 流程、状态与时序 / 05.4 采购、入库与调拨时序,组织文档或图表语法：sequenceDiagram,背景（结构行；所属语义见同节正文）,结构行已阅读；不独立认定业务实现通过,,sequenceDiagram,仅产品文档语义；不构成源码或页面验收,52b4fcb24c0194b77531b422ec60791a6ee3fdf48cc54fecfc4a023e16c2c9ee
product-design.md,186,05. 流程、状态与时序 / 05.4 采购、入库与调拨时序,定义不足采购/足够现货共用入库后调拨及工厂实收｜本行：participant D as 面辅料需求,MATERIAL-005/006/009/011；ACT-S03-12/13,时序区分交付实收正确；主例组合项需保持同样责任分段,F04, participant D as 面辅料需求,仅产品文档语义；不构成源码或页面验收,52b4fcb24c0194b77531b422ec60791a6ee3fdf48cc54fecfc4a023e16c2c9ee
product-design.md,187,05. 流程、状态与时序 / 05.4 采购、入库与调拨时序,定义不足采购/足够现货共用入库后调拨及工厂实收｜本行：participant P as 采购,MATERIAL-005/006/009/011；ACT-S03-12/13,时序区分交付实收正确；主例组合项需保持同样责任分段,F04, participant P as 采购,仅产品文档语义；不构成源码或页面验收,52b4fcb24c0194b77531b422ec60791a6ee3fdf48cc54fecfc4a023e16c2c9ee
product-design.md,188,05. 流程、状态与时序 / 05.4 采购、入库与调拨时序,定义不足采购/足够现货共用入库后调拨及工厂实收｜本行：participant W as 仓库,MATERIAL-005/006/009/011；ACT-S03-12/13,时序区分交付实收正确；主例组合项需保持同样责任分段,F04, participant W as 仓库,仅产品文档语义；不构成源码或页面验收,52b4fcb24c0194b77531b422ec60791a6ee3fdf48cc54fecfc4a023e16c2c9ee
product-design.md,189,05. 流程、状态与时序 / 05.4 采购、入库与调拨时序,定义不足采购/足够现货共用入库后调拨及工厂实收｜本行：participant T as 调拨/运输,MATERIAL-005/006/009/011；ACT-S03-12/13,时序区分交付实收正确；主例组合项需保持同样责任分段,F04, participant T as 调拨/运输,仅产品文档语义；不构成源码或页面验收,52b4fcb24c0194b77531b422ec60791a6ee3fdf48cc54fecfc4a023e16c2c9ee
product-design.md,190,05. 流程、状态与时序 / 05.4 采购、入库与调拨时序,定义不足采购/足够现货共用入库后调拨及工厂实收｜本行：participant F as 目标工厂,MATERIAL-005/006/009/011；ACT-S03-12/13,时序区分交付实收正确；主例组合项需保持同样责任分段,F04, participant F as 目标工厂,仅产品文档语义；不构成源码或页面验收,52b4fcb24c0194b77531b422ec60791a6ee3fdf48cc54fecfc4a023e16c2c9ee
product-design.md,191,05. 流程、状态与时序 / 05.4 采购、入库与调拨时序,定义不足采购/足够现货共用入库后调拨及工厂实收｜本行：alt 已分配合格库存不足,MATERIAL-005/006/009/011；ACT-S03-12/13,时序区分交付实收正确；主例组合项需保持同样责任分段,F04, alt 已分配合格库存不足,仅产品文档语义；不构成源码或页面验收,52b4fcb24c0194b77531b422ec60791a6ee3fdf48cc54fecfc4a023e16c2c9ee
product-design.md,192,05. 流程、状态与时序 / 05.4 采购、入库与调拨时序,定义不足采购/足够现货共用入库后调拨及工厂实收｜本行：D->>P: 仅缺口数量创建采购单,MATERIAL-005/006/009/011；ACT-S03-12/13,时序区分交付实收正确；主例组合项需保持同样责任分段,F04, D->>P: 仅缺口数量创建采购单,仅产品文档语义；不构成源码或页面验收,52b4fcb24c0194b77531b422ec60791a6ee3fdf48cc54fecfc4a023e16c2c9ee
product-design.md,193,05. 流程、状态与时序 / 05.4 采购、入库与调拨时序,定义不足采购/足够现货共用入库后调拨及工厂实收｜本行：P->>W: 分批到仓，保留采购明细和物流批次,MATERIAL-005/006/009/011；ACT-S03-12/13,时序区分交付实收正确；主例组合项需保持同样责任分段,F04, P->>W: 分批到仓，保留采购明细和物流批次,仅产品文档语义；不构成源码或页面验收,52b4fcb24c0194b77531b422ec60791a6ee3fdf48cc54fecfc4a023e16c2c9ee
product-design.md,194,05. 流程、状态与时序 / 05.4 采购、入库与调拨时序,定义不足采购/足够现货共用入库后调拨及工厂实收｜本行：W->>W: 分批验收、入库；不足与不合格另记,MATERIAL-005/006/009/011；ACT-S03-12/13,时序区分交付实收正确；主例组合项需保持同样责任分段,F04, W->>W: 分批验收、入库；不足与不合格另记,仅产品文档语义；不构成源码或页面验收,52b4fcb24c0194b77531b422ec60791a6ee3fdf48cc54fecfc4a023e16c2c9ee
product-design.md,195,05. 流程、状态与时序 / 05.4 采购、入库与调拨时序,定义不足采购/足够现货共用入库后调拨及工厂实收｜本行：else 已分配合格库存足够,MATERIAL-005/006/009/011；ACT-S03-12/13,时序区分交付实收正确；主例组合项需保持同样责任分段,F04, else 已分配合格库存足够,仅产品文档语义；不构成源码或页面验收,52b4fcb24c0194b77531b422ec60791a6ee3fdf48cc54fecfc4a023e16c2c9ee
product-design.md,196,05. 流程、状态与时序 / 05.4 采购、入库与调拨时序,定义不足采购/足够现货共用入库后调拨及工厂实收｜本行：D->>W: 确认本任务可调拨数量,MATERIAL-005/006/009/011；ACT-S03-12/13,时序区分交付实收正确；主例组合项需保持同样责任分段,F04, D->>W: 确认本任务可调拨数量,仅产品文档语义；不构成源码或页面验收,52b4fcb24c0194b77531b422ec60791a6ee3fdf48cc54fecfc4a023e16c2c9ee
product-design.md,197,05. 流程、状态与时序 / 05.4 采购、入库与调拨时序,定义不足采购/足够现货共用入库后调拨及工厂实收｜本行：end,MATERIAL-005/006/009/011；ACT-S03-12/13,时序区分交付实收正确；主例组合项需保持同样责任分段,F04, end,仅产品文档语义；不构成源码或页面验收,52b4fcb24c0194b77531b422ec60791a6ee3fdf48cc54fecfc4a023e16c2c9ee
product-design.md,198,05. 流程、状态与时序 / 05.4 采购、入库与调拨时序,定义不足采购/足够现货共用入库后调拨及工厂实收｜本行：W->>T: 调拨需求→安排→实际出库,MATERIAL-005/006/009/011；ACT-S03-12/13,时序区分交付实收正确；主例组合项需保持同样责任分段,F04, W->>T: 调拨需求→安排→实际出库,仅产品文档语义；不构成源码或页面验收,52b4fcb24c0194b77531b422ec60791a6ee3fdf48cc54fecfc4a023e16c2c9ee
product-design.md,199,05. 流程、状态与时序 / 05.4 采购、入库与调拨时序,定义不足采购/足够现货共用入库后调拨及工厂实收｜本行：T->>F: 到厂交付,MATERIAL-005/006/009/011；ACT-S03-12/13,时序区分交付实收正确；主例组合项需保持同样责任分段,F04, T->>F: 到厂交付,仅产品文档语义；不构成源码或页面验收,52b4fcb24c0194b77531b422ec60791a6ee3fdf48cc54fecfc4a023e16c2c9ee
product-design.md,200,05. 流程、状态与时序 / 05.4 采购、入库与调拨时序,定义不足采购/足够现货共用入库后调拨及工厂实收｜本行：F->>F: 实收合格数量；确认差异,MATERIAL-005/006/009/011；ACT-S03-12/13,时序区分交付实收正确；主例组合项需保持同样责任分段,F04, F->>F: 实收合格数量；确认差异,仅产品文档语义；不构成源码或页面验收,52b4fcb24c0194b77531b422ec60791a6ee3fdf48cc54fecfc4a023e16c2c9ee
product-design.md,201,05. 流程、状态与时序 / 05.4 采购、入库与调拨时序,"定义不足采购/足够现货共用入库后调拨及工厂实收｜本行：Note over W,F: 入库不等于出库；出库不等于工厂实收；实收原料不等于目标加工料",MATERIAL-005/006/009/011；ACT-S03-12/13,时序区分交付实收正确；主例组合项需保持同样责任分段,F04," Note over W,F: 入库不等于出库；出库不等于工厂实收；实收原料不等于目标加工料",仅产品文档语义；不构成源码或页面验收,52b4fcb24c0194b77531b422ec60791a6ee3fdf48cc54fecfc4a023e16c2c9ee
product-design.md,202,05. 流程、状态与时序 / 05.4 采购、入库与调拨时序,组织文档或图表语法：,背景（结构行；所属语义见同节正文）,结构行已阅读；不独立认定业务实现通过,,```,仅产品文档语义；不构成源码或页面验收,52b4fcb24c0194b77531b422ec60791a6ee3fdf48cc54fecfc4a023e16c2c9ee
product-design.md,204,06. 面辅料的条件工作与数量,组织文档或图表语法：06. 面辅料的条件工作与数量,背景（结构行；所属语义见同节正文）,结构行已阅读；不独立认定业务实现通过,,## 06. 面辅料的条件工作与数量,仅产品文档语义；不构成源码或页面验收,52b4fcb24c0194b77531b422ec60791a6ee3fdf48cc54fecfc4a023e16c2c9ee
product-design.md,206,06. 面辅料的条件工作与数量,定义物料需求、采购缺口、到厂缺口、可开工量｜本行：物料需求来自需求SKU数量、适用BOM版本、单耗和损耗规则。采用已确认单位换算，不能直接相加M、Yard、PCS。是否采购由可供本需求使用的数量,MATERIAL-001/002/003/004/005,缺口口径成立；可开工量须限定SKU/BOM/批次与单位投入系数,F07,物料需求来自需求SKU数量、适用BOM版本、单耗和损耗规则。采用已确认单位换算，不能直接相加M、Yard、PCS。是否采购由可供本需求使用的数量判断，采购地区和供给方式再决定工作路线。,仅产品文档语义；不构成源码或页面验收,52b4fcb24c0194b77531b422ec60791a6ee3fdf48cc54fecfc4a023e16c2c9ee
product-design.md,208,06. 面辅料的条件工作与数量,组织文档或图表语法：text,背景（结构行；所属语义见同节正文）,结构行已阅读；不独立认定业务实现通过,,```text,仅产品文档语义；不构成源码或页面验收,52b4fcb24c0194b77531b422ec60791a6ee3fdf48cc54fecfc4a023e16c2c9ee
product-design.md,209,06. 面辅料的条件工作与数量,定义物料需求、采购缺口、到厂缺口、可开工量｜本行：物料总需求 = Σ(该成衣SKU有效需求量 × 单耗 × 适用损耗系数),MATERIAL-001,缺口口径成立；可开工量须限定SKU/BOM/批次与单位投入系数,F07,物料总需求 = Σ(该成衣SKU有效需求量 × 单耗 × 适用损耗系数),仅产品文档语义；不构成源码或页面验收,52b4fcb24c0194b77531b422ec60791a6ee3fdf48cc54fecfc4a023e16c2c9ee
product-design.md,210,06. 面辅料的条件工作与数量,"定义物料需求、采购缺口、到厂缺口、可开工量｜本行：新增供给缺口 = max(物料总需求 - 已分配合格现货 - 已落实且未重复占用的其他供给, 0)",MATERIAL-003/004,缺口口径成立；可开工量须限定SKU/BOM/批次与单位投入系数,F07,"新增供给缺口 = max(物料总需求 - 已分配合格现货 - 已落实且未重复占用的其他供给, 0)",仅产品文档语义；不构成源码或页面验收,52b4fcb24c0194b77531b422ec60791a6ee3fdf48cc54fecfc4a023e16c2c9ee
product-design.md,211,06. 面辅料的条件工作与数量,"定义物料需求、采购缺口、到厂缺口、可开工量｜本行：到厂尚缺数量 = max(本批所需目标物料数量 - 已分配且目标工厂实收合格的目标物料数量, 0)",MATERIAL-006/010,缺口口径成立；可开工量须限定SKU/BOM/批次与单位投入系数,F07,"到厂尚缺数量 = max(本批所需目标物料数量 - 已分配且目标工厂实收合格的目标物料数量, 0)",仅产品文档语义；不构成源码或页面验收,52b4fcb24c0194b77531b422ec60791a6ee3fdf48cc54fecfc4a023e16c2c9ee
product-design.md,212,06. 面辅料的条件工作与数量,定义物料需求、采购缺口、到厂缺口、可开工量｜本行：可开工成衣数量 = min(各必需物料可用量 / 各自单耗)按现场成衣单位向下取整,MATERIAL-001/002（需补SKU/批次边界）,缺口口径成立；可开工量须限定SKU/BOM/批次与单位投入系数,F07,可开工成衣数量 = min(各必需物料可用量 / 各自单耗)按现场成衣单位向下取整,仅产品文档语义；不构成源码或页面验收,52b4fcb24c0194b77531b422ec60791a6ee3fdf48cc54fecfc4a023e16c2c9ee
product-design.md,213,06. 面辅料的条件工作与数量,组织文档或图表语法：,背景（结构行；所属语义见同节正文）,结构行已阅读；不独立认定业务实现通过,,```,仅产品文档语义；不构成源码或页面验收,52b4fcb24c0194b77531b422ec60791a6ee3fdf48cc54fecfc4a023e16c2c9ee
product-design.md,215,06. 面辅料的条件工作与数量,定义物料需求、采购缺口、到厂缺口、可开工量｜本行：新采购700件仍在途中，属于数量已落实、时间未满足，不能重复下单700件。页面同时展示“新增缺口”“尚未到厂”“预计到厂晚于需用”，避免把供给已,MATERIAL-001/002/003/004/005,缺口口径成立；可开工量须限定SKU/BOM/批次与单位投入系数,F07,新采购700件仍在途中，属于数量已落实、时间未满足，不能重复下单700件。页面同时展示“新增缺口”“尚未到厂”“预计到厂晚于需用”，避免把供给已覆盖误显示为齐套。,仅产品文档语义；不构成源码或页面验收,52b4fcb24c0194b77531b422ec60791a6ee3fdf48cc54fecfc4a023e16c2c9ee
product-design.md,217,06. 面辅料的条件工作与数量,分别定义现货、中国、印尼、制作、加工和混合路线｜本行：路线,MATERIAL-005/006/007/008,条文成立；本次仅确认设计语义，当前实现需另核对,,|路线|实际需要的工作链|完成到什么位置|,仅产品文档语义；不构成源码或页面验收,52b4fcb24c0194b77531b422ec60791a6ee3fdf48cc54fecfc4a023e16c2c9ee
product-design.md,218,06. 面辅料的条件工作与数量,组织文档或图表语法：|---|---|---|,背景（结构行；所属语义见同节正文）,结构行已阅读；不独立认定业务实现通过,,|---|---|---|,仅产品文档语义；不构成源码或页面验收,52b4fcb24c0194b77531b422ec60791a6ee3fdf48cc54fecfc4a023e16c2c9ee
product-design.md,219,06. 面辅料的条件工作与数量,分别定义现货、中国、印尼、制作、加工和混合路线｜本行：已有库存,MATERIAL-005,条文成立；本次仅确认设计语义，当前实现需另核对,,|已有库存|需求分配→调拨安排→出库→运输→目标工厂实收|足量、合格、正确SKU及目标工厂|,仅产品文档语义；不构成源码或页面验收,52b4fcb24c0194b77531b422ec60791a6ee3fdf48cc54fecfc4a023e16c2c9ee
product-design.md,220,06. 面辅料的条件工作与数量,分别定义现货、中国、印尼、制作、加工和混合路线｜本行：中国采购,MATERIAL-006,条文成立；本次仅确认设计语义，当前实现需另核对,,|中国采购|确认需求→下采购单→供方交货→国内运输／集货→跨境／目的地运输→到仓验收入库→调拨到厂|不能在国内签收或仓库入库就结束|,仅产品文档语义；不构成源码或页面验收,52b4fcb24c0194b77531b422ec60791a6ee3fdf48cc54fecfc4a023e16c2c9ee
product-design.md,221,06. 面辅料的条件工作与数量,分别定义现货、中国、印尼、制作、加工和混合路线｜本行：印尼现货采购,MATERIAL-007,条文成立；本次仅确认设计语义，当前实现需另核对,,|印尼现货采购|下采购单→供方交货→当地运输→到仓验收入库→调拨到厂|中国路线的跨境工作不适用|,仅产品文档语义；不构成源码或页面验收,52b4fcb24c0194b77531b422ec60791a6ee3fdf48cc54fecfc4a023e16c2c9ee
product-design.md,222,06. 面辅料的条件工作与数量,分别定义现货、中国、印尼、制作、加工和混合路线｜本行：印尼本土制作,MATERIAL-007,条文成立；本次仅确认设计语义，当前实现需另核对,,|印尼本土制作|适用制版／打样→制作→必要染色→验收与入库→调拨到厂|与印尼买现货用不同规则；不因都为ID而相同|,仅产品文档语义；不构成源码或页面验收,52b4fcb24c0194b77531b422ec60791a6ee3fdf48cc54fecfc4a023e16c2c9ee
product-design.md,223,06. 面辅料的条件工作与数量,分别定义现货、中国、印尼、制作、加工和混合路线｜本行：采购原料后再加工,MATERIAL-008,条文成立；本次仅确认设计语义，当前实现需另核对,,|采购原料后再加工|原料供给到加工厂，和加工要求／色样汇合→加工→目标物料检验→下一工厂接收|白色原料合格不能计作指定黑色辅料完成|,仅产品文档语义；不构成源码或页面验收,52b4fcb24c0194b77531b422ec60791a6ee3fdf48cc54fecfc4a023e16c2c9ee
product-design.md,224,06. 面辅料的条件工作与数量,分别定义现货、中国、印尼、制作、加工和混合路线｜本行：部分现货＋部分采购,OBJECT-007；MATERIAL-010,条文成立；本次仅确认设计语义，当前实现需另核对,,|部分现货＋部分采购|两部分独立实例、独立批次、按数量释放下游|不能把各来源都当整单数量|,仅产品文档语义；不构成源码或页面验收,52b4fcb24c0194b77531b422ec60791a6ee3fdf48cc54fecfc4a023e16c2c9ee
product-design.md,226,06. 面辅料的条件工作与数量,用006解释500可用、300待拨、200未入库两条卡点｜本行：**Mock-PT-006：**需求1000 PCS；现货300已到厂，采购700中500已入库，入库部分只有200已到厂，仓内300待调拨，另,MATERIAL-010；RISK-014,条文成立；本次仅确认设计语义，当前实现需另核对,,**Mock-PT-006：**需求1000 PCS；现货300已到厂，采购700中500已入库，入库部分只有200已到厂，仓内300待调拨，另外200尚未到仓。到厂可用=300+200=500；尚缺=500；其中300卡在仓库调拨、200卡在采购到仓。必须有两条卡点及各自责任，不能只显示“采购覆盖100%”。,仅产品文档语义；不构成源码或页面验收,52b4fcb24c0194b77531b422ec60791a6ee3fdf48cc54fecfc4a023e16c2c9ee
product-design.md,228,06. 面辅料的条件工作与数量,规定物流批次去重、合格量、返工回流和单位差异｜本行：同一采购单多条物流记录按真实采购明细／SKU／批次关联，累计实收去重。退货、不合格、短收和单位差异不得计为合格完成。返工合格回流补回可用量，同一,MATERIAL-009/011；DATA-002/007,条文成立；本次仅确认设计语义，当前实现需另核对,,同一采购单多条物流记录按真实采购明细／SKU／批次关联，累计实收去重。退货、不合格、短收和单位差异不得计为合格完成。返工合格回流补回可用量，同一件的原不合格和返工后合格不能同时累计两次。,仅产品文档语义；不构成源码或页面验收,52b4fcb24c0194b77531b422ec60791a6ee3fdf48cc54fecfc4a023e16c2c9ee
product-design.md,230,07. 时间、规则和版本,组织文档或图表语法：07. 时间、规则和版本,背景（结构行；所属语义见同节正文）,结构行已阅读；不独立认定业务实现通过,,## 07. 时间、规则和版本,仅产品文档语义；不构成源码或页面验收,52b4fcb24c0194b77531b422ec60791a6ee3fdf48cc54fecfc4a023e16c2c9ee
product-design.md,232,07. 时间、规则和版本 / 07.1 自然日精度,组织文档或图表语法：07.1 自然日精度,背景（结构行；所属语义见同节正文）,结构行已阅读；不独立认定业务实现通过,,### 07.1 自然日精度,仅产品文档语义；不构成源码或页面验收,52b4fcb24c0194b77531b422ec60791a6ee3fdf48cc54fecfc4a023e16c2c9ee
product-design.md,234,07. 时间、规则和版本 / 07.1 自然日精度,定义24小时自然日、绝对时间、精度和逾期边界｜本行：建议统一采用连续24小时自然日：1天=86400秒，周末／节假日不停表。T0=8月28日10:00，D24=9月21日10:00；不是第24个日,TIME-001/002/003/004；OPEN-001,内部口径一致；正式业务日期规则仍属待批准，不可声称线上SLA,,建议统一采用连续24小时自然日：1天=86400秒，周末／节假日不停表。T0=8月28日10:00，D24=9月21日10:00；不是第24个日历日期的23:59。存储／运算采用统一绝对时刻，界面可显示中国或印尼本地时间，并标时区。日期缺少时分秒时不得捏造精确截止，须标明来源精度并按已批准日期规则计算。,仅产品文档语义；不构成源码或页面验收,52b4fcb24c0194b77531b422ec60791a6ee3fdf48cc54fecfc4a023e16c2c9ee
product-design.md,236,07. 时间、规则和版本 / 07.1 自然日精度,定义24小时自然日、绝对时间、精度和逾期边界｜本行：截止相等为按期，超过才逾期；显示保留2位自然日，也可辅以“剩余1天6小时”。判定使用未舍入值，不能显示“0天”掩盖已超过数分钟。工作量的整批处理,TIME-001/002/003/004；OPEN-001,内部口径一致；正式业务日期规则仍属待批准，不可声称线上SLA,,截止相等为按期，超过才逾期；显示保留2位自然日，也可辅以“剩余1天6小时”。判定使用未舍入值，不能显示“0天”掩盖已超过数分钟。工作量的整批处理可向上取整批次数，不能对所有时长向上取整成整数天。,仅产品文档语义；不构成源码或页面验收,52b4fcb24c0194b77531b422ec60791a6ee3fdf48cc54fecfc4a023e16c2c9ee
product-design.md,238,07. 时间、规则和版本 / 07.2 四类规则不能混加,组织文档或图表语法：07.2 四类规则不能混加,背景（结构行；所属语义见同节正文）,结构行已阅读；不独立认定业务实现通过,,### 07.2 四类规则不能混加,仅产品文档语义；不构成源码或页面验收,52b4fcb24c0194b77531b422ec60791a6ee3fdf48cc54fecfc4a023e16c2c9ee
product-design.md,240,07. 时间、规则和版本 / 07.2 四类规则不能混加,区分叶预算、组上限、相对期限和数量里程碑｜本行：规则,TIME-005/006,条文成立；本次仅确认设计语义，当前实现需另核对,,|规则|例子|计算用途|,仅产品文档语义；不构成源码或页面验收,52b4fcb24c0194b77531b422ec60791a6ee3fdf48cc54fecfc4a023e16c2c9ee
product-design.md,241,07. 时间、规则和版本 / 07.2 四类规则不能混加,组织文档或图表语法：|---|---|---|,背景（结构行；所属语义见同节正文）,结构行已阅读；不独立认定业务实现通过,,|---|---|---|,仅产品文档语义；不构成源码或页面验收,52b4fcb24c0194b77531b422ec60791a6ee3fdf48cc54fecfc4a023e16c2c9ee
product-design.md,242,07. 时间、规则和版本 / 07.2 四类规则不能混加,区分叶预算、组上限、相对期限和数量里程碑｜本行：工作预算,CALC-002,条文成立；本次仅确认设计语义，当前实现需另核对,,|工作预算|采购下单1天；某类型运输2天|叶子或组代理参与依赖网络|,仅产品文档语义；不构成源码或页面验收,52b4fcb24c0194b77531b422ec60791a6ee3fdf48cc54fecfc4a023e16c2c9ee
product-design.md,243,07. 时间、规则和版本 / 07.2 四类规则不能混加,区分叶预算、组上限、相对期限和数量里程碑｜本行：阶段／组跨度上限,TIME-005,条文成立；本次仅确认设计语义，当前实现需另核对,,|阶段／组跨度上限|生产准备最长5天|检查组起止跨度，不在子项之外再加5天|,仅产品文档语义；不构成源码或页面验收,52b4fcb24c0194b77531b422ec60791a6ee3fdf48cc54fecfc4a023e16c2c9ee
product-design.md,244,07. 时间、规则和版本 / 07.2 四类规则不能混加,区分叶预算、组上限、相对期限和数量里程碑｜本行：固定／相对期限,TIME-006,条文成立；本次仅确认设计语义，当前实现需另核对,,|固定／相对期限|需求产生后3天内调色；裁床完成后辅料等待不超5天|检查节点与锚点关系，不当作采购持续时间|,仅产品文档语义；不构成源码或页面验收,52b4fcb24c0194b77531b422ec60791a6ee3fdf48cc54fecfc4a023e16c2c9ee
product-design.md,245,07. 时间、规则和版本 / 07.2 四类规则不能混加,区分叶预算、组上限、相对期限和数量里程碑｜本行：数量里程碑,CALC-011,条文成立；本次仅确认设计语义，当前实现需另核对,,|数量里程碑|首批有效回货、达到90%、全部回货|以累计有效数量越过门槛的事实时刻判断|,仅产品文档语义；不构成源码或页面验收,52b4fcb24c0194b77531b422ec60791a6ee3fdf48cc54fecfc4a023e16c2c9ee
product-design.md,247,07. 时间、规则和版本 / 07.2 四类规则不能混加,规定组代理和叶子预算互斥参与及待配说明｜本行：组代理用于“只有整组时限、内部预算还未分配”的过渡情形；展示内部工作及缺失标准。只有代理或其子项网络其中一个参加汇总。同一责任考核组存在多个团队,TIME-007/008,原则成立；组合动作和完整替换场景需补,F10,组代理用于“只有整组时限、内部预算还未分配”的过渡情形；展示内部工作及缺失标准。只有代理或其子项网络其中一个参加汇总。同一责任考核组存在多个团队时，各团队内部动作必须展示；未分配子预算时只能标“本项标准待配置”，不能全部沿用父组时限。,仅产品文档语义；不构成源码或页面验收,52b4fcb24c0194b77531b422ec60791a6ee3fdf48cc54fecfc4a023e16c2c9ee
product-design.md,249,07. 时间、规则和版本 / 07.3 会议、旧图与本次设计的区分,组织文档或图表语法：07.3 会议、旧图与本次设计的区分,背景（结构行；所属语义见同节正文）,结构行已阅读；不独立认定业务实现通过,,### 07.3 会议、旧图与本次设计的区分,仅产品文档语义；不构成源码或页面验收,52b4fcb24c0194b77531b422ec60791a6ee3fdf48cc54fecfc4a023e16c2c9ee
product-design.md,251,07. 时间、规则和版本 / 07.3 会议、旧图与本次设计的区分,逐项区分会议候选、旧图和Mock规则｜本行：资料记载,TIME-009/010；OPEN-001,候选值不得冒充正式标准的边界成立；本审阅不重新证明资料原文,,|资料记载|本方案归类|使用边界|,仅产品文档语义；不构成源码或页面验收,52b4fcb24c0194b77531b422ec60791a6ee3fdf48cc54fecfc4a023e16c2c9ee
product-design.md,252,07. 时间、规则和版本 / 07.3 会议、旧图与本次设计的区分,组织文档或图表语法：|---|---|---|,背景（结构行；所属语义见同节正文）,结构行已阅读；不独立认定业务实现通过,,|---|---|---|,仅产品文档语义；不构成源码或页面验收,52b4fcb24c0194b77531b422ec60791a6ee3fdf48cc54fecfc4a023e16c2c9ee
product-design.md,253,07. 时间、规则和版本 / 07.3 会议、旧图与本次设计的区分,逐项区分会议候选、旧图和Mock规则｜本行：准备整体最长5天,TIME-009,候选值不得冒充正式标准的边界成立；本审阅不重新证明资料原文,,|准备整体最长5天|组跨度约束|待确认从需求起算或其他事件、结束是否资料发布|,仅产品文档语义；不构成源码或页面验收,52b4fcb24c0194b77531b422ec60791a6ee3fdf48cc54fecfc4a023e16c2c9ee
product-design.md,254,07. 时间、规则和版本 / 07.3 会议、旧图与本次设计的区分,逐项区分会议候选、旧图和Mock规则｜本行：需求产生后3天内调色；无需等纸样最终定稿下染色单,TIME-009；SOURCE-004,候选值不得冒充正式标准的边界成立；本审阅不重新证明资料原文,,|需求产生后3天内调色；无需等纸样最终定稿下染色单|固定起点期限＋依赖关系|专业结果和原料满足才可实际加工，提前建单不等于提前开工|,仅产品文档语义；不构成源码或页面验收,52b4fcb24c0194b77531b422ec60791a6ee3fdf48cc54fecfc4a023e16c2c9ee
product-design.md,255,07. 时间、规则和版本 / 07.3 会议、旧图与本次设计的区分,逐项区分会议候选、旧图和Mock规则｜本行：定位印准备5天、印花3天、染色5天,TIME-009,候选值不得冒充正式标准的边界成立；本审阅不重新证明资料原文,,|定位印准备5天、印花3天、染色5天|条件组规则|范围是否含排队、交接、运输需定义；不能与拆分预算重复加|,仅产品文档语义；不构成源码或页面验收,52b4fcb24c0194b77531b422ec60791a6ee3fdf48cc54fecfc4a023e16c2c9ee
product-design.md,256,07. 时间、规则和版本 / 07.3 会议、旧图与本次设计的区分,逐项区分会议候选、旧图和Mock规则｜本行：齐料配料1天、进裁床后2天,TIME-009,候选值不得冒充正式标准的边界成立；本审阅不重新证明资料原文,,|齐料配料1天、进裁床后2天|工作／组规则|补料裁剪独立统计，不能抹掉原任务延误|,仅产品文档语义；不构成源码或页面验收,52b4fcb24c0194b77531b422ec60791a6ee3fdf48cc54fecfc4a023e16c2c9ee
product-design.md,257,07. 时间、规则和版本 / 07.3 会议、旧图与本次设计的区分,逐项区分会议候选、旧图和Mock规则｜本行：齐套分单2天，相关辅助工艺3天,TIME-009,候选值不得冒充正式标准的边界成立；本审阅不重新证明资料原文,,|齐套分单2天，相关辅助工艺3天|不同工作范围|是否串行看投入产出；不是所有单固定3+2|,仅产品文档语义；不构成源码或页面验收,52b4fcb24c0194b77531b422ec60791a6ee3fdf48cc54fecfc4a023e16c2c9ee
product-design.md,258,07. 时间、规则和版本 / 07.3 会议、旧图与本次设计的区分,逐项区分会议候选、旧图和Mock规则｜本行：下发工厂后4天内首次回货,TIME-006/009,候选值不得冒充正式标准的边界成立；本审阅不重新证明资料原文,,|下发工厂后4天内首次回货|首批里程碑|不是4天完成全部回货；需定义有效首批数量与交出／实收事件|,仅产品文档语义；不构成源码或页面验收,52b4fcb24c0194b77531b422ec60791a6ee3fdf48cc54fecfc4a023e16c2c9ee
product-design.md,259,07. 时间、规则和版本 / 07.3 会议、旧图与本次设计的区分,逐项区分会议候选、旧图和Mock规则｜本行：辅料确认需求后24小时下采购单,TIME-009,候选值不得冒充正式标准的边界成立；本审阅不重新证明资料原文,,|辅料确认需求后24小时下采购单|下单期限|不是采购到货1天|,仅产品文档语义；不构成源码或页面验收,52b4fcb24c0194b77531b422ec60791a6ee3fdf48cc54fecfc4a023e16c2c9ee
product-design.md,260,07. 时间、规则和版本 / 07.3 会议、旧图与本次设计的区分,逐项区分会议候选、旧图和Mock规则｜本行：本土制作辅料全流程最长5天,TIME-009；CONFIG-008,候选值不得冒充正式标准的边界成立；本审阅不重新证明资料原文,,|本土制作辅料全流程最长5天|组上限|与旧图“制版3+生产5+染色2=10”冲突，不能两条同时发布|,仅产品文档语义；不构成源码或页面验收,52b4fcb24c0194b77531b422ec60791a6ee3fdf48cc54fecfc4a023e16c2c9ee
product-design.md,261,07. 时间、规则和版本 / 07.3 会议、旧图与本次设计的区分,逐项区分会议候选、旧图和Mock规则｜本行：中国辅料允许裁后最多等待5天,TIME-006/009,候选值不得冒充正式标准的边界成立；本审阅不重新证明资料原文,,|中国辅料允许裁后最多等待5天|相对期限|不是中国采购运输总时长5天|,仅产品文档语义；不构成源码或页面验收,52b4fcb24c0194b77531b422ec60791a6ee3fdf48cc54fecfc4a023e16c2c9ee
product-design.md,262,07. 时间、规则和版本 / 07.3 会议、旧图与本次设计的区分,逐项区分会议候选、旧图和Mock规则｜本行：近7日90%回货平均时效,TIME-010,候选值不得冒充正式标准的边界成立；本审阅不重新证明资料原文,,|近7日90%回货平均时效|历史改善指标|不是所有订单7天必须回货90%的标准|,仅产品文档语义；不构成源码或页面验收,52b4fcb24c0194b77531b422ec60791a6ee3fdf48cc54fecfc4a023e16c2c9ee
product-design.md,263,07. 时间、规则和版本 / 07.3 会议、旧图与本次设计的区分,逐项区分会议候选、旧图和Mock规则｜本行：旧图车缝10天、后道2天、中国采购1+8+2,TIME-009,候选值不得冒充正式标准的边界成立；本审阅不重新证明资料原文,,|旧图车缝10天、后道2天、中国采购1+8+2|图示候选值|不能未经口径确认升级为正式标准；观察到的采购平均8.54天也不是SLA|,仅产品文档语义；不构成源码或页面验收,52b4fcb24c0194b77531b422ec60791a6ee3fdf48cc54fecfc4a023e16c2c9ee
product-design.md,265,07. 时间、规则和版本 / 07.3 会议、旧图与本次设计的区分,逐项区分会议候选、旧图和Mock规则｜本行：所有会议数值先进入规则候选区，标明来源及待确认字段。本文主例使用明确标记的Mock规则，支持完整演算，不声称会议已确认了所有时间预算。,TIME-009/010；OPEN-001,候选值不得冒充正式标准的边界成立；本审阅不重新证明资料原文,,所有会议数值先进入规则候选区，标明来源及待确认字段。本文主例使用明确标记的Mock规则，支持完整演算，不声称会议已确认了所有时间预算。,仅产品文档语义；不构成源码或页面验收,52b4fcb24c0194b77531b422ec60791a6ee3fdf48cc54fecfc4a023e16c2c9ee
product-design.md,267,07. 时间、规则和版本 / 07.4 五个时间结果同时保留,组织文档或图表语法：07.4 五个时间结果同时保留,背景（结构行；所属语义见同节正文）,结构行已阅读；不独立认定业务实现通过,,### 07.4 五个时间结果同时保留,仅产品文档语义；不构成源码或页面验收,52b4fcb24c0194b77531b422ec60791a6ee3fdf48cc54fecfc4a023e16c2c9ee
product-design.md,269,07. 时间、规则和版本 / 07.4 五个时间结果同时保留,保留五种时间、未知范围、晚确认和有效生产范围｜本行：1. 原始基线：首次明确承诺／暂定基线及当时条件、规则版本。,TIME-011,时间边界成立；未知范围的候选网络推导需补,F05,1. 原始基线：首次明确承诺／暂定基线及当时条件、规则版本。,仅产品文档语义；不构成源码或页面验收,52b4fcb24c0194b77531b422ec60791a6ee3fdf48cc54fecfc4a023e16c2c9ee
product-design.md,270,07. 时间、规则和版本 / 07.4 五个时间结果同时保留,保留五种时间、未知范围、晚确认和有效生产范围｜本行：2. 当前路线标准：按当前已确认路线，从原T0重新计算的理论管理要求。,TIME-011,时间边界成立；未知范围的候选网络推导需补,F05,2. 当前路线标准：按当前已确认路线，从原T0重新计算的理论管理要求。,仅产品文档语义；不构成源码或页面验收,52b4fcb24c0194b77531b422ec60791a6ee3fdf48cc54fecfc4a023e16c2c9ee
product-design.md,271,07. 时间、规则和版本 / 07.4 五个时间结果同时保留,保留五种时间、未知范围、晚确认和有效生产范围｜本行：3. 当前生效截止：实际用于考核的截止，仅由有权限的业务变更产生新版本。,TIME-011/012,时间边界成立；未知范围的候选网络推导需补,F05,3. 当前生效截止：实际用于考核的截止，仅由有权限的业务变更产生新版本。,仅产品文档语义；不构成源码或页面验收,52b4fcb24c0194b77531b422ec60791a6ee3fdf48cc54fecfc4a023e16c2c9ee
product-design.md,272,07. 时间、规则和版本 / 07.4 五个时间结果同时保留,保留五种时间、未知范围、晚确认和有效生产范围｜本行：4. 当前预计完成：实际进度、供给和已分配产能推导，可随事实变化。,TIME-011/012,时间边界成立；未知范围的候选网络推导需补,F05,4. 当前预计完成：实际进度、供给和已分配产能推导，可随事实变化。,仅产品文档语义；不构成源码或页面验收,52b4fcb24c0194b77531b422ec60791a6ee3fdf48cc54fecfc4a023e16c2c9ee
product-design.md,273,07. 时间、规则和版本 / 07.4 五个时间结果同时保留,保留五种时间、未知范围、晚确认和有效生产范围｜本行：5. 实际完成：有效业务事实发生时刻；已完成历史不随预测覆盖。,TIME-011,时间边界成立；未知范围的候选网络推导需补,F05,5. 实际完成：有效业务事实发生时刻；已完成历史不随预测覆盖。,仅产品文档语义；不构成源码或页面验收,52b4fcb24c0194b77531b422ec60791a6ee3fdf48cc54fecfc4a023e16c2c9ee
product-design.md,275,07. 时间、规则和版本 / 07.4 五个时间结果同时保留,保留五种时间、未知范围、晚确认和有效生产范围｜本行：需求路线未定时显示合法场景范围，如20～24天，以及“暂定／待确认”。有可计算的有限场景才给上下界；未知时长没有上界则显示“暂无法计算上界”。9,TIME-011/012/013/014；SHIP-001/002,时间边界成立；未知范围的候选网络推导需补,F05,需求路线未定时显示合法场景范围，如20～24天，以及“暂定／待确认”。有可计算的有限场景才给上下界；未知时长没有上界则显示“暂无法计算上界”。9月3日才确认中国采购，并不将原8月28日的T0改成9月3日，也不能因已经延误而自动重设要求。,仅产品文档语义；不构成源码或页面验收,52b4fcb24c0194b77531b422ec60791a6ee3fdf48cc54fecfc4a023e16c2c9ee
product-design.md,277,07. 时间、规则和版本 / 07.4 五个时间结果同时保留,保留五种时间、未知范围、晚确认和有效生产范围｜本行：旧方案中以生产前已绑定客户订单倒排、客户取消直接减少本任务的表述被本次确认取代。本设计中的“全部发货”指当前有效生产范围的实物数量全部实发；不是,TIME-011/012/013/014；SHIP-001/002,时间边界成立；未知范围的候选网络推导需补,F05,旧方案中以生产前已绑定客户订单倒排、客户取消直接减少本任务的表述被本次确认取代。本设计中的“全部发货”指当前有效生产范围的实物数量全部实发；不是一个生产前便已知的客户订单集合。,仅产品文档语义；不构成源码或页面验收,52b4fcb24c0194b77531b422ec60791a6ee3fdf48cc54fecfc4a023e16c2c9ee
product-design.md,279,08. 整体时效计算与必须可见的公式,组织文档或图表语法：08. 整体时效计算与必须可见的公式,背景（结构行；所属语义见同节正文）,结构行已阅读；不独立认定业务实现通过,,## 08. 整体时效计算与必须可见的公式,仅产品文档语义；不构成源码或页面验收,52b4fcb24c0194b77531b422ec60791a6ee3fdf48cc54fecfc4a023e16c2c9ee
product-design.md,281,08. 整体时效计算与必须可见的公式 / 08.1 串并行计算,组织文档或图表语法：08.1 串并行计算,背景（结构行；所属语义见同节正文）,结构行已阅读；不独立认定业务实现通过,,### 08.1 串并行计算,仅产品文档语义；不构成源码或页面验收,52b4fcb24c0194b77531b422ec60791a6ee3fdf48cc54fecfc4a023e16c2c9ee
product-design.md,283,08. 整体时效计算与必须可见的公式 / 08.1 串并行计算,定义DAG串并行、释放偏移、资源约束及阶段跨度｜本行：对已确认适用的计时网络，动作i的管理预算为dᵢ，前置集合为Pᵢ，从T0起算的最早释放偏移为rᵢ，交接间隔为lagⱼᵢ：,CALC-001/002/003/004；FLOW-001,条文成立；本次仅确认设计语义，当前实现需另核对,,对已确认适用的计时网络，动作i的管理预算为dᵢ，前置集合为Pᵢ，从T0起算的最早释放偏移为rᵢ，交接间隔为lagⱼᵢ：,仅产品文档语义；不构成源码或页面验收,52b4fcb24c0194b77531b422ec60791a6ee3fdf48cc54fecfc4a023e16c2c9ee
product-design.md,285,08. 整体时效计算与必须可见的公式 / 08.1 串并行计算,组织文档或图表语法：text,背景（结构行；所属语义见同节正文）,结构行已阅读；不独立认定业务实现通过,,```text,仅产品文档语义；不构成源码或页面验收,52b4fcb24c0194b77531b422ec60791a6ee3fdf48cc54fecfc4a023e16c2c9ee
product-design.md,286,08. 整体时效计算与必须可见的公式 / 08.1 串并行计算,"定义DAG串并行、释放偏移、资源约束及阶段跨度｜本行：ESᵢ = max(rᵢ, max(EFⱼ + lagⱼᵢ，j属于Pᵢ))",CALC-001/002,条文成立；本次仅确认设计语义，当前实现需另核对,,"ESᵢ = max(rᵢ, max(EFⱼ + lagⱼᵢ，j属于Pᵢ))",仅产品文档语义；不构成源码或页面验收,52b4fcb24c0194b77531b422ec60791a6ee3fdf48cc54fecfc4a023e16c2c9ee
product-design.md,287,08. 整体时效计算与必须可见的公式 / 08.1 串并行计算,定义DAG串并行、释放偏移、资源约束及阶段跨度｜本行：EFᵢ = ESᵢ + dᵢ,CALC-001/002,条文成立；本次仅确认设计语义，当前实现需另核对,,EFᵢ = ESᵢ + dᵢ,仅产品文档语义；不构成源码或页面验收,52b4fcb24c0194b77531b422ec60791a6ee3fdf48cc54fecfc4a023e16c2c9ee
product-design.md,288,08. 整体时效计算与必须可见的公式 / 08.1 串并行计算,定义DAG串并行、释放偏移、资源约束及阶段跨度｜本行：整体标准天数 L = max(EFₖ，k属于全部有效实发终点),CALC-001,条文成立；本次仅确认设计语义，当前实现需另核对,,整体标准天数 L = max(EFₖ，k属于全部有效实发终点),仅产品文档语义；不构成源码或页面验收,52b4fcb24c0194b77531b422ec60791a6ee3fdf48cc54fecfc4a023e16c2c9ee
product-design.md,289,08. 整体时效计算与必须可见的公式 / 08.1 串并行计算,定义DAG串并行、释放偏移、资源约束及阶段跨度｜本行：理论标准截止 = T0 + L × 86400秒,TIME-001；CALC-005,条文成立；本次仅确认设计语义，当前实现需另核对,,理论标准截止 = T0 + L × 86400秒,仅产品文档语义；不构成源码或页面验收,52b4fcb24c0194b77531b422ec60791a6ee3fdf48cc54fecfc4a023e16c2c9ee
product-design.md,290,08. 整体时效计算与必须可见的公式 / 08.1 串并行计算,组织文档或图表语法：,背景（结构行；所属语义见同节正文）,结构行已阅读；不独立认定业务实现通过,,```,仅产品文档语义；不构成源码或页面验收,52b4fcb24c0194b77531b422ec60791a6ee3fdf48cc54fecfc4a023e16c2c9ee
product-design.md,292,08. 整体时效计算与必须可见的公式 / 08.1 串并行计算,定义DAG串并行、释放偏移、资源约束及阶段跨度｜本行：没有前置时内部max取0。串行相加，并行取实际汇合所需分支的最大值。只有明确可替代供给的“择一”才按选定路线计算，不能把全部都要完成的分支取最小,CALC-001/002/003/004；FLOW-001,条文成立；本次仅确认设计语义，当前实现需另核对,,没有前置时内部max取0。串行相加，并行取实际汇合所需分支的最大值。只有明确可替代供给的“择一”才按选定路线计算，不能把全部都要完成的分支取最小值。配置禁止循环依赖；依赖必须说明完成到什么事件、多少合格数量后放行。,仅产品文档语义；不构成源码或页面验收,52b4fcb24c0194b77531b422ec60791a6ee3fdf48cc54fecfc4a023e16c2c9ee
product-design.md,294,08. 整体时效计算与必须可见的公式 / 08.1 串并行计算,定义DAG串并行、释放偏移、资源约束及阶段跨度｜本行：存在共享资源时加入明确的资源先后约束；不能假设同一台机器、同一工人或同一200件／日能力能无限并行。基于固定标准能力的预算与当前实际分配能力用于,CALC-001/002/003/004；FLOW-001,条文成立；本次仅确认设计语义，当前实现需另核对,,存在共享资源时加入明确的资源先后约束；不能假设同一台机器、同一工人或同一200件／日能力能无限并行。基于固定标准能力的预算与当前实际分配能力用于预测，二者不同。,仅产品文档语义；不构成源码或页面验收,52b4fcb24c0194b77531b422ec60791a6ee3fdf48cc54fecfc4a023e16c2c9ee
product-design.md,296,08. 整体时效计算与必须可见的公式 / 08.1 串并行计算,定义DAG串并行、释放偏移、资源约束及阶段跨度｜本行：阶段跨度=该阶段定义的结束锚点−开始锚点；无独立锚点时可展示该阶段工作网络最早开始至最晚结束的观察跨度，并注明。阶段之间有重叠，9个阶段跨度不能,FLOW-001；TIME-005,条文成立；本次仅确认设计语义，当前实现需另核对,,阶段跨度=该阶段定义的结束锚点−开始锚点；无独立锚点时可展示该阶段工作网络最早开始至最晚结束的观察跨度，并注明。阶段之间有重叠，9个阶段跨度不能相加为总时效。,仅产品文档语义；不构成源码或页面验收,52b4fcb24c0194b77531b422ec60791a6ee3fdf48cc54fecfc4a023e16c2c9ee
product-design.md,298,08. 整体时效计算与必须可见的公式 / 08.2 主例逐层代入：24个自然日,组织文档或图表语法：08.2 主例逐层代入：24个自然日,背景（结构行；所属语义见同节正文）,结构行已阅读；不独立认定业务实现通过,,### 08.2 主例逐层代入：24个自然日,仅产品文档语义；不构成源码或页面验收,52b4fcb24c0194b77531b422ec60791a6ee3fdf48cc54fecfc4a023e16c2c9ee
product-design.md,300,08. 整体时效计算与必须可见的公式 / 08.2 主例逐层代入：24个自然日,逐层代入31项主例并推导24天｜本行：完整31项见[逐项表](mock-scenarios.md)。T0=8月28日10:00，以下D值均相对T0。**每一个数字都属于本例Mock预,CALC-005/006/007；TIME-005,已逐层审算：准备4、到料8、裁片14、辅料15、配套1、车缝6、后道1、实发1，结果24成立；预算为Mock,,完整31项见[逐项表](mock-scenarios.md)。T0=8月28日10:00，以下D值均相对T0。**每一个数字都属于本例Mock预算。**,仅产品文档语义；不构成源码或页面验收,52b4fcb24c0194b77531b422ec60791a6ee3fdf48cc54fecfc4a023e16c2c9ee
product-design.md,302,08. 整体时效计算与必须可见的公式 / 08.2 主例逐层代入：24个自然日,组织文档或图表语法：text,背景（结构行；所属语义见同节正文）,结构行已阅读；不独立认定业务实现通过,,```text,仅产品文档语义；不构成源码或页面验收,52b4fcb24c0194b77531b422ec60791a6ee3fdf48cc54fecfc4a023e16c2c9ee
product-design.md,303,08. 整体时效计算与必须可见的公式 / 08.2 主例逐层代入：24个自然日,逐层代入31项主例并推导24天｜本行：供给路线确认结束 = 1,CALC-005/006/007；TIME-005,已逐层审算：准备4、到料8、裁片14、辅料15、配套1、车缝6、后道1、实发1，结果24成立；预算为Mock,,供给路线确认结束 = 1,仅产品文档语义；不构成源码或页面验收,52b4fcb24c0194b77531b422ec60791a6ee3fdf48cc54fecfc4a023e16c2c9ee
product-design.md,304,08. 整体时效计算与必须可见的公式 / 08.2 主例逐层代入：24个自然日,逐层代入31项主例并推导24天｜本行：中国辅料采购下单结束 = 1 + 1 = 2,CALC-005/006/007；TIME-005,已逐层审算：准备4、到料8、裁片14、辅料15、配套1、车缝6、后道1、实发1，结果24成立；预算为Mock,,中国辅料采购下单结束 = 1 + 1 = 2,仅产品文档语义；不构成源码或页面验收,52b4fcb24c0194b77531b422ec60791a6ee3fdf48cc54fecfc4a023e16c2c9ee
product-design.md,306,08. 整体时效计算与必须可见的公式 / 08.2 主例逐层代入：24个自然日,逐层代入31项主例并推导24天｜本行：调色审核完成 = 准备计划0.25 + 提交要求0.25 + 调色执行2 + 审核0.5 = 3,CALC-005/006/007；TIME-005,已逐层审算：准备4、到料8、裁片14、辅料15、配套1、车缝6、后道1、实发1，结果24成立；预算为Mock,,调色审核完成 = 准备计划0.25 + 提交要求0.25 + 调色执行2 + 审核0.5 = 3,仅产品文档语义；不构成源码或页面验收,52b4fcb24c0194b77531b422ec60791a6ee3fdf48cc54fecfc4a023e16c2c9ee
product-design.md,307,08. 整体时效计算与必须可见的公式 / 08.2 主例逐层代入：24个自然日,逐层代入31项主例并推导24天｜本行：产前样完成 = 0.25 + 1 = 1.25,CALC-005/006/007；TIME-005,已逐层审算：准备4、到料8、裁片14、辅料15、配套1、车缝6、后道1、实发1，结果24成立；预算为Mock,,产前样完成 = 0.25 + 1 = 1.25,仅产品文档语义；不构成源码或页面验收,52b4fcb24c0194b77531b422ec60791a6ee3fdf48cc54fecfc4a023e16c2c9ee
product-design.md,308,08. 整体时效计算与必须可见的公式 / 08.2 主例逐层代入：24个自然日,逐层代入31项主例并推导24天｜本行：尺码纸样完成 = 0.25 + 1 = 1.25（与产前样并行）,CALC-005/006/007；TIME-005,已逐层审算：准备4、到料8、裁片14、辅料15、配套1、车缝6、后道1、实发1，结果24成立；预算为Mock,,尺码纸样完成 = 0.25 + 1 = 1.25（与产前样并行）,仅产品文档语义；不构成源码或页面验收,52b4fcb24c0194b77531b422ec60791a6ee3fdf48cc54fecfc4a023e16c2c9ee
product-design.md,309,08. 整体时效计算与必须可见的公式 / 08.2 主例逐层代入：24个自然日,"逐层代入31项主例并推导24天｜本行：技术发布 = max(1.25, 1.25, 3, 下单2) + 技术确认0.5 + 发布0.5 = 4",CALC-005/006/007；TIME-005,已逐层审算：准备4、到料8、裁片14、辅料15、配套1、车缝6、后道1、实发1，结果24成立；预算为Mock,,"技术发布 = max(1.25, 1.25, 3, 下单2) + 技术确认0.5 + 发布0.5 = 4",仅产品文档语义；不构成源码或页面验收,52b4fcb24c0194b77531b422ec60791a6ee3fdf48cc54fecfc4a023e16c2c9ee
product-design.md,310,08. 整体时效计算与必须可见的公式 / 08.2 主例逐层代入：24个自然日,逐层代入31项主例并推导24天｜本行：生产建单及裁床任务下发 = 4 + 0.5 + 0.5 = 5,CALC-005/006/007；TIME-005,已逐层审算：准备4、到料8、裁片14、辅料15、配套1、车缝6、后道1、实发1，结果24成立；预算为Mock,,生产建单及裁床任务下发 = 4 + 0.5 + 0.5 = 5,仅产品文档语义；不构成源码或页面验收,52b4fcb24c0194b77531b422ec60791a6ee3fdf48cc54fecfc4a023e16c2c9ee
product-design.md,312,08. 整体时效计算与必须可见的公式 / 08.2 主例逐层代入：24个自然日,逐层代入31项主例并推导24天｜本行：现货原料到染厂 = 调拨出库1 + 运输实收1 = 2,CALC-005/006/007；TIME-005,已逐层审算：准备4、到料8、裁片14、辅料15、配套1、车缝6、后道1、实发1，结果24成立；预算为Mock,,现货原料到染厂 = 调拨出库1 + 运输实收1 = 2,仅产品文档语义；不构成源码或页面验收,52b4fcb24c0194b77531b422ec60791a6ee3fdf48cc54fecfc4a023e16c2c9ee
product-design.md,313,08. 整体时效计算与必须可见的公式 / 08.2 主例逐层代入：24个自然日,"逐层代入31项主例并推导24天｜本行：染色面料到裁厂 = max(原料2, 调色审核3) + 加工4 + 检验交出0.5 + 运输实收0.5 = 8",CALC-005/006/007；TIME-005,已逐层审算：准备4、到料8、裁片14、辅料15、配套1、车缝6、后道1、实发1，结果24成立；预算为Mock,,"染色面料到裁厂 = max(原料2, 调色审核3) + 加工4 + 检验交出0.5 + 运输实收0.5 = 8",仅产品文档语义；不构成源码或页面验收,52b4fcb24c0194b77531b422ec60791a6ee3fdf48cc54fecfc4a023e16c2c9ee
product-design.md,314,08. 整体时效计算与必须可见的公式 / 08.2 主例逐层代入：24个自然日,"逐层代入31项主例并推导24天｜本行：裁床完成 = max(到料8, 任务下发5) + 配料1 + 裁剪2 = 11",CALC-005/006/007；TIME-005,已逐层审算：准备4、到料8、裁片14、辅料15、配套1、车缝6、后道1、实发1，结果24成立；预算为Mock,,"裁床完成 = max(到料8, 任务下发5) + 配料1 + 裁剪2 = 11",仅产品文档语义；不构成源码或页面验收,52b4fcb24c0194b77531b422ec60791a6ee3fdf48cc54fecfc4a023e16c2c9ee
product-design.md,315,08. 整体时效计算与必须可见的公式 / 08.2 主例逐层代入：24个自然日,逐层代入31项主例并推导24天｜本行：特殊工艺完成并交接 = 11 + 3 = 14,CALC-005/006/007；TIME-005,已逐层审算：准备4、到料8、裁片14、辅料15、配套1、车缝6、后道1、实发1，结果24成立；预算为Mock,,特殊工艺完成并交接 = 11 + 3 = 14,仅产品文档语义；不构成源码或页面验收,52b4fcb24c0194b77531b422ec60791a6ee3fdf48cc54fecfc4a023e16c2c9ee
product-design.md,317,08. 整体时效计算与必须可见的公式 / 08.2 主例逐层代入：24个自然日,逐层代入31项主例并推导24天｜本行：中国辅料到仓 = 需求确认1 + 采购下单1 + 供方交出1 + 国内运输1 + 跨境到仓6 = 10,CALC-005/006/007；TIME-005,已逐层审算：准备4、到料8、裁片14、辅料15、配套1、车缝6、后道1、实发1，结果24成立；预算为Mock,,中国辅料到仓 = 需求确认1 + 采购下单1 + 供方交出1 + 国内运输1 + 跨境到仓6 = 10,仅产品文档语义；不构成源码或页面验收,52b4fcb24c0194b77531b422ec60791a6ee3fdf48cc54fecfc4a023e16c2c9ee
product-design.md,318,08. 整体时效计算与必须可见的公式 / 08.2 主例逐层代入：24个自然日,逐层代入31项主例并推导24天｜本行：中国辅料入库 = 10 + 验收入库1 = 11,CALC-005/006/007；TIME-005,已逐层审算：准备4、到料8、裁片14、辅料15、配套1、车缝6、后道1、实发1，结果24成立；预算为Mock,,中国辅料入库 = 10 + 验收入库1 = 11,仅产品文档语义；不构成源码或页面验收,52b4fcb24c0194b77531b422ec60791a6ee3fdf48cc54fecfc4a023e16c2c9ee
product-design.md,319,08. 整体时效计算与必须可见的公式 / 08.2 主例逐层代入：24个自然日,逐层代入31项主例并推导24天｜本行：中国辅料到车缝厂 = 11 + 调拨安排等待2 + 出库1 + 运输实收1 = 15,CALC-005/006/007；TIME-005,已逐层审算：准备4、到料8、裁片14、辅料15、配套1、车缝6、后道1、实发1，结果24成立；预算为Mock,,中国辅料到车缝厂 = 11 + 调拨安排等待2 + 出库1 + 运输实收1 = 15,仅产品文档语义；不构成源码或页面验收,52b4fcb24c0194b77531b422ec60791a6ee3fdf48cc54fecfc4a023e16c2c9ee
product-design.md,321,08. 整体时效计算与必须可见的公式 / 08.2 主例逐层代入：24个自然日,"逐层代入31项主例并推导24天｜本行：车缝可接续投入 = max(特殊工艺裁片14, 辅料到车缝厂15) + 厂内配套分单1 = 16",CALC-005/006/007；TIME-005,已逐层审算：准备4、到料8、裁片14、辅料15、配套1、车缝6、后道1、实发1，结果24成立；预算为Mock,,"车缝可接续投入 = max(特殊工艺裁片14, 辅料到车缝厂15) + 厂内配套分单1 = 16",仅产品文档语义；不构成源码或页面验收,52b4fcb24c0194b77531b422ec60791a6ee3fdf48cc54fecfc4a023e16c2c9ee
product-design.md,322,08. 整体时效计算与必须可见的公式 / 08.2 主例逐层代入：24个自然日,逐层代入31项主例并推导24天｜本行：车缝及合格回货结束 = 16 + 6 = 22,CALC-005/006/007；TIME-005,已逐层审算：准备4、到料8、裁片14、辅料15、配套1、车缝6、后道1、实发1，结果24成立；预算为Mock,,车缝及合格回货结束 = 16 + 6 = 22,仅产品文档语义；不构成源码或页面验收,52b4fcb24c0194b77531b422ec60791a6ee3fdf48cc54fecfc4a023e16c2c9ee
product-design.md,323,08. 整体时效计算与必须可见的公式 / 08.2 主例逐层代入：24个自然日,逐层代入31项主例并推导24天｜本行：后道、质检及成衣入库结束 = 22 + 1 = 23,CALC-005/006/007；TIME-005,已逐层审算：准备4、到料8、裁片14、辅料15、配套1、车缝6、后道1、实发1，结果24成立；预算为Mock,,后道、质检及成衣入库结束 = 22 + 1 = 23,仅产品文档语义；不构成源码或页面验收,52b4fcb24c0194b77531b422ec60791a6ee3fdf48cc54fecfc4a023e16c2c9ee
product-design.md,324,08. 整体时效计算与必须可见的公式 / 08.2 主例逐层代入：24个自然日,逐层代入31项主例并推导24天｜本行：全部实发结束 = 23 + 1 = 24,CALC-005/006/007；TIME-005,已逐层审算：准备4、到料8、裁片14、辅料15、配套1、车缝6、后道1、实发1，结果24成立；预算为Mock,,全部实发结束 = 23 + 1 = 24,仅产品文档语义；不构成源码或页面验收,52b4fcb24c0194b77531b422ec60791a6ee3fdf48cc54fecfc4a023e16c2c9ee
product-design.md,326,08. 整体时效计算与必须可见的公式 / 08.2 主例逐层代入：24个自然日,"逐层代入31项主例并推导24天｜本行：整体 L = max(max(max(2,3)+4+0.5+0.5, 4+0.5+0.5)+1+2+3,",CALC-005/006/007；TIME-005,已逐层审算：准备4、到料8、裁片14、辅料15、配套1、车缝6、后道1、实发1，结果24成立；预算为Mock,,"整体 L = max(max(max(2,3)+4+0.5+0.5, 4+0.5+0.5)+1+2+3,",仅产品文档语义；不构成源码或页面验收,52b4fcb24c0194b77531b422ec60791a6ee3fdf48cc54fecfc4a023e16c2c9ee
product-design.md,327,08. 整体时效计算与必须可见的公式 / 08.2 主例逐层代入：24个自然日,逐层代入31项主例并推导24天｜本行：1+1+1+1+6+1+2+1+1) + 1+6+1+1,CALC-005/006/007；TIME-005,已逐层审算：准备4、到料8、裁片14、辅料15、配套1、车缝6、后道1、实发1，结果24成立；预算为Mock,,             1+1+1+1+6+1+2+1+1) + 1+6+1+1,仅产品文档语义；不构成源码或页面验收,52b4fcb24c0194b77531b422ec60791a6ee3fdf48cc54fecfc4a023e16c2c9ee
product-design.md,328,08. 整体时效计算与必须可见的公式 / 08.2 主例逐层代入：24个自然日,"逐层代入31项主例并推导24天｜本行：= max(14,15)+1+6+1+1",CALC-005/006/007；TIME-005,已逐层审算：准备4、到料8、裁片14、辅料15、配套1、车缝6、后道1、实发1，结果24成立；预算为Mock,,"       = max(14,15)+1+6+1+1",仅产品文档语义；不构成源码或页面验收,52b4fcb24c0194b77531b422ec60791a6ee3fdf48cc54fecfc4a023e16c2c9ee
product-design.md,329,08. 整体时效计算与必须可见的公式 / 08.2 主例逐层代入：24个自然日,逐层代入31项主例并推导24天｜本行：= 24自然日,CALC-005/006/007；TIME-005,已逐层审算：准备4、到料8、裁片14、辅料15、配套1、车缝6、后道1、实发1，结果24成立；预算为Mock,,       = 24自然日,仅产品文档语义；不构成源码或页面验收,52b4fcb24c0194b77531b422ec60791a6ee3fdf48cc54fecfc4a023e16c2c9ee
product-design.md,330,08. 整体时效计算与必须可见的公式 / 08.2 主例逐层代入：24个自然日,逐层代入31项主例并推导24天｜本行：标准截止 = 2026-08-28 10:00 + 24自然日 = 2026-09-21 10:00,CALC-005/006/007；TIME-005,已逐层审算：准备4、到料8、裁片14、辅料15、配套1、车缝6、后道1、实发1，结果24成立；预算为Mock,,标准截止 = 2026-08-28 10:00 + 24自然日 = 2026-09-21 10:00,仅产品文档语义；不构成源码或页面验收,52b4fcb24c0194b77531b422ec60791a6ee3fdf48cc54fecfc4a023e16c2c9ee
product-design.md,331,08. 整体时效计算与必须可见的公式 / 08.2 主例逐层代入：24个自然日,组织文档或图表语法：,背景（结构行；所属语义见同节正文）,结构行已阅读；不独立认定业务实现通过,,```,仅产品文档语义；不构成源码或页面验收,52b4fcb24c0194b77531b422ec60791a6ee3fdf48cc54fecfc4a023e16c2c9ee
product-design.md,333,08. 整体时效计算与必须可见的公式 / 08.2 主例逐层代入：24个自然日,消除调拨、厂内配套、染色组预算的重复计时｜本行：这里15天已经包含入库后的4天调拨过程。后面的1天仅为厂内配套分单，不再包含外部调拨运输。此例染色组从调色／原料齐备D3至裁厂实收D8为5天；不,CALC-006；TIME-005,条文成立；本次仅确认设计语义，当前实现需另核对,,这里15天已经包含入库后的4天调拨过程。后面的1天仅为厂内配套分单，不再包含外部调拨运输。此例染色组从调色／原料齐备D3至裁厂实收D8为5天；不能再额外加一个“染色5天”。,仅产品文档语义；不构成源码或页面验收,52b4fcb24c0194b77531b422ec60791a6ee3fdf48cc54fecfc4a023e16c2c9ee
product-design.md,335,08. 整体时效计算与必须可见的公式 / 08.2 主例逐层代入：24个自然日,标明主例整批1000后道放行是场景假设｜本行：本例演示放行规则`MOCK-RELEASE-001`选择整批1000件派入后道，因此当前已有400件合格回货时W30仍等待本批全部回货。这是明确,CALC-009；STATE-005,不冒充通用规则成立；分批合法路线需可追踪的实例闭环,F15,本例演示放行规则`MOCK-RELEASE-001`选择整批1000件派入后道，因此当前已有400件合格回货时W30仍等待本批全部回货。这是明确的场景假设，不是所有工厂必须整单齐套的业务规则。若该路线实际允许分批，必须释放已具备输入的批次，按08.4重算预测，不能为了保持24天算例阻挡已可执行的400件。,仅产品文档语义；不构成源码或页面验收,52b4fcb24c0194b77531b422ec60791a6ee3fdf48cc54fecfc4a023e16c2c9ee
product-design.md,337,08. 整体时效计算与必须可见的公式 / 08.2 主例逐层代入：24个自然日,"计算采购分支缩短10天但全程只缩短1天｜本行：中国辅料改为5天到厂的合法印尼现货路线，其他条件不变：`max(14,5)+1+6+1+1=23天`。采购分支减少10天，整体只减少1天；阶段时",CALC-007,"max(14,5)+1+6+1+1=23，算术成立",,"中国辅料改为5天到厂的合法印尼现货路线，其他条件不变：`max(14,5)+1+6+1+1=23天`。采购分支减少10天，整体只减少1天；阶段时长差不能直接作为整单可追回天数。",仅产品文档语义；不构成源码或页面验收,52b4fcb24c0194b77531b422ec60791a6ee3fdf48cc54fecfc4a023e16c2c9ee
product-design.md,339,08. 整体时效计算与必须可见的公式 / 08.3 动态范围与变更演示,组织文档或图表语法：08.3 动态范围与变更演示,背景（结构行；所属语义见同节正文）,结构行已阅读；不独立认定业务实现通过,,### 08.3 动态范围与变更演示,仅产品文档语义；不构成源码或页面验收,52b4fcb24c0194b77531b422ec60791a6ee3fdf48cc54fecfc4a023e16c2c9ee
product-design.md,341,08. 整体时效计算与必须可见的公式 / 08.3 动态范围与变更演示,定义独立路线范围收敛及未生效基线不考核｜本行：独立简化演示场景：印尼现货无特殊工艺20天、印尼现货有特殊工艺23天、中国采购无特殊工艺24天、中国采购有特殊工艺24天。初始合法范围20～24,CALC-008；TIME-013/014,缺四个合法候选的工作网络与详细代入公式,F05,独立简化演示场景：印尼现货无特殊工艺20天、印尼现货有特殊工艺23天、中国采购无特殊工艺24天、中国采购有特殊工艺24天。初始合法范围20～24；确认有特殊工艺后23～24；再确认中国采购后24。页面显示每一步变化原因、决策时间、责任人、被排除路线和规则版本。不要把主例的固定依赖随意删边来伪造这组独立场景。,仅产品文档语义；不构成源码或页面验收,52b4fcb24c0194b77531b422ec60791a6ee3fdf48cc54fecfc4a023e16c2c9ee
product-design.md,343,08. 整体时效计算与必须可见的公式 / 08.3 动态范围与变更演示,定义独立路线范围收敛及未生效基线不考核｜本行：原始基线若尚未正式确认，不能对其给出“正式逾期”结论；仍可监控已确认工作及判断事项的期限。若存在已生效的保守承诺日期，按该承诺判断整体是否逾期，,CALC-008；TIME-013/014,缺四个合法候选的工作网络与详细代入公式,F05,原始基线若尚未正式确认，不能对其给出“正式逾期”结论；仍可监控已确认工作及判断事项的期限。若存在已生效的保守承诺日期，按该承诺判断整体是否逾期，同时展示路线仍未定。,仅产品文档语义；不构成源码或页面验收,52b4fcb24c0194b77531b422ec60791a6ee3fdf48cc54fecfc4a023e16c2c9ee
product-design.md,345,08. 整体时效计算与必须可见的公式 / 08.4 分批与共享能力演示,组织文档或图表语法：08.4 分批与共享能力演示,背景（结构行；所属语义见同节正文）,结构行已阅读；不独立认定业务实现通过,,### 08.4 分批与共享能力演示,仅产品文档语义；不构成源码或页面验收,52b4fcb24c0194b77531b422ec60791a6ee3fdf48cc54fecfc4a023e16c2c9ee
product-design.md,347,08. 整体时效计算与必须可见的公式 / 08.4 分批与共享能力演示,定义三批次共享车缝/后道资源和实发节点｜本行：批次,CALC-004/010/011；STATE-005,19.5/21.5/22算术成立；需绑定可追工作/事件并标明实发90%而非回货90%,F15,|批次|数量|可开工D|同一车缝资源200件／日|运输0.25天|后道资源400件／日|发货0.25天|实发D|,仅产品文档语义；不构成源码或页面验收,52b4fcb24c0194b77531b422ec60791a6ee3fdf48cc54fecfc4a023e16c2c9ee
product-design.md,348,08. 整体时效计算与必须可见的公式 / 08.4 分批与共享能力演示,组织文档或图表语法：|---|---:|---:|---|---|---|---|---:|,背景（结构行；所属语义见同节正文）,结构行已阅读；不独立认定业务实现通过,,|---|---:|---:|---|---|---|---|---:|,仅产品文档语义；不构成源码或页面验收,52b4fcb24c0194b77531b422ec60791a6ee3fdf48cc54fecfc4a023e16c2c9ee
product-design.md,349,08. 整体时效计算与必须可见的公式 / 08.4 分批与共享能力演示,定义三批次共享车缝/后道资源和实发节点｜本行：B1,CALC-004/010/011；STATE-005,19.5/21.5/22算术成立；需绑定可追工作/事件并标明实发90%而非回货90%,F15,|B1|400|16|16～18|18～18.25|18.25～19.25|19.25～19.5|19.5|,仅产品文档语义；不构成源码或页面验收,52b4fcb24c0194b77531b422ec60791a6ee3fdf48cc54fecfc4a023e16c2c9ee
product-design.md,350,08. 整体时效计算与必须可见的公式 / 08.4 分批与共享能力演示,定义三批次共享车缝/后道资源和实发节点｜本行：B2,CALC-004/010/011；STATE-005,19.5/21.5/22算术成立；需绑定可追工作/事件并标明实发90%而非回货90%,F15,|B2|400|18|18～20|20～20.25|20.25～21.25|21.25～21.5|21.5|,仅产品文档语义；不构成源码或页面验收,52b4fcb24c0194b77531b422ec60791a6ee3fdf48cc54fecfc4a023e16c2c9ee
product-design.md,351,08. 整体时效计算与必须可见的公式 / 08.4 分批与共享能力演示,定义三批次共享车缝/后道资源和实发节点｜本行：B3,CALC-004/010/011；STATE-005,19.5/21.5/22算术成立；需绑定可追工作/事件并标明实发90%而非回货90%,F15,|B3|200|20|20～21|21～21.25|21.25～21.75|21.75～22|22|,仅产品文档语义；不构成源码或页面验收,52b4fcb24c0194b77531b422ec60791a6ee3fdf48cc54fecfc4a023e16c2c9ee
product-design.md,353,08. 整体时效计算与必须可见的公式 / 08.4 分批与共享能力演示,定义三批次共享车缝/后道资源和实发节点｜本行：B3后道等待B2释放资源；不得安排在21.25之前开始。首批D19.5、全部D22；累计900件首次达成只能按真实批次记录判断，本例D21.5只,CALC-004/010/011；STATE-005,19.5/21.5/22算术成立；需绑定可追工作/事件并标明实发90%而非回货90%,F15,B3后道等待B2释放资源；不得安排在21.25之前开始。首批D19.5、全部D22；累计900件首次达成只能按真实批次记录判断，本例D21.5只有800件、D22达到1000件，所以90%节点为D22。不能在两笔回货记录之间线性插值出一个不存在的“90%完成时刻”。,仅产品文档语义；不构成源码或页面验收,52b4fcb24c0194b77531b422ec60791a6ee3fdf48cc54fecfc4a023e16c2c9ee
product-design.md,355,09. 当前时效、逾期与预测风险,组织文档或图表语法：09. 当前时效、逾期与预测风险,背景（结构行；所属语义见同节正文）,结构行已阅读；不独立认定业务实现通过,,## 09. 当前时效、逾期与预测风险,仅产品文档语义；不构成源码或页面验收,52b4fcb24c0194b77531b422ec60791a6ee3fdf48cc54fecfc4a023e16c2c9ee
product-design.md,357,09. 当前时效、逾期与预测风险 / 09.1 三种局部时间都需要展示,组织文档或图表语法：09.1 三种局部时间都需要展示,背景（结构行；所属语义见同节正文）,结构行已阅读；不独立认定业务实现通过,,### 09.1 三种局部时间都需要展示,仅产品文档语义；不构成源码或页面验收,52b4fcb24c0194b77531b422ec60791a6ee3fdf48cc54fecfc4a023e16c2c9ee
product-design.md,359,09. 当前时效、逾期与预测风险 / 09.1 三种局部时间都需要展示,区分三种局部耗时并从有效截止逆推LF/LS｜本行：时间,RISK-001/002/004/005/006,条文成立；本次仅确认设计语义，当前实现需另核对,,|时间|起止|用途|,仅产品文档语义；不构成源码或页面验收,52b4fcb24c0194b77531b422ec60791a6ee3fdf48cc54fecfc4a023e16c2c9ee
product-design.md,360,09. 当前时效、逾期与预测风险 / 09.1 三种局部时间都需要展示,组织文档或图表语法：|---|---|---|,背景（结构行；所属语义见同节正文）,结构行已阅读；不独立认定业务实现通过,,|---|---|---|,仅产品文档语义；不构成源码或页面验收,52b4fcb24c0194b77531b422ec60791a6ee3fdf48cc54fecfc4a023e16c2c9ee
product-design.md,361,09. 当前时效、逾期与预测风险 / 09.1 三种局部时间都需要展示,区分三种局部耗时并从有效截止逆推LF/LS｜本行：前置等待,RISK-001,条文成立；本次仅确认设计语义，当前实现需另核对,,|前置等待|计划可进入→实际前置满足|识别上游带入的迟延|,仅产品文档语义；不构成源码或页面验收,52b4fcb24c0194b77531b422ec60791a6ee3fdf48cc54fecfc4a023e16c2c9ee
product-design.md,362,09. 当前时效、逾期与预测风险 / 09.1 三种局部时间都需要展示,区分三种局部耗时并从有效截止逆推LF/LS｜本行：本环节正式耗时,RISK-001/002,条文成立；本次仅确认设计语义，当前实现需另核对,,|本环节正式耗时|规则定义的责任起算事件→有效完成／现在|考核本环节；可执行后一直未开工也不能漏记|,仅产品文档语义；不构成源码或页面验收,52b4fcb24c0194b77531b422ec60791a6ee3fdf48cc54fecfc4a023e16c2c9ee
product-design.md,363,09. 当前时效、逾期与预测风险 / 09.1 三种局部时间都需要展示,区分三种局部耗时并从有效截止逆推LF/LS｜本行：实际作业耗时,RISK-001/002,条文成立；本次仅确认设计语义，当前实现需另核对,,|实际作业耗时|实际开工→作业完成／现在|解释排队与执行；不能用迟开工把责任时钟向后推|,仅产品文档语义；不构成源码或页面验收,52b4fcb24c0194b77531b422ec60791a6ee3fdf48cc54fecfc4a023e16c2c9ee
product-design.md,365,09. 当前时效、逾期与预测风险 / 09.1 三种局部时间都需要展示,区分三种局部耗时并从有效截止逆推LF/LS｜本行：局部有三个期限：网络标准节点日期、本环节按正式责任起点推导的SLA截止、为守住整体生效截止必须达到的日期。分别显示，不能混称一个“截止”。固定起,RISK-001/002/004/005/006,条文成立；本次仅确认设计语义，当前实现需另核对,,局部有三个期限：网络标准节点日期、本环节按正式责任起点推导的SLA截止、为守住整体生效截止必须达到的日期。分别显示，不能混称一个“截止”。固定起点规则依然按固定起点计时，例如需求后3天调色，不改为调色开始后3天。,仅产品文档语义；不构成源码或页面验收,52b4fcb24c0194b77531b422ec60791a6ee3fdf48cc54fecfc4a023e16c2c9ee
product-design.md,367,09. 当前时效、逾期与预测风险 / 09.1 三种局部时间都需要展示,区分三种局部耗时并从有效截止逆推LF/LS｜本行：保障整体的最晚节点从**生产任务当前生效截止**反推，不使用尚未关联的客户订单期限。设LF为保障整体的最晚完成、LS为最晚开始：,RISK-001/002/004/005/006,条文成立；本次仅确认设计语义，当前实现需另核对,,保障整体的最晚节点从**生产任务当前生效截止**反推，不使用尚未关联的客户订单期限。设LF为保障整体的最晚完成、LS为最晚开始：,仅产品文档语义；不构成源码或页面验收,52b4fcb24c0194b77531b422ec60791a6ee3fdf48cc54fecfc4a023e16c2c9ee
product-design.md,369,09. 当前时效、逾期与预测风险 / 09.1 三种局部时间都需要展示,组织文档或图表语法：text,背景（结构行；所属语义见同节正文）,结构行已阅读；不独立认定业务实现通过,,```text,仅产品文档语义；不构成源码或页面验收,52b4fcb24c0194b77531b422ec60791a6ee3fdf48cc54fecfc4a023e16c2c9ee
product-design.md,370,09. 当前时效、逾期与预测风险 / 09.1 三种局部时间都需要展示,区分三种局部耗时并从有效截止逆推LF/LS｜本行：LF最终实发终点 = 生产任务当前生效截止,RISK-005,条文成立；本次仅确认设计语义，当前实现需另核对,,LF最终实发终点 = 生产任务当前生效截止,仅产品文档语义；不构成源码或页面验收,52b4fcb24c0194b77531b422ec60791a6ee3fdf48cc54fecfc4a023e16c2c9ee
product-design.md,371,09. 当前时效、逾期与预测风险 / 09.1 三种局部时间都需要展示,区分三种局部耗时并从有效截止逆推LF/LS｜本行：LSᵢ = LFᵢ - dᵢ,RISK-006,条文成立；本次仅确认设计语义，当前实现需另核对,,LSᵢ = LFᵢ - dᵢ,仅产品文档语义；不构成源码或页面验收,52b4fcb24c0194b77531b422ec60791a6ee3fdf48cc54fecfc4a023e16c2c9ee
product-design.md,372,09. 当前时效、逾期与预测风险 / 09.1 三种局部时间都需要展示,区分三种局部耗时并从有效截止逆推LF/LS｜本行：LFᵢ = min(LSₖ - lagᵢₖ，k为i的必要后继),RISK-006,条文成立；本次仅确认设计语义，当前实现需另核对,,LFᵢ = min(LSₖ - lagᵢₖ，k为i的必要后继),仅产品文档语义；不构成源码或页面验收,52b4fcb24c0194b77531b422ec60791a6ee3fdf48cc54fecfc4a023e16c2c9ee
product-design.md,373,09. 当前时效、逾期与预测风险 / 09.1 三种局部时间都需要展示,区分三种局部耗时并从有效截止逆推LF/LS｜本行：标准时间缓冲 = LSᵢ - ESᵢ,RISK-005/006,条文成立；本次仅确认设计语义，当前实现需另核对,,标准时间缓冲 = LSᵢ - ESᵢ,仅产品文档语义；不构成源码或页面验收,52b4fcb24c0194b77531b422ec60791a6ee3fdf48cc54fecfc4a023e16c2c9ee
product-design.md,374,09. 当前时效、逾期与预测风险 / 09.1 三种局部时间都需要展示,组织文档或图表语法：,背景（结构行；所属语义见同节正文）,结构行已阅读；不独立认定业务实现通过,,```,仅产品文档语义；不构成源码或页面验收,52b4fcb24c0194b77531b422ec60791a6ee3fdf48cc54fecfc4a023e16c2c9ee
product-design.md,376,09. 当前时效、逾期与预测风险 / 09.1 三种局部时间都需要展示,区分三种局部耗时并从有效截止逆推LF/LS｜本行：各变量统一使用相对T0偏移或统一绝对时间，不能混算。实际预测倒推可替换为可靠的后续剩余时长，必须注明“按当前预测需完成时间”，不覆盖标准网络要求,RISK-001/002/004/005/006,条文成立；本次仅确认设计语义，当前实现需另核对,,各变量统一使用相对T0偏移或统一绝对时间，不能混算。实际预测倒推可替换为可靠的后续剩余时长，必须注明“按当前预测需完成时间”，不覆盖标准网络要求。共享工作按其服务的各有效需求／批次约束取最严格的适用期限，同时显示各来源影响；不把不相关数量的期限错误施加于全批。,仅产品文档语义；不构成源码或页面验收,52b4fcb24c0194b77531b422ec60791a6ee3fdf48cc54fecfc4a023e16c2c9ee
product-design.md,378,09. 当前时效、逾期与预测风险 / 09.1 三种局部时间都需要展示,组织文档或图表语法：text,背景（结构行；所属语义见同节正文）,结构行已阅读；不独立认定业务实现通过,,```text,仅产品文档语义；不构成源码或页面验收,52b4fcb24c0194b77531b422ec60791a6ee3fdf48cc54fecfc4a023e16c2c9ee
product-design.md,379,09. 当前时效、逾期与预测风险 / 09.1 三种局部时间都需要展示,"分别计算本项、整体实际逾期和预计延误｜本行：本项实际逾期 = max(有效完成时刻或现在 - 本项生效责任截止, 0) / 86400",RISK-003,条文成立；本次仅确认设计语义，当前实现需另核对,,"本项实际逾期 = max(有效完成时刻或现在 - 本项生效责任截止, 0) / 86400",仅产品文档语义；不构成源码或页面验收,52b4fcb24c0194b77531b422ec60791a6ee3fdf48cc54fecfc4a023e16c2c9ee
product-design.md,380,09. 当前时效、逾期与预测风险 / 09.1 三种局部时间都需要展示,"分别计算本项、整体实际逾期和预计延误｜本行：整体实际逾期 = max(有效实发完成时刻或现在 - 整体生效截止, 0) / 86400",RISK-003/016,条文成立；本次仅确认设计语义，当前实现需另核对,,"整体实际逾期 = max(有效实发完成时刻或现在 - 整体生效截止, 0) / 86400",仅产品文档语义；不构成源码或页面验收,52b4fcb24c0194b77531b422ec60791a6ee3fdf48cc54fecfc4a023e16c2c9ee
product-design.md,381,09. 当前时效、逾期与预测风险 / 09.1 三种局部时间都需要展示,"分别计算本项、整体实际逾期和预计延误｜本行：预计整体延误 = max(整体预测完成 - 整体生效截止, 0) / 86400",RISK-007/016,条文成立；本次仅确认设计语义，当前实现需另核对,,"预计整体延误 = max(整体预测完成 - 整体生效截止, 0) / 86400",仅产品文档语义；不构成源码或页面验收,52b4fcb24c0194b77531b422ec60791a6ee3fdf48cc54fecfc4a023e16c2c9ee
product-design.md,382,09. 当前时效、逾期与预测风险 / 09.1 三种局部时间都需要展示,组织文档或图表语法：,背景（结构行；所属语义见同节正文）,结构行已阅读；不独立认定业务实现通过,,```,仅产品文档语义；不构成源码或页面验收,52b4fcb24c0194b77531b422ec60791a6ee3fdf48cc54fecfc4a023e16c2c9ee
product-design.md,384,09. 当前时效、逾期与预测风险 / 09.1 三种局部时间都需要展示,分别计算本项、整体实际逾期和预计延误｜本行：尚未完成、前置未到的工作不能从不存在的实际开始算本项作业超时；它可能已经偏离计划、仍在消耗全程时效，必须显示“受上游阻塞”。到期未完成先显示已逾,RISK-003/004/016,条文成立；本次仅确认设计语义，当前实现需另核对,,尚未完成、前置未到的工作不能从不存在的实际开始算本项作业超时；它可能已经偏离计划、仍在消耗全程时效，必须显示“受上游阻塞”。到期未完成先显示已逾期，不能被“预计逾期”覆盖。,仅产品文档语义；不构成源码或页面验收,52b4fcb24c0194b77531b422ec60791a6ee3fdf48cc54fecfc4a023e16c2c9ee
product-design.md,386,09. 当前时效、逾期与预测风险 / 09.2 数量预测必须解释能力与依据,组织文档或图表语法：09.2 数量预测必须解释能力与依据,背景（结构行；所属语义见同节正文）,结构行已阅读；不独立认定业务实现通过,,### 09.2 数量预测必须解释能力与依据,仅产品文档语义；不构成源码或页面验收,52b4fcb24c0194b77531b422ec60791a6ee3fdf48cc54fecfc4a023e16c2c9ee
product-design.md,388,09. 当前时效、逾期与预测风险 / 09.2 数量预测必须解释能力与依据,组织文档或图表语法：text,背景（结构行；所属语义见同节正文）,结构行已阅读；不独立认定业务实现通过,,```text,仅产品文档语义；不构成源码或页面验收,52b4fcb24c0194b77531b422ec60791a6ee3fdf48cc54fecfc4a023e16c2c9ee
product-design.md,389,09. 当前时效、逾期与预测风险 / 09.2 数量预测必须解释能力与依据,"用有效剩余、分配能力、前置、排队和可信数据预测｜本行：剩余合格输出 = max(有效要求 - 累计去重合格输出, 0)",RISK-007/008/009,条文成立；本次仅确认设计语义，当前实现需另核对,,"剩余合格输出 = max(有效要求 - 累计去重合格输出, 0)",仅产品文档语义；不构成源码或页面验收,52b4fcb24c0194b77531b422ec60791a6ee3fdf48cc54fecfc4a023e16c2c9ee
product-design.md,390,09. 当前时效、逾期与预测风险 / 09.2 数量预测必须解释能力与依据,用有效剩余、分配能力、前置、排队和可信数据预测｜本行：可连续执行且材料已齐时：预计剩余时间 = 剩余合格输出 / 分配给本任务的可靠能力,RISK-007/008/009,条文成立；本次仅确认设计语义，当前实现需另核对,,可连续执行且材料已齐时：预计剩余时间 = 剩余合格输出 / 分配给本任务的可靠能力,仅产品文档语义；不构成源码或页面验收,52b4fcb24c0194b77531b422ec60791a6ee3fdf48cc54fecfc4a023e16c2c9ee
product-design.md,391,09. 当前时效、逾期与预测风险 / 09.2 数量预测必须解释能力与依据,"用有效剩余、分配能力、前置、排队和可信数据预测｜本行：预计结束 = max(现在, 前置预计满足, 本任务资源释放) + 排队时间 + 预计剩余时间",RISK-007/008/009,条文成立；本次仅确认设计语义，当前实现需另核对,,"预计结束 = max(现在, 前置预计满足, 本任务资源释放) + 排队时间 + 预计剩余时间",仅产品文档语义；不构成源码或页面验收,52b4fcb24c0194b77531b422ec60791a6ee3fdf48cc54fecfc4a023e16c2c9ee
product-design.md,392,09. 当前时效、逾期与预测风险 / 09.2 数量预测必须解释能力与依据,组织文档或图表语法：,背景（结构行；所属语义见同节正文）,结构行已阅读；不独立认定业务实现通过,,```,仅产品文档语义；不构成源码或页面验收,52b4fcb24c0194b77531b422ec60791a6ee3fdf48cc54fecfc4a023e16c2c9ee
product-design.md,394,09. 当前时效、逾期与预测风险 / 09.2 数量预测必须解释能力与依据,用有效剩余、分配能力、前置、排队和可信数据预测｜本行：能力单位与完成定义一致：成衣合格回货件／自然日、染色合格M／自然日等。工厂总产能1000件不能完整分给5笔任务。物料分批供应、跨日资源变化时，逐,RISK-007/008/009,条文成立；本次仅确认设计语义，当前实现需另核对,,能力单位与完成定义一致：成衣合格回货件／自然日、染色合格M／自然日等。工厂总产能1000件不能完整分给5笔任务。物料分批供应、跨日资源变化时，逐时段累计可处理量直到覆盖剩余量；只有确实串行等待的排队时间才额外相加，不能与资源释放等待重复。,仅产品文档语义；不构成源码或页面验收,52b4fcb24c0194b77531b422ec60791a6ee3fdf48cc54fecfc4a023e16c2c9ee
product-design.md,396,09. 当前时效、逾期与预测风险 / 09.2 数量预测必须解释能力与依据,用有效剩余、分配能力、前置、排队和可信数据预测｜本行：来源优先级：已确认排产与分配能力→同路线近期可靠有效产出→责任人有依据的预计日期。预测明确标注方法、数据时点、覆盖数量和可信程度。零产能、无合格,RISK-007/008/009,条文成立；本次仅确认设计语义，当前实现需另核对,,来源优先级：已确认排产与分配能力→同路线近期可靠有效产出→责任人有依据的预计日期。预测明确标注方法、数据时点、覆盖数量和可信程度。零产能、无合格产出、数据过期、缺必要路线时不能除零或填成0天，要显示“预测不足／预计日期待补”；沿用最后一次预测时必须明显标为过期。,仅产品文档语义；不构成源码或页面验收,52b4fcb24c0194b77531b422ec60791a6ee3fdf48cc54fecfc4a023e16c2c9ee
product-design.md,398,09. 当前时效、逾期与预测风险 / 09.2 数量预测必须解释能力与依据,用有效剩余、分配能力、前置、排队和可信数据预测｜本行：非数量任务依据当前状态、审核轮次和责任人预计结束；未开始且具备输入时可用标准预算作低可信预测。已用完预算仍未完成不能令剩余预算变为0而认定即将完,RISK-007/008/009,条文成立；本次仅确认设计语义，当前实现需另核对,,非数量任务依据当前状态、审核轮次和责任人预计结束；未开始且具备输入时可用标准预算作低可信预测。已用完预算仍未完成不能令剩余预算变为0而认定即将完成。,仅产品文档语义；不构成源码或页面验收,52b4fcb24c0194b77531b422ec60791a6ee3fdf48cc54fecfc4a023e16c2c9ee
product-design.md,400,09. 当前时效、逾期与预测风险 / 09.3 主例：尚未逾期，数量已显示风险,组织文档或图表语法：09.3 主例：尚未逾期，数量已显示风险,背景（结构行；所属语义见同节正文）,结构行已阅读；不独立认定业务实现通过,,### 09.3 主例：尚未逾期，数量已显示风险,仅产品文档语义；不构成源码或页面验收,52b4fcb24c0194b77531b422ec60791a6ee3fdf48cc54fecfc4a023e16c2c9ee
product-design.md,402,09. 当前时效、逾期与预测风险 / 09.3 主例：尚未逾期，数量已显示风险,对照400与700合格数量解释风险及能力缺口｜本行：当前D20，车缝及合格回货要求1000件、已合格400件，分配给本任务的可靠合格回货能力200件／自然日：,RISK-010/011/012,600/200=3，600/2=300，差100；对照300/200=1.5，整程23.5，算术成立,,当前D20，车缝及合格回货要求1000件、已合格400件，分配给本任务的可靠合格回货能力200件／自然日：,仅产品文档语义；不构成源码或页面验收,52b4fcb24c0194b77531b422ec60791a6ee3fdf48cc54fecfc4a023e16c2c9ee
product-design.md,404,09. 当前时效、逾期与预测风险 / 09.3 主例：尚未逾期，数量已显示风险,组织文档或图表语法：text,背景（结构行；所属语义见同节正文）,结构行已阅读；不独立认定业务实现通过,,```text,仅产品文档语义；不构成源码或页面验收,52b4fcb24c0194b77531b422ec60791a6ee3fdf48cc54fecfc4a023e16c2c9ee
product-design.md,405,09. 当前时效、逾期与预测风险 / 09.3 主例：尚未逾期，数量已显示风险,对照400与700合格数量解释风险及能力缺口｜本行：剩余 = 1000 - 400 = 600件,RISK-010/011/012,600/200=3，600/2=300，差100；对照300/200=1.5，整程23.5，算术成立,,剩余 = 1000 - 400 = 600件,仅产品文档语义；不构成源码或页面验收,52b4fcb24c0194b77531b422ec60791a6ee3fdf48cc54fecfc4a023e16c2c9ee
product-design.md,406,09. 当前时效、逾期与预测风险 / 09.3 主例：尚未逾期，数量已显示风险,对照400与700合格数量解释风险及能力缺口｜本行：本项预测完成 = D20 + 600/200 = D23,RISK-010/011/012,600/200=3，600/2=300，差100；对照300/200=1.5，整程23.5，算术成立,,本项预测完成 = D20 + 600/200 = D23,仅产品文档语义；不构成源码或页面验收,52b4fcb24c0194b77531b422ec60791a6ee3fdf48cc54fecfc4a023e16c2c9ee
product-design.md,407,09. 当前时效、逾期与预测风险 / 09.3 主例：尚未逾期，数量已显示风险,对照400与700合格数量解释风险及能力缺口｜本行：本项要求 = D22，当前实际逾期0，预测延误1天,RISK-010/011/012,600/200=3，600/2=300，差100；对照300/200=1.5，整程23.5，算术成立,,本项要求 = D22，当前实际逾期0，预测延误1天,仅产品文档语义；不构成源码或页面验收,52b4fcb24c0194b77531b422ec60791a6ee3fdf48cc54fecfc4a023e16c2c9ee
product-design.md,408,09. 当前时效、逾期与预测风险 / 09.3 主例：尚未逾期，数量已显示风险,对照400与700合格数量解释风险及能力缺口｜本行：整体预测 = D23 + 后道质检入库1 + 实发1 = D25,RISK-010/011/012,600/200=3，600/2=300，差100；对照300/200=1.5，整程23.5，算术成立,,整体预测 = D23 + 后道质检入库1 + 实发1 = D25,仅产品文档语义；不构成源码或页面验收,52b4fcb24c0194b77531b422ec60791a6ee3fdf48cc54fecfc4a023e16c2c9ee
product-design.md,409,09. 当前时效、逾期与预测风险 / 09.3 主例：尚未逾期，数量已显示风险,对照400与700合格数量解释风险及能力缺口｜本行：整体要求 = D24，当前实际逾期0，预测延误1天,RISK-010/011/012,600/200=3，600/2=300，差100；对照300/200=1.5，整程23.5，算术成立,,整体要求 = D24，当前实际逾期0，预测延误1天,仅产品文档语义；不构成源码或页面验收,52b4fcb24c0194b77531b422ec60791a6ee3fdf48cc54fecfc4a023e16c2c9ee
product-design.md,410,09. 当前时效、逾期与预测风险 / 09.3 主例：尚未逾期，数量已显示风险,对照400与700合格数量解释风险及能力缺口｜本行：守住本项需要的能力 = 600/(22-20) = 300件/自然日,RISK-010/011/012,600/200=3，600/2=300，差100；对照300/200=1.5，整程23.5，算术成立,,守住本项需要的能力 = 600/(22-20) = 300件/自然日,仅产品文档语义；不构成源码或页面验收,52b4fcb24c0194b77531b422ec60791a6ee3fdf48cc54fecfc4a023e16c2c9ee
product-design.md,411,09. 当前时效、逾期与预测风险 / 09.3 主例：尚未逾期，数量已显示风险,对照400与700合格数量解释风险及能力缺口｜本行：能力缺口 = 300 - 200 = 100件/自然日,RISK-010/011/012,600/200=3，600/2=300，差100；对照300/200=1.5，整程23.5，算术成立,,能力缺口 = 300 - 200 = 100件/自然日,仅产品文档语义；不构成源码或页面验收,52b4fcb24c0194b77531b422ec60791a6ee3fdf48cc54fecfc4a023e16c2c9ee
product-design.md,412,09. 当前时效、逾期与预测风险 / 09.3 主例：尚未逾期，数量已显示风险,组织文档或图表语法：,背景（结构行；所属语义见同节正文）,结构行已阅读；不独立认定业务实现通过,,```,仅产品文档语义；不构成源码或页面验收,52b4fcb24c0194b77531b422ec60791a6ee3fdf48cc54fecfc4a023e16c2c9ee
product-design.md,414,09. 当前时效、逾期与预测风险 / 09.3 主例：尚未逾期，数量已显示风险,对照400与700合格数量解释风险及能力缺口｜本行：详情风险卡文案：“车缝及合格回货剩余600件；当前200件／日，守期需300件／日。预计9月22日10:00全部实发，晚1天。责任：车缝厂A；协,RISK-010/011/012,600/200=3，600/2=300，差100；对照300/200=1.5，整程23.5，算术成立,,详情风险卡文案：“车缝及合格回货剩余600件；当前200件／日，守期需300件／日。预计9月22日10:00全部实发，晚1天。责任：车缝厂A；协调：跟单甲。”数据仅描述可核实差额，不自动承诺加人就一定解决质量与供料约束。,仅产品文档语义；不构成源码或页面验收,52b4fcb24c0194b77531b422ec60791a6ee3fdf48cc54fecfc4a023e16c2c9ee
product-design.md,416,09. 当前时效、逾期与预测风险 / 09.3 主例：尚未逾期，数量已显示风险,对照400与700合格数量解释风险及能力缺口｜本行：对照Mock-PT-002：已合格700，余300，同样200件／日→本项D21.5、全程D23.5；提前0.5天，正常。不同工厂各自的200件,RISK-010/011/012,600/200=3，600/2=300，差100；对照300/200=1.5，整程23.5，算术成立,,对照Mock-PT-002：已合格700，余300，同样200件／日→本项D21.5、全程D23.5；提前0.5天，正常。不同工厂各自的200件能力，不能把同一能力重复分配。,仅产品文档语义；不构成源码或页面验收,52b4fcb24c0194b77531b422ec60791a6ee3fdf48cc54fecfc4a023e16c2c9ee
product-design.md,418,09. 当前时效、逾期与预测风险 / 09.4 上游晚到与本环节追回,组织文档或图表语法：09.4 上游晚到与本环节追回,背景（结构行；所属语义见同节正文）,结构行已阅读；不独立认定业务实现通过,,### 09.4 上游晚到与本环节追回,仅产品文档语义；不构成源码或页面验收,52b4fcb24c0194b77531b422ec60791a6ee3fdf48cc54fecfc4a023e16c2c9ee
product-design.md,420,09. 当前时效、逾期与预测风险 / 09.4 上游晚到与本环节追回,拆开上游晚到、自身SLA、整体追回和协调责任｜本行：Mock-PT-005以自身T0=9月1日10:00计：输入应D13=9月14日、实到D15=9月16日；本项4天，自身截止D19=9月20日。,RISK-013；PAGE-016,日期偏移与追回2天、总体风险1天一致,,Mock-PT-005以自身T0=9月1日10:00计：输入应D13=9月14日、实到D15=9月16日；本项4天，自身截止D19=9月20日。整体要求D20=9月21日，尾程3天，必须D17=9月18日完成才能守整体，需比自身截止提前2天。,仅产品文档语义；不构成源码或页面验收,52b4fcb24c0194b77531b422ec60791a6ee3fdf48cc54fecfc4a023e16c2c9ee
product-design.md,422,09. 当前时效、逾期与预测风险 / 09.4 上游晚到与本环节追回,拆开上游晚到、自身SLA、整体追回和协调责任｜本行：当前D16=9月17日，本厂没有逾期；标“上游晚到2天，需追回2天”。预计本项9月19日完成，比自身截止早1天，但整体9月22日，仍晚1天。页面,RISK-013；PAGE-016,日期偏移与追回2天、总体风险1天一致,,当前D16=9月17日，本厂没有逾期；标“上游晚到2天，需追回2天”。预计本项9月19日完成，比自身截止早1天，但整体9月22日，仍晚1天。页面分别给出上游迟延责任、当前执行责任、跟单协调责任，不把全部延误归当前工厂。,仅产品文档语义；不构成源码或页面验收,52b4fcb24c0194b77531b422ec60791a6ee3fdf48cc54fecfc4a023e16c2c9ee
product-design.md,424,09. 当前时效、逾期与预测风险 / 09.5 风险与卡点归因,组织文档或图表语法：09.5 风险与卡点归因,背景（结构行；所属语义见同节正文）,结构行已阅读；不独立认定业务实现通过,,### 09.5 风险与卡点归因,仅产品文档语义；不构成源码或页面验收,52b4fcb24c0194b77531b422ec60791a6ee3fdf48cc54fecfc4a023e16c2c9ee
product-design.md,426,09. 当前时效、逾期与预测风险 / 09.5 风险与卡点归因,规定健康优先级与数量卡点递归追因｜本行：主状态优先级：已逾期→预计逾期→待判定→临期→正常。已知整体已逾期即使缺预测仍显示逾期，叠加“数据不足”。临期默认距离相关生效截止≤2天，且未命,RISK-014/015/016,条文成立；本次仅确认设计语义，当前实现需另核对,,主状态优先级：已逾期→预计逾期→待判定→临期→正常。已知整体已逾期即使缺预测仍显示逾期，叠加“数据不足”。临期默认距离相关生效截止≤2天，且未命中更高状态；阈值可配置。预测精确到天与时分秒，风险不等同“用时超过80%”。,仅产品文档语义；不构成源码或页面验收,52b4fcb24c0194b77531b422ec60791a6ee3fdf48cc54fecfc4a023e16c2c9ee
product-design.md,428,09. 当前时效、逾期与预测风险 / 09.5 风险与卡点归因,规定健康优先级与数量卡点递归追因｜本行：沿未满足前置逐层追溯，显示最深的实际卡点和负责团队：当前等待车缝配套→缺某辅料500PCS→其中300仓内待拨、200采购未入库。卡点影响显示被,RISK-014/015/016,条文成立；本次仅确认设计语义，当前实现需另核对,,沿未满足前置逐层追溯，显示最深的实际卡点和负责团队：当前等待车缝配套→缺某辅料500PCS→其中300仓内待拨、200采购未入库。卡点影响显示被阻数量、被阻后续工作、是否位于当前预测最长路径、消除该卡点后预计能追回多少。多个卡点的影响天数不能直接相加，使用同一网络做单点或组合情景比较。,仅产品文档语义；不构成源码或页面验收,52b4fcb24c0194b77531b422ec60791a6ee3fdf48cc54fecfc4a023e16c2c9ee
product-design.md,430,10. 发货、订单核算、减量与关闭,组织文档或图表语法：10. 发货、订单核算、减量与关闭,背景（结构行；所属语义见同节正文）,结构行已阅读；不独立认定业务实现通过,,## 10. 发货、订单核算、减量与关闭,仅产品文档语义；不构成源码或页面验收,52b4fcb24c0194b77531b422ec60791a6ee3fdf48cc54fecfc4a023e16c2c9ee
product-design.md,432,10. 发货、订单核算、减量与关闭,逐SKU核算有效范围、剩余和限额计入发货进度｜本行：生产任务有效应发量按每个成衣SKU分别核算，防止不同颜色／尺码超发抵消短发：,SHIP-001/003,条文成立；本次仅确认设计语义，当前实现需另核对,,生产任务有效应发量按每个成衣SKU分别核算，防止不同颜色／尺码超发抵消短发：,仅产品文档语义；不构成源码或页面验收,52b4fcb24c0194b77531b422ec60791a6ee3fdf48cc54fecfc4a023e16c2c9ee
product-design.md,434,10. 发货、订单核算、减量与关闭,组织文档或图表语法：text,背景（结构行；所属语义见同节正文）,结构行已阅读；不独立认定业务实现通过,,```text,仅产品文档语义；不构成源码或页面验收,52b4fcb24c0194b77531b422ec60791a6ee3fdf48cc54fecfc4a023e16c2c9ee
product-design.md,435,10. 发货、订单核算、减量与关闭,逐SKU核算有效范围、剩余和限额计入发货进度｜本行：有效应发 = 原生产需求 + 已确认追加 - 明确作用于本任务的正式减量,SHIP-001,条文成立；本次仅确认设计语义，当前实现需另核对,,有效应发 = 原生产需求 + 已确认追加 - 明确作用于本任务的正式减量,仅产品文档语义；不构成源码或页面验收,52b4fcb24c0194b77531b422ec60791a6ee3fdf48cc54fecfc4a023e16c2c9ee
product-design.md,436,10. 发货、订单核算、减量与关闭,"逐SKU核算有效范围、剩余和限额计入发货进度｜本行：SKU剩余应发 = max(SKU有效应发 - 归属该来源的有效实发, 0)",SHIP-003,条文成立；本次仅确认设计语义，当前实现需另核对,,"SKU剩余应发 = max(SKU有效应发 - 归属该来源的有效实发, 0)",仅产品文档语义；不构成源码或页面验收,52b4fcb24c0194b77531b422ec60791a6ee3fdf48cc54fecfc4a023e16c2c9ee
product-design.md,437,10. 发货、订单核算、减量与关闭,逐SKU核算有效范围、剩余和限额计入发货进度｜本行：任务剩余 = Σ SKU剩余应发,SHIP-003,条文成立；本次仅确认设计语义，当前实现需另核对,,任务剩余 = Σ SKU剩余应发,仅产品文档语义；不构成源码或页面验收,52b4fcb24c0194b77531b422ec60791a6ee3fdf48cc54fecfc4a023e16c2c9ee
product-design.md,438,10. 发货、订单核算、减量与关闭,"逐SKU核算有效范围、剩余和限额计入发货进度｜本行：任务发货进度 = Σmin(SKU有效实发, SKU有效应发) / ΣSKU有效应发",SHIP-003,条文成立；本次仅确认设计语义，当前实现需另核对,,"任务发货进度 = Σmin(SKU有效实发, SKU有效应发) / ΣSKU有效应发",仅产品文档语义；不构成源码或页面验收,52b4fcb24c0194b77531b422ec60791a6ee3fdf48cc54fecfc4a023e16c2c9ee
product-design.md,439,10. 发货、订单核算、减量与关闭,组织文档或图表语法：,背景（结构行；所属语义见同节正文）,结构行已阅读；不独立认定业务实现通过,,```,仅产品文档语义；不构成源码或页面验收,52b4fcb24c0194b77531b422ec60791a6ee3fdf48cc54fecfc4a023e16c2c9ee
product-design.md,441,10. 发货、订单核算、减量与关闭,把未分配客户取消、正式减产、报废和真实发货事件分开｜本行：客户订单取消但尚未关联生产来源：不变更某笔生产任务数量。如果业务随后正式减少生产需求，则按新的需求变更事件处理，保留两件事的关联依据。全部需求取,SHIP-002/004/010/011；OPEN-001,条文成立；本次仅确认设计语义，当前实现需另核对,,客户订单取消但尚未关联生产来源：不变更某笔生产任务数量。如果业务随后正式减少生产需求，则按新的需求变更事件处理，保留两件事的关联依据。全部需求取消不计为100%按时发货，终止与交付完成分开统计。报废、短装、遗失也不能自动当作减量。,仅产品文档语义；不构成源码或页面验收,52b4fcb24c0194b77531b422ec60791a6ee3fdf48cc54fecfc4a023e16c2c9ee
product-design.md,443,10. 发货、订单核算、减量与关闭,把未分配客户取消、正式减产、报废和真实发货事件分开｜本行：发货必须是本方案定义的实际业务事件，例如仓库完成出库并交承运方；创建运单、打印面单、分配订单、拣货完成都不是实际发货。正式发布前须由履约仓确认唯,SHIP-002/004/010/011；OPEN-001,条文成立；本次仅确认设计语义，当前实现需另核对,,发货必须是本方案定义的实际业务事件，例如仓库完成出库并交承运方；创建运单、打印面单、分配订单、拣货完成都不是实际发货。正式发布前须由履约仓确认唯一终点事件。,仅产品文档语义；不构成源码或页面验收,52b4fcb24c0194b77531b422ec60791a6ee3fdf48cc54fecfc4a023e16c2c9ee
product-design.md,445,10. 发货、订单核算、减量与关闭,组织文档或图表语法：text,背景（结构行；所属语义见同节正文）,结构行已阅读；不独立认定业务实现通过,,```text,仅产品文档语义；不构成源码或页面验收,52b4fcb24c0194b77531b422ec60791a6ee3fdf48cc54fecfc4a023e16c2c9ee
product-design.md,446,10. 发货、订单核算、减量与关闭,定义发货行、全单履约和多来源的完成标准｜本行：客户订单某次发货时效 = 本次实际发货 - 客户订单下单,SHIP-005,规则成立；五个单次全量订单不足以验收跨次/跨来源边界,F06,客户订单某次发货时效 = 本次实际发货 - 客户订单下单,仅产品文档语义；不构成源码或页面验收,52b4fcb24c0194b77531b422ec60791a6ee3fdf48cc54fecfc4a023e16c2c9ee
product-design.md,447,10. 发货、订单核算、减量与关闭,"定义发货行、全单履约和多来源的完成标准｜本行：本次超时 = max(本次实际发货 - 此订单对应要求截止, 0)",SHIP-005,规则成立；五个单次全量订单不足以验收跨次/跨来源边界,F06,"本次超时 = max(本次实际发货 - 此订单对应要求截止, 0)",仅产品文档语义；不构成源码或页面验收,52b4fcb24c0194b77531b422ec60791a6ee3fdf48cc54fecfc4a023e16c2c9ee
product-design.md,448,10. 发货、订单核算、减量与关闭,定义发货行、全单履约和多来源的完成标准｜本行：订单全部履约时效 = 全部有效应发订单行最后完成发货的时刻 - 订单下单,SHIP-006/007,规则成立；五个单次全量订单不足以验收跨次/跨来源边界,F06,订单全部履约时效 = 全部有效应发订单行最后完成发货的时刻 - 订单下单,仅产品文档语义；不构成源码或页面验收,52b4fcb24c0194b77531b422ec60791a6ee3fdf48cc54fecfc4a023e16c2c9ee
product-design.md,449,10. 发货、订单核算、减量与关闭,组织文档或图表语法：,背景（结构行；所属语义见同节正文）,结构行已阅读；不独立认定业务实现通过,,```,仅产品文档语义；不构成源码或页面验收,52b4fcb24c0194b77531b422ec60791a6ee3fdf48cc54fecfc4a023e16c2c9ee
product-design.md,451,10. 发货、订单核算、减量与关闭,定义发货行、全单履约和多来源的完成标准｜本行：一个客户订单可以跨多次发货、多个生产来源：发货行先分别核算；首次发货时效不能冒充全单完成时效。尚未完成的订单显示部分履约结果，只有确知该订单有效,SHIP-005/006/007,规则成立；五个单次全量订单不足以验收跨次/跨来源边界,F06,一个客户订单可以跨多次发货、多个生产来源：发货行先分别核算；首次发货时效不能冒充全单完成时效。尚未完成的订单显示部分履约结果，只有确知该订单有效应发范围和全部发货事实时才进入完整订单及时率分母。未发部分不能未经来源分配自动挂到某生产任务。,仅产品文档语义；不构成源码或页面验收,52b4fcb24c0194b77531b422ec60791a6ee3fdf48cc54fecfc4a023e16c2c9ee
product-design.md,453,10. 发货、订单核算、减量与关闭,规定客户订单余量取消后关闭不倒填全单实发｜本行：客户订单先部分发货、之后取消剩余量时，保留最后实发时间、取消生效时间及“余量取消后关闭”类型，不倒填此前就已全单发完，也不混入纯发货完成的及时率,SHIP-009,文字成立；需与多次实发边界一起给可复算数据,F06,客户订单先部分发货、之后取消剩余量时，保留最后实发时间、取消生效时间及“余量取消后关闭”类型，不倒填此前就已全单发完，也不混入纯发货完成的及时率分母。此规则针对客户订单，与生产需求正式减量是两套不同对象的记录。,仅产品文档语义；不构成源码或页面验收,52b4fcb24c0194b77531b422ec60791a6ee3fdf48cc54fecfc4a023e16c2c9ee
product-design.md,455,10. 发货、订单核算、减量与关闭,演示生产按期但客户A/C各自超时｜本行：**本例对照：**Mock-PT-008要求9月19日全部发货，实际9月17日，生产任务按期；实际关联订单A耗时10天／要求7天、C耗时16天／,SHIP-008,日期和客户时效结论成立,,**本例对照：**Mock-PT-008要求9月19日全部发货，实际9月17日，生产任务按期；实际关联订单A耗时10天／要求7天、C耗时16天／要求14天，客户订单仍超时。两个结论同时成立。,仅产品文档语义；不构成源码或页面验收,52b4fcb24c0194b77531b422ec60791a6ee3fdf48cc54fecfc4a023e16c2c9ee
product-design.md,457,10. 发货、订单核算、减量与关闭,规定生产正式减量后的进度、关闭日和审计｜本行：生产需求1000正式减100、实发700：有效进度700/900=77.78%，原始范围实发70%，减量10%。9月17日前实发900件，之后9,SHIP-010,700/900=77.78%；后减量后关闭与最后实发分开，口径成立,,生产需求1000正式减100、实发700：有效进度700/900=77.78%，原始范围实发70%，减量10%。9月17日前实发900件，之后9月22日才正式取消剩余100：关闭时刻为9月22日，类型“范围减少后关闭”，不能把完成日倒填为最后实发日、借减量抹掉此前逾期。关闭后数据纠错保留旧结论及重算版本，不能无痕改写历史。,仅产品文档语义；不构成源码或页面验收,52b4fcb24c0194b77531b422ec60791a6ee3fdf48cc54fecfc4a023e16c2c9ee
product-design.md,459,10. 发货、订单核算、减量与关闭,定义无销售订单的待履约及备货边界｜本行：成衣已入库但没有可履约订单／业务发货条件未满足：保留“待履约”及原因、责任归属。若仍处于有发货承诺的有效任务范围，整体时钟继续；若属于备货业务，,SHIP-012；OPEN-001,条文成立；本次仅确认设计语义，当前实现需另核对,,成衣已入库但没有可履约订单／业务发货条件未满足：保留“待履约”及原因、责任归属。若仍处于有发货承诺的有效任务范围，整体时钟继续；若属于备货业务，应选用已确认的备货适用规则及承诺阶段，不能自行假定全部库存即刻有订单可发，也不能把等待销售归责工厂。,仅产品文档语义；不构成源码或页面验收,52b4fcb24c0194b77531b422ec60791a6ee3fdf48cc54fecfc4a023e16c2c9ee
product-design.md,461,11. 可视化方案：分层甘特图为主，数量曲线为辅,组织文档或图表语法：11. 可视化方案：分层甘特图为主，数量曲线为辅,背景（结构行；所属语义见同节正文）,结构行已阅读；不独立认定业务实现通过,,## 11. 可视化方案：分层甘特图为主，数量曲线为辅,仅产品文档语义；不构成源码或页面验收,52b4fcb24c0194b77531b422ec60791a6ee3fdf48cc54fecfc4a023e16c2c9ee
product-design.md,463,11. 可视化方案：分层甘特图为主，数量曲线为辅,选择甘特主图、数量曲线与依赖辅图｜本行：主图选用 **工作树＋标准／实际／预测分层甘特图**。纯阶段进度条无法表现并行、等待、不同责任和延期传播；流程图适合解释依赖但不擅长比较实际时间,VIS-002/004/012；背景（静态图示）,选型合理；静态长图不能决定页面默认平铺,,主图选用 **工作树＋标准／实际／预测分层甘特图**。纯阶段进度条无法表现并行、等待、不同责任和延期传播；流程图适合解释依赖但不擅长比较实际时间。因此甘特图作为跟单主工作区，依赖网络作为可切换辅助视图，累计数量曲线用于判断回货／发货节奏。,仅产品文档语义；不构成源码或页面验收,52b4fcb24c0194b77531b422ec60791a6ee3fdf48cc54fecfc4a023e16c2c9ee
product-design.md,465,11. 可视化方案：分层甘特图为主，数量曲线为辅,选择甘特主图、数量曲线与依赖辅图｜本行：![跟单首屏摘要图](assets/follower-overview.png),VIS-002/004/012；背景（静态图示）,选型合理；静态长图不能决定页面默认平铺,,![跟单首屏摘要图](assets/follower-overview.png),仅产品文档语义；不构成源码或页面验收,52b4fcb24c0194b77531b422ec60791a6ee3fdf48cc54fecfc4a023e16c2c9ee
product-design.md,467,11. 可视化方案：分层甘特图为主，数量曲线为辅,选择甘特主图、数量曲线与依赖辅图｜本行：以下是同一任务的完整计时展开示意：,VIS-002/004/012；背景（静态图示）,选型合理；静态长图不能决定页面默认平铺,,以下是同一任务的完整计时展开示意：,仅产品文档语义；不构成源码或页面验收,52b4fcb24c0194b77531b422ec60791a6ee3fdf48cc54fecfc4a023e16c2c9ee
product-design.md,469,11. 可视化方案：分层甘特图为主，数量曲线为辅,选择甘特主图、数量曲线与依赖辅图｜本行：![主任务31项甘特图设计示意](assets/task-timeline.png),VIS-002/004/012；背景（静态图示）,选型合理；静态长图不能决定页面默认平铺,,![主任务31项甘特图设计示意](assets/task-timeline.png),仅产品文档语义；不构成源码或页面验收,52b4fcb24c0194b77531b422ec60791a6ee3fdf48cc54fecfc4a023e16c2c9ee
product-design.md,471,11. 可视化方案：分层甘特图为主，数量曲线为辅 / 11.1 首屏组成,组织文档或图表语法：11.1 首屏组成,背景（结构行；所属语义见同节正文）,结构行已阅读；不独立认定业务实现通过,,### 11.1 首屏组成,仅产品文档语义；不构成源码或页面验收,52b4fcb24c0194b77531b422ec60791a6ee3fdf48cc54fecfc4a023e16c2c9ee
product-design.md,473,11. 可视化方案：分层甘特图为主，数量曲线为辅 / 11.1 首屏组成,安排任务首屏摘要、风险、甘特和下方页签｜本行：1. 页头：任务号、商品采购／需求／生产／准备单入口、款式图片与名称、主跟单。,VIS-001；OBJECT-001/002,页签置于长甘特下方不利于切换，需提高到摘要后的一级导航,F02;F13,1. 页头：任务号、商品采购／需求／生产／准备单入口、款式图片与名称、主跟单。,仅产品文档语义；不构成源码或页面验收,52b4fcb24c0194b77531b422ec60791a6ee3fdf48cc54fecfc4a023e16c2c9ee
product-design.md,474,11. 可视化方案：分层甘特图为主，数量曲线为辅 / 11.1 首屏组成,安排任务首屏摘要、风险、甘特和下方页签｜本行：2. 48px摘要：已用20天／要求24天，生效截止9月21日，预测9月22日，未逾期／预计晚1天；已发0／1000件。,VIS-001,页签置于长甘特下方不利于切换，需提高到摘要后的一级导航,F02;F13,2. 48px摘要：已用20天／要求24天，生效截止9月21日，预测9月22日，未逾期／预计晚1天；已发0／1000件。,仅产品文档语义；不构成源码或页面验收,52b4fcb24c0194b77531b422ec60791a6ee3fdf48cc54fecfc4a023e16c2c9ee
product-design.md,475,11. 可视化方案：分层甘特图为主，数量曲线为辅 / 11.1 首屏组成,安排任务首屏摘要、风险、甘特和下方页签｜本行：3. 风险解释条：当前关键卡点、剩余量、负责团队、需追回量／能力；可展开原因。,RISK-014,页签置于长甘特下方不利于切换，需提高到摘要后的一级导航,F02;F13,3. 风险解释条：当前关键卡点、剩余量、负责团队、需追回量／能力；可展开原因。,仅产品文档语义；不构成源码或页面验收,52b4fcb24c0194b77531b422ec60791a6ee3fdf48cc54fecfc4a023e16c2c9ee
product-design.md,476,11. 可视化方案：分层甘特图为主，数量曲线为辅 / 11.1 首屏组成,安排任务首屏摘要、风险、甘特和下方页签｜本行：4. 甘特主区：默认展开有风险与正在执行的阶段，已完成阶段压缩为摘要；明确“已展开x／全部y项”，提供一键展开全部。,VIS-002；缺默认展开/压缩原子项,页签置于长甘特下方不利于切换，需提高到摘要后的一级导航,F02;F13,4. 甘特主区：默认展开有风险与正在执行的阶段，已完成阶段压缩为摘要；明确“已展开x／全部y项”，提供一键展开全部。,仅产品文档语义；不构成源码或页面验收,52b4fcb24c0194b77531b422ec60791a6ee3fdf48cc54fecfc4a023e16c2c9ee
product-design.md,477,11. 可视化方案：分层甘特图为主，数量曲线为辅 / 11.1 首屏组成,安排任务首屏摘要、风险、甘特和下方页签｜本行：5. 下方页签：工作明细、数量批次、实际发货与订单、计算与版本、跟进记录。图与明细选中状态同步。,缺详情一级Tab结构原子项,页签置于长甘特下方不利于切换，需提高到摘要后的一级导航,F02;F13,5. 下方页签：工作明细、数量批次、实际发货与订单、计算与版本、跟进记录。图与明细选中状态同步。,仅产品文档语义；不构成源码或页面验收,52b4fcb24c0194b77531b422ec60791a6ee3fdf48cc54fecfc4a023e16c2c9ee
product-design.md,479,11. 可视化方案：分层甘特图为主，数量曲线为辅 / 11.2 行与图形编码,组织文档或图表语法：11.2 行与图形编码,背景（结构行；所属语义见同节正文）,结构行已阅读；不独立认定业务实现通过,,### 11.2 行与图形编码,仅产品文档语义；不构成源码或页面验收,52b4fcb24c0194b77531b422ec60791a6ee3fdf48cc54fecfc4a023e16c2c9ee
product-design.md,481,11. 可视化方案：分层甘特图为主，数量曲线为辅 / 11.2 行与图形编码,规定阶段/工作行和标准实际预测图形编码｜本行：元素,VIS-003/004/005/006/007/008/009；缺里程碑独立项,图形语义成立；关键路径切换和数量里程碑尚需原子覆盖,F13,|元素|表达|不可省略|,仅产品文档语义；不构成源码或页面验收,52b4fcb24c0194b77531b422ec60791a6ee3fdf48cc54fecfc4a023e16c2c9ee
product-design.md,482,11. 可视化方案：分层甘特图为主，数量曲线为辅 / 11.2 行与图形编码,组织文档或图表语法：|---|---|---|,背景（结构行；所属语义见同节正文）,结构行已阅读；不独立认定业务实现通过,,|---|---|---|,仅产品文档语义；不构成源码或页面验收,52b4fcb24c0194b77531b422ec60791a6ee3fdf48cc54fecfc4a023e16c2c9ee
product-design.md,483,11. 可视化方案：分层甘特图为主，数量曲线为辅 / 11.2 行与图形编码,规定阶段/工作行和标准实际预测图形编码｜本行：阶段行,FLOW-004；TIME-005,图形语义成立；关键路径切换和数量里程碑尚需原子覆盖,F13,|阶段行|适用工作数、完成／进行中／未开始数、阶段跨度及独立上限|“无独立阶段标准”不显示伪造值|,仅产品文档语义；不构成源码或页面验收,52b4fcb24c0194b77531b422ec60791a6ee3fdf48cc54fecfc4a023e16c2c9ee
product-design.md,484,11. 可视化方案：分层甘特图为主，数量曲线为辅 / 11.2 行与图形编码,规定阶段/工作行和标准实际预测图形编码｜本行：工作行左侧,VIS-003；ROLE-005,图形语义成立；关键路径切换和数量里程碑尚需原子覆盖,F13,|工作行左侧|名称、物料／批次、责任团队／人、合格／要求数量、SLA|必要图片与对象编码同块；共享项标识|,仅产品文档语义；不构成源码或页面验收,52b4fcb24c0194b77531b422ec60791a6ee3fdf48cc54fecfc4a023e16c2c9ee
product-design.md,485,11. 可视化方案：分层甘特图为主，数量曲线为辅 / 11.2 行与图形编码,规定阶段/工作行和标准实际预测图形编码｜本行：灰色细条,VIS-004,图形语义成立；关键路径切换和数量里程碑尚需原子覆盖,F13,|灰色细条|所选基线的标准起止|永远保留，不能被预测覆盖|,仅产品文档语义；不构成源码或页面验收,52b4fcb24c0194b77531b422ec60791a6ee3fdf48cc54fecfc4a023e16c2c9ee
product-design.md,486,11. 可视化方案：分层甘特图为主，数量曲线为辅 / 11.2 行与图形编码,规定阶段/工作行和标准实际预测图形编码｜本行：绿色／蓝色实条,VIS-004/009,图形语义成立；关键路径切换和数量里程碑尚需原子覆盖,F13,|绿色／蓝色实条|已完成／实际执行时间|已完成但逾期时保留绿色完成状态并叠加红色逾期标记|,仅产品文档语义；不构成源码或页面验收,52b4fcb24c0194b77531b422ec60791a6ee3fdf48cc54fecfc4a023e16c2c9ee
product-design.md,487,11. 可视化方案：分层甘特图为主，数量曲线为辅 / 11.2 行与图形编码,规定阶段/工作行和标准实际预测图形编码｜本行：橙色虚线,VIS-004,图形语义成立；关键路径切换和数量里程碑尚需原子覆盖,F13,|橙色虚线|预计剩余过程及未来工作|文字“预计晚1天”，区别实际完成事实|,仅产品文档语义；不构成源码或页面验收,52b4fcb24c0194b77531b422ec60791a6ee3fdf48cc54fecfc4a023e16c2c9ee
product-design.md,488,11. 可视化方案：分层甘特图为主，数量曲线为辅 / 11.2 行与图形编码,规定阶段/工作行和标准实际预测图形编码｜本行：红色尾段与标签,VIS-004/009,图形语义成立；关键路径切换和数量里程碑尚需原子覆盖,F13,|红色尾段与标签|已经逾期的部分|红色不用于所有关键路径|,仅产品文档语义；不构成源码或页面验收,52b4fcb24c0194b77531b422ec60791a6ee3fdf48cc54fecfc4a023e16c2c9ee
product-design.md,489,11. 可视化方案：分层甘特图为主，数量曲线为辅 / 11.2 行与图形编码,规定阶段/工作行和标准实际预测图形编码｜本行：灰色虚框／问号,VIS-008,图形语义成立；关键路径切换和数量里程碑尚需原子覆盖,F13,|灰色虚框／问号|未确认工作或待选择路线|显示判断责任及期限，不当成0天|,仅产品文档语义；不构成源码或页面验收,52b4fcb24c0194b77531b422ec60791a6ee3fdf48cc54fecfc4a023e16c2c9ee
product-design.md,490,11. 可视化方案：分层甘特图为主，数量曲线为辅 / 11.2 行与图形编码,规定阶段/工作行和标准实际预测图形编码｜本行：深色外框／连线,VIS-006；缺双关键路径切换原子项,图形语义成立；关键路径切换和数量里程碑尚需原子覆盖,F13,|深色外框／连线|标准或当前预测关键路径|可切换，两者分开命名；不只靠颜色|,仅产品文档语义；不构成源码或页面验收,52b4fcb24c0194b77531b422ec60791a6ee3fdf48cc54fecfc4a023e16c2c9ee
product-design.md,491,11. 可视化方案：分层甘特图为主，数量曲线为辅 / 11.2 行与图形编码,规定阶段/工作行和标准实际预测图形编码｜本行：垂直线,VIS-005,图形语义成立；关键路径切换和数量里程碑尚需原子覆盖,F13,|垂直线|今日、整体生效截止、整体预测完成|日期和D值；基线变更时可加原始截止线|,仅产品文档语义；不构成源码或页面验收,52b4fcb24c0194b77531b422ec60791a6ee3fdf48cc54fecfc4a023e16c2c9ee
product-design.md,492,11. 可视化方案：分层甘特图为主，数量曲线为辅 / 11.2 行与图形编码,规定阶段/工作行和标准实际预测图形编码｜本行：菱形节点,缺里程碑事件/数量原子项,图形语义成立；关键路径切换和数量里程碑尚需原子覆盖,F13,|菱形节点|首批、90%、全部、入库／发货里程碑|来源是数量事实，不是平均进度推测|,仅产品文档语义；不构成源码或页面验收,52b4fcb24c0194b77531b422ec60791a6ee3fdf48cc54fecfc4a023e16c2c9ee
product-design.md,493,11. 可视化方案：分层甘特图为主，数量曲线为辅 / 11.2 行与图形编码,规定阶段/工作行和标准实际预测图形编码｜本行：依赖连线,VIS-007,图形语义成立；关键路径切换和数量里程碑尚需原子覆盖,F13,|依赖连线|选中项的直接前置／后继|串行箭头、并行汇合及数量门槛，不把全部线同时铺满|,仅产品文档语义；不构成源码或页面验收,52b4fcb24c0194b77531b422ec60791a6ee3fdf48cc54fecfc4a023e16c2c9ee
product-design.md,495,11. 可视化方案：分层甘特图为主，数量曲线为辅 / 11.2 行与图形编码,规定未开始/未配置的空值与非悬浮查看入口｜本行：未开始项实际耗时为“—，尚未开始”，进行中为“已用4.00天”，已完成为最终耗时。未配置SLA显示“待配置”，不是0。鼠标悬浮提示不能成为唯一查,VIS-010；ROLE-006,条文成立；本次仅确认设计语义，当前实现需另核对,,未开始项实际耗时为“—，尚未开始”，进行中为“已用4.00天”，已完成为最终耗时。未配置SLA显示“待配置”，不是0。鼠标悬浮提示不能成为唯一查看方式，键盘选择／点击也能打开明细。,仅产品文档语义；不构成源码或页面验收,52b4fcb24c0194b77531b422ec60791a6ee3fdf48cc54fecfc4a023e16c2c9ee
product-design.md,497,11. 可视化方案：分层甘特图为主，数量曲线为辅 / 11.3 图内交互与小屏,组织文档或图表语法：11.3 图内交互与小屏,背景（结构行；所属语义见同节正文）,结构行已阅读；不独立认定业务实现通过,,### 11.3 图内交互与小屏,仅产品文档语义；不构成源码或页面验收,52b4fcb24c0194b77531b422ec60791a6ee3fdf48cc54fecfc4a023e16c2c9ee
product-design.md,499,11. 可视化方案：分层甘特图为主，数量曲线为辅 / 11.3 图内交互与小屏,规定图内筛选、小屏、分阶段查看和数量阶梯曲线｜本行：工具栏：阶段／全部工作／仅风险、按团队筛选、日／小时尺度、适应全程、跳到今天、显示依赖、标准版本、导出。选择风险不得隐藏其必要前置上下文。筛选图,VIS-011/012/013/014；UX-005；缺风险上下文独立项,原则成立；层级与风险筛选保留前置需独立验收，避免工具栏和长图挤占全部页面,F02;F13,工具栏：阶段／全部工作／仅风险、按团队筛选、日／小时尺度、适应全程、跳到今天、显示依赖、标准版本、导出。选择风险不得隐藏其必要前置上下文。筛选图形仅改变显示，不改变整体公式；明确“公式仍按全部有效工作计算”。,仅产品文档语义；不构成源码或页面验收,52b4fcb24c0194b77531b422ec60791a6ee3fdf48cc54fecfc4a023e16c2c9ee
product-design.md,501,11. 可视化方案：分层甘特图为主，数量曲线为辅 / 11.3 图内交互与小屏,规定图内筛选、小屏、分阶段查看和数量阶梯曲线｜本行：1366×768默认左侧约420px，右侧时间轴内部横向滚动；阶段行固定，行高至少36px。1280×720提供精简左列与工作详情抽屉，主体不横,VIS-011/012/013/014；UX-005；缺风险上下文独立项,原则成立；层级与风险筛选保留前置需独立验收，避免工具栏和长图挤占全部页面,F02;F13,1366×768默认左侧约420px，右侧时间轴内部横向滚动；阶段行固定，行高至少36px。1280×720提供精简左列与工作详情抽屉，主体不横向溢出。1024×768团队视角优先异常队列，打开任务再看可滚动甘特。大屏1920×1080优先全局态势，不硬塞单任务全部31行。导出可分多页或完整长图，保留图例、版本与快照时间。,仅产品文档语义；不构成源码或页面验收,52b4fcb24c0194b77531b422ec60791a6ee3fdf48cc54fecfc4a023e16c2c9ee
product-design.md,503,11. 可视化方案：分层甘特图为主，数量曲线为辅 / 11.3 图内交互与小屏,规定图内筛选、小屏、分阶段查看和数量阶梯曲线｜本行：数量辅图以自然日为横轴，分别画计划、实际合格回货、实际质检可发、实际发货累计曲线；用阶梯线表达离散批次。单位均为件；不同工序的M／PCS不能混在,VIS-011/012/013/014；UX-005；缺风险上下文独立项,原则成立；层级与风险筛选保留前置需独立验收，避免工具栏和长图挤占全部页面,F02;F13,数量辅图以自然日为横轴，分别画计划、实际合格回货、实际质检可发、实际发货累计曲线；用阶梯线表达离散批次。单位均为件；不同工序的M／PCS不能混在同一纵轴。不使用“31项完成了28项=90.3%”冒充1000件生产进度。,仅产品文档语义；不构成源码或页面验收,52b4fcb24c0194b77531b422ec60791a6ee3fdf48cc54fecfc4a023e16c2c9ee
product-design.md,505,12. 页面、路由和具体操作,组织文档或图表语法：12. 页面、路由和具体操作,背景（结构行；所属语义见同节正文）,结构行已阅读；不独立认定业务实现通过,,## 12. 页面、路由和具体操作,仅产品文档语义；不构成源码或页面验收,52b4fcb24c0194b77531b422ec60791a6ee3fdf48cc54fecfc4a023e16c2c9ee
product-design.md,507,12. 页面、路由和具体操作,规划七菜单、二类隐藏详情、未知来源和全屏共源｜本行：以下路由为拟新增，当前未实现。统一前缀 `/dds/supply-chain/production-fulfillment`。,PAGE-001/002/020,路由职责成立；507仍称未实现与末尾交付状态冲突,F14,以下路由为拟新增，当前未实现。统一前缀 `/dds/supply-chain/production-fulfillment`。,仅产品文档语义；不构成源码或页面验收,52b4fcb24c0194b77531b422ec60791a6ee3fdf48cc54fecfc4a023e16c2c9ee
product-design.md,509,12. 页面、路由和具体操作,规划七菜单、二类隐藏详情、未知来源和全屏共源｜本行：菜单／页面,PAGE-001/002/020,路由职责成立；507仍称未实现与末尾交付状态冲突,F14,|菜单／页面|路由后缀|主要对象与默认范围|,仅产品文档语义；不构成源码或页面验收,52b4fcb24c0194b77531b422ec60791a6ee3fdf48cc54fecfc4a023e16c2c9ee
product-design.md,510,12. 页面、路由和具体操作,组织文档或图表语法：|---|---|---|,背景（结构行；所属语义见同节正文）,结构行已阅读；不独立认定业务实现通过,,|---|---|---|,仅产品文档语义；不构成源码或页面验收,52b4fcb24c0194b77531b422ec60791a6ee3fdf48cc54fecfc4a023e16c2c9ee
product-design.md,511,12. 页面、路由和具体操作,规划七菜单、二类隐藏详情、未知来源和全屏共源｜本行：时效总览,PAGE-003,路由职责成立；507仍称未实现与末尾交付状态冲突,F14,|时效总览|`/overview`|当前所有有效在途生产任务；可切历史完成范围|,仅产品文档语义；不构成源码或页面验收,52b4fcb24c0194b77531b422ec60791a6ee3fdf48cc54fecfc4a023e16c2c9ee
product-design.md,512,12. 页面、路由和具体操作,规划七菜单、二类隐藏详情、未知来源和全屏共源｜本行：生产任务,PAGE-006,路由职责成立；507仍称未实现与末尾交付状态冲突,F14,|生产任务|`/tasks`|生产任务粒度，来源单号搜索；可切生产单汇总|,仅产品文档语义；不构成源码或页面验收,52b4fcb24c0194b77531b422ec60791a6ee3fdf48cc54fecfc4a023e16c2c9ee
product-design.md,513,12. 页面、路由和具体操作,规划七菜单、二类隐藏详情、未知来源和全屏共源｜本行：我的跟单,PAGE-011,路由职责成立；507仍称未实现与末尾交付状态冲突,F14,|我的跟单|`/follow-up`|当前跟单负责的任务；演示用显式角色选择|,仅产品文档语义；不构成源码或页面验收,52b4fcb24c0194b77531b422ec60791a6ee3fdf48cc54fecfc4a023e16c2c9ee
product-design.md,514,12. 页面、路由和具体操作,规划七菜单、二类隐藏详情、未知来源和全屏共源｜本行：工作项监控,PAGE-014；DATA-004,路由职责成立；507仍称未实现与末尾交付状态冲突,F14,|工作项监控|`/work-items`|全局去重工作项、判断事项与数据事项|,仅产品文档语义；不构成源码或页面验收,52b4fcb24c0194b77531b422ec60791a6ee3fdf48cc54fecfc4a023e16c2c9ee
product-design.md,515,12. 页面、路由和具体操作,规划七菜单、二类隐藏详情、未知来源和全屏共源｜本行：团队与工厂,PAGE-015,路由职责成立；507仍称未实现与末尾交付状态冲突,F14,|团队与工厂|`/teams`|组织列表与各组织的工作队列／大屏|,仅产品文档语义；不构成源码或页面验收,52b4fcb24c0194b77531b422ec60791a6ee3fdf48cc54fecfc4a023e16c2c9ee
product-design.md,516,12. 页面、路由和具体操作,规划七菜单、二类隐藏详情、未知来源和全屏共源｜本行：订单履约分析,PAGE-019,路由职责成立；507仍称未实现与末尾交付状态冲突,F14,|订单履约分析|`/fulfillment`|已有实际发货关联的订单／发货行|,仅产品文档语义；不构成源码或页面验收,52b4fcb24c0194b77531b422ec60791a6ee3fdf48cc54fecfc4a023e16c2c9ee
product-design.md,517,12. 页面、路由和具体操作,规划七菜单、二类隐藏详情、未知来源和全屏共源｜本行：规则与配置,CONFIG-001/002,路由职责成立；507仍称未实现与末尾交付状态冲突,F14,|规则与配置|`/configuration`|阶段、工作、映射、时效、责任、预警、版本|,仅产品文档语义；不构成源码或页面验收,52b4fcb24c0194b77531b422ec60791a6ee3fdf48cc54fecfc4a023e16c2c9ee
product-design.md,518,12. 页面、路由和具体操作,规划七菜单、二类隐藏详情、未知来源和全屏共源｜本行：单任务详情（隐藏路由）,VIS-001/002,路由职责成立；507仍称未实现与末尾交付状态冲突,F14,|单任务详情（隐藏路由）|`/tasks/:taskId`|全程图示及明细|,仅产品文档语义；不构成源码或页面验收,52b4fcb24c0194b77531b422ec60791a6ee3fdf48cc54fecfc4a023e16c2c9ee
product-design.md,519,12. 页面、路由和具体操作,规划七菜单、二类隐藏详情、未知来源和全屏共源｜本行：团队详情（隐藏路由）,PAGE-015,路由职责成立；507仍称未实现与末尾交付状态冲突,F14,|团队详情（隐藏路由）|`/teams/:teamId`|可执行／需协调两类队列；工厂筛选|,仅产品文档语义；不构成源码或页面验收,52b4fcb24c0194b77531b422ec60791a6ee3fdf48cc54fecfc4a023e16c2c9ee
product-design.md,521,12. 页面、路由和具体操作,规划七菜单、二类隐藏详情、未知来源和全屏共源｜本行：全屏是总览／团队页展示模式，不制造另一套指标与Mock。详情没有独立菜单。访问未知ID显示明确“记录不存在／已无访问范围”，提供返回列表；未接通,PAGE-001/002/020,路由职责成立；507仍称未实现与末尾交付状态冲突,F14,全屏是总览／团队页展示模式，不制造另一套指标与Mock。详情没有独立菜单。访问未知ID显示明确“记录不存在／已无访问范围”，提供返回列表；未接通的来源页面显示单号及“原型未提供此来源详情”，不伪造跳转成功。,仅产品文档语义；不构成源码或页面验收,52b4fcb24c0194b77531b422ec60791a6ee3fdf48cc54fecfc4a023e16c2c9ee
product-design.md,523,12. 页面、路由和具体操作 / 12.1 时效总览与监控大屏,组织文档或图表语法：12.1 时效总览与监控大屏,背景（结构行；所属语义见同节正文）,结构行已阅读；不独立认定业务实现通过,,### 12.1 时效总览与监控大屏,仅产品文档语义；不构成源码或页面验收,52b4fcb24c0194b77531b422ec60791a6ee3fdf48cc54fecfc4a023e16c2c9ee
product-design.md,525,12. 页面、路由和具体操作 / 12.1 时效总览与监控大屏,设计总览的筛选、指标、图形和高优先任务｜本行：顶部筛选：统计时点、日期含义（需求创建／生效到期／实际完成）、跟单、责任团队／工厂、地区、业务类型。所有卡片、图、队列、导出共用筛选。默认“当前,PAGE-003/004/005/020；缺少IA条目,从上到下堆叠四种不同目标，应改互斥Tab与二级下钻,F01;F13,顶部筛选：统计时点、日期含义（需求创建／生效到期／实际完成）、跟单、责任团队／工厂、地区、业务类型。所有卡片、图、队列、导出共用筛选。默认“当前在途”，不无声把历史任务混入当前逾期。,仅产品文档语义；不构成源码或页面验收,52b4fcb24c0194b77531b422ec60791a6ee3fdf48cc54fecfc4a023e16c2c9ee
product-design.md,527,12. 页面、路由和具体操作 / 12.1 时效总览与监控大屏,设计总览的筛选、指标、图形和高优先任务｜本行：从上到下：状态摘要→未来7自然日到期压力→阶段分布／责任卡点→最高优先任务→数据待补提示。7日图同时给应完成任务数与剩余件数；数据不足单独分桶。,PAGE-003/004/005/020；缺少IA条目,从上到下堆叠四种不同目标，应改互斥Tab与二级下钻,F01;F13,从上到下：状态摘要→未来7自然日到期压力→阶段分布／责任卡点→最高优先任务→数据待补提示。7日图同时给应完成任务数与剩余件数；数据不足单独分桶。阶段分布允许同单出现在多个活跃阶段，标“阶段涉及任务数，不可加总”；顶部任务数严格唯一。,仅产品文档语义；不构成源码或页面验收,52b4fcb24c0194b77531b422ec60791a6ee3fdf48cc54fecfc4a023e16c2c9ee
product-design.md,529,12. 页面、路由和具体操作 / 12.1 时效总览与监控大屏,设计总览的筛选、指标、图形和高优先任务｜本行：冻结Mock总览：10个任务，其中8个在途、1个已全部发货、1个终止。在途8=已逾期1+预计逾期2+待判定2+正常3；在途有效应发7000件，已,PAGE-003/004/005/020；缺少IA条目,从上到下堆叠四种不同目标，应改互斥Tab与二级下钻,F01;F13,冻结Mock总览：10个任务，其中8个在途、1个已全部发货、1个终止。在途8=已逾期1+预计逾期2+待判定2+正常3；在途有效应发7000件，已发400件，剩余6600件。数字都可点开对应记录，不能出现卡片8笔、列表9笔。,仅产品文档语义；不构成源码或页面验收,52b4fcb24c0194b77531b422ec60791a6ee3fdf48cc54fecfc4a023e16c2c9ee
product-design.md,531,12. 页面、路由和具体操作 / 12.1 时效总览与监控大屏,设计总览的筛选、指标、图形和高优先任务｜本行：高优先列表首列展示状态及原因，后续为任务／来源、跟单、截止／预测、实际／预测延误、当前卡点、责任团队、剩余数量、最近进度时间。详情点击进入同一任,PAGE-003/004/005/020；缺少IA条目,从上到下堆叠四种不同目标，应改互斥Tab与二级下钻,F01;F13,高优先列表首列展示状态及原因，后续为任务／来源、跟单、截止／预测、实际／预测延误、当前卡点、责任团队、剩余数量、最近进度时间。详情点击进入同一任务；大屏轮播不自动切走正在人工查看的详情。,仅产品文档语义；不构成源码或页面验收,52b4fcb24c0194b77531b422ec60791a6ee3fdf48cc54fecfc4a023e16c2c9ee
product-design.md,533,12. 页面、路由和具体操作 / 12.2 生产任务列表,组织文档或图表语法：12.2 生产任务列表,背景（结构行；所属语义见同节正文）,结构行已阅读；不独立认定业务实现通过,,### 12.2 生产任务列表,仅产品文档语义；不构成源码或页面验收,52b4fcb24c0194b77531b422ec60791a6ee3fdf48cc54fecfc4a023e16c2c9ee
product-design.md,535,12. 页面、路由和具体操作 / 12.2 生产任务列表,规定生产任务标准列表、筛选、导出和列配置｜本行：采用现有标准列表结构：标题与主操作→统一查询卡片→48px统计→列表卡片与列设置→分页。主操作“查看时效总览”；无新建采购／生产任务按钮。,PAGE-006/007/008/009/010,列表模式成立；次要列可选及宽表容器滚动不应省略,,采用现有标准列表结构：标题与主操作→统一查询卡片→48px统计→列表卡片与列设置→分页。主操作“查看时效总览”；无新建采购／生产任务按钮。,仅产品文档语义；不构成源码或页面验收,52b4fcb24c0194b77531b422ec60791a6ee3fdf48cc54fecfc4a023e16c2c9ee
product-design.md,537,12. 页面、路由和具体操作 / 12.2 生产任务列表,规定生产任务标准列表、筛选、导出和列配置｜本行：高频条件：任务／商品采购／需求／生产单号、跟单、整体时效状态、活跃阶段；更多条件含来源地区、采购／制作方式、工厂、时间区间、未确认事项、数据异常,PAGE-006/007/008/009/010,列表模式成立；次要列可选及宽表容器滚动不应省略,,高频条件：任务／商品采购／需求／生产单号、跟单、整体时效状态、活跃阶段；更多条件含来源地区、采购／制作方式、工厂、时间区间、未确认事项、数据异常、是否部分发货、是否正式变更。查询、重置、导出都可用；导出当前条件下全部匹配记录，不仅当前页。,仅产品文档语义；不构成源码或页面验收,52b4fcb24c0194b77531b422ec60791a6ee3fdf48cc54fecfc4a023e16c2c9ee
product-design.md,539,12. 页面、路由和具体操作 / 12.2 生产任务列表,规定生产任务标准列表、筛选、导出和列配置｜本行：默认列：状态、任务与款式、来源需求与商品采购、生产单、主跟单、有效应发／已发／剩余、活跃阶段、已用／标准天数、生效截止、预测完成、实际／预计逾期,PAGE-006/007/008/009/010,列表模式成立；次要列可选及宽表容器滚动不应省略,,默认列：状态、任务与款式、来源需求与商品采购、生产单、主跟单、有效应发／已发／剩余、活跃阶段、已用／标准天数、生效截止、预测完成、实际／预计逾期、首要卡点与责任、更新时点、查看详情。原始截止、版本等放可选列。每页默认20条，列显隐／顺序／冻结／每页数按路由持久化；当前页和排序不持久化。操作列固定右侧，必需识别列不可隐藏。,仅产品文档语义；不构成源码或页面验收,52b4fcb24c0194b77531b422ec60791a6ee3fdf48cc54fecfc4a023e16c2c9ee
product-design.md,541,12. 页面、路由和具体操作 / 12.3 我的跟单,组织文档或图表语法：12.3 我的跟单,背景（结构行；所属语义见同节正文）,结构行已阅读；不独立认定业务实现通过,,### 12.3 我的跟单,仅产品文档语义；不构成源码或页面验收,52b4fcb24c0194b77531b422ec60791a6ee3fdf48cc54fecfc4a023e16c2c9ee
product-design.md,543,12. 页面、路由和具体操作 / 12.3 我的跟单,设计跟单优先队列、工作动作和模拟催办｜本行：默认优先队列：整体已逾期、预计逾期、判断逾期／数据待补、临期、正常。选择“跟单甲”的Mock：共3笔任务，其中2笔在途（001风险、005需追回,PAGE-011/012/013；缺预警合并独立项,权限与不改事实边界成立；跟进细节宜二级，预警合并需独立验收,F02;F13,默认优先队列：整体已逾期、预计逾期、判断逾期／数据待补、临期、正常。选择“跟单甲”的Mock：共3笔任务，其中2笔在途（001风险、005需追回风险），008已完成；在途视图显示2笔且均预计逾期。人数和结果由数据推导，不写死卡片。,仅产品文档语义；不构成源码或页面验收,52b4fcb24c0194b77531b422ec60791a6ee3fdf48cc54fecfc4a023e16c2c9ee
product-design.md,545,12. 页面、路由和具体操作 / 12.3 我的跟单,设计跟单优先队列、工作动作和模拟催办｜本行：每行必须回答：卡在哪个具体工作、什么数量、责任人是谁、最晚何时给结果、当前处理承诺是否超时。工作抽屉提供“查看来源单据、登记跟进、登记责任人预计,PAGE-011/012/013；缺预警合并独立项,权限与不改事实边界成立；跟进细节宜二级，预警合并需独立验收,F02;F13,每行必须回答：卡在哪个具体工作、什么数量、责任人是谁、最晚何时给结果、当前处理承诺是否超时。工作抽屉提供“查看来源单据、登记跟进、登记责任人预计完成、申请调整范围／期限、查看变更记录”。登记跟进只更新跟进记录；实际开工、完工、到货、发货必须由来源事实确认，不允许跟单在DDS手工点完成代替。,仅产品文档语义；不构成源码或页面验收,52b4fcb24c0194b77531b422ec60791a6ee3fdf48cc54fecfc4a023e16c2c9ee
product-design.md,547,12. 页面、路由和具体操作 / 12.3 我的跟单,设计跟单优先队列、工作动作和模拟催办｜本行：催办原型只预览内容和模拟记录，明确“演示，未发送”。正式通知渠道另行接入；本次不向任何人发送真实消息。重复预警按任务＋工作＋风险类型合并，保留首,PAGE-011/012/013；缺预警合并独立项,权限与不改事实边界成立；跟进细节宜二级，预警合并需独立验收,F02;F13,催办原型只预览内容和模拟记录，明确“演示，未发送”。正式通知渠道另行接入；本次不向任何人发送真实消息。重复预警按任务＋工作＋风险类型合并，保留首次／最后发生时间；提醒已读不算风险解除。,仅产品文档语义；不构成源码或页面验收,52b4fcb24c0194b77531b422ec60791a6ee3fdf48cc54fecfc4a023e16c2c9ee
product-design.md,549,12. 页面、路由和具体操作 / 12.4 工作项监控与抽屉,组织文档或图表语法：12.4 工作项监控与抽屉,背景（结构行；所属语义见同节正文）,结构行已阅读；不独立认定业务实现通过,,### 12.4 工作项监控与抽屉,仅产品文档语义；不构成源码或页面验收,52b4fcb24c0194b77531b422ec60791a6ee3fdf48cc54fecfc4a023e16c2c9ee
product-design.md,551,12. 页面、路由和具体操作 / 12.4 工作项监控与抽屉,设计去重工作项、判断数据事项及全字段抽屉｜本行：列表默认去重工作实例；可按责任团队、负责人、工作类型、来源单据、采购地区／路线、时效状态、可执行性、工厂、日期筛选。判断事项与执行事项分区，避免,PAGE-014；DATA-004；缺工作抽屉IA条目,抽屉字段无分组顺序，数据事项缺完整对象与恢复规则,F02;F12,列表默认去重工作实例；可按责任团队、负责人、工作类型、来源单据、采购地区／路线、时效状态、可执行性、工厂、日期筛选。判断事项与执行事项分区，避免把待定路线当一个正在加工的任务。,仅产品文档语义；不构成源码或页面验收,52b4fcb24c0194b77531b422ec60791a6ee3fdf48cc54fecfc4a023e16c2c9ee
product-design.md,553,12. 页面、路由和具体操作 / 12.4 工作项监控与抽屉,设计去重工作项、判断数据事项及全字段抽屉｜本行：抽屉包含：关联任务及分配量、物料／批次、标准规则和版本、单据及事件证据、计划可执行／实际可执行／实际开始／实际结束、当前状态、正式已用／作业耗时,PAGE-014；DATA-004；缺工作抽屉IA条目,抽屉字段无分组顺序，数据事项缺完整对象与恢复规则,F02;F12,抽屉包含：关联任务及分配量、物料／批次、标准规则和版本、单据及事件证据、计划可执行／实际可执行／实际开始／实际结束、当前状态、正式已用／作业耗时、本项标准／本项截止／保障整体所需日期、实际逾期／预测延误、应做／合格／不合格／剩余量、上下游依赖、责任变化与跟进。,仅产品文档语义；不构成源码或页面验收,52b4fcb24c0194b77531b422ec60791a6ee3fdf48cc54fecfc4a023e16c2c9ee
product-design.md,555,12. 页面、路由和具体操作 / 12.4 工作项监控与抽屉,设计去重工作项、判断数据事项及全字段抽屉｜本行：同一行有多个来源采购明细和多笔物流记录时可展开，不串成无法核算的备注。来源记录缺失显示对应数据事项；不得把空结束时间当现在从而把“未开始”误算为,PAGE-014；DATA-004；缺工作抽屉IA条目,抽屉字段无分组顺序，数据事项缺完整对象与恢复规则,F02;F12,同一行有多个来源采购明细和多笔物流记录时可展开，不串成无法核算的备注。来源记录缺失显示对应数据事项；不得把空结束时间当现在从而把“未开始”误算为已加工。,仅产品文档语义；不构成源码或页面验收,52b4fcb24c0194b77531b422ec60791a6ee3fdf48cc54fecfc4a023e16c2c9ee
product-design.md,557,12. 页面、路由和具体操作 / 12.5 团队与工厂大屏：用于安排优先级,组织文档或图表语法：12.5 团队与工厂大屏：用于安排优先级,背景（结构行；所属语义见同节正文）,结构行已阅读；不独立认定业务实现通过,,### 12.5 团队与工厂大屏：用于安排优先级,仅产品文档语义；不构成源码或页面验收,52b4fcb24c0194b77531b422ec60791a6ee3fdf48cc54fecfc4a023e16c2c9ee
product-design.md,559,12. 页面、路由和具体操作 / 12.5 团队与工厂大屏：用于安排优先级,设计团队执行/协调队列、优先级和责任统计｜本行：队列先分 **可执行** 和 **需要协调／等待输入**。每条给出本环节状态、上游到达偏差、保障整体需完成日期、所需追回天数、剩余合格量、当前分,PAGE-015/016/017/018,分类及责任原则成立；应以可执行/需协调互斥视图承载各状态,F02,队列先分 **可执行** 和 **需要协调／等待输入**。每条给出本环节状态、上游到达偏差、保障整体需完成日期、所需追回天数、剩余合格量、当前分配能力、所需能力、相关主跟单。,仅产品文档语义；不构成源码或页面验收,52b4fcb24c0194b77531b422ec60791a6ee3fdf48cc54fecfc4a023e16c2c9ee
product-design.md,561,12. 页面、路由和具体操作 / 12.5 团队与工厂大屏：用于安排优先级,设计团队执行/协调队列、优先级和责任统计｜本行：业务队列,PAGE-015/016/017/018,分类及责任原则成立；应以可执行/需协调互斥视图承载各状态,F02,|业务队列|判断与展示|建议优先动作|,仅产品文档语义；不构成源码或页面验收,52b4fcb24c0194b77531b422ec60791a6ee3fdf48cc54fecfc4a023e16c2c9ee
product-design.md,562,12. 页面、路由和具体操作 / 12.5 团队与工厂大屏：用于安排优先级,组织文档或图表语法：|---|---|---|,背景（结构行；所属语义见同节正文）,结构行已阅读；不独立认定业务实现通过,,|---|---|---|,仅产品文档语义；不构成源码或页面验收,52b4fcb24c0194b77531b422ec60791a6ee3fdf48cc54fecfc4a023e16c2c9ee
product-design.md,563,12. 页面、路由和具体操作 / 12.5 团队与工厂大屏：用于安排优先级,设计团队执行/协调队列、优先级和责任统计｜本行：上游正常，本环节已逾期,PAGE-016,分类及责任原则成立；应以可执行/需协调互斥视图承载各状态,F02,|上游正常，本环节已逾期|责任截止已过且未完成|优先组织执行／质量闭环，说明本环节原因|,仅产品文档语义；不构成源码或页面验收,52b4fcb24c0194b77531b422ec60791a6ee3fdf48cc54fecfc4a023e16c2c9ee
product-design.md,564,12. 页面、路由和具体操作 / 12.5 团队与工厂大屏：用于安排优先级,设计团队执行/协调队列、优先级和责任统计｜本行：上游正常，本环节预计逾期,PAGE-016,分类及责任原则成立；应以可执行/需协调互斥视图承载各状态,F02,|上游正常，本环节预计逾期|尚未到期，按数量和能力预测超时|补足明确能力缺口、调整本团队先后顺序|,仅产品文档语义；不构成源码或页面验收,52b4fcb24c0194b77531b422ec60791a6ee3fdf48cc54fecfc4a023e16c2c9ee
product-design.md,565,12. 页面、路由和具体操作 / 12.5 团队与工厂大屏：用于安排优先级,设计团队执行/协调队列、优先级和责任统计｜本行：上游已晚，本环节需要追回,PAGE-016,分类及责任原则成立；应以可执行/需协调互斥视图承载各状态,F02,|上游已晚，本环节需要追回|未必本项超时，但整体倒排需要提前|显示应追回天数和可执行数量，与跟单协商|,仅产品文档语义；不构成源码或页面验收,52b4fcb24c0194b77531b422ec60791a6ee3fdf48cc54fecfc4a023e16c2c9ee
product-design.md,566,12. 页面、路由和具体操作 / 12.5 团队与工厂大屏：用于安排优先级,设计团队执行/协调队列、优先级和责任统计｜本行：上游与本环节都异常,PAGE-016,分类及责任原则成立；应以可执行/需协调互斥视图承载各状态,F02,|上游与本环节都异常|两类责任同时列出|分清恢复供给与加快执行各自工作|,仅产品文档语义；不构成源码或页面验收,52b4fcb24c0194b77531b422ec60791a6ee3fdf48cc54fecfc4a023e16c2c9ee
product-design.md,567,12. 页面、路由和具体操作 / 12.5 团队与工厂大屏：用于安排优先级,设计团队执行/协调队列、优先级和责任统计｜本行：还剩0～1／1～2／2～3天,PAGE-017,分类及责任原则成立；应以可执行/需协调互斥视图承载各状态,F02,|还剩0～1／1～2／2～3天|未命中更高状态的临期分箱|确认今日可执行量与完成承诺|,仅产品文档语义；不构成源码或页面验收,52b4fcb24c0194b77531b422ec60791a6ee3fdf48cc54fecfc4a023e16c2c9ee
product-design.md,568,12. 页面、路由和具体操作 / 12.5 团队与工厂大屏：用于安排优先级,设计团队执行/协调队列、优先级和责任统计｜本行：等待上游,PAGE-018,分类及责任原则成立；应以可执行/需协调互斥视图承载各状态,F02,|等待上游|前置／数量未满足|显示提供方及预计到达，不挤占加工队列|,仅产品文档语义；不构成源码或页面验收,52b4fcb24c0194b77531b422ec60791a6ee3fdf48cc54fecfc4a023e16c2c9ee
product-design.md,569,12. 页面、路由和具体操作 / 12.5 团队与工厂大屏：用于安排优先级,设计团队执行/协调队列、优先级和责任统计｜本行：正常,PAGE-017,分类及责任原则成立；应以可执行/需协调互斥视图承载各状态,F02,|正常|有可靠事实支持可按时|按计划执行|,仅产品文档语义；不构成源码或页面验收,52b4fcb24c0194b77531b422ec60791a6ee3fdf48cc54fecfc4a023e16c2c9ee
product-design.md,570,12. 页面、路由和具体操作 / 12.5 团队与工厂大屏：用于安排优先级,设计团队执行/协调队列、优先级和责任统计｜本行：待判断／待补数,DATA-004,分类及责任原则成立；应以可执行/需协调互斥视图承载各状态,F02,|待判断／待补数|缺标准、关系、产能或过期事实|明确补齐责任和期限|,仅产品文档语义；不构成源码或页面验收,52b4fcb24c0194b77531b422ec60791a6ee3fdf48cc54fecfc4a023e16c2c9ee
product-design.md,572,12. 页面、路由和具体操作 / 12.5 团队与工厂大屏：用于安排优先级,设计团队执行/协调队列、优先级和责任统计｜本行：建议优先级：P0整体已逾期且具备执行条件；P1整体预计逾期或需追回；P2本项逾期／风险但尚未影响整体，以及≤1天临期；P3其他正常。判断事项已超,PAGE-015/016/017/018,分类及责任原则成立；应以可执行/需协调互斥视图承载各状态,F02,建议优先级：P0整体已逾期且具备执行条件；P1整体预计逾期或需追回；P2本项逾期／风险但尚未影响整体，以及≤1天临期；P3其他正常。判断事项已超期单列高优先协调项。相同优先级按保障整体的最晚完成时间、剩余缓冲、受影响数量、进入队列时间排序；不可执行项不以“立刻开工”排序。紧急插单由有权人员记录原因和影响，不在DDS自动改排产。,仅产品文档语义；不构成源码或页面验收,52b4fcb24c0194b77531b422ec60791a6ee3fdf48cc54fecfc4a023e16c2c9ee
product-design.md,574,12. 页面、路由和具体操作 / 12.5 团队与工厂大屏：用于安排优先级,设计团队执行/协调队列、优先级和责任统计｜本行：团队统计分别显示自己新增延误、上游带入延误、已追回时间和交付结果；不简单将当前接手任务所有整体逾期都归给该团队。团队人数、工厂属性和权限采用组织,PAGE-015/016/017/018,分类及责任原则成立；应以可执行/需协调互斥视图承载各状态,F02,团队统计分别显示自己新增延误、上游带入延误、已追回时间和交付结果；不简单将当前接手任务所有整体逾期都归给该团队。团队人数、工厂属性和权限采用组织配置，不从用户名猜测。,仅产品文档语义；不构成源码或页面验收,52b4fcb24c0194b77531b422ec60791a6ee3fdf48cc54fecfc4a023e16c2c9ee
product-design.md,576,12. 页面、路由和具体操作 / 12.6 订单履约分析,组织文档或图表语法：12.6 订单履约分析,背景（结构行；所属语义见同节正文）,结构行已阅读；不独立认定业务实现通过,,### 12.6 订单履约分析,仅产品文档语义；不构成源码或页面验收,52b4fcb24c0194b77531b422ec60791a6ee3fdf48cc54fecfc4a023e16c2c9ee
product-design.md,578,12. 页面、路由和具体操作 / 12.6 订单履约分析,设计订单履约双分母分析与5单基准数据｜本行：默认统计“所选实际发货时间内的发货行”；可切“所选全单完成时间内已完成的客户订单”。页头一直显示分母口径。展示订单号、下单时间、实际发货时间、要,PAGE-019；METRIC-004/005；SHIP-006/007,3/5、900/1400正确；基准不能证明跨次/跨来源及取消后关闭,F06,默认统计“所选实际发货时间内的发货行”；可切“所选全单完成时间内已完成的客户订单”。页头一直显示分母口径。展示订单号、下单时间、实际发货时间、要求／实际天数、逾期天数、发货数量、生产来源、发货批次、是否全单完成、对应生产任务是否按期。,仅产品文档语义；不构成源码或页面验收,52b4fcb24c0194b77531b422ec60791a6ee3fdf48cc54fecfc4a023e16c2c9ee
product-design.md,580,12. 页面、路由和具体操作 / 12.6 订单履约分析,设计订单履约双分母分析与5单基准数据｜本行：Mock已有5个已完整发货的客户订单，3个超时：订单超时率60%；按发货件数加权的超时占比900/1400=64.29%。来源为两笔生产任务；不,PAGE-019；METRIC-004/005；SHIP-006/007,3/5、900/1400正确；基准不能证明跨次/跨来源及取消后关闭,F06,Mock已有5个已完整发货的客户订单，3个超时：订单超时率60%；按发货件数加权的超时占比900/1400=64.29%。来源为两笔生产任务；不能用3个超时订单除以10个生产任务。无实际关联的任务进入此页应显示“实际发货后形成订单记录”，而非“订单全部按期”。,仅产品文档语义；不构成源码或页面验收,52b4fcb24c0194b77531b422ec60791a6ee3fdf48cc54fecfc4a023e16c2c9ee
product-design.md,582,12. 页面、路由和具体操作 / 12.7 规则与配置,组织文档或图表语法：12.7 规则与配置,背景（结构行；所属语义见同节正文）,结构行已阅读；不独立认定业务实现通过,,### 12.7 规则与配置,仅产品文档语义；不构成源码或页面验收,52b4fcb24c0194b77531b422ec60791a6ee3fdf48cc54fecfc4a023e16c2c9ee
product-design.md,584,12. 页面、路由和具体操作 / 12.7 规则与配置,定义七种配置、字段、校验和在途发布范围｜本行：配置区,CONFIG-001/002/003/004/005/006/007/008/009/010,配置原则成立；各可编辑能力需对应实际样例与动作，不能仅目录文本,,|配置区|字段和操作|验证约束|,仅产品文档语义；不构成源码或页面验收,52b4fcb24c0194b77531b422ec60791a6ee3fdf48cc54fecfc4a023e16c2c9ee
product-design.md,585,12. 页面、路由和具体操作 / 12.7 规则与配置,组织文档或图表语法：|---|---|---|,背景（结构行；所属语义见同节正文）,结构行已阅读；不独立认定业务实现通过,,|---|---|---|,仅产品文档语义；不构成源码或页面验收,52b4fcb24c0194b77531b422ec60791a6ee3fdf48cc54fecfc4a023e16c2c9ee
product-design.md,586,12. 页面、路由和具体操作 / 12.7 规则与配置,定义七种配置、字段、校验和在途发布范围｜本行：阶段与工作目录,CONFIG-007,配置原则成立；各可编辑能力需对应实际样例与动作，不能仅目录文本,,|阶段与工作目录|阶段名称、排序、工作定义、适用条件、归属阶段、可复用结果|阶段排序仅浏览顺序；不能自动成为依赖|,仅产品文档语义；不构成源码或页面验收,52b4fcb24c0194b77531b422ec60791a6ee3fdf48cc54fecfc4a023e16c2c9ee
product-design.md,587,12. 页面、路由和具体操作 / 12.7 规则与配置,定义七种配置、字段、校验和在途发布范围｜本行：单据与事件匹配,CONFIG-001/004,配置原则成立；各可编辑能力需对应实际样例与动作，不能仅目录文本,,|单据与事件匹配|来源系统、单据类型、唯一关联键、明细／批次粒度、起止事件、数量／单位字段、状态翻译|支持一个动作多张单、同单多个事件；匹配测试展示命中与未命中|,仅产品文档语义；不构成源码或页面验收,52b4fcb24c0194b77531b422ec60791a6ee3fdf48cc54fecfc4a023e16c2c9ee
product-design.md,588,12. 页面、路由和具体操作 / 12.7 规则与配置,定义七种配置、字段、校验和在途发布范围｜本行：时效要求,CONFIG-002/003/005,配置原则成立；各可编辑能力需对应实际样例与动作，不能仅目录文本,,|时效要求|工作类型、地区、供给方式、工艺、数量档、标准预算、起止锚点、组上限、里程碑、相对期限|匹配优先级确定；同优先级多条命中报冲突；无命中报缺失|,仅产品文档语义；不构成源码或页面验收,52b4fcb24c0194b77531b422ec60791a6ee3fdf48cc54fecfc4a023e16c2c9ee
product-design.md,589,12. 页面、路由和具体操作 / 12.7 规则与配置,定义七种配置、字段、校验和在途发布范围｜本行：责任规则,CONFIG-006,配置原则成立；各可编辑能力需对应实际样例与动作，不能仅目录文本,,|责任规则|主责任团队／人、接收确认团队、协调跟单、变更有效期|创建人／脚本账号不自动当责任人；缺人进入待指派|,仅产品文档语义；不构成源码或页面验收,52b4fcb24c0194b77531b422ec60791a6ee3fdf48cc54fecfc4a023e16c2c9ee
product-design.md,590,12. 页面、路由和具体操作 / 12.7 规则与配置,定义七种配置、字段、校验和在途发布范围｜本行：依赖与放行,CONFIG-004；CALC-003,配置原则成立；各可编辑能力需对应实际样例与动作，不能仅目录文本,,|依赖与放行|前置工作、输入输出SKU、全量／批次／阈值、资源先后|禁止环、禁止单位未换算、禁止不合格物料释放|,仅产品文档语义；不构成源码或页面验收,52b4fcb24c0194b77531b422ec60791a6ee3fdf48cc54fecfc4a023e16c2c9ee
product-design.md,591,12. 页面、路由和具体操作 / 12.7 规则与配置,定义七种配置、字段、校验和在途发布范围｜本行：风险与数据质量,TIME-001；RISK-008,配置原则成立；各可编辑能力需对应实际样例与动作，不能仅目录文本,,|风险与数据质量|临期阈值、数据有效期、预测来源、升级阈值|自然日口径固定，不允许配置工作日停表|,仅产品文档语义；不构成源码或页面验收,52b4fcb24c0194b77531b422ec60791a6ee3fdf48cc54fecfc4a023e16c2c9ee
product-design.md,592,12. 页面、路由和具体操作 / 12.7 规则与配置,定义七种配置、字段、校验和在途发布范围｜本行：版本与发布,CONFIG-009/010,配置原则成立；各可编辑能力需对应实际样例与动作，不能仅目录文本,,|版本与发布|草稿、样例验证、差异预览、发布、生效范围、停用|保留旧版本；在途任务是否重算有显式范围及记录|,仅产品文档语义；不构成源码或页面验收,52b4fcb24c0194b77531b422ec60791a6ee3fdf48cc54fecfc4a023e16c2c9ee
product-design.md,594,12. 页面、路由和具体操作 / 12.7 规则与配置,给中国采购后本土仓到厂运输规则示例｜本行：示例配置：`MOCK-SLA-CN-TRANSFER-01`，工作=运输到车缝厂、地区CN采购后的ID仓→ID厂、起点=调拨出库确认、终点=工厂,CONFIG-001/004；ACT-S03-12/13,组合终点覆盖工厂实收，但命名/责任仍仅运输，需拆分交付与接收考核,F04,示例配置：`MOCK-SLA-CN-TRANSFER-01`，工作=运输到车缝厂、地区CN采购后的ID仓→ID厂、起点=调拨出库确认、终点=工厂合格实收、要求1天、责任=物流组、协同=收货工厂、单位PCS、适用=对应物流路线，版本MOCK-RULE-V1。中国和印尼不能成为唯一匹配条件，还需要现货／制作／加工和运输段。,仅产品文档语义；不构成源码或页面验收,52b4fcb24c0194b77531b422ec60791a6ee3fdf48cc54fecfc4a023e16c2c9ee
product-design.md,596,12. 页面、路由和具体操作 / 12.7 规则与配置,规定特批到通用匹配优先级、发布冲突和编辑边界｜本行：规则匹配优先顺序建议：明确任务特批（带依据）→完整条件特例→类型与路线→已发布通用规则；同层命中不唯一不猜。发布前用配置的样例检查可算性、循环、,CONFIG-005/008/009/010,条文成立；本次仅确认设计语义，当前实现需另核对,,规则匹配优先顺序建议：明确任务特批（带依据）→完整条件特例→类型与路线→已发布通用规则；同层命中不唯一不猜。发布前用配置的样例检查可算性、循环、冲突、责任和组预算。子项网络7天而组上限5天应阻断发布；不得把总数截成5天，也不得自动把上限改7天。,仅产品文档语义；不构成源码或页面验收,52b4fcb24c0194b77531b422ec60791a6ee3fdf48cc54fecfc4a023e16c2c9ee
product-design.md,598,12. 页面、路由和具体操作 / 12.7 规则与配置,规定特批到通用匹配优先级、发布冲突和编辑边界｜本行：字段配置属于用户已明确要求的业务能力，开放必要编辑。发布和对在途任务生效是有记录的管理动作；本次设计不把它扩展成复杂审批平台。,CONFIG-005/008/009/010,条文成立；本次仅确认设计语义，当前实现需另核对,,字段配置属于用户已明确要求的业务能力，开放必要编辑。发布和对在途任务生效是有记录的管理动作；本次设计不把它扩展成复杂审批平台。,仅产品文档语义；不构成源码或页面验收,52b4fcb24c0194b77531b422ec60791a6ee3fdf48cc54fecfc4a023e16c2c9ee
product-design.md,600,13. 指标口径与颜色规则,组织文档或图表语法：13. 指标口径与颜色规则,背景（结构行；所属语义见同节正文）,结构行已阅读；不独立认定业务实现通过,,## 13. 指标口径与颜色规则,仅产品文档语义；不构成源码或页面验收,52b4fcb24c0194b77531b422ec60791a6ee3fdf48cc54fecfc4a023e16c2c9ee
product-design.md,602,13. 指标口径与颜色规则,定义任务、工作、订单、件数各指标分母和排除项｜本行：指标,METRIC-001/002/003/004/005/006,条文成立；本次仅确认设计语义，当前实现需另核对,,|指标|对象／分母|终止、缺数与去重|,仅产品文档语义；不构成源码或页面验收,52b4fcb24c0194b77531b422ec60791a6ee3fdf48cc54fecfc4a023e16c2c9ee
product-design.md,603,13. 指标口径与颜色规则,组织文档或图表语法：|---|---|---|,背景（结构行；所属语义见同节正文）,结构行已阅读；不独立认定业务实现通过,,|---|---|---|,仅产品文档语义；不构成源码或页面验收,52b4fcb24c0194b77531b422ec60791a6ee3fdf48cc54fecfc4a023e16c2c9ee
product-design.md,604,13. 指标口径与颜色规则,定义任务、工作、订单、件数各指标分母和排除项｜本行：在途任务数,METRIC-001,条文成立；本次仅确认设计语义，当前实现需另核对,,|在途任务数|尚未全部实发、未终止的唯一生产任务|不按生产单或工作项重复计|,仅产品文档语义；不构成源码或页面验收,52b4fcb24c0194b77531b422ec60791a6ee3fdf48cc54fecfc4a023e16c2c9ee
product-design.md,605,13. 指标口径与颜色规则,定义任务、工作、订单、件数各指标分母和排除项｜本行：整体已逾期数,METRIC-002,条文成立；本次仅确认设计语义，当前实现需另核对,,|整体已逾期数|有生效截止、当前未满足有效实发范围且已过截止的任务|无截止不能判为正常或逾期；另报待判定|,仅产品文档语义；不构成源码或页面验收,52b4fcb24c0194b77531b422ec60791a6ee3fdf48cc54fecfc4a023e16c2c9ee
product-design.md,606,13. 指标口径与颜色规则,定义任务、工作、订单、件数各指标分母和排除项｜本行：整体预计逾期数,RISK-016；METRIC-002,条文成立；本次仅确认设计语义，当前实现需另核对,,|整体预计逾期数|当前未整体逾期，可靠预测晚于生效截止|预测缺失单列；逾期与风险主分组互斥|,仅产品文档语义；不构成源码或页面验收,52b4fcb24c0194b77531b422ec60791a6ee3fdf48cc54fecfc4a023e16c2c9ee
product-design.md,607,13. 指标口径与颜色规则,定义任务、工作、订单、件数各指标分母和排除项｜本行：工作项超时数,OBJECT-006,条文成立；本次仅确认设计语义，当前实现需另核对,,|工作项超时数|按全局工作实例ID去重，满足正式责任超时|共享工作在不同任务出现不重复计数|,仅产品文档语义；不构成源码或页面验收,52b4fcb24c0194b77531b422ec60791a6ee3fdf48cc54fecfc4a023e16c2c9ee
product-design.md,608,13. 指标口径与颜色规则,定义任务、工作、订单、件数各指标分母和排除项｜本行：剩余应发件数,SHIP-003,条文成立；本次仅确认设计语义，当前实现需另核对,,|剩余应发件数|逐SKU有效应发减有效实发的非负和|禁止用颜色／尺码超发抵另一SKU短发|,仅产品文档语义；不构成源码或页面验收,52b4fcb24c0194b77531b422ec60791a6ee3fdf48cc54fecfc4a023e16c2c9ee
product-design.md,609,13. 指标口径与颜色规则,定义任务、工作、订单、件数各指标分母和排除项｜本行：生产任务按时完成率,METRIC-003,条文成立；本次仅确认设计语义，当前实现需另核对,,|生产任务按时完成率|期间全部实发且可比较的任务中按期任务／可比较完成任务|终止、范围减少后关闭、缺基线分列；不得混入改善分母|,仅产品文档语义；不构成源码或页面验收,52b4fcb24c0194b77531b422ec60791a6ee3fdf48cc54fecfc4a023e16c2c9ee
product-design.md,610,13. 指标口径与颜色规则,定义任务、工作、订单、件数各指标分母和排除项｜本行：客户订单及时率,SHIP-007；METRIC-001,条文成立；本次仅确认设计语义，当前实现需另核对,,|客户订单及时率|期间全单发货完成且要求明确的客户订单中按期订单／可比较订单|按客户订单去重；部分履约、缺要求单列|,仅产品文档语义；不构成源码或页面验收,52b4fcb24c0194b77531b422ec60791a6ee3fdf48cc54fecfc4a023e16c2c9ee
product-design.md,611,13. 指标口径与颜色规则,定义任务、工作、订单、件数各指标分母和排除项｜本行：发货行超时数量占比,METRIC-005,条文成立；本次仅确认设计语义，当前实现需另核对,,|发货行超时数量占比|期间超时实发件数／期间可判定实发件数|不命名为订单数超时率|,仅产品文档语义；不构成源码或页面验收,52b4fcb24c0194b77531b422ec60791a6ee3fdf48cc54fecfc4a023e16c2c9ee
product-design.md,612,13. 指标口径与颜色规则,定义阶段时效统计、数据可判定率和冗余颜色编码｜本行：阶段最大超时／平均耗时,METRIC-007,颜色规则成立；可判定率需分当前/预测/订单对象，阶段指标补可达分析层,F11;F13,|阶段最大超时／平均耗时|同类型、同起止事件的可比较样本|展示样本数、范围、最大值；均值不掩盖最长尾部|,仅产品文档语义；不构成源码或页面验收,52b4fcb24c0194b77531b422ec60791a6ee3fdf48cc54fecfc4a023e16c2c9ee
product-design.md,613,13. 指标口径与颜色规则,定义阶段时效统计、数据可判定率和冗余颜色编码｜本行：数据可判定率,缺数据可判定率原子项,颜色规则成立；可判定率需分当前/预测/订单对象，阶段指标补可达分析层,F11;F13,|数据可判定率|相关对象中具备必要关联、规则和事实的数量／全部相关对象|必须与风险卡同时可见，不能把缺数据染成绿色|,仅产品文档语义；不构成源码或页面验收,52b4fcb24c0194b77531b422ec60791a6ee3fdf48cc54fecfc4a023e16c2c9ee
product-design.md,615,13. 指标口径与颜色规则,定义阶段时效统计、数据可判定率和冗余颜色编码｜本行：颜色：红色=已超时／错误阻断，橙黄色=预计超时／需追回／临期，蓝色=执行中／信息，绿色=完成且满足要求，灰色=未开始／不适用／未知。未知配问号和,METRIC-007/008；缺数据可判定率独立项,颜色规则成立；可判定率需分当前/预测/订单对象，阶段指标补可达分析层,F11;F13,颜色：红色=已超时／错误阻断，橙黄色=预计超时／需追回／临期，蓝色=执行中／信息，绿色=完成且满足要求，灰色=未开始／不适用／未知。未知配问号和文字，已完成但曾超时配绿色业务完成＋红色历史超时标签。对色觉差异使用线型、图标和文字冗余表达。时间区间统计明确左闭右开，避免相邻报表边界重复。,仅产品文档语义；不构成源码或页面验收,52b4fcb24c0194b77531b422ec60791a6ee3fdf48cc54fecfc4a023e16c2c9ee
product-design.md,617,14. 数据契约、关联与质量处理,组织文档或图表语法：14. 数据契约、关联与质量处理,背景（结构行；所属语义见同节正文）,结构行已阅读；不独立认定业务实现通过,,## 14. 数据契约、关联与质量处理,仅产品文档语义；不构成源码或页面验收,52b4fcb24c0194b77531b422ec60791a6ee3fdf48cc54fecfc4a023e16c2c9ee
product-design.md,619,14. 数据契约、关联与质量处理 / 14.1 每一工作项的最小完整字段,组织文档或图表语法：14.1 每一工作项的最小完整字段,背景（结构行；所属语义见同节正文）,结构行已阅读；不独立认定业务实现通过,,### 14.1 每一工作项的最小完整字段,仅产品文档语义；不构成源码或页面验收,52b4fcb24c0194b77531b422ec60791a6ee3fdf48cc54fecfc4a023e16c2c9ee
product-design.md,621,14. 数据契约、关联与质量处理 / 14.1 每一工作项的最小完整字段,列工作项最小字段契约｜本行：字段组,DATA-001/004/006/007/008；RISK-001；TIME-011,字段覆盖较完整；必须按二级区域呈现而非一次平铺,F02,|字段组|必须呈现或明确未知的字段|,仅产品文档语义；不构成源码或页面验收,52b4fcb24c0194b77531b422ec60791a6ee3fdf48cc54fecfc4a023e16c2c9ee
product-design.md,622,14. 数据契约、关联与质量处理 / 14.1 每一工作项的最小完整字段,组织文档或图表语法：|---|---|,背景（结构行；所属语义见同节正文）,结构行已阅读；不独立认定业务实现通过,,|---|---|,仅产品文档语义；不构成源码或页面验收,52b4fcb24c0194b77531b422ec60791a6ee3fdf48cc54fecfc4a023e16c2c9ee
product-design.md,623,14. 数据契约、关联与质量处理 / 14.1 每一工作项的最小完整字段,列工作项最小字段契约｜本行：身份,OBJECT-001/003/005,字段覆盖较完整；必须按二级区域呈现而非一次平铺,F02,|身份|任务、需求、生产／准备单、工作类型／实例、阶段、轮次、物料／SKU／批次|,仅产品文档语义；不构成源码或页面验收,52b4fcb24c0194b77531b422ec60791a6ee3fdf48cc54fecfc4a023e16c2c9ee
product-design.md,624,14. 数据契约、关联与质量处理 / 14.1 每一工作项的最小完整字段,列工作项最小字段契约｜本行：适用,FLOW-003；DATA-004,字段覆盖较完整；必须按二级区域呈现而非一次平铺,F02,|适用|适用／不适用／待判断、条件证据、判断负责人及截止|,仅产品文档语义；不构成源码或页面验收,52b4fcb24c0194b77531b422ec60791a6ee3fdf48cc54fecfc4a023e16c2c9ee
product-design.md,625,14. 数据契约、关联与质量处理 / 14.1 每一工作项的最小完整字段,列工作项最小字段契约｜本行：单据,DATA-001/004,字段覆盖较完整；必须按二级区域呈现而非一次平铺,F02,|单据|来源系统、单据号、明细／物流批次、事件ID、来源更新时间、深链|,仅产品文档语义；不构成源码或页面验收,52b4fcb24c0194b77531b422ec60791a6ee3fdf48cc54fecfc4a023e16c2c9ee
product-design.md,626,14. 数据契约、关联与质量处理 / 14.1 每一工作项的最小完整字段,列工作项最小字段契约｜本行：责任,ROLE-001；CONFIG-006,字段覆盖较完整；必须按二级区域呈现而非一次平铺,F02,|责任|主责任团队、主责任人、执行工厂、接收确认方、主跟单、责任生效历史|,仅产品文档语义；不构成源码或页面验收,52b4fcb24c0194b77531b422ec60791a6ee3fdf48cc54fecfc4a023e16c2c9ee
product-design.md,627,14. 数据契约、关联与质量处理 / 14.1 每一工作项的最小完整字段,列工作项最小字段契约｜本行：依赖,STATE-001；CALC-002,字段覆盖较完整；必须按二级区域呈现而非一次平铺,F02,|依赖|前置工作、前置事件、要求数量与单位、可分批门槛、替代条件|,仅产品文档语义；不构成源码或页面验收,52b4fcb24c0194b77531b422ec60791a6ee3fdf48cc54fecfc4a023e16c2c9ee
product-design.md,628,14. 数据契约、关联与质量处理 / 14.1 每一工作项的最小完整字段,列工作项最小字段契约｜本行：标准,TIME-011；CONFIG-002,字段覆盖较完整；必须按二级区域呈现而非一次平铺,F02,|标准|命中规则、预算、起止锚点、原始／当前基线日期、阶段上限及规则版本|,仅产品文档语义；不构成源码或页面验收,52b4fcb24c0194b77531b422ec60791a6ee3fdf48cc54fecfc4a023e16c2c9ee
product-design.md,629,14. 数据契约、关联与质量处理 / 14.1 每一工作项的最小完整字段,列工作项最小字段契约｜本行：实际,RISK-001,字段覆盖较完整；必须按二级区域呈现而非一次平铺,F02,|实际|计划可进入、实际可执行、实际开始、部分完成记录、最终完成、状态和数量|,仅产品文档语义；不构成源码或页面验收,52b4fcb24c0194b77531b422ec60791a6ee3fdf48cc54fecfc4a023e16c2c9ee
product-design.md,630,14. 数据契约、关联与质量处理 / 14.1 每一工作项的最小完整字段,列工作项最小字段契约｜本行：时效,RISK-007/008,字段覆盖较完整；必须按二级区域呈现而非一次平铺,F02,|时效|已用自然日、最终实际自然日、实际逾期、预测结束／方法／可信度、预计延误、需追回|,仅产品文档语义；不构成源码或页面验收,52b4fcb24c0194b77531b422ec60791a6ee3fdf48cc54fecfc4a023e16c2c9ee
product-design.md,631,14. 数据契约、关联与质量处理 / 14.1 每一工作项的最小完整字段,列工作项最小字段契约｜本行：数量,MATERIAL-011；SHIP-003,字段覆盖较完整；必须按二级区域呈现而非一次平铺,F02,|数量|原要求、正式调整、有效要求、合格完成、不合格／返工、已交出、实收、可用、剩余、单位|,仅产品文档语义；不构成源码或页面验收,52b4fcb24c0194b77531b422ec60791a6ee3fdf48cc54fecfc4a023e16c2c9ee
product-design.md,632,14. 数据契约、关联与质量处理 / 14.1 每一工作项的最小完整字段,列工作项最小字段契约｜本行：审计,DATA-001,字段覆盖较完整；必须按二级区域呈现而非一次平铺,F02,|审计|业务发生时间、系统记录时间、纠错时间、操作者、依据、旧新值、跟进记录|,仅产品文档语义；不构成源码或页面验收,52b4fcb24c0194b77531b422ec60791a6ee3fdf48cc54fecfc4a023e16c2c9ee
product-design.md,634,14. 数据契约、关联与质量处理 / 14.1 每一工作项的最小完整字段,保留多来源明细批次及明确关联优先级｜本行：来源业务多张单据不能扁平覆盖成最后一张单。采购、物流、入库、调拨、工厂接收至少保留明细／批次关系及每段数量分配。相同款式多笔需求，需求明细ID优,MATERIAL-009；OBJECT-008；DATA-004,条文成立；本次仅确认设计语义，当前实现需另核对,,来源业务多张单据不能扁平覆盖成最后一张单。采购、物流、入库、调拨、工厂接收至少保留明细／批次关系及每段数量分配。相同款式多笔需求，需求明细ID优先于SPU文本匹配；无法确定归属必须待处理。,仅产品文档语义；不构成源码或页面验收,52b4fcb24c0194b77531b422ec60791a6ee3fdf48cc54fecfc4a023e16c2c9ee
product-design.md,636,14. 数据契约、关联与质量处理 / 14.2 事件与重复纠错,组织文档或图表语法：14.2 事件与重复纠错,背景（结构行；所属语义见同节正文）,结构行已阅读；不独立认定业务实现通过,,### 14.2 事件与重复纠错,仅产品文档语义；不构成源码或页面验收,52b4fcb24c0194b77531b422ec60791a6ee3fdf48cc54fecfc4a023e16c2c9ee
product-design.md,638,14. 数据契约、关联与质量处理 / 14.2 事件与重复纠错,规定原系统事件共源、重复乱序纠错及快照刷新｜本行：使用原系统已存在的事实，不新建一套与PDA独立的手工完成账。来源事件至少含唯一ID、业务对象及明细、发生时刻、记录时刻、数量单位、前后状态和更正,DATA-001/002/003/005/006；UX-002,条文成立；本次仅确认设计语义，当前实现需另核对,,使用原系统已存在的事实，不新建一套与PDA独立的手工完成账。来源事件至少含唯一ID、业务对象及明细、发生时刻、记录时刻、数量单位、前后状态和更正关系。重复事件不重复计数，乱序接收按业务发生时刻还原；晚补记录更新当前事实并标记补录，不覆盖此前预警历史。,仅产品文档语义；不构成源码或页面验收,52b4fcb24c0194b77531b422ec60791a6ee3fdf48cc54fecfc4a023e16c2c9ee
product-design.md,640,14. 数据契约、关联与质量处理 / 14.2 事件与重复纠错,规定原系统事件共源、重复乱序纠错及快照刷新｜本行：原型内仅需能解释这些场景的Mock和轻交互，不为此建设消息队列、事件平台或复杂同步服务。页面显示“数据截至…／规则版本…／预测版本…”，所有视图,DATA-001/002/003/005/006；UX-002,条文成立；本次仅确认设计语义，当前实现需另核对,,原型内仅需能解释这些场景的Mock和轻交互，不为此建设消息队列、事件平台或复杂同步服务。页面显示“数据截至…／规则版本…／预测版本…”，所有视图读取同一快照；筛选或刷新后一次性更新列表、卡片、公式与图形。,仅产品文档语义；不构成源码或页面验收,52b4fcb24c0194b77531b422ec60791a6ee3fdf48cc54fecfc4a023e16c2c9ee
product-design.md,642,14. 数据契约、关联与质量处理 / 14.3 数据异常及恢复,组织文档或图表语法：14.3 数据异常及恢复,背景（结构行；所属语义见同节正文）,结构行已阅读；不独立认定业务实现通过,,### 14.3 数据异常及恢复,仅产品文档语义；不构成源码或页面验收,52b4fcb24c0194b77531b422ec60791a6ee3fdf48cc54fecfc4a023e16c2c9ee
product-design.md,644,14. 数据契约、关联与质量处理 / 14.3 数据异常及恢复,列出数据问题、显示与负责方恢复｜本行：问题,DATA-004/007/008；UX-001；SOURCE-001,问题分类合理；缺独立事项ID/期限/状态及可操作恢复闭环,F12,|问题|当页显示|处理人／恢复条件|,仅产品文档语义；不构成源码或页面验收,52b4fcb24c0194b77531b422ec60791a6ee3fdf48cc54fecfc4a023e16c2c9ee
product-design.md,645,14. 数据契约、关联与质量处理 / 14.3 数据异常及恢复,组织文档或图表语法：|---|---|---|,背景（结构行；所属语义见同节正文）,结构行已阅读；不独立认定业务实现通过,,|---|---|---|,仅产品文档语义；不构成源码或页面验收,52b4fcb24c0194b77531b422ec60791a6ee3fdf48cc54fecfc4a023e16c2c9ee
product-design.md,646,14. 数据契约、关联与质量处理 / 14.3 数据异常及恢复,列出数据问题、显示与负责方恢复｜本行：准备单未关联需求,SOURCE-001,问题分类合理；缺独立事项ID/期限/状态及可操作恢复闭环,F12,|准备单未关联需求|“准备来源待关联”，不能按款式自动归属|跟单／商品中心确认关系|,仅产品文档语义；不构成源码或页面验收,52b4fcb24c0194b77531b422ec60791a6ee3fdf48cc54fecfc4a023e16c2c9ee
product-design.md,647,14. 数据契约、关联与质量处理 / 14.3 数据异常及恢复,列出数据问题、显示与负责方恢复｜本行：工作责任缺失,DATA-004；CONFIG-006,问题分类合理；缺独立事项ID/期限/状态及可操作恢复闭环,F12,|工作责任缺失|“待指派”，进入对应协调队列|组织负责人设置有效责任|,仅产品文档语义；不构成源码或页面验收,52b4fcb24c0194b77531b422ec60791a6ee3fdf48cc54fecfc4a023e16c2c9ee
product-design.md,648,14. 数据契约、关联与质量处理 / 14.3 数据异常及恢复,列出数据问题、显示与负责方恢复｜本行：区域／供给方式未知,TIME-013/014,问题分类合理；缺独立事项ID/期限/状态及可操作恢复闭环,F12,|区域／供给方式未知|显示合法路线范围与判断期限|采购／跟单确认|,仅产品文档语义；不构成源码或页面验收,52b4fcb24c0194b77531b422ec60791a6ee3fdf48cc54fecfc4a023e16c2c9ee
product-design.md,649,14. 数据契约、关联与质量处理 / 14.3 数据异常及恢复,列出数据问题、显示与负责方恢复｜本行：有库存但未分配,MATERIAL-003,问题分类合理；缺独立事项ID/期限/状态及可操作恢复闭环,F12,|有库存但未分配|“库存可见，任务可用待确认”|仓库确认分配|,仅产品文档语义；不构成源码或页面验收,52b4fcb24c0194b77531b422ec60791a6ee3fdf48cc54fecfc4a023e16c2c9ee
product-design.md,650,14. 数据契约、关联与质量处理 / 14.3 数据异常及恢复,列出数据问题、显示与负责方恢复｜本行：入库数量高于采购量,DATA-007,问题分类合理；缺独立事项ID/期限/状态及可操作恢复闭环,F12,|入库数量高于采购量|展示差异，不静默截断或强行完结|采购／仓库确认超收或来源纠错|,仅产品文档语义；不构成源码或页面验收,52b4fcb24c0194b77531b422ec60791a6ee3fdf48cc54fecfc4a023e16c2c9ee
product-design.md,651,14. 数据契约、关联与质量处理 / 14.3 数据异常及恢复,列出数据问题、显示与负责方恢复｜本行：下游先完成但无合法前置,DATA-003,问题分类合理；缺独立事项ID/期限/状态及可操作恢复闭环,F12,|下游先完成但无合法前置|提示依赖／补录异常，不删除真实事实|来源方补录或修正关联|,仅产品文档语义；不构成源码或页面验收,52b4fcb24c0194b77531b422ec60791a6ee3fdf48cc54fecfc4a023e16c2c9ee
product-design.md,652,14. 数据契约、关联与质量处理 / 14.3 数据异常及恢复,列出数据问题、显示与负责方恢复｜本行：进度5天未更新,RISK-008,问题分类合理；缺独立事项ID/期限/状态及可操作恢复闭环,F12,|进度5天未更新|预测标过期，不能当作连续零产出也不能自动正常|执行团队补实际记录|,仅产品文档语义；不构成源码或页面验收,52b4fcb24c0194b77531b422ec60791a6ee3fdf48cc54fecfc4a023e16c2c9ee
product-design.md,653,14. 数据契约、关联与质量处理 / 14.3 数据异常及恢复,列出数据问题、显示与负责方恢复｜本行：缺客户下单时间或要求,DATA-008,问题分类合理；缺独立事项ID/期限/状态及可操作恢复闭环,F12,|缺客户下单时间或要求|本次发货事实仍可见，订单超时“待判定”|订单数据责任团队补齐|,仅产品文档语义；不构成源码或页面验收,52b4fcb24c0194b77531b422ec60791a6ee3fdf48cc54fecfc4a023e16c2c9ee
product-design.md,654,14. 数据契约、关联与质量处理 / 14.3 数据异常及恢复,列出数据问题、显示与负责方恢复｜本行：发货与生产批次归属不明,OBJECT-008,问题分类合理；缺独立事项ID/期限/状态及可操作恢复闭环,F12,|发货与生产批次归属不明|订单时效可算；生产任务实发归属待定|履约仓确认来源分配|,仅产品文档语义；不构成源码或页面验收,52b4fcb24c0194b77531b422ec60791a6ee3fdf48cc54fecfc4a023e16c2c9ee
product-design.md,655,14. 数据契约、关联与质量处理 / 14.3 数据异常及恢复,列出数据问题、显示与负责方恢复｜本行：退回／返工／事件撤销,DATA-001/003,问题分类合理；缺独立事项ID/期限/状态及可操作恢复闭环,F12,|退回／返工／事件撤销|追加纠错链与新轮次，重算受影响范围|相应业务负责人确认事实|,仅产品文档语义；不构成源码或页面验收,52b4fcb24c0194b77531b422ec60791a6ee3fdf48cc54fecfc4a023e16c2c9ee
product-design.md,657,15. 角色、权限、Web／PDA与图片,组织文档或图表语法：15. 角色、权限、Web／PDA与图片,背景（结构行；所属语义见同节正文）,结构行已阅读；不独立认定业务实现通过,,## 15. 角色、权限、Web／PDA与图片,仅产品文档语义；不构成源码或页面验收,52b4fcb24c0194b77531b422ec60791a6ee3fdf48cc54fecfc4a023e16c2c9ee
product-design.md,659,15. 角色、权限、Web／PDA与图片,定义管理/跟单/执行/规则/数据角色权限与WebPDA打印边界｜本行：角色,ROLE-001/002/003/004,条文成立；本次仅确认设计语义，当前实现需另核对,,|角色|可看|可操作|不能替代的事实|,仅产品文档语义；不构成源码或页面验收,52b4fcb24c0194b77531b422ec60791a6ee3fdf48cc54fecfc4a023e16c2c9ee
product-design.md,660,15. 角色、权限、Web／PDA与图片,组织文档或图表语法：|---|---|---|---|,背景（结构行；所属语义见同节正文）,结构行已阅读；不独立认定业务实现通过,,|---|---|---|---|,仅产品文档语义；不构成源码或页面验收,52b4fcb24c0194b77531b422ec60791a6ee3fdf48cc54fecfc4a023e16c2c9ee
product-design.md,661,15. 角色、权限、Web／PDA与图片,定义管理/跟单/执行/规则/数据角色权限与WebPDA打印边界｜本行：供应链管理,ROLE-001/002,条文成立；本次仅确认设计语义，当前实现需另核对,,|供应链管理|全局、团队、历史和规则效果|查看／导出；授权范围的规则发布和任务变更决策|不能把图表状态当真实收发动作|,仅产品文档语义；不构成源码或页面验收,52b4fcb24c0194b77531b422ec60791a6ee3fdf48cc54fecfc4a023e16c2c9ee
product-design.md,662,15. 角色、权限、Web／PDA与图片,定义管理/跟单/执行/规则/数据角色权限与WebPDA打印边界｜本行：主跟单及跟单主管,ROLE-001/002,条文成立；本次仅确认设计语义，当前实现需另核对,,|主跟单及跟单主管|本人／团队全程，相关卡点及责任|登记跟进、判断待办、发起变更、查看来源|不能手动虚增到货／完工／发货数量|,仅产品文档语义；不构成源码或页面验收,52b4fcb24c0194b77531b422ec60791a6ee3fdf48cc54fecfc4a023e16c2c9ee
product-design.md,663,15. 角色、权限、Web／PDA与图片,定义管理/跟单/执行/规则/数据角色权限与WebPDA打印边界｜本行：采购／仓储／工厂负责人,ROLE-001/002,条文成立；本次仅确认设计语义，当前实现需另核对,,|采购／仓储／工厂负责人|自己工作与必要上游下游|补负责人预计日期、响应跟进、转来源业务办理|不改其他团队实际事件|,仅产品文档语义；不构成源码或页面验收,52b4fcb24c0194b77531b422ec60791a6ee3fdf48cc54fecfc4a023e16c2c9ee
product-design.md,664,15. 角色、权限、Web／PDA与图片,定义管理/跟单/执行/规则/数据角色权限与WebPDA打印边界｜本行：规则管理员,ROLE-002；CONFIG-009,条文成立；本次仅确认设计语义，当前实现需另核对,,|规则管理员|规则、样例、冲突与发布范围|维护规则与映射、发布版本|变更不能自动洗掉在途逾期|,仅产品文档语义；不构成源码或页面验收,52b4fcb24c0194b77531b422ec60791a6ee3fdf48cc54fecfc4a023e16c2c9ee
product-design.md,665,15. 角色、权限、Web／PDA与图片,定义管理/跟单/执行/规则/数据角色权限与WebPDA打印边界｜本行：数据负责人,ROLE-002；DATA-004,条文成立；本次仅确认设计语义，当前实现需另核对,,|数据负责人|异常来源、未匹配记录|确认关联或转来源纠错|不能编造缺失时刻|,仅产品文档语义；不构成源码或页面验收,52b4fcb24c0194b77531b422ec60791a6ee3fdf48cc54fecfc4a023e16c2c9ee
product-design.md,666,15. 角色、权限、Web／PDA与图片,定义管理/跟单/执行/规则/数据角色权限与WebPDA打印边界｜本行：一线员工,ROLE-003,条文成立；本次仅确认设计语义，当前实现需另核对,,|一线员工|继续使用当前FCS/PDA执行页|扫码、收发、质检等已有动作|不要求操作全链路甘特或配置|,仅产品文档语义；不构成源码或页面验收,52b4fcb24c0194b77531b422ec60791a6ee3fdf48cc54fecfc4a023e16c2c9ee
product-design.md,668,15. 角色、权限、Web／PDA与图片,定义管理/跟单/执行/规则/数据角色权限与WebPDA打印边界｜本行：DDS以管理Web为主。工厂屏面向主管，1024×768可安排优先级；不新建PDA大屏和新的打印业务单。现有PDA／Web收发／质检事实被引用，,ROLE-001/002/003/004,条文成立；本次仅确认设计语义，当前实现需另核对,,DDS以管理Web为主。工厂屏面向主管，1024×768可安排优先级；不新建PDA大屏和新的打印业务单。现有PDA／Web收发／质检事实被引用，原业务打印入口保留。DDS只提供报表导出／打印，标明快照、过滤条件、时区、规则版本及Mock标识。,仅产品文档语义；不构成源码或页面验收,52b4fcb24c0194b77531b422ec60791a6ee3fdf48cc54fecfc4a023e16c2c9ee
product-design.md,670,15. 角色、权限、Web／PDA与图片,规定真实对应图片、缩略图大图和失败说明｜本行：款式和物料出现在列表、详情、抽屉、导出可视报表时必须使用对象对应图片；缩略图与名称编码同块，点击原图、关闭／遮罩／Esc、保持比例、失败态与替代,ROLE-005/006/007,条文成立；本次仅确认设计语义，当前实现需另核对,,款式和物料出现在列表、详情、抽屉、导出可视报表时必须使用对象对应图片；缩略图与名称编码同块，点击原图、关闭／遮罩／Esc、保持比例、失败态与替代说明。不能照搬旧代码按品类猜一张图的回退方式。,仅产品文档语义；不构成源码或页面验收,52b4fcb24c0194b77531b422ec60791a6ee3fdf48cc54fecfc4a023e16c2c9ee
product-design.md,672,15. 角色、权限、Web／PDA与图片,记录款式素材和缺物料素材｜本行：本例沿用原型明确映射的SPU-HOODIE-082“连帽拉链卫衣”及`/production-confirmation-demo/grey-zi,ROLE-005/007；OPEN-002,当前缺素材声明与矩阵OPEN-002解除缺图表述冲突，需更新版本状态,F14,本例沿用原型明确映射的SPU-HOODIE-082“连帽拉链卫衣”及`/production-confirmation-demo/grey-zip-hoodie.png`。本例新增待染原料和辅料的对应实物图目前没有确认，数据资产清单明确为缺素材；不得用无关图片补齐并宣称页面可交付。静态甘特图只表现任务与数量，没有展示或冒充款式／物料图片。,仅产品文档语义；不构成源码或页面验收,52b4fcb24c0194b77531b422ec60791a6ee3fdf48cc54fecfc4a023e16c2c9ee
product-design.md,674,16. 原型交互反馈、空状态与性能,组织文档或图表语法：16. 原型交互反馈、空状态与性能,背景（结构行；所属语义见同节正文）,结构行已阅读；不独立认定业务实现通过,,## 16. 原型交互反馈、空状态与性能,仅产品文档语义；不构成源码或页面验收,52b4fcb24c0194b77531b422ec60791a6ee3fdf48cc54fecfc4a023e16c2c9ee
product-design.md,676,16. 原型交互反馈、空状态与性能,定义空态、局部交互和严格性能门禁｜本行：空列表区分没有符合条件、本人暂无任务、尚无实际发货、来源未接入、加载失败和权限不可见；分别提供重置条件、返回列表、查看数据事项等合理动作。接口／,UX-001/002/003/004/005；PERF-001/002/003/004/005,交互与门禁原则成立；680设计阶段未改行为说明与末尾现状矛盾,F14,空列表区分没有符合条件、本人暂无任务、尚无实际发货、来源未接入、加载失败和权限不可见；分别提供重置条件、返回列表、查看数据事项等合理动作。接口／源数据错误保留上次快照并明确过期，不清空为0。导出无数据应说明，不能下载空壳成功。,仅产品文档语义；不构成源码或页面验收,52b4fcb24c0194b77531b422ec60791a6ee3fdf48cc54fecfc4a023e16c2c9ee
product-design.md,678,16. 原型交互反馈、空状态与性能,定义空态、局部交互和严格性能门禁｜本行：筛选统计一致；查询重置列状态规则遵循当前标准列表；弹窗、抽屉、依赖展开、列设置、图像预览局部DOM更新，不整页重绘。大图保持关闭后列表位置，输入,UX-001/002/003/004/005；PERF-001/002/003/004/005,交互与门禁原则成立；680设计阶段未改行为说明与末尾现状矛盾,F14,筛选统计一致；查询重置列状态规则遵循当前标准列表；弹窗、抽屉、依赖展开、列设置、图像预览局部DOM更新，不整页重绘。大图保持关闭后列表位置，输入不丢焦点，异步结束不覆盖用户刚更改的筛选。所有按钮必须有行为；未实现的演示来源明确说明。,仅产品文档语义；不构成源码或页面验收,52b4fcb24c0194b77531b422ec60791a6ee3fdf48cc54fecfc4a023e16c2c9ee
product-design.md,680,16. 原型交互反馈、空状态与性能,定义空态、局部交互和严格性能门禁｜本行：原型实施时遵循项目硬门禁：受影响页面首次进入、冷启动、刷新、站内切换、所有交互（含导出与图示）每次完整可用响应均须严格小于200ms；每项至少5,UX-001/002/003/004/005；PERF-001/002/003/004/005,交互与门禁原则成立；680设计阶段未改行为说明与末尾现状矛盾,F14,原型实施时遵循项目硬门禁：受影响页面首次进入、冷启动、刷新、站内切换、所有交互（含导出与图示）每次完整可用响应均须严格小于200ms；每项至少5次含首次，记录原始值、最大值、数据量、缓存与设备。不能以Loading、部分占位、提前停止计时或平均值过关。当前交付只增加设计资料和静态图示，不改运行时行为，因此不做页面性能通过声明；未来有任一缺证／超时即不算页面完成。,仅产品文档语义；不构成源码或页面验收,52b4fcb24c0194b77531b422ec60791a6ee3fdf48cc54fecfc4a023e16c2c9ee
product-design.md,682,17. Mock场景与验收样例,组织文档或图表语法：17. Mock场景与验收样例,背景（结构行；所属语义见同节正文）,结构行已阅读；不独立认定业务实现通过,,## 17. Mock场景与验收样例,仅产品文档语义；不构成源码或页面验收,52b4fcb24c0194b77531b422ec60791a6ee3fdf48cc54fecfc4a023e16c2c9ee
product-design.md,684,17. Mock场景与验收样例,固定快照并要求表图公式同一数据｜本行：全部动态日期以`2026-09-17 10:00 Asia/Shanghai`固定，不以打开页面的真实当天造成结果漂移。JSON为唯一示例数据源,MOCK-001/003,条文成立；本次仅确认设计语义，当前实现需另核对,,全部动态日期以`2026-09-17 10:00 Asia/Shanghai`固定，不以打开页面的真实当天造成结果漂移。JSON为唯一示例数据源，统计、表格和图示由同一份生成。,仅产品文档语义；不构成源码或页面验收,52b4fcb24c0194b77531b422ec60791a6ee3fdf48cc54fecfc4a023e16c2c9ee
product-design.md,686,17. Mock场景与验收样例,列主例、正常对照和已入库未到厂预期｜本行：场景,MOCK-001/002/004；RISK-010/012；MATERIAL-006,已有数值与主例/对照/003描述一致,,|场景|明确预期|,仅产品文档语义；不构成源码或页面验收,52b4fcb24c0194b77531b422ec60791a6ee3fdf48cc54fecfc4a023e16c2c9ee
product-design.md,687,17. Mock场景与验收样例,组织文档或图表语法：|---|---|,背景（结构行；所属语义见同节正文）,结构行已阅读；不独立认定业务实现通过,,|---|---|,仅产品文档语义；不构成源码或页面验收,52b4fcb24c0194b77531b422ec60791a6ee3fdf48cc54fecfc4a023e16c2c9ee
product-design.md,688,17. Mock场景与验收样例,列主例、正常对照和已入库未到厂预期｜本行：001 24天主案例,CALC-005；RISK-010/011,已有数值与主例/对照/003描述一致,,|001 24天主案例|9阶段31计时项；D20实际逾期0、预测D25、风险1天；余600、需300／日、当前200／日|,仅产品文档语义；不构成源码或页面验收,52b4fcb24c0194b77531b422ec60791a6ee3fdf48cc54fecfc4a023e16c2c9ee
product-design.md,689,17. Mock场景与验收样例,列主例、正常对照和已入库未到厂预期｜本行：002 正常对照,RISK-012,已有数值与主例/对照/003描述一致,,|002 正常对照|同样预算，已合格700，预测D23.5，未逾期；不能只按已用时间占比报警|,仅产品文档语义；不构成源码或页面验收,52b4fcb24c0194b77531b422ec60791a6ee3fdf48cc54fecfc4a023e16c2c9ee
product-design.md,690,17. Mock场景与验收样例,列主例、正常对照和已入库未到厂预期｜本行：003 已入库未到厂,MATERIAL-006,已有数值与主例/对照/003描述一致,,|003 已入库未到厂|采购入库800但工厂实收0，不齐套；当前整体已逾期2天，卡物流调拨|,仅产品文档语义；不构成源码或页面验收,52b4fcb24c0194b77531b422ec60791a6ee3fdf48cc54fecfc4a023e16c2c9ee
product-design.md,691,17. Mock场景与验收样例,列未知路线范围与判断逾期｜本行：004 路线待判断,CALC-008；TIME-013,范围值缺四个合法候选完整推导,F05,|004 路线待判断|20～24天合法范围；判断期限已过9天；整体未有生效截止，不伪造整体逾期|,仅产品文档语义；不构成源码或页面验收,52b4fcb24c0194b77531b422ec60791a6ee3fdf48cc54fecfc4a023e16c2c9ee
product-design.md,692,17. Mock场景与验收样例,列上游追回、混合供给、减量、订单超时、终止与缺数｜本行：005 上游晚到需追回,RISK-013,与明确业务修正一致；订单跨次边界另见F06,,|005 上游晚到需追回|本项未超时，需追回2天；预测整体晚1天，显示上游与本项不同责任|,仅产品文档语义；不构成源码或页面验收,52b4fcb24c0194b77531b422ec60791a6ee3fdf48cc54fecfc4a023e16c2c9ee
product-design.md,693,17. Mock场景与验收样例,列上游追回、混合供给、减量、订单超时、终止与缺数｜本行：006 部分现货与采购,MATERIAL-010,与明确业务修正一致；订单跨次边界另见F06,,|006 部分现货与采购|到厂500/1000，仓内待拨300、未到仓200；新增采购缺口0但存在待供给数量|,仅产品文档语义；不构成源码或页面验收,52b4fcb24c0194b77531b422ec60791a6ee3fdf48cc54fecfc4a023e16c2c9ee
product-design.md,694,17. Mock场景与验收样例,列上游追回、混合供给、减量、订单超时、终止与缺数｜本行：007 正式减量与分批,SHIP-001/002,与明确业务修正一致；订单跨次边界另见F06,,|007 正式减量与分批|原1000，正式減100，有效900，实发400，剩500，进度44.44%；客户取消本身不触发减量|,仅产品文档语义；不构成源码或页面验收,52b4fcb24c0194b77531b422ec60791a6ee3fdf48cc54fecfc4a023e16c2c9ee
product-design.md,695,17. Mock场景与验收样例,列上游追回、混合供给、减量、订单超时、终止与缺数｜本行：008 生产按期／订单超时,SHIP-008,与明确业务修正一致；订单跨次边界另见F06,,|008 生产按期／订单超时|任务9月17日全部发货，早于9月19日期限；关联A、C订单超时|,仅产品文档语义；不构成源码或页面验收,52b4fcb24c0194b77531b422ec60791a6ee3fdf48cc54fecfc4a023e16c2c9ee
product-design.md,696,17. Mock场景与验收样例,列上游追回、混合供给、减量、订单超时、终止与缺数｜本行：009 正式全量取消,SHIP-011,与明确业务修正一致；订单跨次边界另见F06,,|009 正式全量取消|有效量0，显示已终止；不是发货100%，不进入完成及时率分母|,仅产品文档语义；不构成源码或页面验收,52b4fcb24c0194b77531b422ec60791a6ee3fdf48cc54fecfc4a023e16c2c9ee
product-design.md,697,17. Mock场景与验收样例,列上游追回、混合供给、减量、订单超时、终止与缺数｜本行：010 规则与数据缺失,RISK-008,与明确业务修正一致；订单跨次边界另见F06,,|010 规则与数据缺失|保留既有基线判断当前尚未逾期；预测未知／过期，进入待判定队列|,仅产品文档语义；不构成源码或页面验收,52b4fcb24c0194b77531b422ec60791a6ee3fdf48cc54fecfc4a023e16c2c9ee
product-design.md,698,17. Mock场景与验收样例,列分批资源预期｜本行：BATCH 分批资源,CALC-010/011；MOCK-005,算术成立；需批次工作/事件关系与里程碑事件名,F15,|BATCH 分批资源|400/400/200件，发货D19.5／D21.5／D22，共享车缝／后道资源不冲突|,仅产品文档语义；不构成源码或页面验收,52b4fcb24c0194b77531b422ec60791a6ee3fdf48cc54fecfc4a023e16c2c9ee
product-design.md,699,17. Mock场景与验收样例,列目标料、冲突、历史超时、关闭、时间、共享和重复边界｜本行：RAW-TO-TARGET,MATERIAL-008,条文成立；本次仅确认设计语义，当前实现需另核对,,|RAW-TO-TARGET|白色原料1000到货、黑色目标料合格0，目标仍不齐套|,仅产品文档语义；不构成源码或页面验收,52b4fcb24c0194b77531b422ec60791a6ee3fdf48cc54fecfc4a023e16c2c9ee
product-design.md,700,17. Mock场景与验收样例,列目标料、冲突、历史超时、关闭、时间、共享和重复边界｜本行：CAP-CONFLICT,CONFIG-008,条文成立；本次仅确认设计语义，当前实现需另核对,,|CAP-CONFLICT|子项网络7天、组上限5天，报规则冲突；不截断、不扩限|,仅产品文档语义；不构成源码或页面验收,52b4fcb24c0194b77531b422ec60791a6ee3fdf48cc54fecfc4a023e16c2c9ee
product-design.md,701,17. Mock场景与验收样例,列目标料、冲突、历史超时、关闭、时间、共享和重复边界｜本行：LATE-DONE,RISK-003,条文成立；本次仅确认设计语义，当前实现需另核对,,|LATE-DONE|已完成但完成日比截止晚1天，仍保留历史超时1天|,仅产品文档语义；不构成源码或页面验收,52b4fcb24c0194b77531b422ec60791a6ee3fdf48cc54fecfc4a023e16c2c9ee
product-design.md,702,17. Mock场景与验收样例,列目标料、冲突、历史超时、关闭、时间、共享和重复边界｜本行：FINISH-BY-REDUCTION,SHIP-010,条文成立；本次仅确认设计语义，当前实现需另核对,,|FINISH-BY-REDUCTION|D20发900、D25减100，只能D25范围减少后关闭|,仅产品文档语义；不构成源码或页面验收,52b4fcb24c0194b77531b422ec60791a6ee3fdf48cc54fecfc4a023e16c2c9ee
product-design.md,703,17. Mock场景与验收样例,列目标料、冲突、历史超时、关闭、时间、共享和重复边界｜本行：周末／时区／舍入边界,TIME-001/002/003,条文成立；本次仅确认设计语义，当前实现需另核对,,|周末／时区／舍入边界|周五+3天=周一同一时刻；中国／印尼显示绝对截止一致；刚超过截止即超时|,仅产品文档语义；不构成源码或页面验收,52b4fcb24c0194b77531b422ec60791a6ee3fdf48cc54fecfc4a023e16c2c9ee
product-design.md,704,17. Mock场景与验收样例,列目标料、冲突、历史超时、关闭、时间、共享和重复边界｜本行：共享与合并,OBJECT-003/006/007,条文成立；本次仅确认设计语义，当前实现需另核对,,|共享与合并|合并生产单保留每需求T0；共享工作全局只计一次，供给／产能按份额分配|,仅产品文档语义；不构成源码或页面验收,52b4fcb24c0194b77531b422ec60791a6ee3fdf48cc54fecfc4a023e16c2c9ee
product-design.md,705,17. Mock场景与验收样例,列目标料、冲突、历史超时、关闭、时间、共享和重复边界｜本行：取消与重复事件,SHIP-002；DATA-002,条文成立；本次仅确认设计语义，当前实现需另核对,,|取消与重复事件|未分配客户订单取消不改任何任务量；重复发货／入库事件不能累加两次|,仅产品文档语义；不构成源码或页面验收,52b4fcb24c0194b77531b422ec60791a6ee3fdf48cc54fecfc4a023e16c2c9ee
product-design.md,707,17. Mock场景与验收样例,声明执行验收与设计演算分别保留｜本行：详细执行验收已按需求矩阵逐条记录。本地Mock原型结果见implementation-review.md；原设计演算与此次页面验证分别保留，不据,DELIVERY-003/004；EVIDENCE-002,证据范围需按需求语义审查，不能从259已验证倒推全部能力完备,F03;F14,详细执行验收已按需求矩阵逐条记录。本地Mock原型结果见implementation-review.md；原设计演算与此次页面验证分别保留，不据此声明线上能力。,仅产品文档语义；不构成源码或页面验收,52b4fcb24c0194b77531b422ec60791a6ee3fdf48cc54fecfc4a023e16c2c9ee
product-design.md,709,18. 落地范围与实施边界,组织文档或图表语法：18. 落地范围与实施边界,背景（结构行；所属语义见同节正文）,结构行已阅读；不独立认定业务实现通过,,## 18. 落地范围与实施边界,仅产品文档语义；不构成源码或页面验收,52b4fcb24c0194b77531b422ec60791a6ee3fdf48cc54fecfc4a023e16c2c9ee
product-design.md,711,18. 落地范围与实施边界,明确首轮原型范围、技术边界和实施依赖｜本行：第一轮可评审原型应包含全部7个菜单页、任务详情、团队详情、工作抽屉、规则匹配与公式解释、10笔差异化场景，以及动态图形切换和必要轻交互。固定Mo,DELIVERY-001/002/003/004；PAGE-001；MOCK-001/003,条文成立；本次仅确认设计语义，当前实现需另核对,,第一轮可评审原型应包含全部7个菜单页、任务详情、团队详情、工作抽屉、规则匹配与公式解释、10笔差异化场景，以及动态图形切换和必要轻交互。固定Mock也必须真实计算sum/max、数量和状态，不能每个页面写互相矛盾的常量。,仅产品文档语义；不构成源码或页面验收,52b4fcb24c0194b77531b422ec60791a6ee3fdf48cc54fecfc4a023e16c2c9ee
product-design.md,713,18. 落地范围与实施边界,明确首轮原型范围、技术边界和实施依赖｜本行：继续使用Vite、TypeScript、Tailwind、现有UI组件及字符串模板；图形采用普通DOM／SVG或Canvas的最小实现，不引入大,DELIVERY-001/002/003/004；PAGE-001；MOCK-001/003,条文成立；本次仅确认设计语义，当前实现需另核对,,继续使用Vite、TypeScript、Tailwind、现有UI组件及字符串模板；图形采用普通DOM／SVG或Canvas的最小实现，不引入大型甘特／图表框架。模块内计算函数服务同一Mock快照，不预建通用领域框架或真实数据后台。实际接线上源系统、消息通知、权限服务、自动排产与模型预测不属于本次原型实现范围。,仅产品文档语义；不构成源码或页面验收,52b4fcb24c0194b77531b422ec60791a6ee3fdf48cc54fecfc4a023e16c2c9ee
product-design.md,715,18. 落地范围与实施边界,明确首轮原型范围、技术边界和实施依赖｜本行：建议工作包顺序：事实映射与规则口径→同一数据与计算→核心任务图示→工作／团队／跟单→总览和履约→配置与版本→全范围证据验收。具体文件和原子需求在,DELIVERY-001/002/003/004；PAGE-001；MOCK-001/003,条文成立；本次仅确认设计语义，当前实现需另核对,,建议工作包顺序：事实映射与规则口径→同一数据与计算→核心任务图示→工作／团队／跟单→总览和履约→配置与版本→全范围证据验收。具体文件和原子需求在[实施计划](implementation-plan.md)及[矩阵](requirements-matrix.csv)。实施前以当前代码再核对差异，不把本文件的HEAD长期当作最新版本。,仅产品文档语义；不构成源码或页面验收,52b4fcb24c0194b77531b422ec60791a6ee3fdf48cc54fecfc4a023e16c2c9ee
product-design.md,717,19. 待正式发布规则前明确的业务选择,组织文档或图表语法：19. 待正式发布规则前明确的业务选择,背景（结构行；所属语义见同节正文）,结构行已阅读；不独立认定业务实现通过,,## 19. 待正式发布规则前明确的业务选择,仅产品文档语义；不构成源码或页面验收,52b4fcb24c0194b77531b422ec60791a6ee3fdf48cc54fecfc4a023e16c2c9ee
product-design.md,719,19. 待正式发布规则前明确的业务选择,列正式业务发布前需负责人的明确选择｜本行：这些事项不妨碍本次完整原型用Mock展示，但不能以假定标准对线上考核。,OPEN-001,本地Mock不等于正式SLA批准；该边界成立，不自动要求暂停本次原型,,这些事项不妨碍本次完整原型用Mock展示，但不能以假定标准对线上考核。,仅产品文档语义；不构成源码或页面验收,52b4fcb24c0194b77531b422ec60791a6ee3fdf48cc54fecfc4a023e16c2c9ee
product-design.md,721,19. 待正式发布规则前明确的业务选择,列正式业务发布前需负责人的明确选择｜本行：事项,OPEN-001,本地Mock不等于正式SLA批准；该边界成立，不自动要求暂停本次原型,,|事项|本方案演示处理|正式确认责任|,仅产品文档语义；不构成源码或页面验收,52b4fcb24c0194b77531b422ec60791a6ee3fdf48cc54fecfc4a023e16c2c9ee
product-design.md,722,19. 待正式发布规则前明确的业务选择,组织文档或图表语法：|---|---|---|,背景（结构行；所属语义见同节正文）,结构行已阅读；不独立认定业务实现通过,,|---|---|---|,仅产品文档语义；不构成源码或页面验收,52b4fcb24c0194b77531b422ec60791a6ee3fdf48cc54fecfc4a023e16c2c9ee
product-design.md,723,19. 待正式发布规则前明确的业务选择,列正式业务发布前需负责人的明确选择｜本行：自然日是连续24小时或业务日期到日终,OPEN-001,本地Mock不等于正式SLA批准；该边界成立，不自动要求暂停本次原型,,|自然日是连续24小时或业务日期到日终|建议连续24小时，本文一致采用|供应链负责人|,仅产品文档语义；不构成源码或页面验收,52b4fcb24c0194b77531b422ec60791a6ee3fdf48cc54fecfc4a023e16c2c9ee
product-design.md,724,19. 待正式发布规则前明确的业务选择,列正式业务发布前需负责人的明确选择｜本行：准备5天、印染3／5天、本土辅料5天的准确起止和包含段,OPEN-001,本地Mock不等于正式SLA批准；该边界成立，不自动要求暂停本次原型,,|准备5天、印染3／5天、本土辅料5天的准确起止和包含段|先作为候选组约束；Mock预算独立明确|跟单、计划、工厂、采购|,仅产品文档语义；不构成源码或页面验收,52b4fcb24c0194b77531b422ec60791a6ee3fdf48cc54fecfc4a023e16c2c9ee
product-design.md,725,19. 待正式发布规则前明确的业务选择,列正式业务发布前需负责人的明确选择｜本行：首批回货4天的起点、最小有效批量、交出或接收终点,OPEN-001,本地Mock不等于正式SLA批准；该边界成立，不自动要求暂停本次原型,,|首批回货4天的起点、最小有效批量、交出或接收终点|保留里程碑字段；主例有D19首批200件实收演示|计划／车缝／收货方|,仅产品文档语义；不构成源码或页面验收,52b4fcb24c0194b77531b422ec60791a6ee3fdf48cc54fecfc4a023e16c2c9ee
product-design.md,726,19. 待正式发布规则前明确的业务选择,列正式业务发布前需负责人的明确选择｜本行：实际发货终点事件与来源批次可追溯程度,OPEN-001,本地Mock不等于正式SLA批准；该边界成立，不自动要求暂停本次原型,,|实际发货终点事件与来源批次可追溯程度|以确认实发事件演示；缺归属进入数据事项|履约仓／订单系统|,仅产品文档语义；不构成源码或页面验收,52b4fcb24c0194b77531b422ec60791a6ee3fdf48cc54fecfc4a023e16c2c9ee
product-design.md,727,19. 待正式发布规则前明确的业务选择,列正式业务发布前需负责人的明确选择｜本行：客户订单要求来自哪个业务承诺版本,OPEN-001,本地Mock不等于正式SLA批准；该边界成立，不自动要求暂停本次原型,,|客户订单要求来自哪个业务承诺版本|订单事实带要求快照；无规则待判定|订单业务负责人|,仅产品文档语义；不构成源码或页面验收,52b4fcb24c0194b77531b422ec60791a6ee3fdf48cc54fecfc4a023e16c2c9ee
product-design.md,728,19. 待正式发布规则前明确的业务选择,列正式业务发布前需负责人的明确选择｜本行：备货任务在无可发订单时的承诺边界,OPEN-001,本地Mock不等于正式SLA批准；该边界成立，不自动要求暂停本次原型,,|备货任务在无可发订单时的承诺边界|待履约分列，不归责工厂或自动完结|供应链与销售运营|,仅产品文档语义；不构成源码或页面验收,52b4fcb24c0194b77531b422ec60791a6ee3fdf48cc54fecfc4a023e16c2c9ee
product-design.md,729,19. 待正式发布规则前明确的业务选择,列正式业务发布前需负责人的明确选择｜本行：生产单多来源时的主跟单选择与共享工作分配,OPEN-001,本地Mock不等于正式SLA批准；该边界成立，不自动要求暂停本次原型,,|生产单多来源时的主跟单选择与共享工作分配|显式主跟单＋来源跟单，按数量关系演示|跟单主管／计划|,仅产品文档语义；不构成源码或页面验收,52b4fcb24c0194b77531b422ec60791a6ee3fdf48cc54fecfc4a023e16c2c9ee
product-design.md,730,19. 待正式发布规则前明确的业务选择,列正式业务发布前需负责人的明确选择｜本行：工作项各子预算、责任及合法分批门槛,OPEN-001,本地Mock不等于正式SLA批准；该边界成立，不自动要求暂停本次原型,,|工作项各子预算、责任及合法分批门槛|组代理显式提示未细分，不能据此考核子团队|相应专业团队|,仅产品文档语义；不构成源码或页面验收,52b4fcb24c0194b77531b422ec60791a6ee3fdf48cc54fecfc4a023e16c2c9ee
product-design.md,731,19. 待正式发布规则前明确的业务选择,列正式素材确认责任｜本行：缺失物料实图,OPEN-002；ROLE-007,缺素材状态需与当前素材清单一致,F14,|缺失物料实图|素材清单列阻塞对象；不以占位图交付|物料资料负责人|,仅产品文档语义；不构成源码或页面验收,52b4fcb24c0194b77531b422ec60791a6ee3fdf48cc54fecfc4a023e16c2c9ee
product-design.md,733,20. 依据、变更及追踪,组织文档或图表语法：20. 依据、变更及追踪,背景（结构行；所属语义见同节正文）,结构行已阅读；不独立认定业务实现通过,,## 20. 依据、变更及追踪,仅产品文档语义；不构成源码或页面验收,52b4fcb24c0194b77531b422ec60791a6ee3fdf48cc54fecfc4a023e16c2c9ee
product-design.md,735,20. 依据、变更及追踪,确定证据优先级、材料来源和本轮业务修正｜本行：证据优先级：本轮用户确认→用户提供线上页面→当前原型代码→会议纪要→旧业务方案及示意图。线上截图确认存在采购区域、不同采购／到货／转运／入库数量,EVIDENCE-001/002,条文成立；本次仅确认设计语义，当前实现需另核对,,证据优先级：本轮用户确认→用户提供线上页面→当前原型代码→会议纪要→旧业务方案及示意图。线上截图确认存在采购区域、不同采购／到货／转运／入库数量和时间；不能由截图推断所有关联键已经在后端可用。,仅产品文档语义；不构成源码或页面验收,52b4fcb24c0194b77531b422ec60791a6ee3fdf48cc54fecfc4a023e16c2c9ee
product-design.md,737,20. 依据、变更及追踪,确定证据优先级、材料来源和本轮业务修正｜本行：主要材料：本轮全部补充与批注；《智能纪要：服装生产全链路时效管控会议 2026年9月16日.docx》；《higoods_生产任务全流程时效管理,EVIDENCE-001/002,条文成立；本次仅确认设计语义，当前实现需另核对,,主要材料：本轮全部补充与批注；《智能纪要：服装生产全链路时效管控会议 2026年9月16日.docx》；《higoods_生产任务全流程时效管理与监控_业务方案_V1.0.md》；用户提供全程时效图、线上采购页面及DDS菜单截图；本方案第02节列出的当前代码。,仅产品文档语义；不构成源码或页面验收,52b4fcb24c0194b77531b422ec60791a6ee3fdf48cc54fecfc4a023e16c2c9ee
product-design.md,739,20. 依据、变更及追踪,确定证据优先级、材料来源和本轮业务修正｜本行：本次相对旧理解的实质修正：客户订单关联移到实际发货；取消影响分成客户订单与生产范围两条；采购后调拨到厂显式计时；准备单与需求关联需要补齐；自然日,EVIDENCE-001/002,条文成立；本次仅确认设计语义，当前实现需另核对,,本次相对旧理解的实质修正：客户订单关联移到实际发货；取消影响分成客户订单与生产范围两条；采购后调拨到厂显式计时；准备单与需求关联需要补齐；自然日不继承旧车缝周日例外；动态预测不得自动改考核截止；图中以责任、数量与依赖解释风险。旧方案的订单预绑定、按已知订单倒排部分不再作为实施依据。,仅产品文档语义；不构成源码或页面验收,52b4fcb24c0194b77531b422ec60791a6ee3fdf48cc54fecfc4a023e16c2c9ee
product-design.md,741,20. 依据、变更及追踪,声明需求全部映射及259条已验证｜本行：所有规范性章节在矩阵都有来源映射。本地Mock实现与页面/图片/性能验收已完成，259条适用项已验证，正式业务规则批准1条明确不适用。用户已指示,DELIVERY-003/004；EVIDENCE-002,不接受总数作正确性证明；目录/实例证据语义及遗漏原子项需重审,F03;F13;F14,所有规范性章节在矩阵都有来源映射。本地Mock实现与页面/图片/性能验收已完成，259条适用项已验证，正式业务规则批准1条明确不适用。用户已指示实施，产品接受待用户查看；正式规则、真实数据接入仍需后续确认。具体源码、分支内容哈希与原始证据见implementation-review.md，不用设计演算替代页面验收。,仅产品文档语义；不构成源码或页面验收,52b4fcb24c0194b77531b422ec60791a6ee3fdf48cc54fecfc4a023e16c2c9ee
