需求编号,来源文档与章节,原子需求,实施工作包,实现位置或计划绑定位置,自动化验证,页面设备打印性能验证,当前状态,证据位置,产品确认人,确认版本
BASE-001,v7-integration-design.md §1,生产单详情以已认可V7文件及哈希为唯一图示基准,WP0,v7-integration-design.md §1 基准路径/SHA256; src/pages/production-fulfillment/production-order-diagrams.ts,基准路径及SHA256登记；认可文件SHA256=1c42010ecbefe4f487ebfaa3ffb14f4f63469ee11b636e92666bee2c8c0581e9,文档基准登记，不执行页面动作；性能不适用,已验证,docs/product-design/production-fulfillment-timeliness/v7-integration-design.md; docs/prototype-review-records/production-timing-v7-evidence/baseline-dom-comparison.json; docs/prototype-review-records/production-timing-v7-evidence/baseline-text-differences.json,用户,业务依据：用户认可V7及本会话确认；当前运行DSPY5QtO、532单元、HTML f1c7dc5e8b80；本轮改变的原PDA/看板已重放，未改变图示保留其适用Arc证据；历史JSON保留实际版本；接入版未产品接受、未远端发布
BASE-002,v7-integration-design.md §1;4.1,一线、主管、高管在同一生产单页面读同一事实,WP3,src/pages/production-fulfillment/production-order-diagrams.ts; src/pages/production-fulfillment/index.ts; v7-integration-design.md §1/4,tests/unit/production-timing-scenarios.test.ts 全20场景同一renderTimingDiagramBody；docs/prototype-review-records/production-timing-v7-evidence/final-build.log,1366×768同一图示主体，无角色切换；各场景冷刷/SPA各5,已验证,docs/prototype-review-records/production-timing-v7-evidence/browser-performance.json#samples; docs/prototype-review-records/production-timing-v7-evidence/baseline-dom-comparison.json; docs/prototype-review-records/production-timing-v7-evidence/baseline-text-differences.json; docs/prototype-review-records/production-timing-v7-evidence/graph-loads-final.json; docs/prototype-review-records/production-timing-v7-evidence/graph-spa-final.json; docs/prototype-review-records/production-timing-v7-evidence/baseline-business-consistency.json; docs/prototype-review-records/production-timing-v7-evidence/baseline-business-consistency.md,用户,业务依据：用户认可V7及本会话确认；当前运行DSPY5QtO、532单元、HTML f1c7dc5e8b80；本轮改变的原PDA/看板已重放，未改变图示保留其适用Arc证据；历史JSON保留实际版本；接入版未产品接受、未远端发布
BASE-003,v7-integration-design.md §1;4.1;4.2,除具体单据号外其他能一样尽量一样；保留V7文案、时间、数量、人员、图形结构及交互,WP0;WP1;WP3;WP6,src/pages/production-fulfillment/production-order-diagrams.ts; src/data/production-timing/fixtures.json; src/pages/production-fulfillment/index.ts; src/pages/production-fulfillment/source-document-detail.ts,tests/unit/production-timing-scenarios.test.ts / tests/unit/production-timing-source-detail.test.ts；原19场景字段比对与允许ID替换；日志：docs/prototype-review-records/production-timing-v7-evidence/final-build.log,原19场景离线DOM/业务全文精确归一化无未解释差异；当前原设计同宽resize仍被saved user permission setting拒绝，不能称像素一致；用户报告两地址解除限制/CDP开启后实际重试仍被拒绝：全局开关已真，但当前会话拒绝优先；未找到核实有效的会话重置UI，不修改权限文件、不绕过。,已阻塞,docs/prototype-review-records/production-timing-v7-evidence/baseline-business-consistency.json; docs/prototype-review-records/production-timing-v7-evidence/permission-retry-latest.json; docs/prototype-review-records/production-timing-v7-evidence/permission-after-user-settings.json; docs/prototype-review-records/production-timing-v7-evidence/permission-conversation-diagnosis.json; docs/prototype-review-records/production-timing-v7-evidence/permission-after-user-settings.json; docs/prototype-review-records/production-timing-v7-evidence/permission-conversation-diagnosis.json,用户,业务依据：用户认可V7及本会话确认；当前运行DSPY5QtO、532单元、HTML f1c7dc5e8b80；本轮改变的原PDA/看板已重放，未改变图示保留其适用Arc证据；历史JSON保留实际版本；接入版未产品接受、未远端发布
SCOPE-001,v7-integration-design.md §1;5.1,监控自商品采购下单至全量入成衣仓，不计发货和消费者取消,WP2;WP4,src/data/production-timing/source.ts getTimingFacts; src/pages/production-fulfillment/order-pages.ts orderRows/inboundHtml,tests/unit/production-timing-scenarios.test.ts MASTER/END仓库终点和原采购分母；docs/prototype-review-records/production-timing-v7-evidence/final-build.log,20场景仓库终点与原分母；冷刷/SPA各5,已验证,docs/prototype-review-records/production-timing-v7-evidence/browser-performance.json#samples; docs/prototype-review-records/production-timing-v7-evidence/native-wls-browser.json#stableBuild; docs/prototype-review-records/production-timing-v7-evidence/final-build.log; docs/prototype-review-records/production-timing-v7-evidence/graph-loads-final.json; docs/prototype-review-records/production-timing-v7-evidence/graph-spa-final.json,用户,业务依据：用户认可V7及本会话确认；当前运行DSPY5QtO、532单元、HTML f1c7dc5e8b80；本轮改变的原PDA/看板已重放，未改变图示保留其适用Arc证据；历史JSON保留实际版本；接入版未产品接受、未远端发布
SCOPE-002,v7-integration-design.md §1;3,保留FCS过渡需求来源，DDS不继续以需求为监控主对象,WP1;WP4,src/data/production-timing/source.ts getTimingFacts; src/pages/production-fulfillment/order-pages.ts orderRows/inboundHtml,来源与对象关系检查,FCS过渡需求源保留；DDS主体为生产单，采购待关联单独分区；旧地址5次显示已移除,已验证,docs/prototype-review-records/production-timing-v7-evidence/module-diagram-tab-legacy-final.json; docs/prototype-review-records/production-timing-v7-evidence/final-source-review.json,用户,业务依据：用户认可V7及本会话确认；当前运行DSPY5QtO、532单元、HTML f1c7dc5e8b80；本轮改变的原PDA/看板已重放，未改变图示保留其适用Arc证据；历史JSON保留实际版本；接入版未产品接受、未远端发布
SOURCE-001,v7-integration-design.md §5.1;7,一张生产单聚合关联商品采购，商品采购不拆到多张生产单,WP1;WP2,src/data/production-timing/source.ts findTimingCase/getTimingBranch/getTimingFacts/findTimingDocument; src/data/production-timing/fixtures.json; src/pages/production-fulfillment/source-document-detail.ts resolveTimingSourceDetail,tests/unit/production-timing-scenarios.test.ts；tests/unit/production-timing-source-detail.test.ts；SOURCE / UI记录归属/无读取变更；SOURCE无未来事实；docs/prototype-review-records/production-timing-v7-evidence/final-build.log（本次专项在520通过日志内）,1366×768；20场景冷加载/刷新/SPA各5次，最终≤145.6/89.2/37.3ms；原native家族代表字段及冷刷各5，按证据指定场景；不含打印和后续新改PDA,已验证,docs/prototype-review-records/production-timing-v7-evidence/browser-performance.json#samples; docs/prototype-review-records/production-timing-v7-evidence/native-pcs-pms-browser.json#pages/direct.fieldCheck/cold/refresh/relation; docs/prototype-review-records/production-timing-v7-evidence/native-wls-browser.json#stableBuild; docs/prototype-review-records/production-timing-v7-evidence/native-fcs-browser.json#finalSummary/finalBuildRuns/contractChecks; docs/prototype-review-records/production-timing-v7-evidence/final-build.log; docs/prototype-review-records/production-timing-v7-evidence/graph-loads-final.json; docs/prototype-review-records/production-timing-v7-evidence/graph-spa-final.json,用户,业务依据：用户认可V7及本会话确认；当前运行DSPY5QtO、532单元、HTML f1c7dc5e8b80；本轮改变的原PDA/看板已重放，未改变图示保留其适用Arc证据；历史JSON保留实际版本；接入版未产品接受、未远端发布
SOURCE-002,v7-integration-design.md §5.1,取最早采购精确时刻加28自然日，合单排序建单不重置,WP2,src/data/production-timing/source.ts findTimingCase/getTimingBranch/getTimingFacts/findTimingDocument; src/data/production-timing/fixtures.json; src/pages/production-fulfillment/source-document-detail.ts resolveTimingSourceDetail,tests/unit/production-timing-scenarios.test.ts；tests/unit/production-timing-source-detail.test.ts；SOURCE / UI记录归属/无读取变更；SOURCE无未来事实；docs/prototype-review-records/production-timing-v7-evidence/final-build.log（本次专项在520通过日志内）,1366×768；20场景冷加载/刷新/SPA各5次，最终≤145.6/89.2/37.3ms；原native家族代表字段及冷刷各5，按证据指定场景；不含打印和后续新改PDA,已验证,docs/prototype-review-records/production-timing-v7-evidence/browser-performance.json#samples; docs/prototype-review-records/production-timing-v7-evidence/native-pcs-pms-browser.json#pages/direct.fieldCheck/cold/refresh/relation; docs/prototype-review-records/production-timing-v7-evidence/native-wls-browser.json#stableBuild; docs/prototype-review-records/production-timing-v7-evidence/native-fcs-browser.json#finalSummary/finalBuildRuns/contractChecks; docs/prototype-review-records/production-timing-v7-evidence/final-build.log; docs/prototype-review-records/production-timing-v7-evidence/graph-loads-final.json; docs/prototype-review-records/production-timing-v7-evidence/graph-spa-final.json,用户,业务依据：用户认可V7及本会话确认；当前运行DSPY5QtO、532单元、HTML f1c7dc5e8b80；本轮改变的原PDA/看板已重放，未改变图示保留其适用Arc证据；历史JSON保留实际版本；接入版未产品接受、未远端发布
SOURCE-003,v7-integration-design.md §5.1,应完成量取采购原始明细，不以消费者取消调减,WP2,src/data/production-timing/source.ts findTimingCase/getTimingBranch/getTimingFacts/findTimingDocument; src/data/production-timing/fixtures.json; src/pages/production-fulfillment/source-document-detail.ts resolveTimingSourceDetail,tests/unit/production-timing-scenarios.test.ts；tests/unit/production-timing-source-detail.test.ts；SOURCE / UI记录归属/无读取变更；SOURCE无未来事实；docs/prototype-review-records/production-timing-v7-evidence/final-build.log（本次专项在520通过日志内）,1366×768；20场景冷加载/刷新/SPA各5次，最终≤145.6/89.2/37.3ms；原native家族代表字段及冷刷各5，按证据指定场景；不含打印和后续新改PDA,已验证,docs/prototype-review-records/production-timing-v7-evidence/browser-performance.json#samples; docs/prototype-review-records/production-timing-v7-evidence/native-pcs-pms-browser.json#pages/direct.fieldCheck/cold/refresh/relation; docs/prototype-review-records/production-timing-v7-evidence/native-wls-browser.json#stableBuild; docs/prototype-review-records/production-timing-v7-evidence/native-fcs-browser.json#finalSummary/finalBuildRuns/contractChecks; docs/prototype-review-records/production-timing-v7-evidence/final-build.log; docs/prototype-review-records/production-timing-v7-evidence/graph-loads-final.json; docs/prototype-review-records/production-timing-v7-evidence/graph-spa-final.json,用户,业务依据：用户认可V7及本会话确认；当前运行DSPY5QtO、532单元、HTML f1c7dc5e8b80；本轮改变的原PDA/看板已重放，未改变图示保留其适用Arc证据；历史JSON保留实际版本；接入版未产品接受、未远端发布
SOURCE-004,v7-integration-design.md §7,图示和原模块登记详情读同一记录；仅native登记ID解析，不宣称各原模块全列表已加入,WP1;WP2,src/data/production-timing/source.ts findTimingCase/getTimingBranch/getTimingFacts/findTimingDocument; src/data/production-timing/fixtures.json; src/pages/production-fulfillment/source-document-detail.ts resolveTimingSourceDetail,tests/unit/production-timing-scenarios.test.ts；tests/unit/production-timing-source-detail.test.ts；SOURCE / UI记录归属/无读取变更；SOURCE无未来事实；docs/prototype-review-records/production-timing-v7-evidence/final-build.log（本次专项在520通过日志内）,5个已知应加工/完成代表原详情各5次最终VIsb修复后刷新；剩余0或600现场单位，未启用/变更结束PCS原详情另冷刷各5；每份证据独立绑定实际资产,已验证,docs/prototype-review-records/production-timing-v7-evidence/native-fcs-browser.json#affectedFinalRefreshes; docs/prototype-review-records/production-timing-v7-evidence/native-pcs-pms-browser.json; docs/prototype-review-records/production-timing-v7-evidence/native-wls-browser.json; docs/prototype-review-records/production-timing-v7-evidence/preparation-inactive-native-final.json; docs/prototype-review-records/production-timing-v7-evidence/final-build.log,用户,业务依据：用户认可V7及本会话确认；当前运行DSPY5QtO、532单元、HTML f1c7dc5e8b80；本轮改变的原PDA/看板已重放，未改变图示保留其适用Arc证据；历史JSON保留实际版本；接入版未产品接受、未远端发布
SOURCE-005,v7-integration-design.md §6;7,场景业务记录ID整体唯一，档案及明确复用成果可共享,WP1,src/data/production-timing/source.ts findTimingCase/getTimingBranch/getTimingFacts/findTimingDocument; src/data/production-timing/fixtures.json; src/pages/production-fulfillment/source-document-detail.ts resolveTimingSourceDetail,当前fixtures实际20场景/19生产单+1待关联/1761单据；全ID/native路径唯一、关联存在专项；docs/prototype-review-records/production-timing-v7-evidence/final-build.log,1366×768；20场景冷加载/刷新/SPA各5次，最终≤145.6/89.2/37.3ms；原native家族代表字段及冷刷各5，按证据指定场景；不含打印和后续新改PDA,已验证,src/data/production-timing/fixtures.json; docs/prototype-review-records/production-timing-v7-evidence/native-pcs-pms-browser.json#pages/direct.fieldCheck/cold/refresh/relation; docs/prototype-review-records/production-timing-v7-evidence/native-wls-browser.json#stableBuild; docs/prototype-review-records/production-timing-v7-evidence/native-fcs-browser.json#finalSummary/finalBuildRuns/contractChecks; docs/prototype-review-records/production-timing-v7-evidence/final-build.log,用户,业务依据：用户认可V7及本会话确认；当前运行DSPY5QtO、532单元、HTML f1c7dc5e8b80；本轮改变的原PDA/看板已重放，未改变图示保留其适用Arc证据；历史JSON保留实际版本；接入版未产品接受、未远端发布
SOURCE-006,v7-integration-design.md §6,固定Mock时点为2026-10-07 09:00，区分实际读取时点,WP1;WP2;WP4,src/data/production-timing/source.ts findTimingCase/getTimingBranch/getTimingFacts/findTimingDocument; src/data/production-timing/fixtures.json; src/pages/production-fulfillment/source-document-detail.ts resolveTimingSourceDetail,tests/unit/production-timing-scenarios.test.ts；tests/unit/production-timing-source-detail.test.ts；SOURCE / UI记录归属/无读取变更；SOURCE无未来事实；docs/prototype-review-records/production-timing-v7-evidence/final-build.log（本次专项在520通过日志内）,1366×768；20场景冷加载/刷新/SPA各5次，最终≤145.6/89.2/37.3ms；原native家族代表字段及冷刷各5，按证据指定场景；不含打印和后续新改PDA,已验证,docs/prototype-review-records/production-timing-v7-evidence/browser-performance.json#samples; docs/prototype-review-records/production-timing-v7-evidence/native-pcs-pms-browser.json#pages/direct.fieldCheck/cold/refresh/relation; docs/prototype-review-records/production-timing-v7-evidence/native-wls-browser.json#stableBuild; docs/prototype-review-records/production-timing-v7-evidence/native-fcs-browser.json#finalSummary/finalBuildRuns/contractChecks; docs/prototype-review-records/production-timing-v7-evidence/final-build.log; docs/prototype-review-records/production-timing-v7-evidence/graph-loads-final.json; docs/prototype-review-records/production-timing-v7-evidence/graph-spa-final.json,用户,业务依据：用户认可V7及本会话确认；当前运行DSPY5QtO、532单元、HTML f1c7dc5e8b80；本轮改变的原PDA/看板已重放，未改变图示保留其适用Arc证据；历史JSON保留实际版本；接入版未产品接受、未远端发布
SOURCE-007,v7-integration-design.md §7,计划时间不冒充实际动作，不造未来实收或质检结果,WP1;WP2,src/data/production-timing/source.ts findTimingCase/getTimingBranch/getTimingFacts/findTimingDocument; src/data/production-timing/fixtures.json; src/pages/production-fulfillment/source-document-detail.ts resolveTimingSourceDetail,tests/unit/production-timing-scenarios.test.ts；tests/unit/production-timing-source-detail.test.ts；SOURCE / UI记录归属/无读取变更；SOURCE无未来事实；docs/prototype-review-records/production-timing-v7-evidence/final-build.log（本次专项在520通过日志内）,1366×768；20场景冷加载/刷新/SPA各5次，最终≤145.6/89.2/37.3ms；原native家族代表字段及冷刷各5，按证据指定场景；不含打印和后续新改PDA,已验证,docs/prototype-review-records/production-timing-v7-evidence/browser-performance.json#samples; docs/prototype-review-records/production-timing-v7-evidence/native-pcs-pms-browser.json#pages/direct.fieldCheck/cold/refresh/relation; docs/prototype-review-records/production-timing-v7-evidence/native-wls-browser.json#stableBuild; docs/prototype-review-records/production-timing-v7-evidence/native-fcs-browser.json#finalSummary/finalBuildRuns/contractChecks; docs/prototype-review-records/production-timing-v7-evidence/final-build.log; docs/prototype-review-records/production-timing-v7-evidence/graph-loads-final.json; docs/prototype-review-records/production-timing-v7-evidence/graph-spa-final.json,用户,业务依据：用户认可V7及本会话确认；当前运行DSPY5QtO、532单元、HTML f1c7dc5e8b80；本轮改变的原PDA/看板已重放，未改变图示保留其适用Arc证据；历史JSON保留实际版本；接入版未产品接受、未远端发布
END-001,v7-integration-design.md §5.1,入库达到原应完成量判全部入库，上游冲突另列核实,WP2,src/data/production-timing/source.ts getTimingFacts; src/pages/production-fulfillment/order-pages.ts orderRows/inboundHtml; src/pages/production-fulfillment/production-order-diagrams.ts summary/quantityGraph,tests/unit/production-timing-scenarios.test.ts；tests/unit/production-timing-source-detail.test.ts；MASTER-002截止边界；SCENE-03—05数量完成与末次时间；docs/prototype-review-records/production-timing-v7-evidence/final-build.log（本次专项在520通过日志内）,1366×768；20场景冷加载/刷新/SPA各5次，最终≤145.6/89.2/37.3ms；原native家族代表字段及冷刷各5，按证据指定场景；不含打印和后续新改PDA,已验证,docs/prototype-review-records/production-timing-v7-evidence/browser-performance.json#samples; docs/prototype-review-records/production-timing-v7-evidence/native-wls-browser.json#stableBuild; docs/prototype-review-records/production-timing-v7-evidence/final-build.log; docs/prototype-review-records/production-timing-v7-evidence/graph-loads-final.json; docs/prototype-review-records/production-timing-v7-evidence/graph-spa-final.json,用户,业务依据：用户认可V7及本会话确认；当前运行DSPY5QtO、532单元、HTML f1c7dc5e8b80；本轮改变的原PDA/看板已重放，未改变图示保留其适用Arc证据；历史JSON保留实际版本；接入版未产品接受、未远端发布
END-002,v7-integration-design.md §5.1,数量全量但最后时间未知，完成明确、按期结果待核实,WP2,src/data/production-timing/source.ts getTimingFacts; src/pages/production-fulfillment/order-pages.ts orderRows/inboundHtml; src/pages/production-fulfillment/production-order-diagrams.ts summary/quantityGraph,tests/unit/production-timing-scenarios.test.ts；tests/unit/production-timing-source-detail.test.ts；MASTER-002截止边界；SCENE-03—05数量完成与末次时间；docs/prototype-review-records/production-timing-v7-evidence/final-build.log（本次专项在520通过日志内）,1366×768；20场景冷加载/刷新/SPA各5次，最终≤145.6/89.2/37.3ms；原native家族代表字段及冷刷各5，按证据指定场景；不含打印和后续新改PDA,已验证,docs/prototype-review-records/production-timing-v7-evidence/browser-performance.json#samples; docs/prototype-review-records/production-timing-v7-evidence/native-wls-browser.json#stableBuild; docs/prototype-review-records/production-timing-v7-evidence/final-build.log; docs/prototype-review-records/production-timing-v7-evidence/graph-loads-final.json; docs/prototype-review-records/production-timing-v7-evidence/graph-spa-final.json,用户,业务依据：用户认可V7及本会话确认；当前运行DSPY5QtO、532单元、HTML f1c7dc5e8b80；本轮改变的原PDA/看板已重放，未改变图示保留其适用Arc证据；历史JSON保留实际版本；接入版未产品接受、未远端发布
END-003,v7-integration-design.md §5.1,按期及历史逾期用最终全量入库时间，截止恰好/晚1分分开,WP2,src/data/production-timing/source.ts getTimingFacts; src/pages/production-fulfillment/order-pages.ts orderRows/inboundHtml; src/pages/production-fulfillment/production-order-diagrams.ts summary/quantityGraph,tests/unit/production-timing-scenarios.test.ts；tests/unit/production-timing-source-detail.test.ts；MASTER-002截止边界；SCENE-03—05数量完成与末次时间；docs/prototype-review-records/production-timing-v7-evidence/final-build.log（本次专项在520通过日志内）,1366×768；20场景冷加载/刷新/SPA各5次，最终≤145.6/89.2/37.3ms；原native家族代表字段及冷刷各5，按证据指定场景；不含打印和后续新改PDA,已验证,docs/prototype-review-records/production-timing-v7-evidence/browser-performance.json#samples; docs/prototype-review-records/production-timing-v7-evidence/native-wls-browser.json#stableBuild; docs/prototype-review-records/production-timing-v7-evidence/final-build.log; docs/prototype-review-records/production-timing-v7-evidence/graph-loads-final.json; docs/prototype-review-records/production-timing-v7-evidence/graph-spa-final.json,用户,业务依据：用户认可V7及本会话确认；当前运行DSPY5QtO、532单元、HTML f1c7dc5e8b80；本轮改变的原PDA/看板已重放，未改变图示保留其适用Arc证据；历史JSON保留实际版本；接入版未产品接受、未远端发布
END-004,v7-integration-design.md §5.1;5.5,整单、局部当前超时、历史延误和资料完整性不混成一状态,WP2;WP4,src/data/production-timing/source.ts getTimingFacts; src/pages/production-fulfillment/order-pages.ts orderRows/inboundHtml; src/pages/production-fulfillment/production-order-diagrams.ts summary/quantityGraph,tests/unit/production-timing-scenarios.test.ts；tests/unit/production-timing-source-detail.test.ts；MASTER-002截止边界；SCENE-03—05数量完成与末次时间；docs/prototype-review-records/production-timing-v7-evidence/final-build.log（本次专项在520通过日志内）,1366×768；20场景冷加载/刷新/SPA各5次，最终≤145.6/89.2/37.3ms；原native家族代表字段及冷刷各5，按证据指定场景；不含打印和后续新改PDA,已验证,docs/prototype-review-records/production-timing-v7-evidence/browser-performance.json#samples; docs/prototype-review-records/production-timing-v7-evidence/native-wls-browser.json#stableBuild; docs/prototype-review-records/production-timing-v7-evidence/final-build.log; docs/prototype-review-records/production-timing-v7-evidence/graph-loads-final.json; docs/prototype-review-records/production-timing-v7-evidence/graph-spa-final.json,用户,业务依据：用户认可V7及本会话确认；当前运行DSPY5QtO、532单元、HTML f1c7dc5e8b80；本轮改变的原PDA/看板已重放，未改变图示保留其适用Arc证据；历史JSON保留实际版本；接入版未产品接受、未远端发布
END-005,v7-integration-design.md §5.1,无可靠预计结束依据不自动判整单必然逾期,WP2,src/data/production-timing/source.ts getTimingFacts; src/pages/production-fulfillment/order-pages.ts orderRows/inboundHtml; src/pages/production-fulfillment/production-order-diagrams.ts summary/quantityGraph,tests/unit/production-timing-scenarios.test.ts；tests/unit/production-timing-source-detail.test.ts；MASTER-002截止边界；SCENE-03—05数量完成与末次时间；docs/prototype-review-records/production-timing-v7-evidence/final-build.log（本次专项在520通过日志内）,1366×768；20场景冷加载/刷新/SPA各5次，最终≤145.6/89.2/37.3ms；原native家族代表字段及冷刷各5，按证据指定场景；不含打印和后续新改PDA,已验证,docs/prototype-review-records/production-timing-v7-evidence/browser-performance.json#samples; docs/prototype-review-records/production-timing-v7-evidence/native-wls-browser.json#stableBuild; docs/prototype-review-records/production-timing-v7-evidence/final-build.log; docs/prototype-review-records/production-timing-v7-evidence/graph-loads-final.json; docs/prototype-review-records/production-timing-v7-evidence/graph-spa-final.json,用户,业务依据：用户认可V7及本会话确认；当前运行DSPY5QtO、532单元、HTML f1c7dc5e8b80；本轮改变的原PDA/看板已重放，未改变图示保留其适用Arc证据；历史JSON保留实际版本；接入版未产品接受、未远端发布
QTY-001,v7-integration-design.md §5.2,成衣各数量位置互斥去重并守恒,WP2;WP3,src/data/production-timing/source.ts getTimingFacts/timingReceiptTotal; src/pages/production-fulfillment/production-order-diagrams.ts quantityGraph/materialReceipt/nodeInfo; src/pages/production-fulfillment/order-pages.ts teamTaskRows,tests/unit/production-timing-scenarios.test.ts；tests/unit/production-timing-source-detail.test.ts；SCENE-06/16/18位置守恒；SCENE-14/15物料；SCENE-19同厂独立任务；docs/prototype-review-records/production-timing-v7-evidence/final-build.log（本次专项在520通过日志内）,1366×768；20场景冷加载/刷新/SPA各5次，最终≤145.6/89.2/37.3ms；原native家族代表字段及冷刷各5，按证据指定场景；不含打印和后续新改PDA,已验证,docs/prototype-review-records/production-timing-v7-evidence/browser-performance.json#samples; docs/prototype-review-records/production-timing-v7-evidence/native-fcs-browser.json#finalSummary/finalBuildRuns/contractChecks; docs/prototype-review-records/production-timing-v7-evidence/final-build.log; docs/prototype-review-records/production-timing-v7-evidence/graph-loads-final.json; docs/prototype-review-records/production-timing-v7-evidence/graph-spa-final.json,用户,业务依据：用户认可V7及本会话确认；当前运行DSPY5QtO、532单元、HTML f1c7dc5e8b80；本轮改变的原PDA/看板已重放，未改变图示保留其适用Arc证据；历史JSON保留实际版本；接入版未产品接受、未远端发布
QTY-002,v7-integration-design.md §5.2,位置待核实残余数量不丢失且区别任务归属待核实,WP2,src/data/production-timing/source.ts getTimingFacts/timingReceiptTotal; src/pages/production-fulfillment/production-order-diagrams.ts quantityGraph/materialReceipt/nodeInfo; src/pages/production-fulfillment/order-pages.ts teamTaskRows,tests/unit/production-timing-scenarios.test.ts；tests/unit/production-timing-source-detail.test.ts；SCENE-06/16/18位置守恒；SCENE-14/15物料；SCENE-19同厂独立任务；docs/prototype-review-records/production-timing-v7-evidence/final-build.log（本次专项在520通过日志内）,1366×768；20场景冷加载/刷新/SPA各5次，最终≤145.6/89.2/37.3ms；原native家族代表字段及冷刷各5，按证据指定场景；不含打印和后续新改PDA,已验证,docs/prototype-review-records/production-timing-v7-evidence/browser-performance.json#samples; docs/prototype-review-records/production-timing-v7-evidence/native-fcs-browser.json#finalSummary/finalBuildRuns/contractChecks; docs/prototype-review-records/production-timing-v7-evidence/final-build.log; docs/prototype-review-records/production-timing-v7-evidence/graph-loads-final.json; docs/prototype-review-records/production-timing-v7-evidence/graph-spa-final.json,用户,业务依据：用户认可V7及本会话确认；当前运行DSPY5QtO、532单元、HTML f1c7dc5e8b80；本轮改变的原PDA/看板已重放，未改变图示保留其适用Arc证据；历史JSON保留实际版本；接入版未产品接受、未远端发布
QTY-003,v7-integration-design.md §5.2,物料需求等于本单库存采用加补采，采购不代表可用,WP1;WP2,src/data/production-timing/source.ts getTimingFacts/timingReceiptTotal; src/pages/production-fulfillment/production-order-diagrams.ts quantityGraph/materialReceipt/nodeInfo; src/pages/production-fulfillment/order-pages.ts teamTaskRows,tests/unit/production-timing-scenarios.test.ts；tests/unit/production-timing-source-detail.test.ts；SCENE-06/16/18位置守恒；SCENE-14/15物料；SCENE-19同厂独立任务；docs/prototype-review-records/production-timing-v7-evidence/final-build.log（本次专项在520通过日志内）,1366×768；20场景冷加载/刷新/SPA各5次，最终≤145.6/89.2/37.3ms；原native家族代表字段及冷刷各5，按证据指定场景；不含打印和后续新改PDA,已验证,docs/prototype-review-records/production-timing-v7-evidence/browser-performance.json#samples; docs/prototype-review-records/production-timing-v7-evidence/native-fcs-browser.json#finalSummary/finalBuildRuns/contractChecks; docs/prototype-review-records/production-timing-v7-evidence/final-build.log; docs/prototype-review-records/production-timing-v7-evidence/graph-loads-final.json; docs/prototype-review-records/production-timing-v7-evidence/graph-spa-final.json,用户,业务依据：用户认可V7及本会话确认；当前运行DSPY5QtO、532单元、HTML f1c7dc5e8b80；本轮改变的原PDA/看板已重放，未改变图示保留其适用Arc证据；历史JSON保留实际版本；接入版未产品接受、未远端发布
QTY-004,v7-integration-design.md §5.2,不同现场单位不相加，袖片数不直接转成成衣件数,WP2;WP3,src/data/production-timing/source.ts getTimingFacts/timingReceiptTotal; src/pages/production-fulfillment/production-order-diagrams.ts quantityGraph/materialReceipt/nodeInfo; src/pages/production-fulfillment/order-pages.ts teamTaskRows,tests/unit/production-timing-scenarios.test.ts；tests/unit/production-timing-source-detail.test.ts；SCENE-06/16/18位置守恒；SCENE-14/15物料；SCENE-19同厂独立任务；docs/prototype-review-records/production-timing-v7-evidence/final-build.log（本次专项在520通过日志内）,1366×768；20场景冷加载/刷新/SPA各5次，最终≤145.6/89.2/37.3ms；原native家族代表字段及冷刷各5，按证据指定场景；不含打印和后续新改PDA,已验证,docs/prototype-review-records/production-timing-v7-evidence/browser-performance.json#samples; docs/prototype-review-records/production-timing-v7-evidence/native-fcs-browser.json#finalSummary/finalBuildRuns/contractChecks; docs/prototype-review-records/production-timing-v7-evidence/final-build.log; docs/prototype-review-records/production-timing-v7-evidence/graph-loads-final.json; docs/prototype-review-records/production-timing-v7-evidence/graph-spa-final.json,用户,业务依据：用户认可V7及本会话确认；当前运行DSPY5QtO、532单元、HTML f1c7dc5e8b80；本轮改变的原PDA/看板已重放，未改变图示保留其适用Arc证据；历史JSON保留实际版本；接入版未产品接受、未远端发布
QTY-005,v7-integration-design.md §5.2;5.4,回货分母为本任务工厂实领，分子为本任务后道实收,WP1;WP2,src/data/production-timing/source.ts getTimingFacts/timingReceiptTotal; src/pages/production-fulfillment/production-order-diagrams.ts quantityGraph/materialReceipt/nodeInfo; src/pages/production-fulfillment/order-pages.ts teamTaskRows,tests/unit/production-timing-scenarios.test.ts；tests/unit/production-timing-source-detail.test.ts；SCENE-06/16/18位置守恒；SCENE-14/15物料；SCENE-19同厂独立任务；docs/prototype-review-records/production-timing-v7-evidence/final-build.log（本次专项在520通过日志内）,1366×768；20场景冷加载/刷新/SPA各5次，最终≤145.6/89.2/37.3ms；原native家族代表字段及冷刷各5，按证据指定场景；不含打印和后续新改PDA,已验证,docs/prototype-review-records/production-timing-v7-evidence/browser-performance.json#samples; docs/prototype-review-records/production-timing-v7-evidence/native-fcs-browser.json#finalSummary/finalBuildRuns/contractChecks; docs/prototype-review-records/production-timing-v7-evidence/final-build.log; docs/prototype-review-records/production-timing-v7-evidence/graph-loads-final.json; docs/prototype-review-records/production-timing-v7-evidence/graph-spa-final.json,用户,业务依据：用户认可V7及本会话确认；当前运行DSPY5QtO、532单元、HTML f1c7dc5e8b80；本轮改变的原PDA/看板已重放，未改变图示保留其适用Arc证据；历史JSON保留实际版本；接入版未产品接受、未远端发布
QTY-006,v7-integration-design.md §5.2,同厂多任务各自判断，工厂总比例不能冲抵某任务欠量,WP2;WP4,src/data/production-timing/source.ts getTimingFacts/timingReceiptTotal; src/pages/production-fulfillment/production-order-diagrams.ts quantityGraph/materialReceipt/nodeInfo; src/pages/production-fulfillment/order-pages.ts teamTaskRows,tests/unit/production-timing-scenarios.test.ts；tests/unit/production-timing-source-detail.test.ts；SCENE-06/16/18位置守恒；SCENE-14/15物料；SCENE-19同厂独立任务；docs/prototype-review-records/production-timing-v7-evidence/final-build.log（本次专项在520通过日志内）,1366×768；20场景冷加载/刷新/SPA各5次，最终≤145.6/89.2/37.3ms；原native家族代表字段及冷刷各5，按证据指定场景；不含打印和后续新改PDA,已验证,docs/prototype-review-records/production-timing-v7-evidence/browser-performance.json#samples; docs/prototype-review-records/production-timing-v7-evidence/native-fcs-browser.json#finalSummary/finalBuildRuns/contractChecks; docs/prototype-review-records/production-timing-v7-evidence/final-build.log; docs/prototype-review-records/production-timing-v7-evidence/graph-loads-final.json; docs/prototype-review-records/production-timing-v7-evidence/graph-spa-final.json,用户,业务依据：用户认可V7及本会话确认；当前运行DSPY5QtO、532单元、HTML f1c7dc5e8b80；本轮改变的原PDA/看板已重放，未改变图示保留其适用Arc证据；历史JSON保留实际版本；接入版未产品接受、未远端发布
PREP-001,v7-integration-design.md §5.3,准备整体自最早采购起算，无定位印4天有定位印5天,WP2,src/data/production-timing/fixtures.json branch.prep/paper/pack; src/pages/production-fulfillment/production-order-diagrams.ts prepDiagram/phaseTiming/twoClocks; src/pages/production-fulfillment/source-document-detail.ts preparationDetails,tests/unit/production-timing-scenarios.test.ts；tests/unit/production-timing-source-detail.test.ts；SCENE-09/10并行4/5天与制作/交接；原准备详情BOM；docs/prototype-review-records/production-timing-v7-evidence/final-build.log（本次专项在520通过日志内）,1366×768；20场景冷加载/刷新/SPA各5次，最终≤145.6/89.2/37.3ms；原native家族代表字段及冷刷各5，按证据指定场景；不含打印和后续新改PDA,已验证,docs/prototype-review-records/production-timing-v7-evidence/browser-performance.json#samples; docs/prototype-review-records/production-timing-v7-evidence/native-pcs-pms-browser.json#pages/direct.fieldCheck/cold/refresh/relation; docs/prototype-review-records/production-timing-v7-evidence/final-build.log; docs/prototype-review-records/production-timing-v7-evidence/graph-loads-final.json; docs/prototype-review-records/production-timing-v7-evidence/graph-spa-final.json,用户,业务依据：用户认可V7及本会话确认；当前运行DSPY5QtO、532单元、HTML f1c7dc5e8b80；本轮改变的原PDA/看板已重放，未改变图示保留其适用Arc证据；历史JSON保留实际版本；接入版未产品接受、未远端发布
PREP-002,v7-integration-design.md §5.3;4.1,PCS多物料调色、多花型、样衣纸样等按明确适用关系展开,WP1;WP3,src/data/production-timing/fixtures.json branch.prep/paper/pack; src/pages/production-fulfillment/production-order-diagrams.ts prepDiagram/phaseTiming/twoClocks; src/pages/production-fulfillment/source-document-detail.ts preparationDetails,tests/unit/production-timing-scenarios.test.ts；tests/unit/production-timing-source-detail.test.ts；SCENE-09/10并行4/5天与制作/交接；原准备详情BOM；docs/prototype-review-records/production-timing-v7-evidence/final-build.log（本次专项在520通过日志内）,1366×768；20场景冷加载/刷新/SPA各5次，最终≤145.6/89.2/37.3ms；原native家族代表字段及冷刷各5，按证据指定场景；不含打印和后续新改PDA,已验证,docs/prototype-review-records/production-timing-v7-evidence/browser-performance.json#samples; docs/prototype-review-records/production-timing-v7-evidence/native-pcs-pms-browser.json#pages/direct.fieldCheck/cold/refresh/relation; docs/prototype-review-records/production-timing-v7-evidence/final-build.log; docs/prototype-review-records/production-timing-v7-evidence/graph-loads-final.json; docs/prototype-review-records/production-timing-v7-evidence/graph-spa-final.json,用户,业务依据：用户认可V7及本会话确认；当前运行DSPY5QtO、532单元、HTML f1c7dc5e8b80；本轮改变的原PDA/看板已重放，未改变图示保留其适用Arc证据；历史JSON保留实际版本；接入版未产品接受、未远端发布
PREP-003,v7-integration-design.md §5.3,前期成果复用保留来源与版本，不造本次制作耗时,WP1;WP2,src/data/production-timing/fixtures.json branch.prep/paper/pack; src/pages/production-fulfillment/production-order-diagrams.ts prepDiagram/phaseTiming/twoClocks; src/pages/production-fulfillment/source-document-detail.ts preparationDetails,tests/unit/production-timing-scenarios.test.ts；tests/unit/production-timing-source-detail.test.ts；SCENE-09/10并行4/5天与制作/交接；原准备详情BOM；docs/prototype-review-records/production-timing-v7-evidence/final-build.log（本次专项在520通过日志内）,1366×768；20场景冷加载/刷新/SPA各5次，最终≤145.6/89.2/37.3ms；原native家族代表字段及冷刷各5，按证据指定场景；不含打印和后续新改PDA,已验证,docs/prototype-review-records/production-timing-v7-evidence/browser-performance.json#samples; docs/prototype-review-records/production-timing-v7-evidence/native-pcs-pms-browser.json#pages/direct.fieldCheck/cold/refresh/relation; docs/prototype-review-records/production-timing-v7-evidence/final-build.log; docs/prototype-review-records/production-timing-v7-evidence/graph-loads-final.json; docs/prototype-review-records/production-timing-v7-evidence/graph-spa-final.json,用户,业务依据：用户认可V7及本会话确认；当前运行DSPY5QtO、532单元、HTML f1c7dc5e8b80；本轮改变的原PDA/看板已重放，未改变图示保留其适用Arc证据；历史JSON保留实际版本；接入版未产品接受、未远端发布
PREP-004,v7-integration-design.md §5.3,支线并行不累加阶段预算，成果汇合读取明确技术包版本,WP2;WP3,src/data/production-timing/fixtures.json branch.prep/paper/pack; src/pages/production-fulfillment/production-order-diagrams.ts prepDiagram/phaseTiming/twoClocks; src/pages/production-fulfillment/source-document-detail.ts preparationDetails,tests/unit/production-timing-scenarios.test.ts；tests/unit/production-timing-source-detail.test.ts；SCENE-09/10并行4/5天与制作/交接；原准备详情BOM；docs/prototype-review-records/production-timing-v7-evidence/final-build.log（本次专项在520通过日志内）,1366×768；20场景冷加载/刷新/SPA各5次，最终≤145.6/89.2/37.3ms；原native家族代表字段及冷刷各5，按证据指定场景；不含打印和后续新改PDA,已验证,docs/prototype-review-records/production-timing-v7-evidence/browser-performance.json#samples; docs/prototype-review-records/production-timing-v7-evidence/native-pcs-pms-browser.json#pages/direct.fieldCheck/cold/refresh/relation; docs/prototype-review-records/production-timing-v7-evidence/final-build.log; docs/prototype-review-records/production-timing-v7-evidence/graph-loads-final.json; docs/prototype-review-records/production-timing-v7-evidence/graph-spa-final.json,用户,业务依据：用户认可V7及本会话确认；当前运行DSPY5QtO、532单元、HTML f1c7dc5e8b80；本轮改变的原PDA/看板已重放，未改变图示保留其适用Arc证据；历史JSON保留实际版本；接入版未产品接受、未远端发布
PREP-005,v7-integration-design.md §5.3,不适用未启用或因变更结束项不形成当前欠项,WP2,src/data/production-timing/fixtures.json branch.prep/paper/pack; src/pages/production-fulfillment/production-order-diagrams.ts prepDiagram/phaseTiming/twoClocks; src/pages/production-fulfillment/source-document-detail.ts preparationDetails; src/data/production-timing/fixtures.json handoverPartial/inactivePreparation; production-order-diagrams.ts prepDiagram; source-document-detail.ts preparationDetails; order-pages.ts workRows,tests/unit/production-timing-scenarios.test.ts；tests/unit/production-timing-source-detail.test.ts；SCENE-09/10并行4/5天与制作/交接；原准备详情BOM；docs/prototype-review-records/production-timing-v7-evidence/final-build.log（本次专项在520通过日志内）,SCENE-20两项历史准备：摘要开/关各5，PCS原详情各cold/refresh5；无时钟、不进入47工作行，未变原19业务,已验证,docs/prototype-review-records/production-timing-v7-evidence/native-pcs-pms-browser.json#pages/direct.fieldCheck/cold/refresh/relation; docs/prototype-review-records/production-timing-v7-evidence/preparation-inactive-final.json; docs/prototype-review-records/production-timing-v7-evidence/preparation-inactive-native-final.json; docs/prototype-review-records/production-timing-v7-evidence/final-build.log,用户,业务依据：用户认可V7及本会话确认；当前运行DSPY5QtO、532单元、HTML f1c7dc5e8b80；本轮改变的原PDA/看板已重放，未改变图示保留其适用Arc证据；历史JSON保留实际版本；接入版未产品接受、未远端发布
PREP-006,v7-integration-design.md §5.3,制作完成但未接收分开计时，不增加审版计时,WP2;WP3,src/data/production-timing/fixtures.json branch.prep/paper/pack; src/pages/production-fulfillment/production-order-diagrams.ts prepDiagram/phaseTiming/twoClocks; src/pages/production-fulfillment/source-document-detail.ts preparationDetails,tests/unit/production-timing-scenarios.test.ts；tests/unit/production-timing-source-detail.test.ts；SCENE-09/10并行4/5天与制作/交接；原准备详情BOM；docs/prototype-review-records/production-timing-v7-evidence/final-build.log（本次专项在520通过日志内）,1366×768；20场景冷加载/刷新/SPA各5次，最终≤145.6/89.2/37.3ms；原native家族代表字段及冷刷各5，按证据指定场景；不含打印和后续新改PDA,已验证,docs/prototype-review-records/production-timing-v7-evidence/browser-performance.json#samples; docs/prototype-review-records/production-timing-v7-evidence/native-pcs-pms-browser.json#pages/direct.fieldCheck/cold/refresh/relation; docs/prototype-review-records/production-timing-v7-evidence/final-build.log; docs/prototype-review-records/production-timing-v7-evidence/graph-loads-final.json; docs/prototype-review-records/production-timing-v7-evidence/graph-spa-final.json,用户,业务依据：用户认可V7及本会话确认；当前运行DSPY5QtO、532单元、HTML f1c7dc5e8b80；本轮改变的原PDA/看板已重放，未改变图示保留其适用Arc证据；历史JSON保留实际版本；接入版未产品接受、未远端发布
SUPPLY-001,v7-integration-design.md §5.3,每笔物料采购下单到面辅料仓实际入库要求8自然日,WP2,src/data/production-timing/fixtures.json branch.materials/docs; src/pages/production-fulfillment/production-order-diagrams.ts supplyDiagram/materialProcess/materialReceipt; src/pages/production-fulfillment/source-document-detail.ts materialDetails,tests/unit/production-timing-scenarios.test.ts；tests/unit/production-timing-source-detail.test.ts；SCENE-14库存批/补采批；SCENE-15未知入仓；PREP/CRAFT未知标准；docs/prototype-review-records/production-timing-v7-evidence/final-build.log（本次专项在520通过日志内）,1366×768；20场景冷加载/刷新/SPA各5次，最终≤145.6/89.2/37.3ms；原native家族代表字段及冷刷各5，按证据指定场景；不含打印和后续新改PDA,已验证,docs/prototype-review-records/production-timing-v7-evidence/browser-performance.json#samples; docs/prototype-review-records/production-timing-v7-evidence/native-pcs-pms-browser.json#pages/direct.fieldCheck/cold/refresh/relation; docs/prototype-review-records/production-timing-v7-evidence/native-wls-browser.json#stableBuild; docs/prototype-review-records/production-timing-v7-evidence/final-build.log; docs/prototype-review-records/production-timing-v7-evidence/graph-loads-final.json; docs/prototype-review-records/production-timing-v7-evidence/graph-spa-final.json,用户,业务依据：用户认可V7及本会话确认；当前运行DSPY5QtO、532单元、HTML f1c7dc5e8b80；本轮改变的原PDA/看板已重放，未改变图示保留其适用Arc证据；历史JSON保留实际版本；接入版未产品接受、未远端发布
SUPPLY-002,v7-integration-design.md §5.2;6,库存充足/部分/不足与国内/印尼/自有采购明细覆盖,WP1,src/data/production-timing/fixtures.json branch.materials/docs; src/pages/production-fulfillment/production-order-diagrams.ts supplyDiagram/materialProcess/materialReceipt; src/pages/production-fulfillment/source-document-detail.ts materialDetails,tests/unit/production-timing-scenarios.test.ts；tests/unit/production-timing-source-detail.test.ts；SCENE-14库存批/补采批；SCENE-15未知入仓；PREP/CRAFT未知标准；docs/prototype-review-records/production-timing-v7-evidence/final-build.log（本次专项在520通过日志内）,1366×768；20场景冷加载/刷新/SPA各5次，最终≤145.6/89.2/37.3ms；原native家族代表字段及冷刷各5，按证据指定场景；不含打印和后续新改PDA,已验证,docs/prototype-review-records/production-timing-v7-evidence/browser-performance.json#samples; docs/prototype-review-records/production-timing-v7-evidence/native-pcs-pms-browser.json#pages/direct.fieldCheck/cold/refresh/relation; docs/prototype-review-records/production-timing-v7-evidence/native-wls-browser.json#stableBuild; docs/prototype-review-records/production-timing-v7-evidence/final-build.log; docs/prototype-review-records/production-timing-v7-evidence/graph-loads-final.json; docs/prototype-review-records/production-timing-v7-evidence/graph-spa-final.json,用户,业务依据：用户认可V7及本会话确认；当前运行DSPY5QtO、532单元、HTML f1c7dc5e8b80；本轮改变的原PDA/看板已重放，未改变图示保留其适用Arc证据；历史JSON保留实际版本；接入版未产品接受、未远端发布
SUPPLY-003,v7-integration-design.md §5.2;7,库存也显示调拨交出/实收单，补采显示采购/原料入库/调拨,WP1;WP3,src/data/production-timing/fixtures.json branch.materials/docs; src/pages/production-fulfillment/production-order-diagrams.ts supplyDiagram/materialProcess/materialReceipt; src/pages/production-fulfillment/source-document-detail.ts materialDetails,tests/unit/production-timing-scenarios.test.ts；tests/unit/production-timing-source-detail.test.ts；SCENE-14库存批/补采批；SCENE-15未知入仓；PREP/CRAFT未知标准；docs/prototype-review-records/production-timing-v7-evidence/final-build.log（本次专项在520通过日志内）,1366×768；20场景冷加载/刷新/SPA各5次，最终≤145.6/89.2/37.3ms；原native家族代表字段及冷刷各5，按证据指定场景；不含打印和后续新改PDA,已验证,docs/prototype-review-records/production-timing-v7-evidence/browser-performance.json#samples; docs/prototype-review-records/production-timing-v7-evidence/native-pcs-pms-browser.json#pages/direct.fieldCheck/cold/refresh/relation; docs/prototype-review-records/production-timing-v7-evidence/native-wls-browser.json#stableBuild; docs/prototype-review-records/production-timing-v7-evidence/final-build.log; docs/prototype-review-records/production-timing-v7-evidence/graph-loads-final.json; docs/prototype-review-records/production-timing-v7-evidence/graph-spa-final.json,用户,业务依据：用户认可V7及本会话确认；当前运行DSPY5QtO、532单元、HTML f1c7dc5e8b80；本轮改变的原PDA/看板已重放，未改变图示保留其适用Arc证据；历史JSON保留实际版本；接入版未产品接受、未远端发布
SUPPLY-004,v7-integration-design.md §5.2,库存批先行与补采批分别加工交接，不强制全量汇合,WP1;WP2;WP3,src/data/production-timing/fixtures.json branch.materials/docs; src/pages/production-fulfillment/production-order-diagrams.ts supplyDiagram/materialProcess/materialReceipt; src/pages/production-fulfillment/source-document-detail.ts materialDetails,tests/unit/production-timing-scenarios.test.ts；tests/unit/production-timing-source-detail.test.ts；SCENE-14库存批/补采批；SCENE-15未知入仓；PREP/CRAFT未知标准；docs/prototype-review-records/production-timing-v7-evidence/final-build.log（本次专项在520通过日志内）,1366×768；20场景冷加载/刷新/SPA各5次，最终≤145.6/89.2/37.3ms；原native家族代表字段及冷刷各5，按证据指定场景；不含打印和后续新改PDA,已验证,docs/prototype-review-records/production-timing-v7-evidence/browser-performance.json#samples; docs/prototype-review-records/production-timing-v7-evidence/native-pcs-pms-browser.json#pages/direct.fieldCheck/cold/refresh/relation; docs/prototype-review-records/production-timing-v7-evidence/native-wls-browser.json#stableBuild; docs/prototype-review-records/production-timing-v7-evidence/final-build.log; docs/prototype-review-records/production-timing-v7-evidence/graph-loads-final.json; docs/prototype-review-records/production-timing-v7-evidence/graph-spa-final.json,用户,业务依据：用户认可V7及本会话确认；当前运行DSPY5QtO、532单元、HTML f1c7dc5e8b80；本轮改变的原PDA/看板已重放，未改变图示保留其适用Arc证据；历史JSON保留实际版本；接入版未产品接受、未远端发布
SUPPLY-005,v7-integration-design.md §5.3;7,仅补充SCENE-20 A01有明确中转接收、人工配料与裁床领料三单；原19无证据显示待核实，不倒推事实,WP1;WP3,src/data/production-timing/fixtures.json handoverPartial/A01.transitDocuments；src/data/production-timing/source.ts timingDocumentHref；production-order-diagrams.ts物料末端；source-document-detail.ts middlewarehouse详情,源详情全1761登记路径/关联归属及SOURCE无未来/倒序事实；三单按静态原始记录核对；docs/prototype-review-records/production-timing-v7-evidence/final-build.log,1366×768；20场景冷加载/刷新/SPA各5次，最终≤145.6/89.2/37.3ms；原native家族代表字段及冷刷各5，按证据指定场景；不含打印和后续新改PDA,已验证,src/data/production-timing/fixtures.json; docs/prototype-review-records/production-timing-v7-evidence/native-wls-browser.json#stableBuild; docs/prototype-review-records/production-timing-v7-evidence/final-build.log,用户,业务依据：用户认可V7及本会话确认；当前运行DSPY5QtO、532单元、HTML f1c7dc5e8b80；本轮改变的原PDA/看板已重放，未改变图示保留其适用Arc证据；历史JSON保留实际版本；接入版未产品接受、未远端发布
SUPPLY-006,v7-integration-design.md §5.3,大货工艺未确认标准时仅显示历时，不套辅助3天,WP2,src/data/production-timing/fixtures.json branch.materials/docs; src/pages/production-fulfillment/production-order-diagrams.ts supplyDiagram/materialProcess/materialReceipt; src/pages/production-fulfillment/source-document-detail.ts materialDetails,tests/unit/production-timing-scenarios.test.ts；tests/unit/production-timing-source-detail.test.ts；SCENE-14库存批/补采批；SCENE-15未知入仓；PREP/CRAFT未知标准；docs/prototype-review-records/production-timing-v7-evidence/final-build.log（本次专项在520通过日志内）,1366×768；20场景冷加载/刷新/SPA各5次，最终≤145.6/89.2/37.3ms；原native家族代表字段及冷刷各5，按证据指定场景；不含打印和后续新改PDA,已验证,docs/prototype-review-records/production-timing-v7-evidence/browser-performance.json#samples; docs/prototype-review-records/production-timing-v7-evidence/native-pcs-pms-browser.json#pages/direct.fieldCheck/cold/refresh/relation; docs/prototype-review-records/production-timing-v7-evidence/native-wls-browser.json#stableBuild; docs/prototype-review-records/production-timing-v7-evidence/final-build.log; docs/prototype-review-records/production-timing-v7-evidence/graph-loads-final.json; docs/prototype-review-records/production-timing-v7-evidence/graph-spa-final.json,用户,业务依据：用户认可V7及本会话确认；当前运行DSPY5QtO、532单元、HTML f1c7dc5e8b80；本轮改变的原PDA/看板已重放，未改变图示保留其适用Arc证据；历史JSON保留实际版本；接入版未产品接受、未远端发布
CRAFT-001,v7-integration-design.md §5.3;6,部位可分别裁出，无需/单道/多道辅助链与对应单据齐全,WP1;WP3,src/data/production-timing/fixtures.json branch.parts/releases; src/pages/production-fulfillment/production-order-diagrams.ts craftDiagram/processRows/phaseTiming; src/pages/production-fulfillment/source-document-detail.ts workDetails,tests/unit/production-timing-scenarios.test.ts；tests/unit/production-timing-source-detail.test.ts；PREP/CRAFT逐道3天；SCENE-01辅助欠600片；SCENE-20部分实收；docs/prototype-review-records/production-timing-v7-evidence/final-build.log（本次专项在520通过日志内）,1366×768；20场景冷加载/刷新/SPA各5次，最终≤145.6/89.2/37.3ms；原native家族代表字段及冷刷各5，按证据指定场景；不含打印和后续新改PDA,已验证,docs/prototype-review-records/production-timing-v7-evidence/browser-performance.json#samples; docs/prototype-review-records/production-timing-v7-evidence/native-fcs-browser.json#finalSummary/finalBuildRuns/contractChecks; docs/prototype-review-records/production-timing-v7-evidence/final-build.log; docs/prototype-review-records/production-timing-v7-evidence/graph-loads-final.json; docs/prototype-review-records/production-timing-v7-evidence/graph-spa-final.json,用户,业务依据：用户认可V7及本会话确认；当前运行DSPY5QtO、532单元、HTML f1c7dc5e8b80；本轮改变的原PDA/看板已重放，未改变图示保留其适用Arc证据；历史JSON保留实际版本；接入版未产品接受、未远端发布
CRAFT-002,v7-integration-design.md §5.3,每道适用辅助工艺单独3自然日，加工交接分开,WP2,src/data/production-timing/fixtures.json branch.parts/releases; src/pages/production-fulfillment/production-order-diagrams.ts craftDiagram/processRows/phaseTiming; src/pages/production-fulfillment/source-document-detail.ts workDetails,tests/unit/production-timing-scenarios.test.ts；tests/unit/production-timing-source-detail.test.ts；PREP/CRAFT逐道3天；SCENE-01辅助欠600片；SCENE-20部分实收；docs/prototype-review-records/production-timing-v7-evidence/final-build.log（本次专项在520通过日志内）,1366×768；20场景冷加载/刷新/SPA各5次，最终≤145.6/89.2/37.3ms；原native家族代表字段及冷刷各5，按证据指定场景；不含打印和后续新改PDA,已验证,docs/prototype-review-records/production-timing-v7-evidence/browser-performance.json#samples; docs/prototype-review-records/production-timing-v7-evidence/native-fcs-browser.json#finalSummary/finalBuildRuns/contractChecks; docs/prototype-review-records/production-timing-v7-evidence/final-build.log; docs/prototype-review-records/production-timing-v7-evidence/graph-loads-final.json; docs/prototype-review-records/production-timing-v7-evidence/graph-spa-final.json,用户,业务依据：用户认可V7及本会话确认；当前运行DSPY5QtO、532单元、HTML f1c7dc5e8b80；本轮改变的原PDA/看板已重放，未改变图示保留其适用Arc证据；历史JSON保留实际版本；接入版未产品接受、未远端发布
CRAFT-003,v7-integration-design.md §5.3,人工裁片放行与辅料配料读取原事实，不自动齐套或放行,WP2;WP4,src/data/production-timing/fixtures.json branch.parts/releases; src/pages/production-fulfillment/production-order-diagrams.ts craftDiagram/processRows/phaseTiming; src/pages/production-fulfillment/source-document-detail.ts workDetails,tests/unit/production-timing-scenarios.test.ts；tests/unit/production-timing-source-detail.test.ts；PREP/CRAFT逐道3天；SCENE-01辅助欠600片；SCENE-20部分实收；docs/prototype-review-records/production-timing-v7-evidence/final-build.log（本次专项在520通过日志内）,1366×768；20场景冷加载/刷新/SPA各5次，最终≤145.6/89.2/37.3ms；原native家族代表字段及冷刷各5，按证据指定场景；不含打印和后续新改PDA,已验证,docs/prototype-review-records/production-timing-v7-evidence/browser-performance.json#samples; docs/prototype-review-records/production-timing-v7-evidence/native-fcs-browser.json#finalSummary/finalBuildRuns/contractChecks; docs/prototype-review-records/production-timing-v7-evidence/final-build.log; docs/prototype-review-records/production-timing-v7-evidence/graph-loads-final.json; docs/prototype-review-records/production-timing-v7-evidence/graph-spa-final.json,用户,业务依据：用户认可V7及本会话确认；当前运行DSPY5QtO、532单元、HTML f1c7dc5e8b80；本轮改变的原PDA/看板已重放，未改变图示保留其适用Arc证据；历史JSON保留实际版本；接入版未产品接受、未远端发布
HANDOFF-001,v7-integration-design.md §5.3,交接只从实际交出至实际接收，未交出不启动,WP2,src/data/production-timing/fixtures.json quantities/clock/handoverClock; src/pages/production-fulfillment/production-order-diagrams.ts legNode/twoClocks; src/pages/production-fulfillment/source-document-detail.ts handoverDetails/clocks,tests/unit/production-timing-scenarios.test.ts；tests/unit/production-timing-source-detail.test.ts；SOURCE无未来/倒序事实；SCENE-14批次；SCENE-20差额/未关闭交接；docs/prototype-review-records/production-timing-v7-evidence/final-build.log（本次专项在520通过日志内）,1366×768；20场景冷加载/刷新/SPA各5次，最终≤145.6/89.2/37.3ms；原native家族代表字段及冷刷各5，按证据指定场景；不含打印和后续新改PDA,已验证,docs/prototype-review-records/production-timing-v7-evidence/browser-performance.json#samples; docs/prototype-review-records/production-timing-v7-evidence/native-fcs-browser.json#finalSummary/finalBuildRuns/contractChecks; docs/prototype-review-records/production-timing-v7-evidence/native-wls-browser.json#stableBuild; docs/prototype-review-records/production-timing-v7-evidence/final-build.log; docs/prototype-review-records/production-timing-v7-evidence/graph-loads-final.json; docs/prototype-review-records/production-timing-v7-evidence/graph-spa-final.json,用户,业务依据：用户认可V7及本会话确认；当前运行DSPY5QtO、532单元、HTML f1c7dc5e8b80；本轮改变的原PDA/看板已重放，未改变图示保留其适用Arc证据；历史JSON保留实际版本；接入版未产品接受、未远端发布
HANDOFF-002,v7-integration-design.md §5.3;7,每项执行人及交接确认责任明确，保留交出实收和差异,WP1;WP3,src/data/production-timing/fixtures.json quantities/clock/handoverClock; src/pages/production-fulfillment/production-order-diagrams.ts legNode/twoClocks; src/pages/production-fulfillment/source-document-detail.ts handoverDetails/clocks,tests/unit/production-timing-scenarios.test.ts；tests/unit/production-timing-source-detail.test.ts；SOURCE无未来/倒序事实；SCENE-14批次；SCENE-20差额/未关闭交接；docs/prototype-review-records/production-timing-v7-evidence/final-build.log（本次专项在520通过日志内）,1366×768；20场景冷加载/刷新/SPA各5次，最终≤145.6/89.2/37.3ms；原native家族代表字段及冷刷各5，按证据指定场景；不含打印和后续新改PDA,已验证,docs/prototype-review-records/production-timing-v7-evidence/browser-performance.json#samples; docs/prototype-review-records/production-timing-v7-evidence/native-fcs-browser.json#finalSummary/finalBuildRuns/contractChecks; docs/prototype-review-records/production-timing-v7-evidence/native-wls-browser.json#stableBuild; docs/prototype-review-records/production-timing-v7-evidence/final-build.log; docs/prototype-review-records/production-timing-v7-evidence/graph-loads-final.json; docs/prototype-review-records/production-timing-v7-evidence/graph-spa-final.json,用户,业务依据：用户认可V7及本会话确认；当前运行DSPY5QtO、532单元、HTML f1c7dc5e8b80；本轮改变的原PDA/看板已重放，未改变图示保留其适用Arc证据；历史JSON保留实际版本；接入版未产品接受、未远端发布
HANDOFF-003,v7-integration-design.md §5.3,未知交接标准只展示用时，不虚构超时与审批闸门,WP2,src/data/production-timing/fixtures.json quantities/clock/handoverClock; src/pages/production-fulfillment/production-order-diagrams.ts legNode/twoClocks; src/pages/production-fulfillment/source-document-detail.ts handoverDetails/clocks,tests/unit/production-timing-scenarios.test.ts；tests/unit/production-timing-source-detail.test.ts；SOURCE无未来/倒序事实；SCENE-14批次；SCENE-20差额/未关闭交接；docs/prototype-review-records/production-timing-v7-evidence/final-build.log（本次专项在520通过日志内）,1366×768；20场景冷加载/刷新/SPA各5次，最终≤145.6/89.2/37.3ms；原native家族代表字段及冷刷各5，按证据指定场景；不含打印和后续新改PDA,已验证,docs/prototype-review-records/production-timing-v7-evidence/browser-performance.json#samples; docs/prototype-review-records/production-timing-v7-evidence/native-fcs-browser.json#finalSummary/finalBuildRuns/contractChecks; docs/prototype-review-records/production-timing-v7-evidence/native-wls-browser.json#stableBuild; docs/prototype-review-records/production-timing-v7-evidence/final-build.log; docs/prototype-review-records/production-timing-v7-evidence/graph-loads-final.json; docs/prototype-review-records/production-timing-v7-evidence/graph-spa-final.json,用户,业务依据：用户认可V7及本会话确认；当前运行DSPY5QtO、532单元、HTML f1c7dc5e8b80；本轮改变的原PDA/看板已重放，未改变图示保留其适用Arc证据；历史JSON保留实际版本；接入版未产品接受、未远端发布
HANDOFF-004,v7-integration-design.md §6,覆盖未交出/待收/部分实收/差异待确认，未知不填0,WP1;WP2,src/data/production-timing/fixtures.json quantities/clock/handoverClock; src/pages/production-fulfillment/production-order-diagrams.ts legNode/twoClocks; src/pages/production-fulfillment/source-document-detail.ts handoverDetails/clocks,tests/unit/production-timing-scenarios.test.ts；tests/unit/production-timing-source-detail.test.ts；SOURCE无未来/倒序事实；SCENE-14批次；SCENE-20差额/未关闭交接；docs/prototype-review-records/production-timing-v7-evidence/final-build.log（本次专项在520通过日志内）,1366×768；20场景冷加载/刷新/SPA各5次，最终≤145.6/89.2/37.3ms；原native家族代表字段及冷刷各5，按证据指定场景；不含打印和后续新改PDA,已验证,docs/prototype-review-records/production-timing-v7-evidence/browser-performance.json#samples; docs/prototype-review-records/production-timing-v7-evidence/native-fcs-browser.json#finalSummary/finalBuildRuns/contractChecks; docs/prototype-review-records/production-timing-v7-evidence/native-wls-browser.json#stableBuild; docs/prototype-review-records/production-timing-v7-evidence/final-build.log; docs/prototype-review-records/production-timing-v7-evidence/graph-loads-final.json; docs/prototype-review-records/production-timing-v7-evidence/graph-spa-final.json,用户,业务依据：用户认可V7及本会话确认；当前运行DSPY5QtO、532单元、HTML f1c7dc5e8b80；本轮改变的原PDA/看板已重放，未改变图示保留其适用Arc证据；历史JSON保留实际版本；接入版未产品接受、未远端发布
CONTRACT-001,v7-integration-design.md §5.4,三种合同4/8/9、5/9/10、6/9/12从业务分配日起,WP2,src/pages/production-fulfillment/production-order-diagrams.ts nodeInfo/taskRow; src/data/fcs/sewing-return-calendar.ts; sewing-delivery-sla.ts; sewing-outsourcing-return-tracking.ts; runtime-process-tasks.ts,tests/unit/production-timing-scenarios.test.ts；tests/unit/production-timing-source-detail.test.ts；CONTRACT-002三自然日合同；SCENE-02/08历史晚达；SCENE-19独立任务；docs/prototype-review-records/production-timing-v7-evidence/final-build.log（本次专项在520通过日志内）,1366×768；20场景冷加载/刷新/SPA各5次，最终≤145.6/89.2/37.3ms；原native家族代表字段及冷刷各5，按证据指定场景；不含打印和后续新改PDA,已验证,docs/prototype-review-records/production-timing-v7-evidence/browser-performance.json#samples; docs/prototype-review-records/production-timing-v7-evidence/native-fcs-browser.json#finalSummary/finalBuildRuns/contractChecks; docs/prototype-review-records/production-timing-v7-evidence/final-build.log; docs/prototype-review-records/production-timing-v7-evidence/graph-loads-final.json; docs/prototype-review-records/production-timing-v7-evidence/graph-spa-final.json,用户,业务依据：用户认可V7及本会话确认；当前运行DSPY5QtO、532单元、HTML f1c7dc5e8b80；本轮改变的原PDA/看板已重放，未改变图示保留其适用Arc证据；历史JSON保留实际版本；接入版未产品接受、未远端发布
CONTRACT-002,v7-integration-design.md §5.4,分配日第1天，自然日包含星期日；源任务页面日期一致,WP2,src/pages/production-fulfillment/production-order-diagrams.ts nodeInfo/taskRow; src/data/fcs/sewing-return-calendar.ts; sewing-delivery-sla.ts; sewing-outsourcing-return-tracking.ts; runtime-process-tasks.ts,tests/unit/ppic-counting-calendar.test.ts；sewing-return-business-start.test.ts（含新PDA与进度看板缺分配日期）；docs/prototype-review-records/production-timing-v7-evidence/final-build.log：合同专项通过，历史快照不改,三种合同日期及数量已核对；已知业务分配日起点的原回货/进度看板重放各5；最终PDA25样本≤884.2ms，缺日期特殊分支另列CONTRACT-005,已验证,docs/prototype-review-records/production-timing-v7-evidence/native-fcs-browser.json#contractChecks/latestSupplementSummary; docs/prototype-review-records/production-timing-v7-evidence/pda-exec-link-index-final-raw.json; docs/prototype-review-records/production-timing-v7-evidence/final-build.log,用户,业务依据：用户认可V7及本会话确认；当前运行DSPY5QtO、532单元、HTML f1c7dc5e8b80；本轮改变的原PDA/看板已重放，未改变图示保留其适用Arc证据；历史JSON保留实际版本；接入版未产品接受、未远端发布
CONTRACT-003,v7-integration-design.md §4.2;5.4,晚达成标历史延误及实际时间，当前欠0，未来节点独立,WP2;WP3,src/pages/production-fulfillment/production-order-diagrams.ts nodeInfo/taskRow; src/data/fcs/sewing-return-calendar.ts; sewing-delivery-sla.ts; sewing-outsourcing-return-tracking.ts; runtime-process-tasks.ts,tests/unit/production-timing-scenarios.test.ts；tests/unit/production-timing-source-detail.test.ts；CONTRACT-002三自然日合同；SCENE-02/08历史晚达；SCENE-19独立任务；docs/prototype-review-records/production-timing-v7-evidence/final-build.log（本次专项在520通过日志内）,1366×768；20场景冷加载/刷新/SPA各5次，最终≤145.6/89.2/37.3ms；原native家族代表字段及冷刷各5，按证据指定场景；不含打印和后续新改PDA,已验证,docs/prototype-review-records/production-timing-v7-evidence/browser-performance.json#samples; docs/prototype-review-records/production-timing-v7-evidence/native-fcs-browser.json#finalSummary/finalBuildRuns/contractChecks; docs/prototype-review-records/production-timing-v7-evidence/final-build.log; docs/prototype-review-records/production-timing-v7-evidence/graph-loads-final.json; docs/prototype-review-records/production-timing-v7-evidence/graph-spa-final.json,用户,业务依据：用户认可V7及本会话确认；当前运行DSPY5QtO、532单元、HTML f1c7dc5e8b80；本轮改变的原PDA/看板已重放，未改变图示保留其适用Arc证据；历史JSON保留实际版本；接入版未产品接受、未远端发布
CONTRACT-004,v7-integration-design.md §5.4,节点累计按具体任务多批实收达到时间，倒序不改结果,WP2,src/pages/production-fulfillment/production-order-diagrams.ts nodeInfo/taskRow; src/data/fcs/sewing-return-calendar.ts; sewing-delivery-sla.ts; sewing-outsourcing-return-tracking.ts; runtime-process-tasks.ts,tests/unit/production-timing-scenarios.test.ts；tests/unit/production-timing-source-detail.test.ts；CONTRACT-002三自然日合同；SCENE-02/08历史晚达；SCENE-19独立任务；docs/prototype-review-records/production-timing-v7-evidence/final-build.log（本次专项在520通过日志内）,1366×768；20场景冷加载/刷新/SPA各5次，最终≤145.6/89.2/37.3ms；原native家族代表字段及冷刷各5，按证据指定场景；不含打印和后续新改PDA,已验证,docs/prototype-review-records/production-timing-v7-evidence/browser-performance.json#samples; docs/prototype-review-records/production-timing-v7-evidence/native-fcs-browser.json#finalSummary/finalBuildRuns/contractChecks; docs/prototype-review-records/production-timing-v7-evidence/final-build.log; docs/prototype-review-records/production-timing-v7-evidence/graph-loads-final.json; docs/prototype-review-records/production-timing-v7-evidence/graph-spa-final.json,用户,业务依据：用户认可V7及本会话确认；当前运行DSPY5QtO、532单元、HTML f1c7dc5e8b80；本轮改变的原PDA/看板已重放，未改变图示保留其适用Arc证据；历史JSON保留实际版本；接入版未产品接受、未远端发布
SAMPLE-001,v7-integration-design.md §5.4,工厂产前样衣从实领到第3天要求日期，不新增小时截止,WP2,src/data/production-timing/fixtures.json factorySamples/sampleTiming; src/pages/production-fulfillment/production-order-diagrams.ts factorySamples/sampleTimingLabel; src/pages/production-fulfillment/source-document-detail.ts sampleDetails,tests/unit/production-timing-scenarios.test.ts；tests/unit/production-timing-source-detail.test.ts；SCENE-11/12样衣日期不移动回货节点；原样衣详情；docs/prototype-review-records/production-timing-v7-evidence/final-build.log（本次专项在520通过日志内）,1366×768；20场景冷加载/刷新/SPA各5次，最终≤145.6/89.2/37.3ms；原native家族代表字段及冷刷各5，按证据指定场景；不含打印和后续新改PDA,已验证,docs/prototype-review-records/production-timing-v7-evidence/browser-performance.json#samples; docs/prototype-review-records/production-timing-v7-evidence/native-fcs-browser.json#finalSummary/finalBuildRuns/contractChecks; docs/prototype-review-records/production-timing-v7-evidence/native-pcs-pms-browser.json#pages/direct.fieldCheck/cold/refresh/relation; docs/prototype-review-records/production-timing-v7-evidence/final-build.log; docs/prototype-review-records/production-timing-v7-evidence/graph-loads-final.json; docs/prototype-review-records/production-timing-v7-evidence/graph-spa-final.json,用户,业务依据：用户认可V7及本会话确认；当前运行DSPY5QtO、532单元、HTML f1c7dc5e8b80；本轮改变的原PDA/看板已重放，未改变图示保留其适用Arc证据；历史JSON保留实际版本；接入版未产品接受、未远端发布
SAMPLE-002,v7-integration-design.md §5.4,晚交未通过或到期未交不改变回货进度要求,WP2;WP3,src/data/production-timing/fixtures.json factorySamples/sampleTiming; src/pages/production-fulfillment/production-order-diagrams.ts factorySamples/sampleTimingLabel; src/pages/production-fulfillment/source-document-detail.ts sampleDetails,tests/unit/production-timing-scenarios.test.ts；tests/unit/production-timing-source-detail.test.ts；SCENE-11/12样衣日期不移动回货节点；原样衣详情；docs/prototype-review-records/production-timing-v7-evidence/final-build.log（本次专项在520通过日志内）,1366×768；20场景冷加载/刷新/SPA各5次，最终≤145.6/89.2/37.3ms；原native家族代表字段及冷刷各5，按证据指定场景；不含打印和后续新改PDA,已验证,docs/prototype-review-records/production-timing-v7-evidence/browser-performance.json#samples; docs/prototype-review-records/production-timing-v7-evidence/native-fcs-browser.json#finalSummary/finalBuildRuns/contractChecks; docs/prototype-review-records/production-timing-v7-evidence/native-pcs-pms-browser.json#pages/direct.fieldCheck/cold/refresh/relation; docs/prototype-review-records/production-timing-v7-evidence/final-build.log; docs/prototype-review-records/production-timing-v7-evidence/graph-loads-final.json; docs/prototype-review-records/production-timing-v7-evidence/graph-spa-final.json,用户,业务依据：用户认可V7及本会话确认；当前运行DSPY5QtO、532单元、HTML f1c7dc5e8b80；本轮改变的原PDA/看板已重放，未改变图示保留其适用Arc证据；历史JSON保留实际版本；接入版未产品接受、未远端发布
SAMPLE-003,v7-integration-design.md §5.4,工厂产前样衣与PCS首单样衣分别关联对象和单据,WP1;WP3,src/data/production-timing/fixtures.json factorySamples/sampleTiming; src/pages/production-fulfillment/production-order-diagrams.ts factorySamples/sampleTimingLabel; src/pages/production-fulfillment/source-document-detail.ts sampleDetails,tests/unit/production-timing-scenarios.test.ts；tests/unit/production-timing-source-detail.test.ts；SCENE-11/12样衣日期不移动回货节点；原样衣详情；docs/prototype-review-records/production-timing-v7-evidence/final-build.log（本次专项在520通过日志内）,1366×768；20场景冷加载/刷新/SPA各5次，最终≤145.6/89.2/37.3ms；原native家族代表字段及冷刷各5，按证据指定场景；不含打印和后续新改PDA,已验证,docs/prototype-review-records/production-timing-v7-evidence/browser-performance.json#samples; docs/prototype-review-records/production-timing-v7-evidence/native-fcs-browser.json#finalSummary/finalBuildRuns/contractChecks; docs/prototype-review-records/production-timing-v7-evidence/native-pcs-pms-browser.json#pages/direct.fieldCheck/cold/refresh/relation; docs/prototype-review-records/production-timing-v7-evidence/final-build.log; docs/prototype-review-records/production-timing-v7-evidence/graph-loads-final.json; docs/prototype-review-records/production-timing-v7-evidence/graph-spa-final.json,用户,业务依据：用户认可V7及本会话确认；当前运行DSPY5QtO、532单元、HTML f1c7dc5e8b80；本轮改变的原PDA/看板已重放，未改变图示保留其适用Arc证据；历史JSON保留实际版本；接入版未产品接受、未远端发布
IMPACT-001,v7-integration-design.md §5.5,超时指向确切物料批/部位/颜色尺码/任务及关联下游,WP1;WP3,src/pages/production-fulfillment/production-order-diagrams.ts impactGraph/queueStrip; src/data/production-timing/source.ts getTimingIssues; src/pages/production-fulfillment/order-pages.ts workRows,tests/unit/production-timing-scenarios.test.ts；tests/unit/production-timing-source-detail.test.ts；SCENE-01当前/历史范围；SCENE-20片数不转成衣；SCENE-19任务隔离；docs/prototype-review-records/production-timing-v7-evidence/final-build.log（本次专项在520通过日志内）,1366×768；20场景冷加载/刷新/SPA各5次，最终≤145.6/89.2/37.3ms；原native家族代表字段及冷刷各5，按证据指定场景；不含打印和后续新改PDA,已验证,docs/prototype-review-records/production-timing-v7-evidence/browser-performance.json#samples; docs/prototype-review-records/production-timing-v7-evidence/native-fcs-browser.json#finalSummary/finalBuildRuns/contractChecks; docs/prototype-review-records/production-timing-v7-evidence/final-build.log; docs/prototype-review-records/production-timing-v7-evidence/graph-loads-final.json; docs/prototype-review-records/production-timing-v7-evidence/graph-spa-final.json,用户,业务依据：用户认可V7及本会话确认；当前运行DSPY5QtO、532单元、HTML f1c7dc5e8b80；本轮改变的原PDA/看板已重放，未改变图示保留其适用Arc证据；历史JSON保留实际版本；接入版未产品接受、未远端发布
IMPACT-002,v7-integration-design.md §5.5,未确认成衣件数/关系保留待核实，独立对象不自动受牵连,WP2;WP3,src/pages/production-fulfillment/production-order-diagrams.ts impactGraph/queueStrip; src/data/production-timing/source.ts getTimingIssues; src/pages/production-fulfillment/order-pages.ts workRows,tests/unit/production-timing-scenarios.test.ts；tests/unit/production-timing-source-detail.test.ts；SCENE-01当前/历史范围；SCENE-20片数不转成衣；SCENE-19任务隔离；docs/prototype-review-records/production-timing-v7-evidence/final-build.log（本次专项在520通过日志内）,1366×768；20场景冷加载/刷新/SPA各5次，最终≤145.6/89.2/37.3ms；原native家族代表字段及冷刷各5，按证据指定场景；不含打印和后续新改PDA,已验证,docs/prototype-review-records/production-timing-v7-evidence/browser-performance.json#samples; docs/prototype-review-records/production-timing-v7-evidence/native-fcs-browser.json#finalSummary/finalBuildRuns/contractChecks; docs/prototype-review-records/production-timing-v7-evidence/final-build.log; docs/prototype-review-records/production-timing-v7-evidence/graph-loads-final.json; docs/prototype-review-records/production-timing-v7-evidence/graph-spa-final.json,用户,业务依据：用户认可V7及本会话确认；当前运行DSPY5QtO、532单元、HTML f1c7dc5e8b80；本轮改变的原PDA/看板已重放，未改变图示保留其适用Arc证据；历史JSON保留实际版本；接入版未产品接受、未远端发布
IMPACT-003,v7-integration-design.md §5.5;4.1,历史延误保留追溯，当前队列仅未结束工作，核实另列,WP2;WP3,src/pages/production-fulfillment/production-order-diagrams.ts impactGraph/queueStrip; src/data/production-timing/source.ts getTimingIssues; src/pages/production-fulfillment/order-pages.ts workRows,tests/unit/production-timing-scenarios.test.ts；tests/unit/production-timing-source-detail.test.ts；SCENE-01当前/历史范围；SCENE-20片数不转成衣；SCENE-19任务隔离；docs/prototype-review-records/production-timing-v7-evidence/final-build.log（本次专项在520通过日志内）,1366×768；20场景冷加载/刷新/SPA各5次，最终≤145.6/89.2/37.3ms；原native家族代表字段及冷刷各5，按证据指定场景；不含打印和后续新改PDA,已验证,docs/prototype-review-records/production-timing-v7-evidence/browser-performance.json#samples; docs/prototype-review-records/production-timing-v7-evidence/native-fcs-browser.json#finalSummary/finalBuildRuns/contractChecks; docs/prototype-review-records/production-timing-v7-evidence/final-build.log; docs/prototype-review-records/production-timing-v7-evidence/graph-loads-final.json; docs/prototype-review-records/production-timing-v7-evidence/graph-spa-final.json,用户,业务依据：用户认可V7及本会话确认；当前运行DSPY5QtO、532单元、HTML f1c7dc5e8b80；本轮改变的原PDA/看板已重放，未改变图示保留其适用Arc证据；历史JSON保留实际版本；接入版未产品接受、未远端发布
UI-001,v7-integration-design.md §4.1,详情九个区域按V7顺序完整展示，图示成为默认主体,WP3,src/pages/production-fulfillment/production-order-diagrams.ts; src/pages/production-fulfillment/production-order-diagrams.css; src/pages/production-fulfillment/index.ts,tests/unit/production-timing-scenarios.test.ts 展开图示/历史/未知/归属；tests/unit/production-timing-source-detail.test.ts 同源字段；docs/prototype-review-records/production-timing-v7-evidence/final-build.log,1366×768；对应图示与native冷刷各5，命名轻交互各5以上；具体范围见证据JSON，不含UI-011/012/013,已验证,docs/prototype-review-records/production-timing-v7-evidence/baseline-dom-comparison.json; docs/prototype-review-records/production-timing-v7-evidence/baseline-text-differences.json; docs/prototype-review-records/production-timing-v7-evidence/browser-performance.json#samples; docs/prototype-review-records/production-timing-v7-evidence/final-build.log; docs/prototype-review-records/production-timing-v7-evidence/graph-loads-final.json; docs/prototype-review-records/production-timing-v7-evidence/graph-spa-final.json; docs/prototype-review-records/production-timing-v7-evidence/baseline-business-consistency.json; docs/prototype-review-records/production-timing-v7-evidence/baseline-business-consistency.md,用户,业务依据：用户认可V7及本会话确认；当前运行DSPY5QtO、532单元、HTML f1c7dc5e8b80；本轮改变的原PDA/看板已重放，未改变图示保留其适用Arc证据；历史JSON保留实际版本；接入版未产品接受、未远端发布
UI-002,v7-integration-design.md §4.1;4.2,阶段在图中展开定位，保留节点箭头并行汇合和时间轴,WP3,src/pages/production-fulfillment/production-order-diagrams.ts; src/pages/production-fulfillment/production-order-diagrams.css; src/pages/production-fulfillment/index.ts,tests/unit/production-timing-scenarios.test.ts 展开图示/历史/未知/归属；tests/unit/production-timing-source-detail.test.ts 同源字段；docs/prototype-review-records/production-timing-v7-evidence/final-build.log,1366×768；对应图示与native冷刷各5，命名轻交互各5以上；具体范围见证据JSON，不含UI-011/012/013,已验证,docs/prototype-review-records/production-timing-v7-evidence/browser-actions.json; docs/prototype-review-records/production-timing-v7-evidence/baseline-dom-comparison.json; docs/prototype-review-records/production-timing-v7-evidence/baseline-text-differences.json; docs/prototype-review-records/production-timing-v7-evidence/final-build.log; docs/prototype-review-records/production-timing-v7-evidence/baseline-business-consistency.json; docs/prototype-review-records/production-timing-v7-evidence/baseline-business-consistency.md,用户,业务依据：用户认可V7及本会话确认；当前运行DSPY5QtO、532单元、HTML f1c7dc5e8b80；本轮改变的原PDA/看板已重放，未改变图示保留其适用Arc证据；历史JSON保留实际版本；接入版未产品接受、未远端发布
UI-003,v7-integration-design.md §4.2,当前超时历史延误未来节点未知的颜色及关键文字与V7一致,WP3,src/pages/production-fulfillment/production-order-diagrams.ts; src/pages/production-fulfillment/production-order-diagrams.css; src/pages/production-fulfillment/index.ts,tests/unit/production-timing-scenarios.test.ts 展开图示/历史/未知/归属；tests/unit/production-timing-source-detail.test.ts 同源字段；docs/prototype-review-records/production-timing-v7-evidence/final-build.log,1366×768；对应图示与native冷刷各5，命名轻交互各5以上；具体范围见证据JSON，不含UI-011/012/013,已验证,docs/prototype-review-records/production-timing-v7-evidence/browser-performance.json#samples; docs/prototype-review-records/production-timing-v7-evidence/browser-actions.json; docs/prototype-review-records/production-timing-v7-evidence/native-pcs-pms-browser.json#pages/direct.fieldCheck/cold/refresh/relation; docs/prototype-review-records/production-timing-v7-evidence/native-wls-browser.json#stableBuild; docs/prototype-review-records/production-timing-v7-evidence/native-fcs-browser.json#finalSummary/finalBuildRuns/contractChecks; docs/prototype-review-records/production-timing-v7-evidence/final-build.log; docs/prototype-review-records/production-timing-v7-evidence/graph-loads-final.json; docs/prototype-review-records/production-timing-v7-evidence/graph-spa-final.json,用户,业务依据：用户认可V7及本会话确认；当前运行DSPY5QtO、532单元、HTML f1c7dc5e8b80；本轮改变的原PDA/看板已重放，未改变图示保留其适用Arc证据；历史JSON保留实际版本；接入版未产品接受、未远端发布
UI-004,v7-integration-design.md §4.2,每张单据本页摘要有类型状态数量时间责任上下游,WP3,src/pages/production-fulfillment/production-order-diagrams.ts renderTimingSourceSummaryForCase; src/pages/production-fulfillment/index.ts openDocument,tests/unit/production-timing-scenarios.test.ts 展开图示/历史/未知/归属；tests/unit/production-timing-source-detail.test.ts 同源字段；docs/prototype-review-records/production-timing-v7-evidence/final-build.log,1366×768；对应图示与native冷刷各5，命名轻交互各5以上；具体范围见证据JSON，不含UI-011/012/013,已验证,docs/prototype-review-records/production-timing-v7-evidence/browser-actions.json; docs/prototype-review-records/production-timing-v7-evidence/native-pcs-pms-browser.json#pages/direct.fieldCheck/cold/refresh/relation; docs/prototype-review-records/production-timing-v7-evidence/native-wls-browser.json#stableBuild; docs/prototype-review-records/production-timing-v7-evidence/native-fcs-browser.json#finalSummary/finalBuildRuns/contractChecks,用户,业务依据：用户认可V7及本会话确认；当前运行DSPY5QtO、532单元、HTML f1c7dc5e8b80；本轮改变的原PDA/看板已重放，未改变图示保留其适用Arc证据；历史JSON保留实际版本；接入版未产品接受、未远端发布
UI-005,v7-integration-design.md §4.2;7,查看详情开新浏览器标签到匹配原单据，非无关样例或列表,WP1;WP3,src/data/production-timing/source.ts timingDocumentHref; src/pages/production-fulfillment/source-document-detail.ts resolveTimingSourceDetail; src/main.ts精确登记路由; src/pages/production-fulfillment/index.ts openDocument,tests/unit/production-timing-scenarios.test.ts 展开图示/历史/未知/归属；tests/unit/production-timing-source-detail.test.ts 同源字段；docs/prototype-review-records/production-timing-v7-evidence/final-build.log,1366×768；对应图示与native冷刷各5，命名轻交互各5以上；具体范围见证据JSON，不含UI-011/012/013,已验证,docs/prototype-review-records/production-timing-v7-evidence/native-pcs-pms-browser.json#pages/direct.fieldCheck/cold/refresh/relation; docs/prototype-review-records/production-timing-v7-evidence/native-wls-browser.json#stableBuild; docs/prototype-review-records/production-timing-v7-evidence/native-fcs-browser.json#finalSummary/finalBuildRuns/contractChecks; docs/prototype-review-records/production-timing-v7-evidence/final-build.log,用户,业务依据：用户认可V7及本会话确认；当前运行DSPY5QtO、532单元、HTML f1c7dc5e8b80；本轮改变的原PDA/看板已重放，未改变图示保留其适用Arc证据；历史JSON保留实际版本；接入版未产品接受、未远端发布
UI-006,v7-integration-design.md §4.2,关闭/遮罩/Esc保留原图滚动展开状态，局部更新,WP3,src/pages/production-fulfillment/production-order-diagrams.ts; src/pages/production-fulfillment/production-order-diagrams.css; src/pages/production-fulfillment/index.ts,DOM范围及状态,三设备按钮、Esc、遮罩各5组，单据打开/关闭后原滚动与展开保持；以已观测按钮中心实际输入避免工具自动滚动，旧选择器和工具滚动观察保留,已验证,docs/prototype-review-records/production-timing-v7-evidence/devices-ArcJUalF-final.json; docs/prototype-review-records/production-timing-v7-evidence/modal-native-input-scroll-diagnosis.json,用户,业务依据：用户认可V7及本会话确认；当前运行DSPY5QtO、532单元、HTML f1c7dc5e8b80；本轮改变的原PDA/看板已重放，未改变图示保留其适用Arc证据；历史JSON保留实际版本；接入版未产品接受、未远端发布
UI-007,v7-integration-design.md §4.2;7,款式、已知五种物料使用明确对应原型素材并支持正常大图；未知采购诚实缺图，失败态另见UI-012,WP1;WP3,src/data/production-timing/material-images.ts；public/images/production-timing/shirt-086.jpg；public/materials/fei-ticket/white-poplin.png；public/images/production-timing/F02-effect.jpg/A01-effect.jpg/A02-effect.jpg/A03-effect.jpg；material-effect-sources.json；index.ts/source-document-detail.ts预览,tests/unit/production-timing-scenarios.test.ts 展开图示/历史/未知/归属；tests/unit/production-timing-source-detail.test.ts 同源字段；docs/prototype-review-records/production-timing-v7-evidence/final-build.log,1366×768；对应图示与native冷刷各5，命名轻交互各5以上；具体范围见证据JSON，不含UI-011/012/013,已验证,docs/prototype-review-records/production-timing-v7-evidence/native-pcs-pms-browser.json#pages/direct.fieldCheck/cold/refresh/relation; docs/prototype-review-records/production-timing-v7-evidence/native-wls-browser.json#stableBuild; docs/prototype-review-records/production-timing-v7-evidence/native-fcs-browser.json#finalSummary/finalBuildRuns/contractChecks; public/images/production-timing/material-effect-sources.json,用户,业务依据：用户认可V7及本会话确认；当前运行DSPY5QtO、532单元、HTML f1c7dc5e8b80；本轮改变的原PDA/看板已重放，未改变图示保留其适用Arc证据；历史JSON保留实际版本；接入版未产品接受、未远端发布
UI-008,v7-integration-design.md §4.2;8,1366、1280和1024适用屏保留图结构无页面横向溢出,WP3;WP6,src/pages/production-fulfillment/production-order-diagrams.ts; src/pages/production-fulfillment/production-order-diagrams.css; src/pages/production-fulfillment/index.ts,自动化不适用：视觉,三设备各冷5/刷新5/三阶段定位各5/三关闭方式各5，120组、所有原始响应≤90.3ms、无页面横溢，图形逐屏查看,已验证,docs/prototype-review-records/production-timing-v7-evidence/devices-ArcJUalF-final.json; docs/prototype-review-records/production-timing-v7-evidence/final-1366x768-ArcJUalF.png; docs/prototype-review-records/production-timing-v7-evidence/final-1280x720-ArcJUalF.png; docs/prototype-review-records/production-timing-v7-evidence/final-1024x768-ArcJUalF.png,用户,业务依据：用户认可V7及本会话确认；当前运行DSPY5QtO、532单元、HTML f1c7dc5e8b80；本轮改变的原PDA/看板已重放，未改变图示保留其适用Arc证据；历史JSON保留实际版本；接入版未产品接受、未远端发布
UI-009,v7-integration-design.md §4.2,时间轴覆盖最晚实际入库及合同节点，不截掉逾期完成,WP3,src/pages/production-fulfillment/production-order-diagrams.ts; src/pages/production-fulfillment/production-order-diagrams.css; src/pages/production-fulfillment/index.ts,tests/unit/production-timing-scenarios.test.ts 展开图示/历史/未知/归属；tests/unit/production-timing-source-detail.test.ts 同源字段；docs/prototype-review-records/production-timing-v7-evidence/final-build.log,1366×768；对应图示与native冷刷各5，命名轻交互各5以上；具体范围见证据JSON，不含UI-011/012/013,已验证,docs/prototype-review-records/production-timing-v7-evidence/browser-performance.json#samples; docs/prototype-review-records/production-timing-v7-evidence/browser-actions.json; docs/prototype-review-records/production-timing-v7-evidence/native-pcs-pms-browser.json#pages/direct.fieldCheck/cold/refresh/relation; docs/prototype-review-records/production-timing-v7-evidence/native-wls-browser.json#stableBuild; docs/prototype-review-records/production-timing-v7-evidence/native-fcs-browser.json#finalSummary/finalBuildRuns/contractChecks; docs/prototype-review-records/production-timing-v7-evidence/final-build.log; docs/prototype-review-records/production-timing-v7-evidence/graph-loads-final.json; docs/prototype-review-records/production-timing-v7-evidence/graph-spa-final.json,用户,业务依据：用户认可V7及本会话确认；当前运行DSPY5QtO、532单元、HTML f1c7dc5e8b80；本轮改变的原PDA/看板已重放，未改变图示保留其适用Arc证据；历史JSON保留实际版本；接入版未产品接受、未远端发布
UI-010,v7-integration-design.md §8,全屏图示使用同一数量及时效结论并可进入/退出；打印独立见UI-013,WP3;WP6,src/pages/production-fulfillment/index.ts timing-fullscreen/timing-print; src/pages/production-fulfillment/production-order-diagrams.css,tests/unit/production-timing-scenarios.test.ts 展开图示/历史/未知/归属；tests/unit/production-timing-source-detail.test.ts 同源字段；docs/prototype-review-records/production-timing-v7-evidence/final-build.log,1366×768；对应图示与native冷刷各5，命名轻交互各5以上；具体范围见证据JSON，不含UI-011/012/013,已验证,docs/prototype-review-records/production-timing-v7-evidence/browser-actions.json; docs/prototype-review-records/production-timing-v7-evidence/browser-performance.json#samples; docs/prototype-review-records/production-timing-v7-evidence/final-build.log; docs/prototype-review-records/production-timing-v7-evidence/graph-loads-final.json; docs/prototype-review-records/production-timing-v7-evidence/graph-spa-final.json,用户,业务依据：用户认可V7及本会话确认；当前运行DSPY5QtO、532单元、HTML f1c7dc5e8b80；本轮改变的原PDA/看板已重放，未改变图示保留其适用Arc证据；历史JSON保留实际版本；接入版未产品接受、未远端发布
PAGE-001,v7-integration-design.md §3,生产单列表一单一行，采购待关联不计入生产单数量,WP4,src/pages/production-fulfillment/order-pages.ts renderOrderModulePage; src/pages/production-fulfillment/index.ts; src/data/app-shell-config.ts; src/router/routes.ts,tests/unit/production-timing-scenarios.test.ts 原19+补充1/未关联采购不造生产单；只读配置/静态来源入口核查；docs/prototype-review-records/production-timing-v7-evidence/final-build.log,module-loads-final.json最终8节cold/refresh各5；20场景正式路由各5；不含导出和列拖拽,已验证,docs/prototype-review-records/production-timing-v7-evidence/module-loads-final.json; docs/prototype-review-records/production-timing-v7-evidence/browser-performance.json#samples; docs/prototype-review-records/production-timing-v7-evidence/final-build.log; docs/prototype-review-records/production-timing-v7-evidence/graph-loads-final.json; docs/prototype-review-records/production-timing-v7-evidence/graph-spa-final.json,用户,业务依据：用户认可V7及本会话确认；当前运行DSPY5QtO、532单元、HTML f1c7dc5e8b80；本轮改变的原PDA/看板已重放，未改变图示保留其适用Arc证据；历史JSON保留实际版本；接入版未产品接受、未远端发布
PAGE-002,v7-integration-design.md §3,总览区分整单、当前工作和资料；下钻带筛选,WP4,src/pages/production-fulfillment/order-pages.ts overviewHtml/kpis/handleOrderModuleClick,范围/钻取条件,总览统计/状态图在同页列表筛选已完成3单或当前工作逾期11单各5，最大87.1ms；具体生产单进入同图，返回列表保留当前筛选5组,已验证,docs/prototype-review-records/production-timing-v7-evidence/module-overview-drill-final.json; docs/prototype-review-records/production-timing-v7-evidence/module-diagram-tab-legacy-final.json; docs/prototype-review-records/production-timing-v7-evidence/csv-content-validation-final.json,用户,业务依据：用户认可V7及本会话确认；当前运行DSPY5QtO、532单元、HTML f1c7dc5e8b80；本轮改变的原PDA/看板已重放，未改变图示保留其适用Arc证据；历史JSON保留实际版本；接入版未产品接受、未远端发布
PAGE-003,v7-integration-design.md §3,我的跟单按既定身份筛选，详情不出现角色版本,WP4,src/pages/production-fulfillment/order-pages.ts matchingCases（既定跟单筛选）；继续跟进保存见STORE-003,身份/责任筛选分离,默认陈静；陈静19/王明0各5真实查询，来源是跟单而不是协调人；图示同一份,已验证,docs/prototype-review-records/production-timing-v7-evidence/module-loads-final.json; docs/prototype-review-records/production-timing-v7-evidence/module-list-recovered-actions.json; docs/prototype-review-records/production-timing-v7-evidence/final-build.log; docs/prototype-review-records/production-timing-v7-evidence/module-semantics-final.json,用户,业务依据：用户认可V7及本会话确认；当前运行DSPY5QtO、532单元、HTML f1c7dc5e8b80；本轮改变的原PDA/看板已重放，未改变图示保留其适用Arc证据；历史JSON保留实际版本；接入版未产品接受、未远端发布
PAGE-004,v7-integration-design.md §3,工作及工厂入口定位同一生产单具体任务，不混分母,WP4,src/pages/production-fulfillment/order-pages.ts workRows/workColumns/teamsHtml/teamTaskRows,任务归属/去重,同厂200/50040%；B01实领300/实收0/欠90，B02不冲抵；B01具体任务合同摘要开/关各5、筛选保留,已验证,docs/prototype-review-records/production-timing-v7-evidence/module-loads-final.json; docs/prototype-review-records/production-timing-v7-evidence/module-list-recovered-actions.json; docs/prototype-review-records/production-timing-v7-evidence/final-build.log; docs/prototype-review-records/production-timing-v7-evidence/module-semantics-final.json; docs/prototype-review-records/production-timing-v7-evidence/factory-specific-task-final.json,用户,业务依据：用户认可V7及本会话确认；当前运行DSPY5QtO、532单元、HTML f1c7dc5e8b80；本轮改变的原PDA/看板已重放，未改变图示保留其适用Arc证据；历史JSON保留实际版本；接入版未产品接受、未远端发布
PAGE-005,v7-integration-design.md §3,入库时效分析按最终全量入仓结果及可判样本范围分析,WP4,src/pages/production-fulfillment/order-pages.ts inboundHtml/filtersHtml/matchingCases（入库样本统计与日期/款式检索）,完成/待核实分布及样本,全量最后时间未知单列，分母排除；全范围50%=1/2，未知1各5实际查询/reset,已验证,docs/prototype-review-records/production-timing-v7-evidence/module-loads-final.json; docs/prototype-review-records/production-timing-v7-evidence/module-list-recovered-actions.json; docs/prototype-review-records/production-timing-v7-evidence/final-build.log; docs/prototype-review-records/production-timing-v7-evidence/module-semantics-final.json,用户,业务依据：用户认可V7及本会话确认；当前运行DSPY5QtO、532单元、HTML f1c7dc5e8b80；本轮改变的原PDA/看板已重放，未改变图示保留其适用Arc证据；历史JSON保留实际版本；接入版未产品接受、未远端发布
PAGE-006,v7-integration-design.md §3;5.4,只读口径复用已确认合同；排除来源绑定和规则修改，不提供自动放行或改采购分母,WP4,src/pages/production-fulfillment/order-pages.ts configurationHtml; src/data/fcs/sewing-return-calendar.ts,tests/unit/production-timing-scenarios.test.ts 原19+补充1/未关联采购不造生产单；只读配置/静态来源入口核查；docs/prototype-review-records/production-timing-v7-evidence/final-build.log,module-loads-final.json最终8节cold/refresh各5；20场景正式路由各5；不含导出和列拖拽,已验证,docs/prototype-review-records/production-timing-v7-evidence/module-loads-final.json; docs/prototype-review-records/production-timing-v7-evidence/browser-performance.json#samples; docs/prototype-review-records/production-timing-v7-evidence/final-build.log; docs/prototype-review-records/production-timing-v7-evidence/graph-loads-final.json; docs/prototype-review-records/production-timing-v7-evidence/graph-spa-final.json,用户,业务依据：用户认可V7及本会话确认；当前运行DSPY5QtO、532单元、HTML f1c7dc5e8b80；本轮改变的原PDA/看板已重放，未改变图示保留其适用Arc证据；历史JSON保留实际版本；接入版未产品接受、未远端发布
PAGE-007,v7-integration-design.md §3;8,查询统计列表图表同范围，重置清空，分页与列设置有效；实际下载见PAGE-009，列拖拽见PAGE-010,WP4,src/pages/production-fulfillment/order-pages.ts matchingCases/exportCsv/handleOrderModuleClick/handleOrderModuleColumnDrag; 既有standard-list组件,全范围/无操作列,查询PO0088/重置、统计scope、跟单/入库未知分母各5；分页排序列显示冻结历史未变的操作批次直接绑定,已验证,docs/prototype-review-records/production-timing-v7-evidence/module-loads-final.json; docs/prototype-review-records/production-timing-v7-evidence/module-list-recovered-actions.json; docs/prototype-review-records/production-timing-v7-evidence/final-build.log; docs/prototype-review-records/production-timing-v7-evidence/module-semantics-final.json,用户,业务依据：用户认可V7及本会话确认；当前运行DSPY5QtO、532单元、HTML f1c7dc5e8b80；本轮改变的原PDA/看板已重放，未改变图示保留其适用Arc证据；历史JSON保留实际版本；接入版未产品接受、未远端发布
PAGE-008,v7-integration-design.md §3;6,全部主场景进入正式入口，场景过滤只是辅助演示检索,WP4,src/pages/production-fulfillment/order-pages.ts renderOrderModulePage; src/pages/production-fulfillment/index.ts; src/data/app-shell-config.ts; src/router/routes.ts,tests/unit/production-timing-scenarios.test.ts 原19+补充1/未关联采购不造生产单；只读配置/静态来源入口核查；docs/prototype-review-records/production-timing-v7-evidence/final-build.log,module-loads-final.json最终8节cold/refresh各5；20场景正式路由各5；不含导出和列拖拽,已验证,docs/prototype-review-records/production-timing-v7-evidence/module-loads-final.json; docs/prototype-review-records/production-timing-v7-evidence/browser-performance.json#samples; docs/prototype-review-records/production-timing-v7-evidence/final-build.log; docs/prototype-review-records/production-timing-v7-evidence/graph-loads-final.json; docs/prototype-review-records/production-timing-v7-evidence/graph-spa-final.json,用户,业务依据：用户认可V7及本会话确认；当前运行DSPY5QtO、532单元、HTML f1c7dc5e8b80；本轮改变的原PDA/看板已重放，未改变图示保留其适用Arc证据；历史JSON保留实际版本；接入版未产品接受、未远端发布
MIGRATE-001,v7-integration-design.md §1;3;7,旧DDS需求任务及发货域的页面路由事件字段测试统一收口,WP4;WP5,src/data/app-shell-config.ts; src/router/routes.ts; src/main.ts; src/pages/production-fulfillment/index.ts; src/pages/production-fulfillment/events.ts; src/state/store.ts findMenuItemByPath/pruneProductionTimingTabs; tests/unit/production-timing-tabs.test.ts; src/state/store.ts; scripts/check-dds-task-business-review.mjs（删除）,旧入口引用扫描；tests/unit/production-timing-tabs.test.ts（2项）,旧DDS地址5次撤销；图示入口和返回5组保留当前筛选，新生产单标签身份正确；源码反向核查无旧DDS监控注册,已验证,docs/prototype-review-records/production-timing-v7-evidence/module-diagram-tab-legacy-final.json; docs/prototype-review-records/production-timing-v7-evidence/final-source-review.json; docs/prototype-review-records/production-timing-v7-evidence/final-build.log,用户,业务依据：用户认可V7及本会话确认；当前运行DSPY5QtO、532单元、HTML f1c7dc5e8b80；本轮改变的原PDA/看板已重放，未改变图示保留其适用Arc证据；历史JSON保留实际版本；接入版未产品接受、未远端发布
STORE-001,v7-integration-design.md §7,静态Mock直接读取，首次/刷新/详情不批量写入业务库,WP1;WP5,src/data/production-timing/source.ts 静态读取/documentIndex; src/data/production-timing/fixtures.json,读无写契约,本origin已存在旧库/两键只读hash5次一致，无seed写；该库为空，不冒充非空旧资料验收,已验证,src/data/production-timing/source.ts; docs/prototype-review-records/production-timing-v7-evidence/final-build.log; docs/prototype-review-records/production-timing-v7-evidence/native-pcs-pms-browser.json#pages/direct.fieldCheck/cold/refresh/relation; docs/prototype-review-records/production-timing-v7-evidence/native-wls-browser.json#stableBuild; docs/prototype-review-records/production-timing-v7-evidence/native-fcs-browser.json#finalSummary/finalBuildRuns/contractChecks; docs/prototype-review-records/production-timing-v7-evidence/storage-read-preservation-final.json,用户,业务依据：用户认可V7及本会话确认；当前运行DSPY5QtO、532单元、HTML f1c7dc5e8b80；本轮改变的原PDA/看板已重放，未改变图示保留其适用Arc证据；历史JSON保留实际版本；接入版未产品接受、未远端发布
STORE-002,v7-integration-design.md §7,本轮排除来源绑定和规则修改能力，当前入口停止旧写入；原浏览器资料保留,WP5,src/pages/production-fulfillment/index.ts; src/pages/production-fulfillment/events.ts; src/pages/production-fulfillment/order-pages.ts configurationHtml,旧写入调用入口扫描；隔离浏览器原键内容未改/不再写回；最终证据待补,本轮入口已停止旧来源/配置/资料动作；普通读取无迁移调用、无新业务localStorage入口，原键保留,已验证,docs/prototype-review-records/production-timing-v7-evidence/module-loads-final.json; docs/prototype-review-records/production-timing-v7-evidence/storage-read-preservation-final.json; docs/prototype-review-records/production-timing-v7-evidence/final-source-review.json,用户,业务依据：用户认可V7及本会话确认；当前运行DSPY5QtO、532单元、HTML f1c7dc5e8b80；本轮改变的原PDA/看板已重放，未改变图示保留其适用Arc证据；历史JSON保留实际版本；接入版未产品接受、未远端发布
STORE-003,v7-integration-design.md §7,生产单跟进事务complete后读回确认，稳定ID去重、草稿及空输入状态正确；浏览器故障/冲突另见STORE-005,WP5,src/pages/production-fulfillment/timing-followups.ts renderTimingFollowups/handleTimingFollowupClick/handleTimingFollowupField；followup-storage.ts loadFollowups/saveFollowup；index.ts/events.ts弹窗集成,tests/unit/production-timing-followups.test.ts 七项：普通读取/事务与读回/稳定ID/保存失败输入/未知读回/归属/旧记录；docs/prototype-review-records/production-timing-v7-evidence/final-build.log,127 origin：普通保存5次结果≤45.9ms；修复后关闭重开与连续保存5组结果≤46.4ms；刷新5次空输入未保存且历史可读；独立标签读出15条验收记录,已验证,docs/prototype-review-records/production-timing-v7-evidence/followup-browser-normal.json; docs/prototype-review-records/production-timing-v7-evidence/followup-browser-refresh.json; docs/prototype-review-records/production-timing-v7-evidence/followup-browser-final.json; docs/prototype-review-records/production-timing-v7-evidence/followup-browser-newtab.json; docs/prototype-review-records/production-timing-v7-evidence/final-build.log,用户,业务依据：用户认可V7及本会话确认；当前运行DSPY5QtO、532单元、HTML f1c7dc5e8b80；本轮改变的原PDA/看板已重放，未改变图示保留其适用Arc证据；历史JSON保留实际版本；接入版未产品接受、未远端发布
STORE-004,v7-integration-design.md §7,本次不删除、不迁移原DDS浏览器资料；旧需求跟进不猜归属或复制到多生产单,WP5,src/pages/production-fulfillment/index.ts; src/pages/production-fulfillment/events.ts（移除能力不再触发旧流程）；原旧键/IDB记录原样保留,停止旧动作调用；旧键/IDB记录内容保留；不存在自动清理或猜映射；最终证据待补,实际空旧库读取保留；旧需求不猜归属及无迁移入口按专项/源审查；非空旧库实测不宣称通过,已验证,docs/prototype-review-records/production-timing-v7-evidence/followup-browser-normal.json; docs/prototype-review-records/production-timing-v7-evidence/followup-browser-refresh.json; docs/prototype-review-records/production-timing-v7-evidence/followup-browser-final.json; docs/prototype-review-records/production-timing-v7-evidence/followup-browser-newtab.json; docs/prototype-review-records/production-timing-v7-evidence/final-build.log; docs/prototype-review-records/production-timing-v7-evidence/storage-read-preservation-final.json,用户,业务依据：用户认可V7及本会话确认；当前运行DSPY5QtO、532单元、HTML f1c7dc5e8b80；本轮改变的原PDA/看板已重放，未改变图示保留其适用Arc证据；历史JSON保留实际版本；接入版未产品接受、未远端发布
VERIFY-001,v7-integration-design.md §8,全部适用加载交互每项至少5次，全样本<=1000ms,WP6,主代理最终浏览器/原型审查记录及版本回执（证据待补）; src/pages/production-fulfillment/index.ts ready,完整原始样本判定,图示/模块/三屏/CSV/打印适用历史样本保留；本轮受影响原生PDA/看板85最终完整样本全≤1000ms、最大842.9ms，旧超时和诊断均保留。两个受权限拒绝动作无法测量，总体性能门禁仍未关闭。,已阻塞,docs/prototype-review-records/production-timing-v7-evidence/graph-ArcJUalF-final-navigation.json; docs/prototype-review-records/production-timing-v7-evidence/graph-ArcJUalF-final-spa.json; docs/prototype-review-records/production-timing-v7-evidence/module-ArcJUalF-final-navigation.json; docs/prototype-review-records/production-timing-v7-evidence/devices-ArcJUalF-final.json; docs/prototype-review-records/production-timing-v7-evidence/pda-exec-link-index-final-raw.json; docs/prototype-review-records/production-timing-v7-evidence/permission-retry-latest.json; docs/prototype-review-records/production-timing-v7-evidence/missing-date-acceptance-final.json; docs/prototype-review-records/production-timing-v7-evidence/permission-after-user-settings.json; docs/prototype-review-records/production-timing-v7-evidence/missing-date-acceptance-final.json; docs/prototype-review-records/production-timing-v7-evidence/permission-after-user-settings.json,用户,业务依据：用户认可V7及本会话确认；当前运行DSPY5QtO、532单元、HTML f1c7dc5e8b80；本轮改变的原PDA/看板已重放，未改变图示保留其适用Arc证据；历史JSON保留实际版本；接入版未产品接受、未远端发布
VERIFY-002,v7-integration-design.md §8,最后实质修改后重新生成当前版本证据，不继承独立V7验收,WP6,主代理最终浏览器/原型审查记录及版本回执（证据待补）; src/pages/production-fulfillment/index.ts ready,版本及文件指纹,DSPY5QtO/532/HTML f1c7dc5e8b80同工作树服务；本轮实质修改的原生PDA/看板85样本在最后源码变更后生成；图示/Mock/CSS无本轮变更并保留适用历史证据。强一致与故障两项当前证据仍阻断，完整最终版本验收不关闭。,已阻塞,docs/prototype-review-records/production-timing-v7-evidence/final-source-inventory.json; docs/prototype-review-records/production-timing-v7-evidence/final-source-review.json; docs/prototype-review-records/production-timing-v7-evidence/permission-retry-latest.json,用户,业务依据：用户认可V7及本会话确认；当前运行DSPY5QtO、532单元、HTML f1c7dc5e8b80；本轮改变的原PDA/看板已重放，未改变图示保留其适用Arc证据；历史JSON保留实际版本；接入版未产品接受、未远端发布
VERIFY-003,v7-integration-design.md §8,需求到实现证据及实现回需求双向审查，没有假链接缺图漏场景,WP6,主代理最终浏览器/原型审查记录及版本回执（证据待补）; src/pages/production-fulfillment/index.ts ready,覆盖完整性与反向扫描,106条正向、81运行/测试路径反向审查；所有证据存在，旧删除明确，V7原19场景及20/1761登记保持不变；新增原生缺日期复用一条既有任务，不增加图示场景。两权限门禁明确保留，审查完成不冒充总体通过。,已验证,docs/prototype-review-records/production-timing-v7-evidence/final-source-review.json; docs/prototype-review-records/production-timing-v7-evidence/final-source-inventory.json; docs/product-design/production-fulfillment-timeliness/v7-integration-matrix.csv,用户,业务依据：用户认可V7及本会话确认；当前运行DSPY5QtO、532单元、HTML f1c7dc5e8b80；本轮改变的原PDA/看板已重放，未改变图示保留其适用Arc证据；历史JSON保留实际版本；接入版未产品接受、未远端发布
VERIFY-004,v7-integration-design.md §8,代码完成与产品接受及远端发布分别记录,WP6,主代理最终浏览器/原型审查记录及版本回执（证据待补）; src/pages/production-fulfillment/index.ts ready,状态证据检查,文档交付状态登记，性能不适用；没有远端发布或产品接受回执,已验证,docs/prototype-review-records/2026-10-08-production-timing-v7-integration.md,用户,业务依据：用户认可V7及本会话确认；当前运行DSPY5QtO、532单元、HTML f1c7dc5e8b80；本轮改变的原PDA/看板已重放，未改变图示保留其适用Arc证据；历史JSON保留实际版本；接入版未产品接受、未远端发布
SCENE-01,v7-integration-design.md §6,准备历史晚1天、F01采购历史晚2天、袖片当前晚1天余600片,WP1;WP2;WP3;WP4,src/data/production-timing/fixtures.json scene=late; src/data/production-timing/source.ts; src/pages/production-fulfillment/production-order-diagrams.ts; src/pages/production-fulfillment/source-document-detail.ts,tests/unit/production-timing-scenarios.test.ts SCENE late展开节点及直接业务契约；tests/unit/production-timing-source-detail.test.ts 全登记直达/关系；docs/prototype-review-records/production-timing-v7-evidence/final-build.log,1366×768；VIsb9cR6真实路由cold/refresh/SPA各5；加载200最大233ms、站内100最大39.2ms，无图片失败/横溢；固定核实点2026-10-07 09:00；不继承独立HTML像素/性能,已验证,docs/prototype-review-records/production-timing-v7-evidence/browser-performance.json#samples; docs/prototype-review-records/production-timing-v7-evidence/final-build.log; docs/prototype-review-records/production-timing-v7-evidence/graph-loads-final.json; docs/prototype-review-records/production-timing-v7-evidence/graph-spa-final.json,用户,业务依据：用户认可V7及本会话确认；当前运行DSPY5QtO、532单元、HTML f1c7dc5e8b80；本轮改变的原PDA/看板已重放，未改变图示保留其适用Arc证据；历史JSON保留实际版本；接入版未产品接受、未远端发布
SCENE-02,v7-integration-design.md §6,B实收150/500、30%按期、未来70%未到期、仓库750,WP1;WP2;WP3;WP4,src/data/production-timing/fixtures.json scene=normal; src/data/production-timing/source.ts; src/pages/production-fulfillment/production-order-diagrams.ts; src/pages/production-fulfillment/source-document-detail.ts,tests/unit/production-timing-scenarios.test.ts SCENE normal展开节点及直接业务契约；tests/unit/production-timing-source-detail.test.ts 全登记直达/关系；docs/prototype-review-records/production-timing-v7-evidence/final-build.log,1366×768；VIsb9cR6真实路由cold/refresh/SPA各5；加载200最大233ms、站内100最大39.2ms，无图片失败/横溢；固定核实点2026-10-07 09:00；不继承独立HTML像素/性能,已验证,docs/prototype-review-records/production-timing-v7-evidence/browser-performance.json#samples; docs/prototype-review-records/production-timing-v7-evidence/final-build.log; docs/prototype-review-records/production-timing-v7-evidence/graph-loads-final.json; docs/prototype-review-records/production-timing-v7-evidence/graph-spa-final.json,用户,业务依据：用户认可V7及本会话确认；当前运行DSPY5QtO、532单元、HTML f1c7dc5e8b80；本轮改变的原PDA/看板已重放，未改变图示保留其适用Arc证据；历史JSON保留实际版本；接入版未产品接受、未远端发布
SCENE-03,v7-integration-design.md §6,全量1500且最后入库10-06 15:00按期，当前生产欠0,WP1;WP2;WP3;WP4,src/data/production-timing/fixtures.json scene=complete; src/data/production-timing/source.ts; src/pages/production-fulfillment/production-order-diagrams.ts; src/pages/production-fulfillment/source-document-detail.ts,tests/unit/production-timing-scenarios.test.ts SCENE complete展开节点及直接业务契约；tests/unit/production-timing-source-detail.test.ts 全登记直达/关系；docs/prototype-review-records/production-timing-v7-evidence/final-build.log,1366×768；VIsb9cR6真实路由cold/refresh/SPA各5；加载200最大233ms、站内100最大39.2ms，无图片失败/横溢；固定核实点2026-10-07 09:00；不继承独立HTML像素/性能,已验证,docs/prototype-review-records/production-timing-v7-evidence/browser-performance.json#samples; docs/prototype-review-records/production-timing-v7-evidence/final-build.log; docs/prototype-review-records/production-timing-v7-evidence/graph-loads-final.json; docs/prototype-review-records/production-timing-v7-evidence/graph-spa-final.json,用户,业务依据：用户认可V7及本会话确认；当前运行DSPY5QtO、532单元、HTML f1c7dc5e8b80；本轮改变的原PDA/看板已重放，未改变图示保留其适用Arc证据；历史JSON保留实际版本；接入版未产品接受、未远端发布
SCENE-04,v7-integration-design.md §6,截止10-05 09:00、全量10-06 15:00，历史晚1天6小时,WP1;WP2;WP3;WP4,src/data/production-timing/fixtures.json scene=completeLate; src/data/production-timing/source.ts; src/pages/production-fulfillment/production-order-diagrams.ts; src/pages/production-fulfillment/source-document-detail.ts,tests/unit/production-timing-scenarios.test.ts SCENE completeLate展开节点及直接业务契约；tests/unit/production-timing-source-detail.test.ts 全登记直达/关系；docs/prototype-review-records/production-timing-v7-evidence/final-build.log,1366×768；VIsb9cR6真实路由cold/refresh/SPA各5；加载200最大233ms、站内100最大39.2ms，无图片失败/横溢；固定核实点2026-10-07 09:00；不继承独立HTML像素/性能,已验证,docs/prototype-review-records/production-timing-v7-evidence/browser-performance.json#samples; docs/prototype-review-records/production-timing-v7-evidence/final-build.log; docs/prototype-review-records/production-timing-v7-evidence/graph-loads-final.json; docs/prototype-review-records/production-timing-v7-evidence/graph-spa-final.json,用户,业务依据：用户认可V7及本会话确认；当前运行DSPY5QtO、532单元、HTML f1c7dc5e8b80；本轮改变的原PDA/看板已重放，未改变图示保留其适用Arc证据；历史JSON保留实际版本；接入版未产品接受、未远端发布
SCENE-05,v7-integration-design.md §6,全量1500、最终时间未知，按期待核实而非待生产,WP1;WP2;WP3;WP4,src/data/production-timing/fixtures.json scene=completeUnknown; src/data/production-timing/source.ts; src/pages/production-fulfillment/production-order-diagrams.ts; src/pages/production-fulfillment/source-document-detail.ts,tests/unit/production-timing-scenarios.test.ts SCENE completeUnknown展开节点及直接业务契约；tests/unit/production-timing-source-detail.test.ts 全登记直达/关系；docs/prototype-review-records/production-timing-v7-evidence/final-build.log,1366×768；VIsb9cR6真实路由cold/refresh/SPA各5；加载200最大233ms、站内100最大39.2ms，无图片失败/横溢；固定核实点2026-10-07 09:00；不继承独立HTML像素/性能,已验证,docs/prototype-review-records/production-timing-v7-evidence/browser-performance.json#samples; docs/prototype-review-records/production-timing-v7-evidence/final-build.log; docs/prototype-review-records/production-timing-v7-evidence/graph-loads-final.json; docs/prototype-review-records/production-timing-v7-evidence/graph-spa-final.json,用户,业务依据：用户认可V7及本会话确认；当前运行DSPY5QtO、532单元、HTML f1c7dc5e8b80；本轮改变的原PDA/看板已重放，未改变图示保留其适用Arc证据；历史JSON保留实际版本；接入版未产品接受、未远端发布
SCENE-06,v7-integration-design.md §6,150已实收位置待核实，不填0、不丢数量,WP1;WP2;WP3;WP4,src/data/production-timing/fixtures.json scene=partial; src/data/production-timing/source.ts; src/pages/production-fulfillment/production-order-diagrams.ts; src/pages/production-fulfillment/source-document-detail.ts,tests/unit/production-timing-scenarios.test.ts SCENE partial展开节点及直接业务契约；tests/unit/production-timing-source-detail.test.ts 全登记直达/关系；docs/prototype-review-records/production-timing-v7-evidence/final-build.log,1366×768；VIsb9cR6真实路由cold/refresh/SPA各5；加载200最大233ms、站内100最大39.2ms，无图片失败/横溢；固定核实点2026-10-07 09:00；不继承独立HTML像素/性能,已验证,docs/prototype-review-records/production-timing-v7-evidence/browser-performance.json#samples; docs/prototype-review-records/production-timing-v7-evidence/final-build.log; docs/prototype-review-records/production-timing-v7-evidence/graph-loads-final.json; docs/prototype-review-records/production-timing-v7-evidence/graph-spa-final.json,用户,业务依据：用户认可V7及本会话确认；当前运行DSPY5QtO、532单元、HTML f1c7dc5e8b80；本轮改变的原PDA/看板已重放，未改变图示保留其适用Arc证据；历史JSON保留实际版本；接入版未产品接受、未远端发布
SCENE-07,v7-integration-design.md §6,采购逆序仍最早09-20 09:00，准备与整单截止不变,WP1;WP2;WP3;WP4,src/data/production-timing/fixtures.json scene=reordered; src/data/production-timing/source.ts; src/pages/production-fulfillment/production-order-diagrams.ts; src/pages/production-fulfillment/source-document-detail.ts,tests/unit/production-timing-scenarios.test.ts SCENE reordered展开节点及直接业务契约；tests/unit/production-timing-source-detail.test.ts 全登记直达/关系；docs/prototype-review-records/production-timing-v7-evidence/final-build.log,1366×768；VIsb9cR6真实路由cold/refresh/SPA各5；加载200最大233ms、站内100最大39.2ms，无图片失败/横溢；固定核实点2026-10-07 09:00；不继承独立HTML像素/性能,已验证,docs/prototype-review-records/production-timing-v7-evidence/browser-performance.json#samples; docs/prototype-review-records/production-timing-v7-evidence/final-build.log; docs/prototype-review-records/production-timing-v7-evidence/graph-loads-final.json; docs/prototype-review-records/production-timing-v7-evidence/graph-spa-final.json,用户,业务依据：用户认可V7及本会话确认；当前运行DSPY5QtO、532单元、HTML f1c7dc5e8b80；本轮改变的原PDA/看板已重放，未改变图示保留其适用Arc证据；历史JSON保留实际版本；接入版未产品接受、未远端发布
SCENE-08,v7-integration-design.md §6,30%实际10-05 12:00，晚12小时、当前欠0,WP1;WP2;WP3;WP4,src/data/production-timing/fixtures.json scene=reachedLate; src/data/production-timing/source.ts; src/pages/production-fulfillment/production-order-diagrams.ts; src/pages/production-fulfillment/source-document-detail.ts,tests/unit/production-timing-scenarios.test.ts SCENE reachedLate展开节点及直接业务契约；tests/unit/production-timing-source-detail.test.ts 全登记直达/关系；docs/prototype-review-records/production-timing-v7-evidence/final-build.log,1366×768；VIsb9cR6真实路由cold/refresh/SPA各5；加载200最大233ms、站内100最大39.2ms，无图片失败/横溢；固定核实点2026-10-07 09:00；不继承独立HTML像素/性能,已验证,docs/prototype-review-records/production-timing-v7-evidence/browser-performance.json#samples; docs/prototype-review-records/production-timing-v7-evidence/final-build.log; docs/prototype-review-records/production-timing-v7-evidence/graph-loads-final.json; docs/prototype-review-records/production-timing-v7-evidence/graph-spa-final.json,用户,业务依据：用户认可V7及本会话确认；当前运行DSPY5QtO、532单元、HTML f1c7dc5e8b80；本轮改变的原PDA/看板已重放，未改变图示保留其适用Arc证据；历史JSON保留实际版本；接入版未产品接受、未远端发布
SCENE-09,v7-integration-design.md §6,准备5天、已用4.5天不逾期，不造未来已完事实,WP1;WP2;WP3;WP4,src/data/production-timing/fixtures.json scene=positioning; src/data/production-timing/source.ts; src/pages/production-fulfillment/production-order-diagrams.ts; src/pages/production-fulfillment/source-document-detail.ts,tests/unit/production-timing-scenarios.test.ts SCENE positioning展开节点及直接业务契约；tests/unit/production-timing-source-detail.test.ts 全登记直达/关系；docs/prototype-review-records/production-timing-v7-evidence/final-build.log,1366×768；VIsb9cR6真实路由cold/refresh/SPA各5；加载200最大233ms、站内100最大39.2ms，无图片失败/横溢；固定核实点2026-10-07 09:00；不继承独立HTML像素/性能,已验证,docs/prototype-review-records/production-timing-v7-evidence/browser-performance.json#samples; docs/prototype-review-records/production-timing-v7-evidence/final-build.log; docs/prototype-review-records/production-timing-v7-evidence/graph-loads-final.json; docs/prototype-review-records/production-timing-v7-evidence/graph-spa-final.json,用户,业务依据：用户认可V7及本会话确认；当前运行DSPY5QtO、532单元、HTML f1c7dc5e8b80；本轮改变的原PDA/看板已重放，未改变图示保留其适用Arc证据；历史JSON保留实际版本；接入版未产品接受、未远端发布
SCENE-10,v7-integration-design.md §6,制作已完交出待收、准备未关闭、无假技术包发布,WP1;WP2;WP3;WP4,src/data/production-timing/fixtures.json scene=prepPending; src/data/production-timing/source.ts; src/pages/production-fulfillment/production-order-diagrams.ts; src/pages/production-fulfillment/source-document-detail.ts,tests/unit/production-timing-scenarios.test.ts SCENE prepPending展开节点及直接业务契约；tests/unit/production-timing-source-detail.test.ts 全登记直达/关系；docs/prototype-review-records/production-timing-v7-evidence/final-build.log,1366×768；VIsb9cR6真实路由cold/refresh/SPA各5；加载200最大233ms、站内100最大39.2ms，无图片失败/横溢；固定核实点2026-10-07 09:00；不继承独立HTML像素/性能,已验证,docs/prototype-review-records/production-timing-v7-evidence/browser-performance.json#samples; docs/prototype-review-records/production-timing-v7-evidence/final-build.log; docs/prototype-review-records/production-timing-v7-evidence/graph-loads-final.json; docs/prototype-review-records/production-timing-v7-evidence/graph-spa-final.json,用户,业务依据：用户认可V7及本会话确认；当前运行DSPY5QtO、532单元、HTML f1c7dc5e8b80；本轮改变的原PDA/看板已重放，未改变图示保留其适用Arc证据；历史JSON保留实际版本；接入版未产品接受、未远端发布
SCENE-11,v7-integration-design.md §6,实领10-02、样衣要求10-05、10-06晚交未通过不改回货,WP1;WP2;WP3;WP4,src/data/production-timing/fixtures.json scene=sampleLate; src/data/production-timing/source.ts; src/pages/production-fulfillment/production-order-diagrams.ts; src/pages/production-fulfillment/source-document-detail.ts,tests/unit/production-timing-scenarios.test.ts SCENE sampleLate展开节点及直接业务契约；tests/unit/production-timing-source-detail.test.ts 全登记直达/关系；docs/prototype-review-records/production-timing-v7-evidence/final-build.log,1366×768；VIsb9cR6真实路由cold/refresh/SPA各5；加载200最大233ms、站内100最大39.2ms，无图片失败/横溢；固定核实点2026-10-07 09:00；不继承独立HTML像素/性能,已验证,docs/prototype-review-records/production-timing-v7-evidence/browser-performance.json#samples; docs/prototype-review-records/production-timing-v7-evidence/final-build.log; docs/prototype-review-records/production-timing-v7-evidence/graph-loads-final.json; docs/prototype-review-records/production-timing-v7-evidence/graph-spa-final.json,用户,业务依据：用户认可V7及本会话确认；当前运行DSPY5QtO、532单元、HTML f1c7dc5e8b80；本轮改变的原PDA/看板已重放，未改变图示保留其适用Arc证据；历史JSON保留实际版本；接入版未产品接受、未远端发布
SCENE-12,v7-integration-design.md §6,到期样衣未交，无假交出接收和结束时间,WP1;WP2;WP3;WP4,src/data/production-timing/fixtures.json scene=samplePending; src/data/production-timing/source.ts; src/pages/production-fulfillment/production-order-diagrams.ts; src/pages/production-fulfillment/source-document-detail.ts,tests/unit/production-timing-scenarios.test.ts SCENE samplePending展开节点及直接业务契约；tests/unit/production-timing-source-detail.test.ts 全登记直达/关系；docs/prototype-review-records/production-timing-v7-evidence/final-build.log,1366×768；VIsb9cR6真实路由cold/refresh/SPA各5；加载200最大233ms、站内100最大39.2ms，无图片失败/横溢；固定核实点2026-10-07 09:00；不继承独立HTML像素/性能,已验证,docs/prototype-review-records/production-timing-v7-evidence/browser-performance.json#samples; docs/prototype-review-records/production-timing-v7-evidence/final-build.log; docs/prototype-review-records/production-timing-v7-evidence/graph-loads-final.json; docs/prototype-review-records/production-timing-v7-evidence/graph-spa-final.json,用户,业务依据：用户认可V7及本会话确认；当前运行DSPY5QtO、532单元、HTML f1c7dc5e8b80；本轮改变的原PDA/看板已重放，未改变图示保留其适用Arc证据；历史JSON保留实际版本；接入版未产品接受、未远端发布
SCENE-13,v7-integration-design.md §6,三种合同4/8/9、5/9/10、6/9/12同屏独立,WP1;WP2;WP3;WP4,src/data/production-timing/fixtures.json scene=fullContract; src/data/production-timing/source.ts; src/pages/production-fulfillment/production-order-diagrams.ts; src/pages/production-fulfillment/source-document-detail.ts,tests/unit/production-timing-scenarios.test.ts SCENE fullContract展开节点及直接业务契约；tests/unit/production-timing-source-detail.test.ts 全登记直达/关系；docs/prototype-review-records/production-timing-v7-evidence/final-build.log,1366×768；VIsb9cR6真实路由cold/refresh/SPA各5；加载200最大233ms、站内100最大39.2ms，无图片失败/横溢；固定核实点2026-10-07 09:00；不继承独立HTML像素/性能,已验证,docs/prototype-review-records/production-timing-v7-evidence/browser-performance.json#samples; docs/prototype-review-records/production-timing-v7-evidence/final-build.log; docs/prototype-review-records/production-timing-v7-evidence/graph-loads-final.json; docs/prototype-review-records/production-timing-v7-evidence/graph-spa-final.json,用户,业务依据：用户认可V7及本会话确认；当前运行DSPY5QtO、532单元、HTML f1c7dc5e8b80；本轮改变的原PDA/看板已重放，未改变图示保留其适用Arc证据；历史JSON保留实际版本；接入版未产品接受、未远端发布
SCENE-14,v7-integration-design.md §6,600库存批先行及900补采批每道独立单据交接,WP1;WP2;WP3;WP4,src/data/production-timing/fixtures.json scene=materialBatches; src/data/production-timing/source.ts; src/pages/production-fulfillment/production-order-diagrams.ts; src/pages/production-fulfillment/source-document-detail.ts,tests/unit/production-timing-scenarios.test.ts SCENE materialBatches展开节点及直接业务契约；tests/unit/production-timing-source-detail.test.ts 全登记直达/关系；docs/prototype-review-records/production-timing-v7-evidence/final-build.log,1366×768；VIsb9cR6真实路由cold/refresh/SPA各5；加载200最大233ms、站内100最大39.2ms，无图片失败/横溢；固定核实点2026-10-07 09:00；不继承独立HTML像素/性能,已验证,docs/prototype-review-records/production-timing-v7-evidence/browser-performance.json#samples; docs/prototype-review-records/production-timing-v7-evidence/final-build.log; docs/prototype-review-records/production-timing-v7-evidence/graph-loads-final.json; docs/prototype-review-records/production-timing-v7-evidence/graph-spa-final.json,用户,业务依据：用户认可V7及本会话确认；当前运行DSPY5QtO、532单元、HTML f1c7dc5e8b80；本轮改变的原PDA/看板已重放，未改变图示保留其适用Arc证据；历史JSON保留实际版本；接入版未产品接受、未远端发布
SCENE-15,v7-integration-design.md §6,600实收、900采购待入仓当前超时，无假900实收,WP1;WP2;WP3;WP4,src/data/production-timing/fixtures.json scene=materialPartial; src/data/production-timing/source.ts; src/pages/production-fulfillment/production-order-diagrams.ts; src/pages/production-fulfillment/source-document-detail.ts,tests/unit/production-timing-scenarios.test.ts SCENE materialPartial展开节点及直接业务契约；tests/unit/production-timing-source-detail.test.ts 全登记直达/关系；docs/prototype-review-records/production-timing-v7-evidence/final-build.log,1366×768；VIsb9cR6真实路由cold/refresh/SPA各5；加载200最大233ms、站内100最大39.2ms，无图片失败/横溢；固定核实点2026-10-07 09:00；不继承独立HTML像素/性能,已验证,docs/prototype-review-records/production-timing-v7-evidence/browser-performance.json#samples; docs/prototype-review-records/production-timing-v7-evidence/final-build.log; docs/prototype-review-records/production-timing-v7-evidence/graph-loads-final.json; docs/prototype-review-records/production-timing-v7-evidence/graph-spa-final.json,用户,业务依据：用户认可V7及本会话确认；当前运行DSPY5QtO、532单元、HTML f1c7dc5e8b80；本轮改变的原PDA/看板已重放，未改变图示保留其适用Arc证据；历史JSON保留实际版本；接入版未产品接受、未远端发布
SCENE-16,v7-integration-design.md §6,1500=工厂600+后道150+待收150+仓库600,WP1;WP2;WP3;WP4,src/data/production-timing/fixtures.json scene=live; src/data/production-timing/source.ts; src/pages/production-fulfillment/production-order-diagrams.ts; src/pages/production-fulfillment/source-document-detail.ts,tests/unit/production-timing-scenarios.test.ts SCENE live展开节点及直接业务契约；tests/unit/production-timing-source-detail.test.ts 全登记直达/关系；docs/prototype-review-records/production-timing-v7-evidence/final-build.log,1366×768；VIsb9cR6真实路由cold/refresh/SPA各5；加载200最大233ms、站内100最大39.2ms，无图片失败/横溢；固定核实点2026-10-07 09:00；不继承独立HTML像素/性能,已验证,docs/prototype-review-records/production-timing-v7-evidence/browser-performance.json#samples; docs/prototype-review-records/production-timing-v7-evidence/final-build.log; docs/prototype-review-records/production-timing-v7-evidence/graph-loads-final.json; docs/prototype-review-records/production-timing-v7-evidence/graph-spa-final.json,用户,业务依据：用户认可V7及本会话确认；当前运行DSPY5QtO、532单元、HTML f1c7dc5e8b80；本轮改变的原PDA/看板已重放，未改变图示保留其适用Arc证据；历史JSON保留实际版本；接入版未产品接受、未远端发布
SCENE-17,v7-integration-design.md §6,采购240776无生产单，仓库未知，不计生产单数量,WP1;WP2;WP3;WP4,src/data/production-timing/fixtures.json scene=unknown; src/data/production-timing/source.ts; src/pages/production-fulfillment/production-order-diagrams.ts; src/pages/production-fulfillment/source-document-detail.ts,tests/unit/production-timing-scenarios.test.ts SCENE unknown展开节点及直接业务契约；tests/unit/production-timing-source-detail.test.ts 全登记直达/关系；docs/prototype-review-records/production-timing-v7-evidence/final-build.log,1366×768；VIsb9cR6真实路由cold/refresh/SPA各5；加载200最大233ms、站内100最大39.2ms，无图片失败/横溢；固定核实点2026-10-07 09:00；不继承独立HTML像素/性能,已验证,docs/prototype-review-records/production-timing-v7-evidence/browser-performance.json#samples; docs/prototype-review-records/production-timing-v7-evidence/final-build.log; docs/prototype-review-records/production-timing-v7-evidence/graph-loads-final.json; docs/prototype-review-records/production-timing-v7-evidence/graph-spa-final.json,用户,业务依据：用户认可V7及本会话确认；当前运行DSPY5QtO、532单元、HTML f1c7dc5e8b80；本轮改变的原PDA/看板已重放，未改变图示保留其适用Arc证据；历史JSON保留实际版本；接入版未产品接受、未远端发布
SCENE-18,v7-integration-design.md §6,1500中任务记录1200、300归属待核实非已核实未分配,WP1;WP2;WP3;WP4,src/data/production-timing/fixtures.json scene=unassigned; src/data/production-timing/source.ts; src/pages/production-fulfillment/production-order-diagrams.ts; src/pages/production-fulfillment/source-document-detail.ts,tests/unit/production-timing-scenarios.test.ts SCENE unassigned展开节点及直接业务契约；tests/unit/production-timing-source-detail.test.ts 全登记直达/关系；docs/prototype-review-records/production-timing-v7-evidence/final-build.log,1366×768；VIsb9cR6真实路由cold/refresh/SPA各5；加载200最大233ms、站内100最大39.2ms，无图片失败/横溢；固定核实点2026-10-07 09:00；不继承独立HTML像素/性能,已验证,docs/prototype-review-records/production-timing-v7-evidence/browser-performance.json#samples; docs/prototype-review-records/production-timing-v7-evidence/final-build.log; docs/prototype-review-records/production-timing-v7-evidence/graph-loads-final.json; docs/prototype-review-records/production-timing-v7-evidence/graph-spa-final.json,用户,业务依据：用户认可V7及本会话确认；当前运行DSPY5QtO、532单元、HTML f1c7dc5e8b80；本轮改变的原PDA/看板已重放，未改变图示保留其适用Arc证据；历史JSON保留实际版本；接入版未产品接受、未远端发布
SCENE-19,v7-integration-design.md §6,B01实领300实收0欠90；B02实领200实收200，工厂40%不抵扣,WP1;WP2;WP3;WP4,src/data/production-timing/fixtures.json scene=sameFactory; src/data/production-timing/source.ts; src/pages/production-fulfillment/production-order-diagrams.ts; src/pages/production-fulfillment/source-document-detail.ts,tests/unit/production-timing-scenarios.test.ts SCENE sameFactory展开节点及直接业务契约；tests/unit/production-timing-source-detail.test.ts 全登记直达/关系；docs/prototype-review-records/production-timing-v7-evidence/final-build.log,1366×768；VIsb9cR6真实路由cold/refresh/SPA各5；加载200最大233ms、站内100最大39.2ms，无图片失败/横溢；固定核实点2026-10-07 09:00；不继承独立HTML像素/性能,已验证,docs/prototype-review-records/production-timing-v7-evidence/browser-performance.json#samples; docs/prototype-review-records/production-timing-v7-evidence/final-build.log; docs/prototype-review-records/production-timing-v7-evidence/graph-loads-final.json; docs/prototype-review-records/production-timing-v7-evidence/graph-spa-final.json,用户,业务依据：用户认可V7及本会话确认；当前运行DSPY5QtO、532单元、HTML f1c7dc5e8b80；本轮改变的原PDA/看板已重放，未改变图示保留其适用Arc证据；历史JSON保留实际版本；接入版未产品接受、未远端发布
SCENE-20,v7-integration-design.md §6;5.3;5.5,额外交接部分实收场景：袖片交出3000片/实收2400片/差额600片待确认，不折算成衣件数,WP1;WP2;WP3;WP4,src/data/production-timing/fixtures.json scene=handoverPartial / PO-202610-0105; src/pages/production-fulfillment/production-order-diagrams.ts legNode; src/pages/production-fulfillment/source-document-detail.ts handoverDetails,tests/unit/production-timing-scenarios.test.ts SCENE handoverPartial展开节点及直接业务契约；tests/unit/production-timing-source-detail.test.ts 全登记直达/关系；docs/prototype-review-records/production-timing-v7-evidence/final-build.log,1366×768；VIsb9cR6真实路由cold/refresh/SPA各5；加载200最大233ms、站内100最大39.2ms，无图片失败/横溢；固定核实点2026-10-07 09:00；不继承独立HTML像素/性能,已验证,docs/prototype-review-records/production-timing-v7-evidence/browser-performance.json#samples; docs/prototype-review-records/production-timing-v7-evidence/final-build.log; docs/prototype-review-records/production-timing-v7-evidence/graph-loads-final.json; docs/prototype-review-records/production-timing-v7-evidence/graph-spa-final.json,用户,业务依据：用户认可V7及本会话确认；当前运行DSPY5QtO、532单元、HTML f1c7dc5e8b80；本轮改变的原PDA/看板已重放，未改变图示保留其适用Arc证据；历史JSON保留实际版本；接入版未产品接受、未远端发布
PAGE-009,v7-integration-design.md §3;8.2,实际CSV下载内容与当前查询统计范围相同，导出全部结果且无操作列,WP4;WP6,src/pages/production-fulfillment/order-pages.ts exportCsv,源码范围/CSV格式契约；docs/prototype-review-records/production-timing-v7-evidence/final-build.log,实际下载8类结果各5共40，最大367ms；全结果含19生产单与独立待关联1条标记，筛选PO0088只1条；核对最早采购+28天、原数量、959工作/29合同任务、未知不填0、无操作列；旧拒绝记录保留,已验证,docs/prototype-review-records/production-timing-v7-evidence/csv-download-final.json; docs/prototype-review-records/production-timing-v7-evidence/csv-content-validation-final.json; docs/prototype-review-records/production-timing-v7-evidence/permission-retry-latest.json,用户,业务依据：用户认可V7及本会话确认；当前运行DSPY5QtO、532单元、HTML f1c7dc5e8b80；本轮改变的原PDA/看板已重放，未改变图示保留其适用Arc证据；历史JSON保留实际版本；接入版未产品接受、未远端发布
PAGE-010,v7-integration-design.md §3;8.2,列拖拽调整顺序后实际显示与偏好一致，失败不阻断业务；列宽沿用固定值，不新增拖宽,WP4;WP6,src/pages/production-fulfillment/order-pages.ts handleOrderModuleColumnDrag；既有standard-list,少量偏好治理/处理入口检查；docs/prototype-review-records/production-timing-v7-evidence/final-build.log,5次实际拖动style与health交换，表头顺序逐次核对，最终恢复默认；不含调整列宽,已验证,docs/prototype-review-records/production-timing-v7-evidence/module-list-recovered-actions.json; docs/prototype-review-records/production-timing-v7-evidence/column-drag-final.json,用户,业务依据：用户认可V7及本会话确认；当前运行DSPY5QtO、532单元、HTML f1c7dc5e8b80；本轮改变的原PDA/看板已重放，未改变图示保留其适用Arc证据；历史JSON保留实际版本；接入版未产品接受、未远端发布
UI-011,v7-integration-design.md §1;4.2;8.2,原19场景在同有效内容宽度下与认可V7逐块像素比对，差异明确登记,WP0;WP3;WP6,production-order-diagrams.ts/.css；认可V7基准HTML,文档/SHA/DOM结构与文本差异检查,2026-10-08最新用户授权重放同origin基线尺寸调整仍拒绝；无同宽像素结果，不改途径绕过；用户报告两地址解除限制/CDP开启后实际重试仍被拒绝：全局开关已真，但当前会话拒绝优先；未找到核实有效的会话重置UI，不修改权限文件、不绕过。,已阻塞,docs/prototype-review-records/production-timing-v7-evidence/baseline-business-consistency.json; docs/prototype-review-records/production-timing-v7-evidence/permission-retry-latest.json; docs/prototype-review-records/production-timing-v7-evidence/permission-after-user-settings.json; docs/prototype-review-records/production-timing-v7-evidence/permission-conversation-diagnosis.json; docs/prototype-review-records/production-timing-v7-evidence/permission-after-user-settings.json; docs/prototype-review-records/production-timing-v7-evidence/permission-conversation-diagnosis.json,用户,业务依据：用户认可V7及本会话确认；当前运行DSPY5QtO、532单元、HTML f1c7dc5e8b80；本轮改变的原PDA/看板已重放，未改变图示保留其适用Arc证据；历史JSON保留实际版本；接入版未产品接受、未远端发布
UI-012,v7-integration-design.md §7;8.2,图片加载失败时明确对象缺图/失败，能关闭预览，不假装已加载,WP1;WP3;WP6,material-images.ts；source-document-detail.ts image/imageDialog；index.ts预览失败态,素材映射及图片错误分支代码；docs/prototype-review-records/production-timing-v7-evidence/final-build.log,F02摘要及原详情加载失败各5，实际可见对象/错误/关闭及完整终点上界，恢复阻断/cache后正常,已验证,docs/prototype-review-records/production-timing-v7-evidence/native-pcs-pms-browser.json#pages/direct.fieldCheck/cold/refresh/relation; docs/prototype-review-records/production-timing-v7-evidence/native-wls-browser.json#stableBuild; docs/prototype-review-records/production-timing-v7-evidence/native-fcs-browser.json#finalSummary/finalBuildRuns/contractChecks; docs/prototype-review-records/production-timing-v7-evidence/image-failure-modal-final.json; docs/prototype-review-records/production-timing-v7-evidence/image-failure-native-final.json,用户,业务依据：用户认可V7及本会话确认；当前运行DSPY5QtO、532单元、HTML f1c7dc5e8b80；本轮改变的原PDA/看板已重放，未改变图示保留其适用Arc证据；历史JSON保留实际版本；接入版未产品接受、未远端发布
UI-013,v7-integration-design.md §4.2;8;8.2,打印保留当前生产单数量、合同节点、超时历史与影响范围的同一结论,WP3;WP6,production-order-diagrams.ts/.css；index.ts打印入口,同源字段/打印样式核查；docs/prototype-review-records/production-timing-v7-evidence/final-build.log,25份PDF引擎输出、5种场景各5，横向A4与逐份内容核对，最大858ms；打印对话框/实物打印不在此证据,已验证,docs/prototype-review-records/production-timing-v7-evidence/print-generation-0Tz-final.json; docs/prototype-review-records/production-timing-v7-evidence/print-content-verification-corrected-final.json,用户,业务依据：用户认可V7及本会话确认；当前运行DSPY5QtO、532单元、HTML f1c7dc5e8b80；本轮改变的原PDA/看板已重放，未改变图示保留其适用Arc证据；历史JSON保留实际版本；接入版未产品接受、未远端发布
STORE-005,v7-integration-design.md §7;8.2,真实浏览器存储不可用/读写失败/事务中止/配额/版本冲突仍保留输入和已存事实，不虚假成功,WP5;WP6,timing-followups.ts；followup-storage.ts事务complete/版本/去重/失败处理,production-timing-followups.test.ts七项失败/读回/归属契约；docs/prototype-review-records/production-timing-v7-evidence/final-build.log,最新已授权127验收标签临时配额异常注入仍被saved user permission setting拒绝，代码未注入；真实浏览器配额/中止/读写故障/冲突未验，已有资料不清空；用户报告两地址解除限制/CDP开启后实际重试仍被拒绝：全局开关已真，但当前会话拒绝优先；未找到核实有效的会话重置UI，不修改权限文件、不绕过。,已阻塞,docs/prototype-review-records/production-timing-v7-evidence/permission-retry-latest.json; docs/prototype-review-records/production-timing-v7-evidence/approval-blockers.json; docs/prototype-review-records/production-timing-v7-evidence/followup-browser-final.json; docs/prototype-review-records/production-timing-v7-evidence/final-build.log; docs/prototype-review-records/production-timing-v7-evidence/permission-after-user-settings.json; docs/prototype-review-records/production-timing-v7-evidence/permission-conversation-diagnosis.json; docs/prototype-review-records/production-timing-v7-evidence/permission-after-user-settings.json; docs/prototype-review-records/production-timing-v7-evidence/permission-conversation-diagnosis.json,用户,业务依据：用户认可V7及本会话确认；当前运行DSPY5QtO、532单元、HTML f1c7dc5e8b80；本轮改变的原PDA/看板已重放，未改变图示保留其适用Arc证据；历史JSON保留实际版本；接入版未产品接受、未远端发布
CONTRACT-005,v7-integration-design.md §5.4;8.2,旧PDA与进度看板缺业务分配日期时显示待核实，不以无节点判全部完成；已知分配日仍正常展示,WP2;WP6,src/pages/pda-exec-detail.ts；src/pages/progress-board/task-domain.ts；src/data/fcs/runtime-process-tasks.ts；src/data/fcs/warehouse-material-execution.ts；src/data/fcs/pda-handover-events.ts；src/data/fcs/process-mobile-task-binding.ts；src/main.ts；vite.config.ts,tests/unit/sewing-return-business-start.test.ts；tests/unit/sewing-missing-business-date-demo.test.ts；pda-sewing-detail-canonical-task.test.ts；pda-sewing-route-preload.test.ts；15专项及532全量通过；单任务全域枚举最小契约修复前失败、修复后通过,DSPY当前原生缺日期800件场景：PDA冷5/刷5/列表进入5；已知日期PDA冷5/刷5；两看板列表/详情各冷5/刷5、进度Tab各5、列表进详情各5；85完整样本全≤1000ms、最大842.9ms。缺日期不判全部完成或0%，正常合同07-04/08/09。另一次首开985.5ms为工具摘要诊断；不计入完整原始样本。打印不适用：本条只涉及PDA及原进度看板。,已验证,docs/prototype-review-records/production-timing-v7-evidence/missing-date-acceptance-final.json; docs/prototype-review-records/production-timing-v7-evidence/missing-date-pda-final.json; docs/prototype-review-records/production-timing-v7-evidence/missing-date-pda-spa-final.json; docs/prototype-review-records/production-timing-v7-evidence/missing-date-known-calendar-pda-final.json; docs/prototype-review-records/production-timing-v7-evidence/missing-date-board-final.json; docs/prototype-review-records/production-timing-v7-evidence/missing-date-known-calendar-board-final.json; docs/prototype-review-records/production-timing-v7-evidence/missing-date-board-spa-final.json; docs/prototype-review-records/production-timing-v7-evidence/missing-date-source-audit-final.json; docs/prototype-review-records/production-timing-v7-evidence/missing-date-targeted-final.log; docs/prototype-review-records/production-timing-v7-evidence/final-build.log,用户,业务依据：用户认可V7及本会话确认；当前运行DSPY5QtO、532单元、HTML f1c7dc5e8b80；本轮改变的原PDA/看板已重放，未改变图示保留其适用Arc证据；历史JSON保留实际版本；接入版未产品接受、未远端发布
