
> higoods-vanilla-clone@1.0.0 build
> npm run typecheck:engineering && npm test && vite build


> higoods-vanilla-clone@1.0.0 typecheck:engineering
> npm run typecheck:entrypoints && npm run typecheck:scopes


> higoods-vanilla-clone@1.0.0 typecheck:entrypoints
> tsc --project tsconfig.engineering.json


> higoods-vanilla-clone@1.0.0 typecheck:scopes
> node scripts/check-typescript-scope.mjs src/domain/ src/components/ui/ src/state/

TypeScript 全量既有错误：6
本次渐进检查范围：src/domain/、src/components/ui/、src/state/
范围内错误：0
范围外既有错误保留在全量 typecheck 中继续分批治理。

> higoods-vanilla-clone@1.0.0 test
> npm run test:unit


> higoods-vanilla-clone@1.0.0 test:unit
> node --import tsx --test tests/unit/*.test.ts

✔ 浏览器存储封装保持读写删除语义 (0.3915ms)
✔ 浏览器存储不可用或抛错时保持静默降级 (0.083334ms)
(node:5936) ExperimentalWarning: localStorage is not available because --localstorage-file was not provided.
(Use `node --trace-warnings ...` to show where the warning was created)
✔ 独立裁剪整任务改派保留数量和执行历史，旧有效分配失效，新范围唯一 (57.039958ms)
✔ 裁床改派回原工厂且回填同一业务日期，不复用旧票范围；普通审计不改身份 (0.522875ms)
(node:5937) ExperimentalWarning: localStorage is not available because --localstorage-file was not provided.
(Use `node --trace-warnings ...` to show where the warning was created)
✔ 交出列表省略详情路线读取时保留全部输出字段 (611.387833ms)
(node:5938) ExperimentalWarning: localStorage is not available because --localstorage-file was not provided.
(Use `node --trace-warnings ...` to show where the warning was created)
✔ MIG-001/002/006: management entry and handlers belong to FCS; PFOS keeps execution (1.035ms)
✔ MIG-003/007: prep and execution read the same early order identities, quantities and match status (1140.9675ms)
✔ MIG-004/009: migrated dialogs retain candidate fields, actual material image and task outputs (0.891041ms)
✔ MIG-011: management and execution use the same seven business display columns (13.262666ms)
✔ MIG-007: early dye/print creation and cancellation survive reload (3276.037959ms)
✔ BOM failed persistence preserves saved and in-memory state; retry persists (202.198875ms)
✔ existing production preparation data does not trigger demo writes on entry (659.265334ms)
✔ rollback of an unchanged saved BOM does not perform another failing write (9.679917ms)
✔ BOM dictionary preserves old JSON and all snapshot values without mutating input (8.504042ms)
✔ BOM dictionary rejects missing references instead of replacing data silently (0.499875ms)
(node:5944) ExperimentalWarning: localStorage is not available because --localstorage-file was not provided.
(Use `node --trace-warnings ...` to show where the warning was created)
✔ PDA顶栏计数与实际完整待办相同，覆盖各任务工厂及管理员/员工角色 (2451.477291ms)
✔ 解析带标签、小数和空格的长度数量 (0.939125ms)
✔ 解析卷数并对不合法文本返回 0 (0.201084ms)
✔ 证据文件标识把连续空白收口为单个连字符 (0.18ms)
(node:5953) ExperimentalWarning: localStorage is not available because --localstorage-file was not provided.
(Use `node --trace-warnings ...` to show where the warning was created)
✔ 设计改款可成批生成染色和印花加工单，且完整投影来源与上下游 (1473.331167ms)
✔ 设计改款加工单生成幂等，重复请求不增加单据 (48.378ms)
✔ 同一设计改款任务的不同颜色和 BOM 行分别生成加工单 (80.002083ms)
✔ 成批提交失败时染色与印花加工单一起回滚 (53.680917ms)
✔ 设计改款来源缺关键引用或来源未知时必须阻断 (0.213875ms)
(node:5960) ExperimentalWarning: localStorage is not available because --localstorage-file was not provided.
(Use `node --trace-warnings ...` to show where the warning was created)
✔ 设计改款染后印花必须先分配印花厂，染色交出不能误送中央工厂 (502.592208ms)
✔ 仅染与仅印分别创建一张加工单和一条仓库首道调拨计划 (14.252875ms)
✔ 辅料染色单创建后已有辅料仓调拨计划，分厂时自动落实原单但不冒充实发 (37.287916ms)
✔ 历史双工艺加工单仍可追溯原有染印交接 (585.561125ms)
✔ 双工艺 SKU 仅生成印花单，仓库直接发印厂并完成样衣归档 (1706.694625ms)
✔ 印花实际交出生成中央工厂待接收原单，实收回写原交接并允许完成加工单 (733.9405ms)
✔ 专业成果没有真实附件时保持未绑定 (31.36475ms)
(node:5964) ExperimentalWarning: localStorage is not available because --localstorage-file was not provided.
(Use `node --trace-warnings ...` to show where the warning was created)
✔ 可打印不等于可建交出单，必须完成真实标签打印 (0.546667ms)
✔ 卷规格无效时不可建交出单，且不改变原可打印判定语义 (0.079291ms)
✔ 人工完成印花加工单不再自动填充操作人 (365.977167ms)
(node:5967) ExperimentalWarning: localStorage is not available because --localstorage-file was not provided.
(Use `node --trace-warnings ...` to show where the warning was created)
✔ 非 KOL PDA 导入不生成 KOL 领交料；首次 KOL 访问生成完整且幂等的演示记录 (307.496375ms)
✔ PDA 单任务读取保持普通任务、测试工厂与 KOL 任务内容和查找优先级 (1.849834ms)
(node:5969) ExperimentalWarning: localStorage is not available because --localstorage-file was not provided.
(Use `node --trace-warnings ...` to show where the warning was created)
✔ 可编辑的演示唛架保存后优先读取用户记录，刷新不恢复原备注和状态 (444.578208ms)
✔ 日报窗口含截止日7天，重点日均独立使用前6天 (0.574209ms)
✔ 未知采购不填0，未BOM不输出完整确定订单需求 (0.112375ms)
✔ 突变必须绝对量与比例同时达到阈值 (0.062584ms)
✔ 截止日突变示例与未完结日不判定 (0.061542ms)
✔ 共享商品按SPU去重而不按关联行累加销量 (0.094875ms)
✔ 预选不产生确定用料；BOM需求保留物料归属 (0.135458ms)
✔ 同料BOM优先于预选，不重复关系及需量 (0.067292ms)
✔ 两个业务页具有独立容器、标准分页与证据边界 (15.768667ms)
✔ 未进入物料页面时 bridge 不加载业务；加载失败重试后首次渲染即已注册 (3.17325ms)
✔ click 分组顺序、短路、选择器范围保持原行为，重新注册替换旧处理器 (3.099ms)
✔ 备料写入守卫读取实时角色与水位，阻断时不调用业务处理器 (0.968583ms)
✔ input/change/keyboard 原入口、筛选范围和 change 优先级完整保留 (0.802541ms)
✔ health groups are exhaustive and mutually exclusive in demo (1.657791ms)
✔ coverage and baseline use same inventory plus transit but distinct demand windows (0.15975ms)
✔ zero demand is unavailable rather than infinity and huge finite quotient stays finite (0.21ms)
✔ date selects different consistent snapshot (0.174625ms)
✔ threshold changes alter classification without changing facts (0.128083ms)
✔ health view carries core P1 business sections and mock caveat (16.596166ms)
✔ AT16 rules do not substitute brand, size or packaging method (0.440042ms)
✔ AT24 equal priority conflict blocks resolution and identifies rules (0.388791ms)
✔ higher explicit priority resolves a lower priority overlap (0.066458ms)
✔ plans distinguish garments and parcels and add loss once (0.164125ms)
✔ AT18 white pendant stock only allocated once (0.089417ms)
✔ event duplicate and old revision do not add consumption; reprints are activity only (0.135667ms)
✔ conflicting same revision fails instead of silently choosing a payload (0.068458ms)
✔ AT17/19/20 panel states unresolved ASAYA, independent kit80 and unknown ribbon (0.76625ms)
✔ trigger distinct from target, existing supply produces explainable zero (0.642416ms)
✔ missing mapping or usage and incompatible raw unit block unsafe generation (0.187542ms)
✔ generation reserves remaining once and shared raw pool across target rules (1.286833ms)
✔ production does not increase stock; actual SKU and output bound partial receipts (0.3885ms)
✔ cancelled suggestion releases commitment and raw allocation (0.1885ms)
✔ AT05 committed greige is not available for a second allocation (0.496875ms)
✔ AT06 partial receipt reduces expected supply; checking and qualified never duplicate (0.345709ms)
✔ AT07 unmapped target preserves quantities but gives no target coverage (0.090125ms)
✔ §7.2 loss reduces future supply; rejected receipts never become usable (0.0675ms)
✔ §7.3 unit/yield/route and conservation gaps block deterministic supply (0.110792ms)
✔ §7.3 candidate comparison reports remaining shortage and respects arrival deadline (0.148416ms)
✔ §7.3 zero gap stays zero and nonfinite inputs cannot produce advice (0.0565ms)
✔ panel uses owned local handlers and discloses mock and missing images (6.991584ms)
✔ P2 coefficients and coverage exclude transit (7.931167ms)
✔ P2 coverage buckets have exclusive shared boundaries (0.532167ms)
✔ P2 partial receipts and completed batches count remaining only (0.067167ms)
✔ P2 latest overdue selected only if no future batch; today included (0.06ms)
✔ P2 search transit and ETA filters compose (0.138416ms)
✔ P2 zero demand and missing BOM preserve distinct nulls; micro demand excluded (0.073ms)
✔ P2 standard table renders and limits initial rows to first page (6.409625ms)
✔ AT01/02 internal reservation stays in coverage while external reservation is deducted (12.357125ms)
✔ AT03 quality segments are not usable (0.177375ms)
✔ AT04 partial receipt leaves remaining supply only (0.21275ms)
✔ AT08/38 late supply never erases earlier shortage (0.168125ms)
✔ AT09 intermediate deficit determines net need rather than positive closing balance (0.140208ms)
✔ AT10 MOQ and pack rounding, zero stays zero (0.132209ms)
✔ AT11 horizon begins at cutoff and is not expanded by lead time (0.158167ms)
✔ AT12 forecast covered by confirmed demand is excluded before coefficient (0.132833ms)
✔ AT13 no demand has no numeric coverage (0.115417ms)
✔ AT14 cancelling demand does not change stock (0.15875ms)
✔ AT15 latest event revision only (0.45425ms)
✔ AT16/17 directory preserves bag sizes and ASAYA duplicated input is one unresolved SKU (0.0895ms)
✔ AT18 three brands draw from one shared pool (0.123ms)
✔ AT19/20 kit capacity respects minimum and missing conversion (0.073ms)
✔ AT21 inactive/unusable stock remains physically visible (0.1005ms)
✔ AT23 affected order identifiers are unique (0.092333ms)
✔ AT25/26 draft does not mutate active and invalidates trial (0.06225ms)
✔ AT26/28 publish requires role and exact trial; history retained (0.208666ms)
✔ AT31 risk cannot close with remaining shortage or skip verification (0.199959ms)
✔ AT37 invalid dates, unknown timezone, bad numeric values rejected (0.089166ms)
✔ duplicate supply chain does not double count and blocks deterministic advice (0.090875ms)
✔ warehouse catalogue includes 17 locations and two garment warehouses (0.045ms)
✔ candidate comparison retains pre-arrival risk (0.405542ms)
✔ SKU-specific policy wins and duplicate rules block publish (0.133167ms)
(node:5979) ExperimentalWarning: localStorage is not available because --localstorage-file was not provided.
(Use `node --trace-warnings ...` to show where the warning was created)
✔ 逐票与逐打印任务保持原结构，变更一条只保存一条 (1.234958ms)
✔ 草稿按原映射键保存；手工票与操作记录分离，删除票保留审计 (0.243584ms)
✔ 拒绝损坏JSON且不冒充空数据 (0.151958ms)
✔ 拒绝空字符串且不冒充空数据 (0.056792ms)
✔ 拒绝错误根且不冒充空数据 (0.060334ms)
✔ 拒绝重复票号身份且不冒充空数据 (0.058167ms)
✔ 拒绝缺少票号且不冒充空数据 (0.048708ms)
✔ 拒绝错误状态且不冒充空数据 (0.041875ms)
✔ 拒绝打印关联缺失且不冒充空数据 (0.051334ms)
✔ 拒绝草稿身份缺失且不冒充空数据 (0.089416ms)
✔ 拒绝手工日志缺失且不冒充空数据 (0.054541ms)
✔ 拒绝手工二维码缺失且不冒充空数据 (0.043416ms)
✔ 已保存实体与备份身份校验，不接受伪造集合或迁移元数据 (0.4625ms)
✔ 袋账派生绑定锁，无需持久化派生票快照；关闭周转解除旧快照锁 (409.37725ms)
✔ 唛架来源和铺布单逐实体保存，保留卷明细、层序及来源引用 (0.250625ms)
✔ 指定保存对象不复制重复静态唛架，也不覆盖其他已保存铺布单 (0.246625ms)
✔ 旧袋账按实体保留绑定与历史，局部动作不复制静态袋档案 (0.373583ms)
✔ 专用打印来源保留原票身份、数量、状态、袋锁及打印对象，不查询全量PDA与库存摘要 (1720.234958ms)
✔ 实际输出首打保持原身份与数量；动态与普通来源均可打印，失效来源阻断，重复首打不新增 (143.028625ms)
✔ 唛架引用读取失败明确阻断，不将迁移或读取错误伪装成空铺布来源 (2.067417ms)
✔ 用户唛架方案逐ID迁移保留床次和占用，修改一张不重写其它方案 (0.365625ms)
✔ PDA及手工票专用唛架定义与原完整投影等价，保留床次、数量和可铺布资格 (887.237708ms)
✔ 裁床配料按真实生产单范围读取与全量结果逐字段相等，保留库存、领取、状态与任务链接 (1165.032208ms)
✔ PDA铺布目标直接携带真实已保存铺布单的裁床与负责人，不另算整套列表 (408.576292ms)
✔ 铺布投影复用唛架定义仍保留已保存session的卷明细、裁床、负责人和实际裁剪数量 (753.770667ms)
✔ 路由标准化移除 query 与 hash，但不改动路径 (0.390125ms)
✔ 只匹配路由根或其子路径，不误匹配相似前缀 (0.1205ms)
✔ 可在多个合法根路径中匹配一个 (0.0765ms)
✔ 只把完整生产确认单打印路由识别为命中 (0.108416ms)
(node:5981) ExperimentalWarning: localStorage is not available because --localstorage-file was not provided.
(Use `node --trace-warnings ...` to show where the warning was created)
✔ 目标 SKU 的四种加工组合、前序实物和 BOM Q 均按已建档字段读取 (48.77625ms)
✔ 整单总量口径保存后仍按一次总量计算，不被样衣件数重复放大 (790.806583ms)
✔ 一张设计改款 BOM 同时有 Yard 面料和 PCS 辅料时，各行独立计量且辅料无需加工调拨 (115.958417ms)
✔ 复用既有纸样与参照 BOM 的无印染任务可直接提交样衣并自动完成；复制只生成草稿 (865.817833ms)
✔ 批量复制保留物料、费用和样衣安排为独立可编辑草稿，不生成工作 (157.745792ms)
✔ 单页创建同时保存物料、费用与样衣要求；失败不留下空任务 (2.618791ms)
✔ 加工互斥按物料行执行：同一任务允许纯染行与双属性印花行并存 (184.456542ms)
(node:5982) ExperimentalWarning: localStorage is not available because --localstorage-file was not provided.
(Use `node --trace-warnings ...` to show where the warning was created)
✔ 旧设计任务移除线下工作和依赖，保留加工单身份、样衣成果及原始输入 (156.400708ms)
✔ 任务汇总排除未启用，待前置只列出未完成依赖，关闭单不继续催办 (0.992917ms)
✔ 筛选覆盖关键词、状态、跟单、待办、类型、团队和日期边界，统计范围一致 (0.332125ms)
✔ CSV包含全部匹配行和任务责任计划，不含操作列，特殊文字正确转义 (0.539125ms)
(node:5984) ExperimentalWarning: localStorage is not available because --localstorage-file was not provided.
(Use `node --trace-warnings ...` to show where the warning was created)
✔ 生产准备必须读取测款最终通过事实，保存时重新校验且失败不生成主单 (197.8015ms)
✔ PATTERN_ARTWORK 多明细全部有效项通过才完成，同SKU不同要求不合并 (0.5375ms)
✔ COLOR_FABRIC 多明细全部有效项通过才完成，同SKU不同要求不合并 (0.094375ms)
✔ COLOR_YARN 多明细全部有效项通过才完成，同SKU不同要求不合并 (0.070542ms)
✔ 多辅料分单覆盖，第一张下单不足以完成，失效单不能提供覆盖 (0.239916ms)
✔ 专业列表业务字段查询与责任、来源、计划边界组合，未登记计划不误入日期结果 (0.788542ms)
✔ PCS 图片按款号和颜色固定，尺码不改变照片，未知对象没有随机图片 (0.753709ms)
✔ 历史 Mock 只替换登记的旧图，保留用户图片及未知款式 (0.430542ms)
✔ 后道 QC 来源 SKU 保留原身份和数量，五种颜色分别绑定对应实拍 (0.09ms)
✔ 后道历史快照只迁移准确 SKU 的旧示意图，质检数量与用户图不变 (0.203125ms)
(node:5988) ExperimentalWarning: localStorage is not available because --localstorage-file was not provided.
(Use `node --trace-warnings ...` to show where the warning was created)
✔ PDA 列表轻量摘要与详情的归属、数量、物料和下一步一致 (1783.027417ms)
(node:5989) ExperimentalWarning: localStorage is not available because --localstorage-file was not provided.
(Use `node --trace-warnings ...` to show where the warning was created)
✔ 按工厂投影不改变全能力、印花、染色、中央与裁片演示账号可见任务 (1835.567334ms)
(node:5990) ExperimentalWarning: localStorage is not available because --localstorage-file was not provided.
(Use `node --trace-warnings ...` to show where the warning was created)
✔ 接单工厂范围保留全量投影中本厂每个任务的身份、数量、状态及接单/中标结果 (5118.23075ms)
(node:5991) ExperimentalWarning: localStorage is not available because --localstorage-file was not provided.
(Use `node --trace-warnings ...` to show where the warning was created)
✔ 中转袋交出与实际入仓使用同一浏览器本地业务时间，不把 UTC 当作本地时间 (4.624458ms)
✔ 物流商新增字段保存回显并写入操作日志 (5.505166ms)
✔ 物流商数字字段非负校验与运输方式枚举校验 (0.299083ms)
✔ 渠道新增字段保存回显，条件计费字段按计费方式保留 (0.425041ms)
✔ 整柜渠道不要求新增计费字段，仍要求四箱型完整配置 (0.132708ms)
✔ 渠道数字字段非负与时效区间校验 (0.127084ms)
✔ 头程批次聚合展示总箱数、总重量、总体积与转运天数 (0.500833ms)
✔ 工序链按保存顺序生效，合法工序集合固定，非法或重复工序被拒 (5.911583ms)
✔ 坯布 SKU 必填，坯布库存为 0 时调拨资格被拒，补足后恢复 (0.970208ms)
✔ 采购单按勾选 SKU 生成明细，数量与枚举非法被拒 (0.371583ms)
✔ 调拨单可选择调出仓库与调入目标，同步生成加工单号链 (0.575792ms)
✔ 批量刷新库存更新全部监控行与刷新时间并写日志 (0.999041ms)
✔ 手动添加监控 SKU 校验 SKU 必填与重复，添加后进入列表 (0.324042ms)
✔ 物料申报扩展字段保存回显，26 项特殊属性按数组保存 (10.330666ms)
✔ 报关扩展：法定第二计量单位与数值，不报关分支跳过必填校验 (2.379792ms)
✔ BOM 业务选项与价格/成本、工厂、布料字段保存回显 (1.816084ms)
✔ 主体经营 9 项成本明细加调整重算总成本，数据缺失提醒可消除 (1.058125ms)
✔ 供应商从草稿到启用遵循状态机，名称唯一 (2.786208ms)
✔ 供货档案包装换算与快照版本 (0.218917ms)
✔ 物料全部有真实图片，采购补充信息可更新且不新增删除 (0.337708ms)
✔ 成衣与样衣 SKU 只读列表数据完整 (0.079042ms)
✔ 仓库同步更新时间，单位字典唯一且不可删除只可启停 (0.3145ms)
✔ BOM 用量可修改，说明可保存，发布后可生成面辅料需求 (1.386417ms)
✔ 面辅料需求种子就绪且可按物料行下推采购单 (3.484708ms)
✔ 快递信息导入校验采购单存在、单号唯一、日期与数量合法 (1.047542ms)
✔ 国内签收、加入头程、状态推进与到仓自动签收 (1.885625ms)
✔ 供应商确认单需标签齐备，确认后回写采购单 (1.2585ms)
✔ 整柜渠道必须完整配置四个箱型，物流商可启停 (0.569125ms)
✔ 面辅料采购单可带原因关闭，关闭后不能再登记到货 (0.352792ms)
✔ 库存监控触发线与建议量公式，规则异常阻断建单 (3.19275ms)
✔ 建单数量不得超过建议量，调拨与采购资格分别阻断 (0.329375ms)
✔ 中转看板指标、分布与筛选跳转规则 (0.617958ms)
✔ 生产单校验与配料任务只读数据完整，系统设置结果为 8/6/10 (0.216458ms)
✔ 种子采购单按 SRM 生成器规律补齐单据级与明细级字段 (1.71425ms)
✔ 新建做货采购单保存采购专员、加急、首单、区域与明细字段并可回显 (9.595ms)
✔ 未传新增字段时沿用默认值并保持既有命令兼容 (0.147708ms)
✔ 采购专员必填、做货必须选区域、重量非负均抛出中文 PmsDomainError (0.296375ms)
✔ 编辑采购单保存新增字段并回显，非法输入被阻断 (0.257583ms)
✔ BOM 状态与 bomMatched 一致，未发布 BOM 的做货明细为未匹配 (0.18875ms)
✔ 行采购金额使用 roundPmsQty 且汇总等于逐行金额之和 (0.12525ms)
✔ 采购建议按缺口公式与折扣计算，并计入有效 KOL 申请 (0.776875ms)
✔ KOL 草稿与已驳回不计入建议缺口 (0.110458ms)
✔ 建议转采购单后写回已转数量与部分生成状态 (7.391041ms)
✔ 面辅料需求按 BOM 用量与损耗扣减库存和采购中 (1.153792ms)
✔ 重复生成、草稿采购单与非做货采购单均被阻断 (0.158292ms)
✔ KOL 单条超量需要二次确认，超过申请量直接阻断 (0.303625ms)
✔ 驳回 KOL 需求后不再计入建议缺口 (0.705417ms)
✔ 关闭采购单必须填写原因且已关闭不可重复关闭 (0.440166ms)
✔ 主体经营明细总成本、毛利与毛利率公式 (2.445916ms)
✔ 面辅料对账：预计/实际双层公式，费用项与差异双重门禁 (6.308458ms)
✔ 面辅料费用项部分确认、批量确认与编辑失效 (0.62ms)
✔ 请款草稿跨页创建、请款与付款上限、编辑范围 (0.6015ms)
✔ 物流实际费用 12 列导入校验、不自动确认与确认后锁定 (0.433458ms)
✔ 请款单作废释放来源对账，已有付款不能作废 (0.197958ms)
✔ 供应商账单 9 列导入覆盖实际层且不自动确认 (0.296708ms)
✔ 金额大写按 RMB 规则输出并覆盖跨节零 (0.135292ms)
✔ 生成卷号按前缀、每卷米数、重量与起始序号生成并写入包装明细 (10.157708ms)
✔ 生成卷号时尾卷承载剩余数量，卷数按采购数量与每卷米数自动取整 (0.945542ms)
✔ 非法卷号参数被拒绝并抛出中文域错误 (0.429375ms)
✔ 生成标签后二维码内容包含卷号与箱规，参与打印 (0.34325ms)
✔ 箱规新增自动计算体积，重复箱号与非法尺寸被拒，删除后计数正确 (0.295459ms)
✔ 包装明细可新增与删除，非法输入被拒且删除后计数正确 (0.238875ms)
✔ 被包装明细引用的箱规不能删除 (0.095834ms)
✔ 供应商枚举与 SRM 完全一致，旧枚举不再出现 (0.838833ms)
✔ 种子字段满足 SRM 枚举且协同指标为数字 (0.141ms)
✔ 新增字段保存并回显，成功命令写入操作日志 (1.242167ms)
✔ 编辑保存新增字段并保持状态机与事件名不变 (0.205292ms)
✔ 非法或缺失输入抛 PmsDomainError 且不写入数据 (0.239458ms)
✔ 详情与列表展示新增字段、SRM 枚举与协同指标 (18.269833ms)
(node:6003) ExperimentalWarning: localStorage is not available because --localstorage-file was not provided.
(Use `node --trace-warnings ...` to show where the warning was created)
✔ RETURN-010: only the acceptance week Sunday is skipped, for every starting weekday (1.856375ms)
✔ RETURN-004—010: both projections share counting dates and ceil targets (1.359208ms)
(node:6004) ExperimentalWarning: localStorage is not available because --localstorage-file was not provided.
(Use `node --trace-warnings ...` to show where the warning was created)
✔ 实际耗时跨周日仍按真实时间差；没有可靠时间不造耗时 (0.492708ms)
✔ 每任务都达成才结束；同一来源去重，作废明细不影响主表 (0.169042ms)
✔ 耗时页 Mock 至少覆盖九张生产单和全部节点，且下游事实不会越过未完成的前置节点 (1172.776958ms)
✔ 裁片放行按一张放行单内的多次放行展示并选取节点起止时间 (43.090625ms)
(node:6005) ExperimentalWarning: localStorage is not available because --localstorage-file was not provided.
(Use `node --trace-warnings ...` to show where the warning was created)
✔ EXC-001—004: a reference mark cannot change debt, strict kits or final task responsibility (5.343125ms)
(node:6006) ExperimentalWarning: localStorage is not available because --localstorage-file was not provided.
(Use `node --trace-warnings ...` to show where the warning was created)
✔ 派单新增主档工厂可登记承接关系，未知工厂仍阻断 (1.959625ms)
✔ 专属任务保留整单身份、数量和接收方，工艺分支保留全部前置关系 (0.925417ms)
✔ 原生产单车缝任务仍可被 PPIC 分配与责任移交识别，SKU 总量完整 (7.921791ms)
✔ PRINT-HISTORY-001: demo identities remain fixed and reject another factory or task (0.979ms)
✔ PRINT-HISTORY-002: DYE-GOTO-GLOBAL historical slot 09 survives independent reloads without overwriting (3619.70325ms)
✔ PRINT-HISTORY-002: ID-FAC-001165 historical slot 09 survives independent reloads without overwriting (2278.84325ms)
(node:6008) ExperimentalWarning: localStorage is not available because --localstorage-file was not provided.
(Use `node --trace-warnings ...` to show where the warning was created)
✔ VERIFY-003: dispatch reads keep all documents and independent copies without projecting unrelated business views (436.174958ms)
✔ frozen printing images are losslessly stored once across orders, tasks and attachments (3.324542ms)
✔ missing or malformed image references fail rather than silently replacing frozen evidence (0.269791ms)
(node:6011) ExperimentalWarning: localStorage is not available because --localstorage-file was not provided.
(Use `node --trace-warnings ...` to show where the warning was created)
✔ PERF-002/004: scoped receiving reads preserve direct receipts and allocations, without exposing mutable facts (22.128708ms)
✔ PERF-002/004: a synchronous relation read matches independent reads and releases its scope after errors (1244.478375ms)
✔ PERF-004: batched print list reviews and handovers equal independently read facts (432.207875ms)
✔ PERF-004: scoped handovers keep canonical sorting and task point reads preserve identity (6.691333ms)
✔ PERF-004: reusing warehouse documents preserves each dye order source, quantity and receiver (369.503542ms)
(node:6012) ExperimentalWarning: localStorage is not available because --localstorage-file was not provided.
(Use `node --trace-warnings ...` to show where the warning was created)
✔ craft source selection preserves all previous source choices and isolated snapshots (19.160459ms)
✔ source eligibility is re-evaluated after a source order changes (0.150667ms)
(node:6013) ExperimentalWarning: localStorage is not available because --localstorage-file was not provided.
(Use `node --trace-warnings ...` to show where the warning was created)
✔ 生产单创建来源只覆盖旧匹配事实，不复活已取消或覆盖更新后的匹配 (0.472667ms)
✔ 提前来源随PO唯一保存，重复生成不会追加第二份事实；查询投影不反向写PO (0.331959ms)
✔ 失败和嵌套投影后创建stage标记恢复，不影响后续染印执行保存 (0.229291ms)
✔ 备份拒绝错误归属、重复、未知状态和缺少正式冻结来源的匹配 (0.447167ms)
(node:6014) ExperimentalWarning: localStorage is not available because --localstorage-file was not provided.
(Use `node --trace-warnings ...` to show where the warning was created)
✔ 验收数据至少包含 5 张染色和 5 张印花提前加工单，并覆盖全部匹配状态 (1197.716666ms)
✔ 印花专业成果把多张图片和多个文件统一保存在同一附件集合 (0.159708ms)
✔ 同一生产需求可手动选择具体专业任务，创建结果保存所选任务与全部成果附件 (55.783125ms)
✔ 创建提前加工单必须选择所属专业任务并明确加工厂 (3.0845ms)
✔ 计划加工数量包含损耗率，且染色印花投入与产出 SKU 必须不同 (0.156916ms)
✔ 专业成果未审核通过时不可创建提前加工单 (0.1165ms)
✔ 多个生产需求合并为一张生产单时，可匹配多张提前染色加工单 (78.890208ms)
✔ 等待技术包的提前单在技术包就绪后可由同一匹配服务自动重试 (24.86675ms)
✔ 合并生产单中只有部分需求有提前单时，只为未覆盖需求补建剩余数量 (64.889542ms)
✔ 已有提前单但正式 BOM 或 SKU 不一致时进入异常，且不重复补建同一工艺单 (85.654375ms)
✔ 取消后重建保留旧单，并建立双向替代关系 (7.315834ms)
✔ 没有提前加工单的需求仍保留正式加工单快照 (8.731875ms)
✔ BOM uses formally reduced quantity and leaves unsupported conversion unknown (1.618291ms)
✔ reuse retains one shared source instance and adds no duplicate processing duration (0.697791ms)
✔ a new rework/recheck round extends the dependency path two days and conserves qualified pieces (0.20575ms)
✔ date-only source is not coerced to a precise instant or exact deadline (0.244417ms)
✔ known order shipment can be timed without crediting an unknown production source (0.143ms)
✔ waiting for actual fulfillment can be overall late while factory completion stays on time (0.098041ms)
✔ all six named cards render directly checkable evidence without changing production task facts (3.288125ms)
✔ all ten tasks have independent drill-down networks and one frozen aggregate snapshot (3.078917ms)
✔ 31-item dependency recursion proves 24 natural days and shows the actual sum/max formula (0.932125ms)
✔ improving procurement by ten days only improves whole-task timing by one day (0.363417ms)
✔ network rejects circular/missing dependencies and unknown is never zero time (0.474334ms)
✔ each complete standard mock network and live forecast agrees with the task summary (3.767917ms)
✔ quantity forecast finds a one-day risk before any actual deadline is missed (1.813333ms)
✔ all-natural-day clock includes Sundays, preserves timezones, equality is on time and one second is late (0.130167ms)
✔ already-overdue outranks forecast missing; historical completion stops the clock (0.094541ms)
✔ upstream two-day delay and local catch-up pressure are distinct from current-team fault (0.08325ms)
✔ manual forecast is local, propagates both earlier and later dates, and never relaxes baseline (0.869583ms)
✔ saving a manual forecast refreshes all affected node labels without pretending capacity was increased (1.357792ms)
✔ zero capacity and stale progress never forecast zero remaining duration (0.39625ms)
✔ stock and purchase coverage do not imply factory readiness or a new purchase gap (0.317292ms)
✔ stock-only task still has transfer; purchased material must move beyond warehouse entry (0.148125ms)
✔ batch schedule conserves shared capacity and 90 percent occurs at a real batch event (0.294292ms)
✔ customer cancellation without production allocation does not reduce any task (2.038292ms)
✔ excess shipment of one SKU cannot hide shortage of another (0.14025ms)
✔ duplicate, out-of-order and corrected quantity events conserve the effective sum (0.135792ms)
✔ shared work is counted once while merged source tasks preserve independent T0 and deadlines (0.129ms)
✔ orders enter analysis only from actual shipment and have their own clock (0.185541ms)
✔ region and supply mode select rules together, unpublished candidate rules never apply (0.189791ms)
✔ filters share exact aggregate scope and date windows are left-closed right-open (0.697333ms)
✔ Chinese UI defaults and all scope options filter the intended task population (0.403584ms)
✔ Chinese risk shortcut agrees with risk KPI and does not accidentally select completed or overdue tasks (0.485625ms)
✔ Chinese date-field labels use due date, start date and predicted completion respectively (0.38975ms)
✔ team and stage filters match applicable work nodes rather than only current task responsibility (0.271584ms)
✔ V3 team and factory must match the same node and empty all-scope still keeps a task (0.112875ms)
✔ V3 unknown shipment has no percentage and completed work without deadline is not on time (0.086375ms)
✔ 恢复预测保留不同工作和日期的顺序，只合并连续相同计算且不改写历史 (3.90275ms)
✔ 同一调拨动作按国家和供给方式命中不同预算，候选规则不参与匹配 (0.772542ms)
✔ 同优先级重叠命中必须冲突，明确更高优先级例外才可覆盖 (0.460084ms)
✔ 数量档边界不得跨档或用默认预算掩盖无规则 (0.105458ms)
✔ 子项七天而组上限五天阻断，网络不被截短也不在组外重复加预算 (0.147042ms)
✔ 并行分支取最大值，循环和缺失前置不得算成零天 (0.151042ms)
✔ 工厂实收映射须有明细与物流批次，入库不冒充到厂，重复事件不累加 (0.175292ms)
✔ 投入产出、单位或质量门槛不合规，不能放行下游 (0.099ms)
✔ 新版本仅记录显式重算范围，不能顺延旧基线或考核截止 (0.470042ms)
✔ 默认演示配置没有阻断，会议候选必须以提示保留 (0.100792ms)
✔ 选定在途W19规则从1改3，本地路线24改26而原始/生效截止与实际事实不变 (4.286875ms)
✔ 在途发布同层冲突、缺规则、缺映射或事件边界变化都不生成覆盖 (0.44975ms)
✔ 发布覆盖可从初始快照恢复且重复应用幂等，未选任务不受影响 (2.500708ms)
✔ 未完成调拨预算增加后，预测沿下游传播；已完成上游事实仍原样 (0.46075ms)
(node:6032) ExperimentalWarning: localStorage is not available because --localstorage-file was not provided.
(Use `node --trace-warnings ...` to show where the warning was created)
✔ 首次来源读取只创建当前存在的缺口，历史从本次观察开始 (1.885083ms)
✔ 事项键由任务、工作与类型生成，中文说明变化不新增事项 (0.873542ms)
✔ 缺款图形成独立事项，增加地址不等于款色对应核验通过 (0.600792ms)
✔ 登记责任期限不修改事实或关闭事项，只有后续来源读取确认恢复 (1.351958ms)
✔ 同一恢复事实重复核对不制造历史，缺口复现重新打开且保留期限 (0.873375ms)
✔ 任务或工作未返回、数量已知性字段消失均不是恢复证据 (0.613209ms)
✔ 来源身份变更不能在同一次读取中把旧缺口标为恢复 (0.453292ms)
✔ 未结构化来源审核项不因文字消失自动关闭 (0.515958ms)
✔ 本地持久化保留独立事项、责任、期限和恢复历史 (1.092708ms)
✔ 本地损坏记录不伪造历史、不覆盖旧内容、不允许假保存 (2.064958ms)
✔ 责任、期限、调整原因必填；存储失败给出未保存结果 (0.3825ms)
✔ 数据待补按事项分页和筛选，提供独立登记及来源刷新入口 (11.930041ms)
✔ 事项按自身负责人和修复期限筛选，不借任务跟单替代 (0.862042ms)
✔ 空在途范围不展示历史演示日期压力图 (5.8615ms)
✔ 未知预算仍保留串并行和汇合箭头，位置不依赖日期 (12.2815ms)
✔ 下游未开工且前置未完的逾期归为等待；根卡点标出具体工作和全部后继 (4.359ms)
✔ 取消和已完成不是当前卡点，数据缺口不当执行逾期 (0.698791ms)
✔ 已开工工作即使前置未完，也保留其来源责任逾期并提示核对 (0.552125ms)
✔ 卡点范围仍显示上游参照及所有受影响后继，不显示无关支路 (1.148125ms)
✔ 单据摘要默认展开来源核心字段，不只展示时效 (0.891417ms)
✔ 需求摘要指向已存在的需求列表，入口不冒称独立详情 (0.485542ms)
✔ 缺少单据不得生成虚构摘要或默认完成数 (0.40225ms)
✔ 已实收的有效结束满足前置，取消前置不会被视为供给完成 (1.376583ms)
✔ 质检不合格仍是放行卡点，不因检验时间存在变为可放行 (1.253542ms)
✔ 来源已有不合格检验结果但缺建立时间时，不因前置未完而隐藏本项卡点 (2.091417ms)
✔ 作废且不计时不等于前置已完成；来源已阻断是明确卡点 (1.290708ms)
✔ 已知工作预算齐备但范围未确认时，公式页不得称作全程标准 (2.0815ms)
✔ 暂停或受阻工作不因遗留结束时间而放行下游 (1.131416ms)
✔ 生产准备初始化按编号读取定义与完整目录逐值一致，保留不存在时的契约 (3.952375ms)
✔ 单定义读取的可编辑数组保持隔离，不污染其他任务读取 (0.955084ms)
▶ execution source relations retain full facts without unrelated cold initialization
  ✔ cold read resolves real runtime scope and leaves print/dye execution ledgers untouched (294.575875ms)
  ✔ scoped cold result equals original complete enumeration after the same actual ID resolution (578.001833ms)
  ✔ production with print/dye uses all existing preparation facts and keeps unknown IDs unknown (512.999041ms)
  ✔ live explicit cross-order reference and cancellation facts survive scoped reading (35.815834ms)
  ✔ real persisted cancellation restores through the original validated path in a new process (1270.541792ms)
  ✔ QC reads real fact quantities and renders explicit missing artwork without placeholder network dependency (170.758875ms)
✔ execution source relations retain full facts without unrelated cold initialization (3521.830375ms)
(node:6042) ExperimentalWarning: localStorage is not available because --localstorage-file was not provided.
(Use `node --trace-warnings ...` to show where the warning was created)
✔ production source time uses explicit Shanghai time and rejects date-only completion (0.818291ms)
✔ DDS tasks use demand identity and do not invent preparation, budgets, shipment quantities or orders (2.6945ms)
✔ source bindings require existing same-style preparation and published technical version (0.837666ms)
✔ reuse preserves its source/version and does not add past preparation duration (0.595292ms)
✔ explicit unneeded work is excluded but unconfirmed missing work remains a decision, never zero-day completion (0.266583ms)
✔ explicit dependencies preserve parallel entries and repeated processes instead of serial sorting (0.662542ms)
✔ missing explicit predecessors do not become confirmed parallel roots (0.247875ms)
✔ missing predecessor and material SKU discontinuity block route certainty without fabricated edges (0.274833ms)
✔ cyclic source dependency stays a blocking issue and source objects remain unchanged (0.246042ms)
✔ read snapshot uses all current demand records without private Mock tasks or automatic same-style preparations (146.191417ms)
✔ continuous material SKU edges stay confirmed while an unconfirmed route remains pending (0.215334ms)
✔ unverified reuse does not fabricate a completed zero-day result (0.141917ms)
✔ binding writes only the DDS association key and is reflected by the next read (38.153541ms)
✔ execution source uses exact production-order identity, assigned factory and responsibility deadline (0.3505ms)
✔ only a unique exact technical entry binds execution to route; same-name and split executions stay independent (0.346541ms)
✔ preparation-only source cycles are blocked without depending on a technical pack branch (0.189167ms)
✔ source time and manual forecast stay separate from frozen rule examples and missing SLA (0.509125ms)
✔ cancelled execution is not a late blocker and unfinished status cannot borrow a stale completion timestamp (0.167291ms)
✔ document summaries are factual, compact strings; decisions without a document stay unbound (0.134667ms)
✔ formal preparation output connects the exact confirmation, route entry and production version (16.390042ms)
✔ technical object identity and its material photo are retained without using the style photo (0.278542ms)
✔ material transfer has serial dispatch, transport and receipt with separate responsibility and source identity (0.475ms)
✔ approval, sent quantities and delivery-note registration cannot prove physical handout or logistics delivery (0.213125ms)
✔ actual handout starts transportation but factory receipt never backfills logistics delivery or reception start (0.157333ms)
✔ receipt quantities require the same source line, target factory and unit; mixed units never close reception (0.205666ms)
✔ voided transfers keep evidence but no effective supply or transport completion (0.130625ms)
✔ a document handout timestamp does not complete unshipped or partially shipped source lines (0.165875ms)
✔ only preparation-bound purchase documents are included, and purchase completion never invents warehouse arrival (0.159292ms)
✔ quality is scoped to its recorded sample and does not establish shipment orders or whole-order completion (0.236333ms)
✔ current source snapshot exposes matching handover, quality and transfer documents, not generic placeholders alone (5.418541ms)
✔ only a real same-version production order becomes a root execution predecessor (0.458ms)
✔ task lead blocker matches dependency analysis instead of blaming an unstarted downstream deadline (0.252583ms)
✔ failed inspection exposes the concrete unqualified quantity as blocker reason (0.197083ms)
✔ category sample images never stand in for a source style; a dedicated source image is retained (0.202125ms)
(node:6043) ExperimentalWarning: localStorage is not available because --localstorage-file was not provided.
(Use `node --trace-warnings ...` to show where the warning was created)
✔ 当前非 Mock 需求可保存显式工作映射，序列化后可恢复且不改来源事实 (192.563375ms)
✔ 未保存映射、规则空天数、事件范围变化与同级冲突分别给出真实阻断 (9.288917ms)
✔ 同一工作不得存两份口径，来源身份变化或未知数量不允许保存 (11.034625ms)
✔ 工作单位不换算、通配值不充当事实、里程碑不重复加预算 (12.586792ms)
✔ 来源任务发布单项预算后保持整体待定，刷新覆盖和已有截止均保留 (8.055667ms)
✔ 缺准备或实发范围时即使要求首次建基线也阻断，并且不写覆盖 (24.079041ms)
✔ 已确认的未来发货工作尚无实发事实也可建 T0+最长路径基线，缺进度只影响预测 (10.985166ms)
✔ 已发布后来源工作身份变化，不把旧映射预算套到新单据 (8.205791ms)
✔ 配置页面保存映射到本地，空天数发布被阻断，填写预算后实际发布当前来源任务 (13.323542ms)
✔ 查生产入口只在合法系统路由显示，并在打印与 PDA 路由隐藏 (0.578375ms)
✔ 相似前缀和相似打印段不会被当成合法路由 (0.07725ms)
(node:6046) ExperimentalWarning: localStorage is not available because --localstorage-file was not provided.
(Use `node --trace-warnings ...` to show where the warning was created)
✔ 静态生产单更新任务状态时保留原冻结资料，不强造不存在的技术版本 (0.826666ms)
✔ 沿用静态资料的例外不能用于新单、篡改快照或错误技术版本 (0.608042ms)
(node:6047) ExperimentalWarning: localStorage is not available because --localstorage-file was not provided.
(Use `node --trace-warnings ...` to show where the warning was created)
✔ PERF-001: runtime snapshot and all nine subsets preserve every production order value and caller isolation (32.555834ms)
✔ PERF-001: a subset read does not traverse or clone unrelated snapshot sections (0.218ms)
✔ PERF-001: paper pattern binding strips and nested craft arrays remain isolated after mutation (0.253584ms)
✔ PERF-001: replacing or updating the bound snapshot is visible immediately without a stale cache (0.1725ms)
✔ PERF-001: missing production order keeps null and empty-list contracts (0.082708ms)
(node:6048) ExperimentalWarning: localStorage is not available because --localstorage-file was not provided.
(Use `node --trace-warnings ...` to show where the warning was created)
✔ VERIFY-003: scoped reads preserve pending/voided sources and defensive copies (2.606959ms)
✔ VERIFY-003: metadata lookup reflects registry changes and returns independent locations (6.492917ms)
✔ 备份恢复不能借原票编号伪造另一种面料的交出回执 (1.920292ms)
✔ 换片布固定演示：四个新增生产单覆盖部分打印、补打、交出备用及失效票 (2.521667ms)
✔ 部位票缓存感知已提交事件版本，重复读取同一版本不失效 (0.693834ms)
✔ 按名称排朴，空名拒绝，同名不同编码/颜色保留独立身份 (0.606667ms)
✔ 初始每面料一张，重复分配幂等；新增与补打不混淆 (0.700333ms)
✔ 改派未交票失效，已交历史不抹除，新范围递增序号 (0.531875ms)
✔ 部分出纸仅确认勾选票；重复确认不增加次数，内容变化拒绝 (0.143708ms)
✔ 整个批次多袋并集检查，非本次袋不可借用，顺序无关 (0.312041ms)
✔ 同任务同工厂历史可满足；不同任务或换厂必须另交 (0.167542ms)
✔ 三方自行裁剪排除，资料缺失与无需面料分开判断 (0.065708ms)
✔ 混装按类型和单位分项，换片布不能拆成非5 Yard (0.115875ms)
✔ 局域网 HTTP 的摘要与原生 SHA-256 相同，既有票号不变化 (24.975083ms)
(node:6108) ExperimentalWarning: localStorage is not available because --localstorage-file was not provided.
(Use `node --trace-warnings ...` to show where the warning was created)
✔ 混装打印保留裁片矩阵，捆条和换片布独立附页，不合并单位 (1.223958ms)
✔ 纯换片布袋可生成货物标识，不制造尺码和部位 (0.143375ms)
✔ 混装标签拒绝换片布错误长度、作废票和混生产单 (0.265ms)
✔ 旧业务存储不可读时仍用已提交的原装袋周期打印三类货物 (0.48325ms)
✔ 生产单按单记录；变更一单不重写其他单和任务 (1.327166ms)
✔ 运行任务独立保存覆盖、拆分、合并、改派及序号，往返保留身份 (0.247084ms)
✔ 有效分配索引、独立记录、审计及序号完整往返，拒绝重复身份和损坏格式 (0.361875ms)
✔ 拒绝空字符串，不吞掉损坏记录 (0.064167ms)
✔ 拒绝数组根，不吞掉损坏记录 (0.0485ms)
✔ 拒绝生产单数组实体，不吞掉损坏记录 (0.044208ms)
✔ 拒绝生产单空编号，不吞掉损坏记录 (0.038208ms)
✔ 拒绝生产单损坏快照，不吞掉损坏记录 (0.043375ms)
✔ 拒绝任务覆盖数组，不吞掉损坏记录 (0.059041ms)
✔ 拒绝任务覆盖身份，不吞掉损坏记录 (0.088083ms)
✔ 拒绝拆分来源身份，不吞掉损坏记录 (0.0545ms)
✔ 拒绝拆分子项损坏，不吞掉损坏记录 (0.044084ms)
✔ 拒绝合并明细损坏，不吞掉损坏记录 (0.04225ms)
✔ 拒绝改派任务身份，不吞掉损坏记录 (0.038292ms)
✔ 拒绝不安全序号，不吞掉损坏记录 (0.027916ms)
✔ 拒绝重复Map键，不吞掉损坏记录 (0.032917ms)
✔ 拒绝current非数组，不吞掉损坏记录 (0.0315ms)
✔ 拒绝current孤儿，不吞掉损坏记录 (0.032042ms)
✔ 拒绝current跨任务，不吞掉损坏记录 (0.029292ms)
✔ 拒绝current重复引用，不吞掉损坏记录 (0.029084ms)
✔ 拒绝审计孤儿，不吞掉损坏记录 (0.026333ms)
✔ 已保存实体损坏编号、缺少meta或重复meta不能伪造正常空源 (0.132375ms)
✔ 未登记key及空白JSON拒绝；null明确代表没有覆盖 (0.048708ms)
✔ 备份校验拒绝未知来源集合、伪造迁移身份及丢失检查点实体 (0.664208ms)
✔ 四类静态运行任务的删除标记完整往返，拒绝混入业务字段或假删除 (0.146292ms)
✔ 分配副产物按实体保存；合同、样衣及PPIC责任保留独立序号 (0.500583ms)
✔ 拒绝缺失渲染必需快照的合同，防止迁移清源后才暴露损坏 (0.053042ms)
✔ 关联实体损坏拒绝 unknown:X (0.044083ms)
✔ 关联实体损坏拒绝 material-context:A (0.034166ms)
✔ 关联实体损坏拒绝 return-sequence:value (0.034375ms)
✔ 关联实体损坏拒绝 sla-current:T (0.049167ms)
✔ 生产创建匹配来源按生产单身份校验并完整恢复 (0.208792ms)
✔ 工厂结束事实只允许明确任务、操作人和时间 (1.230459ms)
✔ 既有招标定标记录保留真实来源编号并校验价格与操作人 (0.50675ms)
✔ 开工交出单头只包含首次零交出事实，拒绝伪造数量和身份 (0.427625ms)
(node:6116) ExperimentalWarning: localStorage is not available because --localstorage-file was not provided.
(Use `node --trace-warnings ...` to show where the warning was created)
✔ 同分配的同名 A/B 面料分别新增和打印；第二面料不被第一范围替代 (114.621ms)
(node:6117) ExperimentalWarning: localStorage is not available because --localstorage-file was not provided.
(Use `node --trace-warnings ...` to show where the warning was created)
✔ 分配 SKU 的需料不同；多尺码共料去重，名称含朴排除 (2.482667ms)
✔ 完整但全是朴为空集合；缺颜色映射或空名称属于资料错误 (1.079625ms)
✔ 同名不同编码面料不混并；BOM 身份歧义阻断 (0.301042ms)
✔ 交出回执从快照保留三种明细，Yard 与米不进入裁片数量 (1.4505ms)
✔ 回执任务读取保持数组身份；只在事实变更后重新投影 (0.735625ms)
✔ 款式需料读取的配置查询只返回独立副本，不能污染下次来源读取 (0.804ms)
✔ 来源读取失败时不能把不可用哨兵值当作稳定分配继续保存 (0.439583ms)
✔ 历史裁片实交保留原数量与归属，其他集合不混入 (1.091292ms)
✔ 历史缺原版本、交错明细、负数量或记录身份错误均阻断恢复 (0.557458ms)
✔ 面辅料单不可写入退役裁片历史，未完成迁移标记不可恢复 (0.212583ms)
✔ 并发调用复用同一个模块加载 Promise，成功后继续复用结果 (0.790334ms)
✔ 模块加载失败后清空缓存，下一次调用可以重试 (0.328917ms)
(node:6167) ExperimentalWarning: localStorage is not available because --localstorage-file was not provided.
(Use `node --trace-warnings ...` to show where the warning was created)
✔ 刷新时静态样衣命令重建不重放到已移交的持久用户状态，构造失败恢复输入 (5.247209ms)
✔ 独立打印外壳只命中完整生产确认单打印路由 (0.50975ms)
✔ 既有固定打印路由仍使用独立打印外壳 (0.08925ms)
✔ technical version reads do not write when storage is full (first visit) (273.520833ms)
✔ technical version reads do not write when storage is full (saved data) (270.317125ms)
✔ 五类页面共享采购到交出的串联 Mock，重复初始化不重置执行事实 (236.571834ms)
✔ 补齐串联 Mock 时压缩历史大签名，避免浏览器存储接近上限导致页面路由失败 (257.142167ms)
✔ 三个中央工厂在组织目录与执行工厂中身份一致且仅出现一次 (0.476875ms)
✔ 花边角色与采购映射归属TMF但供应方仍保留独立身份 (0.095459ms)
✔ 橡筋定长切割仍归SPF，不成为TMF织带截断任务 (0.097291ms)
✔ 旧浏览器组织记录迁移后不与权威TMF并存且保留已有联系人 (2.701417ms)
(node:6194) ExperimentalWarning: localStorage is not available because --localstorage-file was not provided.
(Use `node --trace-warnings ...` to show where the warning was created)
✔ 连续织带实际650米交出→648+2实收→染色可用650，仓库和用料保持米制且无公斤换算 (10.514416ms)
✔ 连续长度口径不可用于纱线/码制，普通辅料仍要求实际称重 (0.596625ms)
✔ 原生连续辅料染色650→640：实际工厂实收及用料驱动加工，使用对象对应蓝色织带参考图 (551.533166ms)
(node:6195) ExperimentalWarning: localStorage is not available because --localstorage-file was not provided.
(Use `node --trace-warnings ...` to show where the warning was created)
✔ 织带与绳子参考档案接入实际物料库，保留图片来源和未确认尺寸，不替换橡筋 (49.347417ms)
✔ 同分钟新建不同幅宽织带和绳径主档不共用SPU身份，SKU保持各自父档归属 (154.723542ms)
✔ TMF半成品SKU按SPU→潘通色号→颜色→花型生成，长度和端头不进入SKU (0.206833ms)
(node:6196) ExperimentalWarning: localStorage is not available because --localstorage-file was not provided.
(Use `node --trace-warnings ...` to show where the warning was created)
✔ TMF发布采用链：技术包发布门禁→审核发布→启用→生产单采用→生成织带加工需求 (783.136417ms)
✔ TMF发布门禁：含织带截断工序但规格未补齐的采用版本不能发布 (30.932125ms)
✔ 正式生产路线只关联相邻同BOM同SKU的染色→印花，不生成数量或修改来源 (0.968041ms)
✔ 跨单/版本/工序/用途/SKU/单位、缺工厂与已有其他接收单都不能接续 (0.277417ms)
✔ 印花连续辅料仅接同版本同BOM的直接截断节点，不修改SKU和数量 (0.68225ms)
✔ 染色来源已绑定印花时拒绝直接截断，不读取不存在的顶层字段 (0.269333ms)
✔ TMF V1 原型范围、工厂身份和现场默认参数已冻结 (1.525042ms)
✔ TMF 风险动作默认要求主管与二次确认，采购行身份不可丢失 (0.156875ms)
{"scenario":"N02","scope":"业务动作主链含纱线重量账；含端头辅材采购实收；不含PCS发布采用页面、纱线采购上游","purchaseReceived":1300,"productionReceived":1000,"warehouseContinuousM":30,"netCutM":1260,"lossM":10,"headUnit":"个","headReceived":2020,"headRemaining":15}
{"scenario":"N03","scope":"业务动作主链含纱线重量账；含端头辅材采购实收；不含PCS发布采用页面、纱线采购上游","purchaseReceived":60,"productionReceived":100,"warehouseContinuousM":9,"netCutM":50,"lossM":1,"headUnit":"个","headReceived":202,"headRemaining":1}
{"scenario":"N04","scope":"业务动作主链含纱线重量账；含端头辅材采购实收；不含PCS发布采用页面、纱线采购上游","purchaseReceived":100,"productionReceived":50,"warehouseContinuousM":34,"netCutM":65,"lossM":1,"headUnit":"kg","headReceived":0.2,"headRemaining":0.04}
{"scenario":"B06","scope":"规范数量动作链；塑料头从仓库实收事实开始，补购基础生产未虚构纱线配方；不代表全部页面验收","continuous":9,"productionReceived":1000,"scrapped":100,"scrappedMeters":120,"loss":11,"metalRemaining":15,"plasticRemaining":2}
{"scenario":"N05","mergedBatch":"FULL-N05-MERGED","purchaseReceivedM":120,"mergedIssuedM":102,"mergedProducedPieces":200,"productionReceivedByOrder":[100,100],"warehouseContinuousM":19,"lossM":1,"returnedM":1}
{"scenario":"B17","mergedBatch":"FULL-B17-MERGED","purchaseReceivedM":120,"mergedIssuedM":102,"mergedProducedPieces":200,"productionReceivedByOrder":[100,100],"warehouseContinuousM":19,"lossM":1,"returnedM":1}
{"scenario":"N01","rawReceivedKg":12,"consumedKg":10,"returnedKg":1,"factoryRemainingKg":1,"semiFinishedReceivedM":1000}
{"scenario":"N02","rawReceivedKg":12,"consumedKg":10,"returnedKg":1,"factoryRemainingKg":1,"semiFinishedReceivedM":1300}
{"scenario":"N03","rawReceivedKg":12,"consumedKg":10,"returnedKg":1,"factoryRemainingKg":1,"semiFinishedReceivedM":60}
{"scenario":"N04","rawReceivedKg":12,"consumedKg":10,"returnedKg":1,"factoryRemainingKg":1,"semiFinishedReceivedM":100}
{"scenario":"N05","rawReceivedKg":12,"consumedKg":10,"returnedKg":1,"factoryRemainingKg":1,"semiFinishedReceivedM":120}
{"scenario":"PRINTBACK-source-fixture","nativePrint":{"inputM":650,"outputM":630,"lossM":20,"outputImage":"MISSING_BLOCKED"},"sourceDispatched":630,"actualReceived":630,"cutMeters":620,"lossMeters":2,"returnedMeters":8,"baseLeftMeters":350,"scope":"原生印花650→630已独立重放；下游630米交出仍为专项夹具，不替代缺图正式交出或N01完整上游"}
{"scenario":"B09-downstream-recovery","basePhysicalM":350,"otherReservedM":350,"baseAvailableM":0,"processedReturnM":8,"productionPieces":[400,600],"scope":"含实际占用失败、释放、发料及印花回料后全链；原生印染20米损耗未执行，不是完整B09通过"}
{"scenario":"B05-cut-recovery","received":[400,600],"frozenPieces":10,"frozenLengthMm":500,"continuous":2.5,"cutLoss":2.5,"upstreamScope":"印花630米已交出为外部专项夹具，不冒充原生印染20米损耗或全N01"}
(node:6201) ExperimentalWarning: localStorage is not available because --localstorage-file was not provided.
(Use `node --trace-warnings ...` to show where the warning was created)
✔ N01～N05：通过现有 PMS 入口下达，每条采购链从零执行到仓库实收；交出不提前增加库存 (15.445416ms)
✔ 半成品加工没有原料实收和足量耗用时禁止产出，补齐同一原料链后才能填报 (7.106834ms)
✔ MOCK-007：规范场景使用同一采购行、基础单和生产需求身份，不复制孤立页面 Mock (4.760833ms)
✔ MOCK-009：重置只重载隔离的运行态，不清除用户浏览器数据 (0.350791ms)
✔ B01/B03：短收保留在途和采购缺口；重复扫描、生成和刷新不双记 (0.906ms)
✔ B02/B04：多收、错 SKU、错仓和无权限动作不改变任意下游数量；恢复后正常收齐 (1.548333ms)
✔ OVR-001～003：超产与超收须主管二次确认，计划不扩、幂等且下游一致 (2.85975ms)
✔ MASTER-001～003/005：采购与端头采购映射原型内建主档，缺失阻断且身份稳定 (5.253417ms)
✔ MASTER-004：映射前历史记录保留原快照与未映射标记，不批量改写 (0.356166ms)
✔ TERM-001～005：取消后终止处置台逐项决定，未处置不得结案且数量对账守恒 (20.4515ms)
✔ 终止连续余料：实物余量只扣一次报废，拒绝超量且剩余数量可继续处置 (4.684417ms)
✔ GAP-TERM-004：上游未收与生产在途分别确认去向，不可重复登记 (0.783167ms)
✔ DYE-001～003：染色直交织带厂按实际交出分配实收，追溯原染色单且不重复扣料 (524.018541ms)
✔ 采购追加：未开始同步计划，已执行保留原计划和实物并处理变更 (5.374416ms)
✔ B21：保存失败不报成功、不留部分库存；成功后刷新读取同一采购和收货事实 (1.273416ms)
✔ 采购→两种规格截断→拆包回仓→分配发料→生产实收：短收保留缺口，库存及采购不双记 (20.431333ms)
✔ B09：其他需求占用400米时不能再占650；释放50后恢复，错误发料不改变库存 (5.915459ms)
✔ 需求来源：同尺码不同成衣SKU分别保留，BOM适用范围生效，错误快照和重复工序阻断 (0.452458ms)
✔ 待打头条料不计合格产出；超公差实物记不良且照实扣下料当量，未实收不可截断 (29.734917ms)
✔ N04：采购100米→单端硅胶按kg实耗→回仓发料→生产实收50根，连续料剩34米 (23.481208ms)
✔ B15：截断后取消保留1000根在制和1260米当量，释放未发占用并只退连续余料 (23.668916ms)
✔ 已回仓部分发料后取消：释放未发分配，冻结实存，已发在途保留且实收不恢复需求 (17.146958ms)
✔ N02规范数值：采购→实际加工→生产实收及米料/辅材退仓整链 (71.62475ms)
✔ N03规范数值：采购→实际加工→生产实收及米料/辅材退仓整链 (58.2835ms)
✔ N04规范数值：采购→实际加工→生产实收及米料/辅材退仓整链 (67.842833ms)
✔ B06规范恢复：误装100根报废→补购100米并补做→生产实收1000根，三套实物账守恒 (121.549125ms)
✔ N05合并批：120米采购→102米合并投入→两生产单各实收100，B17独立副本拆100为40+60 (81.487833ms)
✔ B17合并批：120米采购→102米合并投入→两生产单各实收100，B17独立副本拆100为40+60 (98.494833ms)
✔ N01～N05基础原料重量账：源仓实收→发出→工厂实收→耗用/余料→原仓实收，与米制产出独立 (231.329583ms)
✔ 主生产单暂停/取消直接限制织带执行，已发实收保留且取消处置释放未发占用 (69.361625ms)
✔ 冷启动及旧标签页均读取已保存主单限制，损坏来源不默许执行 (0.282333ms)
✔ 印花交出按两种长度分配，原单分次实收唯一记账，随后截断/回仓/领料守恒 (349.403417ms)
✔ 主单离页保存保留其他页取消及新增单，同单并发编辑和存储失败不覆盖 (2.898125ms)
✔ 技术包换版后旧规格冻结，已交出的仓库及生产在途可实收且不改旧长度 (60.792ms)
✔ 未发料换版释放旧占用，新需求从备料至生产实收，旧预览和已执行重算阻断 (92.797667ms)
✔ 已加工换版：旧200条冻结并释放未发分配，新550/700mm需求实收1000条，旧预览失效且库存守恒 (119.8915ms)
✔ B05实际410/590错配：短条余量冻结，连续余料8米补10条700mm至两规格生产实收 (204.356916ms)
✔ 加工计划时间独立保存：明确时区、并发版本阻断、实际节点不倒推开完工且库存不变 (26.222125ms)
✔ 加工单费用按技术包需求计价：单位、币种和版本可追溯，库存与实收不被费用动作改变 (20.385625ms)
✔ 织带加工单没有接单或开工门禁，投入实收后可直接加工填报 (52.919291ms)
✔ B23未执行采购1000减900：版本留痕、旧预览阻断、重新确认接受后900实际生产实收 (54.076625ms)
✔ B24实收1000退100：仓库交出与TMF分次实收独立，原收保留且净900后减量 (85.927792ms)
✔ 采购取消门禁：无执行事实可取消，已收货或已生产必须先处置不能直接结案 (47.49875ms)
✔ PMS采购实际仓库实收与原料库存一次保存；分批、刷新、原料使用和退回均不重复履约 (164.142833ms)
✔ 历史手工到货及不支持的单位不能直接变成投入料可用库存 (0.416667ms)
✔ 首次实收前供应商确认与关闭可刷新恢复，保存失败和损坏存储不会覆盖状态 (0.4335ms)
✔ N01采用路线按染色→印花关联原单，多尺码不重复列工序，不修改印染数量 (1.166416ms)
✔ 旧版本、错误SKU、码制单位、取消或变更待处理均不作为有效关联 (0.241291ms)
✔ 同号不同生产单或BOM不得关联，重复来源不静默选择，混合快照阻断 (1.488625ms)
✔ 编辑器按尺码保留规格，截断打头不新建SKU，重复保存沿用节点身份 (1.741125ms)
✔ 无印染要求时 TMF 路线只生成截断节点，不凭空生成染色或印花节点 (0.12325ms)
✔ 前序印染产出SKU作为截断投入；保留独立橡筋工艺，移除打头后下游连接截断 (0.373208ms)
✔ 未明确打头、错误辅料BOM、无半成品和不合法前序不能生成可执行路线 (0.549ms)
(node:6207) ExperimentalWarning: localStorage is not available because --localstorage-file was not provided.
(Use `node --trace-warnings ...` to show where the warning was created)
✔ N01：400 条 50CM 和 600 条 70CM 分行计算，共 620 米；未增加 SKU (1.433625ms)
✔ 缺少尺码数量、非整数条数、公差或测量条件时不猜测需求 (0.368ms)
✔ B07：未选择打头、缺少端头方式或辅材不能确认；支持两端不同端头 (0.278417ms)
✔ N04/B08：硅胶按重量且必须有覆盖长度，不作为独立金属头计数 (0.106375ms)
✔ B18：打头只能承接对应截断条料，不能换 SKU、换长度或重新领连续料 (0.350333ms)
✔ N05：规格相同可以合并，但尺码、用途和需求身份不靠物理规格键代替 (0.102458ms)
✔ B14：修改后续版本端头要求不能污染生产单历史快照 (1.396708ms)
✔ 发布门禁：含织带截断工序的技术包必须规格完整且规格仍关联当前 BOM (0.231375ms)
(node:6208) ExperimentalWarning: localStorage is not available because --localstorage-file was not provided.
(Use `node --trace-warnings ...` to show where the warning was created)
✔ 已提交新周期可由真实袋档案进入历史，错误袋和未知周期仍拒绝 (0.999166ms)
(node:6209) ExperimentalWarning: localStorage is not available because --localstorage-file was not provided.
(Use `node --trace-warnings ...` to show where the warning was created)
✔ REPLACEMENT_FABRIC 已绑定有效同生产单任务保留归属，不按部位裁片SKU消除 (18.587834ms)
✔ REPLACEMENT_FABRIC 未绑定票不猜任务，可由用户明确同批加入 (8.66675ms)
✔ REPLACEMENT_FABRIC old-factory 旧绑定不可作为当前任务沿用 (10.466542ms)
✔ REPLACEMENT_FABRIC other-order 旧绑定不可作为当前任务沿用 (6.005542ms)
✔ BINDING_STRIP 已绑定有效同生产单任务保留归属，不按部位裁片SKU消除 (5.766958ms)
✔ BINDING_STRIP 未绑定票不猜任务，可由用户明确同批加入 (5.498459ms)
✔ BINDING_STRIP old-factory 旧绑定不可作为当前任务沿用 (5.466ms)
✔ BINDING_STRIP other-order 旧绑定不可作为当前任务沿用 (5.579667ms)
ℹ tests 567
ℹ suites 0
ℹ pass 567
ℹ fail 0
ℹ cancelled 0
ℹ skipped 0
ℹ todo 0
ℹ duration_ms 14320.03275
vite v6.4.3 building for production...
transforming...
✓ 2719 modules transformed.
rendering chunks...
[plugin vite:reporter] 
(!) /Users/laoer/Documents/higoods/src/data/app-shell-config.ts is dynamically imported by /Users/laoer/Documents/higoods/src/router/routes.ts but also statically imported by /Users/laoer/Documents/higoods/src/components/shell.ts, /Users/laoer/Documents/higoods/src/state/store.ts, dynamic import will not move module into another chunk.

[plugin vite:reporter] 
(!) /Users/laoer/Documents/higoods/src/components/production-object-floating-entry.ts is dynamically imported by /Users/laoer/Documents/higoods/src/main.ts but also statically imported by /Users/laoer/Documents/higoods/src/components/shell.ts, dynamic import will not move module into another chunk.

[plugin vite:reporter] 
(!) /Users/laoer/Documents/higoods/src/data/fcs/cutting/cutting-record-identity.ts is dynamically imported by /Users/laoer/Documents/higoods/src/data/fcs/cutting/cutting-record-repository.ts but also statically imported by /Users/laoer/Documents/higoods/src/data/fcs/cutting/cutting-event-migration.ts, /Users/laoer/Documents/higoods/src/data/fcs/cutting/cutting-file-maintenance.ts, /Users/laoer/Documents/higoods/src/data/fcs/cutting/part-ticket-records.ts, /Users/laoer/Documents/higoods/src/data/fcs/cutting/replacement-fabric-fei-tickets.ts, /Users/laoer/Documents/higoods/src/data/fcs/cutting/replacement-fabric-repository.ts, /Users/laoer/Documents/higoods/src/data/fcs/cutting/retired-cut-piece-pickup-history.ts, /Users/laoer/Documents/higoods/src/data/fcs/production-context-actions.ts, /Users/laoer/Documents/higoods/src/data/fcs/production-context-records.ts, /Users/laoer/Documents/higoods/src/pages/pda-cutting-save.ts, /Users/laoer/Documents/higoods/src/pages/print/replacement-fabric-preview.ts, /Users/laoer/Documents/higoods/src/pages/process-factory/cutting/replacement-fabric-fei-tickets.ts, /Users/laoer/Documents/higoods/src/pages/process-factory/cutting/transfer-bags/state.ts, /Users/laoer/Documents/higoods/src/pages/process-factory/cutting/wait-handover-actions.ts, /Users/laoer/Documents/higoods/src/pages/production-contract-print.ts, /Users/laoer/Documents/higoods/src/pages/unified-dispatch-workbench.ts, dynamic import will not move module into another chunk.

[plugin vite:reporter] 
(!) /Users/laoer/Documents/higoods/src/data/fcs/production-context-records.ts is dynamically imported by /Users/laoer/Documents/higoods/src/data/fcs/cutting/cutting-record-repository.ts, /Users/laoer/Documents/higoods/src/main.ts but also statically imported by /Users/laoer/Documents/higoods/src/data/fcs/cutting/cutting-event-repository.ts, /Users/laoer/Documents/higoods/src/data/fcs/cutting/part-ticket-records.ts, /Users/laoer/Documents/higoods/src/data/fcs/cutting/replacement-fabric-repository.ts, /Users/laoer/Documents/higoods/src/data/fcs/cutting/replacement-fabric-source.ts, /Users/laoer/Documents/higoods/src/data/fcs/cutting/retired-cut-piece-pickup-history.ts, /Users/laoer/Documents/higoods/src/data/fcs/effective-task-assignments.ts, /Users/laoer/Documents/higoods/src/data/fcs/pda-handover-events.ts, /Users/laoer/Documents/higoods/src/data/fcs/production-context-actions.ts, /Users/laoer/Documents/higoods/src/data/fcs/production-contracts.ts, /Users/laoer/Documents/higoods/src/data/fcs/production-order-runtime-store.ts, /Users/laoer/Documents/higoods/src/data/fcs/production-orders.ts, /Users/laoer/Documents/higoods/src/data/fcs/runtime-process-tasks.ts, /Users/laoer/Documents/higoods/src/data/fcs/sewing-outsourcing-responsibility.ts, /Users/laoer/Documents/higoods/src/data/fcs/sewing-sample-approval-suggestion.ts, /Users/laoer/Documents/higoods/src/pages/dispatch-tenders.ts, /Users/laoer/Documents/higoods/src/pages/process-factory/cutting/replacement-fabric-data-tools.ts, /Users/laoer/Documents/higoods/src/pages/production-context-recovery.ts, dynamic import will not move module into another chunk.

[plugin vite:reporter] 
(!) /Users/laoer/Documents/higoods/src/data/fcs/printing-task-domain.ts is dynamically imported by /Users/laoer/Documents/higoods/src/data/fcs/dyeing-task-domain.ts, /Users/laoer/Documents/higoods/src/data/fcs/tmf-upstream-process-orders.ts, /Users/laoer/Documents/higoods/src/data/pms/tmf-material-purchases.ts, /Users/laoer/Documents/higoods/src/pages/process-factory/accessory/webbing/work-order-detail.ts, /Users/laoer/Documents/higoods/src/pages/process-factory/accessory/webbing/work-order-detail.ts but also statically imported by /Users/laoer/Documents/higoods/src/data/fcs/cutting/material-prep.ts, /Users/laoer/Documents/higoods/src/data/fcs/cutting/supplement-node-facts.ts, /Users/laoer/Documents/higoods/src/data/fcs/design-revision-material-transfer.ts, /Users/laoer/Documents/higoods/src/data/fcs/design-revision-process-work-order-adapter.ts, /Users/laoer/Documents/higoods/src/data/fcs/factory-receiving-links.ts, /Users/laoer/Documents/higoods/src/data/fcs/factory-receiving-source-sync.ts, /Users/laoer/Documents/higoods/src/data/fcs/mobile-execution-task-index.ts, /Users/laoer/Documents/higoods/src/data/fcs/pda-start-link.ts, /Users/laoer/Documents/higoods/src/data/fcs/printing-factory-demos.ts, /Users/laoer/Documents/higoods/src/data/fcs/printing-material-receipts.ts, /Users/laoer/Documents/higoods/src/data/fcs/printing-statistics.ts, /Users/laoer/Documents/higoods/src/data/fcs/printing-warehouse-view.ts, /Users/laoer/Documents/higoods/src/data/fcs/printing-work-order-business.ts, /Users/laoer/Documents/higoods/src/data/fcs/process-action-writeback-service.ts, /Users/laoer/Documents/higoods/src/data/fcs/process-execution-writeback.ts, /Users/laoer/Documents/higoods/src/data/fcs/process-mobile-task-binding.ts, /Users/laoer/Documents/higoods/src/data/fcs/process-warehouse-linkage-service.ts, /Users/laoer/Documents/higoods/src/data/fcs/process-web-status-actions.ts, /Users/laoer/Documents/higoods/src/data/fcs/process-work-order-domain.ts, /Users/laoer/Documents/higoods/src/data/fcs/process-work-order-generation-service.ts, /Users/laoer/Documents/higoods/src/data/fcs/production-demand-early-process-work-orders.ts, /Users/laoer/Documents/higoods/src/data/fcs/production-object-overview.ts, /Users/laoer/Documents/higoods/src/data/fcs/production-process-work-order-service.ts, /Users/laoer/Documents/higoods/src/data/fcs/production-task-breakdown.ts, /Users/laoer/Documents/higoods/src/data/fcs/task-print-cards.ts, /Users/laoer/Documents/higoods/src/pages/pcs-independent-sampling.ts, /Users/laoer/Documents/higoods/src/pages/pda-exec-detail.ts, /Users/laoer/Documents/higoods/src/pages/pda-exec.ts, /Users/laoer/Documents/higoods/src/pages/pda-task-receive.ts, /Users/laoer/Documents/higoods/src/pages/print/templates/printing-work-order-template.ts, /Users/laoer/Documents/higoods/src/pages/process-factory/cutting/production-order-overview-projection.ts, /Users/laoer/Documents/higoods/src/pages/process-factory/dyeing/pending-receipts.ts, /Users/laoer/Documents/higoods/src/pages/process-factory/printing/dashboards.ts, /Users/laoer/Documents/higoods/src/pages/process-factory/printing/dialogs.ts, /Users/laoer/Documents/higoods/src/pages/process-factory/printing/dispatch.ts, /Users/laoer/Documents/higoods/src/pages/process-factory/printing/events.ts, /Users/laoer/Documents/higoods/src/pages/process-factory/printing/presentation.ts, /Users/laoer/Documents/higoods/src/pages/process-factory/printing/shared.ts, /Users/laoer/Documents/higoods/src/pages/process-factory/printing/statistics.ts, /Users/laoer/Documents/higoods/src/pages/process-factory/printing/work-order-detail.ts, /Users/laoer/Documents/higoods/src/pages/process-print-orders.ts, /Users/laoer/Documents/higoods/src/pages/process-work-orders/early-process-management.ts, /Users/laoer/Documents/higoods/src/pages/production/demand-domain.ts, /Users/laoer/Documents/higoods/src/runtime/fcs/cutting/pickup-management-runtime.ts, dynamic import will not move module into another chunk.

computing gzip size...
dist/index.html                                                           1.25 kB │ gzip:   0.64 kB
dist/assets/pcs-pattern-parse.worker-B3_rAVMB.js                         18.52 kB
dist/assets/source-views-23Nr_RHD.css                                    34.63 kB │ gzip:   7.04 kB
dist/assets/index-yNJIJLVD.css                                          155.26 kB │ gzip:  25.44 kB
dist/assets/domain-snapshot-CIjqQZJH.js                                   0.32 kB │ gzip:   0.24 kB
dist/assets/store-domain-quality-bootstrap-g1tGLcah.js                    0.38 kB │ gzip:   0.25 kB
dist/assets/sample-warehouse-projection-C-4Ch4nM.js                       0.39 kB │ gzip:   0.25 kB
dist/assets/dialogs-DvlNVtCo.js                                           0.58 kB │ gzip:   0.31 kB
dist/assets/pcs-style-demo-image-GDjoPqJf.js                              0.59 kB │ gzip:   0.28 kB
dist/assets/tech-pack-ByMEHKXs.js                                         0.63 kB │ gzip:   0.34 kB
dist/assets/badge-8rrDlfRG.js                                             0.78 kB │ gzip:   0.42 kB
dist/assets/images-Q79qfJD0.js                                            0.80 kB │ gzip:   0.35 kB
dist/assets/pms-export-Byn4UKsN.js                                        0.83 kB │ gzip:   0.50 kB
dist/assets/placeholder-CWBojyKM.js                                       0.85 kB │ gzip:   0.47 kB
dist/assets/pda-cutting-save-DEMWarZx.js                                  0.88 kB │ gzip:   0.60 kB
dist/assets/trace-Bm7XHOkz.js                                             0.89 kB │ gzip:   0.51 kB
dist/assets/runtime-DY769RIr.js                                           0.90 kB │ gzip:   0.61 kB
dist/assets/execution-prep-projection-helpers-Cdocj8J7.js                 0.94 kB │ gzip:   0.46 kB
dist/assets/history-C9jDIhv_.js                                           0.98 kB │ gzip:   0.63 kB
dist/assets/payment-sync-CQf2Ojzz.js                                      1.01 kB │ gzip:   0.64 kB
dist/assets/print-service-CyrwQfQw.js                                     1.04 kB │ gzip:   0.52 kB
dist/assets/pda-sewing-self-return-mode-CVT5AEl1.js                       1.07 kB │ gzip:   0.54 kB
dist/assets/detail.adapter-BHg-tOIR.js                                    1.08 kB │ gzip:   0.68 kB
dist/assets/process-work-order-generation-service-DZFKG62W.js             1.08 kB │ gzip:   0.65 kB
dist/assets/dyeing-material-receipts-BLmU8t6f.js                          1.11 kB │ gzip:   0.73 kB
dist/assets/pda-runtime-DJOMu19X.js                                       1.16 kB │ gzip:   0.64 kB
dist/assets/replacement-fabric-scan-BK8oI7yt.js                           1.28 kB │ gzip:   0.81 kB
dist/assets/overview-DJFulRZm.js                                          1.29 kB │ gzip:   0.71 kB
dist/assets/process-work-order-source-view-BkAmyMWw.js                    1.31 kB │ gzip:   0.58 kB
dist/assets/transfer-bag-handover-mock-Bb8EWKB1.js                        1.31 kB │ gzip:   0.71 kB
dist/assets/work-order-action-policy-BITV8wZU.js                          1.34 kB │ gzip:   0.68 kB
dist/assets/dialogs-CMfWYn-W.js                                           1.42 kB │ gzip:   0.62 kB
dist/assets/filter-bar-DioXD2jR.js                                        1.49 kB │ gzip:   0.81 kB
dist/assets/material-identity-CqSSRebm.js                                 1.54 kB │ gzip:   0.85 kB
dist/assets/supplement-material-prep-demand-registry-DI-N3DvB.js          1.56 kB │ gzip:   0.75 kB
dist/assets/warehouse-shared-DkiKQk9I.js                                  1.57 kB │ gzip:   0.51 kB
dist/assets/pda-cutting-wait-handover-actions-CRoV6zaZ.js                 1.58 kB │ gzip:   0.62 kB
dist/assets/task-handover-domain-DQpe7eg2.js                              1.58 kB │ gzip:   0.77 kB
dist/assets/task-chain-pages-adapter-ho24FNZK.js                          1.72 kB │ gzip:   0.84 kB
dist/assets/real-qr-CB1HVQsV.js                                           1.74 kB │ gzip:   0.93 kB
dist/assets/work-order-detail-CtTMrqHu.js                                 1.78 kB │ gzip:   0.81 kB
dist/assets/real-barcode-BxY3tCau.js                                      1.81 kB │ gzip:   0.96 kB
dist/assets/wool-pda-scan-C-pQSK1I.js                                     1.81 kB │ gzip:   1.00 kB
dist/assets/tmf-upstream-receiving-1IDJJ6Xa.js                            1.84 kB │ gzip:   1.14 kB
dist/assets/toast-BsokrJRw.js                                             1.87 kB │ gzip:   0.90 kB
dist/assets/mixed-transfer-bag-ticket-DETTPWFm.js                         1.89 kB │ gzip:   0.79 kB
dist/assets/kol-goto-fixed-total-ledger-CnfUuXty.js                       1.93 kB │ gzip:   0.92 kB
dist/assets/list-export-BH9_D7m6.js                                       1.99 kB │ gzip:   1.17 kB
dist/assets/printing-sheet-preview-DB_TotX6.js                            2.03 kB │ gzip:   1.06 kB
dist/assets/confirmation-print-CWJ05cPY.js                                2.03 kB │ gzip:   0.93 kB
dist/assets/table-DFN2-Rgz.js                                             2.04 kB │ gzip:   1.03 kB
dist/assets/binding-process-pda-scan-DC3fiO77.js                          2.18 kB │ gzip:   1.13 kB
dist/assets/cutting-file-maintenance-Da-0pxEA.js                          2.19 kB │ gzip:   1.17 kB
dist/assets/special-craft-pda-scope-CCszmvpD.js                           2.24 kB │ gzip:   1.02 kB
dist/assets/task-route-card-CpxOj0Ha.js                                   2.30 kB │ gzip:   1.08 kB
dist/assets/mixed-bag-contents-DhUStBvN.js                                2.33 kB │ gzip:   1.29 kB
dist/assets/task-delivery-card-Cvamc1rU.js                                2.36 kB │ gzip:   1.16 kB
dist/assets/production-context-recovery-NrMPA_B_.js                       2.36 kB │ gzip:   1.24 kB
dist/assets/production-contract-print-Brs3Xnjq.js                         2.42 kB │ gzip:   1.38 kB
dist/assets/helpers-BFKa6pUf.js                                           2.42 kB │ gzip:   1.21 kB
dist/assets/pda-cutting-simple-cut-piece-handover-fAeGDDt0.js             2.50 kB │ gzip:   1.26 kB
dist/assets/tmf-work-order-view-Da-Xcdxo.js                               2.56 kB │ gzip:   1.18 kB
dist/assets/pms-excel-import-DnMCWv6B.js                                  2.66 kB │ gzip:   1.32 kB
dist/assets/shared-8vRA3nhP.js                                            2.70 kB │ gzip:   1.02 kB
dist/assets/process-order-list-presentation-CbYxoZTU.js                   2.71 kB │ gzip:   1.27 kB
dist/assets/post-finishing-spu-technical-parameters-K1mdnYoC.js           2.79 kB │ gzip:   1.28 kB
dist/assets/marker-plan-projection-BMlWnYVy.js                            2.83 kB │ gzip:   1.23 kB
dist/assets/authorization-code-Bg_AP22b.js                                2.91 kB │ gzip:   1.43 kB
dist/assets/process-order-task-relations-DvEznFsD.js                      2.97 kB │ gzip:   1.29 kB
dist/assets/production-order-identity-BZT-a5bU.js                         3.00 kB │ gzip:   1.24 kB
dist/assets/product-skus-CEt6Fukj.js                                      3.03 kB │ gzip:   0.96 kB
dist/assets/tabs-C9aI84nD.js                                              3.09 kB │ gzip:   0.93 kB
dist/assets/pda-cutting-runtime-action-inputs-BD1fqSWi.js                 3.15 kB │ gzip:   1.09 kB
dist/assets/trade-subjects-B1U82DIE.js                                    3.16 kB │ gzip:   1.12 kB
dist/assets/progress-board-DbyErabl.js                                    3.17 kB │ gzip:   1.49 kB
dist/assets/tmf-upstream-process-orders-DmnjHYaA.js                       3.38 kB │ gzip:   1.61 kB
dist/assets/cutting-mainline-BXg7rMKx.js                                  3.41 kB │ gzip:   1.53 kB
dist/assets/binding-process-warehouse-linkage-service-DGs66xlb.js         3.62 kB │ gzip:   1.38 kB
dist/assets/fcs-route-links-BdCFaX2E.js                                   3.67 kB │ gzip:   1.20 kB
dist/assets/quality-chain-adapter-DS_aUp1q.js                             3.68 kB │ gzip:   1.66 kB
dist/assets/shared-BTDCa9pa.js                                            3.73 kB │ gzip:   1.70 kB
dist/assets/shared-0QnTYyYj.js                                            3.91 kB │ gzip:   1.64 kB
dist/assets/sewing-outsourcing-demo-CvkG8uaG.js                           4.01 kB │ gzip:   1.62 kB
dist/assets/transfer-bag-repack-mock-qIjhrUeM.js                          4.04 kB │ gzip:   1.87 kB
dist/assets/tipping-form-BA5c0j6-.js                                      4.07 kB │ gzip:   2.03 kB
dist/assets/wls-page-handlers-6x_C0AMH.js                                 4.09 kB │ gzip:   1.39 kB
dist/assets/dashboards-Bt3mWUWt.js                                        4.10 kB │ gzip:   2.02 kB
dist/assets/transit-simple-lists-PGc6qHRK.js                              4.14 kB │ gzip:   1.46 kB
dist/assets/pda-wool-warehouse-flows-DyqOukdG.js                          4.48 kB │ gzip:   2.38 kB
dist/assets/supplement-order-registry-CHnc7juB.js                         4.49 kB │ gzip:   1.76 kB
dist/assets/tmf-process-print-preview-Bs97cKNg.js                         4.58 kB │ gzip:   2.17 kB
dist/assets/preparation-material-receipt-sources-DPSoRctB.js              4.68 kB │ gzip:   1.95 kB
dist/assets/replacement-fabric-label-template-BA5smejQ.js                 4.70 kB │ gzip:   2.13 kB
dist/assets/sewing-outsourcing-responsibility-BNwnIsW2.js                 4.71 kB │ gzip:   2.05 kB
dist/assets/form-DOxNXHwC.js                                              4.74 kB │ gzip:   1.41 kB
dist/assets/layout.helpers-BXcv94n8.js                                    4.76 kB │ gzip:   1.73 kB
dist/assets/runtime-task-tenders-YGz6fHpq.js                              4.76 kB │ gzip:   1.94 kB
dist/assets/relations-DOU03hf_.js                                         4.77 kB │ gzip:   2.17 kB
dist/assets/replacement-fabric-preview-bny6Nl7E.js                        4.79 kB │ gzip:   2.37 kB
dist/assets/transit-dashboard-DXjif5_v.js                                 4.85 kB │ gzip:   2.04 kB
dist/assets/result-list-DVRFB0n1.js                                       4.94 kB │ gzip:   2.06 kB
dist/assets/routes-pcs-DLFn0xEz.js                                        4.99 kB │ gzip:   1.44 kB
dist/assets/store-domain-dispatch-process-CwZAi37q.js                     5.01 kB │ gzip:   1.95 kB
dist/assets/routes-pda-DTFkJF86.js                                        5.01 kB │ gzip:   1.89 kB
dist/assets/cutting-event-migration-BNnGScm7.js                           5.02 kB │ gzip:   2.02 kB
dist/assets/process-order-list-controller-cRy-VvtX.js                     5.07 kB │ gzip:   1.91 kB
dist/assets/process-work-order-quality-settlement-B_VkysKK.js             5.33 kB │ gzip:   2.20 kB
dist/assets/dispatch-task-sheet-tEGB7HMz.js                               5.54 kB │ gzip:   2.63 kB
dist/assets/retired-cut-piece-pickup-history-DTGi3ELI.js                  5.65 kB │ gzip:   2.28 kB
dist/assets/process-order-three-axis-view-DnVozAW1.js                     5.76 kB │ gzip:   2.32 kB
dist/assets/production-contract-center-CT5FNS2_.js                        5.81 kB │ gzip:   2.50 kB
dist/assets/pda-cutting-nav-context-C89Cx_JA.js                           5.95 kB │ gzip:   1.40 kB
dist/assets/transfer-bags-projection-CQDrwJxt.js                          5.99 kB │ gzip:   2.36 kB
dist/assets/fcs-pda-pickup-dispute-DPtPwi79.js                            6.19 kB │ gzip:   2.18 kB
dist/assets/pda-transfer-bag-detail-DoAP1Eii.js                           6.19 kB │ gzip:   2.28 kB
dist/assets/material-handover-Da1TZB9_.js                                 6.25 kB │ gzip:   2.44 kB
dist/assets/fact-view-WfgMgflb.js                                         6.29 kB │ gzip:   2.07 kB
dist/assets/warehouse-standard-BDOhvn4h.js                                6.30 kB │ gzip:   2.10 kB
dist/assets/statistics-B3IfMkNb.js                                        6.39 kB │ gzip:   1.93 kB
dist/assets/craft-actions-DZNa6YX5.js                                     6.42 kB │ gzip:   2.91 kB
dist/assets/transfer-bag-goods-label-DjPik4CN.js                          6.46 kB │ gzip:   2.64 kB
dist/assets/pcs-project-technical-data-writeback-BDonvQw5.js              6.49 kB │ gzip:   2.52 kB
dist/assets/production-context-actions-sQrpnRB6.js                        6.55 kB │ gzip:   2.68 kB
dist/assets/pcs-technical-data-tech-pack-list-9lrrAxiz.js                 6.55 kB │ gzip:   2.50 kB
dist/assets/factory-receiving-links-Cs3Diqms.js                           6.57 kB │ gzip:   2.64 kB
dist/assets/workbench-Ci-oHRXt.js                                         6.59 kB │ gzip:   2.67 kB
dist/assets/pda-notify-DPK812cB.js                                        6.61 kB │ gzip:   2.43 kB
dist/assets/sewing-outsourcing-supplement-tracking-B9-WzLPU.js            6.63 kB │ gzip:   2.89 kB
dist/assets/shared-DooF1xOv.js                                            6.82 kB │ gzip:   2.52 kB
dist/assets/production-contract-master-template-CAKSN8EL.js               6.85 kB │ gzip:   2.74 kB
dist/assets/pcs-testing-order-create-CM38Dk0g.js                          6.89 kB │ gzip:   2.66 kB
dist/assets/dye-work-order-times-w7U4XCtx.js                              7.22 kB │ gzip:   2.55 kB
dist/assets/shared-Dm6r5JTZ.js                                            7.26 kB │ gzip:   2.55 kB
dist/assets/pda-cutting-execution-unit-C_GgEX_f.js                        7.32 kB │ gzip:   2.76 kB
dist/assets/overview.helpers-BP2F5Yu8.js                                  7.36 kB │ gzip:   2.88 kB
dist/assets/settlement-flow-boundaries-DbkSNas3.js                        7.43 kB │ gzip:   2.53 kB
dist/assets/pda-notify-detail-CNxyOqLC.js                                 7.50 kB │ gzip:   2.39 kB
dist/assets/pda-cutting-fei-ticket-numbering-DSp_KosD.js                  7.52 kB │ gzip:   2.51 kB
dist/assets/transit-warehouse-CGN4xIMS.js                                 7.54 kB │ gzip:   2.13 kB
dist/assets/production-craft-dict-UDeVrEC3.js                             7.55 kB │ gzip:   2.85 kB
dist/assets/pcs-product-information-BPOEl9Wf.js                           7.58 kB │ gzip:   3.32 kB
dist/assets/pda-warehouse-Byz83XQu.js                                     7.60 kB │ gzip:   3.03 kB
dist/assets/sewing-outsourcing-return-tracking-Zxk_B0sy.js                7.61 kB │ gzip:   2.86 kB
dist/assets/workbench-R63d5z5P.js                                         7.69 kB │ gzip:   3.16 kB
dist/assets/supplement-node-facts-DE7qDd_g.js                             7.77 kB │ gzip:   2.85 kB
dist/assets/pcs-material-archive-detail-BY9R0A8Q.js                       7.80 kB │ gzip:   2.75 kB
dist/assets/pcs-testing-order-list-Carh_dYK.js                            7.92 kB │ gzip:   3.06 kB
dist/assets/tmf-process-sheet-template--_ZlFRtI.js                        7.98 kB │ gzip:   3.80 kB
dist/assets/pda-cutting-transfer-bag-recovery-RdSKcbSF.js                 7.99 kB │ gzip:   3.31 kB
dist/assets/production-contracts-BsxeFsjS.js                              8.03 kB │ gzip:   2.74 kB
dist/assets/progress-exception-lifecycle-BJx0gSBY.js                      8.09 kB │ gzip:   2.70 kB
dist/assets/routes-pms-DFDKb272.js                                        8.30 kB │ gzip:   2.11 kB
dist/assets/pda-cutting-transfer-bag-scrap-CTplIqz6.js                    8.38 kB │ gzip:   3.45 kB
dist/assets/milestone-configs-BOnjMH0U.js                                 8.42 kB │ gzip:   2.95 kB
dist/assets/statistics-CGo8Hhy4.js                                        8.42 kB │ gzip:   3.65 kB
dist/assets/bom-templates-Br7_yp-y.js                                     8.47 kB │ gzip:   1.81 kB
dist/assets/pre-settlement-ledger-repository-Den-nKjI.js                  8.64 kB │ gzip:   2.96 kB
dist/assets/pcs-pattern-library-config-LXe9A6Ip.js                        8.77 kB │ gzip:   2.40 kB
dist/assets/fei-ticket-numbering-DjCOCOoJ.js                              8.82 kB │ gzip:   3.09 kB
dist/assets/bom-templates-yNXPXGA0.js                                     8.84 kB │ gzip:   3.68 kB
dist/assets/navigation-context-LYB-6T51.js                                8.87 kB │ gzip:   2.46 kB
dist/assets/warehouses-DXIIcLc2.js                                        8.88 kB │ gzip:   2.11 kB
dist/assets/pda-cutting-shared-DPYTyrIR.js                                8.90 kB │ gzip:   2.74 kB
dist/assets/yarn-shipments-BmmhydOh.js                                    8.96 kB │ gzip:   4.06 kB
dist/assets/cutting-event-repository-BxPsQiVV.js                          9.01 kB │ gzip:   3.98 kB
dist/assets/list-JvY-Mo71.js                                              9.08 kB │ gzip:   3.04 kB
dist/assets/pda-execution-CwJIYQGL.js                                     9.28 kB │ gzip:   3.68 kB
dist/assets/handover-records-BjI5mFrR.js                                  9.35 kB │ gzip:   3.56 kB
dist/assets/pda-login-EyKAhaJf.js                                         9.52 kB │ gzip:   3.68 kB
dist/assets/dye-work-order-online-domain-BKuqTV6Q.js                      9.53 kB │ gzip:   3.55 kB
dist/assets/sewing-pickup-slips-BdEMmTCg.js                               9.56 kB │ gzip:   3.59 kB
dist/assets/production-receipts-C5Q7ji8d.js                               9.77 kB │ gzip:   3.94 kB
dist/assets/pending-receipts-DXcn_IsO.js                                  9.91 kB │ gzip:   4.10 kB
dist/assets/continuous-stock-cFEjMuow.js                                 10.10 kB │ gzip:   4.12 kB
dist/assets/purchase-suggestions-Duv_PHLl.js                             10.15 kB │ gzip:   3.10 kB
dist/assets/trade-subjects-Dar4gtCg.js                                   10.23 kB │ gzip:   3.72 kB
dist/assets/production-return-fulfillment-Ib4SifFg.js                    10.44 kB │ gzip:   3.97 kB
dist/assets/settings-BbepVX1Z.js                                         10.69 kB │ gzip:   3.23 kB
dist/assets/product-skus-BpswCQ0q.js                                     10.71 kB │ gzip:   4.13 kB
dist/assets/pms-handlers-C3lBSiM2.js                                     10.76 kB │ gzip:   2.39 kB
dist/assets/transit-receipts-V96CXRto.js                                 10.96 kB │ gzip:   4.01 kB
dist/assets/task-breakdown-B_V0U-lt.js                                   11.05 kB │ gzip:   4.07 kB
dist/assets/presentation-DDcmowuk.js                                     11.17 kB │ gzip:   4.59 kB
dist/assets/material-transfers-BTBxUegr.js                               11.32 kB │ gzip:   3.93 kB
dist/assets/pda-exec-link-oQOvMGEa.js                                    11.32 kB │ gzip:   3.69 kB
dist/assets/tasks-CNooydIK.js                                            11.34 kB │ gzip:   4.36 kB
dist/assets/material-prep-DR6-z432.js                                    11.40 kB │ gzip:   2.68 kB
dist/assets/dyeing-warehouse-view-DCh0rcZT.js                            11.46 kB │ gzip:   3.94 kB
dist/assets/warehouses-Y3j7wz41.js                                       11.71 kB │ gzip:   4.22 kB
dist/assets/process-statistics-domain-BfeDKYW1.js                        12.19 kB │ gzip:   3.97 kB
dist/assets/pickup-management-runtime-BwbP-LaW.js                        12.20 kB │ gzip:   4.71 kB
dist/assets/task-execution-adapter-Bikziewo.js                           12.22 kB │ gzip:   3.67 kB
dist/assets/bom-detail-3nOJTYXQ.js                                       12.33 kB │ gzip:   4.32 kB
dist/assets/wls-inbound-BRF8Gdma.js                                      12.37 kB │ gzip:   4.76 kB
dist/assets/returns-C8OneFTm.js                                          12.44 kB │ gzip:   4.60 kB
dist/assets/handover-print-Btdsz6xP.js                                   12.46 kB │ gzip:   4.50 kB
dist/assets/cut-piece-return-warehouse-BJrJTo5N.js                       12.52 kB │ gzip:   4.39 kB
dist/assets/pcs-handlers-CoaxeXbU.js                                     12.69 kB │ gzip:   2.89 kB
dist/assets/context-CxRUVEQ2.js                                          13.01 kB │ gzip:   4.59 kB
dist/assets/handover-records-DL3nUkC2.js                                 13.15 kB │ gzip:   4.13 kB
dist/assets/meta-C4Z-hr4m.js                                             13.16 kB │ gzip:   2.95 kB
dist/assets/tmf-base-demo-CyfD2Zzr.js                                    13.17 kB │ gzip:   4.74 kB
dist/assets/supplements-D40N9Rsw.js                                      13.18 kB │ gzip:   4.76 kB
dist/assets/wls-finished-inbound-DqeZh_np.js                             13.21 kB │ gzip:   5.01 kB
dist/assets/design-revision-process-work-order-adapter-CIhK7v_q.js       13.27 kB │ gzip:   3.84 kB
dist/assets/pda-start-link-DxQt5fhR.js                                   13.37 kB │ gzip:   4.73 kB
dist/assets/responsibility-transfers-CbF54iat.js                         13.41 kB │ gzip:   5.04 kB
dist/assets/work-orders-D1fwOr-t.js                                      13.88 kB │ gzip:   4.69 kB
dist/assets/work-orders-BS_JNGmd.js                                      13.99 kB │ gzip:   5.19 kB
dist/assets/workbench-V2cGgupZ.js                                        14.07 kB │ gzip:   4.06 kB
dist/assets/work-order-detail-D9k4U8BZ.js                                14.17 kB │ gzip:   4.49 kB
dist/assets/mobile-execution-task-index-B0TmwDRg.js                      14.21 kB │ gzip:   3.78 kB
dist/assets/post-finishing-qc-print-template-BTBjFi7H.js                 14.45 kB │ gzip:   4.45 kB
dist/assets/printing-sheet-template-BOyKyJ1v.js                          14.51 kB │ gzip:   5.02 kB
dist/assets/work-orders-CJTWQY-X.js                                      14.72 kB │ gzip:   4.77 kB
dist/assets/reports-DKxTEOQ7.js                                          14.83 kB │ gzip:   3.58 kB
dist/assets/full-flow-print-B9v8i_jm.js                                  14.93 kB │ gzip:   4.85 kB
dist/assets/progress-handover-order-ID5OzHJA.js                          15.10 kB │ gzip:   4.31 kB
dist/assets/outbound-orders-CntWxWp3.js                                  15.38 kB │ gzip:   4.94 kB
dist/assets/cut-order-release-integration-Dfm-C7_d.js                    15.38 kB │ gzip:   5.46 kB
dist/assets/machines-DhWIFWuV.js                                         15.39 kB │ gzip:   5.04 kB
dist/assets/pda-cutting-task-detail-CUhC1iZC.js                          15.62 kB │ gzip:   5.45 kB
dist/assets/pcs-engineering-tech-pack-workspace-eqafoCQc.js              15.82 kB │ gzip:   5.66 kB
dist/assets/process-web-status-actions-hOSZPbzR.js                       15.97 kB │ gzip:   4.23 kB
dist/assets/replacement-fabric-repository-DlIa4IMZ.js                    15.97 kB │ gzip:   6.08 kB
dist/assets/simple-cut-piece-handover-fixtures-CsBvzjNo.js               15.97 kB │ gzip:   5.31 kB
dist/assets/cut-order-supplement-fixture-BjUhq07B.js                     15.97 kB │ gzip:   4.83 kB
dist/assets/pda-sewing-self-return-D-rKDpIt.js                           16.03 kB │ gzip:   5.29 kB
dist/assets/progress-cutting-detail-B06-9qWL.js                          16.11 kB │ gzip:   3.82 kB
dist/assets/handover-ledger-view-7JjROH1x.js                             16.17 kB │ gzip:   4.44 kB
dist/assets/wls-garment-relabel-tasks-T1tR6Viw.js                        16.24 kB │ gzip:   5.33 kB
dist/assets/garment-spu-replacement-DLDbGsMn.js                          16.36 kB │ gzip:   5.01 kB
dist/assets/pda-notify-due-soon-C3wLo8GC.js                              16.61 kB │ gzip:   5.58 kB
dist/assets/suppliers-CF8Vrskm.js                                        16.77 kB │ gzip:   4.64 kB
dist/assets/material-requirements-ByK7WaOi.js                            16.81 kB │ gzip:   5.69 kB
dist/assets/part-ticket-records-DPjCFLjn.js                              17.00 kB │ gzip:   6.35 kB
dist/assets/events-CvPFdcmr.js                                           17.01 kB │ gzip:   6.67 kB
dist/assets/sewing-cut-piece-return-workflow-B0rAwlTb.js                 17.21 kB │ gzip:   6.09 kB
dist/assets/production-confirmation-BE-Lfc-_.js                          17.25 kB │ gzip:   5.89 kB
dist/assets/warehouse-DaZcAFbL.js                                        17.46 kB │ gzip:   5.43 kB
dist/assets/marker-spreading-projection-kolYX8a2.js                      17.50 kB │ gzip:   5.54 kB
dist/assets/output-stock-Dbb5gfzD.js                                     17.52 kB │ gzip:   6.60 kB
dist/assets/sewing-cut-piece-responsibility-DTjxNrtW.js                  17.58 kB │ gzip:   5.28 kB
dist/assets/bom-detail-CJaJNtul.js                                       17.76 kB │ gzip:   5.73 kB
dist/assets/process-mobile-task-binding-DTrupHL0.js                      17.90 kB │ gzip:   6.26 kB
dist/assets/pcs-testing-order-detail-Bp44tuxL.js                         18.17 kB │ gzip:   5.12 kB
dist/assets/adjustments-DsUnHdZc.js                                      18.19 kB │ gzip:   5.51 kB
dist/assets/pda-warehouse-inbound-records-B-8Ap1a5.js                    18.27 kB │ gzip:   5.15 kB
dist/assets/purchase-demands-DsyI1KDc.js                                 18.29 kB │ gzip:   5.86 kB
dist/assets/platform-process-result-view-DQw5VMGV.js                     18.53 kB │ gzip:   5.32 kB
dist/assets/store-domain-statement-source-adapter-CuB_jlDP.js            18.56 kB │ gzip:   5.30 kB
dist/assets/sewing-outsourcing-workbench-CPD2Eo9i.js                     18.67 kB │ gzip:   6.48 kB
dist/assets/pda-warehouse-shared-C5_-Adfl.js                             18.74 kB │ gzip:   5.59 kB
dist/assets/task-orders-C22UqMCg.js                                      18.77 kB │ gzip:   6.34 kB
dist/assets/pda-warehouse-outbound-records-BtF5JhlT.js                   18.77 kB │ gzip:   5.37 kB
dist/assets/process-water-soluble-orders-BuQkKSmX.js                     18.84 kB │ gzip:   5.74 kB
dist/assets/materials-BA_owAdW.js                                        18.93 kB │ gzip:   4.79 kB
dist/assets/production-demand-early-process-work-orders-HUOehN9D.js      18.93 kB │ gzip:   5.65 kB
dist/assets/pda-handlers-CU4hJiEs.js                                     19.08 kB │ gzip:   5.08 kB
dist/assets/kol-goto-pda-domain-BLO9aXeJ.js                              19.20 kB │ gzip:   6.53 kB
dist/assets/platform.adapter-ZZ9sOrGN.js                                 19.25 kB │ gzip:   6.09 kB
dist/assets/shared-BwcMsod2.js                                           19.47 kB │ gzip:   5.27 kB
dist/assets/product-purchase-orders-Cg5SKldL.js                          19.50 kB │ gzip:   5.76 kB
dist/assets/print-preview-MkPbUdkV.js                                    19.54 kB │ gzip:   6.97 kB
dist/assets/stage-display-DfrsrDhC.js                                    19.66 kB │ gzip:   6.94 kB
dist/assets/audit-records-BnRv8nRh.js                                    19.69 kB │ gzip:   6.37 kB
dist/assets/units-BuJWM_Op.js                                            19.70 kB │ gzip:   5.88 kB
dist/assets/factory-sample-verification-flow-D8tyiUDw.js                 19.86 kB │ gzip:   4.87 kB
dist/assets/index-BDMg1hCZ.js                                            20.17 kB │ gzip:   5.20 kB
dist/assets/material-purchase-tracking-BsuN1RiI.js                       20.29 kB │ gzip:   6.35 kB
dist/assets/deduction-analysis-BDZzNaxG.js                               20.64 kB │ gzip:   5.86 kB
dist/assets/overview.adapter-Cn4BzQo9.js                                 20.65 kB │ gzip:   6.53 kB
dist/assets/fei-ticket-numbering-BAkvvzEy.js                             20.69 kB │ gzip:   5.71 kB
dist/assets/events-BQE5sXQG.js                                           21.11 kB │ gzip:   6.52 kB
dist/assets/order-list-columns-DmAU4kj5.js                               21.12 kB │ gzip:   6.59 kB
dist/assets/work-order-detail-D8c_rjKd.js                                21.22 kB │ gzip:   6.69 kB
dist/assets/suppliers-C0-ckEX3.js                                        21.39 kB │ gzip:   6.82 kB
dist/assets/cut-piece-returns-DPSjWJFC.js                                21.63 kB │ gzip:   6.51 kB
dist/assets/cut-piece-handover-CXujwzo2.js                               21.79 kB │ gzip:   6.95 kB
dist/assets/tmf-domain-shared-fL8UUXJ2.js                                21.88 kB │ gzip:   8.26 kB
dist/assets/material-issue-DKeLl3k5.js                                   22.07 kB │ gzip:   5.18 kB
dist/assets/tasks-BmVE0UVL.js                                            22.07 kB │ gzip:   6.99 kB
dist/assets/pms-purchase-orders-B5eP_GL6.js                              22.07 kB │ gzip:   6.46 kB
dist/assets/progress-cutting-overview-CJaEGQ2m.js                        22.13 kB │ gzip:   5.05 kB
dist/assets/routes-wls-CWlL0TCK.js                                       22.24 kB │ gzip:   7.22 kB
dist/assets/qc-workbench-BS4RbIyg.js                                     22.36 kB │ gzip:   6.91 kB
dist/assets/warehouse-location-map-model-yxKO1cbV.js                     22.52 kB │ gzip:   7.15 kB
dist/assets/recheck-orders-Ct1sFG4j.js                                   22.54 kB │ gzip:   7.08 kB
dist/assets/subject-operations-Cg74XxMg.js                               22.58 kB │ gzip:   7.01 kB
dist/assets/production-order-duration-DqKcPKft.js                        22.58 kB │ gzip:   8.59 kB
dist/assets/material-statements-CxpaoTji.js                              22.75 kB │ gzip:   6.01 kB
dist/assets/progress-statistics-linkage-Cc7LWM8K.js                      22.82 kB │ gzip:   6.52 kB
dist/assets/purchase-suggestions-Cy_Zn_jl.js                             23.22 kB │ gzip:   7.25 kB
dist/assets/pcs-engineering-master-view-model-DE8oCZRx.js                23.32 kB │ gzip:   7.75 kB
dist/assets/process-order-task-links-BGWDaUKr.js                         23.57 kB │ gzip:   6.44 kB
dist/assets/process-print-orders-P8XCWT54.js                             23.75 kB │ gzip:   7.78 kB
dist/assets/dye-work-order-online-view-BDixIWx-.js                       23.86 kB │ gzip:   8.10 kB
dist/assets/process-dye-orders-B2NHs2oL.js                               23.93 kB │ gzip:   7.85 kB
dist/assets/material-purchase-orders-g5hCC6GA.js                         24.20 kB │ gzip:   7.63 kB
dist/assets/qc-orders-0pe09QE1.js                                        24.30 kB │ gzip:   7.60 kB
dist/assets/machine-associations-B11sC7pC.js                             24.50 kB │ gzip:   7.28 kB
dist/assets/fcs-production-tech-pack-snapshot-BtLG97Iq.js                24.62 kB │ gzip:   6.18 kB
dist/assets/retired-process-history-BYv7dyqK.js                          24.79 kB │ gzip:   6.43 kB
dist/assets/dialogs-CcSqcYkq.js                                          24.87 kB │ gzip:   6.15 kB
dist/assets/wls-fabric-demand-board-Cx78ew-c.js                          25.09 kB │ gzip:   6.87 kB
dist/assets/material-preparation-3TWMW13D.js                             25.13 kB │ gzip:   8.77 kB
dist/assets/kol-demands-CxKKZ3PQ.js                                      25.30 kB │ gzip:   7.35 kB
dist/assets/supplier-supply-archives-CgnpKH9K.js                         25.59 kB │ gzip:   7.43 kB
dist/assets/pda-warehouse-wait-handover-CRPTT33C.js                      25.73 kB │ gzip:   6.43 kB
dist/assets/progress-milestone-config-DzffS5GY.js                        26.47 kB │ gzip:   5.67 kB
dist/assets/sample-approval-suggestions-DUtDfPnt.js                      26.65 kB │ gzip:   8.17 kB
dist/assets/marker-spreading-utils-D5uAal1p.js                           26.72 kB │ gzip:   7.83 kB
dist/assets/pcs-channel-products-BjzDZmwf.js                             26.73 kB │ gzip:   7.18 kB
dist/assets/simple-cut-piece-handover-ui-aiYxUB9T.js                     26.73 kB │ gzip:   9.98 kB
dist/assets/sample-warehouse-Ioj2pFfL.js                                 26.79 kB │ gzip:   6.68 kB
dist/assets/warehouse-location-map-jBv6GYH5.js                           27.06 kB │ gzip:   7.08 kB
dist/assets/third-party-factory-rating-suPZV-Hy.js                       27.07 kB │ gzip:   7.59 kB
dist/assets/pcs-pattern-library-detail-Sx90t27e.js                       27.62 kB │ gzip:   6.59 kB
dist/assets/pda-wool-fact-execution-CkK8Yz-P.js                          27.84 kB │ gzip:   9.27 kB
dist/assets/warehouse-BLgYzxD0.js                                        28.13 kB │ gzip:   9.35 kB
dist/assets/pcs-engineering-master-list-CIjwqmx1.js                      28.21 kB │ gzip:   9.83 kB
dist/assets/print-styles-BjQBw8jj.js                                     28.31 kB │ gzip:   4.01 kB
dist/assets/factory-status-BjHJyDVQ.js                                   28.43 kB │ gzip:   6.03 kB
dist/assets/pcs-engineering-master-detail-CU-HtbRq.js                    28.55 kB │ gzip:   8.38 kB
dist/assets/replacement-fabric-fei-tickets-BHY-ugpd.js                   28.88 kB │ gzip:  10.00 kB
dist/assets/marker-plan-source-model-DQrnv-Dr.js                         28.92 kB │ gzip:   8.47 kB
dist/assets/logistics-reconciliations-BwWRW7Jc.js                        28.93 kB │ gzip:   8.90 kB
dist/assets/progress-cutting-exception-center-CDaMWtOB.js                29.20 kB │ gzip:   6.51 kB
dist/assets/material-reconciliations-CBz1XfxF.js                         29.38 kB │ gzip:   8.90 kB
dist/assets/production-order-progress-tracking-CCK1S1sK.js               29.71 kB │ gzip:   9.93 kB
dist/assets/early-process-management-CeDH2DRT.js                         30.06 kB │ gzip:   7.55 kB
dist/assets/handover-orders-BKZxTefA.js                                  30.73 kB │ gzip:   8.48 kB
dist/assets/pcs-config-workspace-Oxn_nSYu.js                             30.79 kB │ gzip:   6.79 kB
dist/assets/capability-Bl1_Bs_W.js                                       31.65 kB │ gzip:   6.70 kB
dist/assets/material-archives-DwIAP3kt.js                                31.91 kB │ gzip:   7.92 kB
dist/assets/factory-performance-DwagGeWq.js                              32.31 kB │ gzip:   6.75 kB
dist/assets/garment-spu-replacements-BInsVTmQ.js                         32.35 kB │ gzip:   9.09 kB
dist/assets/task-detail-C9J3W8_f.js                                      32.46 kB │ gzip:   9.61 kB
dist/assets/dialogs-BwGt3zko.js                                          32.55 kB │ gzip:   9.78 kB
dist/assets/process-warehouse-domain-DqGXy28y.js                         33.16 kB │ gzip:   7.56 kB
dist/assets/cut-piece-return-domain-tBWczpXh.js                          33.38 kB │ gzip:   9.91 kB
dist/assets/pda-shell-C6O0d1Oh.js                                        33.56 kB │ gzip:   8.92 kB
dist/assets/store-domain-settlement-seeds-qzF5JQjs.js                    33.63 kB │ gzip:   8.98 kB
dist/assets/pcs-pattern-library-J2kwCLBA.js                              33.68 kB │ gzip:   7.65 kB
dist/assets/warehouse-runtime-B1_fMkX6.js                                33.76 kB │ gzip:   8.65 kB
dist/assets/payment-requests-BNhrlqB5.js                                 34.01 kB │ gzip:   8.92 kB
dist/assets/stage-orders-BzR9Iaqd.js                                     34.18 kB │ gzip:  10.46 kB
dist/assets/stage-order-detail-XZuvvZcR.js                               34.53 kB │ gzip:  10.00 kB
dist/assets/first-leg-logistics-Bnr2taOP.js                              34.57 kB │ gzip:   9.04 kB
dist/assets/pda-warehouse-stocktake-CNNIiuZL.js                          34.58 kB │ gzip:   8.68 kB
dist/assets/pda-cutting-inbound-sZWYJpB0.js                              34.67 kB │ gzip:  10.51 kB
dist/assets/work-order-detail-LueIFpvq.js                                34.69 kB │ gzip:   9.43 kB
dist/assets/pda-post-finishing-flow-Y_Xe6Ocp.js                          34.83 kB │ gzip:   9.30 kB
dist/assets/pda-cutting-handover-T9qSbQHw.js                             34.90 kB │ gzip:  10.65 kB
dist/assets/dispatch-acceptance-sla-Bww6azAq.js                          34.95 kB │ gzip:   7.90 kB
dist/assets/work-orders-BQe7LVwj.js                                      34.96 kB │ gzip:  11.73 kB
dist/assets/pending-receipts-Byda98ot.js                                 35.31 kB │ gzip:  10.62 kB
dist/assets/pda-task-receive-detail-B1pYyipd.js                          35.81 kB │ gzip:   8.66 kB
dist/assets/water-soluble-orders-DBdfu4lh.js                             35.89 kB │ gzip:  10.78 kB
dist/assets/work-order-detail-D_azY8el.js                                36.12 kB │ gzip:   9.66 kB
dist/assets/pcs-technical-data-DbmVPL4K.js                               36.88 kB │ gzip:   9.85 kB
dist/assets/pcs-pattern-library-create-C0A_U479.js                       36.93 kB │ gzip:   8.64 kB
dist/assets/special-processes-D1tVRlPw.js                                37.28 kB │ gzip:   9.54 kB
dist/assets/first-leg-carriers-DRzU_Ufw.js                               37.45 kB │ gzip:   9.93 kB
dist/assets/third-party-factory-comprehensive-assessment-Cshxcba2.js     37.47 kB │ gzip:  11.07 kB
dist/assets/pda-quality-CLX_JDE-.js                                      37.52 kB │ gzip:   9.82 kB
dist/assets/product-purchase-orders-D3bmOcio.js                          37.57 kB │ gzip:   9.21 kB
dist/assets/wait-handover-runtime-CBCYvB0t.js                            37.84 kB │ gzip:  10.62 kB
dist/assets/cutting-statistics-ab-material-CHn7vKKq.js                   38.13 kB │ gzip:   8.63 kB
dist/assets/payment-requests-DdpYf9wc.js                                 38.21 kB │ gzip:   9.97 kB
dist/assets/pda-cutting-transfer-bag-repack-B4-kU9f4.js                  38.46 kB │ gzip:  10.86 kB
dist/assets/warehouse-Cj1Lzq8_.js                                        38.57 kB │ gzip:  10.93 kB
dist/assets/material-purchase-orders-ysQH5rKI.js                         39.01 kB │ gzip:  11.72 kB
dist/assets/semi-finished-orders-B-xi2JIT.js                             39.06 kB │ gzip:  11.85 kB
dist/assets/fcs-handlers-SGtjuQ9a.js                                     39.82 kB │ gzip:  11.98 kB
dist/assets/first-leg-shipments-BN90RJhf.js                              39.89 kB │ gzip:   9.89 kB
dist/assets/pending-receipts-DoDKF-KJ.js                                 41.04 kB │ gzip:  14.88 kB
dist/assets/label-print-template-DexKvNiJ.js                             43.41 kB │ gzip:  12.30 kB
dist/assets/warehouse-CmcpzUYR.js                                        44.15 kB │ gzip:  11.20 kB
dist/assets/cutting-summary-DZU7897X.js                                  44.21 kB │ gzip:  11.56 kB
dist/assets/demand-domain-CX679rRc.js                                    45.63 kB │ gzip:  10.30 kB
dist/assets/warehouse-CH4wdJuM.js                                        46.26 kB │ gzip:  10.78 kB
dist/assets/batches-C-8zSVGR.js                                          46.45 kB │ gzip:   9.87 kB
dist/assets/engineering-file-upload-Bwt36CQO.js                          46.76 kB │ gzip:  14.45 kB
dist/assets/handover-orders-DFxqadtC.js                                  47.47 kB │ gzip:   9.30 kB
dist/assets/dyeing-rAxG4Jmw.js                                           47.49 kB │ gzip:  10.20 kB
dist/assets/printing-DdZAZEVu.js                                         47.49 kB │ gzip:  10.20 kB
dist/assets/other-Cu4YO7pK.js                                            47.50 kB │ gzip:  10.22 kB
dist/assets/settlement-linked-mock-factory-ZUjFavnY.js                   47.63 kB │ gzip:  14.44 kB
dist/assets/sewing-DwtuA20S.js                                           48.51 kB │ gzip:  10.55 kB
dist/assets/dispatch-tenders-BzNFBBa_.js                                 48.58 kB │ gzip:  12.74 kB
dist/assets/progress-material-B7NgC39r.js                                48.76 kB │ gzip:   9.37 kB
dist/assets/material-inventory-0hWujBqA.js                               48.96 kB │ gzip:  12.56 kB
dist/assets/work-order-detail-B4Npv4Si.js                                49.19 kB │ gzip:  15.54 kB
dist/assets/supplier-confirmations-Bkzl_nU8.js                           50.01 kB │ gzip:  12.93 kB
dist/assets/pda-task-receive-C91PiEWY.js                                 50.37 kB │ gzip:  12.61 kB
dist/assets/pda-cutting-execution-source-CFHNemCe.js                     50.55 kB │ gzip:  13.66 kB
dist/assets/pda-onboarding-Fc4GAqXS.js                                   50.56 kB │ gzip:  10.79 kB
dist/assets/pda-handover-tIME38RG.js                                     51.62 kB │ gzip:  13.63 kB
dist/assets/marker-plan-model-owqGHDzZ.js                                51.64 kB │ gzip:  14.76 kB
dist/assets/store-domain-progress-Ce6wU2po.js                            53.10 kB │ gzip:  11.77 kB
dist/assets/settlement-cutting-input-CBNohxcJ.js                         53.68 kB │ gzip:  11.09 kB
dist/assets/lace-factory-domain-BBNpHDul.js                              53.68 kB │ gzip:  13.40 kB
dist/assets/pcs-part-template-library-B4NYulaQ.js                        53.81 kB │ gzip:  11.09 kB
dist/assets/pcs-material-archives-3imQIai-.js                            55.31 kB │ gzip:  13.21 kB
dist/assets/progress-urge-CPigJow0.js                                    56.39 kB │ gzip:  11.41 kB
dist/assets/warehouse-location-map-NHyOJ3H5.js                           56.80 kB │ gzip:  16.84 kB
dist/assets/marker-plan-occupancy-iCTDuBju.js                            57.29 kB │ gzip:  16.07 kB
dist/assets/pda-cutting-spreading-D6s-HQ4p.js                            58.00 kB │ gzip:  13.66 kB
dist/assets/wls-accessory-receipts-DWbknX3f.js                           58.45 kB │ gzip:  14.84 kB
dist/assets/runtime-inputs-jn2d9Okv.js                                   59.62 kB │ gzip:  15.93 kB
dist/assets/cut-piece-release-DXXHnvLR.js                                60.14 kB │ gzip:  15.85 kB
dist/assets/pda-settlement-BZUDS7yO.js                                   60.20 kB │ gzip:  13.71 kB
dist/assets/factory-profile-CxLkU_05.js                                  61.16 kB │ gzip:  14.05 kB
dist/assets/pickup-management-list-ZMRjygjO.js                           61.55 kB │ gzip:  17.16 kB
dist/assets/routes-fcs-BBXIuEoO.js                                       62.37 kB │ gzip:  13.02 kB
dist/assets/cutting-C-prx3ic.js                                          62.83 kB │ gzip:  12.97 kB
dist/assets/special-craft-fei-ticket-flow-BKooslWi.js                    63.34 kB │ gzip:  14.37 kB
dist/assets/progress-handover-DlF8RU2I.js                                63.86 kB │ gzip:  13.58 kB
dist/assets/production-object-overview-BbOveegk.js                       66.10 kB │ gzip:  13.58 kB
dist/assets/output-documents-DteqSLQw.js                                 66.89 kB │ gzip:  22.97 kB
dist/assets/core-Cu7i8KB4.js                                             67.62 kB │ gzip:  12.57 kB
dist/assets/cutting-daily-production-report-DTAWl2Bd.js                  68.22 kB │ gzip:  19.12 kB
dist/assets/pda-exec-DJ85OBQy.js                                         68.31 kB │ gzip:  15.65 kB
dist/assets/pcs-channel-stores-CgWvzMHa.js                               69.26 kB │ gzip:  14.32 kB
dist/assets/context-D9KVaopl.js                                          69.90 kB │ gzip:  21.47 kB
dist/assets/sewing-dispatch-BXr3h9Xf.js                                  70.19 kB │ gzip:  18.35 kB
dist/assets/progress-exceptions-Bh_YPwM_.js                              70.42 kB │ gzip:  13.32 kB
dist/assets/qc-records-BmhfkojW.js                                       71.12 kB │ gzip:  16.00 kB
dist/assets/pcs-engineering-tasks-wRL_vy88.js                            71.36 kB │ gzip:  17.07 kB
dist/assets/production-object-overview-Bv01rcmo.js                       71.57 kB │ gzip:  16.68 kB
dist/assets/wait-handover-actions-s47OEWzb.js                            73.52 kB │ gzip:  18.80 kB
dist/assets/pcs-sample-management-CdivdJBG.js                            74.38 kB │ gzip:  17.28 kB
dist/assets/factory-onboarding-5TOi9xF3.js                               75.25 kB │ gzip:  12.68 kB
dist/assets/settlement-DRN349R1.js                                       75.58 kB │ gzip:  11.56 kB
dist/assets/dialogs-D9Eql5Nz.js                                          75.66 kB │ gzip:  18.69 kB
dist/assets/pda-handover-detail-CAwb4koy.js                              76.01 kB │ gzip:  18.69 kB
dist/assets/orders-domain-DOjdTa9f.js                                    76.23 kB │ gzip:  16.86 kB
dist/assets/runtime-projections-CZXzj0Jj.js                              78.06 kB │ gzip:  18.45 kB
dist/assets/process-action-writeback-service-Eet8lCYl.js                 78.08 kB │ gzip:  17.82 kB
dist/assets/transfer-bag-operations-DSi4fbuU.js                          78.60 kB │ gzip:  19.48 kB
dist/assets/transfer-bags-CCvYbDwm.js                                    78.69 kB │ gzip:  20.29 kB
dist/assets/production-progress-DIQXAZhz.js                              80.75 kB │ gzip:  20.39 kB
dist/assets/pda-warehouse-wait-process-TbY94aBy.js                       87.41 kB │ gzip:  21.17 kB
dist/assets/events-DWdhc9eU.js                                           90.26 kB │ gzip:  22.27 kB
dist/assets/factory-onboarding-flow-qcIPtwfO.js                          90.59 kB │ gzip:  23.31 kB
dist/assets/dispatch-CrZ43Wzo.js                                         92.27 kB │ gzip:  28.12 kB
dist/assets/tmf-material-purchases-CYEPyxK5.js                           94.11 kB │ gzip:  24.37 kB
dist/assets/cut-orders-BGnktV_l.js                                       94.83 kB │ gzip:  24.46 kB
dist/assets/pcs-independent-sampling-CV8b3kBK.js                         96.98 kB │ gzip:  26.97 kB
dist/assets/special-craft-task-orders-CDWcoMaF.js                        99.32 kB │ gzip:  26.84 kB
dist/assets/pcs-product-archives-wyst2Y3R.js                            107.68 kB │ gzip:  21.99 kB
dist/assets/index-Ckepq-Pf.js                                           109.47 kB │ gzip:  39.86 kB
dist/assets/app-shared-DlJnzR5M.js                                      111.85 kB │ gzip:  27.95 kB
dist/assets/supplement-management-CS4UYPte.js                           113.26 kB │ gzip:  29.93 kB
dist/assets/transfer-bag-return-model-B4m1j-d5.js                       115.34 kB │ gzip:  27.26 kB
dist/assets/statements-Dm1IJnqP.js                                      119.56 kB │ gzip:  24.47 kB
dist/assets/events-DNnVEBcd.js                                          121.42 kB │ gzip:  31.34 kB
dist/assets/unified-dispatch-workbench-DLeZw86Y.js                      121.57 kB │ gzip:  34.09 kB
dist/assets/context-CiTg6eMG.js                                         133.03 kB │ gzip:  34.41 kB
dist/assets/production-Dk69ya09.js                                      134.17 kB │ gzip:  27.50 kB
dist/assets/process-domain-B-ZubpRO.js                                  138.98 kB │ gzip:  25.98 kB
dist/assets/warehouse-hub-DxpWvGXs.js                                   140.79 kB │ gzip:  35.40 kB
dist/assets/generated-fei-tickets-BhGj51iW.js                           142.80 kB │ gzip:  36.11 kB
dist/assets/preparation-timing-DwbYUQmQ.js                              145.97 kB │ gzip:  34.41 kB
dist/assets/marker-plan-BoFL1_yZ.js                                     150.90 kB │ gzip:  35.73 kB
dist/assets/marker-spreading-CBRg3mtD.js                                154.75 kB │ gzip:  37.95 kB
dist/assets/return-inbound-BPFQ9qze.js                                  183.42 kB │ gzip:  33.52 kB
dist/assets/fei-tickets-BKk26tiw.js                                     198.95 kB │ gzip:  44.71 kB
dist/assets/index--GzcKvNw.js                                           210.12 kB │ gzip:  66.49 kB
dist/assets/print-template-registry-B1uFc9I-.js                         213.84 kB │ gzip:  55.43 kB
dist/assets/index-DLD7IxJj.js                                           235.21 kB │ gzip:  54.80 kB
dist/assets/pda-exec-detail-DDrDIYNM.js                                 240.55 kB │ gzip:  56.44 kB
dist/assets/production-timeliness-BidXXrNN.js                           459.95 kB │ gzip: 115.04 kB
dist/assets/pda-8CizTNp5.js                                             511.97 kB │ gzip:  85.42 kB
dist/assets/production-source-shared-kyCDKF0C.js                      3,358.24 kB │ gzip: 772.33 kB

(!) Some chunks are larger than 550 kB after minification. Consider:
- Using dynamic import() to code-split the application
- Use build.rollupOptions.output.manualChunks to improve chunking: https://rollupjs.org/configuration-options/#output-manualchunks
- Adjust chunk size limit for this warning via build.chunkSizeWarningLimit.
✓ built in 9.53s
