"来源：本地原型静态演示记录","查看时点2026-10-07 09:00","当前查询全部匹配结果{""query"":"""",""follower"":""全部"",""health"":""全部"",""scenario"":""全部"",""scope"":""全部"",""dateFrom"":"""",""dateTo"":"""",""factory"":""全部""}"
"生产单","具体工作","时效","业务状态","执行负责人","接收责任","实际开始 / 交出","截止","实际完成 / 实收","数量"
"PO-202610-0089","生产准备单","逾期完成","已关闭","技术张琳","跟单陈静","2026-09-20 09:00","2026-09-24 09:00","2026-09-25 09:00","数量1单"
"PO-202610-0089","调色任务（面料）","标准待配置","已完成","染厂阿迪","技术张琳","2026-09-21 09:00","待核实","2026-09-22 14:40","数量1色样"
"PO-202610-0089","调色任务（面料）","标准待配置","已完成","染厂阿迪","技术张琳","2026-09-22 15:00","待核实","2026-09-22 15:30","数量1色样"
"PO-202610-0089","调色任务（面料）","标准待配置","已完成","染厂阿迪","技术张琳","2026-09-21 09:00","待核实","2026-09-22 14:30","数量1色样"
"PO-202610-0089","调色任务（面料）","标准待配置","已完成","染厂阿迪","技术张琳","2026-09-22 15:00","待核实","2026-09-22 15:30","数量1色样"
"PO-202610-0089","花型任务","标准待配置","已完成","花型小雨","技术张琳／买手陈静","2026-09-21 10:00","待核实","2026-09-22 15:40","数量1套"
"PO-202610-0089","花型任务","标准待配置","已完成","花型小雨","技术张琳／买手陈静","2026-09-22 16:00","待核实","2026-09-22 16:20","数量1套"
"PO-202610-0089","花型任务","标准待配置","已完成","花型小雨","技术张琳／买手陈静","2026-09-21 10:00","待核实","2026-09-22 15:30","数量1套"
"PO-202610-0089","花型任务","标准待配置","已完成","花型小雨","技术张琳／买手陈静","2026-09-22 16:00","待核实","2026-09-22 16:20","数量1套"
"PO-202610-0089","首单样衣任务","标准待配置","已完成","制作Dewi","技术张琳","2026-09-21 09:00","待核实","2026-09-23 13:20","数量1件"
"PO-202610-0089","首单样衣任务","标准待配置","已完成","制作Dewi","技术张琳","2026-09-23 13:30","待核实","2026-09-23 14:00","数量1件"
"PO-202610-0089","梭织齐码纸样任务","标准待配置","已完成","版师梁敏","技术张琳","2026-09-21 09:00","待核实","2026-09-22 17:20","数量1套"
"PO-202610-0089","梭织齐码纸样任务","标准待配置","已完成","版师梁敏","技术张琳","2026-09-22 17:30","待核实","2026-09-22 18:00","数量1套"
"PO-202610-0089","原料调拨单","标准待配置","已接收","面料仓周婷","染色厂阿迪","2026-09-30 13:00","待核实","2026-09-30 14:00","应调600米 · 实出600米 · 实收600米 · 数量差异0米"
"PO-202610-0089","物料采购单","逾期完成","已收齐入库","采购赵敏","面料仓周婷","2026-09-20 12:00","2026-09-28 12:00","2026-09-30 12:00","应采购900米 · 仓库实收900米"
"PO-202610-0089","原料调拨单","标准待配置","已接收","面料仓周婷","染色厂阿迪","2026-09-30 13:10","待核实","2026-09-30 14:10","应调900米 · 实出900米 · 实收900米 · 数量差异0米"
"PO-202610-0089","大货染色加工单","标准待配置","加工完成","染色厂阿迪","印花厂小雨","2026-09-30 15:00","待核实","2026-10-01 10:00","应加工1,500米 · 已完成1,500米"
"PO-202610-0089","交接单","标准待配置","已接收","染色厂阿迪","印花厂小雨","2026-10-01 10:10","待核实","2026-10-01 10:40","应交1,500米 · 实交1,500米 · 实收1,500米 · 数量差异0米"
"PO-202610-0089","大货印花加工单","标准待配置","加工完成","印花厂小雨","水洗厂林梅","2026-10-01 11:00","待核实","2026-10-02 10:00","应加工1,500米 · 已完成1,500米"
"PO-202610-0089","交接单","标准待配置","已接收","印花厂小雨","水洗厂林梅","2026-10-02 10:10","待核实","2026-10-02 10:40","应交1,500米 · 实交1,500米 · 实收1,500米 · 数量差异0米"
"PO-202610-0089","水洗加工单","标准待配置","加工完成","水洗厂林梅","裁床刘军","2026-10-02 11:00","待核实","2026-10-02 18:00","应加工1,500米 · 已完成1,500米"
"PO-202610-0089","交接单","标准待配置","已接收","水洗厂林梅","裁床刘军","2026-10-02 18:10","待核实","2026-10-02 18:40","应交1,500米 · 实交1,500米 · 实收1,500米 · 数量差异0米"
"PO-202610-0089","原料调拨单","标准待配置","已接收","面料仓周婷","染色厂阿迪","2026-09-23 09:30","待核实","2026-09-23 10:00","应调150米 · 实出150米 · 实收150米 · 数量差异0米"
"PO-202610-0089","大货染色加工单","标准待配置","加工完成","染色厂阿迪","裁床刘军","2026-09-25 10:00","待核实","2026-09-26 16:00","应加工150米 · 已完成150米"
"PO-202610-0089","交接单","标准待配置","已接收","染色厂阿迪","裁床刘军","2026-09-26 16:10","待核实","2026-09-26 16:40","应交150米 · 实交150米 · 实收150米 · 数量差异0米"
"PO-202610-0089","原料调拨单","标准待配置","已接收","辅料仓周婷","裁床配料林芳","2026-09-20 15:30","待核实","2026-09-20 16:00","应调9,000粒 · 实出9,000粒 · 实收9,000粒 · 数量差异0粒"
"PO-202610-0089","物料采购单","按期完成","已收齐入库","采购赵敏","辅料仓周婷","2026-09-20 14:00","2026-09-28 14:00","2026-09-25 11:00","应采购300米 · 仓库实收300米"
"PO-202610-0089","原料调拨单","标准待配置","已接收","辅料仓周婷","裁床配料林芳","2026-09-25 11:10","待核实","2026-09-25 12:10","应调300米 · 实出300米 · 实收300米 · 数量差异0米"
"PO-202610-0089","原料调拨单","标准待配置","已接收","辅料仓周婷","裁床配料林芳","2026-09-27 15:30","待核实","2026-09-27 16:00","应调500个 · 实出500个 · 实收500个 · 数量差异0个"
"PO-202610-0089","物料采购单","按期完成","已收齐入库","采购赵敏","辅料仓周婷","2026-09-20 15:00","2026-09-28 15:00","2026-09-27 15:00","应采购1,000个 · 仓库实收1,000个"
"PO-202610-0089","原料调拨单","标准待配置","已接收","辅料仓周婷","裁床配料林芳","2026-09-27 15:10","待核实","2026-09-27 16:10","应调1,000个 · 实出1,000个 · 实收1,000个 · 数量差异0个"
"PO-202610-0089","交接单","标准待配置","已接收","裁床刘军","绣花厂阿琳","2026-10-02 20:05","待核实","2026-10-02 20:20","应交1,500片 · 实交1,500片 · 实收1,500片 · 数量差异0片"
"PO-202610-0089","绣花加工单","按期完成","加工完成","绣花厂阿琳","打揽厂阿迪","2026-10-02 20:30","2026-10-05 20:30","2026-10-03 06:00","应加工1,500片 · 已完成1,500片 · 未完成0片"
"PO-202610-0089","交接单","标准待配置","已接收","绣花厂阿琳","打揽厂阿迪","2026-10-03 06:10","待核实","2026-10-03 06:40","应交1,500片 · 实交1,500片 · 实收1,500片 · 数量差异0片"
"PO-202610-0089","打揽加工单","按期完成","加工完成","打揽厂阿迪","裁床刘军","2026-10-03 07:00","2026-10-06 07:00","2026-10-03 12:00","应加工1,500片 · 已完成1,500片 · 未完成0片"
"PO-202610-0089","交接单","标准待配置","已接收","打揽厂阿迪","裁床刘军","2026-10-03 12:10","待核实","2026-10-03 12:40","应交1,500片 · 实交1,500片 · 实收1,500片 · 数量差异0片"
"PO-202610-0089","交接单","标准待配置","已接收","裁床刘军","绣花厂阿琳","2026-10-02 20:05","待核实","2026-10-02 20:20","应交1,500片 · 实交1,500片 · 实收1,500片 · 数量差异0片"
"PO-202610-0089","绣花加工单","逾期完成","加工完成","绣花厂阿琳","裁床刘军","2026-10-02 20:30","2026-10-05 20:30","2026-10-06 20:30","应加工1,500片 · 已完成1,500片 · 未完成0片"
"PO-202610-0089","交接单","标准待配置","已接收","绣花厂阿琳","裁床刘军","2026-10-06 20:40","待核实","2026-10-06 21:10","应交1,500片 · 实交1,500片 · 实收1,500片 · 数量差异0片"
"PO-202610-0089","交接单","标准待配置","已接收","裁床刘军","模版机厂林梅","2026-10-02 20:05","待核实","2026-10-02 20:20","应交3,000片 · 实交3,000片 · 实收3,000片 · 数量差异0片"
"PO-202610-0089","模版机加工单","按期完成","加工完成","模版机厂林梅","绣花厂阿琳","2026-10-02 20:30","2026-10-05 20:30","2026-10-03 08:00","应加工3,000片 · 已完成3,000片 · 未完成0片"
"PO-202610-0089","交接单","标准待配置","已接收","模版机厂林梅","绣花厂阿琳","2026-10-03 08:10","待核实","2026-10-03 08:40","应交3,000片 · 实交3,000片 · 实收3,000片 · 数量差异0片"
"PO-202610-0089","绣花加工单","当前逾期","加工中","绣花厂阿琳","裁床刘军","2026-10-03 09:00","2026-10-06 09:00","待核实","应加工3,000片 · 已完成2,400片 · 未完成600片"
"PO-202610-0090","生产准备单","按期完成","已关闭","技术张琳","跟单陈静","2026-09-20 09:00","2026-09-24 09:00","2026-09-24 09:00","数量1单"
"PO-202610-0090","调色任务（面料）","标准待配置","已完成","染厂阿迪","技术张琳","2026-09-21 09:00","待核实","2026-09-22 14:40","数量1色样"
"PO-202610-0090","调色任务（面料）","标准待配置","已完成","染厂阿迪","技术张琳","2026-09-22 15:00","待核实","2026-09-22 15:30","数量1色样"
"PO-202610-0090","调色任务（面料）","标准待配置","已完成","染厂阿迪","技术张琳","2026-09-21 09:00","待核实","2026-09-22 14:30","数量1色样"
"PO-202610-0090","调色任务（面料）","标准待配置","已完成","染厂阿迪","技术张琳","2026-09-22 15:00","待核实","2026-09-22 15:30","数量1色样"
"PO-202610-0090","花型任务","标准待配置","已完成","花型小雨","技术张琳／买手陈静","2026-09-21 10:00","待核实","2026-09-22 15:40","数量1套"
"PO-202610-0090","花型任务","标准待配置","已完成","花型小雨","技术张琳／买手陈静","2026-09-22 16:00","待核实","2026-09-22 16:20","数量1套"
"PO-202610-0090","花型任务","标准待配置","已完成","花型小雨","技术张琳／买手陈静","2026-09-21 10:00","待核实","2026-09-22 15:30","数量1套"
"PO-202610-0090","花型任务","标准待配置","已完成","花型小雨","技术张琳／买手陈静","2026-09-22 16:00","待核实","2026-09-22 16:20","数量1套"
"PO-202610-0090","首单样衣任务","标准待配置","已完成","制作Dewi","技术张琳","2026-09-21 09:00","待核实","2026-09-23 13:20","数量1件"
"PO-202610-0090","首单样衣任务","标准待配置","已完成","制作Dewi","技术张琳","2026-09-23 13:30","待核实","2026-09-23 14:00","数量1件"
"PO-202610-0090","梭织齐码纸样任务","标准待配置","已完成","版师梁敏","技术张琳","2026-09-21 09:00","待核实","2026-09-22 17:20","数量1套"
"PO-202610-0090","梭织齐码纸样任务","标准待配置","已完成","版师梁敏","技术张琳","2026-09-22 17:30","待核实","2026-09-22 18:00","数量1套"
"PO-202610-0090","原料调拨单","标准待配置","已接收","面料仓周婷","染色厂阿迪","2026-09-26 11:00","待核实","2026-09-26 12:00","应调600米 · 实出600米 · 实收600米 · 数量差异0米"
"PO-202610-0090","物料采购单","按期完成","已收齐入库","采购赵敏","面料仓周婷","2026-09-20 12:00","2026-09-28 12:00","2026-09-26 10:00","应采购900米 · 仓库实收900米"
"PO-202610-0090","原料调拨单","标准待配置","已接收","面料仓周婷","染色厂阿迪","2026-09-26 11:10","待核实","2026-09-26 12:10","应调900米 · 实出900米 · 实收900米 · 数量差异0米"
"PO-202610-0090","大货染色加工单","标准待配置","加工完成","染色厂阿迪","印花厂小雨","2026-09-26 13:00","待核实","2026-09-27 10:00","应加工1,500米 · 已完成1,500米"
"PO-202610-0090","交接单","标准待配置","已接收","染色厂阿迪","印花厂小雨","2026-09-27 10:10","待核实","2026-09-27 10:40","应交1,500米 · 实交1,500米 · 实收1,500米 · 数量差异0米"
"PO-202610-0090","大货印花加工单","标准待配置","加工完成","印花厂小雨","水洗厂林梅","2026-09-27 11:00","待核实","2026-09-28 10:00","应加工1,500米 · 已完成1,500米"
"PO-202610-0090","交接单","标准待配置","已接收","印花厂小雨","水洗厂林梅","2026-09-28 10:10","待核实","2026-09-28 10:40","应交1,500米 · 实交1,500米 · 实收1,500米 · 数量差异0米"
"PO-202610-0090","水洗加工单","标准待配置","加工完成","水洗厂林梅","裁床刘军","2026-09-28 11:00","待核实","2026-09-28 18:00","应加工1,500米 · 已完成1,500米"
"PO-202610-0090","交接单","标准待配置","已接收","水洗厂林梅","裁床刘军","2026-09-28 18:10","待核实","2026-09-28 18:40","应交1,500米 · 实交1,500米 · 实收1,500米 · 数量差异0米"
"PO-202610-0090","原料调拨单","标准待配置","已接收","面料仓周婷","染色厂阿迪","2026-09-23 09:30","待核实","2026-09-23 10:00","应调150米 · 实出150米 · 实收150米 · 数量差异0米"
"PO-202610-0090","大货染色加工单","标准待配置","加工完成","染色厂阿迪","裁床刘军","2026-09-24 10:00","待核实","2026-09-25 16:00","应加工150米 · 已完成150米"
"PO-202610-0090","交接单","标准待配置","已接收","染色厂阿迪","裁床刘军","2026-09-25 16:10","待核实","2026-09-25 16:40","应交150米 · 实交150米 · 实收150米 · 数量差异0米"
"PO-202610-0090","原料调拨单","标准待配置","已接收","辅料仓周婷","裁床配料林芳","2026-09-20 15:30","待核实","2026-09-20 16:00","应调9,000粒 · 实出9,000粒 · 实收9,000粒 · 数量差异0粒"
"PO-202610-0090","物料采购单","按期完成","已收齐入库","采购赵敏","辅料仓周婷","2026-09-20 14:00","2026-09-28 14:00","2026-09-25 11:00","应采购300米 · 仓库实收300米"
"PO-202610-0090","原料调拨单","标准待配置","已接收","辅料仓周婷","裁床配料林芳","2026-09-25 11:10","待核实","2026-09-25 12:10","应调300米 · 实出300米 · 实收300米 · 数量差异0米"
"PO-202610-0090","原料调拨单","标准待配置","已接收","辅料仓周婷","裁床配料林芳","2026-09-27 15:30","待核实","2026-09-27 16:00","应调500个 · 实出500个 · 实收500个 · 数量差异0个"
"PO-202610-0090","物料采购单","按期完成","已收齐入库","采购赵敏","辅料仓周婷","2026-09-20 15:00","2026-09-28 15:00","2026-09-27 15:00","应采购1,000个 · 仓库实收1,000个"
"PO-202610-0090","原料调拨单","标准待配置","已接收","辅料仓周婷","裁床配料林芳","2026-09-27 15:10","待核实","2026-09-27 16:10","应调1,000个 · 实出1,000个 · 实收1,000个 · 数量差异0个"
"PO-202610-0090","交接单","标准待配置","已接收","裁床刘军","绣花厂阿琳","2026-09-28 20:05","待核实","2026-09-28 20:20","应交1,500片 · 实交1,500片 · 实收1,500片 · 数量差异0片"
"PO-202610-0090","绣花加工单","按期完成","加工完成","绣花厂阿琳","打揽厂阿迪","2026-09-28 20:30","2026-10-01 20:30","2026-09-29 06:00","应加工1,500片 · 已完成1,500片 · 未完成0片"
"PO-202610-0090","交接单","标准待配置","已接收","绣花厂阿琳","打揽厂阿迪","2026-09-29 06:10","待核实","2026-09-29 06:40","应交1,500片 · 实交1,500片 · 实收1,500片 · 数量差异0片"
"PO-202610-0090","打揽加工单","按期完成","加工完成","打揽厂阿迪","裁床刘军","2026-09-29 07:00","2026-10-02 07:00","2026-09-29 12:00","应加工1,500片 · 已完成1,500片 · 未完成0片"
"PO-202610-0090","交接单","标准待配置","已接收","打揽厂阿迪","裁床刘军","2026-09-29 12:10","待核实","2026-09-29 12:40","应交1,500片 · 实交1,500片 · 实收1,500片 · 数量差异0片"
"PO-202610-0090","交接单","标准待配置","已接收","裁床刘军","绣花厂阿琳","2026-09-28 20:05","待核实","2026-09-28 20:20","应交1,500片 · 实交1,500片 · 实收1,500片 · 数量差异0片"
"PO-202610-0090","绣花加工单","按期完成","加工完成","绣花厂阿琳","裁床刘军","2026-09-28 20:30","2026-10-01 20:30","2026-09-29 09:00","应加工1,500片 · 已完成1,500片 · 未完成0片"
"PO-202610-0090","交接单","标准待配置","已接收","绣花厂阿琳","裁床刘军","2026-09-29 09:10","待核实","2026-09-29 09:40","应交1,500片 · 实交1,500片 · 实收1,500片 · 数量差异0片"
"PO-202610-0090","交接单","标准待配置","已接收","裁床刘军","模版机厂林梅","2026-09-28 20:05","待核实","2026-09-28 20:20","应交3,000片 · 实交3,000片 · 实收3,000片 · 数量差异0片"
"PO-202610-0090","模版机加工单","按期完成","加工完成","模版机厂林梅","绣花厂阿琳","2026-09-28 20:30","2026-10-01 20:30","2026-09-29 08:00","应加工3,000片 · 已完成3,000片 · 未完成0片"
"PO-202610-0090","交接单","标准待配置","已接收","模版机厂林梅","绣花厂阿琳","2026-09-29 08:10","待核实","2026-09-29 08:40","应交3,000片 · 实交3,000片 · 实收3,000片 · 数量差异0片"
"PO-202610-0090","绣花加工单","按期完成","加工完成","绣花厂阿琳","裁床刘军","2026-09-29 09:00","2026-10-02 09:00","2026-09-29 13:00","应加工3,000片 · 已完成3,000片 · 未完成0片"
"PO-202610-0090","交接单","标准待配置","已接收","绣花厂阿琳","裁床刘军","2026-09-29 13:10","待核实","2026-09-29 13:40","应交3,000片 · 实交3,000片 · 实收3,000片 · 数量差异0片"
"PO-202610-0090","后道加工单","标准待配置","加工完成","后道李梅","成衣仓周婷","2026-10-06 14:10","待核实","2026-10-06 15:40","应加工150件 · 已完成150件"
"PO-202610-0090","交接单","标准待配置","已交出待接收","后道李梅","成衣仓周婷","2026-10-06 16:00","待核实","待核实","应交150件 · 实交150件 · 实收待核实 · 数量差异待核实"
"PO-202610-0090","工厂产前版样衣","标准待配置","已交出 · 已通过","赵亮","技术张琳","2026-10-03 10:00","待核实","2026-10-03 10:30","数量1件样衣"
"PO-202610-0090","工厂产前版样衣","按期交出","已交出 · 已通过","赵亮","技术张琳","2026-10-01 10:00","2026-10-04（日内时刻待确认）","2026-10-03 10:00","1件样衣"
"PO-202610-0090","工厂产前版样衣","标准待配置","已交出 · 已通过","陈强","技术张琳","2026-10-04 10:00","待核实","2026-10-04 10:30","数量1件样衣"
"PO-202610-0090","工厂产前版样衣","按期交出","已交出 · 已通过","陈强","技术张琳","2026-10-02 10:00","2026-10-05（日内时刻待确认）","2026-10-04 10:00","1件样衣"
"PO-202610-0090","A厂 SWT-A-01-0090 · 30%回货","按期达成","目标已达成","赵亮","李梅","2026-09-30 00:00","2026-10-04 23:59","2026-10-03 16:00","累计目标300件 · 后道实收900件 · 当前欠0件"
"PO-202610-0090","A厂 SWT-A-01-0090 · 70%回货","按期达成","目标已达成","赵亮","李梅","2026-09-30 00:00","2026-10-08 23:59","2026-10-06 14:00","累计目标700件 · 后道实收900件 · 当前欠0件"
"PO-202610-0090","A厂 SWT-A-01-0090 · 100%回货","尚未到期","累计实收900 / 目标1,000件","赵亮","李梅","2026-09-30 00:00","2026-10-09 23:59","待核实","累计目标1,000件 · 后道实收900件 · 距节点目标还差100件"
"PO-202610-0090","B厂 SWT-B-01-0090 · 30%回货","按期达成","目标已达成","陈强","李梅","2026-10-01 00:00","2026-10-04 23:59","2026-10-03 12:00","累计目标150件 · 后道实收150件 · 当前欠0件"
"PO-202610-0090","B厂 SWT-B-01-0090 · 70%回货","尚未到期","累计实收150 / 目标350件","陈强","李梅","2026-10-01 00:00","2026-10-08 23:59","待核实","累计目标350件 · 后道实收150件 · 距节点目标还差200件"
"PO-202610-0090","B厂 SWT-B-01-0090 · 100%回货","尚未到期","累计实收150 / 目标500件","陈强","李梅","2026-10-01 00:00","2026-10-09 23:59","待核实","累计目标500件 · 后道实收150件 · 距节点目标还差350件"
"PO-202610-0091","生产准备单","按期完成","已关闭","技术张琳","跟单陈静","2026-09-20 09:00","2026-09-24 09:00","2026-09-24 09:00","数量1单"
"PO-202610-0091","调色任务（面料）","标准待配置","已完成","染厂阿迪","技术张琳","2026-09-21 09:00","待核实","2026-09-22 14:40","数量1色样"
"PO-202610-0091","调色任务（面料）","标准待配置","已完成","染厂阿迪","技术张琳","2026-09-22 15:00","待核实","2026-09-22 15:30","数量1色样"
"PO-202610-0091","调色任务（面料）","标准待配置","已完成","染厂阿迪","技术张琳","2026-09-21 09:00","待核实","2026-09-22 14:30","数量1色样"
"PO-202610-0091","调色任务（面料）","标准待配置","已完成","染厂阿迪","技术张琳","2026-09-22 15:00","待核实","2026-09-22 15:30","数量1色样"
"PO-202610-0091","花型任务","标准待配置","已完成","花型小雨","技术张琳／买手陈静","2026-09-21 10:00","待核实","2026-09-22 15:40","数量1套"
"PO-202610-0091","花型任务","标准待配置","已完成","花型小雨","技术张琳／买手陈静","2026-09-22 16:00","待核实","2026-09-22 16:20","数量1套"
"PO-202610-0091","花型任务","标准待配置","已完成","花型小雨","技术张琳／买手陈静","2026-09-21 10:00","待核实","2026-09-22 15:30","数量1套"
"PO-202610-0091","花型任务","标准待配置","已完成","花型小雨","技术张琳／买手陈静","2026-09-22 16:00","待核实","2026-09-22 16:20","数量1套"
"PO-202610-0091","首单样衣任务","标准待配置","已完成","制作Dewi","技术张琳","2026-09-21 09:00","待核实","2026-09-23 13:20","数量1件"
"PO-202610-0091","首单样衣任务","标准待配置","已完成","制作Dewi","技术张琳","2026-09-23 13:30","待核实","2026-09-23 14:00","数量1件"
"PO-202610-0091","梭织齐码纸样任务","标准待配置","已完成","版师梁敏","技术张琳","2026-09-21 09:00","待核实","2026-09-22 17:20","数量1套"
"PO-202610-0091","梭织齐码纸样任务","标准待配置","已完成","版师梁敏","技术张琳","2026-09-22 17:30","待核实","2026-09-22 18:00","数量1套"
"PO-202610-0091","原料调拨单","标准待配置","已接收","面料仓周婷","染色厂阿迪","2026-09-26 11:00","待核实","2026-09-26 12:00","应调600米 · 实出600米 · 实收600米 · 数量差异0米"
"PO-202610-0091","物料采购单","按期完成","已收齐入库","采购赵敏","面料仓周婷","2026-09-20 12:00","2026-09-28 12:00","2026-09-26 10:00","应采购900米 · 仓库实收900米"
"PO-202610-0091","原料调拨单","标准待配置","已接收","面料仓周婷","染色厂阿迪","2026-09-26 11:10","待核实","2026-09-26 12:10","应调900米 · 实出900米 · 实收900米 · 数量差异0米"
"PO-202610-0091","大货染色加工单","标准待配置","加工完成","染色厂阿迪","印花厂小雨","2026-09-26 13:00","待核实","2026-09-27 10:00","应加工1,500米 · 已完成1,500米"
"PO-202610-0091","交接单","标准待配置","已接收","染色厂阿迪","印花厂小雨","2026-09-27 10:10","待核实","2026-09-27 10:40","应交1,500米 · 实交1,500米 · 实收1,500米 · 数量差异0米"
"PO-202610-0091","大货印花加工单","标准待配置","加工完成","印花厂小雨","水洗厂林梅","2026-09-27 11:00","待核实","2026-09-28 10:00","应加工1,500米 · 已完成1,500米"
"PO-202610-0091","交接单","标准待配置","已接收","印花厂小雨","水洗厂林梅","2026-09-28 10:10","待核实","2026-09-28 10:40","应交1,500米 · 实交1,500米 · 实收1,500米 · 数量差异0米"
"PO-202610-0091","水洗加工单","标准待配置","加工完成","水洗厂林梅","裁床刘军","2026-09-28 11:00","待核实","2026-09-28 18:00","应加工1,500米 · 已完成1,500米"
"PO-202610-0091","交接单","标准待配置","已接收","水洗厂林梅","裁床刘军","2026-09-28 18:10","待核实","2026-09-28 18:40","应交1,500米 · 实交1,500米 · 实收1,500米 · 数量差异0米"
"PO-202610-0091","原料调拨单","标准待配置","已接收","面料仓周婷","染色厂阿迪","2026-09-23 09:30","待核实","2026-09-23 10:00","应调150米 · 实出150米 · 实收150米 · 数量差异0米"
"PO-202610-0091","大货染色加工单","标准待配置","加工完成","染色厂阿迪","裁床刘军","2026-09-24 10:00","待核实","2026-09-25 16:00","应加工150米 · 已完成150米"
"PO-202610-0091","交接单","标准待配置","已接收","染色厂阿迪","裁床刘军","2026-09-25 16:10","待核实","2026-09-25 16:40","应交150米 · 实交150米 · 实收150米 · 数量差异0米"
"PO-202610-0091","原料调拨单","标准待配置","已接收","辅料仓周婷","裁床配料林芳","2026-09-20 15:30","待核实","2026-09-20 16:00","应调9,000粒 · 实出9,000粒 · 实收9,000粒 · 数量差异0粒"
"PO-202610-0091","物料采购单","按期完成","已收齐入库","采购赵敏","辅料仓周婷","2026-09-20 14:00","2026-09-28 14:00","2026-09-25 11:00","应采购300米 · 仓库实收300米"
"PO-202610-0091","原料调拨单","标准待配置","已接收","辅料仓周婷","裁床配料林芳","2026-09-25 11:10","待核实","2026-09-25 12:10","应调300米 · 实出300米 · 实收300米 · 数量差异0米"
"PO-202610-0091","原料调拨单","标准待配置","已接收","辅料仓周婷","裁床配料林芳","2026-09-27 15:30","待核实","2026-09-27 16:00","应调500个 · 实出500个 · 实收500个 · 数量差异0个"
"PO-202610-0091","物料采购单","按期完成","已收齐入库","采购赵敏","辅料仓周婷","2026-09-20 15:00","2026-09-28 15:00","2026-09-27 15:00","应采购1,000个 · 仓库实收1,000个"
"PO-202610-0091","原料调拨单","标准待配置","已接收","辅料仓周婷","裁床配料林芳","2026-09-27 15:10","待核实","2026-09-27 16:10","应调1,000个 · 实出1,000个 · 实收1,000个 · 数量差异0个"
"PO-202610-0091","交接单","标准待配置","已接收","裁床刘军","绣花厂阿琳","2026-09-28 20:05","待核实","2026-09-28 20:20","应交1,500片 · 实交1,500片 · 实收1,500片 · 数量差异0片"
"PO-202610-0091","绣花加工单","按期完成","加工完成","绣花厂阿琳","打揽厂阿迪","2026-09-28 20:30","2026-10-01 20:30","2026-09-29 06:00","应加工1,500片 · 已完成1,500片 · 未完成0片"
"PO-202610-0091","交接单","标准待配置","已接收","绣花厂阿琳","打揽厂阿迪","2026-09-29 06:10","待核实","2026-09-29 06:40","应交1,500片 · 实交1,500片 · 实收1,500片 · 数量差异0片"
"PO-202610-0091","打揽加工单","按期完成","加工完成","打揽厂阿迪","裁床刘军","2026-09-29 07:00","2026-10-02 07:00","2026-09-29 12:00","应加工1,500片 · 已完成1,500片 · 未完成0片"
"PO-202610-0091","交接单","标准待配置","已接收","打揽厂阿迪","裁床刘军","2026-09-29 12:10","待核实","2026-09-29 12:40","应交1,500片 · 实交1,500片 · 实收1,500片 · 数量差异0片"
"PO-202610-0091","交接单","标准待配置","已接收","裁床刘军","绣花厂阿琳","2026-09-28 20:05","待核实","2026-09-28 20:20","应交1,500片 · 实交1,500片 · 实收1,500片 · 数量差异0片"
"PO-202610-0091","绣花加工单","按期完成","加工完成","绣花厂阿琳","裁床刘军","2026-09-28 20:30","2026-10-01 20:30","2026-09-29 09:00","应加工1,500片 · 已完成1,500片 · 未完成0片"
"PO-202610-0091","交接单","标准待配置","已接收","绣花厂阿琳","裁床刘军","2026-09-29 09:10","待核实","2026-09-29 09:40","应交1,500片 · 实交1,500片 · 实收1,500片 · 数量差异0片"
"PO-202610-0091","交接单","标准待配置","已接收","裁床刘军","模版机厂林梅","2026-09-28 20:05","待核实","2026-09-28 20:20","应交3,000片 · 实交3,000片 · 实收3,000片 · 数量差异0片"
"PO-202610-0091","模版机加工单","按期完成","加工完成","模版机厂林梅","绣花厂阿琳","2026-09-28 20:30","2026-10-01 20:30","2026-09-29 08:00","应加工3,000片 · 已完成3,000片 · 未完成0片"
"PO-202610-0091","交接单","标准待配置","已接收","模版机厂林梅","绣花厂阿琳","2026-09-29 08:10","待核实","2026-09-29 08:40","应交3,000片 · 实交3,000片 · 实收3,000片 · 数量差异0片"
"PO-202610-0091","绣花加工单","按期完成","加工完成","绣花厂阿琳","裁床刘军","2026-09-29 09:00","2026-10-02 09:00","2026-09-29 13:00","应加工3,000片 · 已完成3,000片 · 未完成0片"
"PO-202610-0091","交接单","标准待配置","已接收","绣花厂阿琳","裁床刘军","2026-09-29 13:10","待核实","2026-09-29 13:40","应交3,000片 · 实交3,000片 · 实收3,000片 · 数量差异0片"
"PO-202610-0091","工厂产前版样衣","标准待配置","已交出 · 已通过","赵亮","技术张琳","2026-10-03 10:00","待核实","2026-10-03 10:30","数量1件样衣"
"PO-202610-0091","工厂产前版样衣","按期交出","已交出 · 已通过","赵亮","技术张琳","2026-10-01 10:00","2026-10-04（日内时刻待确认）","2026-10-03 10:00","1件样衣"
"PO-202610-0091","工厂产前版样衣","标准待配置","已交出 · 已通过","陈强","技术张琳","2026-10-04 10:00","待核实","2026-10-04 10:30","数量1件样衣"
"PO-202610-0091","工厂产前版样衣","按期交出","已交出 · 已通过","陈强","技术张琳","2026-10-02 10:00","2026-10-05（日内时刻待确认）","2026-10-04 10:00","1件样衣"
"PO-202610-0091","A厂 SWT-A-01-0091 · 30%回货","逾期达成","目标已达成","赵亮","李梅","2026-09-30 00:00","2026-10-04 23:59","2026-10-05 12:00","累计目标300件 · 后道实收1,000件 · 当前欠0件"
"PO-202610-0091","A厂 SWT-A-01-0091 · 70%回货","按期达成","目标已达成","赵亮","李梅","2026-09-30 00:00","2026-10-08 23:59","2026-10-05 12:00","累计目标700件 · 后道实收1,000件 · 当前欠0件"
"PO-202610-0091","A厂 SWT-A-01-0091 · 100%回货","按期达成","目标已达成","赵亮","李梅","2026-09-30 00:00","2026-10-09 23:59","2026-10-05 12:00","累计目标1,000件 · 后道实收1,000件 · 当前欠0件"
"PO-202610-0091","B厂 SWT-B-01-0091 · 30%回货","逾期达成","目标已达成","陈强","李梅","2026-10-01 00:00","2026-10-04 23:59","2026-10-05 12:00","累计目标150件 · 后道实收500件 · 当前欠0件"
"PO-202610-0091","B厂 SWT-B-01-0091 · 70%回货","按期达成","目标已达成","陈强","李梅","2026-10-01 00:00","2026-10-08 23:59","2026-10-05 12:00","累计目标350件 · 后道实收500件 · 当前欠0件"
"PO-202610-0091","B厂 SWT-B-01-0091 · 100%回货","按期达成","目标已达成","陈强","李梅","2026-10-01 00:00","2026-10-09 23:59","2026-10-05 12:00","累计目标500件 · 后道实收500件 · 当前欠0件"
"PO-202610-0092","生产准备单","逾期完成","已关闭","技术张琳","跟单陈静","2026-09-07 09:00","2026-09-11 09:00","2026-09-24 09:00","数量1单"
"PO-202610-0092","调色任务（面料）","标准待配置","已完成","染厂阿迪","技术张琳","2026-09-21 09:00","待核实","2026-09-22 14:40","数量1色样"
"PO-202610-0092","调色任务（面料）","标准待配置","已完成","染厂阿迪","技术张琳","2026-09-22 15:00","待核实","2026-09-22 15:30","数量1色样"
"PO-202610-0092","调色任务（面料）","标准待配置","已完成","染厂阿迪","技术张琳","2026-09-21 09:00","待核实","2026-09-22 14:30","数量1色样"
"PO-202610-0092","调色任务（面料）","标准待配置","已完成","染厂阿迪","技术张琳","2026-09-22 15:00","待核实","2026-09-22 15:30","数量1色样"
"PO-202610-0092","花型任务","标准待配置","已完成","花型小雨","技术张琳／买手陈静","2026-09-21 10:00","待核实","2026-09-22 15:40","数量1套"
"PO-202610-0092","花型任务","标准待配置","已完成","花型小雨","技术张琳／买手陈静","2026-09-22 16:00","待核实","2026-09-22 16:20","数量1套"
"PO-202610-0092","花型任务","标准待配置","已完成","花型小雨","技术张琳／买手陈静","2026-09-21 10:00","待核实","2026-09-22 15:30","数量1套"
"PO-202610-0092","花型任务","标准待配置","已完成","花型小雨","技术张琳／买手陈静","2026-09-22 16:00","待核实","2026-09-22 16:20","数量1套"
"PO-202610-0092","首单样衣任务","标准待配置","已完成","制作Dewi","技术张琳","2026-09-21 09:00","待核实","2026-09-23 13:20","数量1件"
"PO-202610-0092","首单样衣任务","标准待配置","已完成","制作Dewi","技术张琳","2026-09-23 13:30","待核实","2026-09-23 14:00","数量1件"
"PO-202610-0092","梭织齐码纸样任务","标准待配置","已完成","版师梁敏","技术张琳","2026-09-21 09:00","待核实","2026-09-22 17:20","数量1套"
"PO-202610-0092","梭织齐码纸样任务","标准待配置","已完成","版师梁敏","技术张琳","2026-09-22 17:30","待核实","2026-09-22 18:00","数量1套"
"PO-202610-0092","原料调拨单","标准待配置","已接收","面料仓周婷","染色厂阿迪","2026-09-26 11:00","待核实","2026-09-26 12:00","应调600米 · 实出600米 · 实收600米 · 数量差异0米"
"PO-202610-0092","物料采购单","按期完成","已收齐入库","采购赵敏","面料仓周婷","2026-09-20 12:00","2026-09-28 12:00","2026-09-26 10:00","应采购900米 · 仓库实收900米"
"PO-202610-0092","原料调拨单","标准待配置","已接收","面料仓周婷","染色厂阿迪","2026-09-26 11:10","待核实","2026-09-26 12:10","应调900米 · 实出900米 · 实收900米 · 数量差异0米"
"PO-202610-0092","大货染色加工单","标准待配置","加工完成","染色厂阿迪","印花厂小雨","2026-09-26 13:00","待核实","2026-09-27 10:00","应加工1,500米 · 已完成1,500米"
"PO-202610-0092","交接单","标准待配置","已接收","染色厂阿迪","印花厂小雨","2026-09-27 10:10","待核实","2026-09-27 10:40","应交1,500米 · 实交1,500米 · 实收1,500米 · 数量差异0米"
"PO-202610-0092","大货印花加工单","标准待配置","加工完成","印花厂小雨","水洗厂林梅","2026-09-27 11:00","待核实","2026-09-28 10:00","应加工1,500米 · 已完成1,500米"
"PO-202610-0092","交接单","标准待配置","已接收","印花厂小雨","水洗厂林梅","2026-09-28 10:10","待核实","2026-09-28 10:40","应交1,500米 · 实交1,500米 · 实收1,500米 · 数量差异0米"
"PO-202610-0092","水洗加工单","标准待配置","加工完成","水洗厂林梅","裁床刘军","2026-09-28 11:00","待核实","2026-09-28 18:00","应加工1,500米 · 已完成1,500米"
"PO-202610-0092","交接单","标准待配置","已接收","水洗厂林梅","裁床刘军","2026-09-28 18:10","待核实","2026-09-28 18:40","应交1,500米 · 实交1,500米 · 实收1,500米 · 数量差异0米"
"PO-202610-0092","原料调拨单","标准待配置","已接收","面料仓周婷","染色厂阿迪","2026-09-23 09:30","待核实","2026-09-23 10:00","应调150米 · 实出150米 · 实收150米 · 数量差异0米"
"PO-202610-0092","大货染色加工单","标准待配置","加工完成","染色厂阿迪","裁床刘军","2026-09-24 10:00","待核实","2026-09-25 16:00","应加工150米 · 已完成150米"
"PO-202610-0092","交接单","标准待配置","已接收","染色厂阿迪","裁床刘军","2026-09-25 16:10","待核实","2026-09-25 16:40","应交150米 · 实交150米 · 实收150米 · 数量差异0米"
"PO-202610-0092","原料调拨单","标准待配置","已接收","辅料仓周婷","裁床配料林芳","2026-09-20 15:30","待核实","2026-09-20 16:00","应调9,000粒 · 实出9,000粒 · 实收9,000粒 · 数量差异0粒"
"PO-202610-0092","物料采购单","按期完成","已收齐入库","采购赵敏","辅料仓周婷","2026-09-20 14:00","2026-09-28 14:00","2026-09-25 11:00","应采购300米 · 仓库实收300米"
"PO-202610-0092","原料调拨单","标准待配置","已接收","辅料仓周婷","裁床配料林芳","2026-09-25 11:10","待核实","2026-09-25 12:10","应调300米 · 实出300米 · 实收300米 · 数量差异0米"
"PO-202610-0092","原料调拨单","标准待配置","已接收","辅料仓周婷","裁床配料林芳","2026-09-27 15:30","待核实","2026-09-27 16:00","应调500个 · 实出500个 · 实收500个 · 数量差异0个"
"PO-202610-0092","物料采购单","按期完成","已收齐入库","采购赵敏","辅料仓周婷","2026-09-20 15:00","2026-09-28 15:00","2026-09-27 15:00","应采购1,000个 · 仓库实收1,000个"
"PO-202610-0092","原料调拨单","标准待配置","已接收","辅料仓周婷","裁床配料林芳","2026-09-27 15:10","待核实","2026-09-27 16:10","应调1,000个 · 实出1,000个 · 实收1,000个 · 数量差异0个"
"PO-202610-0092","交接单","标准待配置","已接收","裁床刘军","绣花厂阿琳","2026-09-28 20:05","待核实","2026-09-28 20:20","应交1,500片 · 实交1,500片 · 实收1,500片 · 数量差异0片"
"PO-202610-0092","绣花加工单","按期完成","加工完成","绣花厂阿琳","打揽厂阿迪","2026-09-28 20:30","2026-10-01 20:30","2026-09-29 06:00","应加工1,500片 · 已完成1,500片 · 未完成0片"
"PO-202610-0092","交接单","标准待配置","已接收","绣花厂阿琳","打揽厂阿迪","2026-09-29 06:10","待核实","2026-09-29 06:40","应交1,500片 · 实交1,500片 · 实收1,500片 · 数量差异0片"
"PO-202610-0092","打揽加工单","按期完成","加工完成","打揽厂阿迪","裁床刘军","2026-09-29 07:00","2026-10-02 07:00","2026-09-29 12:00","应加工1,500片 · 已完成1,500片 · 未完成0片"
"PO-202610-0092","交接单","标准待配置","已接收","打揽厂阿迪","裁床刘军","2026-09-29 12:10","待核实","2026-09-29 12:40","应交1,500片 · 实交1,500片 · 实收1,500片 · 数量差异0片"
"PO-202610-0092","交接单","标准待配置","已接收","裁床刘军","绣花厂阿琳","2026-09-28 20:05","待核实","2026-09-28 20:20","应交1,500片 · 实交1,500片 · 实收1,500片 · 数量差异0片"
"PO-202610-0092","绣花加工单","按期完成","加工完成","绣花厂阿琳","裁床刘军","2026-09-28 20:30","2026-10-01 20:30","2026-09-29 09:00","应加工1,500片 · 已完成1,500片 · 未完成0片"
"PO-202610-0092","交接单","标准待配置","已接收","绣花厂阿琳","裁床刘军","2026-09-29 09:10","待核实","2026-09-29 09:40","应交1,500片 · 实交1,500片 · 实收1,500片 · 数量差异0片"
"PO-202610-0092","交接单","标准待配置","已接收","裁床刘军","模版机厂林梅","2026-09-28 20:05","待核实","2026-09-28 20:20","应交3,000片 · 实交3,000片 · 实收3,000片 · 数量差异0片"
"PO-202610-0092","模版机加工单","按期完成","加工完成","模版机厂林梅","绣花厂阿琳","2026-09-28 20:30","2026-10-01 20:30","2026-09-29 08:00","应加工3,000片 · 已完成3,000片 · 未完成0片"
"PO-202610-0092","交接单","标准待配置","已接收","模版机厂林梅","绣花厂阿琳","2026-09-29 08:10","待核实","2026-09-29 08:40","应交3,000片 · 实交3,000片 · 实收3,000片 · 数量差异0片"
"PO-202610-0092","绣花加工单","按期完成","加工完成","绣花厂阿琳","裁床刘军","2026-09-29 09:00","2026-10-02 09:00","2026-09-29 13:00","应加工3,000片 · 已完成3,000片 · 未完成0片"
"PO-202610-0092","交接单","标准待配置","已接收","绣花厂阿琳","裁床刘军","2026-09-29 13:10","待核实","2026-09-29 13:40","应交3,000片 · 实交3,000片 · 实收3,000片 · 数量差异0片"
"PO-202610-0092","工厂产前版样衣","标准待配置","已交出 · 已通过","赵亮","技术张琳","2026-10-03 10:00","待核实","2026-10-03 10:30","数量1件样衣"
"PO-202610-0092","工厂产前版样衣","按期交出","已交出 · 已通过","赵亮","技术张琳","2026-10-01 10:00","2026-10-04（日内时刻待确认）","2026-10-03 10:00","1件样衣"
"PO-202610-0092","工厂产前版样衣","标准待配置","已交出 · 已通过","陈强","技术张琳","2026-10-04 10:00","待核实","2026-10-04 10:30","数量1件样衣"
"PO-202610-0092","工厂产前版样衣","按期交出","已交出 · 已通过","陈强","技术张琳","2026-10-02 10:00","2026-10-05（日内时刻待确认）","2026-10-04 10:00","1件样衣"
"PO-202610-0092","A厂 SWT-A-01-0092 · 30%回货","逾期达成","目标已达成","赵亮","李梅","2026-09-30 00:00","2026-10-04 23:59","2026-10-05 12:00","累计目标300件 · 后道实收1,000件 · 当前欠0件"
"PO-202610-0092","A厂 SWT-A-01-0092 · 70%回货","按期达成","目标已达成","赵亮","李梅","2026-09-30 00:00","2026-10-08 23:59","2026-10-05 12:00","累计目标700件 · 后道实收1,000件 · 当前欠0件"
"PO-202610-0092","A厂 SWT-A-01-0092 · 100%回货","按期达成","目标已达成","赵亮","李梅","2026-09-30 00:00","2026-10-09 23:59","2026-10-05 12:00","累计目标1,000件 · 后道实收1,000件 · 当前欠0件"
"PO-202610-0092","B厂 SWT-B-01-0092 · 30%回货","逾期达成","目标已达成","陈强","李梅","2026-10-01 00:00","2026-10-04 23:59","2026-10-05 12:00","累计目标150件 · 后道实收500件 · 当前欠0件"
"PO-202610-0092","B厂 SWT-B-01-0092 · 70%回货","按期达成","目标已达成","陈强","李梅","2026-10-01 00:00","2026-10-08 23:59","2026-10-05 12:00","累计目标350件 · 后道实收500件 · 当前欠0件"
"PO-202610-0092","B厂 SWT-B-01-0092 · 100%回货","按期达成","目标已达成","陈强","李梅","2026-10-01 00:00","2026-10-09 23:59","2026-10-05 12:00","累计目标500件 · 后道实收500件 · 当前欠0件"
"PO-202610-0093","生产准备单","按期完成","已关闭","技术张琳","跟单陈静","2026-09-20 09:00","2026-09-24 09:00","2026-09-24 09:00","数量1单"
"PO-202610-0093","调色任务（面料）","标准待配置","已完成","染厂阿迪","技术张琳","2026-09-21 09:00","待核实","2026-09-22 14:40","数量1色样"
"PO-202610-0093","调色任务（面料）","标准待配置","已完成","染厂阿迪","技术张琳","2026-09-22 15:00","待核实","2026-09-22 15:30","数量1色样"
"PO-202610-0093","调色任务（面料）","标准待配置","已完成","染厂阿迪","技术张琳","2026-09-21 09:00","待核实","2026-09-22 14:30","数量1色样"
"PO-202610-0093","调色任务（面料）","标准待配置","已完成","染厂阿迪","技术张琳","2026-09-22 15:00","待核实","2026-09-22 15:30","数量1色样"
"PO-202610-0093","花型任务","标准待配置","已完成","花型小雨","技术张琳／买手陈静","2026-09-21 10:00","待核实","2026-09-22 15:40","数量1套"
"PO-202610-0093","花型任务","标准待配置","已完成","花型小雨","技术张琳／买手陈静","2026-09-22 16:00","待核实","2026-09-22 16:20","数量1套"
"PO-202610-0093","花型任务","标准待配置","已完成","花型小雨","技术张琳／买手陈静","2026-09-21 10:00","待核实","2026-09-22 15:30","数量1套"
"PO-202610-0093","花型任务","标准待配置","已完成","花型小雨","技术张琳／买手陈静","2026-09-22 16:00","待核实","2026-09-22 16:20","数量1套"
"PO-202610-0093","首单样衣任务","标准待配置","已完成","制作Dewi","技术张琳","2026-09-21 09:00","待核实","2026-09-23 13:20","数量1件"
"PO-202610-0093","首单样衣任务","标准待配置","已完成","制作Dewi","技术张琳","2026-09-23 13:30","待核实","2026-09-23 14:00","数量1件"
"PO-202610-0093","梭织齐码纸样任务","标准待配置","已完成","版师梁敏","技术张琳","2026-09-21 09:00","待核实","2026-09-22 17:20","数量1套"
"PO-202610-0093","梭织齐码纸样任务","标准待配置","已完成","版师梁敏","技术张琳","2026-09-22 17:30","待核实","2026-09-22 18:00","数量1套"
"PO-202610-0093","原料调拨单","标准待配置","已接收","面料仓周婷","染色厂阿迪","2026-09-26 11:00","待核实","2026-09-26 12:00","应调600米 · 实出600米 · 实收600米 · 数量差异0米"
"PO-202610-0093","物料采购单","按期完成","已收齐入库","采购赵敏","面料仓周婷","2026-09-20 12:00","2026-09-28 12:00","2026-09-26 10:00","应采购900米 · 仓库实收900米"
"PO-202610-0093","原料调拨单","标准待配置","已接收","面料仓周婷","染色厂阿迪","2026-09-26 11:10","待核实","2026-09-26 12:10","应调900米 · 实出900米 · 实收900米 · 数量差异0米"
"PO-202610-0093","大货染色加工单","标准待配置","加工完成","染色厂阿迪","印花厂小雨","2026-09-26 13:00","待核实","2026-09-27 10:00","应加工1,500米 · 已完成1,500米"
"PO-202610-0093","交接单","标准待配置","已接收","染色厂阿迪","印花厂小雨","2026-09-27 10:10","待核实","2026-09-27 10:40","应交1,500米 · 实交1,500米 · 实收1,500米 · 数量差异0米"
"PO-202610-0093","大货印花加工单","标准待配置","加工完成","印花厂小雨","水洗厂林梅","2026-09-27 11:00","待核实","2026-09-28 10:00","应加工1,500米 · 已完成1,500米"
"PO-202610-0093","交接单","标准待配置","已接收","印花厂小雨","水洗厂林梅","2026-09-28 10:10","待核实","2026-09-28 10:40","应交1,500米 · 实交1,500米 · 实收1,500米 · 数量差异0米"
"PO-202610-0093","水洗加工单","标准待配置","加工完成","水洗厂林梅","裁床刘军","2026-09-28 11:00","待核实","2026-09-28 18:00","应加工1,500米 · 已完成1,500米"
"PO-202610-0093","交接单","标准待配置","已接收","水洗厂林梅","裁床刘军","2026-09-28 18:10","待核实","2026-09-28 18:40","应交1,500米 · 实交1,500米 · 实收1,500米 · 数量差异0米"
"PO-202610-0093","原料调拨单","标准待配置","已接收","面料仓周婷","染色厂阿迪","2026-09-23 09:30","待核实","2026-09-23 10:00","应调150米 · 实出150米 · 实收150米 · 数量差异0米"
"PO-202610-0093","大货染色加工单","标准待配置","加工完成","染色厂阿迪","裁床刘军","2026-09-24 10:00","待核实","2026-09-25 16:00","应加工150米 · 已完成150米"
"PO-202610-0093","交接单","标准待配置","已接收","染色厂阿迪","裁床刘军","2026-09-25 16:10","待核实","2026-09-25 16:40","应交150米 · 实交150米 · 实收150米 · 数量差异0米"
"PO-202610-0093","原料调拨单","标准待配置","已接收","辅料仓周婷","裁床配料林芳","2026-09-20 15:30","待核实","2026-09-20 16:00","应调9,000粒 · 实出9,000粒 · 实收9,000粒 · 数量差异0粒"
"PO-202610-0093","物料采购单","按期完成","已收齐入库","采购赵敏","辅料仓周婷","2026-09-20 14:00","2026-09-28 14:00","2026-09-25 11:00","应采购300米 · 仓库实收300米"
"PO-202610-0093","原料调拨单","标准待配置","已接收","辅料仓周婷","裁床配料林芳","2026-09-25 11:10","待核实","2026-09-25 12:10","应调300米 · 实出300米 · 实收300米 · 数量差异0米"
"PO-202610-0093","原料调拨单","标准待配置","已接收","辅料仓周婷","裁床配料林芳","2026-09-27 15:30","待核实","2026-09-27 16:00","应调500个 · 实出500个 · 实收500个 · 数量差异0个"
"PO-202610-0093","物料采购单","按期完成","已收齐入库","采购赵敏","辅料仓周婷","2026-09-20 15:00","2026-09-28 15:00","2026-09-27 15:00","应采购1,000个 · 仓库实收1,000个"
"PO-202610-0093","原料调拨单","标准待配置","已接收","辅料仓周婷","裁床配料林芳","2026-09-27 15:10","待核实","2026-09-27 16:10","应调1,000个 · 实出1,000个 · 实收1,000个 · 数量差异0个"
"PO-202610-0093","交接单","标准待配置","已接收","裁床刘军","绣花厂阿琳","2026-09-28 20:05","待核实","2026-09-28 20:20","应交1,500片 · 实交1,500片 · 实收1,500片 · 数量差异0片"
"PO-202610-0093","绣花加工单","按期完成","加工完成","绣花厂阿琳","打揽厂阿迪","2026-09-28 20:30","2026-10-01 20:30","2026-09-29 06:00","应加工1,500片 · 已完成1,500片 · 未完成0片"
"PO-202610-0093","交接单","标准待配置","已接收","绣花厂阿琳","打揽厂阿迪","2026-09-29 06:10","待核实","2026-09-29 06:40","应交1,500片 · 实交1,500片 · 实收1,500片 · 数量差异0片"
"PO-202610-0093","打揽加工单","按期完成","加工完成","打揽厂阿迪","裁床刘军","2026-09-29 07:00","2026-10-02 07:00","2026-09-29 12:00","应加工1,500片 · 已完成1,500片 · 未完成0片"
"PO-202610-0093","交接单","标准待配置","已接收","打揽厂阿迪","裁床刘军","2026-09-29 12:10","待核实","2026-09-29 12:40","应交1,500片 · 实交1,500片 · 实收1,500片 · 数量差异0片"
"PO-202610-0093","交接单","标准待配置","已接收","裁床刘军","绣花厂阿琳","2026-09-28 20:05","待核实","2026-09-28 20:20","应交1,500片 · 实交1,500片 · 实收1,500片 · 数量差异0片"
"PO-202610-0093","绣花加工单","按期完成","加工完成","绣花厂阿琳","裁床刘军","2026-09-28 20:30","2026-10-01 20:30","2026-09-29 09:00","应加工1,500片 · 已完成1,500片 · 未完成0片"
"PO-202610-0093","交接单","标准待配置","已接收","绣花厂阿琳","裁床刘军","2026-09-29 09:10","待核实","2026-09-29 09:40","应交1,500片 · 实交1,500片 · 实收1,500片 · 数量差异0片"
"PO-202610-0093","交接单","标准待配置","已接收","裁床刘军","模版机厂林梅","2026-09-28 20:05","待核实","2026-09-28 20:20","应交3,000片 · 实交3,000片 · 实收3,000片 · 数量差异0片"
"PO-202610-0093","模版机加工单","按期完成","加工完成","模版机厂林梅","绣花厂阿琳","2026-09-28 20:30","2026-10-01 20:30","2026-09-29 08:00","应加工3,000片 · 已完成3,000片 · 未完成0片"
"PO-202610-0093","交接单","标准待配置","已接收","模版机厂林梅","绣花厂阿琳","2026-09-29 08:10","待核实","2026-09-29 08:40","应交3,000片 · 实交3,000片 · 实收3,000片 · 数量差异0片"
"PO-202610-0093","绣花加工单","按期完成","加工完成","绣花厂阿琳","裁床刘军","2026-09-29 09:00","2026-10-02 09:00","2026-09-29 13:00","应加工3,000片 · 已完成3,000片 · 未完成0片"
"PO-202610-0093","交接单","标准待配置","已接收","绣花厂阿琳","裁床刘军","2026-09-29 13:10","待核实","2026-09-29 13:40","应交3,000片 · 实交3,000片 · 实收3,000片 · 数量差异0片"
"PO-202610-0093","工厂产前版样衣","标准待配置","已交出 · 已通过","赵亮","技术张琳","2026-10-03 10:00","待核实","2026-10-03 10:30","数量1件样衣"
"PO-202610-0093","工厂产前版样衣","按期交出","已交出 · 已通过","赵亮","技术张琳","2026-10-01 10:00","2026-10-04（日内时刻待确认）","2026-10-03 10:00","1件样衣"
"PO-202610-0093","工厂产前版样衣","标准待配置","已交出 · 已通过","陈强","技术张琳","2026-10-04 10:00","待核实","2026-10-04 10:30","数量1件样衣"
"PO-202610-0093","工厂产前版样衣","按期交出","已交出 · 已通过","陈强","技术张琳","2026-10-02 10:00","2026-10-05（日内时刻待确认）","2026-10-04 10:00","1件样衣"
"PO-202610-0093","A厂 SWT-A-01-0093 · 30%回货","逾期达成","目标已达成","赵亮","李梅","2026-09-30 00:00","2026-10-04 23:59","2026-10-05 12:00","累计目标300件 · 后道实收1,000件 · 当前欠0件"
"PO-202610-0093","A厂 SWT-A-01-0093 · 70%回货","按期达成","目标已达成","赵亮","李梅","2026-09-30 00:00","2026-10-08 23:59","2026-10-05 12:00","累计目标700件 · 后道实收1,000件 · 当前欠0件"
"PO-202610-0093","A厂 SWT-A-01-0093 · 100%回货","按期达成","目标已达成","赵亮","李梅","2026-09-30 00:00","2026-10-09 23:59","2026-10-05 12:00","累计目标1,000件 · 后道实收1,000件 · 当前欠0件"
"PO-202610-0093","B厂 SWT-B-01-0093 · 30%回货","逾期达成","目标已达成","陈强","李梅","2026-10-01 00:00","2026-10-04 23:59","2026-10-05 12:00","累计目标150件 · 后道实收500件 · 当前欠0件"
"PO-202610-0093","B厂 SWT-B-01-0093 · 70%回货","按期达成","目标已达成","陈强","李梅","2026-10-01 00:00","2026-10-08 23:59","2026-10-05 12:00","累计目标350件 · 后道实收500件 · 当前欠0件"
"PO-202610-0093","B厂 SWT-B-01-0093 · 100%回货","按期达成","目标已达成","陈强","李梅","2026-10-01 00:00","2026-10-09 23:59","2026-10-05 12:00","累计目标500件 · 后道实收500件 · 当前欠0件"
"PO-202610-0094","生产准备单","按期完成","已关闭","技术张琳","跟单陈静","2026-09-20 09:00","2026-09-24 09:00","2026-09-24 09:00","数量1单"
"PO-202610-0094","调色任务（面料）","标准待配置","已完成","染厂阿迪","技术张琳","2026-09-21 09:00","待核实","2026-09-22 14:40","数量1色样"
"PO-202610-0094","调色任务（面料）","标准待配置","已完成","染厂阿迪","技术张琳","2026-09-22 15:00","待核实","2026-09-22 15:30","数量1色样"
"PO-202610-0094","调色任务（面料）","标准待配置","已完成","染厂阿迪","技术张琳","2026-09-21 09:00","待核实","2026-09-22 14:30","数量1色样"
"PO-202610-0094","调色任务（面料）","标准待配置","已完成","染厂阿迪","技术张琳","2026-09-22 15:00","待核实","2026-09-22 15:30","数量1色样"
"PO-202610-0094","花型任务","标准待配置","已完成","花型小雨","技术张琳／买手陈静","2026-09-21 10:00","待核实","2026-09-22 15:40","数量1套"
"PO-202610-0094","花型任务","标准待配置","已完成","花型小雨","技术张琳／买手陈静","2026-09-22 16:00","待核实","2026-09-22 16:20","数量1套"
"PO-202610-0094","花型任务","标准待配置","已完成","花型小雨","技术张琳／买手陈静","2026-09-21 10:00","待核实","2026-09-22 15:30","数量1套"
"PO-202610-0094","花型任务","标准待配置","已完成","花型小雨","技术张琳／买手陈静","2026-09-22 16:00","待核实","2026-09-22 16:20","数量1套"
"PO-202610-0094","首单样衣任务","标准待配置","已完成","制作Dewi","技术张琳","2026-09-21 09:00","待核实","2026-09-23 13:20","数量1件"
"PO-202610-0094","首单样衣任务","标准待配置","已完成","制作Dewi","技术张琳","2026-09-23 13:30","待核实","2026-09-23 14:00","数量1件"
"PO-202610-0094","梭织齐码纸样任务","标准待配置","已完成","版师梁敏","技术张琳","2026-09-21 09:00","待核实","2026-09-22 17:20","数量1套"
"PO-202610-0094","梭织齐码纸样任务","标准待配置","已完成","版师梁敏","技术张琳","2026-09-22 17:30","待核实","2026-09-22 18:00","数量1套"
"PO-202610-0094","原料调拨单","标准待配置","已接收","面料仓周婷","染色厂阿迪","2026-09-26 11:00","待核实","2026-09-26 12:00","应调600米 · 实出600米 · 实收600米 · 数量差异0米"
"PO-202610-0094","物料采购单","按期完成","已收齐入库","采购赵敏","面料仓周婷","2026-09-20 12:00","2026-09-28 12:00","2026-09-26 10:00","应采购900米 · 仓库实收900米"
"PO-202610-0094","原料调拨单","标准待配置","已接收","面料仓周婷","染色厂阿迪","2026-09-26 11:10","待核实","2026-09-26 12:10","应调900米 · 实出900米 · 实收900米 · 数量差异0米"
"PO-202610-0094","大货染色加工单","标准待配置","加工完成","染色厂阿迪","印花厂小雨","2026-09-26 13:00","待核实","2026-09-27 10:00","应加工1,500米 · 已完成1,500米"
"PO-202610-0094","交接单","标准待配置","已接收","染色厂阿迪","印花厂小雨","2026-09-27 10:10","待核实","2026-09-27 10:40","应交1,500米 · 实交1,500米 · 实收1,500米 · 数量差异0米"
"PO-202610-0094","大货印花加工单","标准待配置","加工完成","印花厂小雨","水洗厂林梅","2026-09-27 11:00","待核实","2026-09-28 10:00","应加工1,500米 · 已完成1,500米"
"PO-202610-0094","交接单","标准待配置","已接收","印花厂小雨","水洗厂林梅","2026-09-28 10:10","待核实","2026-09-28 10:40","应交1,500米 · 实交1,500米 · 实收1,500米 · 数量差异0米"
"PO-202610-0094","水洗加工单","标准待配置","加工完成","水洗厂林梅","裁床刘军","2026-09-28 11:00","待核实","2026-09-28 18:00","应加工1,500米 · 已完成1,500米"
"PO-202610-0094","交接单","标准待配置","已接收","水洗厂林梅","裁床刘军","2026-09-28 18:10","待核实","2026-09-28 18:40","应交1,500米 · 实交1,500米 · 实收1,500米 · 数量差异0米"
"PO-202610-0094","原料调拨单","标准待配置","已接收","面料仓周婷","染色厂阿迪","2026-09-23 09:30","待核实","2026-09-23 10:00","应调150米 · 实出150米 · 实收150米 · 数量差异0米"
"PO-202610-0094","大货染色加工单","标准待配置","加工完成","染色厂阿迪","裁床刘军","2026-09-24 10:00","待核实","2026-09-25 16:00","应加工150米 · 已完成150米"
"PO-202610-0094","交接单","标准待配置","已接收","染色厂阿迪","裁床刘军","2026-09-25 16:10","待核实","2026-09-25 16:40","应交150米 · 实交150米 · 实收150米 · 数量差异0米"
"PO-202610-0094","原料调拨单","标准待配置","已接收","辅料仓周婷","裁床配料林芳","2026-09-20 15:30","待核实","2026-09-20 16:00","应调9,000粒 · 实出9,000粒 · 实收9,000粒 · 数量差异0粒"
"PO-202610-0094","物料采购单","按期完成","已收齐入库","采购赵敏","辅料仓周婷","2026-09-20 14:00","2026-09-28 14:00","2026-09-25 11:00","应采购300米 · 仓库实收300米"
"PO-202610-0094","原料调拨单","标准待配置","已接收","辅料仓周婷","裁床配料林芳","2026-09-25 11:10","待核实","2026-09-25 12:10","应调300米 · 实出300米 · 实收300米 · 数量差异0米"
"PO-202610-0094","原料调拨单","标准待配置","已接收","辅料仓周婷","裁床配料林芳","2026-09-27 15:30","待核实","2026-09-27 16:00","应调500个 · 实出500个 · 实收500个 · 数量差异0个"
"PO-202610-0094","物料采购单","按期完成","已收齐入库","采购赵敏","辅料仓周婷","2026-09-20 15:00","2026-09-28 15:00","2026-09-27 15:00","应采购1,000个 · 仓库实收1,000个"
"PO-202610-0094","原料调拨单","标准待配置","已接收","辅料仓周婷","裁床配料林芳","2026-09-27 15:10","待核实","2026-09-27 16:10","应调1,000个 · 实出1,000个 · 实收1,000个 · 数量差异0个"
"PO-202610-0094","交接单","标准待配置","已接收","裁床刘军","绣花厂阿琳","2026-09-28 20:05","待核实","2026-09-28 20:20","应交1,500片 · 实交1,500片 · 实收1,500片 · 数量差异0片"
"PO-202610-0094","绣花加工单","按期完成","加工完成","绣花厂阿琳","打揽厂阿迪","2026-09-28 20:30","2026-10-01 20:30","2026-09-29 06:00","应加工1,500片 · 已完成1,500片 · 未完成0片"
"PO-202610-0094","交接单","标准待配置","已接收","绣花厂阿琳","打揽厂阿迪","2026-09-29 06:10","待核实","2026-09-29 06:40","应交1,500片 · 实交1,500片 · 实收1,500片 · 数量差异0片"
"PO-202610-0094","打揽加工单","按期完成","加工完成","打揽厂阿迪","裁床刘军","2026-09-29 07:00","2026-10-02 07:00","2026-09-29 12:00","应加工1,500片 · 已完成1,500片 · 未完成0片"
"PO-202610-0094","交接单","标准待配置","已接收","打揽厂阿迪","裁床刘军","2026-09-29 12:10","待核实","2026-09-29 12:40","应交1,500片 · 实交1,500片 · 实收1,500片 · 数量差异0片"
"PO-202610-0094","交接单","标准待配置","已接收","裁床刘军","绣花厂阿琳","2026-09-28 20:05","待核实","2026-09-28 20:20","应交1,500片 · 实交1,500片 · 实收1,500片 · 数量差异0片"
"PO-202610-0094","绣花加工单","按期完成","加工完成","绣花厂阿琳","裁床刘军","2026-09-28 20:30","2026-10-01 20:30","2026-09-29 09:00","应加工1,500片 · 已完成1,500片 · 未完成0片"
"PO-202610-0094","交接单","标准待配置","已接收","绣花厂阿琳","裁床刘军","2026-09-29 09:10","待核实","2026-09-29 09:40","应交1,500片 · 实交1,500片 · 实收1,500片 · 数量差异0片"
"PO-202610-0094","交接单","标准待配置","已接收","裁床刘军","模版机厂林梅","2026-09-28 20:05","待核实","2026-09-28 20:20","应交3,000片 · 实交3,000片 · 实收3,000片 · 数量差异0片"
"PO-202610-0094","模版机加工单","按期完成","加工完成","模版机厂林梅","绣花厂阿琳","2026-09-28 20:30","2026-10-01 20:30","2026-09-29 08:00","应加工3,000片 · 已完成3,000片 · 未完成0片"
"PO-202610-0094","交接单","标准待配置","已接收","模版机厂林梅","绣花厂阿琳","2026-09-29 08:10","待核实","2026-09-29 08:40","应交3,000片 · 实交3,000片 · 实收3,000片 · 数量差异0片"
"PO-202610-0094","绣花加工单","按期完成","加工完成","绣花厂阿琳","裁床刘军","2026-09-29 09:00","2026-10-02 09:00","2026-09-29 13:00","应加工3,000片 · 已完成3,000片 · 未完成0片"
"PO-202610-0094","交接单","标准待配置","已接收","绣花厂阿琳","裁床刘军","2026-09-29 13:10","待核实","2026-09-29 13:40","应交3,000片 · 实交3,000片 · 实收3,000片 · 数量差异0片"
"PO-202610-0094","后道加工单","标准待配置","加工完成","后道李梅","成衣仓周婷","2026-10-06 14:10","待核实","2026-10-06 15:40","应加工150件 · 已完成150件"
"PO-202610-0094","交接单","标准待配置","已交出待接收","后道李梅","成衣仓周婷","2026-10-06 16:00","待核实","待核实","应交150件 · 实交150件 · 实收待核实 · 数量差异待核实"
"PO-202610-0094","工厂产前版样衣","标准待配置","已交出 · 已通过","赵亮","技术张琳","2026-10-03 10:00","待核实","2026-10-03 10:30","数量1件样衣"
"PO-202610-0094","工厂产前版样衣","按期交出","已交出 · 已通过","赵亮","技术张琳","2026-10-01 10:00","2026-10-04（日内时刻待确认）","2026-10-03 10:00","1件样衣"
"PO-202610-0094","工厂产前版样衣","标准待配置","已交出 · 已通过","陈强","技术张琳","2026-10-04 10:00","待核实","2026-10-04 10:30","数量1件样衣"
"PO-202610-0094","工厂产前版样衣","按期交出","已交出 · 已通过","陈强","技术张琳","2026-10-02 10:00","2026-10-05（日内时刻待确认）","2026-10-04 10:00","1件样衣"
"PO-202610-0094","A厂 SWT-A-01-0094 · 30%回货","按期达成","目标已达成","赵亮","李梅","2026-09-30 00:00","2026-10-04 23:59","2026-10-03 16:00","累计目标300件 · 后道实收900件 · 当前欠0件"
"PO-202610-0094","A厂 SWT-A-01-0094 · 70%回货","按期达成","目标已达成","赵亮","李梅","2026-09-30 00:00","2026-10-08 23:59","2026-10-06 14:00","累计目标700件 · 后道实收900件 · 当前欠0件"
"PO-202610-0094","A厂 SWT-A-01-0094 · 100%回货","尚未到期","累计实收900 / 目标1,000件","赵亮","李梅","2026-09-30 00:00","2026-10-09 23:59","待核实","累计目标1,000件 · 后道实收900件 · 距节点目标还差100件"
"PO-202610-0094","B厂 SWT-B-01-0094 · 30%回货","当前逾期","累计实收0 / 目标150件","陈强","李梅","2026-10-01 00:00","2026-10-04 23:59","待核实","累计目标150件 · 后道实收0件 · 当前欠150件"
"PO-202610-0094","B厂 SWT-B-01-0094 · 70%回货","尚未到期","累计实收0 / 目标350件","陈强","李梅","2026-10-01 00:00","2026-10-08 23:59","待核实","累计目标350件 · 后道实收0件 · 距节点目标还差350件"
"PO-202610-0094","B厂 SWT-B-01-0094 · 100%回货","尚未到期","累计实收0 / 目标500件","陈强","李梅","2026-10-01 00:00","2026-10-09 23:59","待核实","累计目标500件 · 后道实收0件 · 距节点目标还差500件"
"PO-202610-0095","生产准备单","按期完成","已关闭","技术张琳","跟单陈静","2026-09-20 09:00","2026-09-24 09:00","2026-09-24 09:00","数量1单"
"PO-202610-0095","调色任务（面料）","标准待配置","已完成","染厂阿迪","技术张琳","2026-09-21 09:00","待核实","2026-09-22 14:40","数量1色样"
"PO-202610-0095","调色任务（面料）","标准待配置","已完成","染厂阿迪","技术张琳","2026-09-22 15:00","待核实","2026-09-22 15:30","数量1色样"
"PO-202610-0095","调色任务（面料）","标准待配置","已完成","染厂阿迪","技术张琳","2026-09-21 09:00","待核实","2026-09-22 14:30","数量1色样"
"PO-202610-0095","调色任务（面料）","标准待配置","已完成","染厂阿迪","技术张琳","2026-09-22 15:00","待核实","2026-09-22 15:30","数量1色样"
"PO-202610-0095","花型任务","标准待配置","已完成","花型小雨","技术张琳／买手陈静","2026-09-21 10:00","待核实","2026-09-22 15:40","数量1套"
"PO-202610-0095","花型任务","标准待配置","已完成","花型小雨","技术张琳／买手陈静","2026-09-22 16:00","待核实","2026-09-22 16:20","数量1套"
"PO-202610-0095","花型任务","标准待配置","已完成","花型小雨","技术张琳／买手陈静","2026-09-21 10:00","待核实","2026-09-22 15:30","数量1套"
"PO-202610-0095","花型任务","标准待配置","已完成","花型小雨","技术张琳／买手陈静","2026-09-22 16:00","待核实","2026-09-22 16:20","数量1套"
"PO-202610-0095","首单样衣任务","标准待配置","已完成","制作Dewi","技术张琳","2026-09-21 09:00","待核实","2026-09-23 13:20","数量1件"
"PO-202610-0095","首单样衣任务","标准待配置","已完成","制作Dewi","技术张琳","2026-09-23 13:30","待核实","2026-09-23 14:00","数量1件"
"PO-202610-0095","梭织齐码纸样任务","标准待配置","已完成","版师梁敏","技术张琳","2026-09-21 09:00","待核实","2026-09-22 17:20","数量1套"
"PO-202610-0095","梭织齐码纸样任务","标准待配置","已完成","版师梁敏","技术张琳","2026-09-22 17:30","待核实","2026-09-22 18:00","数量1套"
"PO-202610-0095","原料调拨单","标准待配置","已接收","面料仓周婷","染色厂阿迪","2026-09-26 11:00","待核实","2026-09-26 12:00","应调600米 · 实出600米 · 实收600米 · 数量差异0米"
"PO-202610-0095","物料采购单","按期完成","已收齐入库","采购赵敏","面料仓周婷","2026-09-20 12:00","2026-09-28 12:00","2026-09-26 10:00","应采购900米 · 仓库实收900米"
"PO-202610-0095","原料调拨单","标准待配置","已接收","面料仓周婷","染色厂阿迪","2026-09-26 11:10","待核实","2026-09-26 12:10","应调900米 · 实出900米 · 实收900米 · 数量差异0米"
"PO-202610-0095","大货染色加工单","标准待配置","加工完成","染色厂阿迪","印花厂小雨","2026-09-26 13:00","待核实","2026-09-27 10:00","应加工1,500米 · 已完成1,500米"
"PO-202610-0095","交接单","标准待配置","已接收","染色厂阿迪","印花厂小雨","2026-09-27 10:10","待核实","2026-09-27 10:40","应交1,500米 · 实交1,500米 · 实收1,500米 · 数量差异0米"
"PO-202610-0095","大货印花加工单","标准待配置","加工完成","印花厂小雨","水洗厂林梅","2026-09-27 11:00","待核实","2026-09-28 10:00","应加工1,500米 · 已完成1,500米"
"PO-202610-0095","交接单","标准待配置","已接收","印花厂小雨","水洗厂林梅","2026-09-28 10:10","待核实","2026-09-28 10:40","应交1,500米 · 实交1,500米 · 实收1,500米 · 数量差异0米"
"PO-202610-0095","水洗加工单","标准待配置","加工完成","水洗厂林梅","裁床刘军","2026-09-28 11:00","待核实","2026-09-28 18:00","应加工1,500米 · 已完成1,500米"
"PO-202610-0095","交接单","标准待配置","已接收","水洗厂林梅","裁床刘军","2026-09-28 18:10","待核实","2026-09-28 18:40","应交1,500米 · 实交1,500米 · 实收1,500米 · 数量差异0米"
"PO-202610-0095","原料调拨单","标准待配置","已接收","面料仓周婷","染色厂阿迪","2026-09-23 09:30","待核实","2026-09-23 10:00","应调150米 · 实出150米 · 实收150米 · 数量差异0米"
"PO-202610-0095","大货染色加工单","标准待配置","加工完成","染色厂阿迪","裁床刘军","2026-09-24 10:00","待核实","2026-09-25 16:00","应加工150米 · 已完成150米"
"PO-202610-0095","交接单","标准待配置","已接收","染色厂阿迪","裁床刘军","2026-09-25 16:10","待核实","2026-09-25 16:40","应交150米 · 实交150米 · 实收150米 · 数量差异0米"
"PO-202610-0095","原料调拨单","标准待配置","已接收","辅料仓周婷","裁床配料林芳","2026-09-20 15:30","待核实","2026-09-20 16:00","应调9,000粒 · 实出9,000粒 · 实收9,000粒 · 数量差异0粒"
"PO-202610-0095","物料采购单","按期完成","已收齐入库","采购赵敏","辅料仓周婷","2026-09-20 14:00","2026-09-28 14:00","2026-09-25 11:00","应采购300米 · 仓库实收300米"
"PO-202610-0095","原料调拨单","标准待配置","已接收","辅料仓周婷","裁床配料林芳","2026-09-25 11:10","待核实","2026-09-25 12:10","应调300米 · 实出300米 · 实收300米 · 数量差异0米"
"PO-202610-0095","原料调拨单","标准待配置","已接收","辅料仓周婷","裁床配料林芳","2026-09-27 15:30","待核实","2026-09-27 16:00","应调500个 · 实出500个 · 实收500个 · 数量差异0个"
"PO-202610-0095","物料采购单","按期完成","已收齐入库","采购赵敏","辅料仓周婷","2026-09-20 15:00","2026-09-28 15:00","2026-09-27 15:00","应采购1,000个 · 仓库实收1,000个"
"PO-202610-0095","原料调拨单","标准待配置","已接收","辅料仓周婷","裁床配料林芳","2026-09-27 15:10","待核实","2026-09-27 16:10","应调1,000个 · 实出1,000个 · 实收1,000个 · 数量差异0个"
"PO-202610-0095","交接单","标准待配置","已接收","裁床刘军","绣花厂阿琳","2026-09-28 20:05","待核实","2026-09-28 20:20","应交1,500片 · 实交1,500片 · 实收1,500片 · 数量差异0片"
"PO-202610-0095","绣花加工单","按期完成","加工完成","绣花厂阿琳","打揽厂阿迪","2026-09-28 20:30","2026-10-01 20:30","2026-09-29 06:00","应加工1,500片 · 已完成1,500片 · 未完成0片"
"PO-202610-0095","交接单","标准待配置","已接收","绣花厂阿琳","打揽厂阿迪","2026-09-29 06:10","待核实","2026-09-29 06:40","应交1,500片 · 实交1,500片 · 实收1,500片 · 数量差异0片"
"PO-202610-0095","打揽加工单","按期完成","加工完成","打揽厂阿迪","裁床刘军","2026-09-29 07:00","2026-10-02 07:00","2026-09-29 12:00","应加工1,500片 · 已完成1,500片 · 未完成0片"
"PO-202610-0095","交接单","标准待配置","已接收","打揽厂阿迪","裁床刘军","2026-09-29 12:10","待核实","2026-09-29 12:40","应交1,500片 · 实交1,500片 · 实收1,500片 · 数量差异0片"
"PO-202610-0095","交接单","标准待配置","已接收","裁床刘军","绣花厂阿琳","2026-09-28 20:05","待核实","2026-09-28 20:20","应交1,500片 · 实交1,500片 · 实收1,500片 · 数量差异0片"
"PO-202610-0095","绣花加工单","按期完成","加工完成","绣花厂阿琳","裁床刘军","2026-09-28 20:30","2026-10-01 20:30","2026-09-29 09:00","应加工1,500片 · 已完成1,500片 · 未完成0片"
"PO-202610-0095","交接单","标准待配置","已接收","绣花厂阿琳","裁床刘军","2026-09-29 09:10","待核实","2026-09-29 09:40","应交1,500片 · 实交1,500片 · 实收1,500片 · 数量差异0片"
"PO-202610-0095","交接单","标准待配置","已接收","裁床刘军","模版机厂林梅","2026-09-28 20:05","待核实","2026-09-28 20:20","应交3,000片 · 实交3,000片 · 实收3,000片 · 数量差异0片"
"PO-202610-0095","模版机加工单","按期完成","加工完成","模版机厂林梅","绣花厂阿琳","2026-09-28 20:30","2026-10-01 20:30","2026-09-29 08:00","应加工3,000片 · 已完成3,000片 · 未完成0片"
"PO-202610-0095","交接单","标准待配置","已接收","模版机厂林梅","绣花厂阿琳","2026-09-29 08:10","待核实","2026-09-29 08:40","应交3,000片 · 实交3,000片 · 实收3,000片 · 数量差异0片"
"PO-202610-0095","绣花加工单","按期完成","加工完成","绣花厂阿琳","裁床刘军","2026-09-29 09:00","2026-10-02 09:00","2026-09-29 13:00","应加工3,000片 · 已完成3,000片 · 未完成0片"
"PO-202610-0095","交接单","标准待配置","已接收","绣花厂阿琳","裁床刘军","2026-09-29 13:10","待核实","2026-09-29 13:40","应交3,000片 · 实交3,000片 · 实收3,000片 · 数量差异0片"
"PO-202610-0095","后道加工单","标准待配置","加工完成","后道李梅","成衣仓周婷","2026-10-06 14:10","待核实","2026-10-06 15:40","应加工150件 · 已完成150件"
"PO-202610-0095","交接单","标准待配置","已交出待接收","后道李梅","成衣仓周婷","2026-10-06 16:00","待核实","待核实","应交150件 · 实交150件 · 实收待核实 · 数量差异待核实"
"PO-202610-0095","工厂产前版样衣","标准待配置","已交出 · 已通过","赵亮","技术张琳","2026-10-02 10:00","待核实","2026-10-02 10:30","数量1件样衣"
"PO-202610-0095","工厂产前版样衣","按期交出","已交出 · 已通过","赵亮","技术张琳","2026-09-30 10:00","2026-10-03（日内时刻待确认）","2026-10-02 10:00","1件样衣"
"PO-202610-0095","工厂产前版样衣","标准待配置","已交出 · 已通过","陈强","技术张琳","2026-10-03 10:00","待核实","2026-10-03 10:30","数量1件样衣"
"PO-202610-0095","工厂产前版样衣","按期交出","已交出 · 已通过","陈强","技术张琳","2026-10-01 10:00","2026-10-04（日内时刻待确认）","2026-10-03 10:00","1件样衣"
"PO-202610-0095","工厂产前版样衣","标准待配置","已交出 · 已通过","陈强","技术张琳","2026-10-05 10:00","待核实","2026-10-05 10:30","数量1件样衣"
"PO-202610-0095","工厂产前版样衣","按期交出","已交出 · 已通过","陈强","技术张琳","2026-10-03 10:00","2026-10-06（日内时刻待确认）","2026-10-05 10:00","1件样衣"
"PO-202610-0095","A厂 SWT-A-01-0095 · 30%回货","按期达成","目标已达成","赵亮","李梅","2026-09-30 00:00","2026-10-04 23:59","2026-10-03 16:00","累计目标300件 · 后道实收700件 · 当前欠0件"
"PO-202610-0095","A厂 SWT-A-01-0095 · 70%回货","按期达成","目标已达成","赵亮","李梅","2026-09-30 00:00","2026-10-08 23:59","2026-10-06 14:00","累计目标700件 · 后道实收700件 · 当前欠0件"
"PO-202610-0095","A厂 SWT-A-01-0095 · 100%回货","尚未到期","累计实收700 / 目标1,000件","赵亮","李梅","2026-09-30 00:00","2026-10-09 23:59","待核实","累计目标1,000件 · 后道实收700件 · 距节点目标还差300件"
"PO-202610-0095","B厂 SWT-B-01-0095 · 30%回货","当前逾期","累计实收0 / 目标90件","陈强","李梅","2026-10-01 00:00","2026-10-04 23:59","待核实","累计目标90件 · 后道实收0件 · 当前欠90件"
"PO-202610-0095","B厂 SWT-B-01-0095 · 70%回货","尚未到期","累计实收0 / 目标210件","陈强","李梅","2026-10-01 00:00","2026-10-08 23:59","待核实","累计目标210件 · 后道实收0件 · 距节点目标还差210件"
"PO-202610-0095","B厂 SWT-B-01-0095 · 100%回货","尚未到期","累计实收0 / 目标300件","陈强","李梅","2026-10-01 00:00","2026-10-09 23:59","待核实","累计目标300件 · 后道实收0件 · 距节点目标还差300件"
"PO-202610-0095","B厂 SWT-B-02-0095 · 30%回货","按期达成","目标已达成","陈强","李梅","2026-10-03 00:00","2026-10-07 23:59","2026-10-06 11:00","累计目标60件 · 后道实收200件 · 当前欠0件"
"PO-202610-0095","B厂 SWT-B-02-0095 · 70%回货","按期达成","目标已达成","陈强","李梅","2026-10-03 00:00","2026-10-11 23:59","2026-10-06 11:00","累计目标140件 · 后道实收200件 · 当前欠0件"
"PO-202610-0095","B厂 SWT-B-02-0095 · 100%回货","按期达成","目标已达成","陈强","李梅","2026-10-03 00:00","2026-10-12 23:59","2026-10-06 11:00","累计目标200件 · 后道实收200件 · 当前欠0件"
"PO-202610-0096","生产准备单","按期完成","已关闭","技术张琳","跟单陈静","2026-09-20 09:00","2026-09-24 09:00","2026-09-24 09:00","数量1单"
"PO-202610-0096","调色任务（面料）","标准待配置","已完成","染厂阿迪","技术张琳","2026-09-21 09:00","待核实","2026-09-22 14:40","数量1色样"
"PO-202610-0096","调色任务（面料）","标准待配置","已完成","染厂阿迪","技术张琳","2026-09-22 15:00","待核实","2026-09-22 15:30","数量1色样"
"PO-202610-0096","调色任务（面料）","标准待配置","已完成","染厂阿迪","技术张琳","2026-09-21 09:00","待核实","2026-09-22 14:30","数量1色样"
"PO-202610-0096","调色任务（面料）","标准待配置","已完成","染厂阿迪","技术张琳","2026-09-22 15:00","待核实","2026-09-22 15:30","数量1色样"
"PO-202610-0096","花型任务","标准待配置","已完成","花型小雨","技术张琳／买手陈静","2026-09-21 10:00","待核实","2026-09-22 15:40","数量1套"
"PO-202610-0096","花型任务","标准待配置","已完成","花型小雨","技术张琳／买手陈静","2026-09-22 16:00","待核实","2026-09-22 16:20","数量1套"
"PO-202610-0096","花型任务","标准待配置","已完成","花型小雨","技术张琳／买手陈静","2026-09-21 10:00","待核实","2026-09-22 15:30","数量1套"
"PO-202610-0096","花型任务","标准待配置","已完成","花型小雨","技术张琳／买手陈静","2026-09-22 16:00","待核实","2026-09-22 16:20","数量1套"
"PO-202610-0096","首单样衣任务","标准待配置","已完成","制作Dewi","技术张琳","2026-09-21 09:00","待核实","2026-09-23 13:20","数量1件"
"PO-202610-0096","首单样衣任务","标准待配置","已完成","制作Dewi","技术张琳","2026-09-23 13:30","待核实","2026-09-23 14:00","数量1件"
"PO-202610-0096","梭织齐码纸样任务","标准待配置","已完成","版师梁敏","技术张琳","2026-09-21 09:00","待核实","2026-09-22 17:20","数量1套"
"PO-202610-0096","梭织齐码纸样任务","标准待配置","已完成","版师梁敏","技术张琳","2026-09-22 17:30","待核实","2026-09-22 18:00","数量1套"
"PO-202610-0096","原料调拨单","标准待配置","已接收","面料仓周婷","染色厂阿迪","2026-09-26 11:00","待核实","2026-09-26 12:00","应调600米 · 实出600米 · 实收600米 · 数量差异0米"
"PO-202610-0096","物料采购单","按期完成","已收齐入库","采购赵敏","面料仓周婷","2026-09-20 12:00","2026-09-28 12:00","2026-09-26 10:00","应采购900米 · 仓库实收900米"
"PO-202610-0096","原料调拨单","标准待配置","已接收","面料仓周婷","染色厂阿迪","2026-09-26 11:10","待核实","2026-09-26 12:10","应调900米 · 实出900米 · 实收900米 · 数量差异0米"
"PO-202610-0096","大货染色加工单","标准待配置","加工完成","染色厂阿迪","印花厂小雨","2026-09-26 13:00","待核实","2026-09-27 10:00","应加工1,500米 · 已完成1,500米"
"PO-202610-0096","交接单","标准待配置","已接收","染色厂阿迪","印花厂小雨","2026-09-27 10:10","待核实","2026-09-27 10:40","应交1,500米 · 实交1,500米 · 实收1,500米 · 数量差异0米"
"PO-202610-0096","大货印花加工单","标准待配置","加工完成","印花厂小雨","水洗厂林梅","2026-09-27 11:00","待核实","2026-09-28 10:00","应加工1,500米 · 已完成1,500米"
"PO-202610-0096","交接单","标准待配置","已接收","印花厂小雨","水洗厂林梅","2026-09-28 10:10","待核实","2026-09-28 10:40","应交1,500米 · 实交1,500米 · 实收1,500米 · 数量差异0米"
"PO-202610-0096","水洗加工单","标准待配置","加工完成","水洗厂林梅","裁床刘军","2026-09-28 11:00","待核实","2026-09-28 18:00","应加工1,500米 · 已完成1,500米"
"PO-202610-0096","交接单","标准待配置","已接收","水洗厂林梅","裁床刘军","2026-09-28 18:10","待核实","2026-09-28 18:40","应交1,500米 · 实交1,500米 · 实收1,500米 · 数量差异0米"
"PO-202610-0096","原料调拨单","标准待配置","已接收","面料仓周婷","染色厂阿迪","2026-09-23 09:30","待核实","2026-09-23 10:00","应调150米 · 实出150米 · 实收150米 · 数量差异0米"
"PO-202610-0096","大货染色加工单","标准待配置","加工完成","染色厂阿迪","裁床刘军","2026-09-24 10:00","待核实","2026-09-25 16:00","应加工150米 · 已完成150米"
"PO-202610-0096","交接单","标准待配置","已接收","染色厂阿迪","裁床刘军","2026-09-25 16:10","待核实","2026-09-25 16:40","应交150米 · 实交150米 · 实收150米 · 数量差异0米"
"PO-202610-0096","原料调拨单","标准待配置","已接收","辅料仓周婷","裁床配料林芳","2026-09-20 15:30","待核实","2026-09-20 16:00","应调9,000粒 · 实出9,000粒 · 实收9,000粒 · 数量差异0粒"
"PO-202610-0096","物料采购单","按期完成","已收齐入库","采购赵敏","辅料仓周婷","2026-09-20 14:00","2026-09-28 14:00","2026-09-25 11:00","应采购300米 · 仓库实收300米"
"PO-202610-0096","原料调拨单","标准待配置","已接收","辅料仓周婷","裁床配料林芳","2026-09-25 11:10","待核实","2026-09-25 12:10","应调300米 · 实出300米 · 实收300米 · 数量差异0米"
"PO-202610-0096","原料调拨单","标准待配置","已接收","辅料仓周婷","裁床配料林芳","2026-09-27 15:30","待核实","2026-09-27 16:00","应调500个 · 实出500个 · 实收500个 · 数量差异0个"
"PO-202610-0096","物料采购单","按期完成","已收齐入库","采购赵敏","辅料仓周婷","2026-09-20 15:00","2026-09-28 15:00","2026-09-27 15:00","应采购1,000个 · 仓库实收1,000个"
"PO-202610-0096","原料调拨单","标准待配置","已接收","辅料仓周婷","裁床配料林芳","2026-09-27 15:10","待核实","2026-09-27 16:10","应调1,000个 · 实出1,000个 · 实收1,000个 · 数量差异0个"
"PO-202610-0096","交接单","标准待配置","已接收","裁床刘军","绣花厂阿琳","2026-09-28 20:05","待核实","2026-09-28 20:20","应交1,500片 · 实交1,500片 · 实收1,500片 · 数量差异0片"
"PO-202610-0096","绣花加工单","按期完成","加工完成","绣花厂阿琳","打揽厂阿迪","2026-09-28 20:30","2026-10-01 20:30","2026-09-29 06:00","应加工1,500片 · 已完成1,500片 · 未完成0片"
"PO-202610-0096","交接单","标准待配置","已接收","绣花厂阿琳","打揽厂阿迪","2026-09-29 06:10","待核实","2026-09-29 06:40","应交1,500片 · 实交1,500片 · 实收1,500片 · 数量差异0片"
"PO-202610-0096","打揽加工单","按期完成","加工完成","打揽厂阿迪","裁床刘军","2026-09-29 07:00","2026-10-02 07:00","2026-09-29 12:00","应加工1,500片 · 已完成1,500片 · 未完成0片"
"PO-202610-0096","交接单","标准待配置","已接收","打揽厂阿迪","裁床刘军","2026-09-29 12:10","待核实","2026-09-29 12:40","应交1,500片 · 实交1,500片 · 实收1,500片 · 数量差异0片"
"PO-202610-0096","交接单","标准待配置","已接收","裁床刘军","绣花厂阿琳","2026-09-28 20:05","待核实","2026-09-28 20:20","应交1,500片 · 实交1,500片 · 实收1,500片 · 数量差异0片"
"PO-202610-0096","绣花加工单","按期完成","加工完成","绣花厂阿琳","裁床刘军","2026-09-28 20:30","2026-10-01 20:30","2026-09-29 09:00","应加工1,500片 · 已完成1,500片 · 未完成0片"
"PO-202610-0096","交接单","标准待配置","已接收","绣花厂阿琳","裁床刘军","2026-09-29 09:10","待核实","2026-09-29 09:40","应交1,500片 · 实交1,500片 · 实收1,500片 · 数量差异0片"
"PO-202610-0096","交接单","标准待配置","已接收","裁床刘军","模版机厂林梅","2026-09-28 20:05","待核实","2026-09-28 20:20","应交3,000片 · 实交3,000片 · 实收3,000片 · 数量差异0片"
"PO-202610-0096","模版机加工单","按期完成","加工完成","模版机厂林梅","绣花厂阿琳","2026-09-28 20:30","2026-10-01 20:30","2026-09-29 08:00","应加工3,000片 · 已完成3,000片 · 未完成0片"
"PO-202610-0096","交接单","标准待配置","已接收","模版机厂林梅","绣花厂阿琳","2026-09-29 08:10","待核实","2026-09-29 08:40","应交3,000片 · 实交3,000片 · 实收3,000片 · 数量差异0片"
"PO-202610-0096","绣花加工单","按期完成","加工完成","绣花厂阿琳","裁床刘军","2026-09-29 09:00","2026-10-02 09:00","2026-09-29 13:00","应加工3,000片 · 已完成3,000片 · 未完成0片"
"PO-202610-0096","交接单","标准待配置","已接收","绣花厂阿琳","裁床刘军","2026-09-29 13:10","待核实","2026-09-29 13:40","应交3,000片 · 实交3,000片 · 实收3,000片 · 数量差异0片"
"PO-202610-0096","后道加工单","标准待配置","加工完成","后道李梅","成衣仓周婷","2026-10-06 14:10","待核实","2026-10-06 15:40","应加工150件 · 已完成150件"
"PO-202610-0096","交接单","标准待配置","已交出待接收","后道李梅","成衣仓周婷","2026-10-06 16:00","待核实","待核实","应交150件 · 实交150件 · 实收待核实 · 数量差异待核实"
"PO-202610-0096","工厂产前版样衣","标准待配置","已交出 · 已通过","赵亮","技术张琳","2026-10-03 10:00","待核实","2026-10-03 10:30","数量1件样衣"
"PO-202610-0096","工厂产前版样衣","按期交出","已交出 · 已通过","赵亮","技术张琳","2026-10-01 10:00","2026-10-04（日内时刻待确认）","2026-10-03 10:00","1件样衣"
"PO-202610-0096","工厂产前版样衣","标准待配置","已交出 · 已通过","陈强","技术张琳","2026-10-04 10:00","待核实","2026-10-04 10:30","数量1件样衣"
"PO-202610-0096","工厂产前版样衣","按期交出","已交出 · 已通过","陈强","技术张琳","2026-10-02 10:00","2026-10-05（日内时刻待确认）","2026-10-04 10:00","1件样衣"
"PO-202610-0096","A厂 SWT-A-01-0096 · 30%回货","按期达成","目标已达成","赵亮","李梅","2026-09-30 00:00","2026-10-04 23:59","2026-10-03 16:00","累计目标300件 · 后道实收900件 · 当前欠0件"
"PO-202610-0096","A厂 SWT-A-01-0096 · 70%回货","按期达成","目标已达成","赵亮","李梅","2026-09-30 00:00","2026-10-08 23:59","2026-10-06 14:00","累计目标700件 · 后道实收900件 · 当前欠0件"
"PO-202610-0096","A厂 SWT-A-01-0096 · 100%回货","尚未到期","累计实收900 / 目标1,000件","赵亮","李梅","2026-09-30 00:00","2026-10-09 23:59","待核实","累计目标1,000件 · 后道实收900件 · 距节点目标还差100件"
"PO-202610-0096","B厂 SWT-B-01-0096 · 30%回货","逾期达成","目标已达成","陈强","李梅","2026-10-01 00:00","2026-10-04 23:59","2026-10-05 12:00","累计目标150件 · 后道实收150件 · 当前欠0件"
"PO-202610-0096","B厂 SWT-B-01-0096 · 70%回货","尚未到期","累计实收150 / 目标350件","陈强","李梅","2026-10-01 00:00","2026-10-08 23:59","待核实","累计目标350件 · 后道实收150件 · 距节点目标还差200件"
"PO-202610-0096","B厂 SWT-B-01-0096 · 100%回货","尚未到期","累计实收150 / 目标500件","陈强","李梅","2026-10-01 00:00","2026-10-09 23:59","待核实","累计目标500件 · 后道实收150件 · 距节点目标还差350件"
"PO-202610-0097","生产准备单","尚未到期","进行中","技术张琳","跟单陈静","2026-10-02 21:00","2026-10-07 21:00","待核实","数量1单"
"PO-202610-0097","调色任务（面料）","标准待配置","已交出待接收","染厂阿迪","技术张琳","2026-10-05 09:00","待核实","2026-10-06 08:30","数量1色样"
"PO-202610-0097","调色任务（面料）","标准待配置","已交出待接收","染厂阿迪","技术张琳","2026-10-06 09:00","待核实","待核实","数量1色样"
"PO-202610-0097","调色任务（面料）","标准待配置","已完成","染厂阿迪","技术张琳","2026-10-03 21:00","待核实","2026-10-05 02:30","数量1色样"
"PO-202610-0097","调色任务（面料）","标准待配置","已完成","染厂阿迪","技术张琳","2026-10-05 03:00","待核实","2026-10-05 03:30","数量1色样"
"PO-202610-0097","花型任务","标准待配置","已完成","花型小雨","技术张琳／买手陈静","2026-10-03 22:00","待核实","2026-10-05 03:40","数量1套"
"PO-202610-0097","花型任务","标准待配置","已完成","花型小雨","技术张琳／买手陈静","2026-10-05 04:00","待核实","2026-10-05 04:20","数量1套"
"PO-202610-0097","花型任务","标准待配置","已完成","花型小雨","技术张琳／买手陈静","2026-10-03 22:00","待核实","2026-10-05 03:30","数量1套"
"PO-202610-0097","花型任务","标准待配置","已完成","花型小雨","技术张琳／买手陈静","2026-10-05 04:00","待核实","2026-10-05 04:20","数量1套"
"PO-202610-0097","首单样衣任务","标准待配置","已完成","制作Dewi","技术张琳","2026-10-03 21:00","待核实","2026-10-06 01:20","数量1件"
"PO-202610-0097","首单样衣任务","标准待配置","已完成","制作Dewi","技术张琳","2026-10-06 01:30","待核实","2026-10-06 02:00","数量1件"
"PO-202610-0097","梭织齐码纸样任务","标准待配置","已完成","版师梁敏","技术张琳","2026-10-03 21:00","待核实","2026-10-05 05:20","数量1套"
"PO-202610-0097","梭织齐码纸样任务","标准待配置","已完成","版师梁敏","技术张琳","2026-10-05 05:30","待核实","2026-10-05 06:00","数量1套"
"PO-202610-0097","原料调拨单","实际开始待取得","执行结果待取得","面料仓周婷","染色厂阿迪","待核实","待核实","待核实","应调600米 · 实出待核实 · 实收待核实 · 数量差异待核实"
"PO-202610-0097","物料采购单","尚未到期","执行结果待取得","采购赵敏","面料仓周婷","2026-10-03 00:00","2026-10-11 00:00","待核实","应采购900米 · 仓库实收待核实"
"PO-202610-0097","原料调拨单","实际开始待取得","执行结果待取得","面料仓周婷","染色厂阿迪","待核实","待核实","待核实","应调900米 · 实出待核实 · 实收待核实 · 数量差异待核实"
"PO-202610-0097","原料调拨单","标准待配置","已接收","面料仓周婷","染色厂阿迪","2026-10-05 21:30","待核实","2026-10-05 22:00","应调150米 · 实出150米 · 实收150米 · 数量差异0米"
"PO-202610-0097","原料调拨单","标准待配置","已接收","辅料仓周婷","裁床配料林芳","2026-10-03 03:30","待核实","2026-10-03 04:00","应调9,000粒 · 实出9,000粒 · 实收9,000粒 · 数量差异0粒"
"PO-202610-0097","物料采购单","尚未到期","执行结果待取得","采购赵敏","辅料仓周婷","2026-10-03 02:00","2026-10-11 02:00","待核实","应采购300米 · 仓库实收待核实"
"PO-202610-0097","原料调拨单","实际开始待取得","执行结果待取得","辅料仓周婷","裁床配料林芳","待核实","待核实","待核实","应调300米 · 实出待核实 · 实收待核实 · 数量差异待核实"
"PO-202610-0097","原料调拨单","实际开始待取得","执行结果待取得","辅料仓周婷","裁床配料林芳","待核实","待核实","待核实","应调500个 · 实出待核实 · 实收待核实 · 数量差异待核实"
"PO-202610-0097","物料采购单","尚未到期","执行结果待取得","采购赵敏","辅料仓周婷","2026-10-03 03:00","2026-10-11 03:00","待核实","应采购1,000个 · 仓库实收待核实"
"PO-202610-0097","原料调拨单","实际开始待取得","执行结果待取得","辅料仓周婷","裁床配料林芳","待核实","待核实","待核实","应调1,000个 · 实出待核实 · 实收待核实 · 数量差异待核实"
"PO-202610-0098","生产准备单","当前逾期","进行中","技术张琳","跟单陈静","2026-09-20 09:00","2026-09-24 09:00","待核实","数量1单"
"PO-202610-0098","调色任务（面料）","标准待配置","已交出待接收","染厂阿迪","技术张琳","2026-10-06 09:00","待核实","2026-10-06 14:40","数量1色样"
"PO-202610-0098","调色任务（面料）","标准待配置","已交出待接收","染厂阿迪","技术张琳","2026-10-06 15:00","待核实","待核实","数量1色样"
"PO-202610-0098","调色任务（面料）","标准待配置","已完成","染厂阿迪","技术张琳","2026-09-21 09:00","待核实","2026-09-22 14:30","数量1色样"
"PO-202610-0098","调色任务（面料）","标准待配置","已完成","染厂阿迪","技术张琳","2026-09-22 15:00","待核实","2026-09-22 15:30","数量1色样"
"PO-202610-0098","花型任务","标准待配置","已完成","花型小雨","技术张琳／买手陈静","2026-09-21 10:00","待核实","2026-09-22 15:40","数量1套"
"PO-202610-0098","花型任务","标准待配置","已完成","花型小雨","技术张琳／买手陈静","2026-09-22 16:00","待核实","2026-09-22 16:20","数量1套"
"PO-202610-0098","花型任务","标准待配置","已完成","花型小雨","技术张琳／买手陈静","2026-09-21 10:00","待核实","2026-09-22 15:30","数量1套"
"PO-202610-0098","花型任务","标准待配置","已完成","花型小雨","技术张琳／买手陈静","2026-09-22 16:00","待核实","2026-09-22 16:20","数量1套"
"PO-202610-0098","首单样衣任务","标准待配置","已完成","制作Dewi","技术张琳","2026-09-21 09:00","待核实","2026-09-23 13:20","数量1件"
"PO-202610-0098","首单样衣任务","标准待配置","已完成","制作Dewi","技术张琳","2026-09-23 13:30","待核实","2026-09-23 14:00","数量1件"
"PO-202610-0098","梭织齐码纸样任务","标准待配置","已完成","版师梁敏","技术张琳","2026-09-21 09:00","待核实","2026-09-22 17:20","数量1套"
"PO-202610-0098","梭织齐码纸样任务","标准待配置","已完成","版师梁敏","技术张琳","2026-09-22 17:30","待核实","2026-09-22 18:00","数量1套"
"PO-202610-0098","原料调拨单","标准待配置","已接收","面料仓周婷","染色厂阿迪","2026-09-26 11:00","待核实","2026-09-26 12:00","应调600米 · 实出600米 · 实收600米 · 数量差异0米"
"PO-202610-0098","物料采购单","按期完成","已收齐入库","采购赵敏","面料仓周婷","2026-09-20 12:00","2026-09-28 12:00","2026-09-26 10:00","应采购900米 · 仓库实收900米"
"PO-202610-0098","原料调拨单","标准待配置","已接收","面料仓周婷","染色厂阿迪","2026-09-26 11:10","待核实","2026-09-26 12:10","应调900米 · 实出900米 · 实收900米 · 数量差异0米"
"PO-202610-0098","原料调拨单","标准待配置","已接收","面料仓周婷","染色厂阿迪","2026-09-23 09:30","待核实","2026-09-23 10:00","应调150米 · 实出150米 · 实收150米 · 数量差异0米"
"PO-202610-0098","原料调拨单","标准待配置","已接收","辅料仓周婷","裁床配料林芳","2026-09-20 15:30","待核实","2026-09-20 16:00","应调9,000粒 · 实出9,000粒 · 实收9,000粒 · 数量差异0粒"
"PO-202610-0098","物料采购单","按期完成","已收齐入库","采购赵敏","辅料仓周婷","2026-09-20 14:00","2026-09-28 14:00","2026-09-25 11:00","应采购300米 · 仓库实收300米"
"PO-202610-0098","原料调拨单","标准待配置","已接收","辅料仓周婷","裁床配料林芳","2026-09-25 11:10","待核实","2026-09-25 12:10","应调300米 · 实出300米 · 实收300米 · 数量差异0米"
"PO-202610-0098","原料调拨单","标准待配置","已接收","辅料仓周婷","裁床配料林芳","2026-09-27 15:30","待核实","2026-09-27 16:00","应调500个 · 实出500个 · 实收500个 · 数量差异0个"
"PO-202610-0098","物料采购单","按期完成","已收齐入库","采购赵敏","辅料仓周婷","2026-09-20 15:00","2026-09-28 15:00","2026-09-27 15:00","应采购1,000个 · 仓库实收1,000个"
"PO-202610-0098","原料调拨单","标准待配置","已接收","辅料仓周婷","裁床配料林芳","2026-09-27 15:10","待核实","2026-09-27 16:10","应调1,000个 · 实出1,000个 · 实收1,000个 · 数量差异0个"
"PO-202610-0099","生产准备单","按期完成","已关闭","技术张琳","跟单陈静","2026-09-20 09:00","2026-09-24 09:00","2026-09-24 09:00","数量1单"
"PO-202610-0099","调色任务（面料）","标准待配置","已完成","染厂阿迪","技术张琳","2026-09-21 09:00","待核实","2026-09-22 14:40","数量1色样"
"PO-202610-0099","调色任务（面料）","标准待配置","已完成","染厂阿迪","技术张琳","2026-09-22 15:00","待核实","2026-09-22 15:30","数量1色样"
"PO-202610-0099","调色任务（面料）","标准待配置","已完成","染厂阿迪","技术张琳","2026-09-21 09:00","待核实","2026-09-22 14:30","数量1色样"
"PO-202610-0099","调色任务（面料）","标准待配置","已完成","染厂阿迪","技术张琳","2026-09-22 15:00","待核实","2026-09-22 15:30","数量1色样"
"PO-202610-0099","花型任务","标准待配置","已完成","花型小雨","技术张琳／买手陈静","2026-09-21 10:00","待核实","2026-09-22 15:40","数量1套"
"PO-202610-0099","花型任务","标准待配置","已完成","花型小雨","技术张琳／买手陈静","2026-09-22 16:00","待核实","2026-09-22 16:20","数量1套"
"PO-202610-0099","花型任务","标准待配置","已完成","花型小雨","技术张琳／买手陈静","2026-09-21 10:00","待核实","2026-09-22 15:30","数量1套"
"PO-202610-0099","花型任务","标准待配置","已完成","花型小雨","技术张琳／买手陈静","2026-09-22 16:00","待核实","2026-09-22 16:20","数量1套"
"PO-202610-0099","首单样衣任务","标准待配置","已完成","制作Dewi","技术张琳","2026-09-21 09:00","待核实","2026-09-23 13:20","数量1件"
"PO-202610-0099","首单样衣任务","标准待配置","已完成","制作Dewi","技术张琳","2026-09-23 13:30","待核实","2026-09-23 14:00","数量1件"
"PO-202610-0099","梭织齐码纸样任务","标准待配置","已完成","版师梁敏","技术张琳","2026-09-21 09:00","待核实","2026-09-22 17:20","数量1套"
"PO-202610-0099","梭织齐码纸样任务","标准待配置","已完成","版师梁敏","技术张琳","2026-09-22 17:30","待核实","2026-09-22 18:00","数量1套"
"PO-202610-0099","原料调拨单","标准待配置","已接收","面料仓周婷","染色厂阿迪","2026-09-26 11:00","待核实","2026-09-26 12:00","应调600米 · 实出600米 · 实收600米 · 数量差异0米"
"PO-202610-0099","物料采购单","按期完成","已收齐入库","采购赵敏","面料仓周婷","2026-09-20 12:00","2026-09-28 12:00","2026-09-26 10:00","应采购900米 · 仓库实收900米"
"PO-202610-0099","原料调拨单","标准待配置","已接收","面料仓周婷","染色厂阿迪","2026-09-26 11:10","待核实","2026-09-26 12:10","应调900米 · 实出900米 · 实收900米 · 数量差异0米"
"PO-202610-0099","大货染色加工单","标准待配置","加工完成","染色厂阿迪","印花厂小雨","2026-09-26 13:00","待核实","2026-09-27 10:00","应加工1,500米 · 已完成1,500米"
"PO-202610-0099","交接单","标准待配置","已接收","染色厂阿迪","印花厂小雨","2026-09-27 10:10","待核实","2026-09-27 10:40","应交1,500米 · 实交1,500米 · 实收1,500米 · 数量差异0米"
"PO-202610-0099","大货印花加工单","标准待配置","加工完成","印花厂小雨","水洗厂林梅","2026-09-27 11:00","待核实","2026-09-28 10:00","应加工1,500米 · 已完成1,500米"
"PO-202610-0099","交接单","标准待配置","已接收","印花厂小雨","水洗厂林梅","2026-09-28 10:10","待核实","2026-09-28 10:40","应交1,500米 · 实交1,500米 · 实收1,500米 · 数量差异0米"
"PO-202610-0099","水洗加工单","标准待配置","加工完成","水洗厂林梅","裁床刘军","2026-09-28 11:00","待核实","2026-09-28 18:00","应加工1,500米 · 已完成1,500米"
"PO-202610-0099","交接单","标准待配置","已接收","水洗厂林梅","裁床刘军","2026-09-28 18:10","待核实","2026-09-28 18:40","应交1,500米 · 实交1,500米 · 实收1,500米 · 数量差异0米"
"PO-202610-0099","原料调拨单","标准待配置","已接收","面料仓周婷","染色厂阿迪","2026-09-23 09:30","待核实","2026-09-23 10:00","应调150米 · 实出150米 · 实收150米 · 数量差异0米"
"PO-202610-0099","大货染色加工单","标准待配置","加工完成","染色厂阿迪","裁床刘军","2026-09-24 10:00","待核实","2026-09-25 16:00","应加工150米 · 已完成150米"
"PO-202610-0099","交接单","标准待配置","已接收","染色厂阿迪","裁床刘军","2026-09-25 16:10","待核实","2026-09-25 16:40","应交150米 · 实交150米 · 实收150米 · 数量差异0米"
"PO-202610-0099","原料调拨单","标准待配置","已接收","辅料仓周婷","裁床配料林芳","2026-09-20 15:30","待核实","2026-09-20 16:00","应调9,000粒 · 实出9,000粒 · 实收9,000粒 · 数量差异0粒"
"PO-202610-0099","物料采购单","按期完成","已收齐入库","采购赵敏","辅料仓周婷","2026-09-20 14:00","2026-09-28 14:00","2026-09-25 11:00","应采购300米 · 仓库实收300米"
"PO-202610-0099","原料调拨单","标准待配置","已接收","辅料仓周婷","裁床配料林芳","2026-09-25 11:10","待核实","2026-09-25 12:10","应调300米 · 实出300米 · 实收300米 · 数量差异0米"
"PO-202610-0099","原料调拨单","标准待配置","已接收","辅料仓周婷","裁床配料林芳","2026-09-27 15:30","待核实","2026-09-27 16:00","应调500个 · 实出500个 · 实收500个 · 数量差异0个"
"PO-202610-0099","物料采购单","按期完成","已收齐入库","采购赵敏","辅料仓周婷","2026-09-20 15:00","2026-09-28 15:00","2026-09-27 15:00","应采购1,000个 · 仓库实收1,000个"
"PO-202610-0099","原料调拨单","标准待配置","已接收","辅料仓周婷","裁床配料林芳","2026-09-27 15:10","待核实","2026-09-27 16:10","应调1,000个 · 实出1,000个 · 实收1,000个 · 数量差异0个"
"PO-202610-0099","交接单","标准待配置","已接收","裁床刘军","绣花厂阿琳","2026-09-28 20:05","待核实","2026-09-28 20:20","应交1,500片 · 实交1,500片 · 实收1,500片 · 数量差异0片"
"PO-202610-0099","绣花加工单","按期完成","加工完成","绣花厂阿琳","打揽厂阿迪","2026-09-28 20:30","2026-10-01 20:30","2026-09-29 06:00","应加工1,500片 · 已完成1,500片 · 未完成0片"
"PO-202610-0099","交接单","标准待配置","已接收","绣花厂阿琳","打揽厂阿迪","2026-09-29 06:10","待核实","2026-09-29 06:40","应交1,500片 · 实交1,500片 · 实收1,500片 · 数量差异0片"
"PO-202610-0099","打揽加工单","按期完成","加工完成","打揽厂阿迪","裁床刘军","2026-09-29 07:00","2026-10-02 07:00","2026-09-29 12:00","应加工1,500片 · 已完成1,500片 · 未完成0片"
"PO-202610-0099","交接单","标准待配置","已接收","打揽厂阿迪","裁床刘军","2026-09-29 12:10","待核实","2026-09-29 12:40","应交1,500片 · 实交1,500片 · 实收1,500片 · 数量差异0片"
"PO-202610-0099","交接单","标准待配置","已接收","裁床刘军","绣花厂阿琳","2026-09-28 20:05","待核实","2026-09-28 20:20","应交1,500片 · 实交1,500片 · 实收1,500片 · 数量差异0片"
"PO-202610-0099","绣花加工单","按期完成","加工完成","绣花厂阿琳","裁床刘军","2026-09-28 20:30","2026-10-01 20:30","2026-09-29 09:00","应加工1,500片 · 已完成1,500片 · 未完成0片"
"PO-202610-0099","交接单","标准待配置","已接收","绣花厂阿琳","裁床刘军","2026-09-29 09:10","待核实","2026-09-29 09:40","应交1,500片 · 实交1,500片 · 实收1,500片 · 数量差异0片"
"PO-202610-0099","交接单","标准待配置","已接收","裁床刘军","模版机厂林梅","2026-09-28 20:05","待核实","2026-09-28 20:20","应交3,000片 · 实交3,000片 · 实收3,000片 · 数量差异0片"
"PO-202610-0099","模版机加工单","按期完成","加工完成","模版机厂林梅","绣花厂阿琳","2026-09-28 20:30","2026-10-01 20:30","2026-09-29 08:00","应加工3,000片 · 已完成3,000片 · 未完成0片"
"PO-202610-0099","交接单","标准待配置","已接收","模版机厂林梅","绣花厂阿琳","2026-09-29 08:10","待核实","2026-09-29 08:40","应交3,000片 · 实交3,000片 · 实收3,000片 · 数量差异0片"
"PO-202610-0099","绣花加工单","按期完成","加工完成","绣花厂阿琳","裁床刘军","2026-09-29 09:00","2026-10-02 09:00","2026-09-29 13:00","应加工3,000片 · 已完成3,000片 · 未完成0片"
"PO-202610-0099","交接单","标准待配置","已接收","绣花厂阿琳","裁床刘军","2026-09-29 13:10","待核实","2026-09-29 13:40","应交3,000片 · 实交3,000片 · 实收3,000片 · 数量差异0片"
"PO-202610-0099","后道加工单","标准待配置","加工完成","后道李梅","成衣仓周婷","2026-10-06 14:10","待核实","2026-10-06 15:40","应加工150件 · 已完成150件"
"PO-202610-0099","交接单","标准待配置","已交出待接收","后道李梅","成衣仓周婷","2026-10-06 16:00","待核实","待核实","应交150件 · 实交150件 · 实收待核实 · 数量差异待核实"
"PO-202610-0099","工厂产前版样衣","标准待配置","已交出 · 已通过","赵亮","技术张琳","2026-10-03 10:00","待核实","2026-10-03 10:30","数量1件样衣"
"PO-202610-0099","工厂产前版样衣","按期交出","已交出 · 已通过","赵亮","技术张琳","2026-10-01 10:00","2026-10-04（日内时刻待确认）","2026-10-03 10:00","1件样衣"
"PO-202610-0099","工厂产前版样衣","标准待配置","已交出 · 未通过","陈强","技术张琳","2026-10-06 10:00","待核实","2026-10-06 10:30","数量1件样衣"
"PO-202610-0099","工厂产前版样衣","逾期交出","已交出 · 未通过","陈强","技术张琳","2026-10-02 10:00","2026-10-05（日内时刻待确认）","2026-10-06 10:00","1件样衣"
"PO-202610-0099","A厂 SWT-A-01-0099 · 30%回货","按期达成","目标已达成","赵亮","李梅","2026-09-30 00:00","2026-10-04 23:59","2026-10-03 16:00","累计目标300件 · 后道实收900件 · 当前欠0件"
"PO-202610-0099","A厂 SWT-A-01-0099 · 70%回货","按期达成","目标已达成","赵亮","李梅","2026-09-30 00:00","2026-10-08 23:59","2026-10-06 14:00","累计目标700件 · 后道实收900件 · 当前欠0件"
"PO-202610-0099","A厂 SWT-A-01-0099 · 100%回货","尚未到期","累计实收900 / 目标1,000件","赵亮","李梅","2026-09-30 00:00","2026-10-09 23:59","待核实","累计目标1,000件 · 后道实收900件 · 距节点目标还差100件"
"PO-202610-0099","B厂 SWT-B-01-0099 · 30%回货","当前逾期","累计实收0 / 目标150件","陈强","李梅","2026-10-01 00:00","2026-10-04 23:59","待核实","累计目标150件 · 后道实收0件 · 当前欠150件"
"PO-202610-0099","B厂 SWT-B-01-0099 · 70%回货","尚未到期","累计实收0 / 目标350件","陈强","李梅","2026-10-01 00:00","2026-10-08 23:59","待核实","累计目标350件 · 后道实收0件 · 距节点目标还差350件"
"PO-202610-0099","B厂 SWT-B-01-0099 · 100%回货","尚未到期","累计实收0 / 目标500件","陈强","李梅","2026-10-01 00:00","2026-10-09 23:59","待核实","累计目标500件 · 后道实收0件 · 距节点目标还差500件"
"PO-202610-0100","生产准备单","按期完成","已关闭","技术张琳","跟单陈静","2026-09-20 09:00","2026-09-24 09:00","2026-09-24 09:00","数量1单"
"PO-202610-0100","调色任务（面料）","标准待配置","已完成","染厂阿迪","技术张琳","2026-09-21 09:00","待核实","2026-09-22 14:40","数量1色样"
"PO-202610-0100","调色任务（面料）","标准待配置","已完成","染厂阿迪","技术张琳","2026-09-22 15:00","待核实","2026-09-22 15:30","数量1色样"
"PO-202610-0100","调色任务（面料）","标准待配置","已完成","染厂阿迪","技术张琳","2026-09-21 09:00","待核实","2026-09-22 14:30","数量1色样"
"PO-202610-0100","调色任务（面料）","标准待配置","已完成","染厂阿迪","技术张琳","2026-09-22 15:00","待核实","2026-09-22 15:30","数量1色样"
"PO-202610-0100","花型任务","标准待配置","已完成","花型小雨","技术张琳／买手陈静","2026-09-21 10:00","待核实","2026-09-22 15:40","数量1套"
"PO-202610-0100","花型任务","标准待配置","已完成","花型小雨","技术张琳／买手陈静","2026-09-22 16:00","待核实","2026-09-22 16:20","数量1套"
"PO-202610-0100","花型任务","标准待配置","已完成","花型小雨","技术张琳／买手陈静","2026-09-21 10:00","待核实","2026-09-22 15:30","数量1套"
"PO-202610-0100","花型任务","标准待配置","已完成","花型小雨","技术张琳／买手陈静","2026-09-22 16:00","待核实","2026-09-22 16:20","数量1套"
"PO-202610-0100","首单样衣任务","标准待配置","已完成","制作Dewi","技术张琳","2026-09-21 09:00","待核实","2026-09-23 13:20","数量1件"
"PO-202610-0100","首单样衣任务","标准待配置","已完成","制作Dewi","技术张琳","2026-09-23 13:30","待核实","2026-09-23 14:00","数量1件"
"PO-202610-0100","梭织齐码纸样任务","标准待配置","已完成","版师梁敏","技术张琳","2026-09-21 09:00","待核实","2026-09-22 17:20","数量1套"
"PO-202610-0100","梭织齐码纸样任务","标准待配置","已完成","版师梁敏","技术张琳","2026-09-22 17:30","待核实","2026-09-22 18:00","数量1套"
"PO-202610-0100","原料调拨单","标准待配置","已接收","面料仓周婷","染色厂阿迪","2026-09-26 11:00","待核实","2026-09-26 12:00","应调600米 · 实出600米 · 实收600米 · 数量差异0米"
"PO-202610-0100","物料采购单","按期完成","已收齐入库","采购赵敏","面料仓周婷","2026-09-20 12:00","2026-09-28 12:00","2026-09-26 10:00","应采购900米 · 仓库实收900米"
"PO-202610-0100","原料调拨单","标准待配置","已接收","面料仓周婷","染色厂阿迪","2026-09-26 11:10","待核实","2026-09-26 12:10","应调900米 · 实出900米 · 实收900米 · 数量差异0米"
"PO-202610-0100","大货染色加工单","标准待配置","加工完成","染色厂阿迪","印花厂小雨","2026-09-26 13:00","待核实","2026-09-27 10:00","应加工1,500米 · 已完成1,500米"
"PO-202610-0100","交接单","标准待配置","已接收","染色厂阿迪","印花厂小雨","2026-09-27 10:10","待核实","2026-09-27 10:40","应交1,500米 · 实交1,500米 · 实收1,500米 · 数量差异0米"
"PO-202610-0100","大货印花加工单","标准待配置","加工完成","印花厂小雨","水洗厂林梅","2026-09-27 11:00","待核实","2026-09-28 10:00","应加工1,500米 · 已完成1,500米"
"PO-202610-0100","交接单","标准待配置","已接收","印花厂小雨","水洗厂林梅","2026-09-28 10:10","待核实","2026-09-28 10:40","应交1,500米 · 实交1,500米 · 实收1,500米 · 数量差异0米"
"PO-202610-0100","水洗加工单","标准待配置","加工完成","水洗厂林梅","裁床刘军","2026-09-28 11:00","待核实","2026-09-28 18:00","应加工1,500米 · 已完成1,500米"
"PO-202610-0100","交接单","标准待配置","已接收","水洗厂林梅","裁床刘军","2026-09-28 18:10","待核实","2026-09-28 18:40","应交1,500米 · 实交1,500米 · 实收1,500米 · 数量差异0米"
"PO-202610-0100","原料调拨单","标准待配置","已接收","面料仓周婷","染色厂阿迪","2026-09-23 09:30","待核实","2026-09-23 10:00","应调150米 · 实出150米 · 实收150米 · 数量差异0米"
"PO-202610-0100","大货染色加工单","标准待配置","加工完成","染色厂阿迪","裁床刘军","2026-09-24 10:00","待核实","2026-09-25 16:00","应加工150米 · 已完成150米"
"PO-202610-0100","交接单","标准待配置","已接收","染色厂阿迪","裁床刘军","2026-09-25 16:10","待核实","2026-09-25 16:40","应交150米 · 实交150米 · 实收150米 · 数量差异0米"
"PO-202610-0100","原料调拨单","标准待配置","已接收","辅料仓周婷","裁床配料林芳","2026-09-20 15:30","待核实","2026-09-20 16:00","应调9,000粒 · 实出9,000粒 · 实收9,000粒 · 数量差异0粒"
"PO-202610-0100","物料采购单","按期完成","已收齐入库","采购赵敏","辅料仓周婷","2026-09-20 14:00","2026-09-28 14:00","2026-09-25 11:00","应采购300米 · 仓库实收300米"
"PO-202610-0100","原料调拨单","标准待配置","已接收","辅料仓周婷","裁床配料林芳","2026-09-25 11:10","待核实","2026-09-25 12:10","应调300米 · 实出300米 · 实收300米 · 数量差异0米"
"PO-202610-0100","原料调拨单","标准待配置","已接收","辅料仓周婷","裁床配料林芳","2026-09-27 15:30","待核实","2026-09-27 16:00","应调500个 · 实出500个 · 实收500个 · 数量差异0个"
"PO-202610-0100","物料采购单","按期完成","已收齐入库","采购赵敏","辅料仓周婷","2026-09-20 15:00","2026-09-28 15:00","2026-09-27 15:00","应采购1,000个 · 仓库实收1,000个"
"PO-202610-0100","原料调拨单","标准待配置","已接收","辅料仓周婷","裁床配料林芳","2026-09-27 15:10","待核实","2026-09-27 16:10","应调1,000个 · 实出1,000个 · 实收1,000个 · 数量差异0个"
"PO-202610-0100","交接单","标准待配置","已接收","裁床刘军","绣花厂阿琳","2026-09-28 20:05","待核实","2026-09-28 20:20","应交1,500片 · 实交1,500片 · 实收1,500片 · 数量差异0片"
"PO-202610-0100","绣花加工单","按期完成","加工完成","绣花厂阿琳","打揽厂阿迪","2026-09-28 20:30","2026-10-01 20:30","2026-09-29 06:00","应加工1,500片 · 已完成1,500片 · 未完成0片"
"PO-202610-0100","交接单","标准待配置","已接收","绣花厂阿琳","打揽厂阿迪","2026-09-29 06:10","待核实","2026-09-29 06:40","应交1,500片 · 实交1,500片 · 实收1,500片 · 数量差异0片"
"PO-202610-0100","打揽加工单","按期完成","加工完成","打揽厂阿迪","裁床刘军","2026-09-29 07:00","2026-10-02 07:00","2026-09-29 12:00","应加工1,500片 · 已完成1,500片 · 未完成0片"
"PO-202610-0100","交接单","标准待配置","已接收","打揽厂阿迪","裁床刘军","2026-09-29 12:10","待核实","2026-09-29 12:40","应交1,500片 · 实交1,500片 · 实收1,500片 · 数量差异0片"
"PO-202610-0100","交接单","标准待配置","已接收","裁床刘军","绣花厂阿琳","2026-09-28 20:05","待核实","2026-09-28 20:20","应交1,500片 · 实交1,500片 · 实收1,500片 · 数量差异0片"
"PO-202610-0100","绣花加工单","按期完成","加工完成","绣花厂阿琳","裁床刘军","2026-09-28 20:30","2026-10-01 20:30","2026-09-29 09:00","应加工1,500片 · 已完成1,500片 · 未完成0片"
"PO-202610-0100","交接单","标准待配置","已接收","绣花厂阿琳","裁床刘军","2026-09-29 09:10","待核实","2026-09-29 09:40","应交1,500片 · 实交1,500片 · 实收1,500片 · 数量差异0片"
"PO-202610-0100","交接单","标准待配置","已接收","裁床刘军","模版机厂林梅","2026-09-28 20:05","待核实","2026-09-28 20:20","应交3,000片 · 实交3,000片 · 实收3,000片 · 数量差异0片"
"PO-202610-0100","模版机加工单","按期完成","加工完成","模版机厂林梅","绣花厂阿琳","2026-09-28 20:30","2026-10-01 20:30","2026-09-29 08:00","应加工3,000片 · 已完成3,000片 · 未完成0片"
"PO-202610-0100","交接单","标准待配置","已接收","模版机厂林梅","绣花厂阿琳","2026-09-29 08:10","待核实","2026-09-29 08:40","应交3,000片 · 实交3,000片 · 实收3,000片 · 数量差异0片"
"PO-202610-0100","绣花加工单","按期完成","加工完成","绣花厂阿琳","裁床刘军","2026-09-29 09:00","2026-10-02 09:00","2026-09-29 13:00","应加工3,000片 · 已完成3,000片 · 未完成0片"
"PO-202610-0100","交接单","标准待配置","已接收","绣花厂阿琳","裁床刘军","2026-09-29 13:10","待核实","2026-09-29 13:40","应交3,000片 · 实交3,000片 · 实收3,000片 · 数量差异0片"
"PO-202610-0100","后道加工单","标准待配置","加工完成","后道李梅","成衣仓周婷","2026-10-06 14:10","待核实","2026-10-06 15:40","应加工150件 · 已完成150件"
"PO-202610-0100","交接单","标准待配置","已交出待接收","后道李梅","成衣仓周婷","2026-10-06 16:00","待核实","待核实","应交150件 · 实交150件 · 实收待核实 · 数量差异待核实"
"PO-202610-0100","工厂产前版样衣","标准待配置","已交出 · 已通过","赵亮","技术张琳","2026-10-03 10:00","待核实","2026-10-03 10:30","数量1件样衣"
"PO-202610-0100","工厂产前版样衣","按期交出","已交出 · 已通过","赵亮","技术张琳","2026-10-01 10:00","2026-10-04（日内时刻待确认）","2026-10-03 10:00","1件样衣"
"PO-202610-0100","工厂产前版样衣","当前逾期","尚未交出","陈强","技术张琳","2026-10-02 10:00","2026-10-05（日内时刻待确认）","待核实","1件样衣"
"PO-202610-0100","A厂 SWT-A-01-0100 · 30%回货","按期达成","目标已达成","赵亮","李梅","2026-09-30 00:00","2026-10-04 23:59","2026-10-03 16:00","累计目标300件 · 后道实收900件 · 当前欠0件"
"PO-202610-0100","A厂 SWT-A-01-0100 · 70%回货","按期达成","目标已达成","赵亮","李梅","2026-09-30 00:00","2026-10-08 23:59","2026-10-06 14:00","累计目标700件 · 后道实收900件 · 当前欠0件"
"PO-202610-0100","A厂 SWT-A-01-0100 · 100%回货","尚未到期","累计实收900 / 目标1,000件","赵亮","李梅","2026-09-30 00:00","2026-10-09 23:59","待核实","累计目标1,000件 · 后道实收900件 · 距节点目标还差100件"
"PO-202610-0100","B厂 SWT-B-01-0100 · 30%回货","当前逾期","累计实收0 / 目标150件","陈强","李梅","2026-10-01 00:00","2026-10-04 23:59","待核实","累计目标150件 · 后道实收0件 · 当前欠150件"
"PO-202610-0100","B厂 SWT-B-01-0100 · 70%回货","尚未到期","累计实收0 / 目标350件","陈强","李梅","2026-10-01 00:00","2026-10-08 23:59","待核实","累计目标350件 · 后道实收0件 · 距节点目标还差350件"
"PO-202610-0100","B厂 SWT-B-01-0100 · 100%回货","尚未到期","累计实收0 / 目标500件","陈强","李梅","2026-10-01 00:00","2026-10-09 23:59","待核实","累计目标500件 · 后道实收0件 · 距节点目标还差500件"
"PO-202610-0101","生产准备单","按期完成","已关闭","技术张琳","跟单陈静","2026-09-20 09:00","2026-09-24 09:00","2026-09-24 09:00","数量1单"
"PO-202610-0101","调色任务（面料）","标准待配置","已完成","染厂阿迪","技术张琳","2026-09-21 09:00","待核实","2026-09-22 14:40","数量1色样"
"PO-202610-0101","调色任务（面料）","标准待配置","已完成","染厂阿迪","技术张琳","2026-09-22 15:00","待核实","2026-09-22 15:30","数量1色样"
"PO-202610-0101","调色任务（面料）","标准待配置","已完成","染厂阿迪","技术张琳","2026-09-21 09:00","待核实","2026-09-22 14:30","数量1色样"
"PO-202610-0101","调色任务（面料）","标准待配置","已完成","染厂阿迪","技术张琳","2026-09-22 15:00","待核实","2026-09-22 15:30","数量1色样"
"PO-202610-0101","花型任务","标准待配置","已完成","花型小雨","技术张琳／买手陈静","2026-09-21 10:00","待核实","2026-09-22 15:40","数量1套"
"PO-202610-0101","花型任务","标准待配置","已完成","花型小雨","技术张琳／买手陈静","2026-09-22 16:00","待核实","2026-09-22 16:20","数量1套"
"PO-202610-0101","花型任务","标准待配置","已完成","花型小雨","技术张琳／买手陈静","2026-09-21 10:00","待核实","2026-09-22 15:30","数量1套"
"PO-202610-0101","花型任务","标准待配置","已完成","花型小雨","技术张琳／买手陈静","2026-09-22 16:00","待核实","2026-09-22 16:20","数量1套"
"PO-202610-0101","首单样衣任务","标准待配置","已完成","制作Dewi","技术张琳","2026-09-21 09:00","待核实","2026-09-23 13:20","数量1件"
"PO-202610-0101","首单样衣任务","标准待配置","已完成","制作Dewi","技术张琳","2026-09-23 13:30","待核实","2026-09-23 14:00","数量1件"
"PO-202610-0101","梭织齐码纸样任务","标准待配置","已完成","版师梁敏","技术张琳","2026-09-21 09:00","待核实","2026-09-22 17:20","数量1套"
"PO-202610-0101","梭织齐码纸样任务","标准待配置","已完成","版师梁敏","技术张琳","2026-09-22 17:30","待核实","2026-09-22 18:00","数量1套"
"PO-202610-0101","原料调拨单","标准待配置","已接收","面料仓周婷","染色厂阿迪","2026-09-26 11:00","待核实","2026-09-26 12:00","应调600米 · 实出600米 · 实收600米 · 数量差异0米"
"PO-202610-0101","物料采购单","按期完成","已收齐入库","采购赵敏","面料仓周婷","2026-09-20 12:00","2026-09-28 12:00","2026-09-26 10:00","应采购900米 · 仓库实收900米"
"PO-202610-0101","原料调拨单","标准待配置","已接收","面料仓周婷","染色厂阿迪","2026-09-26 11:10","待核实","2026-09-26 12:10","应调900米 · 实出900米 · 实收900米 · 数量差异0米"
"PO-202610-0101","大货染色加工单","标准待配置","加工完成","染色厂阿迪","印花厂小雨","2026-09-26 13:00","待核实","2026-09-27 10:00","应加工1,500米 · 已完成1,500米"
"PO-202610-0101","交接单","标准待配置","已接收","染色厂阿迪","印花厂小雨","2026-09-27 10:10","待核实","2026-09-27 10:40","应交1,500米 · 实交1,500米 · 实收1,500米 · 数量差异0米"
"PO-202610-0101","大货印花加工单","标准待配置","加工完成","印花厂小雨","水洗厂林梅","2026-09-27 11:00","待核实","2026-09-28 10:00","应加工1,500米 · 已完成1,500米"
"PO-202610-0101","交接单","标准待配置","已接收","印花厂小雨","水洗厂林梅","2026-09-28 10:10","待核实","2026-09-28 10:40","应交1,500米 · 实交1,500米 · 实收1,500米 · 数量差异0米"
"PO-202610-0101","水洗加工单","标准待配置","加工完成","水洗厂林梅","裁床刘军","2026-09-28 11:00","待核实","2026-09-28 18:00","应加工1,500米 · 已完成1,500米"
"PO-202610-0101","交接单","标准待配置","已接收","水洗厂林梅","裁床刘军","2026-09-28 18:10","待核实","2026-09-28 18:40","应交1,500米 · 实交1,500米 · 实收1,500米 · 数量差异0米"
"PO-202610-0101","原料调拨单","标准待配置","已接收","面料仓周婷","染色厂阿迪","2026-09-23 09:30","待核实","2026-09-23 10:00","应调150米 · 实出150米 · 实收150米 · 数量差异0米"
"PO-202610-0101","大货染色加工单","标准待配置","加工完成","染色厂阿迪","裁床刘军","2026-09-24 10:00","待核实","2026-09-25 16:00","应加工150米 · 已完成150米"
"PO-202610-0101","交接单","标准待配置","已接收","染色厂阿迪","裁床刘军","2026-09-25 16:10","待核实","2026-09-25 16:40","应交150米 · 实交150米 · 实收150米 · 数量差异0米"
"PO-202610-0101","原料调拨单","标准待配置","已接收","辅料仓周婷","裁床配料林芳","2026-09-20 15:30","待核实","2026-09-20 16:00","应调9,000粒 · 实出9,000粒 · 实收9,000粒 · 数量差异0粒"
"PO-202610-0101","物料采购单","按期完成","已收齐入库","采购赵敏","辅料仓周婷","2026-09-20 14:00","2026-09-28 14:00","2026-09-25 11:00","应采购300米 · 仓库实收300米"
"PO-202610-0101","原料调拨单","标准待配置","已接收","辅料仓周婷","裁床配料林芳","2026-09-25 11:10","待核实","2026-09-25 12:10","应调300米 · 实出300米 · 实收300米 · 数量差异0米"
"PO-202610-0101","原料调拨单","标准待配置","已接收","辅料仓周婷","裁床配料林芳","2026-09-27 15:30","待核实","2026-09-27 16:00","应调500个 · 实出500个 · 实收500个 · 数量差异0个"
"PO-202610-0101","物料采购单","按期完成","已收齐入库","采购赵敏","辅料仓周婷","2026-09-20 15:00","2026-09-28 15:00","2026-09-27 15:00","应采购1,000个 · 仓库实收1,000个"
"PO-202610-0101","原料调拨单","标准待配置","已接收","辅料仓周婷","裁床配料林芳","2026-09-27 15:10","待核实","2026-09-27 16:10","应调1,000个 · 实出1,000个 · 实收1,000个 · 数量差异0个"
"PO-202610-0101","交接单","标准待配置","已接收","裁床刘军","绣花厂阿琳","2026-09-28 20:05","待核实","2026-09-28 20:20","应交1,500片 · 实交1,500片 · 实收1,500片 · 数量差异0片"
"PO-202610-0101","绣花加工单","按期完成","加工完成","绣花厂阿琳","打揽厂阿迪","2026-09-28 20:30","2026-10-01 20:30","2026-09-29 06:00","应加工1,500片 · 已完成1,500片 · 未完成0片"
"PO-202610-0101","交接单","标准待配置","已接收","绣花厂阿琳","打揽厂阿迪","2026-09-29 06:10","待核实","2026-09-29 06:40","应交1,500片 · 实交1,500片 · 实收1,500片 · 数量差异0片"
"PO-202610-0101","打揽加工单","按期完成","加工完成","打揽厂阿迪","裁床刘军","2026-09-29 07:00","2026-10-02 07:00","2026-09-29 12:00","应加工1,500片 · 已完成1,500片 · 未完成0片"
"PO-202610-0101","交接单","标准待配置","已接收","打揽厂阿迪","裁床刘军","2026-09-29 12:10","待核实","2026-09-29 12:40","应交1,500片 · 实交1,500片 · 实收1,500片 · 数量差异0片"
"PO-202610-0101","交接单","标准待配置","已接收","裁床刘军","绣花厂阿琳","2026-09-28 20:05","待核实","2026-09-28 20:20","应交1,500片 · 实交1,500片 · 实收1,500片 · 数量差异0片"
"PO-202610-0101","绣花加工单","按期完成","加工完成","绣花厂阿琳","裁床刘军","2026-09-28 20:30","2026-10-01 20:30","2026-09-29 09:00","应加工1,500片 · 已完成1,500片 · 未完成0片"
"PO-202610-0101","交接单","标准待配置","已接收","绣花厂阿琳","裁床刘军","2026-09-29 09:10","待核实","2026-09-29 09:40","应交1,500片 · 实交1,500片 · 实收1,500片 · 数量差异0片"
"PO-202610-0101","交接单","标准待配置","已接收","裁床刘军","模版机厂林梅","2026-09-28 20:05","待核实","2026-09-28 20:20","应交3,000片 · 实交3,000片 · 实收3,000片 · 数量差异0片"
"PO-202610-0101","模版机加工单","按期完成","加工完成","模版机厂林梅","绣花厂阿琳","2026-09-28 20:30","2026-10-01 20:30","2026-09-29 08:00","应加工3,000片 · 已完成3,000片 · 未完成0片"
"PO-202610-0101","交接单","标准待配置","已接收","模版机厂林梅","绣花厂阿琳","2026-09-29 08:10","待核实","2026-09-29 08:40","应交3,000片 · 实交3,000片 · 实收3,000片 · 数量差异0片"
"PO-202610-0101","绣花加工单","按期完成","加工完成","绣花厂阿琳","裁床刘军","2026-09-29 09:00","2026-10-02 09:00","2026-09-29 13:00","应加工3,000片 · 已完成3,000片 · 未完成0片"
"PO-202610-0101","交接单","标准待配置","已接收","绣花厂阿琳","裁床刘军","2026-09-29 13:10","待核实","2026-09-29 13:40","应交3,000片 · 实交3,000片 · 实收3,000片 · 数量差异0片"
"PO-202610-0101","后道加工单","标准待配置","加工完成","后道李梅","成衣仓周婷","2026-10-06 14:10","待核实","2026-10-06 15:40","应加工150件 · 已完成150件"
"PO-202610-0101","交接单","标准待配置","已交出待接收","后道李梅","成衣仓周婷","2026-10-06 16:00","待核实","待核实","应交150件 · 实交150件 · 实收待核实 · 数量差异待核实"
"PO-202610-0101","工厂产前版样衣","标准待配置","已交出 · 已通过","赵亮","技术张琳","2026-10-02 10:00","待核实","2026-10-02 10:30","数量1件样衣"
"PO-202610-0101","工厂产前版样衣","按期交出","已交出 · 已通过","赵亮","技术张琳","2026-09-30 10:00","2026-10-03（日内时刻待确认）","2026-10-02 10:00","1件样衣"
"PO-202610-0101","工厂产前版样衣","标准待配置","已交出 · 已通过","陈强","技术张琳","2026-10-03 10:00","待核实","2026-10-03 10:30","数量1件样衣"
"PO-202610-0101","工厂产前版样衣","按期交出","已交出 · 已通过","陈强","技术张琳","2026-10-01 10:00","2026-10-04（日内时刻待确认）","2026-10-03 10:00","1件样衣"
"PO-202610-0101","工厂产前版样衣","标准待配置","已交出 · 已通过","陈强","技术张琳","2026-10-05 10:00","待核实","2026-10-05 10:30","数量1件样衣"
"PO-202610-0101","工厂产前版样衣","按期交出","已交出 · 已通过","陈强","技术张琳","2026-10-03 10:00","2026-10-06（日内时刻待确认）","2026-10-05 10:00","1件样衣"
"PO-202610-0101","A厂 SWT-A-01-0101 · 30%回货","按期达成","目标已达成","赵亮","李梅","2026-09-30 00:00","2026-10-04 23:59","2026-10-03 16:00","累计目标240件 · 后道实收720件 · 当前欠0件"
"PO-202610-0101","A厂 SWT-A-01-0101 · 70%回货","按期达成","目标已达成","赵亮","李梅","2026-09-30 00:00","2026-10-08 23:59","2026-10-06 14:00","累计目标560件 · 后道实收720件 · 当前欠0件"
"PO-202610-0101","A厂 SWT-A-01-0101 · 100%回货","尚未到期","累计实收720 / 目标800件","赵亮","李梅","2026-09-30 00:00","2026-10-09 23:59","待核实","累计目标800件 · 后道实收720件 · 距节点目标还差80件"
"PO-202610-0101","B厂 SWT-B-01-0101 · 30%回货","当前逾期","累计实收0 / 目标150件","陈强","李梅","2026-10-01 00:00","2026-10-06 23:59","待核实","累计目标150件 · 后道实收0件 · 当前欠150件"
"PO-202610-0101","B厂 SWT-B-01-0101 · 70%回货","尚未到期","累计实收0 / 目标350件","陈强","李梅","2026-10-01 00:00","2026-10-09 23:59","待核实","累计目标350件 · 后道实收0件 · 距节点目标还差350件"
"PO-202610-0101","B厂 SWT-B-01-0101 · 100%回货","尚未到期","累计实收0 / 目标500件","陈强","李梅","2026-10-01 00:00","2026-10-12 23:59","待核实","累计目标500件 · 后道实收0件 · 距节点目标还差500件"
"PO-202610-0101","B厂 SWT-C-01-0101 · 30%回货","按期达成","目标已达成","陈强","李梅","2026-10-03 00:00","2026-10-06 23:59","2026-10-06 15:00","累计目标60件 · 后道实收60件 · 当前欠0件"
"PO-202610-0101","B厂 SWT-C-01-0101 · 70%回货","尚未到期","累计实收60 / 目标140件","陈强","李梅","2026-10-03 00:00","2026-10-10 23:59","待核实","累计目标140件 · 后道实收60件 · 距节点目标还差80件"
"PO-202610-0101","B厂 SWT-C-01-0101 · 100%回货","尚未到期","累计实收60 / 目标200件","陈强","李梅","2026-10-03 00:00","2026-10-11 23:59","待核实","累计目标200件 · 后道实收60件 · 距节点目标还差140件"
"PO-202610-0102","生产准备单","按期完成","已关闭","技术张琳","跟单陈静","2026-09-20 09:00","2026-09-24 09:00","2026-09-24 09:00","数量1单"
"PO-202610-0102","调色任务（面料）","标准待配置","已完成","染厂阿迪","技术张琳","2026-09-21 09:00","待核实","2026-09-22 14:40","数量1色样"
"PO-202610-0102","调色任务（面料）","标准待配置","已完成","染厂阿迪","技术张琳","2026-09-22 15:00","待核实","2026-09-22 15:30","数量1色样"
"PO-202610-0102","调色任务（面料）","标准待配置","已完成","染厂阿迪","技术张琳","2026-09-21 09:00","待核实","2026-09-22 14:30","数量1色样"
"PO-202610-0102","调色任务（面料）","标准待配置","已完成","染厂阿迪","技术张琳","2026-09-22 15:00","待核实","2026-09-22 15:30","数量1色样"
"PO-202610-0102","花型任务","标准待配置","已完成","花型小雨","技术张琳／买手陈静","2026-09-21 10:00","待核实","2026-09-22 15:40","数量1套"
"PO-202610-0102","花型任务","标准待配置","已完成","花型小雨","技术张琳／买手陈静","2026-09-22 16:00","待核实","2026-09-22 16:20","数量1套"
"PO-202610-0102","花型任务","标准待配置","已完成","花型小雨","技术张琳／买手陈静","2026-09-21 10:00","待核实","2026-09-22 15:30","数量1套"
"PO-202610-0102","花型任务","标准待配置","已完成","花型小雨","技术张琳／买手陈静","2026-09-22 16:00","待核实","2026-09-22 16:20","数量1套"
"PO-202610-0102","首单样衣任务","标准待配置","已完成","制作Dewi","技术张琳","2026-09-21 09:00","待核实","2026-09-23 13:20","数量1件"
"PO-202610-0102","首单样衣任务","标准待配置","已完成","制作Dewi","技术张琳","2026-09-23 13:30","待核实","2026-09-23 14:00","数量1件"
"PO-202610-0102","梭织齐码纸样任务","标准待配置","已完成","版师梁敏","技术张琳","2026-09-21 09:00","待核实","2026-09-22 17:20","数量1套"
"PO-202610-0102","梭织齐码纸样任务","标准待配置","已完成","版师梁敏","技术张琳","2026-09-22 17:30","待核实","2026-09-22 18:00","数量1套"
"PO-202610-0102","原料调拨单","标准待配置","已接收","面料仓周婷","染色厂阿迪","2026-09-24 09:00","待核实","2026-09-24 09:30","应调600米 · 实出600米 · 实收600米 · 数量差异0米"
"PO-202610-0102","物料采购单","逾期完成","已收齐入库","采购赵敏","面料仓周婷","2026-09-20 12:00","2026-09-28 12:00","2026-09-30 12:00","应采购900米 · 仓库实收900米"
"PO-202610-0102","原料调拨单","标准待配置","已接收","面料仓周婷","染色厂阿迪","2026-09-30 13:10","待核实","2026-09-30 14:10","应调900米 · 实出900米 · 实收900米 · 数量差异0米"
"PO-202610-0102","原料调拨单","标准待配置","已接收","面料仓周婷","染色厂阿迪","2026-09-23 09:30","待核实","2026-09-23 10:00","应调150米 · 实出150米 · 实收150米 · 数量差异0米"
"PO-202610-0102","大货染色加工单","标准待配置","加工完成","染色厂阿迪","裁床刘军","2026-09-24 10:00","待核实","2026-09-25 16:00","应加工150米 · 已完成150米"
"PO-202610-0102","交接单","标准待配置","已接收","染色厂阿迪","裁床刘军","2026-09-25 16:10","待核实","2026-09-25 16:40","应交150米 · 实交150米 · 实收150米 · 数量差异0米"
"PO-202610-0102","原料调拨单","标准待配置","已接收","辅料仓周婷","裁床配料林芳","2026-09-20 15:30","待核实","2026-09-20 16:00","应调9,000粒 · 实出9,000粒 · 实收9,000粒 · 数量差异0粒"
"PO-202610-0102","物料采购单","按期完成","已收齐入库","采购赵敏","辅料仓周婷","2026-09-20 14:00","2026-09-28 14:00","2026-09-25 11:00","应采购300米 · 仓库实收300米"
"PO-202610-0102","原料调拨单","标准待配置","已接收","辅料仓周婷","裁床配料林芳","2026-09-25 11:10","待核实","2026-09-25 12:10","应调300米 · 实出300米 · 实收300米 · 数量差异0米"
"PO-202610-0102","原料调拨单","标准待配置","已接收","辅料仓周婷","裁床配料林芳","2026-09-27 15:30","待核实","2026-09-27 16:00","应调500个 · 实出500个 · 实收500个 · 数量差异0个"
"PO-202610-0102","物料采购单","按期完成","已收齐入库","采购赵敏","辅料仓周婷","2026-09-20 15:00","2026-09-28 15:00","2026-09-27 15:00","应采购1,000个 · 仓库实收1,000个"
"PO-202610-0102","原料调拨单","标准待配置","已接收","辅料仓周婷","裁床配料林芳","2026-09-27 15:10","待核实","2026-09-27 16:10","应调1,000个 · 实出1,000个 · 实收1,000个 · 数量差异0个"
"PO-202610-0102","交接单","标准待配置","已接收","裁床刘军","绣花厂阿琳","2026-09-28 20:05","待核实","2026-09-28 20:20","应交1,500片 · 实交1,500片 · 实收1,500片 · 数量差异0片"
"PO-202610-0102","绣花加工单","按期完成","加工完成","绣花厂阿琳","打揽厂阿迪","2026-09-28 20:30","2026-10-01 20:30","2026-09-29 06:00","应加工1,500片 · 已完成1,500片 · 未完成0片"
"PO-202610-0102","交接单","标准待配置","已接收","绣花厂阿琳","打揽厂阿迪","2026-09-29 06:10","待核实","2026-09-29 06:40","应交1,500片 · 实交1,500片 · 实收1,500片 · 数量差异0片"
"PO-202610-0102","打揽加工单","按期完成","加工完成","打揽厂阿迪","裁床刘军","2026-09-29 07:00","2026-10-02 07:00","2026-09-29 12:00","应加工1,500片 · 已完成1,500片 · 未完成0片"
"PO-202610-0102","交接单","标准待配置","已接收","打揽厂阿迪","裁床刘军","2026-09-29 12:10","待核实","2026-09-29 12:40","应交1,500片 · 实交1,500片 · 实收1,500片 · 数量差异0片"
"PO-202610-0102","交接单","标准待配置","已接收","裁床刘军","绣花厂阿琳","2026-09-28 20:05","待核实","2026-09-28 20:20","应交1,500片 · 实交1,500片 · 实收1,500片 · 数量差异0片"
"PO-202610-0102","绣花加工单","按期完成","加工完成","绣花厂阿琳","裁床刘军","2026-09-28 20:30","2026-10-01 20:30","2026-09-29 09:00","应加工1,500片 · 已完成1,500片 · 未完成0片"
"PO-202610-0102","交接单","标准待配置","已接收","绣花厂阿琳","裁床刘军","2026-09-29 09:10","待核实","2026-09-29 09:40","应交1,500片 · 实交1,500片 · 实收1,500片 · 数量差异0片"
"PO-202610-0102","交接单","标准待配置","已接收","裁床刘军","模版机厂林梅","2026-09-28 20:05","待核实","2026-09-28 20:20","应交3,000片 · 实交3,000片 · 实收3,000片 · 数量差异0片"
"PO-202610-0102","模版机加工单","按期完成","加工完成","模版机厂林梅","绣花厂阿琳","2026-09-28 20:30","2026-10-01 20:30","2026-09-29 08:00","应加工3,000片 · 已完成3,000片 · 未完成0片"
"PO-202610-0102","交接单","标准待配置","已接收","模版机厂林梅","绣花厂阿琳","2026-09-29 08:10","待核实","2026-09-29 08:40","应交3,000片 · 实交3,000片 · 实收3,000片 · 数量差异0片"
"PO-202610-0102","绣花加工单","按期完成","加工完成","绣花厂阿琳","裁床刘军","2026-09-29 09:00","2026-10-02 09:00","2026-09-29 13:00","应加工3,000片 · 已完成3,000片 · 未完成0片"
"PO-202610-0102","交接单","标准待配置","已接收","绣花厂阿琳","裁床刘军","2026-09-29 13:10","待核实","2026-09-29 13:40","应交3,000片 · 实交3,000片 · 实收3,000片 · 数量差异0片"
"PO-202610-0102","大货染色加工单","标准待配置","加工完成","染色厂阿迪","印花厂小雨","2026-09-24 10:00","待核实","2026-09-25 06:00","应加工600米 · 已完成600米"
"PO-202610-0102","交接单","标准待配置","已接收","染色厂阿迪","印花厂小雨","2026-09-25 06:10","待核实","2026-09-25 06:40","应交600米 · 实交600米 · 实收600米 · 数量差异0米"
"PO-202610-0102","大货印花加工单","标准待配置","加工完成","印花厂小雨","水洗厂林梅","2026-09-25 10:00","待核实","2026-09-26 06:00","应加工600米 · 已完成600米"
"PO-202610-0102","交接单","标准待配置","已接收","印花厂小雨","水洗厂林梅","2026-09-26 06:10","待核实","2026-09-26 06:40","应交600米 · 实交600米 · 实收600米 · 数量差异0米"
"PO-202610-0102","水洗加工单","标准待配置","加工完成","水洗厂林梅","裁床刘军","2026-09-26 10:00","待核实","2026-09-27 06:00","应加工600米 · 已完成600米"
"PO-202610-0102","交接单","标准待配置","已接收","水洗厂林梅","裁床刘军","2026-09-27 06:10","待核实","2026-09-27 06:40","应交600米 · 实交600米 · 实收600米 · 数量差异0米"
"PO-202610-0102","大货染色加工单","标准待配置","加工完成","染色厂阿迪","印花厂小雨","2026-10-01 09:00","待核实","2026-10-02 05:00","应加工900米 · 已完成900米"
"PO-202610-0102","交接单","标准待配置","已接收","染色厂阿迪","印花厂小雨","2026-10-02 05:10","待核实","2026-10-02 05:40","应交900米 · 实交900米 · 实收900米 · 数量差异0米"
"PO-202610-0102","大货印花加工单","标准待配置","加工完成","印花厂小雨","水洗厂林梅","2026-10-02 09:00","待核实","2026-10-03 05:00","应加工900米 · 已完成900米"
"PO-202610-0102","交接单","标准待配置","已接收","印花厂小雨","水洗厂林梅","2026-10-03 05:10","待核实","2026-10-03 05:40","应交900米 · 实交900米 · 实收900米 · 数量差异0米"
"PO-202610-0102","水洗加工单","标准待配置","加工完成","水洗厂林梅","裁床刘军","2026-10-03 09:00","待核实","2026-10-04 05:00","应加工900米 · 已完成900米"
"PO-202610-0102","交接单","标准待配置","已接收","水洗厂林梅","裁床刘军","2026-10-04 05:10","待核实","2026-10-04 05:40","应交900米 · 实交900米 · 实收900米 · 数量差异0米"
"PO-202610-0103","生产准备单","按期完成","已关闭","技术张琳","跟单陈静","2026-09-20 09:00","2026-09-24 09:00","2026-09-24 09:00","数量1单"
"PO-202610-0103","调色任务（面料）","标准待配置","已完成","染厂阿迪","技术张琳","2026-09-21 09:00","待核实","2026-09-22 14:40","数量1色样"
"PO-202610-0103","调色任务（面料）","标准待配置","已完成","染厂阿迪","技术张琳","2026-09-22 15:00","待核实","2026-09-22 15:30","数量1色样"
"PO-202610-0103","调色任务（面料）","标准待配置","已完成","染厂阿迪","技术张琳","2026-09-21 09:00","待核实","2026-09-22 14:30","数量1色样"
"PO-202610-0103","调色任务（面料）","标准待配置","已完成","染厂阿迪","技术张琳","2026-09-22 15:00","待核实","2026-09-22 15:30","数量1色样"
"PO-202610-0103","花型任务","标准待配置","已完成","花型小雨","技术张琳／买手陈静","2026-09-21 10:00","待核实","2026-09-22 15:40","数量1套"
"PO-202610-0103","花型任务","标准待配置","已完成","花型小雨","技术张琳／买手陈静","2026-09-22 16:00","待核实","2026-09-22 16:20","数量1套"
"PO-202610-0103","花型任务","标准待配置","已完成","花型小雨","技术张琳／买手陈静","2026-09-21 10:00","待核实","2026-09-22 15:30","数量1套"
"PO-202610-0103","花型任务","标准待配置","已完成","花型小雨","技术张琳／买手陈静","2026-09-22 16:00","待核实","2026-09-22 16:20","数量1套"
"PO-202610-0103","首单样衣任务","标准待配置","已完成","制作Dewi","技术张琳","2026-09-21 09:00","待核实","2026-09-23 13:20","数量1件"
"PO-202610-0103","首单样衣任务","标准待配置","已完成","制作Dewi","技术张琳","2026-09-23 13:30","待核实","2026-09-23 14:00","数量1件"
"PO-202610-0103","梭织齐码纸样任务","标准待配置","已完成","版师梁敏","技术张琳","2026-09-21 09:00","待核实","2026-09-22 17:20","数量1套"
"PO-202610-0103","梭织齐码纸样任务","标准待配置","已完成","版师梁敏","技术张琳","2026-09-22 17:30","待核实","2026-09-22 18:00","数量1套"
"PO-202610-0103","原料调拨单","标准待配置","已接收","面料仓周婷","染色厂阿迪","2026-09-26 11:00","待核实","2026-09-26 12:00","应调600米 · 实出600米 · 实收600米 · 数量差异0米"
"PO-202610-0103","物料采购单","当前逾期","采购中","采购赵敏","面料仓周婷","2026-09-20 12:00","2026-09-28 12:00","待核实","应采购900米 · 仓库实收待核实"
"PO-202610-0103","原料调拨单","标准待配置","已接收","面料仓周婷","染色厂阿迪","2026-09-23 09:30","待核实","2026-09-23 10:00","应调150米 · 实出150米 · 实收150米 · 数量差异0米"
"PO-202610-0103","大货染色加工单","标准待配置","加工完成","染色厂阿迪","裁床刘军","2026-09-24 10:00","待核实","2026-09-25 16:00","应加工150米 · 已完成150米"
"PO-202610-0103","交接单","标准待配置","已接收","染色厂阿迪","裁床刘军","2026-09-25 16:10","待核实","2026-09-25 16:40","应交150米 · 实交150米 · 实收150米 · 数量差异0米"
"PO-202610-0103","原料调拨单","标准待配置","已接收","辅料仓周婷","裁床配料林芳","2026-09-20 15:30","待核实","2026-09-20 16:00","应调9,000粒 · 实出9,000粒 · 实收9,000粒 · 数量差异0粒"
"PO-202610-0103","物料采购单","按期完成","已收齐入库","采购赵敏","辅料仓周婷","2026-09-20 14:00","2026-09-28 14:00","2026-09-25 11:00","应采购300米 · 仓库实收300米"
"PO-202610-0103","原料调拨单","标准待配置","已接收","辅料仓周婷","裁床配料林芳","2026-09-25 11:10","待核实","2026-09-25 12:10","应调300米 · 实出300米 · 实收300米 · 数量差异0米"
"PO-202610-0103","原料调拨单","标准待配置","已接收","辅料仓周婷","裁床配料林芳","2026-09-27 15:30","待核实","2026-09-27 16:00","应调500个 · 实出500个 · 实收500个 · 数量差异0个"
"PO-202610-0103","物料采购单","按期完成","已收齐入库","采购赵敏","辅料仓周婷","2026-09-20 15:00","2026-09-28 15:00","2026-09-27 15:00","应采购1,000个 · 仓库实收1,000个"
"PO-202610-0103","原料调拨单","标准待配置","已接收","辅料仓周婷","裁床配料林芳","2026-09-27 15:10","待核实","2026-09-27 16:10","应调1,000个 · 实出1,000个 · 实收1,000个 · 数量差异0个"
"PO-202610-0103","交接单","标准待配置","已接收","裁床刘军","绣花厂阿琳","2026-09-28 20:05","待核实","2026-09-28 20:20","应交1,500片 · 实交1,500片 · 实收1,500片 · 数量差异0片"
"PO-202610-0103","绣花加工单","按期完成","加工完成","绣花厂阿琳","打揽厂阿迪","2026-09-28 20:30","2026-10-01 20:30","2026-09-29 06:00","应加工1,500片 · 已完成1,500片 · 未完成0片"
"PO-202610-0103","交接单","标准待配置","已接收","绣花厂阿琳","打揽厂阿迪","2026-09-29 06:10","待核实","2026-09-29 06:40","应交1,500片 · 实交1,500片 · 实收1,500片 · 数量差异0片"
"PO-202610-0103","打揽加工单","按期完成","加工完成","打揽厂阿迪","裁床刘军","2026-09-29 07:00","2026-10-02 07:00","2026-09-29 12:00","应加工1,500片 · 已完成1,500片 · 未完成0片"
"PO-202610-0103","交接单","标准待配置","已接收","打揽厂阿迪","裁床刘军","2026-09-29 12:10","待核实","2026-09-29 12:40","应交1,500片 · 实交1,500片 · 实收1,500片 · 数量差异0片"
"PO-202610-0103","交接单","标准待配置","已接收","裁床刘军","绣花厂阿琳","2026-09-28 20:05","待核实","2026-09-28 20:20","应交1,500片 · 实交1,500片 · 实收1,500片 · 数量差异0片"
"PO-202610-0103","绣花加工单","按期完成","加工完成","绣花厂阿琳","裁床刘军","2026-09-28 20:30","2026-10-01 20:30","2026-09-29 09:00","应加工1,500片 · 已完成1,500片 · 未完成0片"
"PO-202610-0103","交接单","标准待配置","已接收","绣花厂阿琳","裁床刘军","2026-09-29 09:10","待核实","2026-09-29 09:40","应交1,500片 · 实交1,500片 · 实收1,500片 · 数量差异0片"
"PO-202610-0103","交接单","标准待配置","已接收","裁床刘军","模版机厂林梅","2026-09-28 20:05","待核实","2026-09-28 20:20","应交3,000片 · 实交3,000片 · 实收3,000片 · 数量差异0片"
"PO-202610-0103","模版机加工单","按期完成","加工完成","模版机厂林梅","绣花厂阿琳","2026-09-28 20:30","2026-10-01 20:30","2026-09-29 08:00","应加工3,000片 · 已完成3,000片 · 未完成0片"
"PO-202610-0103","交接单","标准待配置","已接收","模版机厂林梅","绣花厂阿琳","2026-09-29 08:10","待核实","2026-09-29 08:40","应交3,000片 · 实交3,000片 · 实收3,000片 · 数量差异0片"
"PO-202610-0103","绣花加工单","按期完成","加工完成","绣花厂阿琳","裁床刘军","2026-09-29 09:00","2026-10-02 09:00","2026-09-29 13:00","应加工3,000片 · 已完成3,000片 · 未完成0片"
"PO-202610-0103","交接单","标准待配置","已接收","绣花厂阿琳","裁床刘军","2026-09-29 13:10","待核实","2026-09-29 13:40","应交3,000片 · 实交3,000片 · 实收3,000片 · 数量差异0片"
"PO-202610-0086","生产准备单","按期完成","已关闭","技术张琳","跟单陈静","2026-09-20 09:00","2026-09-24 09:00","2026-09-24 09:00","数量1单"
"PO-202610-0086","调色任务（面料）","标准待配置","已完成","染厂阿迪","技术张琳","2026-09-21 09:00","待核实","2026-09-22 14:40","数量1色样"
"PO-202610-0086","调色任务（面料）","标准待配置","已完成","染厂阿迪","技术张琳","2026-09-22 15:00","待核实","2026-09-22 15:30","数量1色样"
"PO-202610-0086","调色任务（面料）","标准待配置","已完成","染厂阿迪","技术张琳","2026-09-21 09:00","待核实","2026-09-22 14:30","数量1色样"
"PO-202610-0086","调色任务（面料）","标准待配置","已完成","染厂阿迪","技术张琳","2026-09-22 15:00","待核实","2026-09-22 15:30","数量1色样"
"PO-202610-0086","花型任务","标准待配置","已完成","花型小雨","技术张琳／买手陈静","2026-09-21 10:00","待核实","2026-09-22 15:40","数量1套"
"PO-202610-0086","花型任务","标准待配置","已完成","花型小雨","技术张琳／买手陈静","2026-09-22 16:00","待核实","2026-09-22 16:20","数量1套"
"PO-202610-0086","花型任务","标准待配置","已完成","花型小雨","技术张琳／买手陈静","2026-09-21 10:00","待核实","2026-09-22 15:30","数量1套"
"PO-202610-0086","花型任务","标准待配置","已完成","花型小雨","技术张琳／买手陈静","2026-09-22 16:00","待核实","2026-09-22 16:20","数量1套"
"PO-202610-0086","首单样衣任务","标准待配置","已完成","制作Dewi","技术张琳","2026-09-21 09:00","待核实","2026-09-23 13:20","数量1件"
"PO-202610-0086","首单样衣任务","标准待配置","已完成","制作Dewi","技术张琳","2026-09-23 13:30","待核实","2026-09-23 14:00","数量1件"
"PO-202610-0086","梭织齐码纸样任务","标准待配置","已完成","版师梁敏","技术张琳","2026-09-21 09:00","待核实","2026-09-22 17:20","数量1套"
"PO-202610-0086","梭织齐码纸样任务","标准待配置","已完成","版师梁敏","技术张琳","2026-09-22 17:30","待核实","2026-09-22 18:00","数量1套"
"PO-202610-0086","原料调拨单","标准待配置","已接收","面料仓周婷","染色厂阿迪","2026-09-26 11:00","待核实","2026-09-26 12:00","应调600米 · 实出600米 · 实收600米 · 数量差异0米"
"PO-202610-0086","物料采购单","按期完成","已收齐入库","采购赵敏","面料仓周婷","2026-09-20 12:00","2026-09-28 12:00","2026-09-26 10:00","应采购900米 · 仓库实收900米"
"PO-202610-0086","原料调拨单","标准待配置","已接收","面料仓周婷","染色厂阿迪","2026-09-26 11:10","待核实","2026-09-26 12:10","应调900米 · 实出900米 · 实收900米 · 数量差异0米"
"PO-202610-0086","大货染色加工单","标准待配置","加工完成","染色厂阿迪","印花厂小雨","2026-09-26 13:00","待核实","2026-09-27 10:00","应加工1,500米 · 已完成1,500米"
"PO-202610-0086","交接单","标准待配置","已接收","染色厂阿迪","印花厂小雨","2026-09-27 10:10","待核实","2026-09-27 10:40","应交1,500米 · 实交1,500米 · 实收1,500米 · 数量差异0米"
"PO-202610-0086","大货印花加工单","标准待配置","加工完成","印花厂小雨","水洗厂林梅","2026-09-27 11:00","待核实","2026-09-28 10:00","应加工1,500米 · 已完成1,500米"
"PO-202610-0086","交接单","标准待配置","已接收","印花厂小雨","水洗厂林梅","2026-09-28 10:10","待核实","2026-09-28 10:40","应交1,500米 · 实交1,500米 · 实收1,500米 · 数量差异0米"
"PO-202610-0086","水洗加工单","标准待配置","加工完成","水洗厂林梅","裁床刘军","2026-09-28 11:00","待核实","2026-09-28 18:00","应加工1,500米 · 已完成1,500米"
"PO-202610-0086","交接单","标准待配置","已接收","水洗厂林梅","裁床刘军","2026-09-28 18:10","待核实","2026-09-28 18:40","应交1,500米 · 实交1,500米 · 实收1,500米 · 数量差异0米"
"PO-202610-0086","原料调拨单","标准待配置","已接收","面料仓周婷","染色厂阿迪","2026-09-23 09:30","待核实","2026-09-23 10:00","应调150米 · 实出150米 · 实收150米 · 数量差异0米"
"PO-202610-0086","大货染色加工单","标准待配置","加工完成","染色厂阿迪","裁床刘军","2026-09-24 10:00","待核实","2026-09-25 16:00","应加工150米 · 已完成150米"
"PO-202610-0086","交接单","标准待配置","已接收","染色厂阿迪","裁床刘军","2026-09-25 16:10","待核实","2026-09-25 16:40","应交150米 · 实交150米 · 实收150米 · 数量差异0米"
"PO-202610-0086","原料调拨单","标准待配置","已接收","辅料仓周婷","裁床配料林芳","2026-09-20 15:30","待核实","2026-09-20 16:00","应调9,000粒 · 实出9,000粒 · 实收9,000粒 · 数量差异0粒"
"PO-202610-0086","物料采购单","按期完成","已收齐入库","采购赵敏","辅料仓周婷","2026-09-20 14:00","2026-09-28 14:00","2026-09-25 11:00","应采购300米 · 仓库实收300米"
"PO-202610-0086","原料调拨单","标准待配置","已接收","辅料仓周婷","裁床配料林芳","2026-09-25 11:10","待核实","2026-09-25 12:10","应调300米 · 实出300米 · 实收300米 · 数量差异0米"
"PO-202610-0086","原料调拨单","标准待配置","已接收","辅料仓周婷","裁床配料林芳","2026-09-27 15:30","待核实","2026-09-27 16:00","应调500个 · 实出500个 · 实收500个 · 数量差异0个"
"PO-202610-0086","物料采购单","按期完成","已收齐入库","采购赵敏","辅料仓周婷","2026-09-20 15:00","2026-09-28 15:00","2026-09-27 15:00","应采购1,000个 · 仓库实收1,000个"
"PO-202610-0086","原料调拨单","标准待配置","已接收","辅料仓周婷","裁床配料林芳","2026-09-27 15:10","待核实","2026-09-27 16:10","应调1,000个 · 实出1,000个 · 实收1,000个 · 数量差异0个"
"PO-202610-0086","交接单","标准待配置","已接收","裁床刘军","绣花厂阿琳","2026-09-28 20:05","待核实","2026-09-28 20:20","应交1,500片 · 实交1,500片 · 实收1,500片 · 数量差异0片"
"PO-202610-0086","绣花加工单","按期完成","加工完成","绣花厂阿琳","打揽厂阿迪","2026-09-28 20:30","2026-10-01 20:30","2026-09-29 06:00","应加工1,500片 · 已完成1,500片 · 未完成0片"
"PO-202610-0086","交接单","标准待配置","已接收","绣花厂阿琳","打揽厂阿迪","2026-09-29 06:10","待核实","2026-09-29 06:40","应交1,500片 · 实交1,500片 · 实收1,500片 · 数量差异0片"
"PO-202610-0086","打揽加工单","按期完成","加工完成","打揽厂阿迪","裁床刘军","2026-09-29 07:00","2026-10-02 07:00","2026-09-29 12:00","应加工1,500片 · 已完成1,500片 · 未完成0片"
"PO-202610-0086","交接单","标准待配置","已接收","打揽厂阿迪","裁床刘军","2026-09-29 12:10","待核实","2026-09-29 12:40","应交1,500片 · 实交1,500片 · 实收1,500片 · 数量差异0片"
"PO-202610-0086","交接单","标准待配置","已接收","裁床刘军","绣花厂阿琳","2026-09-28 20:05","待核实","2026-09-28 20:20","应交1,500片 · 实交1,500片 · 实收1,500片 · 数量差异0片"
"PO-202610-0086","绣花加工单","按期完成","加工完成","绣花厂阿琳","裁床刘军","2026-09-28 20:30","2026-10-01 20:30","2026-09-29 09:00","应加工1,500片 · 已完成1,500片 · 未完成0片"
"PO-202610-0086","交接单","标准待配置","已接收","绣花厂阿琳","裁床刘军","2026-09-29 09:10","待核实","2026-09-29 09:40","应交1,500片 · 实交1,500片 · 实收1,500片 · 数量差异0片"
"PO-202610-0086","交接单","标准待配置","已接收","裁床刘军","模版机厂林梅","2026-09-28 20:05","待核实","2026-09-28 20:20","应交3,000片 · 实交3,000片 · 实收3,000片 · 数量差异0片"
"PO-202610-0086","模版机加工单","按期完成","加工完成","模版机厂林梅","绣花厂阿琳","2026-09-28 20:30","2026-10-01 20:30","2026-09-29 08:00","应加工3,000片 · 已完成3,000片 · 未完成0片"
"PO-202610-0086","交接单","标准待配置","已接收","模版机厂林梅","绣花厂阿琳","2026-09-29 08:10","待核实","2026-09-29 08:40","应交3,000片 · 实交3,000片 · 实收3,000片 · 数量差异0片"
"PO-202610-0086","绣花加工单","按期完成","加工完成","绣花厂阿琳","裁床刘军","2026-09-29 09:00","2026-10-02 09:00","2026-09-29 13:00","应加工3,000片 · 已完成3,000片 · 未完成0片"
"PO-202610-0086","交接单","标准待配置","已接收","绣花厂阿琳","裁床刘军","2026-09-29 13:10","待核实","2026-09-29 13:40","应交3,000片 · 实交3,000片 · 实收3,000片 · 数量差异0片"
"PO-202610-0086","后道加工单","标准待配置","加工完成","后道李梅","成衣仓周婷","2026-10-06 14:10","待核实","2026-10-06 15:40","应加工150件 · 已完成150件"
"PO-202610-0086","交接单","标准待配置","已交出待接收","后道李梅","成衣仓周婷","2026-10-06 16:00","待核实","待核实","应交150件 · 实交150件 · 实收待核实 · 数量差异待核实"
"PO-202610-0086","工厂产前版样衣","标准待配置","已交出 · 已通过","赵亮","技术张琳","2026-10-03 10:00","待核实","2026-10-03 10:30","数量1件样衣"
"PO-202610-0086","工厂产前版样衣","按期交出","已交出 · 已通过","赵亮","技术张琳","2026-10-01 10:00","2026-10-04（日内时刻待确认）","2026-10-03 10:00","1件样衣"
"PO-202610-0086","工厂产前版样衣","标准待配置","已交出 · 已通过","陈强","技术张琳","2026-10-04 10:00","待核实","2026-10-04 10:30","数量1件样衣"
"PO-202610-0086","工厂产前版样衣","按期交出","已交出 · 已通过","陈强","技术张琳","2026-10-02 10:00","2026-10-05（日内时刻待确认）","2026-10-04 10:00","1件样衣"
"PO-202610-0086","A厂 SWT-A-01-0086 · 30%回货","按期达成","目标已达成","赵亮","李梅","2026-09-30 00:00","2026-10-04 23:59","2026-10-03 16:00","累计目标300件 · 后道实收900件 · 当前欠0件"
"PO-202610-0086","A厂 SWT-A-01-0086 · 70%回货","按期达成","目标已达成","赵亮","李梅","2026-09-30 00:00","2026-10-08 23:59","2026-10-06 14:00","累计目标700件 · 后道实收900件 · 当前欠0件"
"PO-202610-0086","A厂 SWT-A-01-0086 · 100%回货","尚未到期","累计实收900 / 目标1,000件","赵亮","李梅","2026-09-30 00:00","2026-10-09 23:59","待核实","累计目标1,000件 · 后道实收900件 · 距节点目标还差100件"
"PO-202610-0086","B厂 SWT-B-01-0086 · 30%回货","当前逾期","累计实收0 / 目标150件","陈强","李梅","2026-10-01 00:00","2026-10-04 23:59","待核实","累计目标150件 · 后道实收0件 · 当前欠150件"
"PO-202610-0086","B厂 SWT-B-01-0086 · 70%回货","尚未到期","累计实收0 / 目标350件","陈强","李梅","2026-10-01 00:00","2026-10-08 23:59","待核实","累计目标350件 · 后道实收0件 · 距节点目标还差350件"
"PO-202610-0086","B厂 SWT-B-01-0086 · 100%回货","尚未到期","累计实收0 / 目标500件","陈强","李梅","2026-10-01 00:00","2026-10-09 23:59","待核实","累计目标500件 · 后道实收0件 · 距节点目标还差500件"
"PO-202610-0087","生产准备单","按期完成","已关闭","技术张琳","跟单陈静","2026-09-20 09:00","2026-09-24 09:00","2026-09-24 09:00","数量1单"
"PO-202610-0087","调色任务（面料）","标准待配置","已完成","染厂阿迪","技术张琳","2026-09-21 09:00","待核实","2026-09-22 14:40","数量1色样"
"PO-202610-0087","调色任务（面料）","标准待配置","已完成","染厂阿迪","技术张琳","2026-09-22 15:00","待核实","2026-09-22 15:30","数量1色样"
"PO-202610-0087","调色任务（面料）","标准待配置","已完成","染厂阿迪","技术张琳","2026-09-21 09:00","待核实","2026-09-22 14:30","数量1色样"
"PO-202610-0087","调色任务（面料）","标准待配置","已完成","染厂阿迪","技术张琳","2026-09-22 15:00","待核实","2026-09-22 15:30","数量1色样"
"PO-202610-0087","花型任务","标准待配置","已完成","花型小雨","技术张琳／买手陈静","2026-09-21 10:00","待核实","2026-09-22 15:40","数量1套"
"PO-202610-0087","花型任务","标准待配置","已完成","花型小雨","技术张琳／买手陈静","2026-09-22 16:00","待核实","2026-09-22 16:20","数量1套"
"PO-202610-0087","花型任务","标准待配置","已完成","花型小雨","技术张琳／买手陈静","2026-09-21 10:00","待核实","2026-09-22 15:30","数量1套"
"PO-202610-0087","花型任务","标准待配置","已完成","花型小雨","技术张琳／买手陈静","2026-09-22 16:00","待核实","2026-09-22 16:20","数量1套"
"PO-202610-0087","首单样衣任务","标准待配置","已完成","制作Dewi","技术张琳","2026-09-21 09:00","待核实","2026-09-23 13:20","数量1件"
"PO-202610-0087","首单样衣任务","标准待配置","已完成","制作Dewi","技术张琳","2026-09-23 13:30","待核实","2026-09-23 14:00","数量1件"
"PO-202610-0087","梭织齐码纸样任务","标准待配置","已完成","版师梁敏","技术张琳","2026-09-21 09:00","待核实","2026-09-22 17:20","数量1套"
"PO-202610-0087","梭织齐码纸样任务","标准待配置","已完成","版师梁敏","技术张琳","2026-09-22 17:30","待核实","2026-09-22 18:00","数量1套"
"PO-202610-0087","原料调拨单","标准待配置","已接收","面料仓周婷","染色厂阿迪","2026-09-26 11:00","待核实","2026-09-26 12:00","应调600米 · 实出600米 · 实收600米 · 数量差异0米"
"PO-202610-0087","物料采购单","按期完成","已收齐入库","采购赵敏","面料仓周婷","2026-09-20 12:00","2026-09-28 12:00","2026-09-26 10:00","应采购900米 · 仓库实收900米"
"PO-202610-0087","原料调拨单","标准待配置","已接收","面料仓周婷","染色厂阿迪","2026-09-26 11:10","待核实","2026-09-26 12:10","应调900米 · 实出900米 · 实收900米 · 数量差异0米"
"PO-202610-0087","大货染色加工单","标准待配置","加工完成","染色厂阿迪","印花厂小雨","2026-09-26 13:00","待核实","2026-09-27 10:00","应加工1,500米 · 已完成1,500米"
"PO-202610-0087","交接单","标准待配置","已接收","染色厂阿迪","印花厂小雨","2026-09-27 10:10","待核实","2026-09-27 10:40","应交1,500米 · 实交1,500米 · 实收1,500米 · 数量差异0米"
"PO-202610-0087","大货印花加工单","标准待配置","加工完成","印花厂小雨","水洗厂林梅","2026-09-27 11:00","待核实","2026-09-28 10:00","应加工1,500米 · 已完成1,500米"
"PO-202610-0087","交接单","标准待配置","已接收","印花厂小雨","水洗厂林梅","2026-09-28 10:10","待核实","2026-09-28 10:40","应交1,500米 · 实交1,500米 · 实收1,500米 · 数量差异0米"
"PO-202610-0087","水洗加工单","标准待配置","加工完成","水洗厂林梅","裁床刘军","2026-09-28 11:00","待核实","2026-09-28 18:00","应加工1,500米 · 已完成1,500米"
"PO-202610-0087","交接单","标准待配置","已接收","水洗厂林梅","裁床刘军","2026-09-28 18:10","待核实","2026-09-28 18:40","应交1,500米 · 实交1,500米 · 实收1,500米 · 数量差异0米"
"PO-202610-0087","原料调拨单","标准待配置","已接收","面料仓周婷","染色厂阿迪","2026-09-23 09:30","待核实","2026-09-23 10:00","应调150米 · 实出150米 · 实收150米 · 数量差异0米"
"PO-202610-0087","大货染色加工单","标准待配置","加工完成","染色厂阿迪","裁床刘军","2026-09-24 10:00","待核实","2026-09-25 16:00","应加工150米 · 已完成150米"
"PO-202610-0087","交接单","标准待配置","已接收","染色厂阿迪","裁床刘军","2026-09-25 16:10","待核实","2026-09-25 16:40","应交150米 · 实交150米 · 实收150米 · 数量差异0米"
"PO-202610-0087","原料调拨单","标准待配置","已接收","辅料仓周婷","裁床配料林芳","2026-09-20 15:30","待核实","2026-09-20 16:00","应调9,000粒 · 实出9,000粒 · 实收9,000粒 · 数量差异0粒"
"PO-202610-0087","物料采购单","按期完成","已收齐入库","采购赵敏","辅料仓周婷","2026-09-20 14:00","2026-09-28 14:00","2026-09-25 11:00","应采购300米 · 仓库实收300米"
"PO-202610-0087","原料调拨单","标准待配置","已接收","辅料仓周婷","裁床配料林芳","2026-09-25 11:10","待核实","2026-09-25 12:10","应调300米 · 实出300米 · 实收300米 · 数量差异0米"
"PO-202610-0087","原料调拨单","标准待配置","已接收","辅料仓周婷","裁床配料林芳","2026-09-27 15:30","待核实","2026-09-27 16:00","应调500个 · 实出500个 · 实收500个 · 数量差异0个"
"PO-202610-0087","物料采购单","按期完成","已收齐入库","采购赵敏","辅料仓周婷","2026-09-20 15:00","2026-09-28 15:00","2026-09-27 15:00","应采购1,000个 · 仓库实收1,000个"
"PO-202610-0087","原料调拨单","标准待配置","已接收","辅料仓周婷","裁床配料林芳","2026-09-27 15:10","待核实","2026-09-27 16:10","应调1,000个 · 实出1,000个 · 实收1,000个 · 数量差异0个"
"PO-202610-0087","交接单","标准待配置","已接收","裁床刘军","绣花厂阿琳","2026-09-28 20:05","待核实","2026-09-28 20:20","应交1,500片 · 实交1,500片 · 实收1,500片 · 数量差异0片"
"PO-202610-0087","绣花加工单","按期完成","加工完成","绣花厂阿琳","打揽厂阿迪","2026-09-28 20:30","2026-10-01 20:30","2026-09-29 06:00","应加工1,500片 · 已完成1,500片 · 未完成0片"
"PO-202610-0087","交接单","标准待配置","已接收","绣花厂阿琳","打揽厂阿迪","2026-09-29 06:10","待核实","2026-09-29 06:40","应交1,500片 · 实交1,500片 · 实收1,500片 · 数量差异0片"
"PO-202610-0087","打揽加工单","按期完成","加工完成","打揽厂阿迪","裁床刘军","2026-09-29 07:00","2026-10-02 07:00","2026-09-29 12:00","应加工1,500片 · 已完成1,500片 · 未完成0片"
"PO-202610-0087","交接单","标准待配置","已接收","打揽厂阿迪","裁床刘军","2026-09-29 12:10","待核实","2026-09-29 12:40","应交1,500片 · 实交1,500片 · 实收1,500片 · 数量差异0片"
"PO-202610-0087","交接单","标准待配置","已接收","裁床刘军","绣花厂阿琳","2026-09-28 20:05","待核实","2026-09-28 20:20","应交1,500片 · 实交1,500片 · 实收1,500片 · 数量差异0片"
"PO-202610-0087","绣花加工单","按期完成","加工完成","绣花厂阿琳","裁床刘军","2026-09-28 20:30","2026-10-01 20:30","2026-09-29 09:00","应加工1,500片 · 已完成1,500片 · 未完成0片"
"PO-202610-0087","交接单","标准待配置","已接收","绣花厂阿琳","裁床刘军","2026-09-29 09:10","待核实","2026-09-29 09:40","应交1,500片 · 实交1,500片 · 实收1,500片 · 数量差异0片"
"PO-202610-0087","交接单","标准待配置","已接收","裁床刘军","模版机厂林梅","2026-09-28 20:05","待核实","2026-09-28 20:20","应交3,000片 · 实交3,000片 · 实收3,000片 · 数量差异0片"
"PO-202610-0087","模版机加工单","按期完成","加工完成","模版机厂林梅","绣花厂阿琳","2026-09-28 20:30","2026-10-01 20:30","2026-09-29 08:00","应加工3,000片 · 已完成3,000片 · 未完成0片"
"PO-202610-0087","交接单","标准待配置","已接收","模版机厂林梅","绣花厂阿琳","2026-09-29 08:10","待核实","2026-09-29 08:40","应交3,000片 · 实交3,000片 · 实收3,000片 · 数量差异0片"
"PO-202610-0087","绣花加工单","按期完成","加工完成","绣花厂阿琳","裁床刘军","2026-09-29 09:00","2026-10-02 09:00","2026-09-29 13:00","应加工3,000片 · 已完成3,000片 · 未完成0片"
"PO-202610-0087","交接单","标准待配置","已接收","绣花厂阿琳","裁床刘军","2026-09-29 13:10","待核实","2026-09-29 13:40","应交3,000片 · 实交3,000片 · 实收3,000片 · 数量差异0片"
"PO-202610-0087","后道加工单","标准待配置","加工完成","后道李梅","成衣仓周婷","2026-10-06 14:10","待核实","2026-10-06 15:40","应加工150件 · 已完成150件"
"PO-202610-0087","交接单","标准待配置","已交出待接收","后道李梅","成衣仓周婷","2026-10-06 16:00","待核实","待核实","应交150件 · 实交150件 · 实收待核实 · 数量差异待核实"
"PO-202610-0087","工厂产前版样衣","标准待配置","已交出 · 已通过","赵亮","技术张琳","2026-10-03 10:00","待核实","2026-10-03 10:30","数量1件样衣"
"PO-202610-0087","工厂产前版样衣","按期交出","已交出 · 已通过","赵亮","技术张琳","2026-10-01 10:00","2026-10-04（日内时刻待确认）","2026-10-03 10:00","1件样衣"
"PO-202610-0087","工厂产前版样衣","标准待配置","已交出 · 已通过","陈强","技术张琳","2026-10-04 10:00","待核实","2026-10-04 10:30","数量1件样衣"
"PO-202610-0087","工厂产前版样衣","按期交出","已交出 · 已通过","陈强","技术张琳","2026-10-02 10:00","2026-10-05（日内时刻待确认）","2026-10-04 10:00","1件样衣"
"PO-202610-0087","A厂 SWT-A-01-0087 · 30%回货","按期达成","目标已达成","赵亮","李梅","2026-09-30 00:00","2026-10-04 23:59","2026-10-03 16:00","累计目标300件 · 后道实收900件 · 当前欠0件"
"PO-202610-0087","A厂 SWT-A-01-0087 · 70%回货","按期达成","目标已达成","赵亮","李梅","2026-09-30 00:00","2026-10-08 23:59","2026-10-06 14:00","累计目标700件 · 后道实收900件 · 当前欠0件"
"PO-202610-0087","A厂 SWT-A-01-0087 · 100%回货","尚未到期","累计实收900 / 目标1,000件","赵亮","李梅","2026-09-30 00:00","2026-10-09 23:59","待核实","累计目标1,000件 · 后道实收900件 · 距节点目标还差100件"
"PO-202610-0087","B厂 SWT-B-01-0087 · 30%回货","当前逾期","累计实收0 / 目标60件","陈强","李梅","2026-10-01 00:00","2026-10-04 23:59","待核实","累计目标60件 · 后道实收0件 · 当前欠60件"
"PO-202610-0087","B厂 SWT-B-01-0087 · 70%回货","尚未到期","累计实收0 / 目标140件","陈强","李梅","2026-10-01 00:00","2026-10-08 23:59","待核实","累计目标140件 · 后道实收0件 · 距节点目标还差140件"
"PO-202610-0087","B厂 SWT-B-01-0087 · 100%回货","尚未到期","累计实收0 / 目标200件","陈强","李梅","2026-10-01 00:00","2026-10-09 23:59","待核实","累计目标200件 · 后道实收0件 · 距节点目标还差200件"
"PO-202610-0088","生产准备单","按期完成","已关闭","技术张琳","跟单陈静","2026-09-20 09:00","2026-09-24 09:00","2026-09-24 09:00","数量1单"
"PO-202610-0088","调色任务（面料）","标准待配置","已完成","染厂阿迪","技术张琳","2026-09-21 09:00","待核实","2026-09-22 14:40","数量1色样"
"PO-202610-0088","调色任务（面料）","标准待配置","已完成","染厂阿迪","技术张琳","2026-09-22 15:00","待核实","2026-09-22 15:30","数量1色样"
"PO-202610-0088","调色任务（面料）","标准待配置","已完成","染厂阿迪","技术张琳","2026-09-21 09:00","待核实","2026-09-22 14:30","数量1色样"
"PO-202610-0088","调色任务（面料）","标准待配置","已完成","染厂阿迪","技术张琳","2026-09-22 15:00","待核实","2026-09-22 15:30","数量1色样"
"PO-202610-0088","花型任务","标准待配置","已完成","花型小雨","技术张琳／买手陈静","2026-09-21 10:00","待核实","2026-09-22 15:40","数量1套"
"PO-202610-0088","花型任务","标准待配置","已完成","花型小雨","技术张琳／买手陈静","2026-09-22 16:00","待核实","2026-09-22 16:20","数量1套"
"PO-202610-0088","花型任务","标准待配置","已完成","花型小雨","技术张琳／买手陈静","2026-09-21 10:00","待核实","2026-09-22 15:30","数量1套"
"PO-202610-0088","花型任务","标准待配置","已完成","花型小雨","技术张琳／买手陈静","2026-09-22 16:00","待核实","2026-09-22 16:20","数量1套"
"PO-202610-0088","首单样衣任务","标准待配置","已完成","制作Dewi","技术张琳","2026-09-21 09:00","待核实","2026-09-23 13:20","数量1件"
"PO-202610-0088","首单样衣任务","标准待配置","已完成","制作Dewi","技术张琳","2026-09-23 13:30","待核实","2026-09-23 14:00","数量1件"
"PO-202610-0088","梭织齐码纸样任务","标准待配置","已完成","版师梁敏","技术张琳","2026-09-21 09:00","待核实","2026-09-22 17:20","数量1套"
"PO-202610-0088","梭织齐码纸样任务","标准待配置","已完成","版师梁敏","技术张琳","2026-09-22 17:30","待核实","2026-09-22 18:00","数量1套"
"PO-202610-0088","原料调拨单","标准待配置","已接收","面料仓周婷","染色厂阿迪","2026-09-26 11:00","待核实","2026-09-26 12:00","应调600米 · 实出600米 · 实收600米 · 数量差异0米"
"PO-202610-0088","物料采购单","按期完成","已收齐入库","采购赵敏","面料仓周婷","2026-09-20 12:00","2026-09-28 12:00","2026-09-26 10:00","应采购900米 · 仓库实收900米"
"PO-202610-0088","原料调拨单","标准待配置","已接收","面料仓周婷","染色厂阿迪","2026-09-26 11:10","待核实","2026-09-26 12:10","应调900米 · 实出900米 · 实收900米 · 数量差异0米"
"PO-202610-0088","大货染色加工单","标准待配置","加工完成","染色厂阿迪","印花厂小雨","2026-09-26 13:00","待核实","2026-09-27 10:00","应加工1,500米 · 已完成1,500米"
"PO-202610-0088","交接单","标准待配置","已接收","染色厂阿迪","印花厂小雨","2026-09-27 10:10","待核实","2026-09-27 10:40","应交1,500米 · 实交1,500米 · 实收1,500米 · 数量差异0米"
"PO-202610-0088","大货印花加工单","标准待配置","加工完成","印花厂小雨","水洗厂林梅","2026-09-27 11:00","待核实","2026-09-28 10:00","应加工1,500米 · 已完成1,500米"
"PO-202610-0088","交接单","标准待配置","已接收","印花厂小雨","水洗厂林梅","2026-09-28 10:10","待核实","2026-09-28 10:40","应交1,500米 · 实交1,500米 · 实收1,500米 · 数量差异0米"
"PO-202610-0088","水洗加工单","标准待配置","加工完成","水洗厂林梅","裁床刘军","2026-09-28 11:00","待核实","2026-09-28 18:00","应加工1,500米 · 已完成1,500米"
"PO-202610-0088","交接单","标准待配置","已接收","水洗厂林梅","裁床刘军","2026-09-28 18:10","待核实","2026-09-28 18:40","应交1,500米 · 实交1,500米 · 实收1,500米 · 数量差异0米"
"PO-202610-0088","原料调拨单","标准待配置","已接收","面料仓周婷","染色厂阿迪","2026-09-23 09:30","待核实","2026-09-23 10:00","应调150米 · 实出150米 · 实收150米 · 数量差异0米"
"PO-202610-0088","大货染色加工单","标准待配置","加工完成","染色厂阿迪","裁床刘军","2026-09-24 10:00","待核实","2026-09-25 16:00","应加工150米 · 已完成150米"
"PO-202610-0088","交接单","标准待配置","已接收","染色厂阿迪","裁床刘军","2026-09-25 16:10","待核实","2026-09-25 16:40","应交150米 · 实交150米 · 实收150米 · 数量差异0米"
"PO-202610-0088","原料调拨单","标准待配置","已接收","辅料仓周婷","裁床配料林芳","2026-09-20 15:30","待核实","2026-09-20 16:00","应调9,000粒 · 实出9,000粒 · 实收9,000粒 · 数量差异0粒"
"PO-202610-0088","物料采购单","按期完成","已收齐入库","采购赵敏","辅料仓周婷","2026-09-20 14:00","2026-09-28 14:00","2026-09-25 11:00","应采购300米 · 仓库实收300米"
"PO-202610-0088","原料调拨单","标准待配置","已接收","辅料仓周婷","裁床配料林芳","2026-09-25 11:10","待核实","2026-09-25 12:10","应调300米 · 实出300米 · 实收300米 · 数量差异0米"
"PO-202610-0088","原料调拨单","标准待配置","已接收","辅料仓周婷","裁床配料林芳","2026-09-27 15:30","待核实","2026-09-27 16:00","应调500个 · 实出500个 · 实收500个 · 数量差异0个"
"PO-202610-0088","物料采购单","按期完成","已收齐入库","采购赵敏","辅料仓周婷","2026-09-20 15:00","2026-09-28 15:00","2026-09-27 15:00","应采购1,000个 · 仓库实收1,000个"
"PO-202610-0088","原料调拨单","标准待配置","已接收","辅料仓周婷","裁床配料林芳","2026-09-27 15:10","待核实","2026-09-27 16:10","应调1,000个 · 实出1,000个 · 实收1,000个 · 数量差异0个"
"PO-202610-0088","交接单","标准待配置","已接收","裁床刘军","绣花厂阿琳","2026-09-28 20:05","待核实","2026-09-28 20:20","应交1,500片 · 实交1,500片 · 实收1,500片 · 数量差异0片"
"PO-202610-0088","绣花加工单","按期完成","加工完成","绣花厂阿琳","打揽厂阿迪","2026-09-28 20:30","2026-10-01 20:30","2026-09-29 06:00","应加工1,500片 · 已完成1,500片 · 未完成0片"
"PO-202610-0088","交接单","标准待配置","已接收","绣花厂阿琳","打揽厂阿迪","2026-09-29 06:10","待核实","2026-09-29 06:40","应交1,500片 · 实交1,500片 · 实收1,500片 · 数量差异0片"
"PO-202610-0088","打揽加工单","按期完成","加工完成","打揽厂阿迪","裁床刘军","2026-09-29 07:00","2026-10-02 07:00","2026-09-29 12:00","应加工1,500片 · 已完成1,500片 · 未完成0片"
"PO-202610-0088","交接单","标准待配置","已接收","打揽厂阿迪","裁床刘军","2026-09-29 12:10","待核实","2026-09-29 12:40","应交1,500片 · 实交1,500片 · 实收1,500片 · 数量差异0片"
"PO-202610-0088","交接单","标准待配置","已接收","裁床刘军","绣花厂阿琳","2026-09-28 20:05","待核实","2026-09-28 20:20","应交1,500片 · 实交1,500片 · 实收1,500片 · 数量差异0片"
"PO-202610-0088","绣花加工单","按期完成","加工完成","绣花厂阿琳","裁床刘军","2026-09-28 20:30","2026-10-01 20:30","2026-09-29 09:00","应加工1,500片 · 已完成1,500片 · 未完成0片"
"PO-202610-0088","交接单","标准待配置","已接收","绣花厂阿琳","裁床刘军","2026-09-29 09:10","待核实","2026-09-29 09:40","应交1,500片 · 实交1,500片 · 实收1,500片 · 数量差异0片"
"PO-202610-0088","交接单","标准待配置","已接收","裁床刘军","模版机厂林梅","2026-09-28 20:05","待核实","2026-09-28 20:20","应交3,000片 · 实交3,000片 · 实收3,000片 · 数量差异0片"
"PO-202610-0088","模版机加工单","按期完成","加工完成","模版机厂林梅","绣花厂阿琳","2026-09-28 20:30","2026-10-01 20:30","2026-09-29 08:00","应加工3,000片 · 已完成3,000片 · 未完成0片"
"PO-202610-0088","交接单","标准待配置","已接收","模版机厂林梅","绣花厂阿琳","2026-09-29 08:10","待核实","2026-09-29 08:40","应交3,000片 · 实交3,000片 · 实收3,000片 · 数量差异0片"
"PO-202610-0088","绣花加工单","按期完成","加工完成","绣花厂阿琳","裁床刘军","2026-09-29 09:00","2026-10-02 09:00","2026-09-29 13:00","应加工3,000片 · 已完成3,000片 · 未完成0片"
"PO-202610-0088","交接单","标准待配置","已接收","绣花厂阿琳","裁床刘军","2026-09-29 13:10","待核实","2026-09-29 13:40","应交3,000片 · 实交3,000片 · 实收3,000片 · 数量差异0片"
"PO-202610-0088","后道加工单","标准待配置","加工完成","后道李梅","成衣仓周婷","2026-10-06 14:10","待核实","2026-10-06 15:40","应加工150件 · 已完成150件"
"PO-202610-0088","交接单","标准待配置","已交出待接收","后道李梅","成衣仓周婷","2026-10-06 16:00","待核实","待核实","应交150件 · 实交150件 · 实收待核实 · 数量差异待核实"
"PO-202610-0088","工厂产前版样衣","标准待配置","已交出 · 已通过","赵亮","技术张琳","2026-10-03 10:00","待核实","2026-10-03 10:30","数量1件样衣"
"PO-202610-0088","工厂产前版样衣","按期交出","已交出 · 已通过","赵亮","技术张琳","2026-10-01 10:00","2026-10-04（日内时刻待确认）","2026-10-03 10:00","1件样衣"
"PO-202610-0088","工厂产前版样衣","标准待配置","已交出 · 已通过","陈强","技术张琳","2026-10-04 10:00","待核实","2026-10-04 10:30","数量1件样衣"
"PO-202610-0088","工厂产前版样衣","按期交出","已交出 · 已通过","陈强","技术张琳","2026-10-02 10:00","2026-10-05（日内时刻待确认）","2026-10-04 10:00","1件样衣"
"PO-202610-0088","工厂产前版样衣","标准待配置","已交出 · 已通过","陈强","技术张琳","2026-10-06 10:00","待核实","2026-10-06 10:30","数量1件样衣"
"PO-202610-0088","工厂产前版样衣","按期交出","已交出 · 已通过","陈强","技术张琳","2026-10-04 10:00","2026-10-07（日内时刻待确认）","2026-10-06 10:00","1件样衣"
"PO-202610-0088","A厂 SWT-A-01-0088 · 30%回货","按期达成","目标已达成","赵亮","李梅","2026-09-30 00:00","2026-10-04 23:59","2026-10-03 16:00","累计目标300件 · 后道实收700件 · 当前欠0件"
"PO-202610-0088","A厂 SWT-A-01-0088 · 70%回货","按期达成","目标已达成","赵亮","李梅","2026-09-30 00:00","2026-10-08 23:59","2026-10-06 14:00","累计目标700件 · 后道实收700件 · 当前欠0件"
"PO-202610-0088","A厂 SWT-A-01-0088 · 100%回货","尚未到期","累计实收700 / 目标1,000件","赵亮","李梅","2026-09-30 00:00","2026-10-09 23:59","待核实","累计目标1,000件 · 后道实收700件 · 距节点目标还差300件"
"PO-202610-0088","B厂 SWT-B-01-0088 · 30%回货","当前逾期","累计实收0 / 目标90件","陈强","李梅","2026-10-01 00:00","2026-10-04 23:59","待核实","累计目标90件 · 后道实收0件 · 当前欠90件"
"PO-202610-0088","B厂 SWT-B-01-0088 · 70%回货","尚未到期","累计实收0 / 目标210件","陈强","李梅","2026-10-01 00:00","2026-10-08 23:59","待核实","累计目标210件 · 后道实收0件 · 距节点目标还差210件"
"PO-202610-0088","B厂 SWT-B-01-0088 · 100%回货","尚未到期","累计实收0 / 目标300件","陈强","李梅","2026-10-01 00:00","2026-10-09 23:59","待核实","累计目标300件 · 后道实收0件 · 距节点目标还差300件"
"PO-202610-0088","B厂 SWT-B-02-0088 · 30%回货","按期达成","目标已达成","陈强","李梅","2026-10-03 00:00","2026-10-07 23:59","2026-10-06 11:00","累计目标60件 · 后道实收200件 · 当前欠0件"
"PO-202610-0088","B厂 SWT-B-02-0088 · 70%回货","按期达成","目标已达成","陈强","李梅","2026-10-03 00:00","2026-10-11 23:59","2026-10-06 11:00","累计目标140件 · 后道实收200件 · 当前欠0件"
"PO-202610-0088","B厂 SWT-B-02-0088 · 100%回货","按期达成","目标已达成","陈强","李梅","2026-10-03 00:00","2026-10-12 23:59","2026-10-06 11:00","累计目标200件 · 后道实收200件 · 当前欠0件"
"PO-202610-0105","生产准备单","逾期完成","已关闭","技术张琳","跟单陈静","2026-09-20 09:00","2026-09-24 09:00","2026-09-25 09:00","数量1单"
"PO-202610-0105","调色任务（面料）","标准待配置","已完成","染厂阿迪","技术张琳","2026-09-21 09:00","待核实","2026-09-22 14:40","数量1色样"
"PO-202610-0105","调色任务（面料）","标准待配置","已完成","染厂阿迪","技术张琳","2026-09-22 15:00","待核实","2026-09-22 15:30","数量1色样"
"PO-202610-0105","调色任务（面料）","标准待配置","已完成","染厂阿迪","技术张琳","2026-09-21 09:00","待核实","2026-09-22 14:30","数量1色样"
"PO-202610-0105","调色任务（面料）","标准待配置","已完成","染厂阿迪","技术张琳","2026-09-22 15:00","待核实","2026-09-22 15:30","数量1色样"
"PO-202610-0105","花型任务","标准待配置","已完成","花型小雨","技术张琳／买手陈静","2026-09-21 10:00","待核实","2026-09-22 15:40","数量1套"
"PO-202610-0105","花型任务","标准待配置","已完成","花型小雨","技术张琳／买手陈静","2026-09-22 16:00","待核实","2026-09-22 16:20","数量1套"
"PO-202610-0105","花型任务","标准待配置","已完成","花型小雨","技术张琳／买手陈静","2026-09-21 10:00","待核实","2026-09-22 15:30","数量1套"
"PO-202610-0105","花型任务","标准待配置","已完成","花型小雨","技术张琳／买手陈静","2026-09-22 16:00","待核实","2026-09-22 16:20","数量1套"
"PO-202610-0105","首单样衣任务","标准待配置","已完成","制作Dewi","技术张琳","2026-09-21 09:00","待核实","2026-09-23 13:20","数量1件"
"PO-202610-0105","首单样衣任务","标准待配置","已完成","制作Dewi","技术张琳","2026-09-23 13:30","待核实","2026-09-23 14:00","数量1件"
"PO-202610-0105","梭织齐码纸样任务","标准待配置","已完成","版师梁敏","技术张琳","2026-09-21 09:00","待核实","2026-09-22 17:20","数量1套"
"PO-202610-0105","梭织齐码纸样任务","标准待配置","已完成","版师梁敏","技术张琳","2026-09-22 17:30","待核实","2026-09-22 18:00","数量1套"
"PO-202610-0105","原料调拨单","标准待配置","已接收","面料仓周婷","染色厂阿迪","2026-09-30 13:00","待核实","2026-09-30 14:00","应调600米 · 实出600米 · 实收600米 · 数量差异0米"
"PO-202610-0105","物料采购单","逾期完成","已收齐入库","采购赵敏","面料仓周婷","2026-09-20 12:00","2026-09-28 12:00","2026-09-30 12:00","应采购900米 · 仓库实收900米"
"PO-202610-0105","原料调拨单","标准待配置","已接收","面料仓周婷","染色厂阿迪","2026-09-30 13:10","待核实","2026-09-30 14:10","应调900米 · 实出900米 · 实收900米 · 数量差异0米"
"PO-202610-0105","大货染色加工单","标准待配置","加工完成","染色厂阿迪","印花厂小雨","2026-09-30 15:00","待核实","2026-10-01 10:00","应加工1,500米 · 已完成1,500米"
"PO-202610-0105","交接单","标准待配置","已接收","染色厂阿迪","印花厂小雨","2026-10-01 10:10","待核实","2026-10-01 10:40","应交1,500米 · 实交1,500米 · 实收1,500米 · 数量差异0米"
"PO-202610-0105","大货印花加工单","标准待配置","加工完成","印花厂小雨","水洗厂林梅","2026-10-01 11:00","待核实","2026-10-02 10:00","应加工1,500米 · 已完成1,500米"
"PO-202610-0105","交接单","标准待配置","已接收","印花厂小雨","水洗厂林梅","2026-10-02 10:10","待核实","2026-10-02 10:40","应交1,500米 · 实交1,500米 · 实收1,500米 · 数量差异0米"
"PO-202610-0105","水洗加工单","标准待配置","加工完成","水洗厂林梅","裁床刘军","2026-10-02 11:00","待核实","2026-10-02 18:00","应加工1,500米 · 已完成1,500米"
"PO-202610-0105","交接单","标准待配置","已接收","水洗厂林梅","裁床刘军","2026-10-02 18:10","待核实","2026-10-02 18:40","应交1,500米 · 实交1,500米 · 实收1,500米 · 数量差异0米"
"PO-202610-0105","原料调拨单","标准待配置","已接收","面料仓周婷","染色厂阿迪","2026-09-23 09:30","待核实","2026-09-23 10:00","应调150米 · 实出150米 · 实收150米 · 数量差异0米"
"PO-202610-0105","大货染色加工单","标准待配置","加工完成","染色厂阿迪","裁床刘军","2026-09-25 10:00","待核实","2026-09-26 16:00","应加工150米 · 已完成150米"
"PO-202610-0105","交接单","标准待配置","已接收","染色厂阿迪","裁床刘军","2026-09-26 16:10","待核实","2026-09-26 16:40","应交150米 · 实交150米 · 实收150米 · 数量差异0米"
"PO-202610-0105","原料调拨单","标准待配置","已接收","辅料仓周婷","中转仓林芳","2026-09-20 15:30","待核实","2026-09-20 16:00","应调9,000粒 · 实出9,000粒 · 实收9,000粒 · 数量差异0粒"
"PO-202610-0105","物料采购单","按期完成","已收齐入库","采购赵敏","辅料仓周婷","2026-09-20 14:00","2026-09-28 14:00","2026-09-25 11:00","应采购300米 · 仓库实收300米"
"PO-202610-0105","原料调拨单","标准待配置","已接收","辅料仓周婷","裁床配料林芳","2026-09-25 11:10","待核实","2026-09-25 12:10","应调300米 · 实出300米 · 实收300米 · 数量差异0米"
"PO-202610-0105","原料调拨单","标准待配置","已接收","辅料仓周婷","裁床配料林芳","2026-09-27 15:30","待核实","2026-09-27 16:00","应调500个 · 实出500个 · 实收500个 · 数量差异0个"
"PO-202610-0105","物料采购单","按期完成","已收齐入库","采购赵敏","辅料仓周婷","2026-09-20 15:00","2026-09-28 15:00","2026-09-27 15:00","应采购1,000个 · 仓库实收1,000个"
"PO-202610-0105","原料调拨单","标准待配置","已接收","辅料仓周婷","裁床配料林芳","2026-09-27 15:10","待核实","2026-09-27 16:10","应调1,000个 · 实出1,000个 · 实收1,000个 · 数量差异0个"
"PO-202610-0105","交接单","标准待配置","已接收","裁床刘军","绣花厂阿琳","2026-10-02 20:05","待核实","2026-10-02 20:20","应交1,500片 · 实交1,500片 · 实收1,500片 · 数量差异0片"
"PO-202610-0105","绣花加工单","按期完成","加工完成","绣花厂阿琳","打揽厂阿迪","2026-10-02 20:30","2026-10-05 20:30","2026-10-03 06:00","应加工1,500片 · 已完成1,500片 · 未完成0片"
"PO-202610-0105","交接单","标准待配置","已接收","绣花厂阿琳","打揽厂阿迪","2026-10-03 06:10","待核实","2026-10-03 06:40","应交1,500片 · 实交1,500片 · 实收1,500片 · 数量差异0片"
"PO-202610-0105","打揽加工单","按期完成","加工完成","打揽厂阿迪","裁床刘军","2026-10-03 07:00","2026-10-06 07:00","2026-10-03 12:00","应加工1,500片 · 已完成1,500片 · 未完成0片"
"PO-202610-0105","交接单","标准待配置","已接收","打揽厂阿迪","裁床刘军","2026-10-03 12:10","待核实","2026-10-03 12:40","应交1,500片 · 实交1,500片 · 实收1,500片 · 数量差异0片"
"PO-202610-0105","交接单","标准待配置","已接收","裁床刘军","绣花厂阿琳","2026-10-02 20:05","待核实","2026-10-02 20:20","应交1,500片 · 实交1,500片 · 实收1,500片 · 数量差异0片"
"PO-202610-0105","绣花加工单","逾期完成","加工完成","绣花厂阿琳","裁床刘军","2026-10-02 20:30","2026-10-05 20:30","2026-10-06 20:30","应加工1,500片 · 已完成1,500片 · 未完成0片"
"PO-202610-0105","交接单","标准待配置","已接收","绣花厂阿琳","裁床刘军","2026-10-06 20:40","待核实","2026-10-06 21:10","应交1,500片 · 实交1,500片 · 实收1,500片 · 数量差异0片"
"PO-202610-0105","交接单","标准待配置","已接收","裁床刘军","模版机厂林梅","2026-10-02 20:05","待核实","2026-10-02 20:20","应交3,000片 · 实交3,000片 · 实收3,000片 · 数量差异0片"
"PO-202610-0105","模版机加工单","按期完成","加工完成","模版机厂林梅","绣花厂阿琳","2026-10-02 20:30","2026-10-05 20:30","2026-10-03 08:00","应加工3,000片 · 已完成3,000片 · 未完成0片"
"PO-202610-0105","交接单","标准待配置","已接收","模版机厂林梅","绣花厂阿琳","2026-10-03 08:10","待核实","2026-10-03 08:40","应交3,000片 · 实交3,000片 · 实收3,000片 · 数量差异0片"
"PO-202610-0105","绣花加工单","逾期完成","加工完成","绣花厂阿琳","裁床刘军","2026-10-03 09:00","2026-10-06 09:00","2026-10-06 10:00","应加工3,000片 · 已完成3,000片 · 未完成0片"
"PO-202610-0105","交接单","标准待配置","部分实收／数量差异待确认","绣花厂阿琳","裁床刘军","2026-10-06 10:10","待核实","待核实","应交3,000片 · 实交3,000片 · 实收2,400片 · 数量差异600片"
"PO-202610-0105","中转仓接收单","标准待配置","已接收","辅料仓周婷","中转仓林芳","2026-09-20 15:30","待核实","2026-09-20 16:00","应收9,000粒 · 实收9,000粒 · 数量差异0粒"
"PO-202610-0105","中转仓人工配料任务","标准待配置","已人工配料","中转仓林芳","中转仓林芳（配料确认）","2026-09-20 16:20","待核实","2026-09-20 16:40","应配9,000粒 · 人工已配9,000粒 · 未配0粒"
"PO-202610-0105","裁床领料单","标准待配置","裁床已实领","中转仓林芳","裁床刘军","2026-09-20 16:50","待核实","2026-09-20 17:00","应领9,000粒 · 实出9,000粒 · 裁床实领9,000粒 · 数量差异0粒"