
> higoods-vanilla-clone@1.0.0 build
> npm run typecheck:engineering && npm test && vite build


> higoods-vanilla-clone@1.0.0 typecheck:engineering
> npm run typecheck:entrypoints && npm run typecheck:scopes


> higoods-vanilla-clone@1.0.0 typecheck:entrypoints
> tsc --project tsconfig.engineering.json


> higoods-vanilla-clone@1.0.0 typecheck:scopes
> node scripts/check-typescript-scope.mjs src/domain/ src/components/ui/ src/state/

TypeScript 全量既有错误：3
本次渐进检查范围：src/domain/、src/components/ui/、src/state/
范围内错误：0
范围外既有错误保留在全量 typecheck 中继续分批治理。

> higoods-vanilla-clone@1.0.0 test
> npm run test:unit


> higoods-vanilla-clone@1.0.0 test:unit
> node --import tsx --test tests/unit/*.test.ts

✔ 浏览器存储封装保持读写删除语义 (0.386708ms)
✔ 浏览器存储不可用或抛错时保持静默降级 (0.093041ms)
(node:30196) ExperimentalWarning: localStorage is not available because --localstorage-file was not provided.
(Use `node --trace-warnings ...` to show where the warning was created)
✔ 独立裁剪整任务改派保留数量和执行历史，旧有效分配失效，新范围唯一 (77.886375ms)
✔ 裁床改派回原工厂且回填同一业务日期，不复用旧票范围；普通审计不改身份 (0.363375ms)
(node:30197) ExperimentalWarning: localStorage is not available because --localstorage-file was not provided.
(Use `node --trace-warnings ...` to show where the warning was created)
✔ 交出列表省略详情路线读取时保留全部输出字段 (393.750791ms)
(node:30198) ExperimentalWarning: localStorage is not available because --localstorage-file was not provided.
(Use `node --trace-warnings ...` to show where the warning was created)
✔ MIG-001/002/006: management entry and handlers belong to FCS; PFOS keeps execution (0.85275ms)
✔ MIG-003/007: prep and execution read the same early order identities, quantities and match status (658.154958ms)
✔ MIG-004/009: migrated dialogs retain candidate fields, actual material image and task outputs (0.872ms)
✔ MIG-011: management and execution use the same seven business display columns (18.08125ms)
✔ MIG-007: early dye/print creation and cancellation survive reload (2564.343375ms)
✔ BOM working-copy write failure preserves prior state; retry succeeds (217.835833ms)
✔ existing production preparation data does not trigger demo writes on entry (1548.838042ms)
✔ rollback of an unchanged saved BOM does not perform another failing write (37.981375ms)
✔ BOM dictionary preserves old JSON and all snapshot values without mutating input (8.337834ms)
✔ BOM dictionary rejects missing references instead of replacing data silently (0.614792ms)
(node:30203) ExperimentalWarning: localStorage is not available because --localstorage-file was not provided.
(Use `node --trace-warnings ...` to show where the warning was created)
✔ PDA顶栏计数与实际完整待办相同，覆盖各任务工厂及管理员/员工角色 (1984.993833ms)
✔ 解析带标签、小数和空格的长度数量 (0.522042ms)
✔ 解析卷数并对不合法文本返回 0 (0.109875ms)
✔ 证据文件标识把连续空白收口为单个连字符 (0.175209ms)
(node:30205) ExperimentalWarning: localStorage is not available because --localstorage-file was not provided.
(Use `node --trace-warnings ...` to show where the warning was created)
✔ 设计改款可成批生成染色和印花加工单，且完整投影来源与上下游 (992.20425ms)
✔ 设计改款加工单生成幂等，重复请求不增加单据 (64.148667ms)
✔ 同一设计改款任务的不同颜色和 BOM 行分别生成加工单 (68.165458ms)
✔ 成批提交失败时染色与印花加工单一起回滚 (26.922375ms)
✔ 设计改款来源缺关键引用或来源未知时必须阻断 (0.19025ms)
(node:30206) ExperimentalWarning: localStorage is not available because --localstorage-file was not provided.
(Use `node --trace-warnings ...` to show where the warning was created)
✔ 设计改款染后印花必须先分配印花厂，染色交出不能误送中央工厂 (299.118708ms)
✔ 仅染与仅印分别创建一张加工单和一条仓库首道调拨计划 (27.318291ms)
✔ 辅料染色单创建后已有辅料仓调拨计划，分厂时自动落实原单但不冒充实发 (7.856166ms)
✔ 历史双工艺加工单仍可追溯原有染印交接 (497.745791ms)
✔ 先染后印目标 SKU 创建两段加工单，印花只接收本行染后物料而不能跳过染色 (1706.2865ms)
✔ 单独印花 SKU 从仓库发印厂并完成样衣归档 (1651.408459ms)
✔ 印花实际交出生成中央工厂待接收原单，实收回写原交接并允许完成加工单 (627.675917ms)
✔ 专业成果没有真实附件时保持未绑定 (7.689125ms)
(node:30207) ExperimentalWarning: localStorage is not available because --localstorage-file was not provided.
(Use `node --trace-warnings ...` to show where the warning was created)
✔ 可打印不等于可建交出单，必须完成真实标签打印 (0.495458ms)
✔ 卷规格无效时不可建交出单，且不改变原可打印判定语义 (0.069208ms)
✔ 人工完成印花加工单不再自动填充操作人 (239.357416ms)
(node:30209) ExperimentalWarning: localStorage is not available because --localstorage-file was not provided.
(Use `node --trace-warnings ...` to show where the warning was created)
✔ 非 KOL PDA 导入不生成 KOL 领交料；首次 KOL 访问生成完整且幂等的演示记录 (245.660917ms)
✔ PDA 单任务读取保持普通任务、测试工厂与 KOL 任务内容和查找优先级 (5.093292ms)
(node:30210) ExperimentalWarning: localStorage is not available because --localstorage-file was not provided.
(Use `node --trace-warnings ...` to show where the warning was created)
✔ 可编辑的演示唛架保存后优先读取用户记录，刷新不恢复原备注和状态 (551.57875ms)
✔ 日报窗口含截止日7天，重点日均独立使用前6天 (0.513792ms)
✔ 未知采购不填0，未BOM不输出完整确定订单需求 (0.109458ms)
✔ 突变必须绝对量与比例同时达到阈值 (0.061417ms)
✔ 截止日突变示例与未完结日不判定 (0.055666ms)
✔ 共享商品按SPU去重而不按关联行累加销量 (0.102584ms)
✔ 预选不产生确定用料；BOM需求保留物料归属 (0.13225ms)
✔ 同料BOM优先于预选，不重复关系及需量 (0.066833ms)
✔ 两个业务页具有独立容器、标准分页与证据边界 (24.316542ms)
✔ 未进入物料页面时 bridge 不加载业务；加载失败重试后首次渲染即已注册 (5.917833ms)
✔ click 分组顺序、短路、选择器范围保持原行为，重新注册替换旧处理器 (0.601292ms)
✔ 备料写入守卫读取实时角色与水位，阻断时不调用业务处理器 (0.348875ms)
✔ input/change/keyboard 原入口、筛选范围和 change 优先级完整保留 (0.327792ms)
✔ health groups are exhaustive and mutually exclusive in demo (0.923833ms)
✔ coverage and baseline use same inventory plus transit but distinct demand windows (0.088625ms)
✔ zero demand is unavailable rather than infinity and huge finite quotient stays finite (0.110083ms)
✔ date selects different consistent snapshot (0.124167ms)
✔ threshold changes alter classification without changing facts (0.079166ms)
✔ health view carries core P1 business sections and mock caveat (12.748292ms)
✔ AT16 rules do not substitute brand, size or packaging method (0.430084ms)
✔ AT24 equal priority conflict blocks resolution and identifies rules (0.365708ms)
✔ higher explicit priority resolves a lower priority overlap (0.056458ms)
✔ plans distinguish garments and parcels and add loss once (0.154583ms)
✔ AT18 white pendant stock only allocated once (0.081333ms)
✔ event duplicate and old revision do not add consumption; reprints are activity only (0.11775ms)
✔ conflicting same revision fails instead of silently choosing a payload (0.058167ms)
✔ AT17/19/20 panel states unresolved ASAYA, independent kit80 and unknown ribbon (0.25275ms)
✔ trigger distinct from target, existing supply produces explainable zero (0.641042ms)
✔ missing mapping or usage and incompatible raw unit block unsafe generation (0.18175ms)
✔ generation reserves remaining once and shared raw pool across target rules (1.547875ms)
✔ production does not increase stock; actual SKU and output bound partial receipts (0.43275ms)
✔ cancelled suggestion releases commitment and raw allocation (0.161666ms)
✔ AT05 committed greige is not available for a second allocation (0.457334ms)
✔ AT06 partial receipt reduces expected supply; checking and qualified never duplicate (1.089917ms)
✔ AT07 unmapped target preserves quantities but gives no target coverage (1.222208ms)
✔ §7.2 loss reduces future supply; rejected receipts never become usable (0.307ms)
✔ §7.3 unit/yield/route and conservation gaps block deterministic supply (1.087583ms)
✔ §7.3 candidate comparison reports remaining shortage and respects arrival deadline (0.212166ms)
✔ §7.3 zero gap stays zero and nonfinite inputs cannot produce advice (0.060083ms)
✔ panel uses owned local handlers and discloses mock and missing images (1.706459ms)
✔ P2 coefficients and coverage exclude transit (10.401333ms)
✔ P2 coverage buckets have exclusive shared boundaries (1.058375ms)
✔ P2 partial receipts and completed batches count remaining only (0.326833ms)
✔ P2 latest overdue selected only if no future batch; today included (0.158542ms)
✔ P2 search transit and ETA filters compose (0.590041ms)
✔ P2 zero demand and missing BOM preserve distinct nulls; micro demand excluded (0.272125ms)
✔ P2 standard table renders and limits initial rows to first page (6.424667ms)
✔ AT01/02 internal reservation stays in coverage while external reservation is deducted (12.393041ms)
✔ AT03 quality segments are not usable (0.163875ms)
✔ AT04 partial receipt leaves remaining supply only (0.183ms)
✔ AT08/38 late supply never erases earlier shortage (0.150541ms)
✔ AT09 intermediate deficit determines net need rather than positive closing balance (0.129542ms)
✔ AT10 MOQ and pack rounding, zero stays zero (0.124042ms)
✔ AT11 horizon begins at cutoff and is not expanded by lead time (0.155416ms)
✔ AT12 forecast covered by confirmed demand is excluded before coefficient (0.1285ms)
✔ AT13 no demand has no numeric coverage (0.107458ms)
✔ AT14 cancelling demand does not change stock (0.1545ms)
✔ AT15 latest event revision only (0.430667ms)
✔ AT16/17 directory preserves bag sizes and ASAYA duplicated input is one unresolved SKU (0.0895ms)
✔ AT18 three brands draw from one shared pool (0.128584ms)
✔ AT19/20 kit capacity respects minimum and missing conversion (0.057583ms)
✔ AT21 inactive/unusable stock remains physically visible (0.094625ms)
✔ AT23 affected order identifiers are unique (0.088333ms)
✔ AT25/26 draft does not mutate active and invalidates trial (0.07475ms)
✔ AT26/28 publish requires role and exact trial; history retained (0.327333ms)
✔ AT31 risk cannot close with remaining shortage or skip verification (0.2025ms)
✔ AT37 invalid dates, unknown timezone, bad numeric values rejected (0.103084ms)
✔ duplicate supply chain does not double count and blocks deterministic advice (0.105083ms)
✔ warehouse catalogue includes 17 locations and two garment warehouses (0.043667ms)
✔ candidate comparison retains pre-arrival risk (0.282583ms)
✔ SKU-specific policy wins and duplicate rules block publish (0.140917ms)
(node:30220) ExperimentalWarning: localStorage is not available because --localstorage-file was not provided.
(Use `node --trace-warnings ...` to show where the warning was created)
✔ 逐票与逐打印任务保持原结构，变更一条只保存一条 (1.089458ms)
✔ 草稿按原映射键保存；手工票与操作记录分离，删除票保留审计 (0.242625ms)
✔ 拒绝损坏JSON且不冒充空数据 (0.115833ms)
✔ 拒绝空字符串且不冒充空数据 (0.05175ms)
✔ 拒绝错误根且不冒充空数据 (0.043916ms)
✔ 拒绝重复票号身份且不冒充空数据 (0.049875ms)
✔ 拒绝缺少票号且不冒充空数据 (0.055875ms)
✔ 拒绝错误状态且不冒充空数据 (0.045875ms)
✔ 拒绝打印关联缺失且不冒充空数据 (0.05775ms)
✔ 拒绝草稿身份缺失且不冒充空数据 (0.084666ms)
✔ 拒绝手工日志缺失且不冒充空数据 (0.123708ms)
✔ 拒绝手工二维码缺失且不冒充空数据 (0.052959ms)
✔ 已保存实体与备份身份校验，不接受伪造集合或迁移元数据 (0.575833ms)
✔ 袋账派生绑定锁，无需持久化派生票快照；关闭周转解除旧快照锁 (557.364209ms)
✔ 唛架来源和铺布单逐实体保存，保留卷明细、层序及来源引用 (0.219375ms)
✔ 指定保存对象不复制重复静态唛架，也不覆盖其他已保存铺布单 (0.236333ms)
✔ 旧袋账按实体保留绑定与历史，局部动作不复制静态袋档案 (0.319792ms)
✔ 专用打印来源保留原票身份、数量、状态、袋锁及打印对象，不查询全量PDA与库存摘要 (1266.134375ms)
✔ 实际输出首打保持原身份与数量；动态与普通来源均可打印，失效来源阻断，重复首打不新增 (89.879042ms)
✔ 唛架引用读取失败明确阻断，不将迁移或读取错误伪装成空铺布来源 (0.915333ms)
✔ 用户唛架方案逐ID迁移保留床次和占用，修改一张不重写其它方案 (0.213542ms)
✔ PDA及手工票专用唛架定义与原完整投影等价，保留床次、数量和可铺布资格 (537.768459ms)
✔ 裁床配料按真实生产单范围读取与全量结果逐字段相等，保留库存、领取、状态与任务链接 (486.761166ms)
✔ PDA铺布目标直接携带真实已保存铺布单的裁床与负责人，不另算整套列表 (406.972542ms)
✔ 铺布投影复用唛架定义仍保留已保存session的卷明细、裁床、负责人和实际裁剪数量 (488.655292ms)
✔ 路由标准化移除 query 与 hash，但不改动路径 (0.386583ms)
✔ 只匹配路由根或其子路径，不误匹配相似前缀 (0.117458ms)
✔ 可在多个合法根路径中匹配一个 (0.071625ms)
✔ 只把完整生产确认单打印路由识别为命中 (0.099292ms)
✔ 专业任务必须全部有效明细通过且保留成果与审核事实 (1.7665ms)
✔ 纸样名称或物料关联不能替代可读取原文件 (20.038875ms)
(node:30225) ExperimentalWarning: localStorage is not available because --localstorage-file was not provided.
(Use `node --trace-warnings ...` to show where the warning was created)
✔ 目标 SKU 的四种加工组合、前序实物和 BOM Q 均按已建档字段读取 (4.212459ms)
✔ 整单总量口径保存后仍按一次总量计算，不被样衣件数重复放大 (1888.255459ms)
✔ 一张设计改款 BOM 同时有 Yard 面料和 PCS 辅料时，各行独立计量且辅料无需加工调拨 (73.605958ms)
✔ 复用既有纸样与参照 BOM 的无印染任务可直接提交样衣并自动完成；复制只生成草稿 (1351.833375ms)
✔ 批量复制保留物料、费用和样衣安排为独立可编辑草稿，不生成工作 (113.213792ms)
✔ 单页创建同时保存物料、费用与样衣要求；失败不留下空任务 (74.494625ms)
✔ 加工按物料行及实际阶段执行：纯染行与先染后印行独立串联 (252.274166ms)
✔ 旧设计任务移除线下工作和依赖，保留加工单身份、样衣成果及原始输入 (1525.107208ms)
✔ 任务汇总排除未启用，待前置只列出未完成依赖，关闭单不继续催办 (7.497417ms)
✔ 筛选覆盖关键词、状态、跟单、待办、类型、团队和日期边界，统计范围一致 (0.344917ms)
✔ CSV包含全部匹配行和任务责任计划，不含操作列，特殊文字正确转义 (0.47825ms)
✔ 生产准备必须读取测款最终通过事实，保存时重新校验且失败不生成主单 (1576.747208ms)
✔ PATTERN_ARTWORK 多明细全部有效项通过才完成，同SKU不同要求不合并 (0.491125ms)
✔ COLOR_FABRIC 多明细全部有效项通过才完成，同SKU不同要求不合并 (0.122333ms)
✔ COLOR_YARN 多明细全部有效项通过才完成，同SKU不同要求不合并 (0.098417ms)
✔ 多辅料分单覆盖，第一张下单不足以完成，失效单不能提供覆盖 (0.260708ms)
✔ 专业列表业务字段查询与责任、来源、计划边界组合，未登记计划不误入日期结果 (0.747ms)
(node:30233) ExperimentalWarning: localStorage is not available because --localstorage-file was not provided.
(Use `node --trace-warnings ...` to show where the warning was created)
✔ targeted PCS baseline reads return independent records without cloning unrelated collections (163.1825ms)
✔ PCS 前插多个新记录保留全部既有位置，重复保存不产生位置变化 (1.286833ms)
✔ PCS 单条置顶、居中插入、删除保持实际顺序且不移动其余记录 (0.127958ms)
✔ PCS 图片按款号和颜色固定，尺码不改变照片，未知对象没有随机图片 (2.054375ms)
✔ 历史 Mock 只替换登记的旧图，保留用户图片及未知款式 (1.349459ms)
✔ 后道 QC 来源 SKU 保留原身份和数量，五种颜色分别绑定对应实拍 (0.201625ms)
✔ 后道历史快照只迁移准确 SKU 的旧示意图，质检数量与用户图不变 (0.435084ms)
(node:30236) ExperimentalWarning: localStorage is not available because --localstorage-file was not provided.
(Use `node --trace-warnings ...` to show where the warning was created)
✔ SAMPLE-FIX-01–05/11: actual request→reserve→approve→pickup→return→receipt; stable own IDs and detached reads (1055.796083ms)
✔ SAMPLE-FIX-03/05: all invalid input blocks writes; cancellation/rejection frees only own reservation (722.760709ms)
✔ SAMPLE-FIX-08/09/11: cases and stocktake persist independently, cannot execute twice or masquerade as adjustment (639.027708ms)
(node:30237) ExperimentalWarning: localStorage is not available because --localstorage-file was not provided.
(Use `node --trace-warnings ...` to show where the warning was created)
✔ HG-001/002/004: SKU identity survives duplicate receipts, transfers and repeats; HG resolves SKU (299.396667ms)
✔ HG-005/006/008: printed data and bounded settings; no truncation, images or state writes (0.943709ms)
✔ HG-002/004 regression: older receipt without identities retains its first date; raw SKU is never HG (93.399916ms)
(node:30238) ExperimentalWarning: localStorage is not available because --localstorage-file was not provided.
(Use `node --trace-warnings ...` to show where the warning was created)
✔ SAMP-001–013 Mock: receipt → all SKU tags → live/home → production/factory/department/warehouse → marketing, with adversarial gates (1404.089458ms)
(node:30239) ExperimentalWarning: localStorage is not available because --localstorage-file was not provided.
(Use `node --trace-warnings ...` to show where the warning was created)
✔ PDA 列表轻量摘要与详情的归属、数量、物料和下一步一致 (1230.0015ms)
(node:30240) ExperimentalWarning: localStorage is not available because --localstorage-file was not provided.
(Use `node --trace-warnings ...` to show where the warning was created)
✔ 按工厂投影不改变全能力、印花、染色、中央与裁片演示账号可见任务 (1263.577917ms)
(node:30243) ExperimentalWarning: localStorage is not available because --localstorage-file was not provided.
(Use `node --trace-warnings ...` to show where the warning was created)
✔ 接单工厂范围保留全量投影中本厂每个任务的身份、数量、状态及接单/中标结果 (3185.188333ms)
(node:30244) ExperimentalWarning: localStorage is not available because --localstorage-file was not provided.
(Use `node --trace-warnings ...` to show where the warning was created)
✔ PDA order/task link indexes preserve all full-index candidates without constructing unrelated material rows (764.924417ms)
✔ ordinary sewing direct lookup keeps every field and factory permission from the complete canonical projection (393.259875ms)
✔ runtime sewing overrides and legacy/missing IDs retain the complete projection result (1626.749ms)
✔ one fresh read-only object snapshot preserves readiness, context and unknown references without refreshing per miss (564.226042ms)
✔ PDA handlers wait for part-ticket hydration, and the real detail is not mounted before both dependencies complete (158.424833ms)
✔ ordinary sewing detail leaves unrelated PMS initialization pending until a normal module entry (36.238875ms)
✔ same-navigation sewing preload discovers actual bundle entries and static closure without evaluating modules (61.155041ms)
✔ preview compression includes the same sewing static chunks and retains existing assets without broad lazy-route output (28.315875ms)
(node:30246) ExperimentalWarning: localStorage is not available because --localstorage-file was not provided.
(Use `node --trace-warnings ...` to show where the warning was created)
✔ 中转袋交出与实际入仓使用同一浏览器本地业务时间，不把 UTC 当作本地时间 (3.135291ms)
[PMS_IDB_LOAD_FAILED] { message: '当前浏览器不支持 IndexedDB,PMS 业务数据无法持久化。' }
✔ 物流商新增字段保存回显并写入操作日志 (3.437125ms)
✔ 物流商数字字段非负校验与运输方式枚举校验 (0.270209ms)
✔ 渠道新增字段保存回显，条件计费字段按计费方式保留 (0.429833ms)
✔ 整柜渠道不要求新增计费字段，仍要求四箱型完整配置 (0.146ms)
✔ 渠道数字字段非负与时效区间校验 (0.464792ms)
✔ 头程批次聚合展示总箱数、总重量、总体积与转运天数 (0.524083ms)
✔ 工序链按保存顺序生效，合法工序集合固定，非法或重复工序被拒 (2.399584ms)
✔ 坯布 SKU 必填，坯布库存为 0 时调拨资格被拒，补足后恢复 (0.380834ms)
✔ 采购单按勾选 SKU 生成明细，数量与枚举非法被拒 (0.167334ms)
✔ 调拨单可选择调出仓库与调入目标，同步生成加工单号链 (0.230834ms)
✔ 批量刷新库存更新全部监控行与刷新时间并写日志 (0.201333ms)
✔ 手动添加监控 SKU 校验 SKU 必填与重复，添加后进入列表 (0.276958ms)
✔ 物料申报扩展字段保存回显，26 项特殊属性按数组保存 (3.381333ms)
✔ 报关扩展：法定第二计量单位与数值，不报关分支跳过必填校验 (0.443792ms)
✔ BOM 业务选项与价格/成本、工厂、布料字段保存回显 (2.784625ms)
✔ 主体经营 9 项成本明细加调整重算总成本，数据缺失提醒可消除 (0.45975ms)
✔ 供应商从草稿到启用遵循状态机，名称唯一 (3.00375ms)
✔ 供货档案包装换算与快照版本 (0.556583ms)
✔ 物料全部有真实图片，采购补充信息可更新且不新增删除 (0.797167ms)
✔ 成衣与样衣 SKU 只读列表数据完整 (0.170083ms)
✔ 仓库同步更新时间，单位字典唯一且不可删除只可启停 (0.628875ms)
✔ BOM 用量可修改，说明可保存，发布后可生成面辅料需求 (2.317791ms)
[PMS_IDB_LOAD_FAILED] { message: '当前浏览器不支持 IndexedDB,PMS 业务数据无法持久化。' }
[PMS_IDB_UNAVAILABLE] put 跳过,数据仅保留在内存 { store: 'pmsMaterialPurchaseOrderDeltas', key: 'CGF-2026-0005' }
[PMS_IDB_UNAVAILABLE] put 跳过,数据仅保留在内存 { store: 'pmsMaterialPurchaseOrderDeltas', key: 'CGF-2026-0001' }
[PMS_IDB_UNAVAILABLE] put 跳过,数据仅保留在内存 { store: 'pmsMaterialPurchaseOrderDeltas', key: 'CGF-2026-0007' }
✔ 面辅料需求种子就绪且可按物料行下推采购单 (2.795459ms)
✔ 快递信息导入校验采购单存在、单号唯一、日期与数量合法 (0.498291ms)
✔ 国内签收、加入头程、状态推进与到仓自动签收 (1.039875ms)
✔ 供应商确认单需标签齐备，确认后回写采购单 (0.8115ms)
✔ 整柜渠道必须完整配置四个箱型，物流商可启停 (0.324042ms)
✔ 面辅料采购单可带原因关闭，关闭后不能再登记到货 (0.21425ms)
✔ 库存监控触发线与建议量公式，规则异常阻断建单 (2.156541ms)
✔ 建单数量不得超过建议量，调拨与采购资格分别阻断 (0.212834ms)
✔ 中转看板指标、分布与筛选跳转规则 (0.267916ms)
✔ 生产单校验与配料任务只读数据完整，系统设置结果为 8/6/10 (0.086917ms)
✔ 种子采购单按 SRM 生成器规律补齐单据级与明细级字段 (1.934833ms)
✔ 新建做货采购单保存采购专员、加急、首单、区域与明细字段并可回显 (4.140459ms)
✔ 未传新增字段时沿用默认值并保持既有命令兼容 (0.153583ms)
✔ 采购专员必填、做货必须选区域、重量非负均抛出中文 PmsDomainError (0.43ms)
✔ 编辑采购单保存新增字段并回显，非法输入被阻断 (0.331959ms)
✔ BOM 状态与 bomMatched 一致，未发布 BOM 的做货明细为未匹配 (0.250042ms)
✔ 行采购金额使用 roundPmsQty 且汇总等于逐行金额之和 (0.127459ms)
✔ 采购建议按缺口公式与折扣计算，并计入有效 KOL 申请 (0.773917ms)
✔ KOL 草稿与已驳回不计入建议缺口 (0.276ms)
✔ 建议转采购单后写回已转数量与部分生成状态 (2.726375ms)
✔ 面辅料需求按 BOM 用量与损耗扣减库存和采购中 (0.566625ms)
✔ 重复生成、草稿采购单与非做货采购单均被阻断 (0.118ms)
✔ KOL 单条超量需要二次确认，超过申请量直接阻断 (0.305583ms)
✔ 驳回 KOL 需求后不再计入建议缺口 (0.123334ms)
✔ 关闭采购单必须填写原因且已关闭不可重复关闭 (0.250167ms)
[PMS_IDB_LOAD_FAILED] { message: '当前浏览器不支持 IndexedDB,PMS 业务数据无法持久化。' }
[PMS_IDB_SAVE_FAILED] 创建请款单 IDB 写入失败 {
  requestNo: 'PAY-M-2026-0006',
  message: '当前浏览器不支持 IndexedDB,PMS 业务数据无法持久化。',
  degraded: 'memory-only'
}
[PMS_IDB_SAVE_FAILED] 创建请款单 IDB 写入失败 {
  requestNo: 'PAY-L-2026-0004',
  message: '当前浏览器不支持 IndexedDB,PMS 业务数据无法持久化。',
  degraded: 'memory-only'
}
[PMS_IDB_SAVE_FAILED] 作废请款单 IDB 写入失败 {
  requestNo: 'PAY-L-2026-0004',
  message: '当前浏览器不支持 IndexedDB,PMS 业务数据无法持久化。',
  degraded: 'memory-only'
}
✔ 主体经营明细总成本、毛利与毛利率公式 (0.839166ms)
✔ 面辅料对账：预计/实际双层公式，费用项与差异双重门禁 (3.221333ms)
✔ 面辅料费用项部分确认、批量确认与编辑失效 (0.542833ms)
✔ 请款草稿跨页创建、请款与付款上限、编辑范围 (1.476ms)
✔ 物流实际费用 12 列导入校验、不自动确认与确认后锁定 (0.538833ms)
✔ 请款单作废释放来源对账，已有付款不能作废 (0.381083ms)
✔ 供应商账单 9 列导入覆盖实际层且不自动确认 (0.287166ms)
✔ 金额大写按 RMB 规则输出并覆盖跨节零 (0.130333ms)
[PMS_IDB_UNAVAILABLE] put 跳过,数据仅保留在内存 { store: 'pmsMaterialPurchaseOrderDeltas', key: 'CGF-2026-0005' }
[PMS_IDB_LOAD_FAILED] { message: '当前浏览器不支持 IndexedDB,PMS 业务数据无法持久化。' }
[PMS_IDB_UNAVAILABLE] put 跳过,数据仅保留在内存 { store: 'pmsMaterialPurchaseOrderDeltas', key: 'CGF-2026-0005' }
[PMS_IDB_UNAVAILABLE] put 跳过,数据仅保留在内存 { store: 'pmsMaterialPurchaseOrderDeltas', key: 'CGF-2026-0005' }
[PMS_IDB_UNAVAILABLE] put 跳过,数据仅保留在内存 { store: 'pmsMaterialPurchaseOrderDeltas', key: 'CGF-2026-0005' }
[PMS_IDB_UNAVAILABLE] put 跳过,数据仅保留在内存 { store: 'pmsMaterialPurchaseOrderDeltas', key: 'CGF-2026-0005' }
[PMS_IDB_UNAVAILABLE] put 跳过,数据仅保留在内存 { store: 'pmsMaterialPurchaseOrderDeltas', key: 'CGF-2026-0005' }
✔ 生成卷号按前缀、每卷米数、重量与起始序号生成并写入包装明细 (3.908125ms)
✔ 生成卷号时尾卷承载剩余数量，卷数按采购数量与每卷米数自动取整 (4.849958ms)
✔ 非法卷号参数被拒绝并抛出中文域错误 (0.478542ms)
✔ 生成标签后二维码内容包含卷号与箱规，参与打印 (0.370584ms)
✔ 箱规新增自动计算体积，重复箱号与非法尺寸被拒，删除后计数正确 (0.316917ms)
✔ 包装明细可新增与删除，非法输入被拒且删除后计数正确 (0.263083ms)
✔ 被包装明细引用的箱规不能删除 (0.086458ms)
✔ 供应商枚举与 SRM 完全一致，旧枚举不再出现 (0.787667ms)
✔ 种子字段满足 SRM 枚举且协同指标为数字 (0.1255ms)
✔ 新增字段保存并回显，成功命令写入操作日志 (3.110833ms)
✔ 编辑保存新增字段并保持状态机与事件名不变 (0.239334ms)
✔ 非法或缺失输入抛 PmsDomainError 且不写入数据 (0.334875ms)
✔ 详情与列表展示新增字段、SRM 枚举与协同指标 (14.983875ms)
(node:30258) ExperimentalWarning: localStorage is not available because --localstorage-file was not provided.
(Use `node --trace-warnings ...` to show where the warning was created)
✔ CONTRACT-002: business allocation day is day 1 and every calendar day counts, including Sunday (2.608958ms)
✔ CONTRACT-002: the three contracts retain 4/8/9, 5/9/10 and 6/9/12 calendar-day milestones (5.215292ms)
✔ CONTRACT-002: invalid calendar dates and counting days still fail without creating deadlines (0.852791ms)
(node:30259) ExperimentalWarning: localStorage is not available because --localstorage-file was not provided.
(Use `node --trace-warnings ...` to show where the warning was created)
✔ 实际耗时跨周日仍按真实时间差；没有可靠时间不造耗时 (0.53075ms)
✔ 每任务都达成才结束；同一来源去重，作废明细不影响主表 (0.169917ms)
✔ 耗时页 Mock 至少覆盖九张生产单和全部节点，且下游事实不会越过未完成的前置节点 (645.196709ms)
✔ 裁片放行按一张放行单内的多次放行展示并选取节点起止时间 (77.301417ms)
(node:30260) ExperimentalWarning: localStorage is not available because --localstorage-file was not provided.
(Use `node --trace-warnings ...` to show where the warning was created)
✔ EXC-001—004: a reference mark cannot change debt, strict kits or final task responsibility (8.583417ms)
(node:30261) ExperimentalWarning: localStorage is not available because --localstorage-file was not provided.
(Use `node --trace-warnings ...` to show where the warning was created)
✔ 派单新增主档工厂可登记承接关系，未知工厂仍阻断 (8.390791ms)
✔ 专属任务保留整单身份、数量和接收方，工艺分支保留全部前置关系 (1.09925ms)
✔ 原生产单车缝任务仍可被 PPIC 分配与责任移交识别，SKU 总量完整 (7.455292ms)
✔ PRINT-HISTORY-001: demo identities remain fixed and reject another factory or task (1.056916ms)
✔ PRINT-HISTORY-002: DYE-GOTO-GLOBAL historical slot 09 survives independent reloads without overwriting (2459.938125ms)
✔ PRINT-HISTORY-002: ID-FAC-001165 historical slot 09 survives independent reloads without overwriting (2721.652833ms)
(node:30263) ExperimentalWarning: localStorage is not available because --localstorage-file was not provided.
(Use `node --trace-warnings ...` to show where the warning was created)
✔ VERIFY-003: dispatch reads keep all documents and independent copies without projecting unrelated business views (249.278542ms)
✔ frozen printing images are losslessly stored once across orders, tasks and attachments (3.068083ms)
✔ missing or malformed image references fail rather than silently replacing frozen evidence (0.2825ms)
(node:30266) ExperimentalWarning: localStorage is not available because --localstorage-file was not provided.
(Use `node --trace-warnings ...` to show where the warning was created)
✔ PERF-002/004: scoped receiving reads preserve direct receipts and allocations, without exposing mutable facts (23.609ms)
✔ PERF-002/004: a synchronous relation read matches independent reads and releases its scope after errors (831.369458ms)
✔ PERF-004: batched print list reviews and handovers equal independently read facts (424.651958ms)
✔ PERF-004: scoped handovers keep canonical sorting and task point reads preserve identity (12.691417ms)
✔ PERF-004: reusing warehouse documents preserves each dye order source, quantity and receiver (359.253875ms)
(node:30267) ExperimentalWarning: localStorage is not available because --localstorage-file was not provided.
(Use `node --trace-warnings ...` to show where the warning was created)
✔ craft source selection preserves all previous source choices and isolated snapshots (28.142875ms)
✔ source eligibility is re-evaluated after a source order changes (0.339958ms)
(node:30268) ExperimentalWarning: localStorage is not available because --localstorage-file was not provided.
(Use `node --trace-warnings ...` to show where the warning was created)
✔ 生产单创建来源只覆盖旧匹配事实，不复活已取消或覆盖更新后的匹配 (0.809833ms)
✔ 提前来源随PO唯一保存，重复生成不会追加第二份事实；查询投影不反向写PO (0.337208ms)
✔ 失败和嵌套投影后创建stage标记恢复，不影响后续染印执行保存 (0.220917ms)
✔ 备份拒绝错误归属、重复、未知状态和缺少正式冻结来源的匹配 (0.163291ms)
(node:30269) ExperimentalWarning: localStorage is not available because --localstorage-file was not provided.
(Use `node --trace-warnings ...` to show where the warning was created)
✔ 验收数据至少包含 5 张染色和 5 张印花提前加工单，并覆盖全部匹配状态 (602.644083ms)
✔ 印花专业成果把多张图片和多个文件统一保存在同一附件集合 (0.176042ms)
✔ 同一生产需求可手动选择具体专业任务，创建结果保存所选任务与全部成果附件 (37.4375ms)
✔ 创建提前加工单必须选择所属专业任务并明确加工厂 (4.215334ms)
✔ 计划加工数量包含损耗率，且染色印花投入与产出 SKU 必须不同 (0.175375ms)
✔ 专业成果未审核通过时不可创建提前加工单 (1.847542ms)
✔ 多个生产需求合并为一张生产单时，可匹配多张提前染色加工单 (35.175333ms)
✔ 等待技术包的提前单在技术包就绪后可由同一匹配服务自动重试 (21.534209ms)
✔ 合并生产单中只有部分需求有提前单时，只为未覆盖需求补建剩余数量 (49.357416ms)
✔ 已有提前单但正式 BOM 或 SKU 不一致时进入异常，且不重复补建同一工艺单 (32.258083ms)
✔ 取消后重建保留旧单，并建立双向替代关系 (3.869416ms)
✔ 没有提前加工单的需求仍保留正式加工单快照 (4.273208ms)
✔ 查生产入口只在合法系统路由显示，并在打印与 PDA 路由隐藏 (0.576625ms)
✔ 相似前缀和相似打印段不会被当成合法路由 (0.073375ms)
(node:30272) ExperimentalWarning: localStorage is not available because --localstorage-file was not provided.
(Use `node --trace-warnings ...` to show where the warning was created)
✔ 静态生产单更新任务状态时保留原冻结资料，不强造不存在的技术版本 (0.758167ms)
✔ 沿用静态资料的例外不能用于新单、篡改快照或错误技术版本 (0.695083ms)
(node:30273) ExperimentalWarning: localStorage is not available because --localstorage-file was not provided.
(Use `node --trace-warnings ...` to show where the warning was created)
✔ PERF-001: runtime snapshot and all nine subsets preserve every production order value and caller isolation (36.220875ms)
✔ PERF-001: a subset read does not traverse or clone unrelated snapshot sections (0.728292ms)
✔ PERF-001: paper pattern binding strips and nested craft arrays remain isolated after mutation (0.653792ms)
✔ PERF-001: replacing or updating the bound snapshot is visible immediately without a stale cache (0.382792ms)
✔ PERF-001: missing production order keeps null and empty-list contracts (0.191125ms)
✔ opening a follow-up modal only reads, and empty inputs never appear saved (13.152333ms)
✔ save waits for completion and readback, rejects double-click writes, and stores realtime feedback without a forecast (23.4805ms)
✔ failed save retains all inputs and retries the exact same operation ID (8.036958ms)
✔ commit followed by readback failure remains unconfirmed until a read proves the same record (2.424959ms)
✔ work must belong to the current production order and expected time must be valid (2.6295ms)
✔ read failure retains a draft and does not treat unavailable records as a normal empty history (2.006917ms)
✔ old logs are retained, but never assigned to a new production order by inference (1.702167ms)
✔ PAGE-001 / SCENE-17 / 20: 19 unique production orders plus one purchase awaiting association preserve the 19 accepted base scenes (1.348ms)
✔ MASTER-001 / SCENE-07: reversing purchase order input retains earliest precise start and 28-day deadline (0.247375ms)
✔ MASTER-002: full warehouse completion at the exact deadline is timely; one minute later is late (0.146875ms)
✔ SCENE-03—05: warehouse facts establish completion separately from final timestamp and stale upstream records (0.151083ms)
✔ SCENE-06 / 16 / 18: quantity positions conserve pieces while missing position and task ownership remain distinct (4.175583ms)
✔ CONTRACT-002 / SCENE-13: three return contracts use calendar days including Sunday and their actual held quantities (0.825334ms)
✔ SCENE-19: B factory total 40% cannot cover the independently overdue B01 task (0.669333ms)
✔ SCENE-02 / 08: timely returns and late reached milestone differ from a currently overdue unmet milestone (0.561375ms)
✔ SCENE-09 / 10: preparation is a parallel four/five-day stage with separately recorded production and handover (2.07775ms)
✔ SCENE-11 / 12: sample date is pickup plus three; failed or unsubmitted sample does not move the return deadline (1.220167ms)
✔ SCENE-14: stock 600 meters advances before the independent 900-meter purchase batch, with three work/handover records each (3.2795ms)
✔ SCENE-15: known 600-meter receipt is preserved while the 900-meter purchase remains unknown and currently late (0.4795ms)
✔ SCENE-20: partial factory handover retains 2400 sleeve pieces received and 600 disputed without closing the handover or converting to garments (0.95725ms)
✔ SCENE-01: completed preparation/material delays remain history while sleeve work has a current 600-piece gap (0.71075ms)
✔ PREP / CRAFT: auxiliary work is three days each; bulk dye/print/wash and handovers have no invented SLA (1.42825ms)
✔ SOURCE / UI: document IDs, related ownership, native routes and source summaries are coherent without read mutation (26.325041ms)
✔ SOURCE: there are no future actual events or reversed processing/handover times in the fixed demonstration (5.360083ms)
✔ SCENE late: expanded accepted diagram retains its business nodes and source documents (0.967042ms)
✔ SCENE normal: expanded accepted diagram retains its business nodes and source documents (0.781625ms)
✔ SCENE complete: expanded accepted diagram retains its business nodes and source documents (0.640167ms)
✔ SCENE completeLate: expanded accepted diagram retains its business nodes and source documents (1.4935ms)
✔ SCENE completeUnknown: expanded accepted diagram retains its business nodes and source documents (0.604208ms)
✔ SCENE partial: expanded accepted diagram retains its business nodes and source documents (0.776292ms)
✔ SCENE reordered: expanded accepted diagram retains its business nodes and source documents (0.815542ms)
✔ SCENE reachedLate: expanded accepted diagram retains its business nodes and source documents (0.996584ms)
✔ SCENE positioning: expanded accepted diagram retains its business nodes and source documents (0.253291ms)
✔ SCENE prepPending: expanded accepted diagram retains its business nodes and source documents (0.222417ms)
✔ SCENE sampleLate: expanded accepted diagram retains its business nodes and source documents (1.333209ms)
✔ SCENE samplePending: expanded accepted diagram retains its business nodes and source documents (1.150292ms)
✔ SCENE fullContract: expanded accepted diagram retains its business nodes and source documents (0.765875ms)
✔ SCENE materialBatches: expanded accepted diagram retains its business nodes and source documents (0.467417ms)
✔ SCENE materialPartial: expanded accepted diagram retains its business nodes and source documents (0.312917ms)
✔ SCENE live: expanded accepted diagram retains its business nodes and source documents (0.767542ms)
✔ SCENE unknown: expanded accepted diagram retains its business nodes and source documents (0.114208ms)
✔ SCENE unassigned: expanded accepted diagram retains its business nodes and source documents (0.940583ms)
✔ SCENE sameFactory: expanded accepted diagram retains its business nodes and source documents (0.774458ms)
✔ SCENE handoverPartial: expanded accepted diagram retains its business nodes and source documents (1.888542ms)
✔ PREP-005: supplemental scene retains disabled and change-ended documents without creating active clocks or blocking valid preparation (0.575167ms)
✔ timing documents resolve directly at their native route with the same shared static facts (501.508958ms)
✔ source detail does not resolve unrelated records or a registered record at a wrong module path (0.168125ms)
✔ a handover belongs to its original outgoing work rather than a linked next process (0.10125ms)
✔ contract details retain natural-day deadlines and late achievement history (0.490375ms)
✔ partially received material retains unknown purchase receipt instead of inventing zero or full stock (0.203458ms)
✔ production preparation details include parallel requirements and BOM quantities (0.520166ms)
✔ work remaining quantity follows known required and completed quantities in the same unit (0.693292ms)
✔ missing factory sample uses the recorded requirement date and keeps sample approval outside return milestones (0.179583ms)
✔ purchase-only scenario resolves to the existing merchandise purchase and pending-purchase backlink (0.123708ms)
✔ MIGRATE-001: direct production/pending detail paths have their own active tab identity; discarded tasks/examples/team details are absent (0.685834ms)
✔ MIGRATE-001: stored DDS tabs prune discarded addresses, retain unrelated tabs and correct the live production title without touching input (0.57725ms)
(node:30279) ExperimentalWarning: localStorage is not available because --localstorage-file was not provided.
(Use `node --trace-warnings ...` to show where the warning was created)
✔ VERIFY-003: scoped reads preserve pending/voided sources and defensive copies (7.66625ms)
✔ VERIFY-003: metadata lookup reflects registry changes and returns independent locations (18.137ms)
✔ 备份恢复不能借原票编号伪造另一种面料的交出回执 (2.281167ms)
✔ 换片布固定演示：四个新增生产单覆盖部分打印、补打、交出备用及失效票 (2.020167ms)
✔ 部位票缓存感知已提交事件版本，重复读取同一版本不失效 (0.752042ms)
✔ 按名称排朴，空名拒绝，同名不同编码/颜色保留独立身份 (0.615542ms)
✔ 初始每面料一张，重复分配幂等；新增与补打不混淆 (0.79925ms)
✔ 改派未交票失效，已交历史不抹除，新范围递增序号 (0.575292ms)
✔ 部分出纸仅确认勾选票；重复确认不增加次数，内容变化拒绝 (0.143542ms)
✔ 整个批次多袋并集检查，非本次袋不可借用，顺序无关 (0.417333ms)
✔ 同任务同工厂历史可满足；不同任务或换厂必须另交 (0.194083ms)
✔ 三方自行裁剪排除，资料缺失与无需面料分开判断 (0.063834ms)
✔ 混装按类型和单位分项，换片布不能拆成非5 Yard (0.117875ms)
✔ 局域网 HTTP 的摘要与原生 SHA-256 相同，既有票号不变化 (12.549875ms)
(node:30286) ExperimentalWarning: localStorage is not available because --localstorage-file was not provided.
(Use `node --trace-warnings ...` to show where the warning was created)
✔ 混装打印保留裁片矩阵，捆条和换片布独立附页，不合并单位 (1.334916ms)
✔ 纯换片布袋可生成货物标识，不制造尺码和部位 (0.126666ms)
✔ 混装标签拒绝换片布错误长度、作废票和混生产单 (0.247917ms)
✔ 旧业务存储不可读时仍用已提交的原装袋周期打印三类货物 (0.473041ms)
✔ 生产单按单记录；变更一单不重写其他单和任务 (1.363834ms)
✔ 运行任务独立保存覆盖、拆分、合并、改派及序号，往返保留身份 (0.235791ms)
✔ 有效分配索引、独立记录、审计及序号完整往返，拒绝重复身份和损坏格式 (0.362333ms)
✔ 拒绝空字符串，不吞掉损坏记录 (0.064083ms)
✔ 拒绝数组根，不吞掉损坏记录 (0.050375ms)
✔ 拒绝生产单数组实体，不吞掉损坏记录 (0.044375ms)
✔ 拒绝生产单空编号，不吞掉损坏记录 (0.042875ms)
✔ 拒绝生产单损坏快照，不吞掉损坏记录 (0.04425ms)
✔ 拒绝任务覆盖数组，不吞掉损坏记录 (0.071875ms)
✔ 拒绝任务覆盖身份，不吞掉损坏记录 (0.087708ms)
✔ 拒绝拆分来源身份，不吞掉损坏记录 (0.053458ms)
✔ 拒绝拆分子项损坏，不吞掉损坏记录 (0.044791ms)
✔ 拒绝合并明细损坏，不吞掉损坏记录 (0.04325ms)
✔ 拒绝改派任务身份，不吞掉损坏记录 (0.038041ms)
✔ 拒绝不安全序号，不吞掉损坏记录 (0.030916ms)
✔ 拒绝重复Map键，不吞掉损坏记录 (0.0335ms)
✔ 拒绝current非数组，不吞掉损坏记录 (0.033458ms)
✔ 拒绝current孤儿，不吞掉损坏记录 (0.038625ms)
✔ 拒绝current跨任务，不吞掉损坏记录 (0.043792ms)
✔ 拒绝current重复引用，不吞掉损坏记录 (0.028459ms)
✔ 拒绝审计孤儿，不吞掉损坏记录 (0.029459ms)
✔ 已保存实体损坏编号、缺少meta或重复meta不能伪造正常空源 (0.155917ms)
✔ 未登记key及空白JSON拒绝；null明确代表没有覆盖 (0.060459ms)
✔ 备份校验拒绝未知来源集合、伪造迁移身份及丢失检查点实体 (0.658916ms)
✔ 四类静态运行任务的删除标记完整往返，拒绝混入业务字段或假删除 (0.144667ms)
✔ 分配副产物按实体保存；合同、样衣及PPIC责任保留独立序号 (0.508834ms)
✔ 拒绝缺失渲染必需快照的合同，防止迁移清源后才暴露损坏 (0.052292ms)
✔ 关联实体损坏拒绝 unknown:X (0.057709ms)
✔ 关联实体损坏拒绝 material-context:A (0.036ms)
✔ 关联实体损坏拒绝 return-sequence:value (0.03225ms)
✔ 关联实体损坏拒绝 sla-current:T (0.026083ms)
✔ 生产创建匹配来源按生产单身份校验并完整恢复 (0.206875ms)
✔ 工厂结束事实只允许明确任务、操作人和时间 (1.30075ms)
✔ 既有招标定标记录保留真实来源编号并校验价格与操作人 (0.522458ms)
✔ 开工交出单头只包含首次零交出事实，拒绝伪造数量和身份 (0.711292ms)
(node:30288) ExperimentalWarning: localStorage is not available because --localstorage-file was not provided.
(Use `node --trace-warnings ...` to show where the warning was created)
✔ 同分配的同名 A/B 面料分别新增和打印；第二面料不被第一范围替代 (95.185291ms)
(node:30289) ExperimentalWarning: localStorage is not available because --localstorage-file was not provided.
(Use `node --trace-warnings ...` to show where the warning was created)
✔ 分配 SKU 的需料不同；多尺码共料去重，名称含朴排除 (2.05225ms)
✔ 完整但全是朴为空集合；缺颜色映射或空名称属于资料错误 (0.423ms)
✔ 同名不同编码面料不混并；BOM 身份歧义阻断 (0.251208ms)
✔ 交出回执从快照保留三种明细，Yard 与米不进入裁片数量 (0.746041ms)
✔ 回执任务读取保持数组身份；只在事实变更后重新投影 (0.279917ms)
✔ 款式需料读取的配置查询只返回独立副本，不能污染下次来源读取 (6.880792ms)
✔ 来源读取失败时不能把不可用哨兵值当作稳定分配继续保存 (1.062875ms)
✔ 历史裁片实交保留原数量与归属，其他集合不混入 (0.626208ms)
✔ 历史缺原版本、交错明细、负数量或记录身份错误均阻断恢复 (0.298666ms)
✔ 面辅料单不可写入退役裁片历史，未完成迁移标记不可恢复 (0.109125ms)
✔ 并发调用复用同一个模块加载 Promise，成功后继续复用结果 (1.833125ms)
✔ 模块加载失败后清空缓存，下一次调用可以重试 (0.340209ms)
(node:30292) ExperimentalWarning: localStorage is not available because --localstorage-file was not provided.
(Use `node --trace-warnings ...` to show where the warning was created)
✔ CONTRACT-005: native legacy task fixture exposes the actual missing allocation date at PDA and progress board entries (1566.878792ms)
(node:30293) ExperimentalWarning: localStorage is not available because --localstorage-file was not provided.
(Use `node --trace-warnings ...` to show where the warning was created)
✔ CONTRACT-002: later factory acceptance retains its fact without postponing business allocation deadlines (1.380917ms)
✔ CONTRACT-002: missing business allocation time produces a visible verification gap instead of acceptance-based deadlines (0.218334ms)
✔ CONTRACT-002: historical acceptance-based snapshots remain intact but cannot establish current contract deadlines (0.287292ms)
✔ CONTRACT-002: shared PDA and progress board show missing allocation dates without claiming zero-receipt tasks are complete (0.510209ms)
✔ CONTRACT-002: confirmed dates still show the next contractual node and complete only after all 100 pieces are received (0.3995ms)
✔ CONTRACT-002: outsourcing tracking uses allocation dates for tender tasks and marks missing dates as unverified (21.495583ms)
(node:30294) ExperimentalWarning: localStorage is not available because --localstorage-file was not provided.
(Use `node --trace-warnings ...` to show where the warning was created)
✔ 刷新时静态样衣命令重建不重放到已移交的持久用户状态，构造失败恢复输入 (9.004708ms)
✔ 独立打印外壳只命中完整生产确认单打印路由 (0.685792ms)
✔ 既有固定打印路由仍使用独立打印外壳 (0.102375ms)
(node:30297) ExperimentalWarning: localStorage is not available because --localstorage-file was not provided.
(Use `node --trace-warnings ...` to show where the warning was created)
✔ TP-ID-002: FCS live hydration cannot change the static 26 identities or their numeric sequence (8.594375ms)
✔ TP-DATA-001: baseline has 20 actual complete formal versions and three plus three draft review states (1.643ms)
✔ TP-ROUTE-001: all twenty formal routes have three resolvable dye→print→wash chains and five two-craft pieces (187.099958ms)
✔ TP-ID-001: ID is persisted independent of ordering and next identity uses the global maximum (4.228167ms)
✔ TP-LEGACY-001: exact old static copies project read-only, preserve source identities and preserve changed records or content (6.3625ms)
✔ TP-LEGACY-002: repository reads old demo without writes; new legacy-source creation is rejected (392.178041ms)
✔ TP-LEGACY-003: early release content upgrades after person maintenance but genuine technical edits remain intact (2.991ms)
✔ TP-PAGE-001: route rendering preserves stored IDs and hides objects without additional processing (134.288ms)
✔ TP-PERSON-001: valid maintenance retains published content, records a log, and rejects wrong-role candidates (341.426625ms)
✔ technical version working-copy reads do not write and failed staging preserves data (first visit) (463.08025ms)
✔ technical version working-copy reads do not write and failed staging preserves data (saved data) (470.906792ms)
[PMS_IDB_LOAD_FAILED] { message: '当前浏览器不支持 IndexedDB,PMS 业务数据无法持久化。' }
✔ 五类页面共享采购到交出的串联 Mock，重复初始化不重置执行事实 (268.186542ms)
✔ 补齐串联 Mock 时压缩历史大签名，避免浏览器存储接近上限导致页面路由失败 (297.600292ms)
✔ 三个中央工厂在组织目录与执行工厂中身份一致且仅出现一次 (0.589375ms)
✔ 花边角色与采购映射归属TMF但供应方仍保留独立身份 (0.087417ms)
✔ 橡筋定长切割仍归SPF，不成为TMF织带截断任务 (0.096542ms)
✔ 旧浏览器组织记录迁移后不与权威TMF并存且保留已有联系人 (2.614583ms)
(node:30302) ExperimentalWarning: localStorage is not available because --localstorage-file was not provided.
(Use `node --trace-warnings ...` to show where the warning was created)
✔ 连续织带实际650米交出→648+2实收→染色可用650，仓库和用料保持米制且无公斤换算 (19.83525ms)
✔ 连续长度口径不可用于纱线/码制，普通辅料仍要求实际称重 (2.556666ms)
✔ 原生连续辅料染色650→640：实际工厂实收及用料驱动加工，使用对象对应蓝色织带参考图 (654.437875ms)
✔ 织带与绳子参考档案接入实际物料库，保留图片来源和未确认尺寸，不替换橡筋 (202.910958ms)
✔ 同分钟新建不同幅宽织带和绳径主档不共用 SPU 身份，SKU 保持各自父档与主单位 (21.169125ms)
✔ TMF半成品SKU按SPU→潘通色号→颜色→花型生成，长度和端头不进入SKU (0.163ms)
(node:30307) ExperimentalWarning: localStorage is not available because --localstorage-file was not provided.
(Use `node --trace-warnings ...` to show where the warning was created)
✔ TMF发布采用链：技术包发布门禁→审核发布→启用→生产单采用→生成织带加工需求 (1787.025ms)
✔ TMF发布门禁：含织带截断工序但规格未补齐的采用版本不能发布 (451.527292ms)
✔ 正式生产路线只关联相邻同BOM同SKU的染色→印花，不生成数量或修改来源 (1.009583ms)
✔ 跨单/版本/工序/用途/SKU/单位、缺工厂与已有其他接收单都不能接续 (0.319ms)
✔ 印花连续辅料仅接同版本同BOM的直接截断节点，不修改SKU和数量 (0.78975ms)
✔ 染色来源已绑定印花时拒绝直接截断，不读取不存在的顶层字段 (0.258458ms)
✔ TMF V1 原型范围、工厂身份和现场默认参数已冻结 (0.7345ms)
✔ TMF 风险动作默认要求主管与二次确认，采购行身份不可丢失 (0.088416ms)
[PMS_IDB_LOAD_FAILED] { message: '当前浏览器不支持 IndexedDB,PMS 业务数据无法持久化。' }
[PMS_IDB_UNAVAILABLE] put 跳过,数据仅保留在内存 { store: 'pmsMaterialPurchaseOrderDeltas', key: 'CGF-2026-0007' }
[PMS_IDB_UNAVAILABLE] put 跳过,数据仅保留在内存 { store: 'pmsMaterialPurchaseOrderDeltas', key: 'CGF-2026-0009' }
[PMS_IDB_UNAVAILABLE] put 跳过,数据仅保留在内存 { store: 'pmsMaterialPurchaseOrderDeltas', key: 'CGF-2026-0009' }
{"scenario":"N02","scope":"业务动作主链含纱线重量账；含端头辅材采购实收；不含PCS发布采用页面、纱线采购上游","purchaseReceived":1300,"productionReceived":1000,"warehouseContinuousM":30,"netCutM":1260,"lossM":10,"headUnit":"个","headReceived":2020,"headRemaining":15}
[PMS_IDB_UNAVAILABLE] put 跳过,数据仅保留在内存 { store: 'pmsMaterialPurchaseOrderDeltas', key: 'CGF-2026-0010' }
[PMS_IDB_UNAVAILABLE] put 跳过,数据仅保留在内存 { store: 'pmsMaterialPurchaseOrderDeltas', key: 'CGF-2026-0010' }
{"scenario":"N03","scope":"业务动作主链含纱线重量账；含端头辅材采购实收；不含PCS发布采用页面、纱线采购上游","purchaseReceived":60,"productionReceived":100,"warehouseContinuousM":9,"netCutM":50,"lossM":1,"headUnit":"个","headReceived":202,"headRemaining":1}
[PMS_IDB_UNAVAILABLE] put 跳过,数据仅保留在内存 { store: 'pmsMaterialPurchaseOrderDeltas', key: 'CGF-2026-0011' }
[PMS_IDB_UNAVAILABLE] put 跳过,数据仅保留在内存 { store: 'pmsMaterialPurchaseOrderDeltas', key: 'CGF-2026-0011' }
{"scenario":"N04","scope":"业务动作主链含纱线重量账；含端头辅材采购实收；不含PCS发布采用页面、纱线采购上游","purchaseReceived":100,"productionReceived":50,"warehouseContinuousM":34,"netCutM":65,"lossM":1,"headUnit":"kg","headReceived":0.2,"headRemaining":0.04}
[PMS_IDB_UNAVAILABLE] put 跳过,数据仅保留在内存 { store: 'pmsMaterialPurchaseOrderDeltas', key: 'CGF-2026-0012' }
[PMS_IDB_UNAVAILABLE] put 跳过,数据仅保留在内存 { store: 'pmsMaterialPurchaseOrderDeltas', key: 'CGF-2026-0012' }
{"scenario":"B06","scope":"规范数量动作链；塑料头从仓库实收事实开始，补购基础生产未虚构纱线配方；不代表全部页面验收","continuous":9,"productionReceived":1000,"scrapped":100,"scrappedMeters":120,"loss":11,"metalRemaining":15,"plasticRemaining":2}
{"scenario":"N05","mergedBatch":"FULL-N05-MERGED","purchaseReceivedM":120,"mergedIssuedM":102,"mergedProducedPieces":200,"productionReceivedByOrder":[100,100],"warehouseContinuousM":19,"lossM":1,"returnedM":1}
{"scenario":"B17","mergedBatch":"FULL-B17-MERGED","purchaseReceivedM":120,"mergedIssuedM":102,"mergedProducedPieces":200,"productionReceivedByOrder":[100,100],"warehouseContinuousM":19,"lossM":1,"returnedM":1}
{"scenario":"N01","rawReceivedKg":12,"consumedKg":10,"returnedKg":1,"factoryRemainingKg":1,"semiFinishedReceivedM":1000}
{"scenario":"N02","rawReceivedKg":12,"consumedKg":10,"returnedKg":1,"factoryRemainingKg":1,"semiFinishedReceivedM":1300}
{"scenario":"N03","rawReceivedKg":12,"consumedKg":10,"returnedKg":1,"factoryRemainingKg":1,"semiFinishedReceivedM":60}
{"scenario":"N04","rawReceivedKg":12,"consumedKg":10,"returnedKg":1,"factoryRemainingKg":1,"semiFinishedReceivedM":100}
{"scenario":"N05","rawReceivedKg":12,"consumedKg":10,"returnedKg":1,"factoryRemainingKg":1,"semiFinishedReceivedM":120}
{"scenario":"PRINTBACK-source-fixture","nativePrint":{"inputM":650,"outputM":630,"lossM":20,"outputImage":"MISSING_BLOCKED"},"sourceDispatched":630,"actualReceived":630,"cutMeters":620,"lossMeters":2,"returnedMeters":8,"baseLeftMeters":350,"scope":"原生印花650→630已独立重放；下游630米交出仍为专项夹具，不替代缺图正式交出或N01完整上游"}
{"scenario":"B09-downstream-recovery","basePhysicalM":350,"otherReservedM":350,"baseAvailableM":0,"processedReturnM":8,"productionPieces":[400,600],"scope":"含实际占用失败、释放、发料及印花回料后全链；原生印染20米损耗未执行，不是完整B09通过"}
{"scenario":"B05-cut-recovery","received":[400,600],"frozenPieces":10,"frozenLengthMm":500,"continuous":2.5,"cutLoss":2.5,"upstreamScope":"印花630米已交出为外部专项夹具，不冒充原生印染20米损耗或全N01"}
(node:30311) ExperimentalWarning: localStorage is not available because --localstorage-file was not provided.
(Use `node --trace-warnings ...` to show where the warning was created)
✔ N01～N05：通过现有 PMS 入口下达，每条采购链从零执行到仓库实收；交出不提前增加库存 (15.194041ms)
✔ 半成品加工没有原料实收和足量耗用时禁止产出，补齐同一原料链后才能填报 (11.241084ms)
✔ MOCK-007：规范场景使用同一采购行、基础单和生产需求身份，不复制孤立页面 Mock (10.237125ms)
✔ MOCK-009：重置只重载隔离的运行态，不清除用户浏览器数据 (0.406166ms)
✔ B01/B03：短收保留在途和采购缺口；重复扫描、生成和刷新不双记 (0.85325ms)
✔ B02/B04：多收、错 SKU、错仓和无权限动作不改变任意下游数量；恢复后正常收齐 (3.136166ms)
✔ OVR-001～003：超产与超收须主管二次确认，计划不扩、幂等且下游一致 (4.198083ms)
✔ MASTER-001～003/005：采购与端头采购映射原型内建主档，缺失阻断且身份稳定 (9.011958ms)
✔ MASTER-004：映射前历史记录保留原快照与未映射标记，不批量改写 (0.38125ms)
✔ TERM-001～005：取消后终止处置台逐项决定，未处置不得结案且数量对账守恒 (8.801834ms)
✔ 终止连续余料：实物余量只扣一次报废，拒绝超量且剩余数量可继续处置 (9.68025ms)
✔ GAP-TERM-004：上游未收与生产在途分别确认去向，不可重复登记 (0.911208ms)
✔ DYE-001～003：染色直交织带厂按实际交出分配实收，追溯原染色单且不重复扣料 (504.608875ms)
✔ 采购追加：未开始同步计划，已执行保留原计划和实物并处理变更 (6.47075ms)
✔ B21：保存失败不报成功、不留部分库存；成功后刷新读取同一采购和收货事实 (1.962791ms)
✔ 采购→两种规格截断→拆包回仓→分配发料→生产实收：短收保留缺口，库存及采购不双记 (25.187958ms)
✔ B09：其他需求占用400米时不能再占650；释放50后恢复，错误发料不改变库存 (6.522167ms)
✔ 需求来源：同尺码不同成衣SKU分别保留，BOM适用范围生效，错误快照和重复工序阻断 (0.513291ms)
✔ 待打头条料不计合格产出；超公差实物记不良且照实扣下料当量，未实收不可截断 (37.098333ms)
✔ N04：采购100米→单端硅胶按kg实耗→回仓发料→生产实收50根，连续料剩34米 (27.241958ms)
✔ B15：截断后取消保留1000根在制和1260米当量，释放未发占用并只退连续余料 (28.826625ms)
✔ 已回仓部分发料后取消：释放未发分配，冻结实存，已发在途保留且实收不恢复需求 (18.657041ms)
✔ N02规范数值：采购→实际加工→生产实收及米料/辅材退仓整链 (86.311833ms)
✔ N03规范数值：采购→实际加工→生产实收及米料/辅材退仓整链 (71.9845ms)
✔ N04规范数值：采购→实际加工→生产实收及米料/辅材退仓整链 (70.10775ms)
✔ B06规范恢复：误装100根报废→补购100米并补做→生产实收1000根，三套实物账守恒 (145.25725ms)
✔ N05合并批：120米采购→102米合并投入→两生产单各实收100，B17独立副本拆100为40+60 (100.129083ms)
✔ B17合并批：120米采购→102米合并投入→两生产单各实收100，B17独立副本拆100为40+60 (113.262833ms)
✔ N01～N05基础原料重量账：源仓实收→发出→工厂实收→耗用/余料→原仓实收，与米制产出独立 (262.456875ms)
✔ 主生产单暂停/取消直接限制织带执行，已发实收保留且取消处置释放未发占用 (77.44875ms)
✔ 冷启动及旧标签页均读取已保存主单限制，损坏来源不默许执行 (0.391417ms)
✔ 印花交出按两种长度分配，原单分次实收唯一记账，随后截断/回仓/领料守恒 (414.738542ms)
✔ 主单离页保存保留其他页取消及新增单，同单并发编辑和存储失败不覆盖 (2.975666ms)
✔ 技术包换版后旧规格冻结，已交出的仓库及生产在途可实收且不改旧长度 (67.794083ms)
✔ 未发料换版释放旧占用，新需求从备料至生产实收，旧预览和已执行重算阻断 (113.673584ms)
✔ 已加工换版：旧200条冻结并释放未发分配，新550/700mm需求实收1000条，旧预览失效且库存守恒 (136.524458ms)
✔ B05实际410/590错配：短条余量冻结，连续余料8米补10条700mm至两规格生产实收 (221.368958ms)
✔ 加工计划时间独立保存：明确时区、并发版本阻断、实际节点不倒推开完工且库存不变 (29.937458ms)
✔ 加工单费用按技术包需求计价：单位、币种和版本可追溯，库存与实收不被费用动作改变 (19.536792ms)
✔ 织带加工单没有接单或开工门禁，投入实收后可直接加工填报 (56.112333ms)
✔ B23未执行采购1000减900：版本留痕、旧预览阻断、重新确认接受后900实际生产实收 (53.768459ms)
✔ B24实收1000退100：仓库交出与TMF分次实收独立，原收保留且净900后减量 (90.755292ms)
✔ 采购取消门禁：无执行事实可取消，已收货或已生产必须先处置不能直接结案 (49.302583ms)
[PMS_IDB_LOAD_FAILED] { message: '当前浏览器不支持 IndexedDB,PMS 业务数据无法持久化。' }
[PMS_IDB_UNAVAILABLE] put 跳过,数据仅保留在内存 { store: 'pmsMaterialPurchaseOrderDeltas', key: 'CGF-2026-0007' }
[PMS_IDB_LOAD_FAILED] { message: '当前浏览器不支持 IndexedDB,PMS 业务数据无法持久化。' }
[PMS_IDB_LOAD_FAILED] { message: '当前浏览器不支持 IndexedDB,PMS 业务数据无法持久化。' }
[PMS_IDB_LOAD_FAILED] { message: '当前浏览器不支持 IndexedDB,PMS 业务数据无法持久化。' }
[PMS_IDB_UNAVAILABLE] put 跳过,数据仅保留在内存 { store: 'pmsMaterialPurchaseOrderDeltas', key: 'CGF-2026-0007' }
[PMS_IDB_UNAVAILABLE] put 跳过,数据仅保留在内存 { store: 'pmsMaterialPurchaseOrderDeltas', key: 'CGF-2026-0007' }
[PMS_IDB_UNAVAILABLE] put 跳过,数据仅保留在内存 { store: 'pmsMaterialPurchaseOrderDeltas', key: 'CGF-2026-0007' }
[PMS_IDB_LOAD_FAILED] { message: '当前浏览器不支持 IndexedDB,PMS 业务数据无法持久化。' }
[PMS_IDB_LOAD_FAILED] { message: '当前浏览器不支持 IndexedDB,PMS 业务数据无法持久化。' }
[PMS_IDB_LOAD_FAILED] { message: '当前浏览器不支持 IndexedDB,PMS 业务数据无法持久化。' }
✔ PMS采购实际仓库实收与原料库存一次保存；分批、刷新、原料使用和退回均不重复履约 (209.143709ms)
✔ 历史手工到货及不支持的单位不能直接变成投入料可用库存 (0.688333ms)
✔ 首次实收前供应商确认与关闭可刷新恢复，保存失败和损坏存储不会覆盖状态 (0.917ms)
✔ N01采用路线按染色→印花关联原单，多尺码不重复列工序，不修改印染数量 (4.184166ms)
✔ 旧版本、错误SKU、码制单位、取消或变更待处理均不作为有效关联 (0.603875ms)
✔ 同号不同生产单或BOM不得关联，重复来源不静默选择，混合快照阻断 (0.60325ms)
✔ 编辑器按尺码保留规格，截断打头不新建SKU，重复保存沿用节点身份 (3.4025ms)
✔ 无印染要求时 TMF 路线只生成截断节点，不凭空生成染色或印花节点 (0.133416ms)
✔ 前序印染产出SKU作为截断投入；保留独立橡筋工艺，移除打头后下游连接截断 (0.389792ms)
✔ 未明确打头、错误辅料BOM、无半成品和不合法前序不能生成可执行路线 (0.165292ms)
(node:30315) ExperimentalWarning: localStorage is not available because --localstorage-file was not provided.
(Use `node --trace-warnings ...` to show where the warning was created)
✔ N01：400 条 50CM 和 600 条 70CM 分行计算，共 620 米；未增加 SKU (1.629792ms)
✔ 缺少尺码数量、非整数条数、公差或测量条件时不猜测需求 (0.36825ms)
✔ B07：未选择打头、缺少端头方式或辅材不能确认；支持两端不同端头 (0.262875ms)
✔ N04/B08：硅胶按重量且必须有覆盖长度，不作为独立金属头计数 (0.096958ms)
✔ B18：打头只能承接对应截断条料，不能换 SKU、换长度或重新领连续料 (0.257292ms)
✔ N05：规格相同可以合并，但尺码、用途和需求身份不靠物理规格键代替 (0.092833ms)
✔ B14：修改后续版本端头要求不能污染生产单历史快照 (0.594875ms)
✔ 发布门禁：含织带截断工序的技术包必须规格完整且规格仍关联当前 BOM (0.14325ms)
(node:30316) ExperimentalWarning: localStorage is not available because --localstorage-file was not provided.
(Use `node --trace-warnings ...` to show where the warning was created)
✔ 已提交新周期可由真实袋档案进入历史，错误袋和未知周期仍拒绝 (1.030125ms)
(node:30317) ExperimentalWarning: localStorage is not available because --localstorage-file was not provided.
(Use `node --trace-warnings ...` to show where the warning was created)
✔ REPLACEMENT_FABRIC 已绑定有效同生产单任务保留归属，不按部位裁片SKU消除 (24.919041ms)
✔ REPLACEMENT_FABRIC 未绑定票不猜任务，可由用户明确同批加入 (7.263125ms)
✔ REPLACEMENT_FABRIC old-factory 旧绑定不可作为当前任务沿用 (7.024334ms)
✔ REPLACEMENT_FABRIC other-order 旧绑定不可作为当前任务沿用 (6.958333ms)
✔ BINDING_STRIP 已绑定有效同生产单任务保留归属，不按部位裁片SKU消除 (11.715917ms)
✔ BINDING_STRIP 未绑定票不猜任务，可由用户明确同批加入 (7.298083ms)
✔ BINDING_STRIP old-factory 旧绑定不可作为当前任务沿用 (6.391666ms)
✔ BINDING_STRIP other-order 旧绑定不可作为当前任务沿用 (7.946333ms)
ℹ tests 532
ℹ suites 0
ℹ pass 532
ℹ fail 0
ℹ cancelled 0
ℹ skipped 0
ℹ todo 0
ℹ duration_ms 16011.026916
vite v6.4.3 building for production...
transforming...
✓ 2732 modules transformed.
Circular chunk: pcs-tech-pack-review -> pcs-tech-pack-bootstrap -> pcs-tech-pack-review. Consider disabling the "output.onlyExplicitManualChunks" option, as enabling it causes the static dependencies of the manual chunk "pcs-tech-pack-bootstrap" to be bundled into the chunk "pcs-tech-pack-review".
rendering chunks...
[plugin vite:reporter] 
(!) /Users/laoer/.codex/worktrees/d29f/higoods/src/data/fcs/cutting/cutting-record-identity.ts is dynamically imported by /Users/laoer/.codex/worktrees/d29f/higoods/src/data/fcs/cutting/cutting-record-repository.ts but also statically imported by /Users/laoer/.codex/worktrees/d29f/higoods/src/data/fcs/cutting/cutting-event-migration.ts, /Users/laoer/.codex/worktrees/d29f/higoods/src/data/fcs/cutting/cutting-file-maintenance.ts, /Users/laoer/.codex/worktrees/d29f/higoods/src/data/fcs/cutting/part-ticket-records.ts, /Users/laoer/.codex/worktrees/d29f/higoods/src/data/fcs/cutting/replacement-fabric-fei-tickets.ts, /Users/laoer/.codex/worktrees/d29f/higoods/src/data/fcs/cutting/replacement-fabric-repository.ts, /Users/laoer/.codex/worktrees/d29f/higoods/src/data/fcs/cutting/retired-cut-piece-pickup-history.ts, /Users/laoer/.codex/worktrees/d29f/higoods/src/data/fcs/production-context-actions.ts, /Users/laoer/.codex/worktrees/d29f/higoods/src/data/fcs/production-context-records.ts, /Users/laoer/.codex/worktrees/d29f/higoods/src/pages/pda-cutting-save.ts, /Users/laoer/.codex/worktrees/d29f/higoods/src/pages/print/replacement-fabric-preview.ts, /Users/laoer/.codex/worktrees/d29f/higoods/src/pages/process-factory/cutting/replacement-fabric-fei-tickets.ts, /Users/laoer/.codex/worktrees/d29f/higoods/src/pages/process-factory/cutting/transfer-bags/state.ts, /Users/laoer/.codex/worktrees/d29f/higoods/src/pages/process-factory/cutting/wait-handover-actions.ts, /Users/laoer/.codex/worktrees/d29f/higoods/src/pages/production-contract-print.ts, /Users/laoer/.codex/worktrees/d29f/higoods/src/pages/unified-dispatch-workbench.ts, dynamic import will not move module into another chunk.

[plugin vite:reporter] 
(!) /Users/laoer/.codex/worktrees/d29f/higoods/src/data/fcs/production-context-records.ts is dynamically imported by /Users/laoer/.codex/worktrees/d29f/higoods/src/data/fcs/cutting/cutting-record-repository.ts, /Users/laoer/.codex/worktrees/d29f/higoods/src/data/pcs-product-reference-check.ts, /Users/laoer/.codex/worktrees/d29f/higoods/src/main.ts but also statically imported by /Users/laoer/.codex/worktrees/d29f/higoods/src/data/fcs/cutting/cutting-event-repository.ts, /Users/laoer/.codex/worktrees/d29f/higoods/src/data/fcs/cutting/part-ticket-records.ts, /Users/laoer/.codex/worktrees/d29f/higoods/src/data/fcs/cutting/replacement-fabric-repository.ts, /Users/laoer/.codex/worktrees/d29f/higoods/src/data/fcs/cutting/replacement-fabric-source.ts, /Users/laoer/.codex/worktrees/d29f/higoods/src/data/fcs/cutting/retired-cut-piece-pickup-history.ts, /Users/laoer/.codex/worktrees/d29f/higoods/src/data/fcs/effective-task-assignments.ts, /Users/laoer/.codex/worktrees/d29f/higoods/src/data/fcs/pda-handover-events.ts, /Users/laoer/.codex/worktrees/d29f/higoods/src/data/fcs/production-context-actions.ts, /Users/laoer/.codex/worktrees/d29f/higoods/src/data/fcs/production-contracts.ts, /Users/laoer/.codex/worktrees/d29f/higoods/src/data/fcs/production-order-runtime-store.ts, /Users/laoer/.codex/worktrees/d29f/higoods/src/data/fcs/production-orders.ts, /Users/laoer/.codex/worktrees/d29f/higoods/src/data/fcs/runtime-process-tasks.ts, /Users/laoer/.codex/worktrees/d29f/higoods/src/data/fcs/sewing-outsourcing-responsibility.ts, /Users/laoer/.codex/worktrees/d29f/higoods/src/data/fcs/sewing-sample-approval-suggestion.ts, /Users/laoer/.codex/worktrees/d29f/higoods/src/pages/dispatch-tenders.ts, /Users/laoer/.codex/worktrees/d29f/higoods/src/pages/process-factory/cutting/replacement-fabric-data-tools.ts, /Users/laoer/.codex/worktrees/d29f/higoods/src/pages/production-context-recovery.ts, dynamic import will not move module into another chunk.

[plugin vite:reporter] 
(!) /Users/laoer/.codex/worktrees/d29f/higoods/src/components/production-object-floating-entry.ts is dynamically imported by /Users/laoer/.codex/worktrees/d29f/higoods/src/main.ts but also statically imported by /Users/laoer/.codex/worktrees/d29f/higoods/src/components/shell.ts, dynamic import will not move module into another chunk.

[plugin vite:reporter] 
(!) /Users/laoer/.codex/worktrees/d29f/higoods/src/data/fcs/printing-task-domain.ts is dynamically imported by /Users/laoer/.codex/worktrees/d29f/higoods/src/data/fcs/dyeing-task-domain.ts, /Users/laoer/.codex/worktrees/d29f/higoods/src/data/fcs/tmf-upstream-process-orders.ts, /Users/laoer/.codex/worktrees/d29f/higoods/src/data/pms/tmf-material-purchases.ts, /Users/laoer/.codex/worktrees/d29f/higoods/src/pages/process-factory/accessory/webbing/work-order-detail.ts, /Users/laoer/.codex/worktrees/d29f/higoods/src/pages/process-factory/accessory/webbing/work-order-detail.ts but also statically imported by /Users/laoer/.codex/worktrees/d29f/higoods/src/data/fcs/cutting/material-prep.ts, /Users/laoer/.codex/worktrees/d29f/higoods/src/data/fcs/cutting/supplement-node-facts.ts, /Users/laoer/.codex/worktrees/d29f/higoods/src/data/fcs/design-revision-material-transfer.ts, /Users/laoer/.codex/worktrees/d29f/higoods/src/data/fcs/design-revision-process-work-order-adapter.ts, /Users/laoer/.codex/worktrees/d29f/higoods/src/data/fcs/factory-receiving-links.ts, /Users/laoer/.codex/worktrees/d29f/higoods/src/data/fcs/factory-receiving-source-sync.ts, /Users/laoer/.codex/worktrees/d29f/higoods/src/data/fcs/mobile-execution-task-index.ts, /Users/laoer/.codex/worktrees/d29f/higoods/src/data/fcs/pda-start-link.ts, /Users/laoer/.codex/worktrees/d29f/higoods/src/data/fcs/printing-factory-demos.ts, /Users/laoer/.codex/worktrees/d29f/higoods/src/data/fcs/printing-material-receipts.ts, /Users/laoer/.codex/worktrees/d29f/higoods/src/data/fcs/printing-statistics.ts, /Users/laoer/.codex/worktrees/d29f/higoods/src/data/fcs/printing-warehouse-view.ts, /Users/laoer/.codex/worktrees/d29f/higoods/src/data/fcs/printing-work-order-business.ts, /Users/laoer/.codex/worktrees/d29f/higoods/src/data/fcs/process-action-writeback-service.ts, /Users/laoer/.codex/worktrees/d29f/higoods/src/data/fcs/process-execution-writeback.ts, /Users/laoer/.codex/worktrees/d29f/higoods/src/data/fcs/process-mobile-task-binding.ts, /Users/laoer/.codex/worktrees/d29f/higoods/src/data/fcs/process-warehouse-linkage-service.ts, /Users/laoer/.codex/worktrees/d29f/higoods/src/data/fcs/process-web-status-actions.ts, /Users/laoer/.codex/worktrees/d29f/higoods/src/data/fcs/process-work-order-domain.ts, /Users/laoer/.codex/worktrees/d29f/higoods/src/data/fcs/process-work-order-generation-service.ts, /Users/laoer/.codex/worktrees/d29f/higoods/src/data/fcs/production-demand-early-process-work-orders.ts, /Users/laoer/.codex/worktrees/d29f/higoods/src/data/fcs/production-object-overview.ts, /Users/laoer/.codex/worktrees/d29f/higoods/src/data/fcs/production-process-work-order-service.ts, /Users/laoer/.codex/worktrees/d29f/higoods/src/data/fcs/production-task-breakdown.ts, /Users/laoer/.codex/worktrees/d29f/higoods/src/data/fcs/task-print-cards.ts, /Users/laoer/.codex/worktrees/d29f/higoods/src/pages/pcs-independent-sampling.ts, /Users/laoer/.codex/worktrees/d29f/higoods/src/pages/pda-exec-detail.ts, /Users/laoer/.codex/worktrees/d29f/higoods/src/pages/pda-exec.ts, /Users/laoer/.codex/worktrees/d29f/higoods/src/pages/pda-task-receive.ts, /Users/laoer/.codex/worktrees/d29f/higoods/src/pages/print/templates/printing-work-order-template.ts, /Users/laoer/.codex/worktrees/d29f/higoods/src/pages/process-factory/cutting/production-order-overview-projection.ts, /Users/laoer/.codex/worktrees/d29f/higoods/src/pages/process-factory/dyeing/pending-receipts.ts, /Users/laoer/.codex/worktrees/d29f/higoods/src/pages/process-factory/printing/dashboards.ts, /Users/laoer/.codex/worktrees/d29f/higoods/src/pages/process-factory/printing/dialogs.ts, /Users/laoer/.codex/worktrees/d29f/higoods/src/pages/process-factory/printing/dispatch.ts, /Users/laoer/.codex/worktrees/d29f/higoods/src/pages/process-factory/printing/events.ts, /Users/laoer/.codex/worktrees/d29f/higoods/src/pages/process-factory/printing/presentation.ts, /Users/laoer/.codex/worktrees/d29f/higoods/src/pages/process-factory/printing/shared.ts, /Users/laoer/.codex/worktrees/d29f/higoods/src/pages/process-factory/printing/statistics.ts, /Users/laoer/.codex/worktrees/d29f/higoods/src/pages/process-factory/printing/work-order-detail.ts, /Users/laoer/.codex/worktrees/d29f/higoods/src/pages/process-print-orders.ts, /Users/laoer/.codex/worktrees/d29f/higoods/src/pages/process-work-orders/early-process-management.ts, /Users/laoer/.codex/worktrees/d29f/higoods/src/pages/production/demand-domain.ts, /Users/laoer/.codex/worktrees/d29f/higoods/src/runtime/fcs/cutting/pickup-management-runtime.ts, dynamic import will not move module into another chunk.

computing gzip size...
dist/index.html                                                          11.73 kB │ gzip:   2.95 kB
dist/assets/pcs-pattern-parse.worker-B3_rAVMB.js                         18.52 kB
dist/assets/pcs-record-baseline-BWpImHil.json                         4,125.30 kB │ gzip: 226.59 kB
dist/assets/order-pages-CoVDc5l1.css                                     78.83 kB │ gzip:  14.68 kB
dist/assets/index-BysvPE4E.css                                          154.79 kB │ gzip:  25.42 kB
dist/assets/domain-snapshot-88vkrqUT.js                                   0.34 kB │ gzip:   0.26 kB
dist/assets/sample-warehouse-projection-qXYTN5dm.js                       0.39 kB │ gzip:   0.25 kB
dist/assets/pcs-engineering-bom-snapshot-source-Dwf6bCqE.js               0.41 kB │ gzip:   0.29 kB
dist/assets/real-qr-placeholder-BkpB1_wj.js                               0.52 kB │ gzip:   0.36 kB
dist/assets/pcs-record-bootstrap-BKcyxhoY.js                              0.56 kB │ gzip:   0.45 kB
dist/assets/dialogs-YTGU86em.js                                           0.59 kB │ gzip:   0.31 kB
dist/assets/design-revision-pcs-command-DcxMrKZP.js                       0.68 kB │ gzip:   0.38 kB
dist/assets/pcs-storage-error-BY6ID_H-.js                                 0.71 kB │ gzip:   0.52 kB
dist/assets/badge-wEsjn_rS.js                                             0.78 kB │ gzip:   0.42 kB
dist/assets/images-Q79qfJD0.js                                            0.80 kB │ gzip:   0.35 kB
dist/assets/pms-export-D9a31Kz4.js                                        0.83 kB │ gzip:   0.50 kB
dist/assets/placeholder-C9S55rik.js                                       0.85 kB │ gzip:   0.47 kB
dist/assets/pda-cutting-save-DRhmxdlf.js                                  0.88 kB │ gzip:   0.60 kB
dist/assets/trace-BqL33n80.js                                             0.89 kB │ gzip:   0.51 kB
dist/assets/execution-prep-projection-helpers-CaHnc7BN.js                 0.94 kB │ gzip:   0.46 kB
dist/assets/history-CGV0xXxu.js                                           0.94 kB │ gzip:   0.61 kB
dist/assets/payment-sync-BGiGx0W1.js                                      0.97 kB │ gzip:   0.62 kB
dist/assets/tmf-reference-images-6geKcU1B.js                              0.98 kB │ gzip:   0.50 kB
dist/assets/material-purchase-references-Rws8U90l.js                      1.00 kB │ gzip:   0.55 kB
dist/assets/print-service-CyrwQfQw.js                                     1.04 kB │ gzip:   0.52 kB
dist/assets/pda-sewing-self-return-mode-CVT5AEl1.js                       1.07 kB │ gzip:   0.54 kB
dist/assets/process-work-order-generation-service-BzEaGNzl.js             1.07 kB │ gzip:   0.65 kB
dist/assets/detail.adapter-DOUfgSN9.js                                    1.08 kB │ gzip:   0.68 kB
dist/assets/routes-los-capMvtbn.js                                        1.14 kB │ gzip:   0.54 kB
dist/assets/dyeing-material-receipts-dgGlafHT.js                          1.14 kB │ gzip:   0.75 kB
dist/assets/tech-pack-DbgbOa-q.js                                         1.18 kB │ gzip:   0.55 kB
dist/assets/pda-runtime-BIF7tX5F.js                                       1.21 kB │ gzip:   0.66 kB
dist/assets/replacement-fabric-scan-E46-de4z.js                           1.28 kB │ gzip:   0.80 kB
dist/assets/overview-Cb9z2Kww.js                                          1.29 kB │ gzip:   0.71 kB
dist/assets/process-work-order-source-view-6nxAHxmI.js                    1.30 kB │ gzip:   0.58 kB
dist/assets/transfer-bag-handover-mock-CQsfJzTy.js                        1.31 kB │ gzip:   0.71 kB
dist/assets/pcs-tech-pack-review-notification-repository-EOllA1cj.js      1.34 kB │ gzip:   0.59 kB
dist/assets/work-order-action-policy-B_htTkaE.js                          1.34 kB │ gzip:   0.68 kB
dist/assets/real-qr-D7oT8YC7.js                                           1.39 kB │ gzip:   0.80 kB
dist/assets/filter-bar-AQj66Ux1.js                                        1.49 kB │ gzip:   0.81 kB
dist/assets/factory-types-DbcizYGx.js                                     1.52 kB │ gzip:   0.65 kB
dist/assets/material-identity-BWajCeYH.js                                 1.54 kB │ gzip:   0.85 kB
dist/assets/supplement-material-prep-demand-registry-DI-N3DvB.js          1.56 kB │ gzip:   0.75 kB
dist/assets/task-handover-domain-DBk5v4bz.js                              1.57 kB │ gzip:   0.76 kB
dist/assets/pda-cutting-wait-handover-actions-ChPF1pFV.js                 1.58 kB │ gzip:   0.62 kB
dist/assets/warehouse-shared-Ez8eDo_r.js                                  1.58 kB │ gzip:   0.51 kB
dist/assets/pcs-material-handoff-BMMmIU5U.js                              1.65 kB │ gzip:   0.81 kB
dist/assets/task-chain-pages-adapter-BBVaXia7.js                          1.71 kB │ gzip:   0.84 kB
dist/assets/pcs-tech-pack-version-log-repository-fnhxm5-E.js              1.73 kB │ gzip:   0.78 kB
dist/assets/real-barcode-C1AMDjgj.js                                      1.81 kB │ gzip:   0.96 kB
dist/assets/tmf-upstream-receiving-bJbleze3.js                            1.83 kB │ gzip:   1.14 kB
dist/assets/list-export-r45nBjAW.js                                       1.86 kB │ gzip:   1.09 kB
dist/assets/toast-DpJoCA4Z.js                                             1.87 kB │ gzip:   0.90 kB
dist/assets/wool-pda-scan-lWUPGpMQ.js                                     1.88 kB │ gzip:   1.03 kB
dist/assets/mixed-transfer-bag-ticket-DETTPWFm.js                         1.89 kB │ gzip:   0.79 kB
dist/assets/kol-goto-fixed-total-ledger-BsvjMIpa.js                       1.93 kB │ gzip:   0.93 kB
dist/assets/table-Bo7SUR-R.js                                             2.04 kB │ gzip:   1.02 kB
dist/assets/pcs-action-dialog-ELWORR80.js                                 2.09 kB │ gzip:   1.07 kB
dist/assets/binding-process-pda-scan-CmNFbrSW.js                          2.18 kB │ gzip:   1.13 kB
dist/assets/cutting-file-maintenance-BF1PZyAV.js                          2.22 kB │ gzip:   1.18 kB
dist/assets/special-craft-pda-scope-CHJkPr_O.js                           2.24 kB │ gzip:   1.02 kB
dist/assets/mixed-bag-contents-DQH2MgNB.js                                2.31 kB │ gzip:   1.28 kB
dist/assets/production-order-tech-pack-runtime-BMyXc1qw.js                2.35 kB │ gzip:   0.91 kB
dist/assets/helpers-BFKa6pUf.js                                           2.42 kB │ gzip:   1.21 kB
dist/assets/production-context-recovery-Dj37nbpp.js                       2.44 kB │ gzip:   1.27 kB
dist/assets/tmf-work-order-view-CFO3xOR4.js                               2.56 kB │ gzip:   1.18 kB
dist/assets/factory-capacity-profile-mock-Dv5YtZGT.js                     2.64 kB │ gzip:   1.15 kB
dist/assets/pms-excel-import-DnMCWv6B.js                                  2.66 kB │ gzip:   1.32 kB
dist/assets/shared-BtREAoIR.js                                            2.70 kB │ gzip:   1.02 kB
dist/assets/process-order-list-presentation-D2vX6iMh.js                   2.71 kB │ gzip:   1.27 kB
dist/assets/post-finishing-spu-technical-parameters-aeYNIbTe.js           2.79 kB │ gzip:   1.28 kB
dist/assets/marker-plan-projection-Li9GkfN0.js                            2.82 kB │ gzip:   1.23 kB
dist/assets/dialogs-C5GMkDKC.js                                           2.94 kB │ gzip:   1.22 kB
dist/assets/process-order-task-relations-EtSmKMEr.js                      2.97 kB │ gzip:   1.29 kB
dist/assets/product-skus-CEt6Fukj.js                                      3.03 kB │ gzip:   0.96 kB
dist/assets/production-order-identity-DJzOIGzS.js                         3.04 kB │ gzip:   1.26 kB
dist/assets/tabs-DiTkukV7.js                                              3.09 kB │ gzip:   0.93 kB
dist/assets/pda-cutting-runtime-action-inputs-BYVyQXRs.js                 3.13 kB │ gzip:   1.08 kB
dist/assets/trade-subjects-B1U82DIE.js                                    3.16 kB │ gzip:   1.12 kB
dist/assets/work-order-detail-Bf1ddwQn.js                                 3.30 kB │ gzip:   1.40 kB
dist/assets/cutting-mainline-DAisEnAy.js                                  3.41 kB │ gzip:   1.53 kB
dist/assets/authorization-code-gn6fq96s.js                                3.49 kB │ gzip:   1.68 kB
dist/assets/printing-sheet-preview-6iUoeo3V.js                            3.52 kB │ gzip:   1.69 kB
dist/assets/confirmation-print-BWlRD736.js                                3.56 kB │ gzip:   1.53 kB
dist/assets/cutting-receipts-6F_1JWs7.js                                  3.58 kB │ gzip:   1.67 kB
dist/assets/binding-process-warehouse-linkage-service-01EzM5kP.js         3.62 kB │ gzip:   1.38 kB
dist/assets/fcs-route-links-DzN6964L.js                                   3.67 kB │ gzip:   1.20 kB
dist/assets/shared-XnsiAumV.js                                            3.72 kB │ gzip:   1.69 kB
dist/assets/quality-chain-adapter-jg3qt0Zk.js                             3.73 kB │ gzip:   1.66 kB
dist/assets/task-route-card-D7WNXdFZ.js                                   3.83 kB │ gzip:   1.67 kB
dist/assets/shared-4_JIOdec.js                                            3.87 kB │ gzip:   1.62 kB
dist/assets/task-delivery-card-C1m-Zzsq.js                                3.89 kB │ gzip:   1.75 kB
dist/assets/production-contract-print-cfs6HZsg.js                         3.92 kB │ gzip:   2.01 kB
dist/assets/pcs-product-reference-check-BqrcaOiO.js                       3.97 kB │ gzip:   1.66 kB
dist/assets/sewing-outsourcing-demo-Y7dJuijl.js                           4.05 kB │ gzip:   1.63 kB
dist/assets/tipping-form-dl8gnjiS.js                                      4.07 kB │ gzip:   2.02 kB
dist/assets/pda-cutting-simple-cut-piece-handover-CKdqtOKK.js             4.07 kB │ gzip:   1.86 kB
dist/assets/transfer-bag-repack-mock-yztIQN9b.js                          4.09 kB │ gzip:   1.90 kB
dist/assets/transit-simple-lists-l9_IPVGX.js                              4.17 kB │ gzip:   1.47 kB
dist/assets/supplement-order-registry-CHnc7juB.js                         4.49 kB │ gzip:   1.76 kB
dist/assets/tmf-process-print-preview-Qb8DIsyU.js                         4.59 kB │ gzip:   2.16 kB
dist/assets/progress-board-D9UZ6CCb.js                                    4.71 kB │ gzip:   2.10 kB
dist/assets/form-yr6dJ2ch.js                                              4.74 kB │ gzip:   1.40 kB
dist/assets/layout.helpers-D-9q9ds7.js                                    4.76 kB │ gzip:   1.73 kB
dist/assets/runtime-task-tenders-YGz6fHpq.js                              4.76 kB │ gzip:   1.94 kB
dist/assets/preparation-material-receipt-sources-CKnlAqzK.js              4.76 kB │ gzip:   1.99 kB
dist/assets/sewing-outsourcing-responsibility-BuBtC04p.js                 4.80 kB │ gzip:   2.09 kB
dist/assets/relations-Cvn1rBkn.js                                         4.80 kB │ gzip:   2.19 kB
dist/assets/transit-dashboard-CRDZreHi.js                                 4.85 kB │ gzip:   2.04 kB
dist/assets/result-list-BGJhCg0j.js                                       4.94 kB │ gzip:   2.06 kB
dist/assets/store-domain-dispatch-process-GF4lhUSn.js                     5.00 kB │ gzip:   1.94 kB
dist/assets/cutting-event-migration-CYpdgvBX.js                           5.07 kB │ gzip:   2.05 kB
dist/assets/tmf-upstream-process-orders-oKNQ0upf.js                       5.08 kB │ gzip:   2.38 kB
dist/assets/process-order-list-controller-pulMVESG.js                     5.09 kB │ gzip:   1.90 kB
dist/assets/material-requirements-CoWk9wNn.js                             5.27 kB │ gzip:   2.24 kB
dist/assets/process-work-order-quality-settlement-DjMlzqBS.js             5.33 kB │ gzip:   2.20 kB
dist/assets/dashboards-Dtjas6eb.js                                        5.61 kB │ gzip:   2.68 kB
dist/assets/tmf-process-continuation-B3hoPFRr.js                          5.66 kB │ gzip:   1.62 kB
dist/assets/retired-cut-piece-pickup-history-DQuTaUqx.js                  5.68 kB │ gzip:   2.30 kB
dist/assets/wls-page-handlers-B45TP0Uo.js                                 5.69 kB │ gzip:   2.03 kB
dist/assets/replacement-fabric-label-template-4H6Bu17x.js                 5.71 kB │ gzip:   2.54 kB
dist/assets/dispatch-task-sheet-BiktvBiY.js                               5.72 kB │ gzip:   2.71 kB
dist/assets/replacement-fabric-preview-B-xe2opd.js                        5.78 kB │ gzip:   2.79 kB
dist/assets/pcs-product-information-CqXkQwz_.js                           5.79 kB │ gzip:   2.65 kB
dist/assets/process-order-three-axis-view-CNs-rM2-.js                     5.85 kB │ gzip:   2.36 kB
dist/assets/pda-cutting-nav-context-C1kn1acT.js                           5.95 kB │ gzip:   1.41 kB
dist/assets/los-live-room-master-DlKgc4a6.js                              5.97 kB │ gzip:   2.67 kB
dist/assets/transfer-bags-projection-BNmgXSSc.js                          5.99 kB │ gzip:   2.36 kB
dist/assets/pda-wool-warehouse-flows-DTy3Aq3u.js                          6.01 kB │ gzip:   2.99 kB
dist/assets/fcs-pda-pickup-dispute-ClVQ8KSd.js                            6.18 kB │ gzip:   2.19 kB
dist/assets/warehouse-standard-D7X6T3kI.js                                6.30 kB │ gzip:   2.10 kB
dist/assets/fact-view-ClnjaOhw.js                                         6.35 kB │ gzip:   2.11 kB
dist/assets/transfer-bag-goods-label-DHAKiXoG.js                          6.46 kB │ gzip:   2.65 kB
dist/assets/production-contract-center-sgqhRilg.js                        6.53 kB │ gzip:   2.80 kB
dist/assets/routes-pda-BCaDTeBm.js                                        6.54 kB │ gzip:   2.48 kB
dist/assets/printing-work-order-template-DaPWws-H.js                      6.55 kB │ gzip:   3.09 kB
dist/assets/sewing-outsourcing-supplement-tracking-DMvMYZL2.js            6.63 kB │ gzip:   2.89 kB
dist/assets/workbench-CDSb4tPP.js                                         6.63 kB │ gzip:   2.68 kB
dist/assets/cutting-task-routing-DvkanDs6.js                              6.65 kB │ gzip:   2.38 kB
dist/assets/factory-receiving-links-LQwCaoYx.js                           6.74 kB │ gzip:   2.71 kB
dist/assets/routes-pcs-DFrds-Mg.js                                        6.81 kB │ gzip:   1.82 kB
dist/assets/production-contract-master-template-CawqdKuG.js               6.85 kB │ gzip:   2.74 kB
dist/assets/shared-Dm_VCtDw.js                                            6.86 kB │ gzip:   2.53 kB
dist/assets/material-handover-BVYsjSL3.js                                 6.96 kB │ gzip:   2.74 kB
dist/assets/data-management-DzA22v1S.js                                   7.00 kB │ gzip:   2.56 kB
dist/assets/stock-seed-Cj8lLuwm.js                                        7.11 kB │ gzip:   2.44 kB
dist/assets/dye-work-order-times-w7U4XCtx.js                              7.22 kB │ gzip:   2.55 kB
dist/assets/overview.helpers-BP2F5Yu8.js                                  7.36 kB │ gzip:   2.88 kB
dist/assets/pcs-channel-legacy-conversion-Dg3I_fD9.js                     7.40 kB │ gzip:   3.19 kB
dist/assets/craft-actions-C81AUa8k.js                                     7.41 kB │ gzip:   3.33 kB
dist/assets/pcs-testing-order-create-DllNjDXI.js                          7.41 kB │ gzip:   2.90 kB
dist/assets/shared-3GAwNP3s.js                                            7.43 kB │ gzip:   2.60 kB
dist/assets/settlement-flow-boundaries-DbkSNas3.js                        7.43 kB │ gzip:   2.53 kB
dist/assets/production-craft-dict-CTCUDsW3.js                             7.51 kB │ gzip:   2.83 kB
dist/assets/transit-warehouse-CGN4xIMS.js                                 7.54 kB │ gzip:   2.13 kB
dist/assets/pcs-sample-label-3V5e0YLS.js                                  7.59 kB │ gzip:   3.45 kB
dist/assets/pda-transfer-bag-detail-D4DOMcNa.js                           7.75 kB │ gzip:   2.91 kB
dist/assets/supplement-node-facts-Cnz_6Edp.js                             7.76 kB │ gzip:   2.84 kB
dist/assets/statistics-DSYK43j3.js                                        7.90 kB │ gzip:   2.58 kB
dist/assets/sewing-outsourcing-return-tracking-8gDANNlh.js                7.91 kB │ gzip:   2.96 kB
dist/assets/tmf-process-sheet-template-CERIVZtH.js                        8.00 kB │ gzip:   3.80 kB
dist/assets/production-contracts-DIQoDovn.js                              8.07 kB │ gzip:   2.75 kB
dist/assets/progress-exception-lifecycle-BJx0gSBY.js                      8.09 kB │ gzip:   2.70 kB
dist/assets/supplier-supply-archives-Bid-xGw5.js                          8.13 kB │ gzip:   2.60 kB
dist/assets/pda-notify-D9xX6v91.js                                        8.13 kB │ gzip:   3.04 kB
dist/assets/milestone-configs-BMzfbOrb.js                                 8.41 kB │ gzip:   2.94 kB
dist/assets/pcs-testing-order-list-DPvHDWgo.js                            8.42 kB │ gzip:   3.27 kB
dist/assets/material-process-plans-Bc0CSwgZ.js                            8.66 kB │ gzip:   3.49 kB
dist/assets/fei-ticket-numbering-CkDQc3jz.js                              8.82 kB │ gzip:   3.09 kB
dist/assets/pre-settlement-ledger-repository-BfSCtojt.js                  8.84 kB │ gzip:   3.03 kB
dist/assets/pcs-pattern-library-config-SBbhG9Q1.js                        8.84 kB │ gzip:   2.42 kB
dist/assets/pda-cutting-shared-qOoP8c4_.js                                8.87 kB │ gzip:   2.72 kB
dist/assets/navigation-context-CoeBdzhU.js                                8.87 kB │ gzip:   2.46 kB
dist/assets/warehouses-CSFYi5tN.js                                        8.89 kB │ gzip:   2.11 kB
dist/assets/pda-cutting-execution-unit-B72mo0u5.js                        8.89 kB │ gzip:   3.38 kB
dist/assets/bom-templates-B3P45-m-.js                                     8.90 kB │ gzip:   3.70 kB
dist/assets/pda-notify-detail-BYd3oq47.js                                 9.02 kB │ gzip:   3.00 kB
dist/assets/pda-cutting-fei-ticket-numbering-CeeW2KMS.js                  9.05 kB │ gzip:   3.13 kB
dist/assets/cutting-event-repository-CF5S3ieW.js                          9.15 kB │ gzip:   4.04 kB
dist/assets/machine-associations-B9mtHeA4.js                              9.16 kB │ gzip:   3.11 kB
dist/assets/pda-warehouse-CQ_YdJCk.js                                     9.16 kB │ gzip:   3.66 kB
dist/assets/workbench-CNS5IJgK.js                                         9.21 kB │ gzip:   3.81 kB
dist/assets/production-context-actions-Dx7XFSh9.js                        9.29 kB │ gzip:   3.48 kB
dist/assets/pda-execution-BoLnRHk4.js                                     9.30 kB │ gzip:   3.69 kB
dist/assets/handover-records-BVnqZf7t.js                                  9.35 kB │ gzip:   3.56 kB
dist/assets/mobile-Ck9EItim.js                                            9.53 kB │ gzip:   3.08 kB
dist/assets/pda-cutting-transfer-bag-recovery-BIKlGOvP.js                 9.56 kB │ gzip:   3.93 kB
dist/assets/routes-pms-CdrZNczP.js                                        9.65 kB │ gzip:   2.48 kB
dist/assets/sewing-pickup-slips-D6kk93IV.js                               9.65 kB │ gzip:   3.63 kB
dist/assets/dye-work-order-online-domain-CyGE80s3.js                      9.78 kB │ gzip:   3.65 kB
dist/assets/production-receipts-DXJSVqYF.js                               9.81 kB │ gzip:   3.95 kB
dist/assets/pending-receipts-bgg5avXi.js                                  9.91 kB │ gzip:   4.10 kB
dist/assets/statistics-B0qSq_5V.js                                        9.93 kB │ gzip:   4.32 kB
dist/assets/pda-cutting-transfer-bag-scrap-BPG5EFyM.js                    9.95 kB │ gzip:   4.07 kB
dist/assets/continuous-stock-BYC33kWZ.js                                 10.09 kB │ gzip:   4.11 kB
dist/assets/trade-subjects-B4M77PSA.js                                   10.26 kB │ gzip:   3.74 kB
dist/assets/production-return-fulfillment-BYnPKyM7.js                    10.50 kB │ gzip:   4.00 kB
dist/assets/bom-templates-ChqjVeph.js                                    10.52 kB │ gzip:   2.48 kB
dist/assets/yarn-shipments-DYVZOCXR.js                                   10.57 kB │ gzip:   4.77 kB
dist/assets/list-FfysBklU.js                                             10.59 kB │ gzip:   3.69 kB
dist/assets/settings-D24fZmi5.js                                         10.73 kB │ gzip:   3.25 kB
dist/assets/product-skus-CNqNuHY6.js                                     10.74 kB │ gzip:   4.14 kB
dist/assets/transit-receipts-C-PxioBu.js                                 10.99 kB │ gzip:   4.03 kB
dist/assets/presentation-BFX9HLL-.js                                     11.25 kB │ gzip:   4.64 kB
dist/assets/design-revision-pcs-storage-D2ozVRMd.js                      11.28 kB │ gzip:   4.27 kB
dist/assets/pda-exec-link-QIXWSsOn.js                                    11.31 kB │ gzip:   3.68 kB
dist/assets/pda-login-Ct4YqwbF.js                                        11.31 kB │ gzip:   4.39 kB
dist/assets/material-prep-C3Vbqyxu.js                                    11.39 kB │ gzip:   2.68 kB
dist/assets/dyeing-warehouse-view-sMkVkWaV.js                            11.49 kB │ gzip:   3.95 kB
dist/assets/pcs-engineering-preparation-projection-C5WDH2iH.js           11.49 kB │ gzip:   4.26 kB
dist/assets/warehouses-DB6uF19h.js                                       11.74 kB │ gzip:   4.23 kB
dist/assets/purchase-suggestions-CVpQLmRu.js                             11.87 kB │ gzip:   3.70 kB
dist/assets/material-transfers-BKTSBiv1.js                               11.89 kB │ gzip:   4.17 kB
dist/assets/task-breakdown-ipVfq4GU.js                                   12.03 kB │ gzip:   4.48 kB
dist/assets/pickup-management-runtime-BqhFDBEA.js                        12.25 kB │ gzip:   4.73 kB
dist/assets/task-execution-adapter-Y7tbFqnt.js                           12.26 kB │ gzip:   3.68 kB
dist/assets/process-statistics-domain-BQw-kKmX.js                        12.33 kB │ gzip:   4.03 kB
dist/assets/pms-handlers-CmqhOBGt.js                                     12.40 kB │ gzip:   2.85 kB
dist/assets/tasks-DYdP_aVJ.js                                            12.80 kB │ gzip:   4.97 kB
dist/assets/context-CEOUE3HA.js                                          13.02 kB │ gzip:   4.60 kB
dist/assets/meta-CW5Yg3uO.js                                             13.16 kB │ gzip:   2.95 kB
dist/assets/handover-records-BlMA-pnh.js                                 13.18 kB │ gzip:   4.15 kB
dist/assets/handover-print-CxMdG2My.js                                   13.40 kB │ gzip:   4.90 kB
dist/assets/pda-start-link-wIZI5DCe.js                                   13.62 kB │ gzip:   4.81 kB
dist/assets/inventory-monitor-rqURVK4E.js                                13.66 kB │ gzip:   4.78 kB
dist/assets/bom-detail-eAr-Ek6h.js                                       13.69 kB │ gzip:   4.97 kB
dist/assets/returns-BzJsfdlM.js                                          13.71 kB │ gzip:   5.08 kB
dist/assets/wls-finished-inbound-CLkM4Rjp.js                             13.82 kB │ gzip:   5.28 kB
dist/assets/tmf-base-demo-Cnr5NUuZ.js                                    13.83 kB │ gzip:   5.00 kB
dist/assets/wls-inbound-Dl2By89W.js                                      13.87 kB │ gzip:   5.40 kB
dist/assets/work-orders-DaaI1J5A.js                                      13.99 kB │ gzip:   5.19 kB
dist/assets/cut-piece-return-warehouse-Bq6neh5S.js                       14.02 kB │ gzip:   5.02 kB
dist/assets/pcs-technical-data-tech-pack-list-DIUzprFI.js                14.20 kB │ gzip:   4.89 kB
dist/assets/supplements-1fLkp8Yb.js                                      14.21 kB │ gzip:   5.19 kB
dist/assets/idb-storage-DYscBY_v.js                                      14.27 kB │ gzip:   5.28 kB
dist/assets/mobile-execution-task-index-CLwfh1yn.js                      14.42 kB │ gzip:   3.87 kB
dist/assets/work-orders-Dl1lD2T6.js                                      14.45 kB │ gzip:   4.92 kB
dist/assets/post-finishing-qc-print-template-DsmobnrD.js                 14.50 kB │ gzip:   4.48 kB
dist/assets/printing-sheet-template-DSWyycoq.js                          14.58 kB │ gzip:   5.05 kB
dist/assets/work-orders-DHjSh-Ez.js                                      14.75 kB │ gzip:   4.78 kB
dist/assets/work-order-detail-ClIsuBRg.js                                14.75 kB │ gzip:   4.74 kB
dist/assets/responsibility-transfers-NI7PSjXc.js                         14.92 kB │ gzip:   5.68 kB
dist/assets/workbench-Diwkl0YN.js                                        15.58 kB │ gzip:   4.72 kB
dist/assets/pcs-handlers-CTIkSI8b.js                                     15.81 kB │ gzip:   3.96 kB
dist/assets/outbound-orders-D98j_TC3.js                                  15.95 kB │ gzip:   5.18 kB
dist/assets/cut-order-supplement-fixture-jgscupHE.js                     15.96 kB │ gzip:   4.83 kB
dist/assets/process-web-status-actions-Bkk9o_VW.js                       16.00 kB │ gzip:   4.25 kB
dist/assets/handover-ledger-view-Xi9ett9j.js                             16.19 kB │ gzip:   4.46 kB
dist/assets/reports-iptYWCZb.js                                          16.31 kB │ gzip:   4.20 kB
dist/assets/machines-BMluS9er.js                                         16.38 kB │ gzip:   5.46 kB
dist/assets/garment-spu-replacement-Vrhgsdfy.js                          16.40 kB │ gzip:   5.03 kB
dist/assets/full-flow-print-BdUPkaHj.js                                  16.42 kB │ gzip:   5.47 kB
dist/assets/cutting-runtime-event-ledger-BA1-XE2i.js                     16.45 kB │ gzip:   5.64 kB
dist/assets/payment-requests-DRK4yKxj.js                                 16.65 kB │ gzip:   5.47 kB
dist/assets/progress-handover-order-Cvcxq06i.js                          16.68 kB │ gzip:   4.96 kB
dist/assets/wls-garment-relabel-tasks-BgpTU-dk.js                        16.82 kB │ gzip:   5.56 kB
dist/assets/cut-order-release-integration-BlMHMzCv.js                    16.90 kB │ gzip:   6.06 kB
dist/assets/part-ticket-records-D_qkTLpf.js                              17.02 kB │ gzip:   6.36 kB
dist/assets/dispatch-acceptance-sla-Co_58rW0.js                          17.15 kB │ gzip:   5.13 kB
dist/assets/pda-cutting-task-detail-Dj0GE-U6.js                          17.15 kB │ gzip:   6.06 kB
dist/assets/sewing-cut-piece-return-workflow-qGT35qUr.js                 17.21 kB │ gzip:   6.09 kB
dist/assets/replacement-fabric-repository-CbRzseBj.js                    17.26 kB │ gzip:   6.62 kB
dist/assets/product-purchase-orders-DIMg_xft.js                          17.42 kB │ gzip:   5.22 kB
dist/assets/production-confirmation-D87nOXKC.js                          17.43 kB │ gzip:   5.94 kB
dist/assets/material-requirements-BMU9QOzY.js                            17.46 kB │ gzip:   5.96 kB
dist/assets/marker-spreading-projection-Bn_g1qfw.js                      17.49 kB │ gzip:   5.53 kB
dist/assets/pda-sewing-self-return-CRTx1NEO.js                           17.50 kB │ gzip:   5.92 kB
dist/assets/output-stock-D8-DHumc.js                                     17.52 kB │ gzip:   6.59 kB
dist/assets/simple-cut-piece-handover-fixtures-Ap86DKYw.js               17.53 kB │ gzip:   5.96 kB
dist/assets/progress-cutting-detail-swYQlHC1.js                          17.58 kB │ gzip:   4.44 kB
dist/assets/sewing-cut-piece-responsibility-CxskLgWI.js                  17.63 kB │ gzip:   5.30 kB
dist/assets/supplier-confirmations-CQoHidHy.js                           17.85 kB │ gzip:   5.30 kB
dist/assets/bom-detail-DSCbM_Wl.js                                       17.90 kB │ gzip:   5.78 kB
dist/assets/purchase-demands-Blyb8U0t.js                                 18.07 kB │ gzip:   5.82 kB
dist/assets/suppliers-DOxcttzm.js                                        18.16 kB │ gzip:   5.27 kB
dist/assets/pda-notify-due-soon-CehkRbZ8.js                              18.19 kB │ gzip:   6.20 kB
dist/assets/store-domain-pda-RwuVWCTm.js                                 18.21 kB │ gzip:   6.41 kB
dist/assets/process-mobile-task-binding--ZfHH_mK.js                      18.34 kB │ gzip:   6.43 kB
dist/assets/platform-process-result-view-DsZou_lW.js                     18.56 kB │ gzip:   5.34 kB
dist/assets/store-domain-statement-source-adapter-BYWJ5BCO.js            18.71 kB │ gzip:   5.37 kB
dist/assets/sewing-outsourcing-workbench-BbtVST6o.js                     18.76 kB │ gzip:   6.52 kB
dist/assets/source-document-detail-DQEhLf9L.js                           18.85 kB │ gzip:   7.61 kB
dist/assets/supplier-supply-archives-bJ5kYWQ4.js                         18.90 kB │ gzip:   5.80 kB
dist/assets/warehouse-CvkQdEKC.js                                        18.93 kB │ gzip:   6.05 kB
dist/assets/materials-DQo18LQz.js                                        18.93 kB │ gzip:   4.79 kB
dist/assets/pda-warehouse-shared-eN7yTzHy.js                             18.95 kB │ gzip:   5.69 kB
dist/assets/events-apufk_XO.js                                           19.04 kB │ gzip:   7.41 kB
dist/assets/production-demand-early-process-work-orders-CZ2UBUpx.js      19.13 kB │ gzip:   5.74 kB
dist/assets/platform.adapter-Cymqz25b.js                                 19.25 kB │ gzip:   6.09 kB
dist/assets/kol-goto-pda-domain-CAftAl0o.js                              19.33 kB │ gzip:   6.58 kB
dist/assets/shared-Jj_evJrv.js                                           19.43 kB │ gzip:   5.25 kB
dist/assets/units-qjwnPII-.js                                            19.73 kB │ gzip:   5.90 kB
dist/assets/adjustments-BjMViFHD.js                                      19.76 kB │ gzip:   6.13 kB
dist/assets/post-finishing-current-read-model-CADWwhFQ.js                19.77 kB │ gzip:   5.53 kB
dist/assets/stage-display-tsDZNEd_.js                                    19.84 kB │ gzip:   7.01 kB
dist/assets/pda-warehouse-inbound-records-oqaFL6ew.js                    19.84 kB │ gzip:   5.76 kB
dist/assets/factory-sample-verification-flow-CaBF4WJo.js                 19.86 kB │ gzip:   4.87 kB
dist/assets/index-CPgRejoo.js                                            20.21 kB │ gzip:   5.22 kB
dist/assets/audit-records-LCb09ZfU.js                                    20.26 kB │ gzip:   6.61 kB
dist/assets/process-water-soluble-orders-CXdfw5jb.js                     20.31 kB │ gzip:   6.36 kB
dist/assets/pda-warehouse-outbound-records-CcK8lBaS.js                   20.35 kB │ gzip:   5.99 kB
dist/assets/material-process-plans-D89uluXE.js                           20.43 kB │ gzip:   7.54 kB
dist/assets/task-orders-CQeHCP_D.js                                      20.53 kB │ gzip:   7.07 kB
dist/assets/overview.adapter-C3meFbuX.js                                 20.65 kB │ gzip:   6.53 kB
dist/assets/pcs-engineering-tech-pack-workspace-CXqbdrUn.js              21.00 kB │ gzip:   7.29 kB
dist/assets/shared-seed-CGi2rQR7.js                                      21.01 kB │ gzip:   6.23 kB
dist/assets/material-purchase-tracking--PNfkSDQ.js                       21.02 kB │ gzip:   6.66 kB
dist/assets/events-BmuisAcV.js                                           21.17 kB │ gzip:   6.56 kB
dist/assets/order-list-columns-ScN58Xeq.js                               21.20 kB │ gzip:   6.63 kB
dist/assets/pcs-testing-order-detail-CGGus35M.js                         21.20 kB │ gzip:   6.17 kB
dist/assets/los-live-rooms-DF3IPfKj.js                                   21.23 kB │ gzip:   7.67 kB
dist/assets/pcs-engineering-master-view-model-EdWECZMZ.js                21.39 kB │ gzip:   7.29 kB
dist/assets/suppliers-CThxbqVB.js                                        21.68 kB │ gzip:   6.93 kB
dist/assets/tmf-domain-shared-CsnEeaO8.js                                21.88 kB │ gzip:   8.26 kB
dist/assets/fei-ticket-numbering-B1qJ454E.js                             22.19 kB │ gzip:   6.38 kB
dist/assets/deduction-analysis-BYiHn_sP.js                               22.22 kB │ gzip:   6.48 kB
dist/assets/routes-wls-CeXkgJ81.js                                       22.31 kB │ gzip:   7.24 kB
dist/assets/warehouse-location-map-model-C4flmSh5.js                     22.51 kB │ gzip:   7.14 kB
dist/assets/subject-operations-ChoWoelx.js                               22.61 kB │ gzip:   7.02 kB
dist/assets/tasks-BUKPPYSC.js                                            22.71 kB │ gzip:   7.25 kB
dist/assets/work-order-detail-BmMEiitJ.js                                22.74 kB │ gzip:   7.31 kB
dist/assets/cut-piece-handover-xy8uWbR3.js                               22.85 kB │ gzip:   7.39 kB
dist/assets/progress-statistics-linkage-BY03zMW-.js                      22.86 kB │ gzip:   6.54 kB
dist/assets/qc-workbench-DPPO4sPD.js                                     22.94 kB │ gzip:   7.15 kB
dist/assets/recheck-orders-BBQSeSqC.js                                   23.09 kB │ gzip:   7.31 kB
dist/assets/cut-piece-returns-DeeJ7DFU.js                                23.13 kB │ gzip:   7.15 kB
dist/assets/purchase-suggestions-DDBA5OtG.js                             23.40 kB │ gzip:   7.34 kB
dist/assets/progress-cutting-overview-oOvHZ5bL.js                        23.61 kB │ gzip:   5.65 kB
dist/assets/material-issue-B5RyXu-4.js                                   23.62 kB │ gzip:   5.86 kB
dist/assets/print-preview-DnEDcMV0.js                                    23.71 kB │ gzip:   8.05 kB
dist/assets/production-order-duration-dq7x9W0H.js                        24.09 kB │ gzip:   9.21 kB
dist/assets/dye-work-order-online-view-eaUGXv3W.js                       24.15 kB │ gzip:   8.20 kB
dist/assets/quality-deduction-selectors-5ZRqVejD.js                      24.26 kB │ gzip:   6.28 kB
dist/assets/material-statements-BX0cAI5R.js                              24.27 kB │ gzip:   6.67 kB
dist/assets/process-order-task-links-Bfx2IFNn.js                         24.60 kB │ gzip:   6.82 kB
dist/assets/retired-process-history-DhBWhM38.js                          24.75 kB │ gzip:   6.41 kB
dist/assets/dialogs-CI1AkN8q.js                                          24.86 kB │ gzip:   6.14 kB
dist/assets/wls-fabric-demand-board-ePDgaLCv.js                          25.12 kB │ gzip:   6.88 kB
dist/assets/material-preparation-CjT4qYd0.js                             25.21 kB │ gzip:   8.80 kB
dist/assets/fcs-production-tech-pack-snapshot-BmXDYz3W.js                25.26 kB │ gzip:   6.44 kB
dist/assets/kol-demands-Do3NzyGW.js                                      25.43 kB │ gzip:   7.39 kB
dist/assets/process-print-orders-CsvC5KmP.js                             25.44 kB │ gzip:   8.44 kB
dist/assets/reconciliations-ApG3AX0p.js                                  25.46 kB │ gzip:   6.80 kB
dist/assets/machine-associations-R_xL88u8.js                             25.49 kB │ gzip:   7.70 kB
dist/assets/process-dye-orders-tx0OIjxT.js                               25.61 kB │ gzip:   8.52 kB
dist/assets/pda-handlers-BrmSR4Bf.js                                     25.64 kB │ gzip:   6.23 kB
dist/assets/qc-orders-CPeEnPCW.js                                        25.76 kB │ gzip:   8.21 kB
dist/assets/marker-spreading-utils-DYzsWIuz.js                           26.71 kB │ gzip:   7.82 kB
dist/assets/simple-cut-piece-handover-ui-BKrG95_0.js                     26.92 kB │ gzip:  10.05 kB
dist/assets/warehouse-location-map-QpRS-z8z.js                           27.06 kB │ gzip:   7.08 kB
dist/assets/pcs-config-workspace-repository-CC1_OCP7.js                  27.14 kB │ gzip:  10.28 kB
dist/assets/pda-warehouse-wait-handover-CFFsA2HX.js                      27.31 kB │ gzip:   7.07 kB
dist/assets/progress-milestone-config-CoYqC6WU.js                        27.46 kB │ gzip:   6.10 kB
dist/assets/pcs-pattern-library-detail-Dx3M5NYL.js                       27.67 kB │ gzip:   6.60 kB
dist/assets/third-party-factory-rating-13qQWPks.js                       28.00 kB │ gzip:   8.00 kB
dist/assets/pda-wool-fact-execution-c3QD7Cbv.js                          28.02 kB │ gzip:   9.35 kB
dist/assets/sample-approval-suggestions-hHDpPUPu.js                      28.14 kB │ gzip:   8.81 kB
dist/assets/sample-warehouse-CGawNfRq.js                                 28.31 kB │ gzip:   7.29 kB
dist/assets/print-styles-BjQBw8jj.js                                     28.31 kB │ gzip:   4.01 kB
dist/assets/factory-status-BHM0Pgvv.js                                   28.43 kB │ gzip:   6.02 kB
dist/assets/pcs-engineering-master-list-B9DBpDxJ.js                      28.85 kB │ gzip:  10.07 kB
dist/assets/marker-plan-source-model-CNXj-2V7.js                         28.93 kB │ gzip:   8.49 kB
dist/assets/commands-FyrB_Z4g.js                                         29.05 kB │ gzip:   8.24 kB
dist/assets/pcs-engineering-master-detail-CKZRNwdB.js                    29.21 kB │ gzip:   8.61 kB
dist/assets/warehouse-CrQ4d5ht.js                                        29.61 kB │ gzip:  10.00 kB
dist/assets/logistics-reconciliations-Df23G4Hw.js                        30.08 kB │ gzip:   9.30 kB
dist/assets/pcs-technical-data-CLwMaO-Q.js                               30.41 kB │ gzip:   8.32 kB
dist/assets/production-order-progress-tracking-fWxP7AA3.js               30.43 kB │ gzip:  10.23 kB
dist/assets/material-reconciliations-D5A0aSln.js                         30.48 kB │ gzip:   9.29 kB
dist/assets/progress-cutting-exception-center-BxmwJa7U.js                30.68 kB │ gzip:   7.12 kB
dist/assets/replacement-fabric-fei-tickets-B1ceaOkW.js                   31.15 kB │ gzip:  10.67 kB
dist/assets/capability-Ch4LXsJl.js                                       31.65 kB │ gzip:   6.70 kB
dist/assets/material-archives-BP8Um60A.js                                31.86 kB │ gzip:   7.88 kB
dist/assets/handover-orders-CZc-6lMG.js                                  32.23 kB │ gzip:   9.13 kB
dist/assets/factory-performance-DktQGWoT.js                              32.31 kB │ gzip:   6.74 kB
dist/assets/dialogs-C4iK6SNF.js                                          32.71 kB │ gzip:   9.86 kB
dist/assets/task-detail-CF8bTg8h.js                                      32.81 kB │ gzip:   9.73 kB
dist/assets/garment-spu-replacements-DZ2GLYEK.js                         33.03 kB │ gzip:   9.38 kB
dist/assets/effective-task-assignments-Dm7bg_cx.js                       33.04 kB │ gzip:  11.00 kB
dist/assets/process-warehouse-domain-DcrvSD-7.js                         33.18 kB │ gzip:   7.58 kB
dist/assets/pcs-tech-pack-bootstrap-Beaf8VdJ.js                          33.31 kB │ gzip:   8.49 kB
dist/assets/cut-piece-return-domain-CxcsjSm8.js                          33.37 kB │ gzip:   9.91 kB
dist/assets/store-domain-settlement-seeds-DNMoll1F.js                    33.72 kB │ gzip:   9.01 kB
dist/assets/pcs-pattern-library-LYr1M18L.js                              33.73 kB │ gzip:   7.66 kB
dist/assets/warehouse-runtime-BiiHaH7z.js                                33.79 kB │ gzip:   8.67 kB
dist/assets/pda-shell-CWD9csr_.js                                        33.93 kB │ gzip:   9.06 kB
dist/assets/early-process-management-BpAX51Ge.js                         34.61 kB │ gzip:   8.76 kB
dist/assets/dispatch-acceptance-sla-ChpjhAlm.js                          34.99 kB │ gzip:   7.90 kB
dist/assets/material-purchase-orders-CYazqdDh.js                         35.06 kB │ gzip:  11.31 kB
dist/assets/stage-orders-UXKgkhr1.js                                     35.21 kB │ gzip:  10.90 kB
dist/assets/pda-post-finishing-flow-Bu0-YOn3.js                          35.50 kB │ gzip:   9.59 kB
dist/assets/supplier-confirmations-DOv7AKzs.js                           36.00 kB │ gzip:   9.77 kB
dist/assets/stage-order-detail-BNbaJQdA.js                               36.01 kB │ gzip:  10.62 kB
dist/assets/pda-warehouse-stocktake-D6WuwI6b.js                          36.20 kB │ gzip:   9.34 kB
dist/assets/pda-cutting-inbound-O8PPL5xy.js                              36.25 kB │ gzip:  11.15 kB
dist/assets/pda-cutting-handover-DD50nQT8.js                             36.47 kB │ gzip:  11.26 kB
dist/assets/work-orders-DJYil4Uw.js                                      36.52 kB │ gzip:  12.34 kB
dist/assets/pending-receipts-1cheIXwp.js                                 36.78 kB │ gzip:  11.25 kB
dist/assets/pcs-pattern-library-create-D6s07Lfj.js                       37.00 kB │ gzip:   8.66 kB
dist/assets/production-context-records-BddF59bZ.js                       37.05 kB │ gzip:  13.07 kB
dist/assets/work-order-detail-OIye3or1.js                                37.06 kB │ gzip:  10.25 kB
dist/assets/material-inventory-BxevFJfr.js                               37.31 kB │ gzip:   9.27 kB
dist/assets/water-soluble-orders-Bk-MwbUW.js                             37.37 kB │ gzip:  11.39 kB
dist/assets/pda-task-receive-detail-D_wihJKp.js                          37.40 kB │ gzip:   9.28 kB
dist/assets/third-party-factory-comprehensive-assessment-JuaUztla.js     37.47 kB │ gzip:  11.05 kB
dist/assets/work-order-detail-DnIdk4zq.js                                37.63 kB │ gzip:  10.30 kB
dist/assets/first-leg-logistics-dggHDv_i.js                              37.82 kB │ gzip:  10.20 kB
dist/assets/product-purchase-orders-BJUrcqXb.js                          38.01 kB │ gzip:   9.33 kB
dist/assets/wait-handover-runtime-C0fd_Fsh.js                            38.06 kB │ gzip:  10.72 kB
dist/assets/pcs-part-template-library-CZuHkhT-.js                        38.07 kB │ gzip:  13.44 kB
dist/assets/cutting-statistics-ab-material-CtQWQ_li.js                   38.13 kB │ gzip:   8.63 kB
dist/assets/store-domain-quality-bootstrap-BVCx6B2d.js                   38.24 kB │ gzip:   5.40 kB
dist/assets/first-leg-carriers-DKdqPQpY.js                               38.27 kB │ gzip:  10.24 kB
dist/assets/special-processes-B7GyhA_j.js                                38.78 kB │ gzip:  10.19 kB
dist/assets/pda-quality-DIEH2OZY.js                                      39.09 kB │ gzip:  10.46 kB
dist/assets/payment-requests-DMYXEBua.js                                 39.18 kB │ gzip:  10.34 kB
dist/assets/warehouse-A6xWgHyF.js                                        39.60 kB │ gzip:  11.38 kB
dist/assets/semi-finished-orders-CrYAyHbt.js                             39.65 kB │ gzip:  12.10 kB
dist/assets/pda-cutting-transfer-bag-repack-CBk1-B_Z.js                  40.03 kB │ gzip:  11.48 kB
dist/assets/first-leg-shipments-I6nv_Onw.js                              40.79 kB │ gzip:  10.23 kB
dist/assets/fcs-handlers-BVqrPIqo.js                                     42.66 kB │ gzip:  12.75 kB
dist/assets/pending-receipts-DrBF1OUg.js                                 43.29 kB │ gzip:  15.59 kB
dist/assets/label-print-template-BKvm0mQc.js                             43.43 kB │ gzip:  12.31 kB
dist/assets/lace-factory-domain-E69dJw3K.js                              44.40 kB │ gzip:  11.20 kB
dist/assets/warehouse-DEpC6uKC.js                                        44.72 kB │ gzip:  11.43 kB
dist/assets/factory-receiving-BVroZKvB.js                                45.23 kB │ gzip:  15.39 kB
dist/assets/cutting-summary-DfZPv2me.js                                  45.72 kB │ gzip:  12.18 kB
dist/assets/engineering-file-upload-BDjGYabW.js                          46.77 kB │ gzip:  14.46 kB
dist/assets/demand-domain-Cs1LZQgX.js                                    47.17 kB │ gzip:  10.95 kB
dist/assets/batches-B7n-oOKo.js                                          47.44 kB │ gzip:  10.30 kB
dist/assets/handover-orders-3YF4CHxJ.js                                  47.47 kB │ gzip:   9.30 kB
dist/assets/warehouse-2FIKkLvd.js                                        47.74 kB │ gzip:  11.41 kB
dist/assets/settlement-linked-mock-factory-B7R9B45k.js                   47.83 kB │ gzip:  14.54 kB
dist/assets/pcs-record-core-CaTwNk1U.js                                  48.27 kB │ gzip:  16.16 kB
dist/assets/dyeing-ceKY9je3.js                                           48.99 kB │ gzip:  10.87 kB
dist/assets/printing-ClxKjZoG.js                                         48.99 kB │ gzip:  10.87 kB
dist/assets/other-CQBsNKTT.js                                            49.00 kB │ gzip:  10.89 kB
dist/assets/sewing-DPRqR1dF.js                                           50.02 kB │ gzip:  11.22 kB
dist/assets/dispatch-tenders-BU_uuSUd.js                                 50.08 kB │ gzip:  13.38 kB
dist/assets/progress-material-C0ZTNpVT.js                                50.24 kB │ gzip:  10.03 kB
dist/assets/pda-onboarding-BJ_ihR74.js                                   50.59 kB │ gzip:  10.82 kB
dist/assets/pda-task-receive-h5u2GSau.js                                 50.60 kB │ gzip:  12.70 kB
dist/assets/pda-cutting-execution-source-BnsnU0nQ.js                     50.74 kB │ gzip:  13.75 kB
dist/assets/pcs-config-workspace-pCw-hm4T.js                             51.20 kB │ gzip:  17.87 kB
dist/assets/pcs-channel-stores-Bmx0vp41.js                               51.35 kB │ gzip:  14.97 kB
dist/assets/marker-plan-model-r8FQ0zzb.js                                51.82 kB │ gzip:  14.83 kB
dist/assets/work-order-detail-CIxLG2hQ.js                                52.61 kB │ gzip:  16.46 kB
dist/assets/pda-handover-Br-5TXJQ.js                                     53.13 kB │ gzip:  14.22 kB
dist/assets/store-domain-progress-DEwU_Vqr.js                            53.17 kB │ gzip:  11.81 kB
dist/assets/detail-domain-BAIHbDvb.js                                    53.42 kB │ gzip:  11.88 kB
dist/assets/pcs-part-template-library-CSFFLeo9.js                        53.80 kB │ gzip:  11.07 kB
dist/assets/material-purchase-orders-DLyEZOcQ.js                         53.83 kB │ gzip:  16.35 kB
dist/assets/settlement-cutting-input-CA9zt5vq.js                         55.15 kB │ gzip:  11.71 kB
dist/assets/warehouse-location-map-CbTtkEPx.js                           56.96 kB │ gzip:  16.90 kB
dist/assets/marker-plan-occupancy-CjNxnBk5.js                            57.37 kB │ gzip:  16.10 kB
dist/assets/progress-urge-CF645eHC.js                                    57.86 kB │ gzip:  12.04 kB
dist/assets/pda-cutting-spreading-JdckeIun.js                            59.56 kB │ gzip:  14.29 kB
dist/assets/runtime-inputs-BSpgvxt3.js                                   59.81 kB │ gzip:  16.02 kB
dist/assets/wls-accessory-receipts-CXnbuTX3.js                           59.98 kB │ gzip:  15.50 kB
dist/assets/factory-profile-rmCIjGbk.js                                  61.17 kB │ gzip:  14.04 kB
dist/assets/cut-piece-release-Cp5HRdvC.js                                61.62 kB │ gzip:  16.48 kB
dist/assets/pda-settlement-DA4uYXQR.js                                   61.77 kB │ gzip:  14.31 kB
dist/assets/pickup-management-list-3UBXgVTu.js                           63.10 kB │ gzip:  17.80 kB
dist/assets/special-craft-fei-ticket-flow-DxMPx-dY.js                    63.37 kB │ gzip:  14.39 kB
dist/assets/cutting-BjQ8CGGe.js                                          64.33 kB │ gzip:  13.63 kB
dist/assets/progress-handover-6PiMuYYe.js                                65.43 kB │ gzip:  14.25 kB
dist/assets/pcs-channel-products-D8epOvvV.js                             66.90 kB │ gzip:  22.23 kB
dist/assets/production-object-overview-C7ui0icT.js                       67.61 kB │ gzip:  14.25 kB
dist/assets/output-documents-BwgoVhT2.js                                 68.63 kB │ gzip:  23.72 kB
dist/assets/core-B2gNw9Ua.js                                             69.24 kB │ gzip:  13.08 kB
dist/assets/cutting-daily-production-report-CP3GRGj6.js                  69.74 kB │ gzip:  19.77 kB
dist/assets/pda-exec-CrROGGui.js                                         69.84 kB │ gzip:  16.25 kB
dist/assets/context-1JcvnLSN.js                                          70.19 kB │ gzip:  21.60 kB
dist/assets/sewing-dispatch-BbNjDSKv.js                                  70.50 kB │ gzip:  18.48 kB
dist/assets/production-object-overview-DrK6f33a.js                       71.90 kB │ gzip:  16.79 kB
dist/assets/progress-exceptions-CFGvC8HD.js                              71.95 kB │ gzip:  13.95 kB
dist/assets/qc-records-BdmMyF9D.js                                       72.70 kB │ gzip:  16.61 kB
dist/assets/pcs-product-archives-uVi_2zKn.js                             73.23 kB │ gzip:  24.47 kB
dist/assets/pcs-engineering-tasks-Dg6T5-mP.js                            73.25 kB │ gzip:  17.52 kB
dist/assets/wait-handover-actions-DjeJxK_Y.js                            73.67 kB │ gzip:  18.85 kB
dist/assets/pcs-sample-management-BPsC5L7_.js                            74.15 kB │ gzip:  18.44 kB
dist/assets/factory-onboarding-C7UG-FRZ.js                               75.30 kB │ gzip:  12.71 kB
dist/assets/orders-domain-CwBCC-bW.js                                    76.35 kB │ gzip:  16.91 kB
dist/assets/dialogs-CGGX7c-S.js                                          76.54 kB │ gzip:  18.96 kB
dist/assets/settlement-Cp2WuJpy.js                                       76.58 kB │ gzip:  11.99 kB
dist/assets/runtime-projections-BmTCn9SZ.js                              78.06 kB │ gzip:  18.45 kB
dist/assets/process-action-writeback-service-Dx6WHbTd.js                 78.21 kB │ gzip:  17.89 kB
dist/assets/pda-handover-detail-BB5JOx3g.js                              78.22 kB │ gzip:  19.39 kB
dist/assets/transfer-bag-operations-CVk4Xk3g.js                          78.68 kB │ gzip:  19.51 kB
dist/assets/transfer-bags-Dmiuz1G2.js                                    80.19 kB │ gzip:  20.90 kB
dist/assets/routes-fcs-C3sAmAU_.js                                       80.69 kB │ gzip:  15.40 kB
dist/assets/production-progress-L8XKrDZ_.js                              82.26 kB │ gzip:  21.02 kB
dist/assets/production-COa8SfZ0.js                                       85.20 kB │ gzip:  18.44 kB
dist/assets/pda-warehouse-wait-process-DHgyyLJy.js                       89.02 kB │ gzip:  21.79 kB
dist/assets/events-B-4mkJsO.js                                           90.52 kB │ gzip:  22.37 kB
dist/assets/factory-onboarding-flow-DwMbSEXa.js                          90.64 kB │ gzip:  23.34 kB
dist/assets/production-tech-pack-change-domain-BuNxDJiD.js               91.44 kB │ gzip:  24.08 kB
dist/assets/dispatch-DPU0iN-x.js                                         92.70 kB │ gzip:  28.26 kB
dist/assets/cut-orders-DeRF2W-b.js                                       96.33 kB │ gzip:  25.06 kB
dist/assets/post-finishing-full-flow-CeOlCGke.js                        105.34 kB │ gzip:  27.31 kB
dist/assets/pcs-material-archive-detail-Be1Tk_fg.js                     107.73 kB │ gzip:  35.80 kB
dist/assets/index-CcsjD6Rt.js                                           109.46 kB │ gzip:  39.85 kB
dist/assets/pcs-independent-sampling-C-MKm_jd.js                        112.09 kB │ gzip:  30.97 kB
dist/assets/supplement-management-Bp8FrVd5.js                           114.76 kB │ gzip:  30.58 kB
dist/assets/transfer-bag-return-model-CfgKBlwH.js                       115.39 kB │ gzip:  27.28 kB
dist/assets/production-timeliness-B_wNB_H5.js                           117.44 kB │ gzip:  40.09 kB
dist/assets/statements-XGJJCkA9.js                                      121.16 kB │ gzip:  25.14 kB
dist/assets/events-CIhnm7Q0.js                                          122.84 kB │ gzip:  31.84 kB
dist/assets/unified-dispatch-workbench-CS4Cr5CE.js                      123.09 kB │ gzip:  34.72 kB
dist/assets/tmf-material-purchases-0YCFcSOc.js                          124.53 kB │ gzip:  32.38 kB
dist/assets/special-craft-task-orders-cuP647KI.js                       126.85 kB │ gzip:  33.61 kB
dist/assets/quality-deduction-repository-DNDyKuFc.js                    136.80 kB │ gzip:  26.67 kB
dist/assets/warehouse-hub-Bzf2HiBE.js                                   142.34 kB │ gzip:  36.02 kB
dist/assets/generated-fei-tickets-TFsKxNzy.js                           142.98 kB │ gzip:  36.19 kB
dist/assets/preparation-timing-Btudy-Og.js                              146.52 kB │ gzip:  34.63 kB
dist/assets/marker-plan-DM4OUZMv.js                                     152.41 kB │ gzip:  36.37 kB
dist/assets/marker-spreading-B_V9KY2d.js                                156.25 kB │ gzip:  38.58 kB
dist/assets/return-inbound-D2Ydj20b.js                                  162.41 kB │ gzip:  28.14 kB
dist/assets/app-shared-Bu_kWHz8.js                                      163.18 kB │ gzip:  40.35 kB
dist/assets/fei-tickets-AEWZJ7LQ.js                                     198.92 kB │ gzip:  44.69 kB
dist/assets/pcs-pattern-library-kgl9cuTG.js                             205.34 kB │ gzip:  45.57 kB
dist/assets/index--GzcKvNw.js                                           210.12 kB │ gzip:  66.49 kB
dist/assets/print-template-registry-Ba_e-7ic.js                         213.15 kB │ gzip:  55.20 kB
dist/assets/index-vYGrWbj4.js                                           217.56 kB │ gzip:  48.56 kB
dist/assets/pda-exec-detail-C2x_rFm5.js                                 250.00 kB │ gzip:  58.33 kB
dist/assets/process-domain-CWkaD3my.js                                  275.82 kB │ gzip:  60.70 kB
dist/assets/process-tasks-DGA-cH9D.js                                   309.33 kB │ gzip:  86.04 kB
dist/assets/production-orders-B0C0Ygqp.js                               488.83 kB │ gzip:  47.14 kB
dist/assets/pda-CXeNfkQ5.js                                             505.21 kB │ gzip:  83.25 kB
dist/assets/pcs-tech-pack-review-Clxqu7v5.js                            703.69 kB │ gzip: 190.68 kB
dist/assets/material-ledger-CX--zRUe.js                                 879.67 kB │ gzip: 223.23 kB
dist/assets/production-source-shared-DlLOMQYv.js                      1,530.42 kB │ gzip: 177.63 kB

(!) Some chunks are larger than 550 kB after minification. Consider:
- Using dynamic import() to code-split the application
- Use build.rollupOptions.output.manualChunks to improve chunking: https://rollupjs.org/configuration-options/#output-manualchunks
- Adjust chunk size limit for this warning via build.chunkSizeWarningLimit.
✓ built in 11.65s
