
> higoods-vanilla-clone@1.0.0 build
> npm run typecheck:engineering && npm test && vite build


> higoods-vanilla-clone@1.0.0 typecheck:engineering
> npm run typecheck:entrypoints && npm run typecheck:scopes


> higoods-vanilla-clone@1.0.0 typecheck:entrypoints
> tsc --project tsconfig.engineering.json


> higoods-vanilla-clone@1.0.0 typecheck:scopes
> node scripts/check-typescript-scope.mjs src/domain/ src/components/ui/ src/state/

TypeScript 全量既有错误：3
本次渐进检查范围：src/domain/、src/components/ui/、src/state/
范围内错误：0
范围外既有错误保留在全量 typecheck 中继续分批治理。

> higoods-vanilla-clone@1.0.0 test
> npm run test:unit


> higoods-vanilla-clone@1.0.0 test:unit
> node --import tsx --test tests/unit/*.test.ts

✔ 浏览器存储封装保持读写删除语义 (0.390458ms)
✔ 浏览器存储不可用或抛错时保持静默降级 (0.082208ms)
(node:77739) ExperimentalWarning: localStorage is not available because --localstorage-file was not provided.
(Use `node --trace-warnings ...` to show where the warning was created)
✔ 独立裁剪整任务改派保留数量和执行历史，旧有效分配失效，新范围唯一 (48.59025ms)
✔ 裁床改派回原工厂且回填同一业务日期，不复用旧票范围；普通审计不改身份 (0.121333ms)
(node:77740) ExperimentalWarning: localStorage is not available because --localstorage-file was not provided.
(Use `node --trace-warnings ...` to show where the warning was created)
✔ 交出列表省略详情路线读取时保留全部输出字段 (351.0005ms)
(node:77741) ExperimentalWarning: localStorage is not available because --localstorage-file was not provided.
(Use `node --trace-warnings ...` to show where the warning was created)
✔ MIG-001/002/006: management entry and handlers belong to FCS; PFOS keeps execution (1.039792ms)
✔ MIG-003/007: prep and execution read the same early order identities, quantities and match status (644.4705ms)
✔ MIG-004/009: migrated dialogs retain candidate fields, actual material image and task outputs (0.860833ms)
✔ MIG-011: management and execution use the same seven business display columns (10.736ms)
✔ MIG-007: early dye/print creation and cancellation survive reload (2424.355792ms)
✔ BOM working-copy write failure preserves prior state; retry succeeds (168.969334ms)
✔ existing production preparation data does not trigger demo writes on entry (1493.299833ms)
✔ rollback of an unchanged saved BOM does not perform another failing write (30.465583ms)
✔ BOM dictionary preserves old JSON and all snapshot values without mutating input (5.632042ms)
✔ BOM dictionary rejects missing references instead of replacing data silently (0.220041ms)
(node:77746) ExperimentalWarning: localStorage is not available because --localstorage-file was not provided.
(Use `node --trace-warnings ...` to show where the warning was created)
✔ PDA顶栏计数与实际完整待办相同，覆盖各任务工厂及管理员/员工角色 (1784.997792ms)
✔ 解析带标签、小数和空格的长度数量 (0.470584ms)
✔ 解析卷数并对不合法文本返回 0 (0.109334ms)
✔ 证据文件标识把连续空白收口为单个连字符 (0.149ms)
(node:77748) ExperimentalWarning: localStorage is not available because --localstorage-file was not provided.
(Use `node --trace-warnings ...` to show where the warning was created)
✔ 设计改款可成批生成染色和印花加工单，且完整投影来源与上下游 (971.640458ms)
✔ 设计改款加工单生成幂等，重复请求不增加单据 (39.39325ms)
✔ 同一设计改款任务的不同颜色和 BOM 行分别生成加工单 (62.2845ms)
✔ 成批提交失败时染色与印花加工单一起回滚 (18.71575ms)
✔ 设计改款来源缺关键引用或来源未知时必须阻断 (0.201584ms)
(node:77749) ExperimentalWarning: localStorage is not available because --localstorage-file was not provided.
(Use `node --trace-warnings ...` to show where the warning was created)
✔ 设计改款染后印花必须先分配印花厂，染色交出不能误送中央工厂 (277.077417ms)
✔ 仅染与仅印分别创建一张加工单和一条仓库首道调拨计划 (14.3775ms)
✔ 辅料染色单创建后已有辅料仓调拨计划，分厂时自动落实原单但不冒充实发 (18.001041ms)
✔ 历史双工艺加工单仍可追溯原有染印交接 (413.326459ms)
✔ 先染后印目标 SKU 创建两段加工单，印花只接收本行染后物料而不能跳过染色 (1487.690583ms)
✔ 单独印花 SKU 从仓库发印厂并完成样衣归档 (1620.652875ms)
✔ 印花实际交出生成中央工厂待接收原单，实收回写原交接并允许完成加工单 (510.881209ms)
✔ 专业成果没有真实附件时保持未绑定 (12.976292ms)
(node:77750) ExperimentalWarning: localStorage is not available because --localstorage-file was not provided.
(Use `node --trace-warnings ...` to show where the warning was created)
✔ 可打印不等于可建交出单，必须完成真实标签打印 (1.152ms)
✔ 卷规格无效时不可建交出单，且不改变原可打印判定语义 (0.162666ms)
✔ 人工完成印花加工单不再自动填充操作人 (203.808875ms)
(node:77752) ExperimentalWarning: localStorage is not available because --localstorage-file was not provided.
(Use `node --trace-warnings ...` to show where the warning was created)
✔ 非 KOL PDA 导入不生成 KOL 领交料；首次 KOL 访问生成完整且幂等的演示记录 (195.184209ms)
✔ PDA 单任务读取保持普通任务、测试工厂与 KOL 任务内容和查找优先级 (2.414333ms)
(node:77753) ExperimentalWarning: localStorage is not available because --localstorage-file was not provided.
(Use `node --trace-warnings ...` to show where the warning was created)
✔ 可编辑的演示唛架保存后优先读取用户记录，刷新不恢复原备注和状态 (437.151083ms)
✔ 日报窗口含截止日7天，重点日均独立使用前6天 (0.52975ms)
✔ 未知采购不填0，未BOM不输出完整确定订单需求 (0.117ms)
✔ 突变必须绝对量与比例同时达到阈值 (0.060083ms)
✔ 截止日突变示例与未完结日不判定 (0.064667ms)
✔ 共享商品按SPU去重而不按关联行累加销量 (0.096375ms)
✔ 预选不产生确定用料；BOM需求保留物料归属 (0.129375ms)
✔ 同料BOM优先于预选，不重复关系及需量 (0.0725ms)
✔ 两个业务页具有独立容器、标准分页与证据边界 (15.329583ms)
✔ 未进入物料页面时 bridge 不加载业务；加载失败重试后首次渲染即已注册 (3.160166ms)
✔ click 分组顺序、短路、选择器范围保持原行为，重新注册替换旧处理器 (0.599333ms)
✔ 备料写入守卫读取实时角色与水位，阻断时不调用业务处理器 (0.346833ms)
✔ input/change/keyboard 原入口、筛选范围和 change 优先级完整保留 (0.310041ms)
✔ health groups are exhaustive and mutually exclusive in demo (0.864542ms)
✔ coverage and baseline use same inventory plus transit but distinct demand windows (0.080584ms)
✔ zero demand is unavailable rather than infinity and huge finite quotient stays finite (0.095375ms)
✔ date selects different consistent snapshot (0.091875ms)
✔ threshold changes alter classification without changing facts (0.073333ms)
✔ health view carries core P1 business sections and mock caveat (19.666125ms)
✔ AT16 rules do not substitute brand, size or packaging method (0.427458ms)
✔ AT24 equal priority conflict blocks resolution and identifies rules (0.357042ms)
✔ higher explicit priority resolves a lower priority overlap (0.056875ms)
✔ plans distinguish garments and parcels and add loss once (0.151875ms)
✔ AT18 white pendant stock only allocated once (0.076958ms)
✔ event duplicate and old revision do not add consumption; reprints are activity only (0.126458ms)
✔ conflicting same revision fails instead of silently choosing a payload (0.061625ms)
✔ AT17/19/20 panel states unresolved ASAYA, independent kit80 and unknown ribbon (0.25975ms)
✔ trigger distinct from target, existing supply produces explainable zero (0.621792ms)
✔ missing mapping or usage and incompatible raw unit block unsafe generation (0.22575ms)
✔ generation reserves remaining once and shared raw pool across target rules (1.217583ms)
✔ production does not increase stock; actual SKU and output bound partial receipts (0.3085ms)
✔ cancelled suggestion releases commitment and raw allocation (0.136792ms)
✔ AT05 committed greige is not available for a second allocation (1.211625ms)
✔ AT06 partial receipt reduces expected supply; checking and qualified never duplicate (0.746209ms)
✔ AT07 unmapped target preserves quantities but gives no target coverage (0.173834ms)
✔ §7.2 loss reduces future supply; rejected receipts never become usable (0.115125ms)
✔ §7.3 unit/yield/route and conservation gaps block deterministic supply (0.196042ms)
✔ §7.3 candidate comparison reports remaining shortage and respects arrival deadline (0.237709ms)
✔ §7.3 zero gap stays zero and nonfinite inputs cannot produce advice (0.092042ms)
✔ panel uses owned local handlers and discloses mock and missing images (1.965042ms)
✔ P2 coefficients and coverage exclude transit (8.765791ms)
✔ P2 coverage buckets have exclusive shared boundaries (0.606458ms)
✔ P2 partial receipts and completed batches count remaining only (0.082417ms)
✔ P2 latest overdue selected only if no future batch; today included (0.071291ms)
✔ P2 search transit and ETA filters compose (0.146208ms)
✔ P2 zero demand and missing BOM preserve distinct nulls; micro demand excluded (0.074875ms)
✔ P2 standard table renders and limits initial rows to first page (9.169542ms)
✔ AT01/02 internal reservation stays in coverage while external reservation is deducted (11.71925ms)
✔ AT03 quality segments are not usable (0.175ms)
✔ AT04 partial receipt leaves remaining supply only (0.185375ms)
✔ AT08/38 late supply never erases earlier shortage (0.144625ms)
✔ AT09 intermediate deficit determines net need rather than positive closing balance (0.126875ms)
✔ AT10 MOQ and pack rounding, zero stays zero (0.146958ms)
✔ AT11 horizon begins at cutoff and is not expanded by lead time (0.219417ms)
✔ AT12 forecast covered by confirmed demand is excluded before coefficient (0.1545ms)
✔ AT13 no demand has no numeric coverage (0.119708ms)
✔ AT14 cancelling demand does not change stock (0.170084ms)
✔ AT15 latest event revision only (0.429875ms)
✔ AT16/17 directory preserves bag sizes and ASAYA duplicated input is one unresolved SKU (0.092583ms)
✔ AT18 three brands draw from one shared pool (0.124042ms)
✔ AT19/20 kit capacity respects minimum and missing conversion (0.071292ms)
✔ AT21 inactive/unusable stock remains physically visible (0.096916ms)
✔ AT23 affected order identifiers are unique (0.095458ms)
✔ AT25/26 draft does not mutate active and invalidates trial (0.066541ms)
✔ AT26/28 publish requires role and exact trial; history retained (0.190292ms)
✔ AT31 risk cannot close with remaining shortage or skip verification (0.162917ms)
✔ AT37 invalid dates, unknown timezone, bad numeric values rejected (0.092833ms)
✔ duplicate supply chain does not double count and blocks deterministic advice (0.101959ms)
✔ warehouse catalogue includes 17 locations and two garment warehouses (0.072417ms)
✔ candidate comparison retains pre-arrival risk (0.58875ms)
✔ SKU-specific policy wins and duplicate rules block publish (0.158167ms)
(node:77763) ExperimentalWarning: localStorage is not available because --localstorage-file was not provided.
(Use `node --trace-warnings ...` to show where the warning was created)
✔ 逐票与逐打印任务保持原结构，变更一条只保存一条 (1.121625ms)
✔ 草稿按原映射键保存；手工票与操作记录分离，删除票保留审计 (0.546ms)
✔ 拒绝损坏JSON且不冒充空数据 (0.299458ms)
✔ 拒绝空字符串且不冒充空数据 (0.112708ms)
✔ 拒绝错误根且不冒充空数据 (0.139584ms)
✔ 拒绝重复票号身份且不冒充空数据 (0.092291ms)
✔ 拒绝缺少票号且不冒充空数据 (0.092333ms)
✔ 拒绝错误状态且不冒充空数据 (0.086166ms)
✔ 拒绝打印关联缺失且不冒充空数据 (0.207125ms)
✔ 拒绝草稿身份缺失且不冒充空数据 (0.651916ms)
✔ 拒绝手工日志缺失且不冒充空数据 (0.114625ms)
✔ 拒绝手工二维码缺失且不冒充空数据 (0.104458ms)
✔ 已保存实体与备份身份校验，不接受伪造集合或迁移元数据 (1.387ms)
✔ 袋账派生绑定锁，无需持久化派生票快照；关闭周转解除旧快照锁 (471.706209ms)
✔ 唛架来源和铺布单逐实体保存，保留卷明细、层序及来源引用 (0.240917ms)
✔ 指定保存对象不复制重复静态唛架，也不覆盖其他已保存铺布单 (0.2395ms)
✔ 旧袋账按实体保留绑定与历史，局部动作不复制静态袋档案 (0.333042ms)
✔ 专用打印来源保留原票身份、数量、状态、袋锁及打印对象，不查询全量PDA与库存摘要 (1016.306584ms)
✔ 实际输出首打保持原身份与数量；动态与普通来源均可打印，失效来源阻断，重复首打不新增 (88.438417ms)
✔ 唛架引用读取失败明确阻断，不将迁移或读取错误伪装成空铺布来源 (0.864042ms)
✔ 用户唛架方案逐ID迁移保留床次和占用，修改一张不重写其它方案 (0.181041ms)
✔ PDA及手工票专用唛架定义与原完整投影等价，保留床次、数量和可铺布资格 (400.71075ms)
✔ 裁床配料按真实生产单范围读取与全量结果逐字段相等，保留库存、领取、状态与任务链接 (457.2895ms)
✔ PDA铺布目标直接携带真实已保存铺布单的裁床与负责人，不另算整套列表 (383.503459ms)
✔ 铺布投影复用唛架定义仍保留已保存session的卷明细、裁床、负责人和实际裁剪数量 (368.244041ms)
✔ 路由标准化移除 query 与 hash，但不改动路径 (0.658208ms)
✔ 只匹配路由根或其子路径，不误匹配相似前缀 (0.134083ms)
✔ 可在多个合法根路径中匹配一个 (0.079125ms)
✔ 只把完整生产确认单打印路由识别为命中 (0.116458ms)
✔ 专业任务必须全部有效明细通过且保留成果与审核事实 (0.680708ms)
✔ 纸样名称或物料关联不能替代可读取原文件 (21.18425ms)
(node:77766) ExperimentalWarning: localStorage is not available because --localstorage-file was not provided.
(Use `node --trace-warnings ...` to show where the warning was created)
✔ 目标 SKU 的四种加工组合、前序实物和 BOM Q 均按已建档字段读取 (1.672916ms)
✔ 整单总量口径保存后仍按一次总量计算，不被样衣件数重复放大 (1536.706292ms)
✔ 一张设计改款 BOM 同时有 Yard 面料和 PCS 辅料时，各行独立计量且辅料无需加工调拨 (66.402042ms)
✔ 复用既有纸样与参照 BOM 的无印染任务可直接提交样衣并自动完成；复制只生成草稿 (1180.40775ms)
✔ 批量复制保留物料、费用和样衣安排为独立可编辑草稿，不生成工作 (111.271667ms)
✔ 单页创建同时保存物料、费用与样衣要求；失败不留下空任务 (57.445833ms)
✔ 加工按物料行及实际阶段执行：纯染行与先染后印行独立串联 (211.670333ms)
✔ 旧设计任务移除线下工作和依赖，保留加工单身份、样衣成果及原始输入 (1404.271458ms)
✔ 任务汇总排除未启用，待前置只列出未完成依赖，关闭单不继续催办 (0.932834ms)
✔ 筛选覆盖关键词、状态、跟单、待办、类型、团队和日期边界，统计范围一致 (0.283208ms)
✔ CSV包含全部匹配行和任务责任计划，不含操作列，特殊文字正确转义 (0.447666ms)
✔ 生产准备必须读取测款最终通过事实，保存时重新校验且失败不生成主单 (1274.916709ms)
✔ PATTERN_ARTWORK 多明细全部有效项通过才完成，同SKU不同要求不合并 (0.495041ms)
✔ COLOR_FABRIC 多明细全部有效项通过才完成，同SKU不同要求不合并 (0.070667ms)
✔ COLOR_YARN 多明细全部有效项通过才完成，同SKU不同要求不合并 (0.062416ms)
✔ 多辅料分单覆盖，第一张下单不足以完成，失效单不能提供覆盖 (0.227125ms)
✔ 专业列表业务字段查询与责任、来源、计划边界组合，未登记计划不误入日期结果 (1.462708ms)
(node:77772) ExperimentalWarning: localStorage is not available because --localstorage-file was not provided.
(Use `node --trace-warnings ...` to show where the warning was created)
✔ targeted PCS baseline reads return independent records without cloning unrelated collections (175.920833ms)
✔ PCS 前插多个新记录保留全部既有位置，重复保存不产生位置变化 (1.273ms)
✔ PCS 单条置顶、居中插入、删除保持实际顺序且不移动其余记录 (0.121916ms)
✔ PCS 图片按款号和颜色固定，尺码不改变照片，未知对象没有随机图片 (0.787584ms)
✔ 历史 Mock 只替换登记的旧图，保留用户图片及未知款式 (0.448125ms)
✔ 后道 QC 来源 SKU 保留原身份和数量，五种颜色分别绑定对应实拍 (0.286541ms)
✔ 后道历史快照只迁移准确 SKU 的旧示意图，质检数量与用户图不变 (0.418792ms)
(node:77775) ExperimentalWarning: localStorage is not available because --localstorage-file was not provided.
(Use `node --trace-warnings ...` to show where the warning was created)
✔ SAMPLE-FIX-01–05/11: actual request→reserve→approve→pickup→return→receipt; stable own IDs and detached reads (987.647458ms)
✔ SAMPLE-FIX-03/05: all invalid input blocks writes; cancellation/rejection frees only own reservation (472.464209ms)
✔ SAMPLE-FIX-08/09/11: cases and stocktake persist independently, cannot execute twice or masquerade as adjustment (574.875125ms)
(node:77776) ExperimentalWarning: localStorage is not available because --localstorage-file was not provided.
(Use `node --trace-warnings ...` to show where the warning was created)
✔ HG-001/002/004: SKU identity survives duplicate receipts, transfers and repeats; HG resolves SKU (255.534334ms)
✔ HG-005/006/008: printed data and bounded settings; no truncation, images or state writes (0.665542ms)
✔ HG-002/004 regression: older receipt without identities retains its first date; raw SKU is never HG (97.515166ms)
(node:77777) ExperimentalWarning: localStorage is not available because --localstorage-file was not provided.
(Use `node --trace-warnings ...` to show where the warning was created)
✔ SAMP-001–013 Mock: receipt → all SKU tags → live/home → production/factory/department/warehouse → marketing, with adversarial gates (1357.609625ms)
(node:77778) ExperimentalWarning: localStorage is not available because --localstorage-file was not provided.
(Use `node --trace-warnings ...` to show where the warning was created)
✔ PDA 列表轻量摘要与详情的归属、数量、物料和下一步一致 (983.036625ms)
(node:77779) ExperimentalWarning: localStorage is not available because --localstorage-file was not provided.
(Use `node --trace-warnings ...` to show where the warning was created)
✔ 按工厂投影不改变全能力、印花、染色、中央与裁片演示账号可见任务 (924.502667ms)
(node:77780) ExperimentalWarning: localStorage is not available because --localstorage-file was not provided.
(Use `node --trace-warnings ...` to show where the warning was created)
✔ 接单工厂范围保留全量投影中本厂每个任务的身份、数量、状态及接单/中标结果 (2998.039417ms)
(node:77781) ExperimentalWarning: localStorage is not available because --localstorage-file was not provided.
(Use `node --trace-warnings ...` to show where the warning was created)
✔ PDA order/task link indexes preserve all full-index candidates without constructing unrelated material rows (924.769584ms)
✔ ordinary sewing direct lookup keeps every field and factory permission from the complete canonical projection (486.45375ms)
✔ runtime sewing overrides and legacy/missing IDs retain the complete projection result (583.5415ms)
✔ one fresh read-only object snapshot preserves readiness, context and unknown references without refreshing per miss (479.240792ms)
✔ PDA handlers wait for part-ticket hydration, and the real detail is not mounted before both dependencies complete (67.641042ms)
✔ ordinary sewing detail leaves unrelated PMS initialization pending until a normal module entry (29.563917ms)
✔ same-navigation sewing preload discovers actual bundle entries and static closure without evaluating modules (38.660333ms)
✔ preview compression includes the same sewing static chunks and retains existing assets without broad lazy-route output (41.299666ms)
(node:77783) ExperimentalWarning: localStorage is not available because --localstorage-file was not provided.
(Use `node --trace-warnings ...` to show where the warning was created)
✔ 中转袋交出与实际入仓使用同一浏览器本地业务时间，不把 UTC 当作本地时间 (5.60775ms)
[PMS_IDB_LOAD_FAILED] { message: '当前浏览器不支持 IndexedDB,PMS 业务数据无法持久化。' }
✔ 物流商新增字段保存回显并写入操作日志 (3.095333ms)
✔ 物流商数字字段非负校验与运输方式枚举校验 (0.270333ms)
✔ 渠道新增字段保存回显，条件计费字段按计费方式保留 (0.428916ms)
✔ 整柜渠道不要求新增计费字段，仍要求四箱型完整配置 (0.148167ms)
✔ 渠道数字字段非负与时效区间校验 (0.136584ms)
✔ 头程批次聚合展示总箱数、总重量、总体积与转运天数 (0.530292ms)
✔ 工序链按保存顺序生效，合法工序集合固定，非法或重复工序被拒 (2.861375ms)
✔ 坯布 SKU 必填，坯布库存为 0 时调拨资格被拒，补足后恢复 (0.737625ms)
✔ 采购单按勾选 SKU 生成明细，数量与枚举非法被拒 (0.293291ms)
✔ 调拨单可选择调出仓库与调入目标，同步生成加工单号链 (0.408875ms)
✔ 批量刷新库存更新全部监控行与刷新时间并写日志 (0.43075ms)
✔ 手动添加监控 SKU 校验 SKU 必填与重复，添加后进入列表 (0.503667ms)
✔ 物料申报扩展字段保存回显，26 项特殊属性按数组保存 (2.830167ms)
✔ 报关扩展：法定第二计量单位与数值，不报关分支跳过必填校验 (0.416625ms)
✔ BOM 业务选项与价格/成本、工厂、布料字段保存回显 (1.376ms)
✔ 主体经营 9 项成本明细加调整重算总成本，数据缺失提醒可消除 (0.92525ms)
✔ 供应商从草稿到启用遵循状态机，名称唯一 (3.570167ms)
✔ 供货档案包装换算与快照版本 (0.552833ms)
✔ 物料全部有真实图片，采购补充信息可更新且不新增删除 (0.73425ms)
✔ 成衣与样衣 SKU 只读列表数据完整 (0.152792ms)
✔ 仓库同步更新时间，单位字典唯一且不可删除只可启停 (0.60075ms)
✔ BOM 用量可修改，说明可保存，发布后可生成面辅料需求 (2.82225ms)
[PMS_IDB_LOAD_FAILED] { message: '当前浏览器不支持 IndexedDB,PMS 业务数据无法持久化。' }
[PMS_IDB_UNAVAILABLE] put 跳过,数据仅保留在内存 { store: 'pmsMaterialPurchaseOrderDeltas', key: 'CGF-2026-0005' }
[PMS_IDB_UNAVAILABLE] put 跳过,数据仅保留在内存 { store: 'pmsMaterialPurchaseOrderDeltas', key: 'CGF-2026-0001' }
[PMS_IDB_UNAVAILABLE] put 跳过,数据仅保留在内存 { store: 'pmsMaterialPurchaseOrderDeltas', key: 'CGF-2026-0007' }
✔ 面辅料需求种子就绪且可按物料行下推采购单 (2.438541ms)
✔ 快递信息导入校验采购单存在、单号唯一、日期与数量合法 (0.437083ms)
✔ 国内签收、加入头程、状态推进与到仓自动签收 (1.100875ms)
✔ 供应商确认单需标签齐备，确认后回写采购单 (0.965667ms)
✔ 整柜渠道必须完整配置四个箱型，物流商可启停 (0.365583ms)
✔ 面辅料采购单可带原因关闭，关闭后不能再登记到货 (0.2445ms)
✔ 库存监控触发线与建议量公式，规则异常阻断建单 (2.648ms)
✔ 建单数量不得超过建议量，调拨与采购资格分别阻断 (0.236292ms)
✔ 中转看板指标、分布与筛选跳转规则 (0.284375ms)
✔ 生产单校验与配料任务只读数据完整，系统设置结果为 8/6/10 (0.1005ms)
✔ 种子采购单按 SRM 生成器规律补齐单据级与明细级字段 (0.769542ms)
✔ 新建做货采购单保存采购专员、加急、首单、区域与明细字段并可回显 (1.143959ms)
✔ 未传新增字段时沿用默认值并保持既有命令兼容 (0.119125ms)
✔ 采购专员必填、做货必须选区域、重量非负均抛出中文 PmsDomainError (0.347ms)
✔ 编辑采购单保存新增字段并回显，非法输入被阻断 (0.294083ms)
✔ BOM 状态与 bomMatched 一致，未发布 BOM 的做货明细为未匹配 (0.182416ms)
✔ 行采购金额使用 roundPmsQty 且汇总等于逐行金额之和 (0.125584ms)
✔ 采购建议按缺口公式与折扣计算，并计入有效 KOL 申请 (0.818667ms)
✔ KOL 草稿与已驳回不计入建议缺口 (0.10125ms)
✔ 建议转采购单后写回已转数量与部分生成状态 (5.886458ms)
✔ 面辅料需求按 BOM 用量与损耗扣减库存和采购中 (1.146583ms)
✔ 重复生成、草稿采购单与非做货采购单均被阻断 (0.238333ms)
✔ KOL 单条超量需要二次确认，超过申请量直接阻断 (0.602417ms)
✔ 驳回 KOL 需求后不再计入建议缺口 (0.353292ms)
✔ 关闭采购单必须填写原因且已关闭不可重复关闭 (0.385958ms)
[PMS_IDB_LOAD_FAILED] { message: '当前浏览器不支持 IndexedDB,PMS 业务数据无法持久化。' }
[PMS_IDB_SAVE_FAILED] 创建请款单 IDB 写入失败 {
  requestNo: 'PAY-M-2026-0006',
  message: '当前浏览器不支持 IndexedDB,PMS 业务数据无法持久化。',
  degraded: 'memory-only'
}
[PMS_IDB_SAVE_FAILED] 创建请款单 IDB 写入失败 {
  requestNo: 'PAY-L-2026-0004',
  message: '当前浏览器不支持 IndexedDB,PMS 业务数据无法持久化。',
  degraded: 'memory-only'
}
[PMS_IDB_SAVE_FAILED] 作废请款单 IDB 写入失败 {
  requestNo: 'PAY-L-2026-0004',
  message: '当前浏览器不支持 IndexedDB,PMS 业务数据无法持久化。',
  degraded: 'memory-only'
}
✔ 主体经营明细总成本、毛利与毛利率公式 (0.808333ms)
✔ 面辅料对账：预计/实际双层公式，费用项与差异双重门禁 (3.224833ms)
✔ 面辅料费用项部分确认、批量确认与编辑失效 (0.556709ms)
✔ 请款草稿跨页创建、请款与付款上限、编辑范围 (0.955167ms)
✔ 物流实际费用 12 列导入校验、不自动确认与确认后锁定 (0.450167ms)
✔ 请款单作废释放来源对账，已有付款不能作废 (0.30875ms)
✔ 供应商账单 9 列导入覆盖实际层且不自动确认 (0.260459ms)
✔ 金额大写按 RMB 规则输出并覆盖跨节零 (0.130292ms)
[PMS_IDB_UNAVAILABLE] put 跳过,数据仅保留在内存 { store: 'pmsMaterialPurchaseOrderDeltas', key: 'CGF-2026-0005' }
[PMS_IDB_LOAD_FAILED] { message: '当前浏览器不支持 IndexedDB,PMS 业务数据无法持久化。' }
[PMS_IDB_UNAVAILABLE] put 跳过,数据仅保留在内存 { store: 'pmsMaterialPurchaseOrderDeltas', key: 'CGF-2026-0005' }
[PMS_IDB_UNAVAILABLE] put 跳过,数据仅保留在内存 { store: 'pmsMaterialPurchaseOrderDeltas', key: 'CGF-2026-0005' }
[PMS_IDB_UNAVAILABLE] put 跳过,数据仅保留在内存 { store: 'pmsMaterialPurchaseOrderDeltas', key: 'CGF-2026-0005' }
[PMS_IDB_UNAVAILABLE] put 跳过,数据仅保留在内存 { store: 'pmsMaterialPurchaseOrderDeltas', key: 'CGF-2026-0005' }
[PMS_IDB_UNAVAILABLE] put 跳过,数据仅保留在内存 { store: 'pmsMaterialPurchaseOrderDeltas', key: 'CGF-2026-0005' }
✔ 生成卷号按前缀、每卷米数、重量与起始序号生成并写入包装明细 (5.675125ms)
✔ 生成卷号时尾卷承载剩余数量，卷数按采购数量与每卷米数自动取整 (1.004125ms)
✔ 非法卷号参数被拒绝并抛出中文域错误 (0.470291ms)
✔ 生成标签后二维码内容包含卷号与箱规，参与打印 (0.350416ms)
✔ 箱规新增自动计算体积，重复箱号与非法尺寸被拒，删除后计数正确 (0.319625ms)
✔ 包装明细可新增与删除，非法输入被拒且删除后计数正确 (0.265583ms)
✔ 被包装明细引用的箱规不能删除 (0.083667ms)
✔ 供应商枚举与 SRM 完全一致，旧枚举不再出现 (1.651709ms)
✔ 种子字段满足 SRM 枚举且协同指标为数字 (0.284875ms)
✔ 新增字段保存并回显，成功命令写入操作日志 (3.176417ms)
✔ 编辑保存新增字段并保持状态机与事件名不变 (0.431208ms)
✔ 非法或缺失输入抛 PmsDomainError 且不写入数据 (2.101459ms)
✔ 详情与列表展示新增字段、SRM 枚举与协同指标 (23.937458ms)
(node:77795) ExperimentalWarning: localStorage is not available because --localstorage-file was not provided.
(Use `node --trace-warnings ...` to show where the warning was created)
✔ CONTRACT-002: business allocation day is day 1 and every calendar day counts, including Sunday (0.627375ms)
✔ CONTRACT-002: the three contracts retain 4/8/9, 5/9/10 and 6/9/12 calendar-day milestones (0.336334ms)
✔ CONTRACT-002: invalid calendar dates and counting days still fail without creating deadlines (0.241625ms)
(node:77796) ExperimentalWarning: localStorage is not available because --localstorage-file was not provided.
(Use `node --trace-warnings ...` to show where the warning was created)
✔ 实际耗时跨周日仍按真实时间差；没有可靠时间不造耗时 (0.525792ms)
✔ 每任务都达成才结束；同一来源去重，作废明细不影响主表 (0.318084ms)
✔ 耗时页 Mock 至少覆盖九张生产单和全部节点，且下游事实不会越过未完成的前置节点 (850.455208ms)
✔ 裁片放行按一张放行单内的多次放行展示并选取节点起止时间 (37.085709ms)
(node:77797) ExperimentalWarning: localStorage is not available because --localstorage-file was not provided.
(Use `node --trace-warnings ...` to show where the warning was created)
✔ EXC-001—004: a reference mark cannot change debt, strict kits or final task responsibility (3.150167ms)
(node:77798) ExperimentalWarning: localStorage is not available because --localstorage-file was not provided.
(Use `node --trace-warnings ...` to show where the warning was created)
✔ 派单新增主档工厂可登记承接关系，未知工厂仍阻断 (2.042125ms)
✔ 专属任务保留整单身份、数量和接收方，工艺分支保留全部前置关系 (0.980708ms)
✔ 原生产单车缝任务仍可被 PPIC 分配与责任移交识别，SKU 总量完整 (11.330208ms)
✔ PRINT-HISTORY-001: demo identities remain fixed and reject another factory or task (0.494708ms)
✔ PRINT-HISTORY-002: DYE-GOTO-GLOBAL historical slot 09 survives independent reloads without overwriting (2546.724708ms)
✔ PRINT-HISTORY-002: ID-FAC-001165 historical slot 09 survives independent reloads without overwriting (2319.866208ms)
(node:77800) ExperimentalWarning: localStorage is not available because --localstorage-file was not provided.
(Use `node --trace-warnings ...` to show where the warning was created)
✔ VERIFY-003: dispatch reads keep all documents and independent copies without projecting unrelated business views (445.93ms)
✔ frozen printing images are losslessly stored once across orders, tasks and attachments (3.603459ms)
✔ missing or malformed image references fail rather than silently replacing frozen evidence (0.5115ms)
(node:77803) ExperimentalWarning: localStorage is not available because --localstorage-file was not provided.
(Use `node --trace-warnings ...` to show where the warning was created)
✔ PERF-002/004: scoped receiving reads preserve direct receipts and allocations, without exposing mutable facts (19.253166ms)
✔ PERF-002/004: a synchronous relation read matches independent reads and releases its scope after errors (692.833791ms)
✔ PERF-004: batched print list reviews and handovers equal independently read facts (358.589458ms)
✔ PERF-004: scoped handovers keep canonical sorting and task point reads preserve identity (11.291041ms)
✔ PERF-004: reusing warehouse documents preserves each dye order source, quantity and receiver (309.958208ms)
(node:77804) ExperimentalWarning: localStorage is not available because --localstorage-file was not provided.
(Use `node --trace-warnings ...` to show where the warning was created)
✔ craft source selection preserves all previous source choices and isolated snapshots (24.577333ms)
✔ source eligibility is re-evaluated after a source order changes (0.163916ms)
(node:77807) ExperimentalWarning: localStorage is not available because --localstorage-file was not provided.
(Use `node --trace-warnings ...` to show where the warning was created)
✔ 生产单创建来源只覆盖旧匹配事实，不复活已取消或覆盖更新后的匹配 (0.475333ms)
✔ 提前来源随PO唯一保存，重复生成不会追加第二份事实；查询投影不反向写PO (0.335708ms)
✔ 失败和嵌套投影后创建stage标记恢复，不影响后续染印执行保存 (0.231541ms)
✔ 备份拒绝错误归属、重复、未知状态和缺少正式冻结来源的匹配 (0.165459ms)
(node:77808) ExperimentalWarning: localStorage is not available because --localstorage-file was not provided.
(Use `node --trace-warnings ...` to show where the warning was created)
✔ 验收数据至少包含 5 张染色和 5 张印花提前加工单，并覆盖全部匹配状态 (427.258583ms)
✔ 印花专业成果把多张图片和多个文件统一保存在同一附件集合 (0.14725ms)
✔ 同一生产需求可手动选择具体专业任务，创建结果保存所选任务与全部成果附件 (41.709167ms)
✔ 创建提前加工单必须选择所属专业任务并明确加工厂 (4.394041ms)
✔ 计划加工数量包含损耗率，且染色印花投入与产出 SKU 必须不同 (0.180916ms)
✔ 专业成果未审核通过时不可创建提前加工单 (0.132958ms)
✔ 多个生产需求合并为一张生产单时，可匹配多张提前染色加工单 (45.826458ms)
✔ 等待技术包的提前单在技术包就绪后可由同一匹配服务自动重试 (15.841041ms)
✔ 合并生产单中只有部分需求有提前单时，只为未覆盖需求补建剩余数量 (56.902208ms)
✔ 已有提前单但正式 BOM 或 SKU 不一致时进入异常，且不重复补建同一工艺单 (47.007459ms)
✔ 取消后重建保留旧单，并建立双向替代关系 (7.020666ms)
✔ 没有提前加工单的需求仍保留正式加工单快照 (7.859417ms)
✔ 查生产入口只在合法系统路由显示，并在打印与 PDA 路由隐藏 (0.664958ms)
✔ 相似前缀和相似打印段不会被当成合法路由 (0.099833ms)
(node:77811) ExperimentalWarning: localStorage is not available because --localstorage-file was not provided.
(Use `node --trace-warnings ...` to show where the warning was created)
✔ 静态生产单更新任务状态时保留原冻结资料，不强造不存在的技术版本 (0.785875ms)
✔ 沿用静态资料的例外不能用于新单、篡改快照或错误技术版本 (0.626334ms)
(node:77812) ExperimentalWarning: localStorage is not available because --localstorage-file was not provided.
(Use `node --trace-warnings ...` to show where the warning was created)
✔ PERF-001: runtime snapshot and all nine subsets preserve every production order value and caller isolation (14.969167ms)
✔ PERF-001: a subset read does not traverse or clone unrelated snapshot sections (0.204167ms)
✔ PERF-001: paper pattern binding strips and nested craft arrays remain isolated after mutation (0.229667ms)
✔ PERF-001: replacing or updating the bound snapshot is visible immediately without a stale cache (0.149458ms)
✔ PERF-001: missing production order keeps null and empty-list contracts (0.1055ms)
✔ finished preparation and purchase keep their delay without claiming current work is on time (3.673ms)
✔ absence of applicable records and missing timing inputs are not healthy or not-yet-due (0.589917ms)
✔ inbound quantity and final time completeness produce distinct business results (0.147917ms)
✔ reached late milestone has zero only for that milestone, not the whole task (2.151ms)
✔ creation and handover clocks explain their different unfinished endpoints (1.831125ms)
✔ all current scenes avoid ambiguous headline defaults and literal unknown numbers (24.987333ms)
✔ contract graph with missing allocation date or actual holdings cannot assert not-yet-due or achieved (1.534ms)
✔ opening a follow-up modal only reads, and empty inputs never appear saved (13.03525ms)
✔ save waits for completion and readback, rejects double-click writes, and stores realtime feedback without a forecast (22.415333ms)
✔ failed save retains all inputs and retries the exact same operation ID (4.643583ms)
✔ commit followed by readback failure remains unconfirmed until a read proves the same record (2.256792ms)
✔ work must belong to the current production order and expected time must be valid (1.862125ms)
✔ read failure retains a draft and does not treat unavailable records as a normal empty history (1.726916ms)
✔ old logs are retained, but never assigned to a new production order by inference (1.93675ms)
✔ FLOW graph late: full lifecycle keeps allocation, execution and four post stages (10.358709ms)
✔ FLOW graph normal: full lifecycle keeps allocation, execution and four post stages (6.487167ms)
✔ FLOW graph complete: full lifecycle keeps allocation, execution and four post stages (2.168291ms)
✔ FLOW graph completeLate: full lifecycle keeps allocation, execution and four post stages (7.597458ms)
✔ FLOW graph completeUnknown: full lifecycle keeps allocation, execution and four post stages (2.337709ms)
✔ FLOW graph partial: full lifecycle keeps allocation, execution and four post stages (2.031042ms)
✔ FLOW graph reordered: full lifecycle keeps allocation, execution and four post stages (1.899084ms)
✔ FLOW graph reachedLate: full lifecycle keeps allocation, execution and four post stages (8.307833ms)
✔ FLOW graph positioning: full lifecycle keeps allocation, execution and four post stages (0.65375ms)
✔ FLOW graph prepPending: full lifecycle keeps allocation, execution and four post stages (0.664875ms)
✔ FLOW graph sampleLate: full lifecycle keeps allocation, execution and four post stages (2.379833ms)
✔ FLOW graph samplePending: full lifecycle keeps allocation, execution and four post stages (4.866542ms)
✔ FLOW graph fullContract: full lifecycle keeps allocation, execution and four post stages (2.895167ms)
✔ FLOW graph materialBatches: full lifecycle keeps allocation, execution and four post stages (0.372083ms)
✔ FLOW graph materialPartial: full lifecycle keeps allocation, execution and four post stages (0.277084ms)
✔ FLOW graph live: full lifecycle keeps allocation, execution and four post stages (3.004625ms)
✔ FLOW graph unknown: full lifecycle keeps allocation, execution and four post stages (0.673292ms)
✔ FLOW graph unassigned: full lifecycle keeps allocation, execution and four post stages (2.35825ms)
✔ FLOW graph sameFactory: full lifecycle keeps allocation, execution and four post stages (2.970458ms)
✔ FLOW graph handoverPartial: full lifecycle keeps allocation, execution and four post stages (0.951541ms)
✔ FLOW live: QC, processing, recheck quantities have distinct current positions while history remains (0.298959ms)
✔ FLOW full contract: scopes and execution documents stay distinct from cumulative contract milestones (0.107625ms)
✔ FLOW delivery: outgoing without warehouse receipt keeps waiting clock active (0.070916ms)
✔ FLOW one post work order shares projects, quantity and clock without per-project chains (0.304917ms)
✔ FLOW bypass records go from completed QC directly to delivery, without fabricated processing or recheck (0.116416ms)
✔ FLOW summary cards distinguish pending, unknown, historical and current states without invented SLA (2.688167ms)
✔ FLOW mixed QC, processing and recheck quantities are summarized as post handling rather than processing (0.686792ms)
✔ FLOW pending inspection and recheck are not started rather than unknown, consistently with rails (0.130833ms)
✔ FLOW pending document cards and summaries describe unstarted clocks rather than missing times (0.801708ms)
✔ FLOW document modal has one project block for its single processing order (0.531958ms)
✔ FLOW-MOCK-001: all 20 accepted scenarios retain every pre-existing source fact and document (26.757083ms)
✔ FLOW-MOCK-002: every early-stage scenario has an honest full-flow skeleton and unknown purchase has no invented work (0.602667ms)
✔ FLOW-MOCK-003: allocation and actual sewing are distinct and each of the three contract scopes has only its applicable steps (0.49575ms)
✔ FLOW-MOCK-004: batches partition original receipts within each task and each source receipt exactly once (0.335834ms)
✔ FLOW-MOCK-005: actual positions preserve warehouse, delivery, processing aggregate amounts and explicit unknown remainder (0.240167ms)
✔ FLOW-MOCK-006: current QC, processing, recheck, delivery and warehouse positions have distinct document facts (0.414083ms)
✔ FLOW-MOCK-007: batch event chronology is ordered and all recorded actual events precede the fixed viewing time (1.13875ms)
✔ FLOW-MOCK-008: completed orders keep complete post history and missing last inbound time is never fabricated (0.107208ms)
✔ FLOW-MOCK-009: factory-contracted packing is not assigned again in post, and the no-post-processing route is explicit (0.331125ms)
✔ FLOW-MOCK-010: every new document is task scoped, batch scoped when applicable, and has valid same-scene relationships (1.391208ms)
✔ FLOW-MOCK-011: independent sewing keeps all applicable post items inside one processing document and one overall clock (0.326625ms)
✔ FLOW-MOCK-012: each batch has at most one post-processing document with the prototype item, status, quantity and timing contract (1.659125ms)
✔ FLOW-MOCK-013: actual quality results generate only applicable processing, completion generates recheck, and no processing goes straight to warehouse delivery (0.24125ms)
✔ every sewing and post-finishing document type opens its actual native module detail (102.282625ms)
✔ sewing task execution preserves the matching contract rather than entering the allocation workbench (5.317208ms)
✔ post-finishing QC and recheck retain their own task results, batches, and downstream documents (28.555583ms)
✔ post delivery shows actual outgoing and finished-goods receipt separately (16.228375ms)
✔ completed orders retain the recorded post-finishing document history (6.134833ms)
✔ unknown or wrongly routed full-flow documents do not produce invented detail pages (0.371333ms)
✔ recorded finished-goods receipt without its time stops the handover clock rather than creating current waiting (0.629958ms)
✔ clock completion matches its own final business event across work and handover (0.134916ms)
✔ native post document uses the same Chinese current-position label as the diagram (15.989458ms)
✔ explicitly pending work is not mislabeled as missing actual start time in native clocks (0.5435ms)
✔ native post work detail keeps one project set, one clock and classified quantities (0.302459ms)
✔ post recheck describes SKU quantity and barcode verification rather than a second quality inspection (0.319459ms)
✔ original post work documents preserve their recorded completed quantities without requiring new project fields (1.7545ms)
✔ delivery awaiting warehouse receipt is not described as an unfinished upstream prerequisite (0.342083ms)
✔ completed late work and unfinished overdue work remain different in management and the actual source detail (44.545333ms)
✔ a late reached contract is a ended node, and future unreached targets are not current debt (30.307167ms)
✔ missing allocation date or factory actual pickup keeps unknown distinct from an on-time contract (25.156458ms)
✔ source contract deadline uses allocation day as day 1 even when business date contains a clock time (20.372833ms)
✔ full warehouse quantities without last receipt time never imply an on-time result or enter the rate denominator (21.307208ms)
✔ purchase association unknown never asserts that production has not been created or begun (0.898125ms)
✔ sample timing is by actual handout date and remains separate from approval result (22.008583ms)
✔ completed whole-order elapsed time stops at final warehouse receipt; export names quantities and states precisely (26.067375ms)
✔ zero actual pickup is a known zero awaiting a contract denominator, not a missing value or automatic achievement (25.806208ms)
✔ missing execution evidence does not imply that material has not arrived or that work is confirmed overdue (4.475291ms)
✔ PAGE-001 / SCENE-17 / 20: 19 unique production orders plus one purchase awaiting association preserve the 19 accepted base scenes (1.406375ms)
✔ MASTER-001 / SCENE-07: reversing purchase order input retains earliest precise start and 28-day deadline (0.256333ms)
✔ MASTER-002: full warehouse completion at the exact deadline is timely; one minute later is late (0.183875ms)
✔ SCENE-03—05: warehouse facts establish completion separately from final timestamp and stale upstream records (0.169708ms)
✔ SCENE-06 / 16 / 18: quantity positions conserve pieces while missing position and task ownership remain distinct (10.348666ms)
✔ CONTRACT-002 / SCENE-13: three return contracts use calendar days including Sunday and their actual held quantities (1.177ms)
✔ SCENE-19: B factory total 40% cannot cover the independently overdue B01 task (1.019625ms)
✔ SCENE-02 / 08: timely returns and late reached milestone differ from a currently overdue unmet milestone (0.875041ms)
✔ SCENE-09 / 10: preparation is a parallel four/five-day stage with separately recorded production and handover (4.981625ms)
✔ SCENE-11 / 12: sample date is pickup plus three; failed or unsubmitted sample does not move the return deadline (3.450917ms)
✔ SCENE-14: stock 600 meters advances before the independent 900-meter purchase batch, with three work/handover records each (3.501209ms)
✔ SCENE-15: known 600-meter receipt is preserved while the 900-meter purchase remains unknown and currently late (5.149792ms)
✔ SCENE-20: partial factory handover retains 2400 sleeve pieces received and 600 disputed without closing the handover or converting to garments (1.232708ms)
✔ SCENE-01: completed preparation/material delays remain history while sleeve work has a current 600-piece gap (1.842875ms)
✔ PREP / CRAFT: auxiliary work is three days each; bulk dye/print/wash and handovers have no invented SLA (3.573583ms)
✔ SOURCE / UI: document IDs, related ownership, native routes and source summaries are coherent without read mutation (29.767542ms)
✔ SOURCE: there are no future actual events or reversed processing/handover times in the fixed demonstration (3.987916ms)
✔ SCENE late: expanded accepted diagram retains its business nodes and source documents (0.921333ms)
✔ SCENE normal: expanded accepted diagram retains its business nodes and source documents (1.159ms)
✔ SCENE complete: expanded accepted diagram retains its business nodes and source documents (0.865959ms)
✔ SCENE completeLate: expanded accepted diagram retains its business nodes and source documents (1.36725ms)
✔ SCENE completeUnknown: expanded accepted diagram retains its business nodes and source documents (0.744875ms)
✔ SCENE partial: expanded accepted diagram retains its business nodes and source documents (0.916875ms)
✔ SCENE reordered: expanded accepted diagram retains its business nodes and source documents (1.162916ms)
✔ SCENE reachedLate: expanded accepted diagram retains its business nodes and source documents (1.057167ms)
✔ SCENE positioning: expanded accepted diagram retains its business nodes and source documents (0.295125ms)
✔ SCENE prepPending: expanded accepted diagram retains its business nodes and source documents (0.27725ms)
✔ SCENE sampleLate: expanded accepted diagram retains its business nodes and source documents (1.11575ms)
✔ SCENE samplePending: expanded accepted diagram retains its business nodes and source documents (0.911417ms)
✔ SCENE fullContract: expanded accepted diagram retains its business nodes and source documents (1.2105ms)
✔ SCENE materialBatches: expanded accepted diagram retains its business nodes and source documents (0.540792ms)
✔ SCENE materialPartial: expanded accepted diagram retains its business nodes and source documents (0.384375ms)
✔ SCENE live: expanded accepted diagram retains its business nodes and source documents (0.931583ms)
✔ SCENE unknown: expanded accepted diagram retains its business nodes and source documents (0.123834ms)
✔ SCENE unassigned: expanded accepted diagram retains its business nodes and source documents (0.864292ms)
✔ SCENE sameFactory: expanded accepted diagram retains its business nodes and source documents (1.009958ms)
✔ SCENE handoverPartial: expanded accepted diagram retains its business nodes and source documents (0.629042ms)
✔ PREP-005: supplemental scene retains disabled and change-ended documents without creating active clocks or blocking valid preparation (0.842708ms)
✔ timing documents resolve directly at their native route with the same shared static facts (481.203208ms)
✔ source detail does not resolve unrelated records or a registered record at a wrong module path (0.1685ms)
✔ a handover belongs to its original outgoing work rather than a linked next process (0.121084ms)
✔ contract details retain natural-day deadlines and late achievement history (0.415ms)
✔ partially received material retains unknown purchase receipt instead of inventing zero or full stock (0.239708ms)
✔ production preparation details include parallel requirements and BOM quantities (0.596916ms)
✔ work remaining quantity follows known required and completed quantities in the same unit (0.647958ms)
✔ missing factory sample uses the recorded requirement date and keeps sample approval outside return milestones (0.146833ms)
✔ purchase-only scenario resolves to the existing merchandise purchase and pending-purchase backlink (0.119625ms)
✔ finished-goods detail distinguishes latest partial receipt from full completion time (0.830708ms)
✔ unknown timing standard is amber verification, never a red confirmed-overdue result (0.527625ms)
✔ MIGRATE-001: direct production/pending detail paths have their own active tab identity; discarded tasks/examples/team details are absent (0.622083ms)
✔ MIGRATE-001: stored DDS tabs prune discarded addresses, retain unrelated tabs and correct the live production title without touching input (0.560667ms)
(node:77824) ExperimentalWarning: localStorage is not available because --localstorage-file was not provided.
(Use `node --trace-warnings ...` to show where the warning was created)
✔ VERIFY-003: scoped reads preserve pending/voided sources and defensive copies (3.900625ms)
✔ VERIFY-003: metadata lookup reflects registry changes and returns independent locations (7.08525ms)
✔ 备份恢复不能借原票编号伪造另一种面料的交出回执 (0.89925ms)
✔ 换片布固定演示：四个新增生产单覆盖部分打印、补打、交出备用及失效票 (1.004458ms)
✔ 部位票缓存感知已提交事件版本，重复读取同一版本不失效 (0.632167ms)
✔ 按名称排朴，空名拒绝，同名不同编码/颜色保留独立身份 (0.590334ms)
✔ 初始每面料一张，重复分配幂等；新增与补打不混淆 (0.686417ms)
✔ 改派未交票失效，已交历史不抹除，新范围递增序号 (1.229333ms)
✔ 部分出纸仅确认勾选票；重复确认不增加次数，内容变化拒绝 (0.305917ms)
✔ 整个批次多袋并集检查，非本次袋不可借用，顺序无关 (0.558042ms)
✔ 同任务同工厂历史可满足；不同任务或换厂必须另交 (0.312958ms)
✔ 三方自行裁剪排除，资料缺失与无需面料分开判断 (0.11325ms)
✔ 混装按类型和单位分项，换片布不能拆成非5 Yard (0.209583ms)
✔ 局域网 HTTP 的摘要与原生 SHA-256 相同，既有票号不变化 (14.20275ms)
(node:77830) ExperimentalWarning: localStorage is not available because --localstorage-file was not provided.
(Use `node --trace-warnings ...` to show where the warning was created)
✔ 混装打印保留裁片矩阵，捆条和换片布独立附页，不合并单位 (1.303584ms)
✔ 纯换片布袋可生成货物标识，不制造尺码和部位 (0.134917ms)
✔ 混装标签拒绝换片布错误长度、作废票和混生产单 (3.015833ms)
✔ 旧业务存储不可读时仍用已提交的原装袋周期打印三类货物 (0.649875ms)
✔ 生产单按单记录；变更一单不重写其他单和任务 (2.277625ms)
✔ 运行任务独立保存覆盖、拆分、合并、改派及序号，往返保留身份 (0.296417ms)
✔ 有效分配索引、独立记录、审计及序号完整往返，拒绝重复身份和损坏格式 (0.3985ms)
✔ 拒绝空字符串，不吞掉损坏记录 (0.065541ms)
✔ 拒绝数组根，不吞掉损坏记录 (0.053458ms)
✔ 拒绝生产单数组实体，不吞掉损坏记录 (0.045208ms)
✔ 拒绝生产单空编号，不吞掉损坏记录 (0.040916ms)
✔ 拒绝生产单损坏快照，不吞掉损坏记录 (0.046167ms)
✔ 拒绝任务覆盖数组，不吞掉损坏记录 (0.060542ms)
✔ 拒绝任务覆盖身份，不吞掉损坏记录 (0.090792ms)
✔ 拒绝拆分来源身份，不吞掉损坏记录 (0.060292ms)
✔ 拒绝拆分子项损坏，不吞掉损坏记录 (0.048083ms)
✔ 拒绝合并明细损坏，不吞掉损坏记录 (0.0425ms)
✔ 拒绝改派任务身份，不吞掉损坏记录 (0.035125ms)
✔ 拒绝不安全序号，不吞掉损坏记录 (0.035417ms)
✔ 拒绝重复Map键，不吞掉损坏记录 (0.046209ms)
✔ 拒绝current非数组，不吞掉损坏记录 (0.036833ms)
✔ 拒绝current孤儿，不吞掉损坏记录 (0.040958ms)
✔ 拒绝current跨任务，不吞掉损坏记录 (0.035875ms)
✔ 拒绝current重复引用，不吞掉损坏记录 (0.034666ms)
✔ 拒绝审计孤儿，不吞掉损坏记录 (0.034708ms)
✔ 已保存实体损坏编号、缺少meta或重复meta不能伪造正常空源 (0.157416ms)
✔ 未登记key及空白JSON拒绝；null明确代表没有覆盖 (0.06825ms)
✔ 备份校验拒绝未知来源集合、伪造迁移身份及丢失检查点实体 (0.636375ms)
✔ 四类静态运行任务的删除标记完整往返，拒绝混入业务字段或假删除 (0.166834ms)
✔ 分配副产物按实体保存；合同、样衣及PPIC责任保留独立序号 (0.580708ms)
✔ 拒绝缺失渲染必需快照的合同，防止迁移清源后才暴露损坏 (0.069083ms)
✔ 关联实体损坏拒绝 unknown:X (0.0585ms)
✔ 关联实体损坏拒绝 material-context:A (0.032583ms)
✔ 关联实体损坏拒绝 return-sequence:value (0.037292ms)
✔ 关联实体损坏拒绝 sla-current:T (0.036459ms)
✔ 生产创建匹配来源按生产单身份校验并完整恢复 (0.193625ms)
✔ 工厂结束事实只允许明确任务、操作人和时间 (3.578083ms)
✔ 既有招标定标记录保留真实来源编号并校验价格与操作人 (0.343375ms)
✔ 开工交出单头只包含首次零交出事实，拒绝伪造数量和身份 (0.431708ms)
(node:77832) ExperimentalWarning: localStorage is not available because --localstorage-file was not provided.
(Use `node --trace-warnings ...` to show where the warning was created)
✔ 同分配的同名 A/B 面料分别新增和打印；第二面料不被第一范围替代 (84.917375ms)
(node:77833) ExperimentalWarning: localStorage is not available because --localstorage-file was not provided.
(Use `node --trace-warnings ...` to show where the warning was created)
✔ 分配 SKU 的需料不同；多尺码共料去重，名称含朴排除 (2.927834ms)
✔ 完整但全是朴为空集合；缺颜色映射或空名称属于资料错误 (0.399458ms)
✔ 同名不同编码面料不混并；BOM 身份歧义阻断 (0.240333ms)
✔ 交出回执从快照保留三种明细，Yard 与米不进入裁片数量 (1.47275ms)
✔ 回执任务读取保持数组身份；只在事实变更后重新投影 (0.283959ms)
✔ 款式需料读取的配置查询只返回独立副本，不能污染下次来源读取 (0.811458ms)
✔ 来源读取失败时不能把不可用哨兵值当作稳定分配继续保存 (0.350084ms)
✔ 历史裁片实交保留原数量与归属，其他集合不混入 (1.04125ms)
✔ 历史缺原版本、交错明细、负数量或记录身份错误均阻断恢复 (0.383333ms)
✔ 面辅料单不可写入退役裁片历史，未完成迁移标记不可恢复 (0.123959ms)
✔ 并发调用复用同一个模块加载 Promise，成功后继续复用结果 (0.733833ms)
✔ 模块加载失败后清空缓存，下一次调用可以重试 (0.274458ms)
(node:77837) ExperimentalWarning: localStorage is not available because --localstorage-file was not provided.
(Use `node --trace-warnings ...` to show where the warning was created)
✔ CONTRACT-005: native legacy task fixture exposes the actual missing allocation date at PDA and progress board entries (1173.70925ms)
(node:77838) ExperimentalWarning: localStorage is not available because --localstorage-file was not provided.
(Use `node --trace-warnings ...` to show where the warning was created)
✔ CONTRACT-002: later factory acceptance retains its fact without postponing business allocation deadlines (1.71275ms)
✔ CONTRACT-002: missing business allocation time produces a visible verification gap instead of acceptance-based deadlines (0.459542ms)
✔ CONTRACT-002: historical acceptance-based snapshots remain intact but cannot establish current contract deadlines (0.535833ms)
✔ CONTRACT-002: shared PDA and progress board show missing allocation dates without claiming zero-receipt tasks are complete (1.275833ms)
✔ CONTRACT-002: confirmed dates still show the next contractual node and complete only after all 100 pieces are received (0.649667ms)
✔ CONTRACT-002: outsourcing tracking uses allocation dates for tender tasks and marks missing dates as unverified (23.742375ms)
(node:77839) ExperimentalWarning: localStorage is not available because --localstorage-file was not provided.
(Use `node --trace-warnings ...` to show where the warning was created)
✔ 刷新时静态样衣命令重建不重放到已移交的持久用户状态，构造失败恢复输入 (5.066208ms)
✔ 独立打印外壳只命中完整生产确认单打印路由 (0.998625ms)
✔ 既有固定打印路由仍使用独立打印外壳 (0.473625ms)
(node:77841) ExperimentalWarning: localStorage is not available because --localstorage-file was not provided.
(Use `node --trace-warnings ...` to show where the warning was created)
✔ TP-ID-002: FCS live hydration cannot change the static 26 identities or their numeric sequence (11.600541ms)
✔ TP-DATA-001: baseline has 20 actual complete formal versions and three plus three draft review states (1.328625ms)
✔ TP-ROUTE-001: all twenty formal routes have three resolvable dye→print→wash chains and five two-craft pieces (165.761292ms)
✔ TP-ID-001: ID is persisted independent of ordering and next identity uses the global maximum (1.264459ms)
✔ TP-LEGACY-001: exact old static copies project read-only, preserve source identities and preserve changed records or content (5.44875ms)
✔ TP-LEGACY-002: repository reads old demo without writes; new legacy-source creation is rejected (372.149084ms)
✔ TP-LEGACY-003: early release content upgrades after person maintenance but genuine technical edits remain intact (5.534792ms)
✔ TP-PAGE-001: route rendering preserves stored IDs and hides objects without additional processing (118.498834ms)
✔ TP-PERSON-001: valid maintenance retains published content, records a log, and rejects wrong-role candidates (328.545792ms)
✔ technical version working-copy reads do not write and failed staging preserves data (first visit) (383.783375ms)
✔ technical version working-copy reads do not write and failed staging preserves data (saved data) (449.9945ms)
[PMS_IDB_LOAD_FAILED] { message: '当前浏览器不支持 IndexedDB,PMS 业务数据无法持久化。' }
✔ 五类页面共享采购到交出的串联 Mock，重复初始化不重置执行事实 (275.191333ms)
✔ 补齐串联 Mock 时压缩历史大签名，避免浏览器存储接近上限导致页面路由失败 (260.625667ms)
✔ 三个中央工厂在组织目录与执行工厂中身份一致且仅出现一次 (0.479875ms)
✔ 花边角色与采购映射归属TMF但供应方仍保留独立身份 (0.082833ms)
✔ 橡筋定长切割仍归SPF，不成为TMF织带截断任务 (0.473583ms)
✔ 旧浏览器组织记录迁移后不与权威TMF并存且保留已有联系人 (2.654458ms)
(node:77846) ExperimentalWarning: localStorage is not available because --localstorage-file was not provided.
(Use `node --trace-warnings ...` to show where the warning was created)
✔ 连续织带实际650米交出→648+2实收→染色可用650，仓库和用料保持米制且无公斤换算 (21.058916ms)
✔ 连续长度口径不可用于纱线/码制，普通辅料仍要求实际称重 (4.12725ms)
✔ 原生连续辅料染色650→640：实际工厂实收及用料驱动加工，使用对象对应蓝色织带参考图 (566.085417ms)
✔ 织带与绳子参考档案接入实际物料库，保留图片来源和未确认尺寸，不替换橡筋 (163.18025ms)
✔ 同分钟新建不同幅宽织带和绳径主档不共用 SPU 身份，SKU 保持各自父档与主单位 (28.791291ms)
✔ TMF半成品SKU按SPU→潘通色号→颜色→花型生成，长度和端头不进入SKU (0.170083ms)
(node:77852) ExperimentalWarning: localStorage is not available because --localstorage-file was not provided.
(Use `node --trace-warnings ...` to show where the warning was created)
✔ TMF发布采用链：技术包发布门禁→审核发布→启用→生产单采用→生成织带加工需求 (1632.889ms)
✔ TMF发布门禁：含织带截断工序但规格未补齐的采用版本不能发布 (459.923083ms)
✔ 正式生产路线只关联相邻同BOM同SKU的染色→印花，不生成数量或修改来源 (1.016625ms)
✔ 跨单/版本/工序/用途/SKU/单位、缺工厂与已有其他接收单都不能接续 (0.286042ms)
✔ 印花连续辅料仅接同版本同BOM的直接截断节点，不修改SKU和数量 (1.724834ms)
✔ 染色来源已绑定印花时拒绝直接截断，不读取不存在的顶层字段 (0.579208ms)
✔ TMF V1 原型范围、工厂身份和现场默认参数已冻结 (1.487208ms)
✔ TMF 风险动作默认要求主管与二次确认，采购行身份不可丢失 (0.169125ms)
[PMS_IDB_LOAD_FAILED] { message: '当前浏览器不支持 IndexedDB,PMS 业务数据无法持久化。' }
[PMS_IDB_UNAVAILABLE] put 跳过,数据仅保留在内存 { store: 'pmsMaterialPurchaseOrderDeltas', key: 'CGF-2026-0007' }
[PMS_IDB_UNAVAILABLE] put 跳过,数据仅保留在内存 { store: 'pmsMaterialPurchaseOrderDeltas', key: 'CGF-2026-0009' }
[PMS_IDB_UNAVAILABLE] put 跳过,数据仅保留在内存 { store: 'pmsMaterialPurchaseOrderDeltas', key: 'CGF-2026-0009' }
{"scenario":"N02","scope":"业务动作主链含纱线重量账；含端头辅材采购实收；不含PCS发布采用页面、纱线采购上游","purchaseReceived":1300,"productionReceived":1000,"warehouseContinuousM":30,"netCutM":1260,"lossM":10,"headUnit":"个","headReceived":2020,"headRemaining":15}
[PMS_IDB_UNAVAILABLE] put 跳过,数据仅保留在内存 { store: 'pmsMaterialPurchaseOrderDeltas', key: 'CGF-2026-0010' }
[PMS_IDB_UNAVAILABLE] put 跳过,数据仅保留在内存 { store: 'pmsMaterialPurchaseOrderDeltas', key: 'CGF-2026-0010' }
{"scenario":"N03","scope":"业务动作主链含纱线重量账；含端头辅材采购实收；不含PCS发布采用页面、纱线采购上游","purchaseReceived":60,"productionReceived":100,"warehouseContinuousM":9,"netCutM":50,"lossM":1,"headUnit":"个","headReceived":202,"headRemaining":1}
[PMS_IDB_UNAVAILABLE] put 跳过,数据仅保留在内存 { store: 'pmsMaterialPurchaseOrderDeltas', key: 'CGF-2026-0011' }
[PMS_IDB_UNAVAILABLE] put 跳过,数据仅保留在内存 { store: 'pmsMaterialPurchaseOrderDeltas', key: 'CGF-2026-0011' }
{"scenario":"N04","scope":"业务动作主链含纱线重量账；含端头辅材采购实收；不含PCS发布采用页面、纱线采购上游","purchaseReceived":100,"productionReceived":50,"warehouseContinuousM":34,"netCutM":65,"lossM":1,"headUnit":"kg","headReceived":0.2,"headRemaining":0.04}
[PMS_IDB_UNAVAILABLE] put 跳过,数据仅保留在内存 { store: 'pmsMaterialPurchaseOrderDeltas', key: 'CGF-2026-0012' }
[PMS_IDB_UNAVAILABLE] put 跳过,数据仅保留在内存 { store: 'pmsMaterialPurchaseOrderDeltas', key: 'CGF-2026-0012' }
{"scenario":"B06","scope":"规范数量动作链；塑料头从仓库实收事实开始，补购基础生产未虚构纱线配方；不代表全部页面验收","continuous":9,"productionReceived":1000,"scrapped":100,"scrappedMeters":120,"loss":11,"metalRemaining":15,"plasticRemaining":2}
{"scenario":"N05","mergedBatch":"FULL-N05-MERGED","purchaseReceivedM":120,"mergedIssuedM":102,"mergedProducedPieces":200,"productionReceivedByOrder":[100,100],"warehouseContinuousM":19,"lossM":1,"returnedM":1}
{"scenario":"B17","mergedBatch":"FULL-B17-MERGED","purchaseReceivedM":120,"mergedIssuedM":102,"mergedProducedPieces":200,"productionReceivedByOrder":[100,100],"warehouseContinuousM":19,"lossM":1,"returnedM":1}
{"scenario":"N01","rawReceivedKg":12,"consumedKg":10,"returnedKg":1,"factoryRemainingKg":1,"semiFinishedReceivedM":1000}
{"scenario":"N02","rawReceivedKg":12,"consumedKg":10,"returnedKg":1,"factoryRemainingKg":1,"semiFinishedReceivedM":1300}
{"scenario":"N03","rawReceivedKg":12,"consumedKg":10,"returnedKg":1,"factoryRemainingKg":1,"semiFinishedReceivedM":60}
{"scenario":"N04","rawReceivedKg":12,"consumedKg":10,"returnedKg":1,"factoryRemainingKg":1,"semiFinishedReceivedM":100}
{"scenario":"N05","rawReceivedKg":12,"consumedKg":10,"returnedKg":1,"factoryRemainingKg":1,"semiFinishedReceivedM":120}
{"scenario":"PRINTBACK-source-fixture","nativePrint":{"inputM":650,"outputM":630,"lossM":20,"outputImage":"MISSING_BLOCKED"},"sourceDispatched":630,"actualReceived":630,"cutMeters":620,"lossMeters":2,"returnedMeters":8,"baseLeftMeters":350,"scope":"原生印花650→630已独立重放；下游630米交出仍为专项夹具，不替代缺图正式交出或N01完整上游"}
{"scenario":"B09-downstream-recovery","basePhysicalM":350,"otherReservedM":350,"baseAvailableM":0,"processedReturnM":8,"productionPieces":[400,600],"scope":"含实际占用失败、释放、发料及印花回料后全链；原生印染20米损耗未执行，不是完整B09通过"}
{"scenario":"B05-cut-recovery","received":[400,600],"frozenPieces":10,"frozenLengthMm":500,"continuous":2.5,"cutLoss":2.5,"upstreamScope":"印花630米已交出为外部专项夹具，不冒充原生印染20米损耗或全N01"}
(node:77855) ExperimentalWarning: localStorage is not available because --localstorage-file was not provided.
(Use `node --trace-warnings ...` to show where the warning was created)
✔ N01～N05：通过现有 PMS 入口下达，每条采购链从零执行到仓库实收；交出不提前增加库存 (14.326459ms)
✔ 半成品加工没有原料实收和足量耗用时禁止产出，补齐同一原料链后才能填报 (4.071333ms)
✔ MOCK-007：规范场景使用同一采购行、基础单和生产需求身份，不复制孤立页面 Mock (2.967875ms)
✔ MOCK-009：重置只重载隔离的运行态，不清除用户浏览器数据 (0.396958ms)
✔ B01/B03：短收保留在途和采购缺口；重复扫描、生成和刷新不双记 (1.343541ms)
✔ B02/B04：多收、错 SKU、错仓和无权限动作不改变任意下游数量；恢复后正常收齐 (1.610834ms)
✔ OVR-001～003：超产与超收须主管二次确认，计划不扩、幂等且下游一致 (2.992458ms)
✔ MASTER-001～003/005：采购与端头采购映射原型内建主档，缺失阻断且身份稳定 (4.357833ms)
✔ MASTER-004：映射前历史记录保留原快照与未映射标记，不批量改写 (0.339167ms)
✔ TERM-001～005：取消后终止处置台逐项决定，未处置不得结案且数量对账守恒 (8.089708ms)
✔ 终止连续余料：实物余量只扣一次报废，拒绝超量且剩余数量可继续处置 (10.225167ms)
✔ GAP-TERM-004：上游未收与生产在途分别确认去向，不可重复登记 (0.863208ms)
✔ DYE-001～003：染色直交织带厂按实际交出分配实收，追溯原染色单且不重复扣料 (430.343084ms)
✔ 采购追加：未开始同步计划，已执行保留原计划和实物并处理变更 (5.99075ms)
✔ B21：保存失败不报成功、不留部分库存；成功后刷新读取同一采购和收货事实 (1.483125ms)
✔ 采购→两种规格截断→拆包回仓→分配发料→生产实收：短收保留缺口，库存及采购不双记 (23.391666ms)
✔ B09：其他需求占用400米时不能再占650；释放50后恢复，错误发料不改变库存 (6.295125ms)
✔ 需求来源：同尺码不同成衣SKU分别保留，BOM适用范围生效，错误快照和重复工序阻断 (0.452833ms)
✔ 待打头条料不计合格产出；超公差实物记不良且照实扣下料当量，未实收不可截断 (37.320458ms)
✔ N04：采购100米→单端硅胶按kg实耗→回仓发料→生产实收50根，连续料剩34米 (26.262792ms)
✔ B15：截断后取消保留1000根在制和1260米当量，释放未发占用并只退连续余料 (28.191541ms)
✔ 已回仓部分发料后取消：释放未发分配，冻结实存，已发在途保留且实收不恢复需求 (18.124916ms)
✔ N02规范数值：采购→实际加工→生产实收及米料/辅材退仓整链 (84.771625ms)
✔ N03规范数值：采购→实际加工→生产实收及米料/辅材退仓整链 (65.169125ms)
✔ N04规范数值：采购→实际加工→生产实收及米料/辅材退仓整链 (72.964084ms)
✔ B06规范恢复：误装100根报废→补购100米并补做→生产实收1000根，三套实物账守恒 (143.305625ms)
✔ N05合并批：120米采购→102米合并投入→两生产单各实收100，B17独立副本拆100为40+60 (95.948583ms)
✔ B17合并批：120米采购→102米合并投入→两生产单各实收100，B17独立副本拆100为40+60 (115.498583ms)
✔ N01～N05基础原料重量账：源仓实收→发出→工厂实收→耗用/余料→原仓实收，与米制产出独立 (260.58325ms)
✔ 主生产单暂停/取消直接限制织带执行，已发实收保留且取消处置释放未发占用 (73.4965ms)
✔ 冷启动及旧标签页均读取已保存主单限制，损坏来源不默许执行 (0.322042ms)
✔ 印花交出按两种长度分配，原单分次实收唯一记账，随后截断/回仓/领料守恒 (423.646667ms)
✔ 主单离页保存保留其他页取消及新增单，同单并发编辑和存储失败不覆盖 (2.8995ms)
✔ 技术包换版后旧规格冻结，已交出的仓库及生产在途可实收且不改旧长度 (66.473209ms)
✔ 未发料换版释放旧占用，新需求从备料至生产实收，旧预览和已执行重算阻断 (114.574875ms)
✔ 已加工换版：旧200条冻结并释放未发分配，新550/700mm需求实收1000条，旧预览失效且库存守恒 (135.707084ms)
✔ B05实际410/590错配：短条余量冻结，连续余料8米补10条700mm至两规格生产实收 (222.37825ms)
✔ 加工计划时间独立保存：明确时区、并发版本阻断、实际节点不倒推开完工且库存不变 (25.8485ms)
✔ 加工单费用按技术包需求计价：单位、币种和版本可追溯，库存与实收不被费用动作改变 (22.562334ms)
✔ 织带加工单没有接单或开工门禁，投入实收后可直接加工填报 (53.49175ms)
✔ B23未执行采购1000减900：版本留痕、旧预览阻断、重新确认接受后900实际生产实收 (54.434667ms)
✔ B24实收1000退100：仓库交出与TMF分次实收独立，原收保留且净900后减量 (92.244792ms)
✔ 采购取消门禁：无执行事实可取消，已收货或已生产必须先处置不能直接结案 (50.722542ms)
[PMS_IDB_LOAD_FAILED] { message: '当前浏览器不支持 IndexedDB,PMS 业务数据无法持久化。' }
[PMS_IDB_UNAVAILABLE] put 跳过,数据仅保留在内存 { store: 'pmsMaterialPurchaseOrderDeltas', key: 'CGF-2026-0007' }
[PMS_IDB_LOAD_FAILED] { message: '当前浏览器不支持 IndexedDB,PMS 业务数据无法持久化。' }
[PMS_IDB_LOAD_FAILED] { message: '当前浏览器不支持 IndexedDB,PMS 业务数据无法持久化。' }
[PMS_IDB_LOAD_FAILED] { message: '当前浏览器不支持 IndexedDB,PMS 业务数据无法持久化。' }
[PMS_IDB_UNAVAILABLE] put 跳过,数据仅保留在内存 { store: 'pmsMaterialPurchaseOrderDeltas', key: 'CGF-2026-0007' }
[PMS_IDB_UNAVAILABLE] put 跳过,数据仅保留在内存 { store: 'pmsMaterialPurchaseOrderDeltas', key: 'CGF-2026-0007' }
[PMS_IDB_UNAVAILABLE] put 跳过,数据仅保留在内存 { store: 'pmsMaterialPurchaseOrderDeltas', key: 'CGF-2026-0007' }
[PMS_IDB_LOAD_FAILED] { message: '当前浏览器不支持 IndexedDB,PMS 业务数据无法持久化。' }
[PMS_IDB_LOAD_FAILED] { message: '当前浏览器不支持 IndexedDB,PMS 业务数据无法持久化。' }
[PMS_IDB_LOAD_FAILED] { message: '当前浏览器不支持 IndexedDB,PMS 业务数据无法持久化。' }
✔ PMS采购实际仓库实收与原料库存一次保存；分批、刷新、原料使用和退回均不重复履约 (175.177584ms)
✔ 历史手工到货及不支持的单位不能直接变成投入料可用库存 (0.626708ms)
✔ 首次实收前供应商确认与关闭可刷新恢复，保存失败和损坏存储不会覆盖状态 (0.794375ms)
✔ N01采用路线按染色→印花关联原单，多尺码不重复列工序，不修改印染数量 (1.227ms)
✔ 旧版本、错误SKU、码制单位、取消或变更待处理均不作为有效关联 (0.245833ms)
✔ 同号不同生产单或BOM不得关联，重复来源不静默选择，混合快照阻断 (0.268834ms)
✔ 编辑器按尺码保留规格，截断打头不新建SKU，重复保存沿用节点身份 (1.778542ms)
✔ 无印染要求时 TMF 路线只生成截断节点，不凭空生成染色或印花节点 (0.125333ms)
✔ 前序印染产出SKU作为截断投入；保留独立橡筋工艺，移除打头后下游连接截断 (0.3795ms)
✔ 未明确打头、错误辅料BOM、无半成品和不合法前序不能生成可执行路线 (0.14925ms)
(node:77859) ExperimentalWarning: localStorage is not available because --localstorage-file was not provided.
(Use `node --trace-warnings ...` to show where the warning was created)
✔ N01：400 条 50CM 和 600 条 70CM 分行计算，共 620 米；未增加 SKU (1.332042ms)
✔ 缺少尺码数量、非整数条数、公差或测量条件时不猜测需求 (0.326459ms)
✔ B07：未选择打头、缺少端头方式或辅材不能确认；支持两端不同端头 (0.244583ms)
✔ N04/B08：硅胶按重量且必须有覆盖长度，不作为独立金属头计数 (0.096084ms)
✔ B18：打头只能承接对应截断条料，不能换 SKU、换长度或重新领连续料 (0.25875ms)
✔ N05：规格相同可以合并，但尺码、用途和需求身份不靠物理规格键代替 (0.2915ms)
✔ B14：修改后续版本端头要求不能污染生产单历史快照 (0.988625ms)
✔ 发布门禁：含织带截断工序的技术包必须规格完整且规格仍关联当前 BOM (0.216959ms)
(node:77860) ExperimentalWarning: localStorage is not available because --localstorage-file was not provided.
(Use `node --trace-warnings ...` to show where the warning was created)
✔ 已提交新周期可由真实袋档案进入历史，错误袋和未知周期仍拒绝 (1.346875ms)
(node:77861) ExperimentalWarning: localStorage is not available because --localstorage-file was not provided.
(Use `node --trace-warnings ...` to show where the warning was created)
✔ REPLACEMENT_FABRIC 已绑定有效同生产单任务保留归属，不按部位裁片SKU消除 (19.135791ms)
✔ REPLACEMENT_FABRIC 未绑定票不猜任务，可由用户明确同批加入 (7.705959ms)
✔ REPLACEMENT_FABRIC old-factory 旧绑定不可作为当前任务沿用 (7.011167ms)
✔ REPLACEMENT_FABRIC other-order 旧绑定不可作为当前任务沿用 (9.671625ms)
✔ BINDING_STRIP 已绑定有效同生产单任务保留归属，不按部位裁片SKU消除 (8.957917ms)
✔ BINDING_STRIP 未绑定票不猜任务，可由用户明确同批加入 (7.235917ms)
✔ BINDING_STRIP old-factory 旧绑定不可作为当前任务沿用 (6.457959ms)
✔ BINDING_STRIP other-order 旧绑定不可作为当前任务沿用 (6.51225ms)
ℹ tests 608
ℹ suites 0
ℹ pass 608
ℹ fail 0
ℹ cancelled 0
ℹ skipped 0
ℹ todo 0
ℹ duration_ms 14984.165291
vite v6.4.3 building for production...
transforming...
✓ 2733 modules transformed.
Circular chunk: pcs-tech-pack-review -> pcs-tech-pack-bootstrap -> pcs-tech-pack-review. Consider disabling the "output.onlyExplicitManualChunks" option, as enabling it causes the static dependencies of the manual chunk "pcs-tech-pack-bootstrap" to be bundled into the chunk "pcs-tech-pack-review".
rendering chunks...
[plugin vite:reporter] 
(!) /Users/laoer/.codex/worktrees/d29f/higoods/src/data/fcs/cutting/cutting-record-identity.ts is dynamically imported by /Users/laoer/.codex/worktrees/d29f/higoods/src/data/fcs/cutting/cutting-record-repository.ts but also statically imported by /Users/laoer/.codex/worktrees/d29f/higoods/src/data/fcs/cutting/cutting-event-migration.ts, /Users/laoer/.codex/worktrees/d29f/higoods/src/data/fcs/cutting/cutting-file-maintenance.ts, /Users/laoer/.codex/worktrees/d29f/higoods/src/data/fcs/cutting/part-ticket-records.ts, /Users/laoer/.codex/worktrees/d29f/higoods/src/data/fcs/cutting/replacement-fabric-fei-tickets.ts, /Users/laoer/.codex/worktrees/d29f/higoods/src/data/fcs/cutting/replacement-fabric-repository.ts, /Users/laoer/.codex/worktrees/d29f/higoods/src/data/fcs/cutting/retired-cut-piece-pickup-history.ts, /Users/laoer/.codex/worktrees/d29f/higoods/src/data/fcs/production-context-actions.ts, /Users/laoer/.codex/worktrees/d29f/higoods/src/data/fcs/production-context-records.ts, /Users/laoer/.codex/worktrees/d29f/higoods/src/pages/pda-cutting-save.ts, /Users/laoer/.codex/worktrees/d29f/higoods/src/pages/print/replacement-fabric-preview.ts, /Users/laoer/.codex/worktrees/d29f/higoods/src/pages/process-factory/cutting/replacement-fabric-fei-tickets.ts, /Users/laoer/.codex/worktrees/d29f/higoods/src/pages/process-factory/cutting/transfer-bags/state.ts, /Users/laoer/.codex/worktrees/d29f/higoods/src/pages/process-factory/cutting/wait-handover-actions.ts, /Users/laoer/.codex/worktrees/d29f/higoods/src/pages/production-contract-print.ts, /Users/laoer/.codex/worktrees/d29f/higoods/src/pages/unified-dispatch-workbench.ts, dynamic import will not move module into another chunk.

[plugin vite:reporter] 
(!) /Users/laoer/.codex/worktrees/d29f/higoods/src/data/fcs/production-context-records.ts is dynamically imported by /Users/laoer/.codex/worktrees/d29f/higoods/src/data/fcs/cutting/cutting-record-repository.ts, /Users/laoer/.codex/worktrees/d29f/higoods/src/data/pcs-product-reference-check.ts, /Users/laoer/.codex/worktrees/d29f/higoods/src/main.ts but also statically imported by /Users/laoer/.codex/worktrees/d29f/higoods/src/data/fcs/cutting/cutting-event-repository.ts, /Users/laoer/.codex/worktrees/d29f/higoods/src/data/fcs/cutting/part-ticket-records.ts, /Users/laoer/.codex/worktrees/d29f/higoods/src/data/fcs/cutting/replacement-fabric-repository.ts, /Users/laoer/.codex/worktrees/d29f/higoods/src/data/fcs/cutting/replacement-fabric-source.ts, /Users/laoer/.codex/worktrees/d29f/higoods/src/data/fcs/cutting/retired-cut-piece-pickup-history.ts, /Users/laoer/.codex/worktrees/d29f/higoods/src/data/fcs/effective-task-assignments.ts, /Users/laoer/.codex/worktrees/d29f/higoods/src/data/fcs/pda-handover-events.ts, /Users/laoer/.codex/worktrees/d29f/higoods/src/data/fcs/production-context-actions.ts, /Users/laoer/.codex/worktrees/d29f/higoods/src/data/fcs/production-contracts.ts, /Users/laoer/.codex/worktrees/d29f/higoods/src/data/fcs/production-order-runtime-store.ts, /Users/laoer/.codex/worktrees/d29f/higoods/src/data/fcs/production-orders.ts, /Users/laoer/.codex/worktrees/d29f/higoods/src/data/fcs/runtime-process-tasks.ts, /Users/laoer/.codex/worktrees/d29f/higoods/src/data/fcs/sewing-outsourcing-responsibility.ts, /Users/laoer/.codex/worktrees/d29f/higoods/src/data/fcs/sewing-sample-approval-suggestion.ts, /Users/laoer/.codex/worktrees/d29f/higoods/src/pages/dispatch-tenders.ts, /Users/laoer/.codex/worktrees/d29f/higoods/src/pages/process-factory/cutting/replacement-fabric-data-tools.ts, /Users/laoer/.codex/worktrees/d29f/higoods/src/pages/production-context-recovery.ts, dynamic import will not move module into another chunk.

[plugin vite:reporter] 
(!) /Users/laoer/.codex/worktrees/d29f/higoods/src/components/production-object-floating-entry.ts is dynamically imported by /Users/laoer/.codex/worktrees/d29f/higoods/src/main.ts but also statically imported by /Users/laoer/.codex/worktrees/d29f/higoods/src/components/shell.ts, dynamic import will not move module into another chunk.

[plugin vite:reporter] 
(!) /Users/laoer/.codex/worktrees/d29f/higoods/src/data/fcs/printing-task-domain.ts is dynamically imported by /Users/laoer/.codex/worktrees/d29f/higoods/src/data/fcs/dyeing-task-domain.ts, /Users/laoer/.codex/worktrees/d29f/higoods/src/data/fcs/tmf-upstream-process-orders.ts, /Users/laoer/.codex/worktrees/d29f/higoods/src/data/pms/tmf-material-purchases.ts, /Users/laoer/.codex/worktrees/d29f/higoods/src/pages/process-factory/accessory/webbing/work-order-detail.ts, /Users/laoer/.codex/worktrees/d29f/higoods/src/pages/process-factory/accessory/webbing/work-order-detail.ts but also statically imported by /Users/laoer/.codex/worktrees/d29f/higoods/src/data/fcs/cutting/material-prep.ts, /Users/laoer/.codex/worktrees/d29f/higoods/src/data/fcs/cutting/supplement-node-facts.ts, /Users/laoer/.codex/worktrees/d29f/higoods/src/data/fcs/design-revision-material-transfer.ts, /Users/laoer/.codex/worktrees/d29f/higoods/src/data/fcs/design-revision-process-work-order-adapter.ts, /Users/laoer/.codex/worktrees/d29f/higoods/src/data/fcs/factory-receiving-links.ts, /Users/laoer/.codex/worktrees/d29f/higoods/src/data/fcs/factory-receiving-source-sync.ts, /Users/laoer/.codex/worktrees/d29f/higoods/src/data/fcs/mobile-execution-task-index.ts, /Users/laoer/.codex/worktrees/d29f/higoods/src/data/fcs/pda-start-link.ts, /Users/laoer/.codex/worktrees/d29f/higoods/src/data/fcs/printing-factory-demos.ts, /Users/laoer/.codex/worktrees/d29f/higoods/src/data/fcs/printing-material-receipts.ts, /Users/laoer/.codex/worktrees/d29f/higoods/src/data/fcs/printing-statistics.ts, /Users/laoer/.codex/worktrees/d29f/higoods/src/data/fcs/printing-warehouse-view.ts, /Users/laoer/.codex/worktrees/d29f/higoods/src/data/fcs/printing-work-order-business.ts, /Users/laoer/.codex/worktrees/d29f/higoods/src/data/fcs/process-action-writeback-service.ts, /Users/laoer/.codex/worktrees/d29f/higoods/src/data/fcs/process-execution-writeback.ts, /Users/laoer/.codex/worktrees/d29f/higoods/src/data/fcs/process-mobile-task-binding.ts, /Users/laoer/.codex/worktrees/d29f/higoods/src/data/fcs/process-warehouse-linkage-service.ts, /Users/laoer/.codex/worktrees/d29f/higoods/src/data/fcs/process-web-status-actions.ts, /Users/laoer/.codex/worktrees/d29f/higoods/src/data/fcs/process-work-order-domain.ts, /Users/laoer/.codex/worktrees/d29f/higoods/src/data/fcs/process-work-order-generation-service.ts, /Users/laoer/.codex/worktrees/d29f/higoods/src/data/fcs/production-demand-early-process-work-orders.ts, /Users/laoer/.codex/worktrees/d29f/higoods/src/data/fcs/production-object-overview.ts, /Users/laoer/.codex/worktrees/d29f/higoods/src/data/fcs/production-process-work-order-service.ts, /Users/laoer/.codex/worktrees/d29f/higoods/src/data/fcs/production-task-breakdown.ts, /Users/laoer/.codex/worktrees/d29f/higoods/src/data/fcs/task-print-cards.ts, /Users/laoer/.codex/worktrees/d29f/higoods/src/pages/pcs-independent-sampling.ts, /Users/laoer/.codex/worktrees/d29f/higoods/src/pages/pda-exec-detail.ts, /Users/laoer/.codex/worktrees/d29f/higoods/src/pages/pda-exec.ts, /Users/laoer/.codex/worktrees/d29f/higoods/src/pages/pda-task-receive.ts, /Users/laoer/.codex/worktrees/d29f/higoods/src/pages/print/templates/printing-work-order-template.ts, /Users/laoer/.codex/worktrees/d29f/higoods/src/pages/process-factory/cutting/production-order-overview-projection.ts, /Users/laoer/.codex/worktrees/d29f/higoods/src/pages/process-factory/dyeing/pending-receipts.ts, /Users/laoer/.codex/worktrees/d29f/higoods/src/pages/process-factory/printing/dashboards.ts, /Users/laoer/.codex/worktrees/d29f/higoods/src/pages/process-factory/printing/dialogs.ts, /Users/laoer/.codex/worktrees/d29f/higoods/src/pages/process-factory/printing/dispatch.ts, /Users/laoer/.codex/worktrees/d29f/higoods/src/pages/process-factory/printing/events.ts, /Users/laoer/.codex/worktrees/d29f/higoods/src/pages/process-factory/printing/presentation.ts, /Users/laoer/.codex/worktrees/d29f/higoods/src/pages/process-factory/printing/shared.ts, /Users/laoer/.codex/worktrees/d29f/higoods/src/pages/process-factory/printing/statistics.ts, /Users/laoer/.codex/worktrees/d29f/higoods/src/pages/process-factory/printing/work-order-detail.ts, /Users/laoer/.codex/worktrees/d29f/higoods/src/pages/process-print-orders.ts, /Users/laoer/.codex/worktrees/d29f/higoods/src/pages/process-work-orders/early-process-management.ts, /Users/laoer/.codex/worktrees/d29f/higoods/src/pages/production/demand-domain.ts, /Users/laoer/.codex/worktrees/d29f/higoods/src/runtime/fcs/cutting/pickup-management-runtime.ts, dynamic import will not move module into another chunk.

computing gzip size...
dist/index.html                                                          11.80 kB │ gzip:   2.97 kB
dist/assets/pcs-pattern-parse.worker-B3_rAVMB.js                         18.52 kB
dist/assets/pcs-record-baseline-BWpImHil.json                         4,125.30 kB │ gzip: 226.59 kB
dist/assets/order-pages-Bl_Ypvhw.css                                     82.44 kB │ gzip:  15.34 kB
dist/assets/index-BysvPE4E.css                                          154.79 kB │ gzip:  25.42 kB
dist/assets/domain-snapshot-BxnH21A-.js                                   0.34 kB │ gzip:   0.26 kB
dist/assets/sample-warehouse-projection-B9C0pyic.js                       0.39 kB │ gzip:   0.25 kB
dist/assets/pcs-engineering-bom-snapshot-source-Dl-AkGDI.js               0.41 kB │ gzip:   0.29 kB
dist/assets/real-qr-placeholder-DugZ2zV0.js                               0.52 kB │ gzip:   0.36 kB
dist/assets/pcs-record-bootstrap-tg4iKtpD.js                              0.56 kB │ gzip:   0.45 kB
dist/assets/dialogs-Cp8t6NlI.js                                           0.59 kB │ gzip:   0.31 kB
dist/assets/design-revision-pcs-command-CPTgKdPL.js                       0.68 kB │ gzip:   0.38 kB
dist/assets/pcs-storage-error-DHrXjNTm.js                                 0.71 kB │ gzip:   0.52 kB
dist/assets/badge-DGIDVatW.js                                             0.78 kB │ gzip:   0.42 kB
dist/assets/images-Q79qfJD0.js                                            0.80 kB │ gzip:   0.35 kB
dist/assets/pms-export-DA1AAVsg.js                                        0.83 kB │ gzip:   0.50 kB
dist/assets/placeholder--gzPBYHS.js                                       0.85 kB │ gzip:   0.47 kB
dist/assets/pda-cutting-save-Cy6VJ75I.js                                  0.88 kB │ gzip:   0.59 kB
dist/assets/trace-DsJbJMdj.js                                             0.89 kB │ gzip:   0.51 kB
dist/assets/execution-prep-projection-helpers-BvFPIsG8.js                 0.94 kB │ gzip:   0.46 kB
dist/assets/history-CpyAtzrw.js                                           0.94 kB │ gzip:   0.61 kB
dist/assets/payment-sync-CXuAK4dC.js                                      0.97 kB │ gzip:   0.62 kB
dist/assets/tmf-reference-images-6geKcU1B.js                              0.98 kB │ gzip:   0.50 kB
dist/assets/material-purchase-references-BK99EnPZ.js                      1.00 kB │ gzip:   0.54 kB
dist/assets/print-service-CyrwQfQw.js                                     1.04 kB │ gzip:   0.52 kB
dist/assets/pda-sewing-self-return-mode-CVT5AEl1.js                       1.07 kB │ gzip:   0.54 kB
dist/assets/process-work-order-generation-service-B8AGKNfA.js             1.07 kB │ gzip:   0.65 kB
dist/assets/detail.adapter-BIJ8puxG.js                                    1.08 kB │ gzip:   0.68 kB
dist/assets/routes-los-BGqId6so.js                                        1.14 kB │ gzip:   0.54 kB
dist/assets/dyeing-material-receipts-ChV1xQ9t.js                          1.14 kB │ gzip:   0.75 kB
dist/assets/tech-pack-DytQFval.js                                         1.18 kB │ gzip:   0.55 kB
dist/assets/pda-runtime-B9FePaXj.js                                       1.21 kB │ gzip:   0.66 kB
dist/assets/replacement-fabric-scan-DWYZ4gKm.js                           1.28 kB │ gzip:   0.80 kB
dist/assets/overview-DJxOwwHP.js                                          1.29 kB │ gzip:   0.71 kB
dist/assets/process-work-order-source-view-D1rsKsLa.js                    1.30 kB │ gzip:   0.58 kB
dist/assets/transfer-bag-handover-mock-cKn1jI1a.js                        1.31 kB │ gzip:   0.71 kB
dist/assets/pcs-tech-pack-review-notification-repository-CAExnopd.js      1.34 kB │ gzip:   0.59 kB
dist/assets/work-order-action-policy-B_htTkaE.js                          1.34 kB │ gzip:   0.68 kB
dist/assets/real-qr-DvlSY4TN.js                                           1.39 kB │ gzip:   0.80 kB
dist/assets/filter-bar-B9yDE0aL.js                                        1.49 kB │ gzip:   0.81 kB
dist/assets/factory-types-DbcizYGx.js                                     1.52 kB │ gzip:   0.65 kB
dist/assets/material-identity-BgyrLvDb.js                                 1.54 kB │ gzip:   0.85 kB
dist/assets/supplement-material-prep-demand-registry-DI-N3DvB.js          1.56 kB │ gzip:   0.75 kB
dist/assets/task-handover-domain-Da-m4jyl.js                              1.57 kB │ gzip:   0.76 kB
dist/assets/pda-cutting-wait-handover-actions-Bh68ffml.js                 1.58 kB │ gzip:   0.62 kB
dist/assets/warehouse-shared-Dvhu_yQ_.js                                  1.58 kB │ gzip:   0.51 kB
dist/assets/pcs-material-handoff-DJ-wio-2.js                              1.65 kB │ gzip:   0.81 kB
dist/assets/task-chain-pages-adapter-BRA6M-jo.js                          1.71 kB │ gzip:   0.84 kB
dist/assets/pcs-tech-pack-version-log-repository-BNpuAoeb.js              1.73 kB │ gzip:   0.79 kB
dist/assets/real-barcode-sWMf9i9X.js                                      1.81 kB │ gzip:   0.96 kB
dist/assets/tmf-upstream-receiving-C4ZomYy1.js                            1.83 kB │ gzip:   1.14 kB
dist/assets/list-export-BUvVrYKe.js                                       1.86 kB │ gzip:   1.09 kB
dist/assets/toast-C9svOHmI.js                                             1.87 kB │ gzip:   0.90 kB
dist/assets/wool-pda-scan-CLss-hdZ.js                                     1.88 kB │ gzip:   1.03 kB
dist/assets/mixed-transfer-bag-ticket-DETTPWFm.js                         1.89 kB │ gzip:   0.79 kB
dist/assets/kol-goto-fixed-total-ledger-fCVQdxDN.js                       1.93 kB │ gzip:   0.93 kB
dist/assets/table-COO5AcDH.js                                             2.04 kB │ gzip:   1.02 kB
dist/assets/pcs-action-dialog-byplqjJ3.js                                 2.09 kB │ gzip:   1.07 kB
dist/assets/binding-process-pda-scan-Bl9xjOGe.js                          2.18 kB │ gzip:   1.13 kB
dist/assets/cutting-file-maintenance-BFmGvSmE.js                          2.22 kB │ gzip:   1.18 kB
dist/assets/special-craft-pda-scope-D7pPbyHb.js                           2.24 kB │ gzip:   1.02 kB
dist/assets/mixed-bag-contents-DcuNeAQL.js                                2.31 kB │ gzip:   1.28 kB
dist/assets/production-order-tech-pack-runtime-DQnsAFlO.js                2.35 kB │ gzip:   0.91 kB
dist/assets/helpers-BFKa6pUf.js                                           2.42 kB │ gzip:   1.21 kB
dist/assets/production-context-recovery-B-groiuw.js                       2.44 kB │ gzip:   1.27 kB
dist/assets/tmf-work-order-view-CVHYQj2K.js                               2.56 kB │ gzip:   1.18 kB
dist/assets/factory-capacity-profile-mock-Dv5YtZGT.js                     2.64 kB │ gzip:   1.15 kB
dist/assets/pms-excel-import-DnMCWv6B.js                                  2.66 kB │ gzip:   1.32 kB
dist/assets/shared-CgJdKoRW.js                                            2.70 kB │ gzip:   1.02 kB
dist/assets/process-order-list-presentation-BNFRx0Eg.js                   2.71 kB │ gzip:   1.27 kB
dist/assets/post-finishing-spu-technical-parameters-BcKNrgqY.js           2.79 kB │ gzip:   1.28 kB
dist/assets/marker-plan-projection-DKNUSJ2I.js                            2.82 kB │ gzip:   1.22 kB
dist/assets/dialogs-7ohXHBW4.js                                           2.94 kB │ gzip:   1.22 kB
dist/assets/process-order-task-relations-DnWBDio6.js                      2.97 kB │ gzip:   1.29 kB
dist/assets/product-skus-CEt6Fukj.js                                      3.03 kB │ gzip:   0.96 kB
dist/assets/production-order-identity-JZzVI0Oj.js                         3.04 kB │ gzip:   1.26 kB
dist/assets/tabs-Bif92WFi.js                                              3.09 kB │ gzip:   0.93 kB
dist/assets/pda-cutting-runtime-action-inputs-C8AIooGz.js                 3.13 kB │ gzip:   1.08 kB
dist/assets/trade-subjects-B1U82DIE.js                                    3.16 kB │ gzip:   1.12 kB
dist/assets/work-order-detail-DJEdoTyb.js                                 3.30 kB │ gzip:   1.41 kB
dist/assets/cutting-mainline-CVLh7fqS.js                                  3.41 kB │ gzip:   1.53 kB
dist/assets/authorization-code-G2gmumGz.js                                3.49 kB │ gzip:   1.67 kB
dist/assets/printing-sheet-preview-DeRTrbzP.js                            3.52 kB │ gzip:   1.69 kB
dist/assets/confirmation-print-Cg_18PrF.js                                3.56 kB │ gzip:   1.53 kB
dist/assets/cutting-receipts-DEC9pfrM.js                                  3.58 kB │ gzip:   1.67 kB
dist/assets/binding-process-warehouse-linkage-service-BK1dEnqZ.js         3.62 kB │ gzip:   1.38 kB
dist/assets/fcs-route-links-DzN6964L.js                                   3.67 kB │ gzip:   1.20 kB
dist/assets/shared-Bv8owsc1.js                                            3.72 kB │ gzip:   1.69 kB
dist/assets/quality-chain-adapter-D0leyyN2.js                             3.73 kB │ gzip:   1.66 kB
dist/assets/task-route-card-Cut4GVCG.js                                   3.83 kB │ gzip:   1.68 kB
dist/assets/shared-CFI6HHzy.js                                            3.87 kB │ gzip:   1.62 kB
dist/assets/task-delivery-card-CAZQ7VX7.js                                3.89 kB │ gzip:   1.76 kB
dist/assets/production-contract-print-DhkveoB3.js                         3.92 kB │ gzip:   2.01 kB
dist/assets/pcs-product-reference-check-Fmo7QIwq.js                       3.97 kB │ gzip:   1.65 kB
dist/assets/sewing-outsourcing-demo-eV5onqYO.js                           4.05 kB │ gzip:   1.63 kB
dist/assets/tipping-form-qcZ0TKHG.js                                      4.07 kB │ gzip:   2.02 kB
dist/assets/pda-cutting-simple-cut-piece-handover-D7RblS6k.js             4.07 kB │ gzip:   1.86 kB
dist/assets/transfer-bag-repack-mock-CMlfc4N2.js                          4.09 kB │ gzip:   1.90 kB
dist/assets/transit-simple-lists-BLhM9K-r.js                              4.17 kB │ gzip:   1.47 kB
dist/assets/supplement-order-registry-CHnc7juB.js                         4.49 kB │ gzip:   1.76 kB
dist/assets/tmf-process-print-preview-BmY-VyUh.js                         4.59 kB │ gzip:   2.16 kB
dist/assets/progress-board-B7ILDmGG.js                                    4.71 kB │ gzip:   2.10 kB
dist/assets/form-CtZ3mGQH.js                                              4.74 kB │ gzip:   1.40 kB
dist/assets/layout.helpers-A2f_JzVb.js                                    4.76 kB │ gzip:   1.73 kB
dist/assets/runtime-task-tenders-YGz6fHpq.js                              4.76 kB │ gzip:   1.94 kB
dist/assets/preparation-material-receipt-sources-DaIfQxCb.js              4.76 kB │ gzip:   1.99 kB
dist/assets/sewing-outsourcing-responsibility-CDHh3ceJ.js                 4.80 kB │ gzip:   2.09 kB
dist/assets/relations-CNxfl10e.js                                         4.80 kB │ gzip:   2.19 kB
dist/assets/transit-dashboard-B8c_Gw6p.js                                 4.85 kB │ gzip:   2.04 kB
dist/assets/result-list-D1Amvbvn.js                                       4.94 kB │ gzip:   2.06 kB
dist/assets/store-domain-dispatch-process-BwHWiVcJ.js                     5.00 kB │ gzip:   1.94 kB
dist/assets/cutting-event-migration-BZYzZ5pg.js                           5.07 kB │ gzip:   2.05 kB
dist/assets/tmf-upstream-process-orders-DZd1be4M.js                       5.08 kB │ gzip:   2.37 kB
dist/assets/process-order-list-controller-DAvOG22k.js                     5.09 kB │ gzip:   1.90 kB
dist/assets/material-requirements-CoWk9wNn.js                             5.27 kB │ gzip:   2.24 kB
dist/assets/process-work-order-quality-settlement-C9tmrsFL.js             5.33 kB │ gzip:   2.20 kB
dist/assets/dashboards-BPyQ7nj6.js                                        5.61 kB │ gzip:   2.68 kB
dist/assets/tmf-process-continuation-B3hoPFRr.js                          5.66 kB │ gzip:   1.62 kB
dist/assets/retired-cut-piece-pickup-history-Cv2mp5ja.js                  5.68 kB │ gzip:   2.30 kB
dist/assets/wls-page-handlers-RXAfJnCC.js                                 5.69 kB │ gzip:   2.03 kB
dist/assets/replacement-fabric-label-template-Difpp2rR.js                 5.71 kB │ gzip:   2.54 kB
dist/assets/dispatch-task-sheet-QZ1cBJ1z.js                               5.72 kB │ gzip:   2.71 kB
dist/assets/replacement-fabric-preview-BgEZM8Wm.js                        5.78 kB │ gzip:   2.79 kB
dist/assets/pcs-product-information-B33W-X8l.js                           5.79 kB │ gzip:   2.64 kB
dist/assets/process-order-three-axis-view-BW0BecNM.js                     5.85 kB │ gzip:   2.36 kB
dist/assets/pda-cutting-nav-context-CKuUskxo.js                           5.95 kB │ gzip:   1.41 kB
dist/assets/los-live-room-master-6sSwN9Xy.js                              5.97 kB │ gzip:   2.66 kB
dist/assets/transfer-bags-projection-Cd2oi3RJ.js                          5.99 kB │ gzip:   2.36 kB
dist/assets/pda-wool-warehouse-flows-UKKNuDYp.js                          6.01 kB │ gzip:   2.99 kB
dist/assets/fcs-pda-pickup-dispute-Qo4orvvw.js                            6.18 kB │ gzip:   2.19 kB
dist/assets/warehouse-standard-D42qQprx.js                                6.30 kB │ gzip:   2.10 kB
dist/assets/fact-view-LS0QWiie.js                                         6.35 kB │ gzip:   2.11 kB
dist/assets/transfer-bag-goods-label-DhWnnclE.js                          6.46 kB │ gzip:   2.65 kB
dist/assets/production-contract-center-koSnkcmT.js                        6.53 kB │ gzip:   2.79 kB
dist/assets/routes-pda-Idkbe5UP.js                                        6.54 kB │ gzip:   2.49 kB
dist/assets/printing-work-order-template-DbO9FiaO.js                      6.55 kB │ gzip:   3.10 kB
dist/assets/sewing-outsourcing-supplement-tracking-CbzejFSG.js            6.63 kB │ gzip:   2.89 kB
dist/assets/workbench-DRZIml_V.js                                         6.63 kB │ gzip:   2.68 kB
dist/assets/cutting-task-routing-Be57vTaH.js                              6.65 kB │ gzip:   2.38 kB
dist/assets/factory-receiving-links-DiHZUbU9.js                           6.74 kB │ gzip:   2.72 kB
dist/assets/routes-pcs-LGU-OS8D.js                                        6.81 kB │ gzip:   1.82 kB
dist/assets/production-contract-master-template-C7kgu-10.js               6.85 kB │ gzip:   2.74 kB
dist/assets/shared-CDldJEZW.js                                            6.86 kB │ gzip:   2.53 kB
dist/assets/material-handover-DVXWfJEG.js                                 6.96 kB │ gzip:   2.74 kB
dist/assets/data-management-0HYTU9qA.js                                   7.00 kB │ gzip:   2.56 kB
dist/assets/stock-seed-Cj8lLuwm.js                                        7.11 kB │ gzip:   2.44 kB
dist/assets/dye-work-order-times-w7U4XCtx.js                              7.22 kB │ gzip:   2.55 kB
dist/assets/overview.helpers-BP2F5Yu8.js                                  7.36 kB │ gzip:   2.88 kB
dist/assets/pcs-channel-legacy-conversion-Dg3I_fD9.js                     7.40 kB │ gzip:   3.19 kB
dist/assets/craft-actions-DpiL1_ia.js                                     7.41 kB │ gzip:   3.34 kB
dist/assets/pcs-testing-order-create-XKBjfAVv.js                          7.41 kB │ gzip:   2.89 kB
dist/assets/shared-CeI2KnyJ.js                                            7.43 kB │ gzip:   2.60 kB
dist/assets/settlement-flow-boundaries-DbkSNas3.js                        7.43 kB │ gzip:   2.53 kB
dist/assets/production-craft-dict-BlD6sYnp.js                             7.51 kB │ gzip:   2.82 kB
dist/assets/transit-warehouse-CGN4xIMS.js                                 7.54 kB │ gzip:   2.13 kB
dist/assets/pcs-sample-label-UOEvo5AL.js                                  7.59 kB │ gzip:   3.45 kB
dist/assets/pda-transfer-bag-detail-BTaVjGrt.js                           7.75 kB │ gzip:   2.91 kB
dist/assets/supplement-node-facts-Csdoct_7.js                             7.76 kB │ gzip:   2.84 kB
dist/assets/statistics-CSlbTL-f.js                                        7.90 kB │ gzip:   2.58 kB
dist/assets/sewing-outsourcing-return-tracking-DLlWlpZJ.js                7.91 kB │ gzip:   2.96 kB
dist/assets/tmf-process-sheet-template-CKzY3YFC.js                        8.00 kB │ gzip:   3.81 kB
dist/assets/production-contracts-DUjAR_sg.js                              8.07 kB │ gzip:   2.75 kB
dist/assets/progress-exception-lifecycle-BJx0gSBY.js                      8.09 kB │ gzip:   2.70 kB
dist/assets/supplier-supply-archives-Bid-xGw5.js                          8.13 kB │ gzip:   2.60 kB
dist/assets/pda-notify-CwmdhMqh.js                                        8.13 kB │ gzip:   3.04 kB
dist/assets/milestone-configs-8ceDLlRt.js                                 8.41 kB │ gzip:   2.94 kB
dist/assets/pcs-testing-order-list-BHlH4WIx.js                            8.42 kB │ gzip:   3.27 kB
dist/assets/material-process-plans-fS_V9t6R.js                            8.66 kB │ gzip:   3.49 kB
dist/assets/fei-ticket-numbering-DpENlo6L.js                              8.82 kB │ gzip:   3.09 kB
dist/assets/pre-settlement-ledger-repository-BS0Zl2wp.js                  8.84 kB │ gzip:   3.02 kB
dist/assets/pcs-pattern-library-config-DfpkFwNG.js                        8.84 kB │ gzip:   2.42 kB
dist/assets/pda-cutting-shared-Ct8gurFf.js                                8.87 kB │ gzip:   2.73 kB
dist/assets/navigation-context-B5ExZzMN.js                                8.87 kB │ gzip:   2.46 kB
dist/assets/warehouses-CSFYi5tN.js                                        8.89 kB │ gzip:   2.11 kB
dist/assets/pda-cutting-execution-unit-aEmRbzBx.js                        8.89 kB │ gzip:   3.39 kB
dist/assets/bom-templates-CETr8DlQ.js                                     8.90 kB │ gzip:   3.70 kB
dist/assets/pda-notify-detail-BbIZ9iKW.js                                 9.02 kB │ gzip:   3.00 kB
dist/assets/pda-cutting-fei-ticket-numbering-BCi9LhOV.js                  9.05 kB │ gzip:   3.12 kB
dist/assets/cutting-event-repository-BaLyYLyu.js                          9.15 kB │ gzip:   4.04 kB
dist/assets/machine-associations-CUPvm6iW.js                              9.16 kB │ gzip:   3.11 kB
dist/assets/pda-warehouse-DcYWvpiE.js                                     9.16 kB │ gzip:   3.66 kB
dist/assets/workbench-2LLJx32x.js                                         9.21 kB │ gzip:   3.81 kB
dist/assets/production-context-actions-yIJREvGQ.js                        9.29 kB │ gzip:   3.48 kB
dist/assets/pda-execution-DdhAA8wb.js                                     9.30 kB │ gzip:   3.69 kB
dist/assets/handover-records-D6XPALXX.js                                  9.35 kB │ gzip:   3.56 kB
dist/assets/mobile-BdIjgIdw.js                                            9.53 kB │ gzip:   3.08 kB
dist/assets/pda-cutting-transfer-bag-recovery-DEGXF2lh.js                 9.56 kB │ gzip:   3.93 kB
dist/assets/routes-pms-CuheeSgZ.js                                        9.65 kB │ gzip:   2.47 kB
dist/assets/sewing-pickup-slips-8Y2RAzxX.js                               9.65 kB │ gzip:   3.63 kB
dist/assets/dye-work-order-online-domain-CReU1c1b.js                      9.78 kB │ gzip:   3.65 kB
dist/assets/production-receipts-DvHlKf4J.js                               9.81 kB │ gzip:   3.95 kB
dist/assets/pending-receipts-BIdEiVbk.js                                  9.91 kB │ gzip:   4.09 kB
dist/assets/statistics-CTaWJM9Y.js                                        9.93 kB │ gzip:   4.32 kB
dist/assets/pda-cutting-transfer-bag-scrap-DDDiP0XV.js                    9.95 kB │ gzip:   4.07 kB
dist/assets/continuous-stock-KdxmsMxA.js                                 10.09 kB │ gzip:   4.11 kB
dist/assets/trade-subjects-Drw67Fiu.js                                   10.26 kB │ gzip:   3.73 kB
dist/assets/production-return-fulfillment-FSblTzV2.js                    10.50 kB │ gzip:   4.01 kB
dist/assets/bom-templates-ChqjVeph.js                                    10.52 kB │ gzip:   2.48 kB
dist/assets/yarn-shipments-SRRf-oRR.js                                   10.57 kB │ gzip:   4.77 kB
dist/assets/list-B9vXSvvQ.js                                             10.59 kB │ gzip:   3.69 kB
dist/assets/settings-Db2Dpl9n.js                                         10.73 kB │ gzip:   3.24 kB
dist/assets/product-skus-DDcJBuwL.js                                     10.74 kB │ gzip:   4.14 kB
dist/assets/transit-receipts-D3AEs1HA.js                                 10.99 kB │ gzip:   4.02 kB
dist/assets/presentation-CT8wh5Kk.js                                     11.25 kB │ gzip:   4.64 kB
dist/assets/design-revision-pcs-storage-D2ozVRMd.js                      11.28 kB │ gzip:   4.27 kB
dist/assets/pda-exec-link-2Jf3YtcB.js                                    11.31 kB │ gzip:   3.68 kB
dist/assets/pda-login-DF-ggxtn.js                                        11.31 kB │ gzip:   4.38 kB
dist/assets/material-prep-papRm_qT.js                                    11.39 kB │ gzip:   2.68 kB
dist/assets/dyeing-warehouse-view-DwJnRnLl.js                            11.49 kB │ gzip:   3.95 kB
dist/assets/pcs-engineering-preparation-projection-CH-wBqUA.js           11.49 kB │ gzip:   4.26 kB
dist/assets/warehouses-CGf20GZA.js                                       11.74 kB │ gzip:   4.23 kB
dist/assets/purchase-suggestions-CVpQLmRu.js                             11.87 kB │ gzip:   3.70 kB
dist/assets/material-transfers-Bb1XFaPT.js                               11.89 kB │ gzip:   4.17 kB
dist/assets/task-breakdown-Bu08qwDJ.js                                   12.03 kB │ gzip:   4.48 kB
dist/assets/pickup-management-runtime-rTypwA2c.js                        12.25 kB │ gzip:   4.73 kB
dist/assets/task-execution-adapter-4EG8rh8C.js                           12.26 kB │ gzip:   3.68 kB
dist/assets/process-statistics-domain-CTtZMa1R.js                        12.33 kB │ gzip:   4.03 kB
dist/assets/pms-handlers-b91bV3hd.js                                     12.40 kB │ gzip:   2.85 kB
dist/assets/tasks-CC1fwsDS.js                                            12.80 kB │ gzip:   4.97 kB
dist/assets/context-B8VoEbiw.js                                          13.02 kB │ gzip:   4.60 kB
dist/assets/meta-Dzn8oaUy.js                                             13.16 kB │ gzip:   2.95 kB
dist/assets/handover-records-Bzn0IyZl.js                                 13.18 kB │ gzip:   4.14 kB
dist/assets/handover-print-BrZsmjnZ.js                                   13.40 kB │ gzip:   4.90 kB
dist/assets/pda-start-link-BU55bkzJ.js                                   13.62 kB │ gzip:   4.81 kB
dist/assets/inventory-monitor-rqURVK4E.js                                13.66 kB │ gzip:   4.78 kB
dist/assets/bom-detail-eAr-Ek6h.js                                       13.69 kB │ gzip:   4.97 kB
dist/assets/returns-COc7Ahb1.js                                          13.71 kB │ gzip:   5.08 kB
dist/assets/wls-finished-inbound-Dg5BuaLX.js                             13.82 kB │ gzip:   5.27 kB
dist/assets/tmf-base-demo-COsO4b5T.js                                    13.83 kB │ gzip:   4.99 kB
dist/assets/wls-inbound-r_xjMGRt.js                                      13.87 kB │ gzip:   5.41 kB
dist/assets/work-orders-CG0RTq0g.js                                      13.99 kB │ gzip:   5.19 kB
dist/assets/cut-piece-return-warehouse-DXN6ZP0V.js                       14.02 kB │ gzip:   5.02 kB
dist/assets/pcs-technical-data-tech-pack-list-CMvAAkvl.js                14.20 kB │ gzip:   4.89 kB
dist/assets/supplements-DwzU_tR4.js                                      14.21 kB │ gzip:   5.19 kB
dist/assets/idb-storage-DYscBY_v.js                                      14.27 kB │ gzip:   5.28 kB
dist/assets/mobile-execution-task-index-DAadiqng.js                      14.42 kB │ gzip:   3.88 kB
dist/assets/work-orders-ComxbiiX.js                                      14.45 kB │ gzip:   4.91 kB
dist/assets/post-finishing-qc-print-template-BgwTnl0A.js                 14.50 kB │ gzip:   4.48 kB
dist/assets/printing-sheet-template-7MH_bdZM.js                          14.58 kB │ gzip:   5.05 kB
dist/assets/work-orders-Q__edK8F.js                                      14.75 kB │ gzip:   4.78 kB
dist/assets/work-order-detail-CVGCPqO6.js                                14.75 kB │ gzip:   4.73 kB
dist/assets/responsibility-transfers-BDjl1d3_.js                         14.92 kB │ gzip:   5.67 kB
dist/assets/workbench-CtjR9FV9.js                                        15.58 kB │ gzip:   4.72 kB
dist/assets/pcs-handlers-vE-yYXER.js                                     15.81 kB │ gzip:   3.97 kB
dist/assets/outbound-orders-B405fn57.js                                  15.95 kB │ gzip:   5.18 kB
dist/assets/cut-order-supplement-fixture-mbcS0Nxc.js                     15.96 kB │ gzip:   4.83 kB
dist/assets/process-web-status-actions-BgJGpjrB.js                       16.00 kB │ gzip:   4.25 kB
dist/assets/handover-ledger-view-BlbRjrVT.js                             16.19 kB │ gzip:   4.46 kB
dist/assets/reports-MbkGiPEn.js                                          16.31 kB │ gzip:   4.20 kB
dist/assets/machines-CNUUzryI.js                                         16.38 kB │ gzip:   5.46 kB
dist/assets/garment-spu-replacement-Cwstnylr.js                          16.40 kB │ gzip:   5.03 kB
dist/assets/full-flow-print-goPTg50Q.js                                  16.42 kB │ gzip:   5.47 kB
dist/assets/cutting-runtime-event-ledger-BjG9-xKS.js                     16.45 kB │ gzip:   5.64 kB
dist/assets/payment-requests-BPpwNHCu.js                                 16.65 kB │ gzip:   5.46 kB
dist/assets/progress-handover-order-Dpa8Eoyw.js                          16.68 kB │ gzip:   4.95 kB
dist/assets/wls-garment-relabel-tasks-De8pFllU.js                        16.82 kB │ gzip:   5.56 kB
dist/assets/cut-order-release-integration-BTydpIVV.js                    16.90 kB │ gzip:   6.06 kB
dist/assets/part-ticket-records-D60yHwBA.js                              17.02 kB │ gzip:   6.36 kB
dist/assets/dispatch-acceptance-sla-LYxEWnoM.js                          17.15 kB │ gzip:   5.13 kB
dist/assets/pda-cutting-task-detail-CkpWlvVU.js                          17.15 kB │ gzip:   6.06 kB
dist/assets/sewing-cut-piece-return-workflow-CvMioQRc.js                 17.21 kB │ gzip:   6.09 kB
dist/assets/replacement-fabric-repository-DDZnQ2Pu.js                    17.26 kB │ gzip:   6.62 kB
dist/assets/product-purchase-orders-DIMg_xft.js                          17.42 kB │ gzip:   5.22 kB
dist/assets/production-confirmation-L4qGFxef.js                          17.43 kB │ gzip:   5.94 kB
dist/assets/material-requirements-CcolMuRf.js                            17.46 kB │ gzip:   5.95 kB
dist/assets/marker-spreading-projection-Dt8f3I8n.js                      17.49 kB │ gzip:   5.53 kB
dist/assets/pda-sewing-self-return-D1_oLMOq.js                           17.50 kB │ gzip:   5.91 kB
dist/assets/output-stock-D-a0fQbW.js                                     17.52 kB │ gzip:   6.60 kB
dist/assets/simple-cut-piece-handover-fixtures-NVMgWpK6.js               17.53 kB │ gzip:   5.96 kB
dist/assets/progress-cutting-detail-C_ypNlcW.js                          17.58 kB │ gzip:   4.44 kB
dist/assets/sewing-cut-piece-responsibility-DxMSBjyW.js                  17.63 kB │ gzip:   5.30 kB
dist/assets/supplier-confirmations-e9EQo8PM.js                           17.85 kB │ gzip:   5.29 kB
dist/assets/bom-detail-BCmzTAWa.js                                       17.90 kB │ gzip:   5.78 kB
dist/assets/purchase-demands-DJKdH7Fk.js                                 18.07 kB │ gzip:   5.82 kB
dist/assets/suppliers-DOxcttzm.js                                        18.16 kB │ gzip:   5.27 kB
dist/assets/pda-notify-due-soon-qu2sdvdY.js                              18.19 kB │ gzip:   6.20 kB
dist/assets/store-domain-pda-MRljSVTU.js                                 18.21 kB │ gzip:   6.41 kB
dist/assets/process-mobile-task-binding-DNDsr-KB.js                      18.47 kB │ gzip:   6.46 kB
dist/assets/platform-process-result-view-ClwvmEwO.js                     18.56 kB │ gzip:   5.34 kB
dist/assets/store-domain-statement-source-adapter-Bfzrxu_8.js            18.71 kB │ gzip:   5.37 kB
dist/assets/sewing-outsourcing-workbench---lvj7kV.js                     18.76 kB │ gzip:   6.52 kB
dist/assets/supplier-supply-archives-Dvr_FlE1.js                         18.90 kB │ gzip:   5.79 kB
dist/assets/warehouse-DjqJxWC7.js                                        18.93 kB │ gzip:   6.05 kB
dist/assets/materials-DQo18LQz.js                                        18.93 kB │ gzip:   4.79 kB
dist/assets/pda-warehouse-shared-DYKDmww0.js                             18.95 kB │ gzip:   5.70 kB
dist/assets/events-4bqZ7Wyp.js                                           19.04 kB │ gzip:   7.41 kB
dist/assets/production-demand-early-process-work-orders-qT8a1Ru5.js      19.13 kB │ gzip:   5.74 kB
dist/assets/platform.adapter-BAODQmDH.js                                 19.25 kB │ gzip:   6.09 kB
dist/assets/kol-goto-pda-domain-D6hZBq3e.js                              19.33 kB │ gzip:   6.58 kB
dist/assets/shared-DMtjbouZ.js                                           19.43 kB │ gzip:   5.25 kB
dist/assets/units-ZX4qv2zh.js                                            19.73 kB │ gzip:   5.89 kB
dist/assets/adjustments-CfjEorgB.js                                      19.76 kB │ gzip:   6.12 kB
dist/assets/post-finishing-current-read-model-D4QqHHZP.js                19.77 kB │ gzip:   5.53 kB
dist/assets/stage-display-CG5RS9OB.js                                    19.84 kB │ gzip:   7.01 kB
dist/assets/pda-warehouse-inbound-records-Dq8uZ8NH.js                    19.84 kB │ gzip:   5.76 kB
dist/assets/factory-sample-verification-flow-iQO82o4K.js                 19.86 kB │ gzip:   4.87 kB
dist/assets/index-hnh88Ngq.js                                            20.21 kB │ gzip:   5.22 kB
dist/assets/audit-records-Drx-sBji.js                                    20.26 kB │ gzip:   6.61 kB
dist/assets/process-water-soluble-orders-CGSEo45T.js                     20.31 kB │ gzip:   6.35 kB
dist/assets/pda-warehouse-outbound-records-DCAAyjcf.js                   20.35 kB │ gzip:   5.99 kB
dist/assets/material-process-plans-BSzHfD1L.js                           20.43 kB │ gzip:   7.54 kB
dist/assets/task-orders-CNin-pho.js                                      20.53 kB │ gzip:   7.06 kB
dist/assets/overview.adapter-BEI9P1Y9.js                                 20.65 kB │ gzip:   6.53 kB
dist/assets/pcs-engineering-tech-pack-workspace-ztmVb7My.js              21.00 kB │ gzip:   7.29 kB
dist/assets/shared-seed-CGi2rQR7.js                                      21.01 kB │ gzip:   6.23 kB
dist/assets/material-purchase-tracking-D6ILcYDp.js                       21.02 kB │ gzip:   6.65 kB
dist/assets/events-eQxHFbGy.js                                           21.17 kB │ gzip:   6.55 kB
dist/assets/order-list-columns-m4ye2d-C.js                               21.20 kB │ gzip:   6.63 kB
dist/assets/pcs-testing-order-detail-DhhyIsQZ.js                         21.20 kB │ gzip:   6.17 kB
dist/assets/los-live-rooms-CPxLrj6l.js                                   21.23 kB │ gzip:   7.67 kB
dist/assets/pcs-engineering-master-view-model-C-Gce56m.js                21.39 kB │ gzip:   7.29 kB
dist/assets/suppliers-zLkReWpk.js                                        21.68 kB │ gzip:   6.93 kB
dist/assets/tmf-domain-shared-CsnEeaO8.js                                21.88 kB │ gzip:   8.26 kB
dist/assets/fei-ticket-numbering-C4gLRYlN.js                             22.19 kB │ gzip:   6.38 kB
dist/assets/deduction-analysis-MVhCR6T7.js                               22.22 kB │ gzip:   6.48 kB
dist/assets/routes-wls-Bsd5WwTf.js                                       22.31 kB │ gzip:   7.24 kB
dist/assets/warehouse-location-map-model-DshhyHbM.js                     22.51 kB │ gzip:   7.14 kB
dist/assets/subject-operations-DeiAbstq.js                               22.61 kB │ gzip:   7.01 kB
dist/assets/tasks-DiW8mUM4.js                                            22.71 kB │ gzip:   7.25 kB
dist/assets/work-order-detail-DP3gfJCw.js                                22.74 kB │ gzip:   7.31 kB
dist/assets/cut-piece-handover-KedMfUaE.js                               22.85 kB │ gzip:   7.39 kB
dist/assets/progress-statistics-linkage-Cn4GihF-.js                      22.86 kB │ gzip:   6.54 kB
dist/assets/qc-workbench-ctRF6ECE.js                                     22.94 kB │ gzip:   7.14 kB
dist/assets/recheck-orders-Z-KivYpE.js                                   23.09 kB │ gzip:   7.30 kB
dist/assets/cut-piece-returns-nxzF41d5.js                                23.13 kB │ gzip:   7.15 kB
dist/assets/purchase-suggestions-AGZCiG9t.js                             23.40 kB │ gzip:   7.33 kB
dist/assets/progress-cutting-overview-B1SYal4Q.js                        23.61 kB │ gzip:   5.66 kB
dist/assets/material-issue-CqaLcc74.js                                   23.62 kB │ gzip:   5.85 kB
dist/assets/print-preview-BpObPuIN.js                                    23.71 kB │ gzip:   8.06 kB
dist/assets/production-order-duration-Bxm6O02F.js                        24.09 kB │ gzip:   9.21 kB
dist/assets/dye-work-order-online-view-CgGiNebI.js                       24.15 kB │ gzip:   8.20 kB
dist/assets/quality-deduction-selectors-C8o7Yz-k.js                      24.26 kB │ gzip:   6.28 kB
dist/assets/material-statements-BBJiiIg2.js                              24.27 kB │ gzip:   6.66 kB
dist/assets/process-order-task-links-CJgKuFzA.js                         24.60 kB │ gzip:   6.82 kB
dist/assets/retired-process-history-BXLaA960.js                          24.75 kB │ gzip:   6.41 kB
dist/assets/dialogs-DndQKkNc.js                                          24.86 kB │ gzip:   6.14 kB
dist/assets/wls-fabric-demand-board-O3o2dKDX.js                          25.12 kB │ gzip:   6.88 kB
dist/assets/material-preparation-B42-Hb5w.js                             25.21 kB │ gzip:   8.79 kB
dist/assets/fcs-production-tech-pack-snapshot-DOGDcQmu.js                25.26 kB │ gzip:   6.43 kB
dist/assets/kol-demands-7I19mBsp.js                                      25.43 kB │ gzip:   7.39 kB
dist/assets/process-print-orders-BcAQlSPR.js                             25.44 kB │ gzip:   8.44 kB
dist/assets/reconciliations-DgkPsGSH.js                                  25.46 kB │ gzip:   6.79 kB
dist/assets/machine-associations-2qBNypVR.js                             25.49 kB │ gzip:   7.70 kB
dist/assets/process-dye-orders-C8IRMB1K.js                               25.61 kB │ gzip:   8.51 kB
dist/assets/pda-handlers-D1gSLM6F.js                                     25.64 kB │ gzip:   6.24 kB
dist/assets/qc-orders-DM_W19P7.js                                        25.76 kB │ gzip:   8.21 kB
dist/assets/marker-spreading-utils-D_j30nNZ.js                           26.71 kB │ gzip:   7.82 kB
dist/assets/simple-cut-piece-handover-ui-Cv7r0r6L.js                     26.92 kB │ gzip:  10.06 kB
dist/assets/warehouse-location-map-CQKqMY54.js                           27.06 kB │ gzip:   7.08 kB
dist/assets/pcs-config-workspace-repository-DhUblRVW.js                  27.14 kB │ gzip:  10.27 kB
dist/assets/pda-warehouse-wait-handover-287vI5QU.js                      27.31 kB │ gzip:   7.07 kB
dist/assets/progress-milestone-config-B2Jt5XTf.js                        27.46 kB │ gzip:   6.10 kB
dist/assets/pcs-pattern-library-detail-1hqe1Et2.js                       27.67 kB │ gzip:   6.59 kB
dist/assets/third-party-factory-rating-BAykFH3D.js                       28.00 kB │ gzip:   8.00 kB
dist/assets/pda-wool-fact-execution-DzM2NU6R.js                          28.02 kB │ gzip:   9.35 kB
dist/assets/sample-approval-suggestions-XzWctEci.js                      28.14 kB │ gzip:   8.81 kB
dist/assets/sample-warehouse-Th2YYqN3.js                                 28.31 kB │ gzip:   7.30 kB
dist/assets/print-styles-BjQBw8jj.js                                     28.31 kB │ gzip:   4.01 kB
dist/assets/factory-status-DLHd4RLK.js                                   28.43 kB │ gzip:   6.02 kB
dist/assets/pcs-engineering-master-list-fhX2K5lg.js                      28.85 kB │ gzip:  10.06 kB
dist/assets/marker-plan-source-model-Dyk6ToyD.js                         28.93 kB │ gzip:   8.49 kB
dist/assets/source-document-detail-BuQ59_xF.js                           28.93 kB │ gzip:  10.79 kB
dist/assets/commands-C_pnH8Vb.js                                         29.05 kB │ gzip:   8.24 kB
dist/assets/pcs-engineering-master-detail-7XJ74brp.js                    29.21 kB │ gzip:   8.61 kB
dist/assets/warehouse-mh5KpVMj.js                                        29.61 kB │ gzip:  10.00 kB
dist/assets/logistics-reconciliations-CqZBI8vI.js                        30.08 kB │ gzip:   9.29 kB
dist/assets/pcs-technical-data-Uvs8Xxwg.js                               30.41 kB │ gzip:   8.31 kB
dist/assets/production-order-progress-tracking-CspTfCnO.js               30.43 kB │ gzip:  10.22 kB
dist/assets/material-reconciliations-BxMEso2z.js                         30.48 kB │ gzip:   9.28 kB
dist/assets/progress-cutting-exception-center-6zoucsgd.js                30.68 kB │ gzip:   7.12 kB
dist/assets/replacement-fabric-fei-tickets-qocpX3gF.js                   31.15 kB │ gzip:  10.66 kB
dist/assets/capability-CojhN8QD.js                                       31.65 kB │ gzip:   6.70 kB
dist/assets/material-archives-DaMxbqmC.js                                31.86 kB │ gzip:   7.87 kB
dist/assets/handover-orders-DydujpVr.js                                  32.23 kB │ gzip:   9.13 kB
dist/assets/factory-performance-BGBLCMyT.js                              32.31 kB │ gzip:   6.74 kB
dist/assets/dialogs-C-PDW6UD.js                                          32.71 kB │ gzip:   9.86 kB
dist/assets/task-detail-C4eN0mmN.js                                      32.81 kB │ gzip:   9.72 kB
dist/assets/garment-spu-replacements-C8vlh4TW.js                         33.03 kB │ gzip:   9.38 kB
dist/assets/effective-task-assignments-C77OsMLA.js                       33.04 kB │ gzip:  11.00 kB
dist/assets/process-warehouse-domain-CzkLHJcL.js                         33.18 kB │ gzip:   7.58 kB
dist/assets/pcs-tech-pack-bootstrap-Cp40_dFt.js                          33.31 kB │ gzip:   8.49 kB
dist/assets/cut-piece-return-domain-CEplVOWO.js                          33.37 kB │ gzip:   9.90 kB
dist/assets/store-domain-settlement-seeds-CakTTpYK.js                    33.72 kB │ gzip:   9.01 kB
dist/assets/pcs-pattern-library-BDf2Xj6z.js                              33.73 kB │ gzip:   7.66 kB
dist/assets/warehouse-runtime-D0mUiD6a.js                                33.79 kB │ gzip:   8.66 kB
dist/assets/pda-shell-DbiQKqgZ.js                                        33.93 kB │ gzip:   9.06 kB
dist/assets/early-process-management-BmqrgICK.js                         34.61 kB │ gzip:   8.76 kB
dist/assets/dispatch-acceptance-sla-Cv2ff-IQ.js                          34.99 kB │ gzip:   7.91 kB
dist/assets/material-purchase-orders-D2kQgOel.js                         35.06 kB │ gzip:  11.30 kB
dist/assets/stage-orders-C4StHWRT.js                                     35.21 kB │ gzip:  10.90 kB
dist/assets/pda-post-finishing-flow-DGZ0n3zC.js                          35.50 kB │ gzip:   9.59 kB
dist/assets/supplier-confirmations-D_SqeZZP.js                           36.00 kB │ gzip:   9.76 kB
dist/assets/stage-order-detail-CNxX6CYE.js                               36.01 kB │ gzip:  10.62 kB
dist/assets/pda-warehouse-stocktake-DMGCxqSr.js                          36.20 kB │ gzip:   9.33 kB
dist/assets/pda-cutting-inbound-C0kqW0Go.js                              36.25 kB │ gzip:  11.15 kB
dist/assets/pda-cutting-handover-BK_oO-3P.js                             36.47 kB │ gzip:  11.26 kB
dist/assets/work-orders-BlNqRKHI.js                                      36.52 kB │ gzip:  12.34 kB
dist/assets/pending-receipts-DhIxpScY.js                                 36.78 kB │ gzip:  11.25 kB
dist/assets/pcs-pattern-library-create-BqcoT6If.js                       37.00 kB │ gzip:   8.66 kB
dist/assets/production-context-records-BdG52Mb3.js                       37.05 kB │ gzip:  13.06 kB
dist/assets/work-order-detail-CT9oFuXu.js                                37.06 kB │ gzip:  10.24 kB
dist/assets/material-inventory-yjA0SdRJ.js                               37.31 kB │ gzip:   9.26 kB
dist/assets/water-soluble-orders-VimqjPhv.js                             37.37 kB │ gzip:  11.39 kB
dist/assets/pda-task-receive-detail-D4d7zu7X.js                          37.40 kB │ gzip:   9.27 kB
dist/assets/third-party-factory-comprehensive-assessment-BvzMDBMs.js     37.47 kB │ gzip:  11.05 kB
dist/assets/work-order-detail-C9FWsoGA.js                                37.63 kB │ gzip:  10.30 kB
dist/assets/first-leg-logistics-CMyTwich.js                              37.82 kB │ gzip:  10.19 kB
dist/assets/product-purchase-orders-Bdp0pXPE.js                          38.01 kB │ gzip:   9.33 kB
dist/assets/wait-handover-runtime-Dq9W8DP1.js                            38.06 kB │ gzip:  10.72 kB
dist/assets/pcs-part-template-library-Buo_sezk.js                        38.07 kB │ gzip:  13.44 kB
dist/assets/cutting-statistics-ab-material-Ddj-LRv7.js                   38.13 kB │ gzip:   8.63 kB
dist/assets/store-domain-quality-bootstrap-D-pP1bO2.js                   38.24 kB │ gzip:   5.39 kB
dist/assets/first-leg-carriers-etBtzxA9.js                               38.27 kB │ gzip:  10.22 kB
dist/assets/special-processes-CtagDD4K.js                                38.78 kB │ gzip:  10.19 kB
dist/assets/pda-quality-DN0TFQBU.js                                      39.09 kB │ gzip:  10.46 kB
dist/assets/payment-requests-C0JS8B4U.js                                 39.18 kB │ gzip:  10.33 kB
dist/assets/warehouse-BMY8ZFaQ.js                                        39.60 kB │ gzip:  11.37 kB
dist/assets/semi-finished-orders-6xhg_dIm.js                             39.65 kB │ gzip:  12.10 kB
dist/assets/pda-cutting-transfer-bag-repack-C-6Dvlik.js                  40.03 kB │ gzip:  11.48 kB
dist/assets/first-leg-shipments-Bzyfqehf.js                              40.79 kB │ gzip:  10.21 kB
dist/assets/fcs-handlers-G8pvpQAV.js                                     42.66 kB │ gzip:  12.73 kB
dist/assets/pending-receipts-CEwp-JSq.js                                 43.29 kB │ gzip:  15.59 kB
dist/assets/label-print-template-BTBWwfIY.js                             43.43 kB │ gzip:  12.31 kB
dist/assets/lace-factory-domain-E69dJw3K.js                              44.40 kB │ gzip:  11.20 kB
dist/assets/warehouse-D4s3otmt.js                                        44.72 kB │ gzip:  11.42 kB
dist/assets/factory-receiving-C6v_nVAO.js                                45.23 kB │ gzip:  15.39 kB
dist/assets/cutting-summary-7JpTeBlh.js                                  45.72 kB │ gzip:  12.18 kB
dist/assets/engineering-file-upload-0-xP7szp.js                          46.77 kB │ gzip:  14.46 kB
dist/assets/demand-domain-DfgYfPsa.js                                    47.17 kB │ gzip:  10.94 kB
dist/assets/batches-O8SHfA0s.js                                          47.44 kB │ gzip:  10.29 kB
dist/assets/handover-orders-DkoPmL9d.js                                  47.47 kB │ gzip:   9.30 kB
dist/assets/warehouse-HoktJBbN.js                                        47.74 kB │ gzip:  11.41 kB
dist/assets/settlement-linked-mock-factory-CdoobhiH.js                   47.83 kB │ gzip:  14.54 kB
dist/assets/pcs-record-core-CC7jKHmv.js                                  48.27 kB │ gzip:  16.16 kB
dist/assets/dyeing-DNgKWodm.js                                           48.99 kB │ gzip:  10.87 kB
dist/assets/printing-7zKd4ODh.js                                         48.99 kB │ gzip:  10.87 kB
dist/assets/other-CdPibx4l.js                                            49.00 kB │ gzip:  10.89 kB
dist/assets/sewing-DnrAfOFf.js                                           50.02 kB │ gzip:  11.22 kB
dist/assets/dispatch-tenders-D8_kp-1E.js                                 50.08 kB │ gzip:  13.38 kB
dist/assets/progress-material-DuL5EHTe.js                                50.24 kB │ gzip:  10.03 kB
dist/assets/pda-onboarding-Diu5I_xq.js                                   50.59 kB │ gzip:  10.82 kB
dist/assets/pda-task-receive-BcyZoduR.js                                 50.60 kB │ gzip:  12.70 kB
dist/assets/pda-cutting-execution-source-BVezDJqR.js                     50.74 kB │ gzip:  13.75 kB
dist/assets/pcs-config-workspace-BvZvPzgL.js                             51.20 kB │ gzip:  17.87 kB
dist/assets/pcs-channel-stores-BaD8kOns.js                               51.35 kB │ gzip:  14.96 kB
dist/assets/marker-plan-model-B7P41lPr.js                                51.82 kB │ gzip:  14.83 kB
dist/assets/work-order-detail-CCxyh7Pz.js                                52.61 kB │ gzip:  16.45 kB
dist/assets/pda-handover-CJ53H3gN.js                                     53.13 kB │ gzip:  14.22 kB
dist/assets/store-domain-progress-DsJkkvH4.js                            53.17 kB │ gzip:  11.81 kB
dist/assets/detail-domain-BF-mwj7Y.js                                    53.42 kB │ gzip:  11.87 kB
dist/assets/pcs-part-template-library-CDJC3zM1.js                        53.80 kB │ gzip:  11.07 kB
dist/assets/material-purchase-orders-scHQ_LJr.js                         53.83 kB │ gzip:  16.34 kB
dist/assets/settlement-cutting-input-Ck2fraIs.js                         55.15 kB │ gzip:  11.71 kB
dist/assets/warehouse-location-map-XFqvXXwD.js                           56.96 kB │ gzip:  16.90 kB
dist/assets/marker-plan-occupancy-oeVukbub.js                            57.37 kB │ gzip:  16.10 kB
dist/assets/progress-urge-wh8Fc8-l.js                                    57.86 kB │ gzip:  12.04 kB
dist/assets/pda-cutting-spreading-Dc_QU4I1.js                            59.56 kB │ gzip:  14.28 kB
dist/assets/runtime-inputs-DVVdqv0X.js                                   59.81 kB │ gzip:  16.02 kB
dist/assets/wls-accessory-receipts-DVEiURV1.js                           59.98 kB │ gzip:  15.50 kB
dist/assets/factory-profile-DXP0VvLU.js                                  61.17 kB │ gzip:  14.04 kB
dist/assets/cut-piece-release-CLLaX0SL.js                                61.62 kB │ gzip:  16.48 kB
dist/assets/pda-settlement-7OB7ANzp.js                                   61.77 kB │ gzip:  14.31 kB
dist/assets/pickup-management-list-ZpDoJ8C6.js                           63.10 kB │ gzip:  17.80 kB
dist/assets/special-craft-fei-ticket-flow-CLd_ABPG.js                    63.37 kB │ gzip:  14.38 kB
dist/assets/cutting-CVdyJy47.js                                          64.33 kB │ gzip:  13.62 kB
dist/assets/progress-handover-DXlFIBzA.js                                65.43 kB │ gzip:  14.24 kB
dist/assets/pcs-channel-products-B3dlTm7T.js                             66.90 kB │ gzip:  22.23 kB
dist/assets/production-object-overview-C9iaXRlv.js                       67.61 kB │ gzip:  14.25 kB
dist/assets/output-documents-DPxrWJuk.js                                 68.63 kB │ gzip:  23.72 kB
dist/assets/core-BNXw-voT.js                                             69.24 kB │ gzip:  13.07 kB
dist/assets/cutting-daily-production-report-BIvnD_uP.js                  69.74 kB │ gzip:  19.76 kB
dist/assets/pda-exec-DCjgLqT2.js                                         69.84 kB │ gzip:  16.25 kB
dist/assets/context-C3l6twKk.js                                          70.19 kB │ gzip:  21.60 kB
dist/assets/sewing-dispatch-31BY8LJE.js                                  70.50 kB │ gzip:  18.48 kB
dist/assets/production-object-overview-DgLANp05.js                       71.90 kB │ gzip:  16.79 kB
dist/assets/progress-exceptions-DVGmt0Q5.js                              71.95 kB │ gzip:  13.95 kB
dist/assets/qc-records-Bqj1W-jF.js                                       72.70 kB │ gzip:  16.61 kB
dist/assets/pcs-product-archives-DecdZJxP.js                             73.23 kB │ gzip:  24.47 kB
dist/assets/pcs-engineering-tasks-DH4msW7E.js                            73.25 kB │ gzip:  17.52 kB
dist/assets/wait-handover-actions-Ci6DFhqF.js                            73.67 kB │ gzip:  18.85 kB
dist/assets/pcs-sample-management-Cm56tPI5.js                            74.15 kB │ gzip:  18.43 kB
dist/assets/factory-onboarding-BfxJ5zAY.js                               75.30 kB │ gzip:  12.70 kB
dist/assets/orders-domain-cpx7csBO.js                                    76.35 kB │ gzip:  16.91 kB
dist/assets/dialogs-BmrBchhB.js                                          76.54 kB │ gzip:  18.95 kB
dist/assets/settlement-BNvwCz23.js                                       76.58 kB │ gzip:  11.98 kB
dist/assets/runtime-projections-Cr6JBJXC.js                              78.06 kB │ gzip:  18.45 kB
dist/assets/process-action-writeback-service-DIRJn5-c.js                 78.21 kB │ gzip:  17.89 kB
dist/assets/pda-handover-detail-yGIWVfCg.js                              78.22 kB │ gzip:  19.39 kB
dist/assets/transfer-bag-operations-Bkx-AWEt.js                          78.68 kB │ gzip:  19.51 kB
dist/assets/transfer-bags-BlEct9rz.js                                    80.19 kB │ gzip:  20.89 kB
dist/assets/routes-fcs-DjFOajpl.js                                       80.69 kB │ gzip:  15.38 kB
dist/assets/production-progress-DV0KeWOV.js                              82.26 kB │ gzip:  21.01 kB
dist/assets/production-DqTvpE9N.js                                       85.20 kB │ gzip:  18.44 kB
dist/assets/pda-warehouse-wait-process-Ccgx4YYi.js                       89.02 kB │ gzip:  21.80 kB
dist/assets/events-CgtzfbBn.js                                           90.52 kB │ gzip:  22.36 kB
dist/assets/factory-onboarding-flow-Ba1zGih3.js                          90.64 kB │ gzip:  23.34 kB
dist/assets/production-tech-pack-change-domain-DpComLe3.js               91.44 kB │ gzip:  24.08 kB
dist/assets/dispatch-B6y7Oh6f.js                                         92.70 kB │ gzip:  28.26 kB
dist/assets/cut-orders-pXGqbTqc.js                                       96.33 kB │ gzip:  25.06 kB
dist/assets/post-finishing-full-flow-BoHSqciR.js                        105.34 kB │ gzip:  27.31 kB
dist/assets/index-CDH28WvV.js                                           109.46 kB │ gzip:  39.85 kB
dist/assets/pcs-material-archive-detail-fAXZwru9.js                     110.75 kB │ gzip:  36.82 kB
dist/assets/pcs-independent-sampling-IGY90PQ2.js                        112.09 kB │ gzip:  30.97 kB
dist/assets/supplement-management-C5RyHxjz.js                           114.76 kB │ gzip:  30.58 kB
dist/assets/transfer-bag-return-model-DognBl-y.js                       115.39 kB │ gzip:  27.29 kB
dist/assets/statements-D-Gu1oOJ.js                                      121.16 kB │ gzip:  25.13 kB
dist/assets/events-DGp4xhlo.js                                          122.84 kB │ gzip:  31.83 kB
dist/assets/unified-dispatch-workbench-DdatdkVg.js                      123.09 kB │ gzip:  34.72 kB
dist/assets/tmf-material-purchases-CXSkJfrP.js                          124.53 kB │ gzip:  32.37 kB
dist/assets/special-craft-task-orders-2kC9hLYl.js                       126.85 kB │ gzip:  33.61 kB
dist/assets/quality-deduction-repository-CbO6undH.js                    136.80 kB │ gzip:  26.67 kB
dist/assets/production-timeliness-Davf1Uyk.js                           141.96 kB │ gzip:  47.15 kB
dist/assets/warehouse-hub-CnUS8M1W.js                                   142.34 kB │ gzip:  36.02 kB
dist/assets/generated-fei-tickets-G8x7szEf.js                           142.98 kB │ gzip:  36.19 kB
dist/assets/preparation-timing-CxJ3wM_q.js                              146.52 kB │ gzip:  34.62 kB
dist/assets/marker-plan-Bt1pP4DZ.js                                     152.41 kB │ gzip:  36.37 kB
dist/assets/marker-spreading-CKRPiAn8.js                                156.25 kB │ gzip:  38.58 kB
dist/assets/return-inbound-C-RkMg8g.js                                  162.41 kB │ gzip:  28.14 kB
dist/assets/app-shared-Cn0TuGWF.js                                      163.18 kB │ gzip:  40.35 kB
dist/assets/fei-tickets-D41_jn3N.js                                     198.92 kB │ gzip:  44.69 kB
dist/assets/pcs-pattern-library-DpfpSiCZ.js                             205.34 kB │ gzip:  45.56 kB
dist/assets/index--GzcKvNw.js                                           210.12 kB │ gzip:  66.49 kB
dist/assets/print-template-registry-mv1JCUQz.js                         213.15 kB │ gzip:  55.21 kB
dist/assets/index-imm39fIJ.js                                           218.55 kB │ gzip:  48.74 kB
dist/assets/pda-exec-detail-7oFtzYAM.js                                 250.00 kB │ gzip:  58.32 kB
dist/assets/process-domain-BqjjATLK.js                                  275.82 kB │ gzip:  60.69 kB
dist/assets/process-tasks-hrysj9Ii.js                                   326.34 kB │ gzip:  90.48 kB
dist/assets/production-orders-DH46PUlv.js                               488.83 kB │ gzip:  47.14 kB
dist/assets/pda-BshCJ7sr.js                                             505.21 kB │ gzip:  83.25 kB
dist/assets/pcs-tech-pack-review-CtxNkGT6.js                            704.20 kB │ gzip: 190.84 kB
dist/assets/material-ledger-C4dDZ32i.js                                 879.67 kB │ gzip: 223.23 kB
dist/assets/production-source-shared-B6uo2G_h.js                      1,897.87 kB │ gzip: 216.53 kB

(!) Some chunks are larger than 550 kB after minification. Consider:
- Using dynamic import() to code-split the application
- Use build.rollupOptions.output.manualChunks to improve chunking: https://rollupjs.org/configuration-options/#output-manualchunks
- Adjust chunk size limit for this warning via build.chunkSizeWarningLimit.
✓ built in 11.42s
