
> higoods-vanilla-clone@1.0.0 build
> npm run typecheck:engineering && npm test && vite build


> higoods-vanilla-clone@1.0.0 typecheck:engineering
> npm run typecheck:entrypoints && npm run typecheck:scopes


> higoods-vanilla-clone@1.0.0 typecheck:entrypoints
> tsc --project tsconfig.engineering.json


> higoods-vanilla-clone@1.0.0 typecheck:scopes
> node scripts/check-typescript-scope.mjs src/domain/ src/components/ui/ src/state/

TypeScript 全量既有错误：3
本次渐进检查范围：src/domain/、src/components/ui/、src/state/
范围内错误：0
范围外既有错误保留在全量 typecheck 中继续分批治理。

> higoods-vanilla-clone@1.0.0 test
> npm run test:unit


> higoods-vanilla-clone@1.0.0 test:unit
> node --import tsx --test tests/unit/*.test.ts

✔ 浏览器存储封装保持读写删除语义 (0.385125ms)
✔ 浏览器存储不可用或抛错时保持静默降级 (0.105917ms)
(node:16140) ExperimentalWarning: localStorage is not available because --localstorage-file was not provided.
(Use `node --trace-warnings ...` to show where the warning was created)
✔ 独立裁剪整任务改派保留数量和执行历史，旧有效分配失效，新范围唯一 (91.234792ms)
✔ 裁床改派回原工厂且回填同一业务日期，不复用旧票范围；普通审计不改身份 (0.13425ms)
(node:16141) ExperimentalWarning: localStorage is not available because --localstorage-file was not provided.
(Use `node --trace-warnings ...` to show where the warning was created)
✔ 交出列表省略详情路线读取时保留全部输出字段 (454.756375ms)
(node:16142) ExperimentalWarning: localStorage is not available because --localstorage-file was not provided.
(Use `node --trace-warnings ...` to show where the warning was created)
✔ MIG-001/002/006: management entry and handlers belong to FCS; PFOS keeps execution (3.006375ms)
✔ MIG-003/007: prep and execution read the same early order identities, quantities and match status (848.283417ms)
✔ MIG-004/009: migrated dialogs retain candidate fields, actual material image and task outputs (0.921125ms)
✔ MIG-011: management and execution use the same seven business display columns (12.450208ms)
✔ MIG-007: early dye/print creation and cancellation survive reload (3238.616084ms)
✔ BOM working-copy write failure preserves prior state; retry succeeds (190.777375ms)
✔ existing production preparation data does not trigger demo writes on entry (1923.946042ms)
✔ rollback of an unchanged saved BOM does not perform another failing write (48.775167ms)
✔ BOM dictionary preserves old JSON and all snapshot values without mutating input (19.502917ms)
✔ BOM dictionary rejects missing references instead of replacing data silently (0.645042ms)
(node:16148) ExperimentalWarning: localStorage is not available because --localstorage-file was not provided.
(Use `node --trace-warnings ...` to show where the warning was created)
✔ PDA顶栏计数与实际完整待办相同，覆盖各任务工厂及管理员/员工角色 (2283.04625ms)
✔ 解析带标签、小数和空格的长度数量 (0.990041ms)
✔ 解析卷数并对不合法文本返回 0 (0.284625ms)
✔ 证据文件标识把连续空白收口为单个连字符 (0.321042ms)
(node:16151) ExperimentalWarning: localStorage is not available because --localstorage-file was not provided.
(Use `node --trace-warnings ...` to show where the warning was created)
✔ 设计改款可成批生成染色和印花加工单，且完整投影来源与上下游 (1193.894875ms)
✔ 设计改款加工单生成幂等，重复请求不增加单据 (86.016958ms)
✔ 同一设计改款任务的不同颜色和 BOM 行分别生成加工单 (140.939667ms)
✔ 成批提交失败时染色与印花加工单一起回滚 (29.458042ms)
✔ 设计改款来源缺关键引用或来源未知时必须阻断 (0.209083ms)
(node:16152) ExperimentalWarning: localStorage is not available because --localstorage-file was not provided.
(Use `node --trace-warnings ...` to show where the warning was created)
✔ 设计改款染后印花必须先分配印花厂，染色交出不能误送中央工厂 (404.21525ms)
✔ 仅染与仅印分别创建一张加工单和一条仓库首道调拨计划 (30.411125ms)
✔ 辅料染色单创建后已有辅料仓调拨计划，分厂时自动落实原单但不冒充实发 (13.385792ms)
✔ 历史双工艺加工单仍可追溯原有染印交接 (517.30775ms)
✔ 先染后印目标 SKU 创建两段加工单，印花只接收本行染后物料而不能跳过染色 (2312.370625ms)
✔ 单独印花 SKU 从仓库发印厂并完成样衣归档 (1830.744458ms)
✔ 印花实际交出生成中央工厂待接收原单，实收回写原交接并允许完成加工单 (530.332666ms)
✔ 专业成果没有真实附件时保持未绑定 (10.538833ms)
(node:16154) ExperimentalWarning: localStorage is not available because --localstorage-file was not provided.
(Use `node --trace-warnings ...` to show where the warning was created)
✔ 可打印不等于可建交出单，必须完成真实标签打印 (0.521583ms)
✔ 卷规格无效时不可建交出单，且不改变原可打印判定语义 (0.075834ms)
✔ 人工完成印花加工单不再自动填充操作人 (247.967125ms)
(node:16156) ExperimentalWarning: localStorage is not available because --localstorage-file was not provided.
(Use `node --trace-warnings ...` to show where the warning was created)
✔ 非 KOL PDA 导入不生成 KOL 领交料；首次 KOL 访问生成完整且幂等的演示记录 (215.162792ms)
✔ PDA 单任务读取保持普通任务、测试工厂与 KOL 任务内容和查找优先级 (4.895292ms)
(node:16159) ExperimentalWarning: localStorage is not available because --localstorage-file was not provided.
(Use `node --trace-warnings ...` to show where the warning was created)
✔ 可编辑的演示唛架保存后优先读取用户记录，刷新不恢复原备注和状态 (1038.488292ms)
✔ 日报窗口含截止日7天，重点日均独立使用前6天 (1.207416ms)
✔ 未知采购不填0，未BOM不输出完整确定订单需求 (0.192417ms)
✔ 突变必须绝对量与比例同时达到阈值 (0.323625ms)
✔ 截止日突变示例与未完结日不判定 (0.0685ms)
✔ 共享商品按SPU去重而不按关联行累加销量 (0.738709ms)
✔ 预选不产生确定用料；BOM需求保留物料归属 (0.170625ms)
✔ 同料BOM优先于预选，不重复关系及需量 (0.075292ms)
✔ 两个业务页具有独立容器、标准分页与证据边界 (32.421333ms)
✔ 未进入物料页面时 bridge 不加载业务；加载失败重试后首次渲染即已注册 (3.652625ms)
✔ click 分组顺序、短路、选择器范围保持原行为，重新注册替换旧处理器 (1.140208ms)
✔ 备料写入守卫读取实时角色与水位，阻断时不调用业务处理器 (0.902833ms)
✔ input/change/keyboard 原入口、筛选范围和 change 优先级完整保留 (0.724166ms)
✔ health groups are exhaustive and mutually exclusive in demo (0.9255ms)
✔ coverage and baseline use same inventory plus transit but distinct demand windows (0.079083ms)
✔ zero demand is unavailable rather than infinity and huge finite quotient stays finite (0.103666ms)
✔ date selects different consistent snapshot (0.099208ms)
✔ threshold changes alter classification without changing facts (0.072375ms)
✔ health view carries core P1 business sections and mock caveat (19.7255ms)
✔ AT16 rules do not substitute brand, size or packaging method (0.902667ms)
✔ AT24 equal priority conflict blocks resolution and identifies rules (0.983166ms)
✔ higher explicit priority resolves a lower priority overlap (0.14675ms)
✔ plans distinguish garments and parcels and add loss once (0.457041ms)
✔ AT18 white pendant stock only allocated once (0.201208ms)
✔ event duplicate and old revision do not add consumption; reprints are activity only (0.351333ms)
✔ conflicting same revision fails instead of silently choosing a payload (0.250583ms)
✔ AT17/19/20 panel states unresolved ASAYA, independent kit80 and unknown ribbon (0.374542ms)
✔ trigger distinct from target, existing supply produces explainable zero (0.695542ms)
✔ missing mapping or usage and incompatible raw unit block unsafe generation (0.3875ms)
✔ generation reserves remaining once and shared raw pool across target rules (1.470583ms)
✔ production does not increase stock; actual SKU and output bound partial receipts (0.31125ms)
✔ cancelled suggestion releases commitment and raw allocation (0.17475ms)
✔ AT05 committed greige is not available for a second allocation (0.551333ms)
✔ AT06 partial receipt reduces expected supply; checking and qualified never duplicate (0.334708ms)
✔ AT07 unmapped target preserves quantities but gives no target coverage (0.084875ms)
✔ §7.2 loss reduces future supply; rejected receipts never become usable (0.056667ms)
✔ §7.3 unit/yield/route and conservation gaps block deterministic supply (0.09725ms)
✔ §7.3 candidate comparison reports remaining shortage and respects arrival deadline (0.929041ms)
✔ §7.3 zero gap stays zero and nonfinite inputs cannot produce advice (0.189ms)
✔ panel uses owned local handlers and discloses mock and missing images (2.881709ms)
✔ P2 coefficients and coverage exclude transit (7.580208ms)
✔ P2 coverage buckets have exclusive shared boundaries (0.545917ms)
✔ P2 partial receipts and completed batches count remaining only (0.069667ms)
✔ P2 latest overdue selected only if no future batch; today included (0.064167ms)
✔ P2 search transit and ETA filters compose (0.126917ms)
✔ P2 zero demand and missing BOM preserve distinct nulls; micro demand excluded (0.062334ms)
✔ P2 standard table renders and limits initial rows to first page (6.541042ms)
✔ AT01/02 internal reservation stays in coverage while external reservation is deducted (19.685792ms)
✔ AT03 quality segments are not usable (0.415708ms)
✔ AT04 partial receipt leaves remaining supply only (0.44975ms)
✔ AT08/38 late supply never erases earlier shortage (0.369125ms)
✔ AT09 intermediate deficit determines net need rather than positive closing balance (0.504792ms)
✔ AT10 MOQ and pack rounding, zero stays zero (0.325875ms)
✔ AT11 horizon begins at cutoff and is not expanded by lead time (0.412041ms)
✔ AT12 forecast covered by confirmed demand is excluded before coefficient (0.440792ms)
✔ AT13 no demand has no numeric coverage (0.274167ms)
✔ AT14 cancelling demand does not change stock (0.383875ms)
✔ AT15 latest event revision only (1.084542ms)
✔ AT16/17 directory preserves bag sizes and ASAYA duplicated input is one unresolved SKU (0.135875ms)
✔ AT18 three brands draw from one shared pool (0.204875ms)
✔ AT19/20 kit capacity respects minimum and missing conversion (0.063167ms)
✔ AT21 inactive/unusable stock remains physically visible (0.099583ms)
✔ AT23 affected order identifiers are unique (0.090209ms)
✔ AT25/26 draft does not mutate active and invalidates trial (0.061208ms)
✔ AT26/28 publish requires role and exact trial; history retained (0.195541ms)
✔ AT31 risk cannot close with remaining shortage or skip verification (0.172791ms)
✔ AT37 invalid dates, unknown timezone, bad numeric values rejected (0.093292ms)
✔ duplicate supply chain does not double count and blocks deterministic advice (0.09025ms)
✔ warehouse catalogue includes 17 locations and two garment warehouses (0.04625ms)
✔ candidate comparison retains pre-arrival risk (0.306959ms)
✔ SKU-specific policy wins and duplicate rules block publish (0.1445ms)
(node:16170) ExperimentalWarning: localStorage is not available because --localstorage-file was not provided.
(Use `node --trace-warnings ...` to show where the warning was created)
✔ 逐票与逐打印任务保持原结构，变更一条只保存一条 (1.598084ms)
✔ 草稿按原映射键保存；手工票与操作记录分离，删除票保留审计 (0.255375ms)
✔ 拒绝损坏JSON且不冒充空数据 (0.128208ms)
✔ 拒绝空字符串且不冒充空数据 (0.05375ms)
✔ 拒绝错误根且不冒充空数据 (0.044542ms)
✔ 拒绝重复票号身份且不冒充空数据 (0.042417ms)
✔ 拒绝缺少票号且不冒充空数据 (0.043583ms)
✔ 拒绝错误状态且不冒充空数据 (0.042541ms)
✔ 拒绝打印关联缺失且不冒充空数据 (0.04675ms)
✔ 拒绝草稿身份缺失且不冒充空数据 (0.084583ms)
✔ 拒绝手工日志缺失且不冒充空数据 (0.121542ms)
✔ 拒绝手工二维码缺失且不冒充空数据 (0.064667ms)
✔ 已保存实体与备份身份校验，不接受伪造集合或迁移元数据 (0.525125ms)
✔ 袋账派生绑定锁，无需持久化派生票快照；关闭周转解除旧快照锁 (1138.284083ms)
✔ 唛架来源和铺布单逐实体保存，保留卷明细、层序及来源引用 (0.284791ms)
✔ 指定保存对象不复制重复静态唛架，也不覆盖其他已保存铺布单 (0.255959ms)
✔ 旧袋账按实体保留绑定与历史，局部动作不复制静态袋档案 (1.753458ms)
✔ 专用打印来源保留原票身份、数量、状态、袋锁及打印对象，不查询全量PDA与库存摘要 (1333.507042ms)
✔ 实际输出首打保持原身份与数量；动态与普通来源均可打印，失效来源阻断，重复首打不新增 (96.332833ms)
✔ 唛架引用读取失败明确阻断，不将迁移或读取错误伪装成空铺布来源 (1.019875ms)
✔ 用户唛架方案逐ID迁移保留床次和占用，修改一张不重写其它方案 (0.532833ms)
✔ PDA及手工票专用唛架定义与原完整投影等价，保留床次、数量和可铺布资格 (699.626ms)
✔ 裁床配料按真实生产单范围读取与全量结果逐字段相等，保留库存、领取、状态与任务链接 (484.507625ms)
✔ PDA铺布目标直接携带真实已保存铺布单的裁床与负责人，不另算整套列表 (360.285833ms)
✔ 铺布投影复用唛架定义仍保留已保存session的卷明细、裁床、负责人和实际裁剪数量 (494.705542ms)
✔ 路由标准化移除 query 与 hash，但不改动路径 (1.754917ms)
✔ 只匹配路由根或其子路径，不误匹配相似前缀 (0.261834ms)
✔ 可在多个合法根路径中匹配一个 (0.092166ms)
✔ 只把完整生产确认单打印路由识别为命中 (0.140625ms)
✔ 专业任务必须全部有效明细通过且保留成果与审核事实 (0.670125ms)
✔ 纸样名称或物料关联不能替代可读取原文件 (22.792083ms)
(node:16173) ExperimentalWarning: localStorage is not available because --localstorage-file was not provided.
(Use `node --trace-warnings ...` to show where the warning was created)
✔ 目标 SKU 的四种加工组合、前序实物和 BOM Q 均按已建档字段读取 (5.64025ms)
✔ 整单总量口径保存后仍按一次总量计算，不被样衣件数重复放大 (1895.194333ms)
✔ 一张设计改款 BOM 同时有 Yard 面料和 PCS 辅料时，各行独立计量且辅料无需加工调拨 (85.00225ms)
✔ 复用既有纸样与参照 BOM 的无印染任务可直接提交样衣并自动完成；复制只生成草稿 (1492.242166ms)
✔ 批量复制保留物料、费用和样衣安排为独立可编辑草稿，不生成工作 (176.559375ms)
✔ 单页创建同时保存物料、费用与样衣要求；失败不留下空任务 (85.708666ms)
✔ 加工按物料行及实际阶段执行：纯染行与先染后印行独立串联 (336.7665ms)
✔ 旧设计任务移除线下工作和依赖，保留加工单身份、样衣成果及原始输入 (1640.375542ms)
✔ 任务汇总排除未启用，待前置只列出未完成依赖，关闭单不继续催办 (2.126792ms)
✔ 筛选覆盖关键词、状态、跟单、待办、类型、团队和日期边界，统计范围一致 (0.968792ms)
✔ CSV包含全部匹配行和任务责任计划，不含操作列，特殊文字正确转义 (0.833792ms)
✔ 生产准备必须读取测款最终通过事实，保存时重新校验且失败不生成主单 (1647.825958ms)
✔ PATTERN_ARTWORK 多明细全部有效项通过才完成，同SKU不同要求不合并 (1.309958ms)
✔ COLOR_FABRIC 多明细全部有效项通过才完成，同SKU不同要求不合并 (0.09375ms)
✔ COLOR_YARN 多明细全部有效项通过才完成，同SKU不同要求不合并 (0.069083ms)
✔ 多辅料分单覆盖，第一张下单不足以完成，失效单不能提供覆盖 (0.252875ms)
✔ 专业列表业务字段查询与责任、来源、计划边界组合，未登记计划不误入日期结果 (0.80225ms)
(node:16186) ExperimentalWarning: localStorage is not available because --localstorage-file was not provided.
(Use `node --trace-warnings ...` to show where the warning was created)
✔ targeted PCS baseline reads return independent records without cloning unrelated collections (201.684084ms)
✔ PCS 前插多个新记录保留全部既有位置，重复保存不产生位置变化 (1.232334ms)
✔ PCS 单条置顶、居中插入、删除保持实际顺序且不移动其余记录 (0.124959ms)
✔ PCS 图片按款号和颜色固定，尺码不改变照片，未知对象没有随机图片 (0.776834ms)
✔ 历史 Mock 只替换登记的旧图，保留用户图片及未知款式 (1.073875ms)
✔ 后道 QC 来源 SKU 保留原身份和数量，五种颜色分别绑定对应实拍 (0.356125ms)
✔ 后道历史快照只迁移准确 SKU 的旧示意图，质检数量与用户图不变 (0.454417ms)
(node:16190) ExperimentalWarning: localStorage is not available because --localstorage-file was not provided.
(Use `node --trace-warnings ...` to show where the warning was created)
✔ SAMPLE-FIX-01–05/11: actual request→reserve→approve→pickup→return→receipt; stable own IDs and detached reads (1123.717083ms)
✔ SAMPLE-FIX-03/05: all invalid input blocks writes; cancellation/rejection frees only own reservation (633.317708ms)
✔ SAMPLE-FIX-08/09/11: cases and stocktake persist independently, cannot execute twice or masquerade as adjustment (587.346917ms)
(node:16193) ExperimentalWarning: localStorage is not available because --localstorage-file was not provided.
(Use `node --trace-warnings ...` to show where the warning was created)
✔ HG-001/002/004: SKU identity survives duplicate receipts, transfers and repeats; HG resolves SKU (324.088125ms)
✔ HG-005/006/008: printed data and bounded settings; no truncation, images or state writes (0.581458ms)
✔ HG-002/004 regression: older receipt without identities retains its first date; raw SKU is never HG (95.9545ms)
(node:16196) ExperimentalWarning: localStorage is not available because --localstorage-file was not provided.
(Use `node --trace-warnings ...` to show where the warning was created)
✔ SAMP-001–013 Mock: receipt → all SKU tags → live/home → production/factory/department/warehouse → marketing, with adversarial gates (1476.993417ms)
✔ SIMPLE-001/049: a saved simple archive cannot switch type to bypass capability boundaries (79.219667ms)
✔ SIMPLE-002/005/006/007/009/016: basic identity is readable normalized text, no technical template dependency; failed first SKU publishes nothing (24.830792ms)
✔ SIMPLE-008/017/039/041: parent and first SKU review together; new spec remains draft; approved wording correction retains ID/barcodes (10.101667ms)
✔ SIMPLE-029/030/033/034/035/036: packaging revisions preserve adopted quote, exact costs and null versus explicit zero (13.917833ms)
✔ SIMPLE-042/049: independent PMS archive preflight and forged process creation do not write (5.449042ms)
✔ SIMPLE-051/052: simple CSV has no technical IDs, auto root codes, read-only preview and atomic repeated specifications (31.306042ms)
✔ SIMPLE-019/042/056: legacy identity survives cleanup; direct orphan copy/archive cannot bypass guards (11.934292ms)
✔ SIMPLE-051/052/060: documented simple CSV limits reject whole oversized file before preparing groups (7.225334ms)
✔ SIMPLE-049/057: direct historical simple process asset and source-money cost mutation are read-only (17.769542ms)
✔ SIMPLE-019/036: new simple SKU legacy numeric defaults do not imply confirmed free costs; explicit standard zero remains valid (19.378291ms)
✔ SIMPLE-049/053: simple archives accept ordinary identification and specification files but reject new process roles (31.218584ms)
✔ SIMPLE-021/022: legacy identities project into simple classifications with no seed writes; new records have no template requirement (75.024416ms)
✔ SIMPLE-023/024: usage resolves actual subcategory identity, disabled category retains references and failure preserves source (6.360166ms)
✔ SIMPLE-025: actual box label, stable ID and historical aliases resolve owner SKU without crossing package types (21.851625ms)
✔ SIMPLE-021/022/023: simple category list/detail/edit render independently; professional template tabs remain (58.282583ms)
✔ SIMPLE-058: reviewed bag / cutting blade / white tape source mappings are consistent and user images are preserved (207.146625ms)
✔ SIMPLE-058: new static publication cannot overwrite user overlays or resurrect root / SKU deletion markers (3.981583ms)
(node:16227) ExperimentalWarning: localStorage is not available because --localstorage-file was not provided.
(Use `node --trace-warnings ...` to show where the warning was created)
✔ PDA 列表轻量摘要与详情的归属、数量、物料和下一步一致 (1319.167333ms)
(node:16228) ExperimentalWarning: localStorage is not available because --localstorage-file was not provided.
(Use `node --trace-warnings ...` to show where the warning was created)
✔ 按工厂投影不改变全能力、印花、染色、中央与裁片演示账号可见任务 (1337.703791ms)
(node:16231) ExperimentalWarning: localStorage is not available because --localstorage-file was not provided.
(Use `node --trace-warnings ...` to show where the warning was created)
✔ 接单工厂范围保留全量投影中本厂每个任务的身份、数量、状态及接单/中标结果 (4850.326375ms)
(node:16232) ExperimentalWarning: localStorage is not available because --localstorage-file was not provided.
(Use `node --trace-warnings ...` to show where the warning was created)
✔ PDA order/task link indexes preserve all full-index candidates without constructing unrelated material rows (1466.581708ms)
✔ ordinary sewing direct lookup keeps every field and factory permission from the complete canonical projection (910.975041ms)
✔ runtime sewing overrides and legacy/missing IDs retain the complete projection result (705.491041ms)
✔ one fresh read-only object snapshot preserves readiness, context and unknown references without refreshing per miss (572.606541ms)
✔ PDA handlers wait for part-ticket hydration, and the real detail is not mounted before both dependencies complete (50.173666ms)
✔ ordinary sewing detail leaves unrelated PMS initialization pending until a normal module entry (32.301ms)
✔ same-navigation sewing preload discovers actual bundle entries and static closure without evaluating modules (110.461625ms)
✔ preview compression includes the same sewing static chunks and retains existing assets without broad lazy-route output (9.129458ms)
(node:16234) ExperimentalWarning: localStorage is not available because --localstorage-file was not provided.
(Use `node --trace-warnings ...` to show where the warning was created)
✔ 中转袋交出与实际入仓使用同一浏览器本地业务时间，不把 UTC 当作本地时间 (59.853959ms)
[PMS_IDB_LOAD_FAILED] { message: '当前浏览器不支持 IndexedDB,PMS 业务数据无法持久化。' }
✔ 物流商新增字段保存回显并写入操作日志 (4.755625ms)
✔ 物流商数字字段非负校验与运输方式枚举校验 (0.358209ms)
✔ 渠道新增字段保存回显，条件计费字段按计费方式保留 (25.161834ms)
✔ 整柜渠道不要求新增计费字段，仍要求四箱型完整配置 (0.904ms)
✔ 渠道数字字段非负与时效区间校验 (0.167917ms)
✔ 头程批次聚合展示总箱数、总重量、总体积与转运天数 (0.601375ms)
✔ 工序链按保存顺序生效，合法工序集合固定，非法或重复工序被拒 (2.00875ms)
✔ 坯布 SKU 必填，坯布库存为 0 时调拨资格被拒，补足后恢复 (0.384833ms)
✔ 采购单按勾选 SKU 生成明细，数量与枚举非法被拒 (0.416208ms)
✔ 调拨单可选择调出仓库与调入目标，同步生成加工单号链 (0.938625ms)
✔ 批量刷新库存更新全部监控行与刷新时间并写日志 (0.251375ms)
✔ 手动添加监控 SKU 校验 SKU 必填与重复，添加后进入列表 (0.330667ms)
✔ 物料申报扩展字段保存回显，26 项特殊属性按数组保存 (2.200042ms)
✔ 报关扩展：法定第二计量单位与数值，不报关分支跳过必填校验 (0.192125ms)
✔ BOM 业务选项与价格/成本、工厂、布料字段保存回显 (0.693167ms)
✔ 主体经营 9 项成本明细加调整重算总成本，数据缺失提醒可消除 (0.444458ms)
✔ 供应商从草稿到启用遵循状态机，名称唯一 (2.185ms)
✔ 供货档案包装换算与快照版本 (0.239333ms)
✔ 物料全部有真实图片，采购补充信息可更新且不新增删除 (0.363667ms)
✔ 成衣与样衣 SKU 只读列表数据完整 (0.070958ms)
✔ 仓库同步更新时间，单位字典唯一且不可删除只可启停 (0.312917ms)
✔ BOM 用量可修改，说明可保存，发布后可生成面辅料需求 (1.535833ms)
[PMS_IDB_LOAD_FAILED] { message: '当前浏览器不支持 IndexedDB,PMS 业务数据无法持久化。' }
[PMS_IDB_UNAVAILABLE] put 跳过,数据仅保留在内存 { store: 'pmsMaterialPurchaseOrderDeltas', key: 'CGF-2026-0005' }
[PMS_IDB_UNAVAILABLE] put 跳过,数据仅保留在内存 { store: 'pmsMaterialPurchaseOrderDeltas', key: 'CGF-2026-0001' }
[PMS_IDB_UNAVAILABLE] put 跳过,数据仅保留在内存 { store: 'pmsMaterialPurchaseOrderDeltas', key: 'CGF-2026-0007' }
✔ 面辅料需求种子就绪且可按物料行下推采购单 (2.614334ms)
✔ 快递信息导入校验采购单存在、单号唯一、日期与数量合法 (0.519208ms)
✔ 国内签收、加入头程、状态推进与到仓自动签收 (1.028834ms)
✔ 供应商确认单需标签齐备，确认后回写采购单 (0.838167ms)
✔ 整柜渠道必须完整配置四个箱型，物流商可启停 (0.337417ms)
✔ 面辅料采购单可带原因关闭，关闭后不能再登记到货 (0.39325ms)
✔ 库存监控触发线与建议量公式，规则异常阻断建单 (6.580667ms)
✔ 建单数量不得超过建议量，调拨与采购资格分别阻断 (0.180459ms)
✔ 中转看板指标、分布与筛选跳转规则 (0.249542ms)
✔ 生产单校验与配料任务只读数据完整，系统设置结果为 8/6/10 (0.077625ms)
✔ 种子采购单按 SRM 生成器规律补齐单据级与明细级字段 (0.786375ms)
✔ 新建做货采购单保存采购专员、加急、首单、区域与明细字段并可回显 (5.093875ms)
✔ 未传新增字段时沿用默认值并保持既有命令兼容 (0.146ms)
✔ 采购专员必填、做货必须选区域、重量非负均抛出中文 PmsDomainError (0.324084ms)
✔ 编辑采购单保存新增字段并回显，非法输入被阻断 (1.069791ms)
✔ BOM 状态与 bomMatched 一致，未发布 BOM 的做货明细为未匹配 (0.310833ms)
✔ 行采购金额使用 roundPmsQty 且汇总等于逐行金额之和 (0.141209ms)
✔ 采购建议按缺口公式与折扣计算，并计入有效 KOL 申请 (0.738542ms)
✔ KOL 草稿与已驳回不计入建议缺口 (0.099667ms)
✔ 建议转采购单后写回已转数量与部分生成状态 (1.726875ms)
✔ 面辅料需求按 BOM 用量与损耗扣减库存和采购中 (0.558833ms)
✔ 重复生成、草稿采购单与非做货采购单均被阻断 (0.122458ms)
✔ KOL 单条超量需要二次确认，超过申请量直接阻断 (0.312292ms)
✔ 驳回 KOL 需求后不再计入建议缺口 (0.122083ms)
✔ 关闭采购单必须填写原因且已关闭不可重复关闭 (0.167625ms)
[PMS_IDB_LOAD_FAILED] { message: '当前浏览器不支持 IndexedDB,PMS 业务数据无法持久化。' }
[PMS_IDB_SAVE_FAILED] 创建请款单 IDB 写入失败 {
  requestNo: 'PAY-M-2026-0006',
  message: '当前浏览器不支持 IndexedDB,PMS 业务数据无法持久化。',
  degraded: 'memory-only'
}
[PMS_IDB_SAVE_FAILED] 创建请款单 IDB 写入失败 {
  requestNo: 'PAY-L-2026-0004',
  message: '当前浏览器不支持 IndexedDB,PMS 业务数据无法持久化。',
  degraded: 'memory-only'
}
[PMS_IDB_SAVE_FAILED] 作废请款单 IDB 写入失败 {
  requestNo: 'PAY-L-2026-0004',
  message: '当前浏览器不支持 IndexedDB,PMS 业务数据无法持久化。',
  degraded: 'memory-only'
}
✔ 主体经营明细总成本、毛利与毛利率公式 (4.621542ms)
✔ 面辅料对账：预计/实际双层公式，费用项与差异双重门禁 (9.511292ms)
✔ 面辅料费用项部分确认、批量确认与编辑失效 (0.688ms)
✔ 请款草稿跨页创建、请款与付款上限、编辑范围 (1.129417ms)
✔ 物流实际费用 12 列导入校验、不自动确认与确认后锁定 (0.545958ms)
✔ 请款单作废释放来源对账，已有付款不能作废 (0.392875ms)
✔ 供应商账单 9 列导入覆盖实际层且不自动确认 (0.405083ms)
✔ 金额大写按 RMB 规则输出并覆盖跨节零 (0.174583ms)
[PMS_IDB_UNAVAILABLE] put 跳过,数据仅保留在内存 { store: 'pmsMaterialPurchaseOrderDeltas', key: 'CGF-2026-0005' }
[PMS_IDB_LOAD_FAILED] { message: '当前浏览器不支持 IndexedDB,PMS 业务数据无法持久化。' }
[PMS_IDB_UNAVAILABLE] put 跳过,数据仅保留在内存 { store: 'pmsMaterialPurchaseOrderDeltas', key: 'CGF-2026-0005' }
[PMS_IDB_UNAVAILABLE] put 跳过,数据仅保留在内存 { store: 'pmsMaterialPurchaseOrderDeltas', key: 'CGF-2026-0005' }
[PMS_IDB_UNAVAILABLE] put 跳过,数据仅保留在内存 { store: 'pmsMaterialPurchaseOrderDeltas', key: 'CGF-2026-0005' }
[PMS_IDB_UNAVAILABLE] put 跳过,数据仅保留在内存 { store: 'pmsMaterialPurchaseOrderDeltas', key: 'CGF-2026-0005' }
[PMS_IDB_UNAVAILABLE] put 跳过,数据仅保留在内存 { store: 'pmsMaterialPurchaseOrderDeltas', key: 'CGF-2026-0005' }
✔ 生成卷号按前缀、每卷米数、重量与起始序号生成并写入包装明细 (3.8135ms)
✔ 生成卷号时尾卷承载剩余数量，卷数按采购数量与每卷米数自动取整 (0.744833ms)
✔ 非法卷号参数被拒绝并抛出中文域错误 (0.439916ms)
✔ 生成标签后二维码内容包含卷号与箱规，参与打印 (0.34425ms)
✔ 箱规新增自动计算体积，重复箱号与非法尺寸被拒，删除后计数正确 (0.307042ms)
✔ 包装明细可新增与删除，非法输入被拒且删除后计数正确 (0.258167ms)
✔ 被包装明细引用的箱规不能删除 (0.083292ms)
✔ 供应商枚举与 SRM 完全一致，旧枚举不再出现 (0.865958ms)
✔ 种子字段满足 SRM 枚举且协同指标为数字 (0.143208ms)
✔ 新增字段保存并回显，成功命令写入操作日志 (26.740792ms)
✔ 编辑保存新增字段并保持状态机与事件名不变 (0.284333ms)
✔ 非法或缺失输入抛 PmsDomainError 且不写入数据 (0.368292ms)
✔ 详情与列表展示新增字段、SRM 枚举与协同指标 (34.507375ms)
(node:16254) ExperimentalWarning: localStorage is not available because --localstorage-file was not provided.
(Use `node --trace-warnings ...` to show where the warning was created)
✔ CONTRACT-002: business allocation day is day 1 and every calendar day counts, including Sunday (0.8575ms)
✔ CONTRACT-002: the three contracts retain 4/8/9, 5/9/10 and 6/9/12 calendar-day milestones (0.383125ms)
✔ CONTRACT-002: invalid calendar dates and counting days still fail without creating deadlines (0.231792ms)
(node:16257) ExperimentalWarning: localStorage is not available because --localstorage-file was not provided.
(Use `node --trace-warnings ...` to show where the warning was created)
✔ 实际耗时跨周日仍按真实时间差；没有可靠时间不造耗时 (0.51625ms)
✔ 每任务都达成才结束；同一来源去重，作废明细不影响主表 (0.17ms)
✔ 耗时页 Mock 至少覆盖九张生产单和全部节点，且下游事实不会越过未完成的前置节点 (1103.067ms)
✔ 裁片放行按一张放行单内的多次放行展示并选取节点起止时间 (94.3945ms)
(node:16258) ExperimentalWarning: localStorage is not available because --localstorage-file was not provided.
(Use `node --trace-warnings ...` to show where the warning was created)
✔ EXC-001—004: a reference mark cannot change debt, strict kits or final task responsibility (3.151625ms)
(node:16261) ExperimentalWarning: localStorage is not available because --localstorage-file was not provided.
(Use `node --trace-warnings ...` to show where the warning was created)
✔ 派单新增主档工厂可登记承接关系，未知工厂仍阻断 (6.302375ms)
✔ 专属任务保留整单身份、数量和接收方，工艺分支保留全部前置关系 (2.654542ms)
✔ 原生产单车缝任务仍可被 PPIC 分配与责任移交识别，SKU 总量完整 (30.759458ms)
✔ PRINT-HISTORY-001: demo identities remain fixed and reject another factory or task (0.450333ms)
✔ PRINT-HISTORY-002: DYE-GOTO-GLOBAL historical slot 09 survives independent reloads without overwriting (3408.750375ms)
✔ PRINT-HISTORY-002: ID-FAC-001165 historical slot 09 survives independent reloads without overwriting (2773.999791ms)
(node:16268) ExperimentalWarning: localStorage is not available because --localstorage-file was not provided.
(Use `node --trace-warnings ...` to show where the warning was created)
✔ VERIFY-003: dispatch reads keep all documents and independent copies without projecting unrelated business views (396.416209ms)
✔ frozen printing images are losslessly stored once across orders, tasks and attachments (3.39425ms)
✔ missing or malformed image references fail rather than silently replacing frozen evidence (0.280459ms)
(node:16274) ExperimentalWarning: localStorage is not available because --localstorage-file was not provided.
(Use `node --trace-warnings ...` to show where the warning was created)
✔ PERF-002/004: scoped receiving reads preserve direct receipts and allocations, without exposing mutable facts (14.865ms)
✔ PERF-002/004: a synchronous relation read matches independent reads and releases its scope after errors (884.583459ms)
✔ PERF-004: batched print list reviews and handovers equal independently read facts (392.486208ms)
✔ PERF-004: scoped handovers keep canonical sorting and task point reads preserve identity (10.774541ms)
✔ PERF-004: reusing warehouse documents preserves each dye order source, quantity and receiver (372.85175ms)
(node:16275) ExperimentalWarning: localStorage is not available because --localstorage-file was not provided.
(Use `node --trace-warnings ...` to show where the warning was created)
✔ craft source selection preserves all previous source choices and isolated snapshots (53.446375ms)
✔ source eligibility is re-evaluated after a source order changes (0.156875ms)
(node:16279) ExperimentalWarning: localStorage is not available because --localstorage-file was not provided.
(Use `node --trace-warnings ...` to show where the warning was created)
✔ 生产单创建来源只覆盖旧匹配事实，不复活已取消或覆盖更新后的匹配 (0.954459ms)
✔ 提前来源随PO唯一保存，重复生成不会追加第二份事实；查询投影不反向写PO (0.336792ms)
✔ 失败和嵌套投影后创建stage标记恢复，不影响后续染印执行保存 (0.22525ms)
✔ 备份拒绝错误归属、重复、未知状态和缺少正式冻结来源的匹配 (0.160625ms)
(node:16281) ExperimentalWarning: localStorage is not available because --localstorage-file was not provided.
(Use `node --trace-warnings ...` to show where the warning was created)
✔ 验收数据至少包含 5 张染色和 5 张印花提前加工单，并覆盖全部匹配状态 (468.987667ms)
✔ 印花专业成果把多张图片和多个文件统一保存在同一附件集合 (0.313541ms)
✔ 同一生产需求可手动选择具体专业任务，创建结果保存所选任务与全部成果附件 (33.44775ms)
✔ 创建提前加工单必须选择所属专业任务并明确加工厂 (3.327583ms)
✔ 计划加工数量包含损耗率，且染色印花投入与产出 SKU 必须不同 (0.166833ms)
✔ 专业成果未审核通过时不可创建提前加工单 (0.135833ms)
✔ 多个生产需求合并为一张生产单时，可匹配多张提前染色加工单 (39.197875ms)
✔ 等待技术包的提前单在技术包就绪后可由同一匹配服务自动重试 (12.39175ms)
✔ 合并生产单中只有部分需求有提前单时，只为未覆盖需求补建剩余数量 (49.036292ms)
✔ 已有提前单但正式 BOM 或 SKU 不一致时进入异常，且不重复补建同一工艺单 (41.807375ms)
✔ 取消后重建保留旧单，并建立双向替代关系 (5.10625ms)
✔ 没有提前加工单的需求仍保留正式加工单快照 (25.249291ms)
✔ 查生产入口只在合法系统路由显示，并在打印与 PDA 路由隐藏 (0.5995ms)
✔ 相似前缀和相似打印段不会被当成合法路由 (0.080292ms)
(node:16285) ExperimentalWarning: localStorage is not available because --localstorage-file was not provided.
(Use `node --trace-warnings ...` to show where the warning was created)
✔ 静态生产单更新任务状态时保留原冻结资料，不强造不存在的技术版本 (0.813375ms)
✔ 沿用静态资料的例外不能用于新单、篡改快照或错误技术版本 (1.45525ms)
(node:16286) ExperimentalWarning: localStorage is not available because --localstorage-file was not provided.
(Use `node --trace-warnings ...` to show where the warning was created)
✔ PERF-001: runtime snapshot and all nine subsets preserve every production order value and caller isolation (15.558833ms)
✔ PERF-001: a subset read does not traverse or clone unrelated snapshot sections (0.210292ms)
✔ PERF-001: paper pattern binding strips and nested craft arrays remain isolated after mutation (0.23875ms)
✔ PERF-001: replacing or updating the bound snapshot is visible immediately without a stale cache (0.146875ms)
✔ PERF-001: missing production order keeps null and empty-list contracts (0.074792ms)
✔ finished preparation and purchase keep their delay without claiming current work is on time (5.365375ms)
✔ absence of applicable records and missing timing inputs are not healthy or not-yet-due (0.820958ms)
✔ inbound quantity and final time completeness produce distinct business results (0.196875ms)
✔ reached late milestone has zero only for that milestone, not the whole task (2.537083ms)
✔ creation and handover clocks explain their different unfinished endpoints (1.981208ms)
✔ all current scenes avoid ambiguous headline defaults and literal unknown numbers (21.626375ms)
✔ contract graph with missing allocation date or actual holdings cannot assert not-yet-due or achieved (4.208458ms)
✔ opening a follow-up modal only reads, and empty inputs never appear saved (7.89025ms)
✔ save waits for completion and readback, rejects double-click writes, and stores realtime feedback without a forecast (36.461667ms)
✔ failed save retains all inputs and retries the exact same operation ID (2.596833ms)
✔ commit followed by readback failure remains unconfirmed until a read proves the same record (3.108ms)
✔ work must belong to the current production order and expected time must be valid (2.715458ms)
✔ read failure retains a draft and does not treat unavailable records as a normal empty history (2.191041ms)
✔ old logs are retained, but never assigned to a new production order by inference (1.198166ms)
✔ FLOW graph late: full lifecycle keeps allocation, execution and four post stages (6.878875ms)
✔ FLOW graph normal: full lifecycle keeps allocation, execution and four post stages (4.23125ms)
✔ FLOW graph complete: full lifecycle keeps allocation, execution and four post stages (2.869583ms)
✔ FLOW graph completeLate: full lifecycle keeps allocation, execution and four post stages (8.80025ms)
✔ FLOW graph completeUnknown: full lifecycle keeps allocation, execution and four post stages (1.368959ms)
✔ FLOW graph partial: full lifecycle keeps allocation, execution and four post stages (3.590208ms)
✔ FLOW graph reordered: full lifecycle keeps allocation, execution and four post stages (5.130708ms)
✔ FLOW graph reachedLate: full lifecycle keeps allocation, execution and four post stages (3.761334ms)
✔ FLOW graph positioning: full lifecycle keeps allocation, execution and four post stages (0.811125ms)
✔ FLOW graph prepPending: full lifecycle keeps allocation, execution and four post stages (0.703667ms)
✔ FLOW graph sampleLate: full lifecycle keeps allocation, execution and four post stages (1.718375ms)
✔ FLOW graph samplePending: full lifecycle keeps allocation, execution and four post stages (2.114416ms)
✔ FLOW graph fullContract: full lifecycle keeps allocation, execution and four post stages (3.659541ms)
✔ FLOW graph materialBatches: full lifecycle keeps allocation, execution and four post stages (0.346208ms)
✔ FLOW graph materialPartial: full lifecycle keeps allocation, execution and four post stages (0.369041ms)
✔ FLOW graph live: full lifecycle keeps allocation, execution and four post stages (2.004541ms)
✔ FLOW graph unknown: full lifecycle keeps allocation, execution and four post stages (0.37925ms)
✔ FLOW graph unassigned: full lifecycle keeps allocation, execution and four post stages (1.650625ms)
✔ FLOW graph sameFactory: full lifecycle keeps allocation, execution and four post stages (3.645583ms)
✔ FLOW graph handoverPartial: full lifecycle keeps allocation, execution and four post stages (0.463208ms)
✔ FLOW live: QC, processing, recheck quantities have distinct current positions while history remains (0.492875ms)
✔ FLOW full contract: scopes and execution documents stay distinct from cumulative contract milestones (0.102458ms)
✔ FLOW delivery: outgoing without warehouse receipt keeps waiting clock active (0.071875ms)
✔ FLOW one post work order shares projects, quantity and clock without per-project chains (1.051792ms)
✔ FLOW bypass records go from completed QC directly to delivery, without fabricated processing or recheck (0.51825ms)
✔ FLOW summary cards distinguish pending, unknown, historical and current states without invented SLA (3.551875ms)
✔ FLOW mixed QC, processing and recheck quantities are summarized as post handling rather than processing (1.261958ms)
✔ FLOW pending inspection and recheck are not started rather than unknown, consistently with rails (0.486917ms)
✔ FLOW pending document cards and summaries describe unstarted clocks rather than missing times (1.079333ms)
✔ FLOW document modal has one project block for its single processing order (1.151875ms)
✔ COPY developer round: unknown purchase keeps allocation and execution responsibilities unverified (0.292792ms)
✔ COPY developer round: mixed post history and active work both remain visible (0.272709ms)
✔ COPY developer round: partial warehouse quantity is not a completed stage (3.443792ms)
✔ COPY developer round: process start and quantity appear once, QC uses its own business action (0.454083ms)
✔ FLOW-MOCK-001: all 20 scenarios retain source facts with documented COPY-211 cutting correction (29.83575ms)
✔ FLOW-MOCK-002: every early-stage scenario has an honest full-flow skeleton and unknown purchase has no invented work (0.654458ms)
✔ FLOW-MOCK-003: allocation and actual sewing are distinct and each of the three contract scopes has only its applicable steps (0.646542ms)
✔ FLOW-MOCK-004: batches partition original receipts within each task and each source receipt exactly once (4.448792ms)
✔ FLOW-MOCK-005: actual positions preserve warehouse, delivery, processing aggregate amounts and explicit unknown remainder (0.274333ms)
✔ FLOW-MOCK-006: current QC, processing, recheck, delivery and warehouse positions have distinct document facts (0.386041ms)
✔ FLOW-MOCK-007: batch event chronology is ordered and all recorded actual events precede the fixed viewing time (1.436125ms)
✔ FLOW-MOCK-008: completed orders keep complete post history and missing last inbound time is never fabricated (0.338125ms)
✔ FLOW-MOCK-009: factory-contracted packing is not assigned again in post, and the no-post-processing route is explicit (0.757042ms)
✔ FLOW-MOCK-010: every new document is task scoped, batch scoped when applicable, and has valid same-scene relationships (2.383875ms)
✔ FLOW-MOCK-011: independent sewing keeps all applicable post items inside one processing document and one overall clock (0.376334ms)
✔ FLOW-MOCK-012: each batch has at most one post-processing document with the prototype item, status, quantity and timing contract (3.169209ms)
✔ FLOW-MOCK-013: actual quality results generate only applicable processing, completion generates recheck, and no processing goes straight to warehouse delivery (0.482625ms)
✔ COPY-211: full contract scope does not duplicate in-house cutting or release (0.244708ms)
✔ every sewing and post-finishing document type opens its actual native module detail (101.138375ms)
✔ sewing task execution preserves the matching contract rather than entering the allocation workbench (4.638375ms)
✔ post-finishing QC and recheck retain their own task results, batches, and downstream documents (23.715375ms)
✔ post delivery shows actual outgoing and finished-goods receipt separately (9.380875ms)
✔ completed orders retain the recorded post-finishing document history (1.778709ms)
✔ unknown or wrongly routed full-flow documents do not produce invented detail pages (0.251292ms)
✔ recorded finished-goods receipt without its time stops the handover clock rather than creating current waiting (0.544ms)
✔ clock completion matches its own final business event across work and handover (0.158542ms)
✔ native post document uses the same Chinese current-position label as the diagram (12.514708ms)
✔ explicitly pending work is not mislabeled as missing actual start time in native clocks (1.403584ms)
✔ native post work detail keeps one project set, one clock and classified quantities (0.29575ms)
✔ post recheck describes SKU quantity and barcode verification rather than a second quality inspection (0.343709ms)
✔ original post work documents preserve their recorded completed quantities without requiring new project fields (2.076167ms)
✔ delivery awaiting warehouse receipt is not described as an unfinished upstream prerequisite (0.336ms)
✔ completed late work and unfinished overdue work remain different in management and the actual source detail (48.536584ms)
✔ a late reached contract is a ended node, and future unreached targets are not current debt (33.163458ms)
✔ missing allocation date or factory actual pickup keeps unknown distinct from an on-time contract (26.26225ms)
✔ source contract deadline uses allocation day as day 1 even when business date contains a clock time (30.382041ms)
✔ full warehouse quantities without last receipt time never imply an on-time result or enter the rate denominator (25.984042ms)
✔ purchase association unknown never asserts that production has not been created or begun (2.545958ms)
✔ sample timing is by actual handout date and remains separate from approval result (15.572084ms)
✔ completed whole-order elapsed time stops at final warehouse receipt; export names quantities and states precisely (33.527375ms)
✔ zero actual pickup is a known zero awaiting a contract denominator, not a missing value or automatic achievement (24.934792ms)
✔ missing execution evidence does not imply that material has not arrived or that work is confirmed overdue (5.303291ms)
✔ POST-FOLD late: post work is nested and the sewing label is unified (3.891875ms)
✔ POST-FOLD normal: post work is nested and the sewing label is unified (3.849958ms)
✔ POST-FOLD complete: post work is nested and the sewing label is unified (2.359167ms)
✔ POST-FOLD completeLate: post work is nested and the sewing label is unified (5.381791ms)
✔ POST-FOLD completeUnknown: post work is nested and the sewing label is unified (1.299584ms)
✔ POST-FOLD partial: post work is nested and the sewing label is unified (3.127209ms)
✔ POST-FOLD reordered: post work is nested and the sewing label is unified (3.565875ms)
✔ POST-FOLD reachedLate: post work is nested and the sewing label is unified (3.49625ms)
✔ POST-FOLD positioning: post work is nested and the sewing label is unified (0.678417ms)
✔ POST-FOLD prepPending: post work is nested and the sewing label is unified (0.64725ms)
✔ POST-FOLD sampleLate: post work is nested and the sewing label is unified (3.492875ms)
✔ POST-FOLD samplePending: post work is nested and the sewing label is unified (9.080208ms)
✔ POST-FOLD fullContract: post work is nested and the sewing label is unified (12.9335ms)
✔ POST-FOLD materialBatches: post work is nested and the sewing label is unified (0.327542ms)
✔ POST-FOLD materialPartial: post work is nested and the sewing label is unified (0.266041ms)
✔ POST-FOLD live: post work is nested and the sewing label is unified (5.024958ms)
✔ POST-FOLD unknown: post work is nested and the sewing label is unified (0.3405ms)
✔ POST-FOLD unassigned: post work is nested and the sewing label is unified (8.384333ms)
✔ POST-FOLD sameFactory: post work is nested and the sewing label is unified (2.504625ms)
✔ POST-FOLD handoverPartial: post work is nested and the sewing label is unified (0.755916ms)
✔ POST-TIME: completed and active work show actual times and longest own clock without inventing an SLA (0.467792ms)
✔ POST-TIME: known document requirements distinguish unfinished late work from completed late history (2.132167ms)
✔ PAGE-001 / SCENE-17 / 20: 19 unique production orders plus one purchase awaiting association preserve the 19 accepted base scenes (1.383875ms)
✔ MASTER-001 / SCENE-07: reversing purchase order input retains earliest precise start and 28-day deadline (0.594334ms)
✔ MASTER-002: full warehouse completion at the exact deadline is timely; one minute later is late (0.204833ms)
✔ SCENE-03—05: warehouse facts establish completion separately from final timestamp and stale upstream records (0.186166ms)
✔ SCENE-06 / 16 / 18: quantity positions conserve pieces while missing position and task ownership remain distinct (9.708042ms)
✔ CONTRACT-002 / SCENE-13: three return contracts use calendar days including Sunday and their actual held quantities (3.326917ms)
✔ SCENE-19: B factory total 40% cannot cover the independently overdue B01 task (2.396792ms)
✔ SCENE-02 / 08: timely returns and late reached milestone differ from a currently overdue unmet milestone (2.251042ms)
✔ SCENE-09 / 10: preparation is a parallel four/five-day stage with separately recorded production and handover (5.953875ms)
✔ SCENE-11 / 12: sample date is pickup plus three; failed or unsubmitted sample does not move the return deadline (4.129334ms)
✔ SCENE-14: stock 600 meters advances before the independent 900-meter purchase batch, with three work/handover records each (1.574083ms)
✔ SCENE-15: known 600-meter receipt is preserved while the 900-meter purchase remains unknown and currently late (0.546333ms)
✔ SCENE-20: partial factory handover retains 2400 sleeve pieces received and 600 disputed without closing the handover or converting to garments (1.206458ms)
✔ SCENE-01: completed preparation/material delays remain history while sleeve work has a current 600-piece gap (5.568666ms)
✔ PREP / CRAFT: auxiliary work is three days each; bulk dye/print/wash and handovers have no invented SLA (2.165542ms)
✔ SOURCE / UI: document IDs, related ownership, native routes and source summaries are coherent without read mutation (44.681041ms)
✔ SOURCE: there are no future actual events or reversed processing/handover times in the fixed demonstration (3.8115ms)
✔ SCENE late: expanded accepted diagram retains its business nodes and source documents (2.748791ms)
✔ SCENE normal: expanded accepted diagram retains its business nodes and source documents (2.056625ms)
✔ SCENE complete: expanded accepted diagram retains its business nodes and source documents (1.541333ms)
✔ SCENE completeLate: expanded accepted diagram retains its business nodes and source documents (1.333041ms)
✔ SCENE completeUnknown: expanded accepted diagram retains its business nodes and source documents (0.783958ms)
✔ SCENE partial: expanded accepted diagram retains its business nodes and source documents (5.949334ms)
✔ SCENE reordered: expanded accepted diagram retains its business nodes and source documents (3.92625ms)
✔ SCENE reachedLate: expanded accepted diagram retains its business nodes and source documents (2.775542ms)
✔ SCENE positioning: expanded accepted diagram retains its business nodes and source documents (5.054791ms)
✔ SCENE prepPending: expanded accepted diagram retains its business nodes and source documents (0.329459ms)
✔ SCENE sampleLate: expanded accepted diagram retains its business nodes and source documents (3.433417ms)
✔ SCENE samplePending: expanded accepted diagram retains its business nodes and source documents (2.257708ms)
✔ SCENE fullContract: expanded accepted diagram retains its business nodes and source documents (1.790542ms)
✔ SCENE materialBatches: expanded accepted diagram retains its business nodes and source documents (3.450458ms)
✔ SCENE materialPartial: expanded accepted diagram retains its business nodes and source documents (0.444375ms)
✔ SCENE live: expanded accepted diagram retains its business nodes and source documents (1.345541ms)
✔ SCENE unknown: expanded accepted diagram retains its business nodes and source documents (0.127584ms)
✔ SCENE unassigned: expanded accepted diagram retains its business nodes and source documents (1.020417ms)
✔ SCENE sameFactory: expanded accepted diagram retains its business nodes and source documents (1.876334ms)
✔ SCENE handoverPartial: expanded accepted diagram retains its business nodes and source documents (1.569959ms)
✔ PREP-005: supplemental scene retains disabled and change-ended documents without creating active clocks or blocking valid preparation (1.411ms)
✔ timing documents resolve directly at their native route with the same shared static facts (640.552167ms)
✔ source detail does not resolve unrelated records or a registered record at a wrong module path (0.198667ms)
✔ a handover belongs to its original outgoing work rather than a linked next process (0.127875ms)
✔ contract details retain natural-day deadlines and late achievement history (0.444875ms)
✔ partially received material retains unknown purchase receipt instead of inventing zero or full stock (0.502833ms)
✔ production preparation details include parallel requirements and BOM quantities (1.546084ms)
✔ work remaining quantity follows known required and completed quantities in the same unit (0.712666ms)
✔ missing factory sample uses the recorded requirement date and keeps sample approval outside return milestones (0.16ms)
✔ purchase-only scenario resolves to the existing merchandise purchase and pending-purchase backlink (1.235958ms)
✔ finished-goods detail distinguishes latest partial receipt from full completion time (0.9315ms)
✔ unknown timing standard is amber verification, never a red confirmed-overdue result (0.597167ms)
✔ MIGRATE-001: direct production/pending detail paths have their own active tab identity; discarded tasks/examples/team details are absent (1.355375ms)
✔ MIGRATE-001: stored DDS tabs prune discarded addresses, retain unrelated tabs and correct the live production title without touching input (0.64275ms)
(node:16301) ExperimentalWarning: localStorage is not available because --localstorage-file was not provided.
(Use `node --trace-warnings ...` to show where the warning was created)
✔ VERIFY-003: scoped reads preserve pending/voided sources and defensive copies (6.227084ms)
✔ VERIFY-003: metadata lookup reflects registry changes and returns independent locations (14.888667ms)
✔ 备份恢复不能借原票编号伪造另一种面料的交出回执 (2.57ms)
✔ 换片布固定演示：四个新增生产单覆盖部分打印、补打、交出备用及失效票 (1.716083ms)
✔ 部位票缓存感知已提交事件版本，重复读取同一版本不失效 (0.399792ms)
✔ 按名称排朴，空名拒绝，同名不同编码/颜色保留独立身份 (0.715333ms)
✔ 初始每面料一张，重复分配幂等；新增与补打不混淆 (0.690791ms)
✔ 改派未交票失效，已交历史不抹除，新范围递增序号 (0.517959ms)
✔ 部分出纸仅确认勾选票；重复确认不增加次数，内容变化拒绝 (0.814208ms)
✔ 整个批次多袋并集检查，非本次袋不可借用，顺序无关 (0.637583ms)
✔ 同任务同工厂历史可满足；不同任务或换厂必须另交 (0.214875ms)
✔ 三方自行裁剪排除，资料缺失与无需面料分开判断 (0.071083ms)
✔ 混装按类型和单位分项，换片布不能拆成非5 Yard (0.128667ms)
✔ 局域网 HTTP 的摘要与原生 SHA-256 相同，既有票号不变化 (12.501667ms)
(node:16310) ExperimentalWarning: localStorage is not available because --localstorage-file was not provided.
(Use `node --trace-warnings ...` to show where the warning was created)
✔ 混装打印保留裁片矩阵，捆条和换片布独立附页，不合并单位 (1.248375ms)
✔ 纯换片布袋可生成货物标识，不制造尺码和部位 (0.133375ms)
✔ 混装标签拒绝换片布错误长度、作废票和混生产单 (0.271166ms)
✔ 旧业务存储不可读时仍用已提交的原装袋周期打印三类货物 (0.508459ms)
✔ 生产单按单记录；变更一单不重写其他单和任务 (2.837833ms)
✔ 运行任务独立保存覆盖、拆分、合并、改派及序号，往返保留身份 (0.527917ms)
✔ 有效分配索引、独立记录、审计及序号完整往返，拒绝重复身份和损坏格式 (0.747875ms)
✔ 拒绝空字符串，不吞掉损坏记录 (0.120541ms)
✔ 拒绝数组根，不吞掉损坏记录 (0.090542ms)
✔ 拒绝生产单数组实体，不吞掉损坏记录 (0.159292ms)
✔ 拒绝生产单空编号，不吞掉损坏记录 (0.179542ms)
✔ 拒绝生产单损坏快照，不吞掉损坏记录 (0.071167ms)
✔ 拒绝任务覆盖数组，不吞掉损坏记录 (0.070792ms)
✔ 拒绝任务覆盖身份，不吞掉损坏记录 (0.097666ms)
✔ 拒绝拆分来源身份，不吞掉损坏记录 (0.056792ms)
✔ 拒绝拆分子项损坏，不吞掉损坏记录 (0.048167ms)
✔ 拒绝合并明细损坏，不吞掉损坏记录 (0.047125ms)
✔ 拒绝改派任务身份，不吞掉损坏记录 (0.029834ms)
✔ 拒绝不安全序号，不吞掉损坏记录 (0.033125ms)
✔ 拒绝重复Map键，不吞掉损坏记录 (0.038ms)
✔ 拒绝current非数组，不吞掉损坏记录 (0.035416ms)
✔ 拒绝current孤儿，不吞掉损坏记录 (0.311125ms)
✔ 拒绝current跨任务，不吞掉损坏记录 (0.065833ms)
✔ 拒绝current重复引用，不吞掉损坏记录 (0.0425ms)
✔ 拒绝审计孤儿，不吞掉损坏记录 (0.036709ms)
✔ 已保存实体损坏编号、缺少meta或重复meta不能伪造正常空源 (0.172916ms)
✔ 未登记key及空白JSON拒绝；null明确代表没有覆盖 (0.049917ms)
✔ 备份校验拒绝未知来源集合、伪造迁移身份及丢失检查点实体 (1.691417ms)
✔ 四类静态运行任务的删除标记完整往返，拒绝混入业务字段或假删除 (0.349542ms)
✔ 分配副产物按实体保存；合同、样衣及PPIC责任保留独立序号 (0.968292ms)
✔ 拒绝缺失渲染必需快照的合同，防止迁移清源后才暴露损坏 (0.128375ms)
✔ 关联实体损坏拒绝 unknown:X (0.090333ms)
✔ 关联实体损坏拒绝 material-context:A (0.057791ms)
✔ 关联实体损坏拒绝 return-sequence:value (0.078125ms)
✔ 关联实体损坏拒绝 sla-current:T (0.052209ms)
✔ 生产创建匹配来源按生产单身份校验并完整恢复 (0.429875ms)
✔ 工厂结束事实只允许明确任务、操作人和时间 (1.346084ms)
✔ 既有招标定标记录保留真实来源编号并校验价格与操作人 (0.289833ms)
✔ 开工交出单头只包含首次零交出事实，拒绝伪造数量和身份 (0.347959ms)
(node:16312) ExperimentalWarning: localStorage is not available because --localstorage-file was not provided.
(Use `node --trace-warnings ...` to show where the warning was created)
✔ 同分配的同名 A/B 面料分别新增和打印；第二面料不被第一范围替代 (106.968833ms)
(node:16313) ExperimentalWarning: localStorage is not available because --localstorage-file was not provided.
(Use `node --trace-warnings ...` to show where the warning was created)
✔ 分配 SKU 的需料不同；多尺码共料去重，名称含朴排除 (7.668542ms)
✔ 完整但全是朴为空集合；缺颜色映射或空名称属于资料错误 (2.304833ms)
✔ 同名不同编码面料不混并；BOM 身份歧义阻断 (0.301209ms)
✔ 交出回执从快照保留三种明细，Yard 与米不进入裁片数量 (0.935167ms)
✔ 回执任务读取保持数组身份；只在事实变更后重新投影 (0.994375ms)
✔ 款式需料读取的配置查询只返回独立副本，不能污染下次来源读取 (1.096083ms)
✔ 来源读取失败时不能把不可用哨兵值当作稳定分配继续保存 (0.973541ms)
✔ 历史裁片实交保留原数量与归属，其他集合不混入 (0.583584ms)
✔ 历史缺原版本、交错明细、负数量或记录身份错误均阻断恢复 (0.283583ms)
✔ 面辅料单不可写入退役裁片历史，未完成迁移标记不可恢复 (0.106375ms)
✔ 并发调用复用同一个模块加载 Promise，成功后继续复用结果 (0.746209ms)
✔ 模块加载失败后清空缓存，下一次调用可以重试 (0.274209ms)
(node:16316) ExperimentalWarning: localStorage is not available because --localstorage-file was not provided.
(Use `node --trace-warnings ...` to show where the warning was created)
✔ CONTRACT-005: native legacy task fixture exposes the actual missing allocation date at PDA and progress board entries (1363.736833ms)
(node:16317) ExperimentalWarning: localStorage is not available because --localstorage-file was not provided.
(Use `node --trace-warnings ...` to show where the warning was created)
✔ CONTRACT-002: later factory acceptance retains its fact without postponing business allocation deadlines (0.861084ms)
✔ CONTRACT-002: missing business allocation time produces a visible verification gap instead of acceptance-based deadlines (2.600583ms)
✔ CONTRACT-002: historical acceptance-based snapshots remain intact but cannot establish current contract deadlines (0.417375ms)
✔ CONTRACT-002: shared PDA and progress board show missing allocation dates without claiming zero-receipt tasks are complete (0.579292ms)
✔ CONTRACT-002: confirmed dates still show the next contractual node and complete only after all 100 pieces are received (0.454709ms)
✔ CONTRACT-002: outsourcing tracking uses allocation dates for tender tasks and marks missing dates as unverified (18.890041ms)
(node:16318) ExperimentalWarning: localStorage is not available because --localstorage-file was not provided.
(Use `node --trace-warnings ...` to show where the warning was created)
✔ 刷新时静态样衣命令重建不重放到已移交的持久用户状态，构造失败恢复输入 (7.512875ms)
✔ 独立打印外壳只命中完整生产确认单打印路由 (1.140292ms)
✔ 既有固定打印路由仍使用独立打印外壳 (0.124459ms)
(node:16321) ExperimentalWarning: localStorage is not available because --localstorage-file was not provided.
(Use `node --trace-warnings ...` to show where the warning was created)
✔ TP-ID-002: FCS live hydration cannot change the static 26 identities or their numeric sequence (12.203708ms)
✔ TP-DATA-001: baseline has 20 actual complete formal versions and three plus three draft review states (2.112ms)
✔ TP-ROUTE-001: all twenty formal routes have three resolvable dye→print→wash chains and five two-craft pieces (241.306792ms)
✔ TP-ID-001: ID is persisted independent of ordering and next identity uses the global maximum (2.683542ms)
✔ TP-LEGACY-001: exact old static copies project read-only, preserve source identities and preserve changed records or content (5.990833ms)
✔ TP-LEGACY-002: repository reads old demo without writes; new legacy-source creation is rejected (361.962042ms)
✔ TP-LEGACY-003: early release content upgrades after person maintenance but genuine technical edits remain intact (6.361292ms)
✔ TP-PAGE-001: route rendering preserves stored IDs and hides objects without additional processing (124.175125ms)
✔ TP-PERSON-001: valid maintenance retains published content, records a log, and rejects wrong-role candidates (367.62475ms)
✔ technical version working-copy reads do not write and failed staging preserves data (first visit) (441.120125ms)
✔ technical version working-copy reads do not write and failed staging preserves data (saved data) (464.672875ms)
[PMS_IDB_LOAD_FAILED] { message: '当前浏览器不支持 IndexedDB,PMS 业务数据无法持久化。' }
✔ 五类页面共享采购到交出的串联 Mock，重复初始化不重置执行事实 (321.166209ms)
✔ 补齐串联 Mock 时压缩历史大签名，避免浏览器存储接近上限导致页面路由失败 (279.00825ms)
✔ 三个中央工厂在组织目录与执行工厂中身份一致且仅出现一次 (0.858416ms)
✔ 花边角色与采购映射归属TMF但供应方仍保留独立身份 (0.150583ms)
✔ 橡筋定长切割仍归SPF，不成为TMF织带截断任务 (0.173292ms)
✔ 旧浏览器组织记录迁移后不与权威TMF并存且保留已有联系人 (6.593958ms)
(node:16327) ExperimentalWarning: localStorage is not available because --localstorage-file was not provided.
(Use `node --trace-warnings ...` to show where the warning was created)
✔ 连续织带实际650米交出→648+2实收→染色可用650，仓库和用料保持米制且无公斤换算 (12.930708ms)
✔ 连续长度口径不可用于纱线/码制，普通辅料仍要求实际称重 (2.693709ms)
✔ 原生连续辅料染色650→640：实际工厂实收及用料驱动加工，使用对象对应蓝色织带参考图 (588.083542ms)
✔ 织带与绳子参考档案接入实际物料库，保留图片来源和未确认尺寸，不替换橡筋 (192.808709ms)
✔ 同分钟新建不同幅宽织带和绳径主档不共用 SPU 身份，SKU 保持各自父档与主单位 (27.962ms)
✔ TMF半成品SKU按SPU→潘通色号→颜色→花型生成，长度和端头不进入SKU (0.170083ms)
(node:16333) ExperimentalWarning: localStorage is not available because --localstorage-file was not provided.
(Use `node --trace-warnings ...` to show where the warning was created)
✔ TMF发布采用链：技术包发布门禁→审核发布→启用→生产单采用→生成织带加工需求 (1936.939416ms)
✔ TMF发布门禁：含织带截断工序但规格未补齐的采用版本不能发布 (520.419542ms)
✔ 正式生产路线只关联相邻同BOM同SKU的染色→印花，不生成数量或修改来源 (1.227875ms)
✔ 跨单/版本/工序/用途/SKU/单位、缺工厂与已有其他接收单都不能接续 (0.277792ms)
✔ 印花连续辅料仅接同版本同BOM的直接截断节点，不修改SKU和数量 (2.399333ms)
✔ 染色来源已绑定印花时拒绝直接截断，不读取不存在的顶层字段 (0.597709ms)
✔ TMF V1 原型范围、工厂身份和现场默认参数已冻结 (0.709708ms)
✔ TMF 风险动作默认要求主管与二次确认，采购行身份不可丢失 (0.068208ms)
[PMS_IDB_LOAD_FAILED] { message: '当前浏览器不支持 IndexedDB,PMS 业务数据无法持久化。' }
[PMS_IDB_UNAVAILABLE] put 跳过,数据仅保留在内存 { store: 'pmsMaterialPurchaseOrderDeltas', key: 'CGF-2026-0007' }
[PMS_IDB_UNAVAILABLE] put 跳过,数据仅保留在内存 { store: 'pmsMaterialPurchaseOrderDeltas', key: 'CGF-2026-0009' }
[PMS_IDB_UNAVAILABLE] put 跳过,数据仅保留在内存 { store: 'pmsMaterialPurchaseOrderDeltas', key: 'CGF-2026-0009' }
{"scenario":"N02","scope":"业务动作主链含纱线重量账；含端头辅材采购实收；不含PCS发布采用页面、纱线采购上游","purchaseReceived":1300,"productionReceived":1000,"warehouseContinuousM":30,"netCutM":1260,"lossM":10,"headUnit":"个","headReceived":2020,"headRemaining":15}
[PMS_IDB_UNAVAILABLE] put 跳过,数据仅保留在内存 { store: 'pmsMaterialPurchaseOrderDeltas', key: 'CGF-2026-0010' }
[PMS_IDB_UNAVAILABLE] put 跳过,数据仅保留在内存 { store: 'pmsMaterialPurchaseOrderDeltas', key: 'CGF-2026-0010' }
{"scenario":"N03","scope":"业务动作主链含纱线重量账；含端头辅材采购实收；不含PCS发布采用页面、纱线采购上游","purchaseReceived":60,"productionReceived":100,"warehouseContinuousM":9,"netCutM":50,"lossM":1,"headUnit":"个","headReceived":202,"headRemaining":1}
[PMS_IDB_UNAVAILABLE] put 跳过,数据仅保留在内存 { store: 'pmsMaterialPurchaseOrderDeltas', key: 'CGF-2026-0011' }
[PMS_IDB_UNAVAILABLE] put 跳过,数据仅保留在内存 { store: 'pmsMaterialPurchaseOrderDeltas', key: 'CGF-2026-0011' }
{"scenario":"N04","scope":"业务动作主链含纱线重量账；含端头辅材采购实收；不含PCS发布采用页面、纱线采购上游","purchaseReceived":100,"productionReceived":50,"warehouseContinuousM":34,"netCutM":65,"lossM":1,"headUnit":"kg","headReceived":0.2,"headRemaining":0.04}
[PMS_IDB_UNAVAILABLE] put 跳过,数据仅保留在内存 { store: 'pmsMaterialPurchaseOrderDeltas', key: 'CGF-2026-0012' }
[PMS_IDB_UNAVAILABLE] put 跳过,数据仅保留在内存 { store: 'pmsMaterialPurchaseOrderDeltas', key: 'CGF-2026-0012' }
{"scenario":"B06","scope":"规范数量动作链；塑料头从仓库实收事实开始，补购基础生产未虚构纱线配方；不代表全部页面验收","continuous":9,"productionReceived":1000,"scrapped":100,"scrappedMeters":120,"loss":11,"metalRemaining":15,"plasticRemaining":2}
{"scenario":"N05","mergedBatch":"FULL-N05-MERGED","purchaseReceivedM":120,"mergedIssuedM":102,"mergedProducedPieces":200,"productionReceivedByOrder":[100,100],"warehouseContinuousM":19,"lossM":1,"returnedM":1}
{"scenario":"B17","mergedBatch":"FULL-B17-MERGED","purchaseReceivedM":120,"mergedIssuedM":102,"mergedProducedPieces":200,"productionReceivedByOrder":[100,100],"warehouseContinuousM":19,"lossM":1,"returnedM":1}
{"scenario":"N01","rawReceivedKg":12,"consumedKg":10,"returnedKg":1,"factoryRemainingKg":1,"semiFinishedReceivedM":1000}
{"scenario":"N02","rawReceivedKg":12,"consumedKg":10,"returnedKg":1,"factoryRemainingKg":1,"semiFinishedReceivedM":1300}
{"scenario":"N03","rawReceivedKg":12,"consumedKg":10,"returnedKg":1,"factoryRemainingKg":1,"semiFinishedReceivedM":60}
{"scenario":"N04","rawReceivedKg":12,"consumedKg":10,"returnedKg":1,"factoryRemainingKg":1,"semiFinishedReceivedM":100}
{"scenario":"N05","rawReceivedKg":12,"consumedKg":10,"returnedKg":1,"factoryRemainingKg":1,"semiFinishedReceivedM":120}
{"scenario":"PRINTBACK-source-fixture","nativePrint":{"inputM":650,"outputM":630,"lossM":20,"outputImage":"MISSING_BLOCKED"},"sourceDispatched":630,"actualReceived":630,"cutMeters":620,"lossMeters":2,"returnedMeters":8,"baseLeftMeters":350,"scope":"原生印花650→630已独立重放；下游630米交出仍为专项夹具，不替代缺图正式交出或N01完整上游"}
{"scenario":"B09-downstream-recovery","basePhysicalM":350,"otherReservedM":350,"baseAvailableM":0,"processedReturnM":8,"productionPieces":[400,600],"scope":"含实际占用失败、释放、发料及印花回料后全链；原生印染20米损耗未执行，不是完整B09通过"}
{"scenario":"B05-cut-recovery","received":[400,600],"frozenPieces":10,"frozenLengthMm":500,"continuous":2.5,"cutLoss":2.5,"upstreamScope":"印花630米已交出为外部专项夹具，不冒充原生印染20米损耗或全N01"}
(node:16345) ExperimentalWarning: localStorage is not available because --localstorage-file was not provided.
(Use `node --trace-warnings ...` to show where the warning was created)
✔ N01～N05：通过现有 PMS 入口下达，每条采购链从零执行到仓库实收；交出不提前增加库存 (18.306ms)
✔ 半成品加工没有原料实收和足量耗用时禁止产出，补齐同一原料链后才能填报 (6.545709ms)
✔ MOCK-007：规范场景使用同一采购行、基础单和生产需求身份，不复制孤立页面 Mock (7.591709ms)
✔ MOCK-009：重置只重载隔离的运行态，不清除用户浏览器数据 (0.447333ms)
✔ B01/B03：短收保留在途和采购缺口；重复扫描、生成和刷新不双记 (0.974042ms)
✔ B02/B04：多收、错 SKU、错仓和无权限动作不改变任意下游数量；恢复后正常收齐 (2.177833ms)
✔ OVR-001～003：超产与超收须主管二次确认，计划不扩、幂等且下游一致 (7.0815ms)
✔ MASTER-001～003/005：采购与端头采购映射原型内建主档，缺失阻断且身份稳定 (8.338ms)
✔ MASTER-004：映射前历史记录保留原快照与未映射标记，不批量改写 (0.538208ms)
✔ TERM-001～005：取消后终止处置台逐项决定，未处置不得结案且数量对账守恒 (13.653167ms)
✔ 终止连续余料：实物余量只扣一次报废，拒绝超量且剩余数量可继续处置 (12.25575ms)
✔ GAP-TERM-004：上游未收与生产在途分别确认去向，不可重复登记 (1.876666ms)
✔ DYE-001～003：染色直交织带厂按实际交出分配实收，追溯原染色单且不重复扣料 (603.114209ms)
✔ 采购追加：未开始同步计划，已执行保留原计划和实物并处理变更 (6.063958ms)
✔ B21：保存失败不报成功、不留部分库存；成功后刷新读取同一采购和收货事实 (1.47575ms)
✔ 采购→两种规格截断→拆包回仓→分配发料→生产实收：短收保留缺口，库存及采购不双记 (24.157417ms)
✔ B09：其他需求占用400米时不能再占650；释放50后恢复，错误发料不改变库存 (6.601292ms)
✔ 需求来源：同尺码不同成衣SKU分别保留，BOM适用范围生效，错误快照和重复工序阻断 (0.57175ms)
✔ 待打头条料不计合格产出；超公差实物记不良且照实扣下料当量，未实收不可截断 (37.261375ms)
✔ N04：采购100米→单端硅胶按kg实耗→回仓发料→生产实收50根，连续料剩34米 (30.971167ms)
✔ B15：截断后取消保留1000根在制和1260米当量，释放未发占用并只退连续余料 (27.381ms)
✔ 已回仓部分发料后取消：释放未发分配，冻结实存，已发在途保留且实收不恢复需求 (23.907291ms)
✔ N02规范数值：采购→实际加工→生产实收及米料/辅材退仓整链 (88.854125ms)
✔ N03规范数值：采购→实际加工→生产实收及米料/辅材退仓整链 (83.448375ms)
✔ N04规范数值：采购→实际加工→生产实收及米料/辅材退仓整链 (94.156667ms)
✔ B06规范恢复：误装100根报废→补购100米并补做→生产实收1000根，三套实物账守恒 (156.03275ms)
✔ N05合并批：120米采购→102米合并投入→两生产单各实收100，B17独立副本拆100为40+60 (104.025208ms)
✔ B17合并批：120米采购→102米合并投入→两生产单各实收100，B17独立副本拆100为40+60 (119.215125ms)
✔ N01～N05基础原料重量账：源仓实收→发出→工厂实收→耗用/余料→原仓实收，与米制产出独立 (262.826625ms)
✔ 主生产单暂停/取消直接限制织带执行，已发实收保留且取消处置释放未发占用 (84.987292ms)
✔ 冷启动及旧标签页均读取已保存主单限制，损坏来源不默许执行 (0.419416ms)
✔ 印花交出按两种长度分配，原单分次实收唯一记账，随后截断/回仓/领料守恒 (475.703667ms)
✔ 主单离页保存保留其他页取消及新增单，同单并发编辑和存储失败不覆盖 (3.339042ms)
✔ 技术包换版后旧规格冻结，已交出的仓库及生产在途可实收且不改旧长度 (70.483291ms)
✔ 未发料换版释放旧占用，新需求从备料至生产实收，旧预览和已执行重算阻断 (112.441375ms)
✔ 已加工换版：旧200条冻结并释放未发分配，新550/700mm需求实收1000条，旧预览失效且库存守恒 (146.285375ms)
✔ B05实际410/590错配：短条余量冻结，连续余料8米补10条700mm至两规格生产实收 (229.8755ms)
✔ 加工计划时间独立保存：明确时区、并发版本阻断、实际节点不倒推开完工且库存不变 (29.754417ms)
✔ 加工单费用按技术包需求计价：单位、币种和版本可追溯，库存与实收不被费用动作改变 (19.913334ms)
✔ 织带加工单没有接单或开工门禁，投入实收后可直接加工填报 (55.633167ms)
✔ B23未执行采购1000减900：版本留痕、旧预览阻断、重新确认接受后900实际生产实收 (57.039084ms)
✔ B24实收1000退100：仓库交出与TMF分次实收独立，原收保留且净900后减量 (91.09725ms)
✔ 采购取消门禁：无执行事实可取消，已收货或已生产必须先处置不能直接结案 (49.865ms)
[PMS_IDB_LOAD_FAILED] { message: '当前浏览器不支持 IndexedDB,PMS 业务数据无法持久化。' }
[PMS_IDB_UNAVAILABLE] put 跳过,数据仅保留在内存 { store: 'pmsMaterialPurchaseOrderDeltas', key: 'CGF-2026-0007' }
[PMS_IDB_LOAD_FAILED] { message: '当前浏览器不支持 IndexedDB,PMS 业务数据无法持久化。' }
[PMS_IDB_LOAD_FAILED] { message: '当前浏览器不支持 IndexedDB,PMS 业务数据无法持久化。' }
[PMS_IDB_LOAD_FAILED] { message: '当前浏览器不支持 IndexedDB,PMS 业务数据无法持久化。' }
[PMS_IDB_UNAVAILABLE] put 跳过,数据仅保留在内存 { store: 'pmsMaterialPurchaseOrderDeltas', key: 'CGF-2026-0007' }
[PMS_IDB_UNAVAILABLE] put 跳过,数据仅保留在内存 { store: 'pmsMaterialPurchaseOrderDeltas', key: 'CGF-2026-0007' }
[PMS_IDB_UNAVAILABLE] put 跳过,数据仅保留在内存 { store: 'pmsMaterialPurchaseOrderDeltas', key: 'CGF-2026-0007' }
[PMS_IDB_LOAD_FAILED] { message: '当前浏览器不支持 IndexedDB,PMS 业务数据无法持久化。' }
[PMS_IDB_LOAD_FAILED] { message: '当前浏览器不支持 IndexedDB,PMS 业务数据无法持久化。' }
[PMS_IDB_LOAD_FAILED] { message: '当前浏览器不支持 IndexedDB,PMS 业务数据无法持久化。' }
✔ PMS采购实际仓库实收与原料库存一次保存；分批、刷新、原料使用和退回均不重复履约 (212.837833ms)
✔ 历史手工到货及不支持的单位不能直接变成投入料可用库存 (0.962542ms)
✔ 首次实收前供应商确认与关闭可刷新恢复，保存失败和损坏存储不会覆盖状态 (1.194375ms)
✔ N01采用路线按染色→印花关联原单，多尺码不重复列工序，不修改印染数量 (2.190833ms)
✔ 旧版本、错误SKU、码制单位、取消或变更待处理均不作为有效关联 (0.60475ms)
✔ 同号不同生产单或BOM不得关联，重复来源不静默选择，混合快照阻断 (0.5435ms)
✔ 编辑器按尺码保留规格，截断打头不新建SKU，重复保存沿用节点身份 (1.88775ms)
✔ 无印染要求时 TMF 路线只生成截断节点，不凭空生成染色或印花节点 (0.212333ms)
✔ 前序印染产出SKU作为截断投入；保留独立橡筋工艺，移除打头后下游连接截断 (0.554625ms)
✔ 未明确打头、错误辅料BOM、无半成品和不合法前序不能生成可执行路线 (0.163833ms)
(node:16367) ExperimentalWarning: localStorage is not available because --localstorage-file was not provided.
(Use `node --trace-warnings ...` to show where the warning was created)
✔ N01：400 条 50CM 和 600 条 70CM 分行计算，共 620 米；未增加 SKU (1.465958ms)
✔ 缺少尺码数量、非整数条数、公差或测量条件时不猜测需求 (0.357833ms)
✔ B07：未选择打头、缺少端头方式或辅材不能确认；支持两端不同端头 (0.264708ms)
✔ N04/B08：硅胶按重量且必须有覆盖长度，不作为独立金属头计数 (0.094917ms)
✔ B18：打头只能承接对应截断条料，不能换 SKU、换长度或重新领连续料 (0.260083ms)
✔ N05：规格相同可以合并，但尺码、用途和需求身份不靠物理规格键代替 (0.094ms)
✔ B14：修改后续版本端头要求不能污染生产单历史快照 (0.619ms)
✔ 发布门禁：含织带截断工序的技术包必须规格完整且规格仍关联当前 BOM (0.150834ms)
(node:16368) ExperimentalWarning: localStorage is not available because --localstorage-file was not provided.
(Use `node --trace-warnings ...` to show where the warning was created)
✔ 已提交新周期可由真实袋档案进入历史，错误袋和未知周期仍拒绝 (1.067ms)
(node:16369) ExperimentalWarning: localStorage is not available because --localstorage-file was not provided.
(Use `node --trace-warnings ...` to show where the warning was created)
✔ REPLACEMENT_FABRIC 已绑定有效同生产单任务保留归属，不按部位裁片SKU消除 (23.095167ms)
✔ REPLACEMENT_FABRIC 未绑定票不猜任务，可由用户明确同批加入 (12.482625ms)
✔ REPLACEMENT_FABRIC old-factory 旧绑定不可作为当前任务沿用 (10.9145ms)
✔ REPLACEMENT_FABRIC other-order 旧绑定不可作为当前任务沿用 (24.171ms)
✔ BINDING_STRIP 已绑定有效同生产单任务保留归属，不按部位裁片SKU消除 (10.004458ms)
✔ BINDING_STRIP 未绑定票不猜任务，可由用户明确同批加入 (7.970333ms)
✔ BINDING_STRIP old-factory 旧绑定不可作为当前任务沿用 (9.157959ms)
✔ BINDING_STRIP other-order 旧绑定不可作为当前任务沿用 (9.70975ms)
ℹ tests 652
ℹ suites 0
ℹ pass 652
ℹ fail 0
ℹ cancelled 0
ℹ skipped 0
ℹ todo 0
ℹ duration_ms 19327.942708
vite v6.4.3 building for production...
transforming...
✓ 2735 modules transformed.
Circular chunk: pcs-tech-pack-review -> pcs-tech-pack-bootstrap -> pcs-tech-pack-review. Consider disabling the "output.onlyExplicitManualChunks" option, as enabling it causes the static dependencies of the manual chunk "pcs-tech-pack-bootstrap" to be bundled into the chunk "pcs-tech-pack-review".
rendering chunks...
[plugin vite:reporter] 
(!) /Users/laoer/Documents/higoods/src/data/fcs/cutting/cutting-record-identity.ts is dynamically imported by /Users/laoer/Documents/higoods/src/data/fcs/cutting/cutting-record-repository.ts but also statically imported by /Users/laoer/Documents/higoods/src/data/fcs/cutting/cutting-event-migration.ts, /Users/laoer/Documents/higoods/src/data/fcs/cutting/cutting-file-maintenance.ts, /Users/laoer/Documents/higoods/src/data/fcs/cutting/part-ticket-records.ts, /Users/laoer/Documents/higoods/src/data/fcs/cutting/replacement-fabric-fei-tickets.ts, /Users/laoer/Documents/higoods/src/data/fcs/cutting/replacement-fabric-repository.ts, /Users/laoer/Documents/higoods/src/data/fcs/cutting/retired-cut-piece-pickup-history.ts, /Users/laoer/Documents/higoods/src/data/fcs/production-context-actions.ts, /Users/laoer/Documents/higoods/src/data/fcs/production-context-records.ts, /Users/laoer/Documents/higoods/src/pages/pda-cutting-save.ts, /Users/laoer/Documents/higoods/src/pages/print/replacement-fabric-preview.ts, /Users/laoer/Documents/higoods/src/pages/process-factory/cutting/replacement-fabric-fei-tickets.ts, /Users/laoer/Documents/higoods/src/pages/process-factory/cutting/transfer-bags/state.ts, /Users/laoer/Documents/higoods/src/pages/process-factory/cutting/wait-handover-actions.ts, /Users/laoer/Documents/higoods/src/pages/production-contract-print.ts, /Users/laoer/Documents/higoods/src/pages/unified-dispatch-workbench.ts, dynamic import will not move module into another chunk.

[plugin vite:reporter] 
(!) /Users/laoer/Documents/higoods/src/data/fcs/production-context-records.ts is dynamically imported by /Users/laoer/Documents/higoods/src/data/fcs/cutting/cutting-record-repository.ts, /Users/laoer/Documents/higoods/src/data/pcs-product-reference-check.ts, /Users/laoer/Documents/higoods/src/main.ts but also statically imported by /Users/laoer/Documents/higoods/src/data/fcs/cutting/cutting-event-repository.ts, /Users/laoer/Documents/higoods/src/data/fcs/cutting/part-ticket-records.ts, /Users/laoer/Documents/higoods/src/data/fcs/cutting/replacement-fabric-repository.ts, /Users/laoer/Documents/higoods/src/data/fcs/cutting/replacement-fabric-source.ts, /Users/laoer/Documents/higoods/src/data/fcs/cutting/retired-cut-piece-pickup-history.ts, /Users/laoer/Documents/higoods/src/data/fcs/effective-task-assignments.ts, /Users/laoer/Documents/higoods/src/data/fcs/pda-handover-events.ts, /Users/laoer/Documents/higoods/src/data/fcs/production-context-actions.ts, /Users/laoer/Documents/higoods/src/data/fcs/production-contracts.ts, /Users/laoer/Documents/higoods/src/data/fcs/production-order-runtime-store.ts, /Users/laoer/Documents/higoods/src/data/fcs/production-orders.ts, /Users/laoer/Documents/higoods/src/data/fcs/runtime-process-tasks.ts, /Users/laoer/Documents/higoods/src/data/fcs/sewing-outsourcing-responsibility.ts, /Users/laoer/Documents/higoods/src/data/fcs/sewing-sample-approval-suggestion.ts, /Users/laoer/Documents/higoods/src/pages/dispatch-tenders.ts, /Users/laoer/Documents/higoods/src/pages/process-factory/cutting/replacement-fabric-data-tools.ts, /Users/laoer/Documents/higoods/src/pages/production-context-recovery.ts, dynamic import will not move module into another chunk.

[plugin vite:reporter] 
(!) /Users/laoer/Documents/higoods/src/components/production-object-floating-entry.ts is dynamically imported by /Users/laoer/Documents/higoods/src/main.ts but also statically imported by /Users/laoer/Documents/higoods/src/components/shell.ts, dynamic import will not move module into another chunk.

[plugin vite:reporter] 
(!) /Users/laoer/Documents/higoods/src/data/fcs/printing-task-domain.ts is dynamically imported by /Users/laoer/Documents/higoods/src/data/fcs/dyeing-task-domain.ts, /Users/laoer/Documents/higoods/src/data/fcs/tmf-upstream-process-orders.ts, /Users/laoer/Documents/higoods/src/data/pms/tmf-material-purchases.ts, /Users/laoer/Documents/higoods/src/pages/process-factory/accessory/webbing/work-order-detail.ts, /Users/laoer/Documents/higoods/src/pages/process-factory/accessory/webbing/work-order-detail.ts but also statically imported by /Users/laoer/Documents/higoods/src/data/fcs/cutting/material-prep.ts, /Users/laoer/Documents/higoods/src/data/fcs/cutting/supplement-node-facts.ts, /Users/laoer/Documents/higoods/src/data/fcs/design-revision-material-transfer.ts, /Users/laoer/Documents/higoods/src/data/fcs/design-revision-process-work-order-adapter.ts, /Users/laoer/Documents/higoods/src/data/fcs/factory-receiving-links.ts, /Users/laoer/Documents/higoods/src/data/fcs/factory-receiving-source-sync.ts, /Users/laoer/Documents/higoods/src/data/fcs/mobile-execution-task-index.ts, /Users/laoer/Documents/higoods/src/data/fcs/pda-start-link.ts, /Users/laoer/Documents/higoods/src/data/fcs/printing-factory-demos.ts, /Users/laoer/Documents/higoods/src/data/fcs/printing-material-receipts.ts, /Users/laoer/Documents/higoods/src/data/fcs/printing-statistics.ts, /Users/laoer/Documents/higoods/src/data/fcs/printing-warehouse-view.ts, /Users/laoer/Documents/higoods/src/data/fcs/printing-work-order-business.ts, /Users/laoer/Documents/higoods/src/data/fcs/process-action-writeback-service.ts, /Users/laoer/Documents/higoods/src/data/fcs/process-execution-writeback.ts, /Users/laoer/Documents/higoods/src/data/fcs/process-mobile-task-binding.ts, /Users/laoer/Documents/higoods/src/data/fcs/process-warehouse-linkage-service.ts, /Users/laoer/Documents/higoods/src/data/fcs/process-web-status-actions.ts, /Users/laoer/Documents/higoods/src/data/fcs/process-work-order-domain.ts, /Users/laoer/Documents/higoods/src/data/fcs/process-work-order-generation-service.ts, /Users/laoer/Documents/higoods/src/data/fcs/production-demand-early-process-work-orders.ts, /Users/laoer/Documents/higoods/src/data/fcs/production-object-overview.ts, /Users/laoer/Documents/higoods/src/data/fcs/production-process-work-order-service.ts, /Users/laoer/Documents/higoods/src/data/fcs/production-task-breakdown.ts, /Users/laoer/Documents/higoods/src/data/fcs/task-print-cards.ts, /Users/laoer/Documents/higoods/src/pages/pcs-independent-sampling.ts, /Users/laoer/Documents/higoods/src/pages/pda-exec-detail.ts, /Users/laoer/Documents/higoods/src/pages/pda-exec.ts, /Users/laoer/Documents/higoods/src/pages/pda-task-receive.ts, /Users/laoer/Documents/higoods/src/pages/print/templates/printing-work-order-template.ts, /Users/laoer/Documents/higoods/src/pages/process-factory/cutting/production-order-overview-projection.ts, /Users/laoer/Documents/higoods/src/pages/process-factory/dyeing/pending-receipts.ts, /Users/laoer/Documents/higoods/src/pages/process-factory/printing/dashboards.ts, /Users/laoer/Documents/higoods/src/pages/process-factory/printing/dialogs.ts, /Users/laoer/Documents/higoods/src/pages/process-factory/printing/dispatch.ts, /Users/laoer/Documents/higoods/src/pages/process-factory/printing/events.ts, /Users/laoer/Documents/higoods/src/pages/process-factory/printing/presentation.ts, /Users/laoer/Documents/higoods/src/pages/process-factory/printing/shared.ts, /Users/laoer/Documents/higoods/src/pages/process-factory/printing/statistics.ts, /Users/laoer/Documents/higoods/src/pages/process-factory/printing/work-order-detail.ts, /Users/laoer/Documents/higoods/src/pages/process-print-orders.ts, /Users/laoer/Documents/higoods/src/pages/process-work-orders/early-process-management.ts, /Users/laoer/Documents/higoods/src/pages/production/demand-domain.ts, /Users/laoer/Documents/higoods/src/runtime/fcs/cutting/pickup-management-runtime.ts, dynamic import will not move module into another chunk.

computing gzip size...
dist/index.html                                                          12.17 kB │ gzip:   3.10 kB
dist/assets/pcs-pattern-parse.worker-B3_rAVMB.js                         18.52 kB
dist/assets/pcs-record-baseline-BuywTovF.json                         4,126.10 kB │ gzip: 226.74 kB
dist/assets/order-pages-BLg6Ma6N.css                                     85.42 kB │ gzip:  15.73 kB
dist/assets/index-C52qRBKG.css                                          154.90 kB │ gzip:  25.44 kB
dist/assets/domain-snapshot-Dwu1db6w.js                                   0.34 kB │ gzip:   0.26 kB
dist/assets/sample-warehouse-projection-xBhDoBgw.js                       0.39 kB │ gzip:   0.25 kB
dist/assets/pcs-engineering-bom-snapshot-source-DRUjmPsv.js               0.41 kB │ gzip:   0.30 kB
dist/assets/real-qr-placeholder-CZyIiicq.js                               0.52 kB │ gzip:   0.35 kB
dist/assets/pcs-record-bootstrap-X5N-gB9_.js                              0.56 kB │ gzip:   0.45 kB
dist/assets/dialogs-Besr1CgR.js                                           0.59 kB │ gzip:   0.31 kB
dist/assets/design-revision-pcs-command-Dy8E8jie.js                       0.68 kB │ gzip:   0.38 kB
dist/assets/pcs-storage-error-BTyiZMEF.js                                 0.71 kB │ gzip:   0.52 kB
dist/assets/badge-C2RDdzhP.js                                             0.78 kB │ gzip:   0.42 kB
dist/assets/images-Q79qfJD0.js                                            0.80 kB │ gzip:   0.35 kB
dist/assets/pms-export-4uYbOFIr.js                                        0.83 kB │ gzip:   0.50 kB
dist/assets/placeholder-BiQmzMZj.js                                       0.85 kB │ gzip:   0.47 kB
dist/assets/pda-cutting-save--HARYvfo.js                                  0.88 kB │ gzip:   0.59 kB
dist/assets/trace-DPMj7dqr.js                                             0.89 kB │ gzip:   0.51 kB
dist/assets/execution-prep-projection-helpers-CwO4blRn.js                 0.94 kB │ gzip:   0.46 kB
dist/assets/history-BmbT-Xcm.js                                           0.94 kB │ gzip:   0.61 kB
dist/assets/payment-sync-DMbdTRHR.js                                      0.97 kB │ gzip:   0.62 kB
dist/assets/tmf-reference-images-6geKcU1B.js                              0.98 kB │ gzip:   0.50 kB
dist/assets/material-purchase-references-B4wOwh1L.js                      1.00 kB │ gzip:   0.54 kB
dist/assets/print-service-CyrwQfQw.js                                     1.04 kB │ gzip:   0.52 kB
dist/assets/pda-sewing-self-return-mode-CVT5AEl1.js                       1.07 kB │ gzip:   0.54 kB
dist/assets/process-work-order-generation-service-BwwBXBCL.js             1.07 kB │ gzip:   0.65 kB
dist/assets/detail.adapter-BHavLS0B.js                                    1.08 kB │ gzip:   0.68 kB
dist/assets/routes-los-DTU35gxV.js                                        1.14 kB │ gzip:   0.54 kB
dist/assets/dyeing-material-receipts-BhiQV9Tx.js                          1.14 kB │ gzip:   0.75 kB
dist/assets/tech-pack-Bl8ZSleC.js                                         1.18 kB │ gzip:   0.55 kB
dist/assets/pda-runtime-BitvMWzg.js                                       1.21 kB │ gzip:   0.66 kB
dist/assets/replacement-fabric-scan-DLb1NoC2.js                           1.28 kB │ gzip:   0.80 kB
dist/assets/overview-B4mIQZhc.js                                          1.29 kB │ gzip:   0.71 kB
dist/assets/process-work-order-source-view-DxXMpvov.js                    1.30 kB │ gzip:   0.58 kB
dist/assets/transfer-bag-handover-mock-DurDW2o2.js                        1.31 kB │ gzip:   0.71 kB
dist/assets/pcs-tech-pack-review-notification-repository-C-RH2D9T.js      1.34 kB │ gzip:   0.59 kB
dist/assets/work-order-action-policy-B_htTkaE.js                          1.34 kB │ gzip:   0.68 kB
dist/assets/real-qr-ggLuZS0y.js                                           1.39 kB │ gzip:   0.80 kB
dist/assets/filter-bar-BLL5L6fy.js                                        1.49 kB │ gzip:   0.81 kB
dist/assets/factory-types-DbcizYGx.js                                     1.52 kB │ gzip:   0.65 kB
dist/assets/material-identity-DILv4-o5.js                                 1.54 kB │ gzip:   0.85 kB
dist/assets/supplement-material-prep-demand-registry-DI-N3DvB.js          1.56 kB │ gzip:   0.75 kB
dist/assets/task-handover-domain-B5Re0bel.js                              1.57 kB │ gzip:   0.76 kB
dist/assets/pda-cutting-wait-handover-actions-RCK3ufPv.js                 1.58 kB │ gzip:   0.62 kB
dist/assets/warehouse-shared-CtGNYBUJ.js                                  1.58 kB │ gzip:   0.51 kB
dist/assets/task-chain-pages-adapter-Bg9ENuxL.js                          1.71 kB │ gzip:   0.84 kB
dist/assets/pcs-tech-pack-version-log-repository-DDJ6GCFG.js              1.73 kB │ gzip:   0.79 kB
dist/assets/real-barcode-TRet7Z5D.js                                      1.81 kB │ gzip:   0.96 kB
dist/assets/tmf-upstream-receiving-BYaxjqDD.js                            1.83 kB │ gzip:   1.14 kB
dist/assets/list-export-MJtwFqu_.js                                       1.86 kB │ gzip:   1.09 kB
dist/assets/toast-Bnl0mh-r.js                                             1.87 kB │ gzip:   0.90 kB
dist/assets/pcs-material-handoff-ypMBYxCz.js                              1.87 kB │ gzip:   0.92 kB
dist/assets/wool-pda-scan-D6LCMQ9v.js                                     1.88 kB │ gzip:   1.04 kB
dist/assets/mixed-transfer-bag-ticket-DETTPWFm.js                         1.89 kB │ gzip:   0.79 kB
dist/assets/kol-goto-fixed-total-ledger-mYUOWEdH.js                       1.93 kB │ gzip:   0.93 kB
dist/assets/table-BJGRa9IN.js                                             2.04 kB │ gzip:   1.02 kB
dist/assets/pcs-action-dialog-3L8akARH.js                                 2.09 kB │ gzip:   1.07 kB
dist/assets/binding-process-pda-scan-4t7abJTp.js                          2.18 kB │ gzip:   1.13 kB
dist/assets/cutting-file-maintenance-dVDussmq.js                          2.22 kB │ gzip:   1.18 kB
dist/assets/special-craft-pda-scope-BsRTqFrp.js                           2.24 kB │ gzip:   1.02 kB
dist/assets/mixed-bag-contents-5tjfZZrz.js                                2.31 kB │ gzip:   1.28 kB
dist/assets/production-order-tech-pack-runtime-CcAJLxeX.js                2.35 kB │ gzip:   0.91 kB
dist/assets/helpers-BFKa6pUf.js                                           2.42 kB │ gzip:   1.21 kB
dist/assets/production-context-recovery-BjzwdpoT.js                       2.44 kB │ gzip:   1.26 kB
dist/assets/tmf-work-order-view-Bw8WBZFq.js                               2.56 kB │ gzip:   1.18 kB
dist/assets/factory-capacity-profile-mock-Dv5YtZGT.js                     2.64 kB │ gzip:   1.15 kB
dist/assets/pms-excel-import-DnMCWv6B.js                                  2.66 kB │ gzip:   1.32 kB
dist/assets/shared-DA5yTKVm.js                                            2.70 kB │ gzip:   1.02 kB
dist/assets/process-order-list-presentation-CugCX8GS.js                   2.71 kB │ gzip:   1.27 kB
dist/assets/post-finishing-spu-technical-parameters-p-uJptja.js           2.79 kB │ gzip:   1.28 kB
dist/assets/marker-plan-projection--k3lD6UB.js                            2.82 kB │ gzip:   1.22 kB
dist/assets/dialogs-DN1QhSHW.js                                           2.94 kB │ gzip:   1.22 kB
dist/assets/process-order-task-relations-CPt2yV3P.js                      2.97 kB │ gzip:   1.29 kB
dist/assets/product-skus-CEt6Fukj.js                                      3.03 kB │ gzip:   0.96 kB
dist/assets/production-order-identity-BA5KANBL.js                         3.04 kB │ gzip:   1.26 kB
dist/assets/tabs-jZoL18PD.js                                              3.09 kB │ gzip:   0.93 kB
dist/assets/pda-cutting-runtime-action-inputs-DxLnY1jZ.js                 3.13 kB │ gzip:   1.08 kB
dist/assets/trade-subjects-B1U82DIE.js                                    3.16 kB │ gzip:   1.12 kB
dist/assets/work-order-detail-ZusCRlAb.js                                 3.30 kB │ gzip:   1.40 kB
dist/assets/cutting-mainline-aYpZUpG0.js                                  3.41 kB │ gzip:   1.53 kB
dist/assets/authorization-code-Cgp9436U.js                                3.49 kB │ gzip:   1.68 kB
dist/assets/printing-sheet-preview-Cf-YbpdT.js                            3.52 kB │ gzip:   1.69 kB
dist/assets/confirmation-print-BHaEW4Kf.js                                3.56 kB │ gzip:   1.53 kB
dist/assets/cutting-receipts-CU6D07IV.js                                  3.58 kB │ gzip:   1.67 kB
dist/assets/binding-process-warehouse-linkage-service-ChrKQQ6N.js         3.62 kB │ gzip:   1.38 kB
dist/assets/fcs-route-links-DzN6964L.js                                   3.67 kB │ gzip:   1.20 kB
dist/assets/shared-C3Cc6bhk.js                                            3.72 kB │ gzip:   1.69 kB
dist/assets/quality-chain-adapter-tkLPwxom.js                             3.73 kB │ gzip:   1.66 kB
dist/assets/task-route-card-WO0OOBwx.js                                   3.83 kB │ gzip:   1.67 kB
dist/assets/shared-BRIUZ00d.js                                            3.87 kB │ gzip:   1.62 kB
dist/assets/task-delivery-card-BjW2j1rN.js                                3.89 kB │ gzip:   1.75 kB
dist/assets/production-contract-print-CvcIcG89.js                         3.92 kB │ gzip:   2.01 kB
dist/assets/pcs-product-reference-check-DAwPc674.js                       3.96 kB │ gzip:   1.65 kB
dist/assets/sewing-outsourcing-demo-BoXPk03J.js                           4.05 kB │ gzip:   1.63 kB
dist/assets/tipping-form-CuyTXyVj.js                                      4.07 kB │ gzip:   2.02 kB
dist/assets/pda-cutting-simple-cut-piece-handover-DVag1gpp.js             4.07 kB │ gzip:   1.86 kB
dist/assets/transfer-bag-repack-mock-CY7JjrL7.js                          4.09 kB │ gzip:   1.90 kB
dist/assets/transit-simple-lists-Ck4vBJ2_.js                              4.17 kB │ gzip:   1.47 kB
dist/assets/supplement-order-registry-CHnc7juB.js                         4.49 kB │ gzip:   1.76 kB
dist/assets/tmf-process-print-preview-CeSKVIyt.js                         4.59 kB │ gzip:   2.16 kB
dist/assets/progress-board-CSPvcXQC.js                                    4.71 kB │ gzip:   2.10 kB
dist/assets/form-s7cDpyaE.js                                              4.74 kB │ gzip:   1.40 kB
dist/assets/layout.helpers-BcmQmJeX.js                                    4.76 kB │ gzip:   1.73 kB
dist/assets/runtime-task-tenders-YGz6fHpq.js                              4.76 kB │ gzip:   1.94 kB
dist/assets/preparation-material-receipt-sources-DBcahgsy.js              4.76 kB │ gzip:   1.99 kB
dist/assets/sewing-outsourcing-responsibility-DX4WQAFh.js                 4.80 kB │ gzip:   2.09 kB
dist/assets/relations-C3E0vtLn.js                                         4.80 kB │ gzip:   2.20 kB
dist/assets/transit-dashboard-InT8hkBn.js                                 4.85 kB │ gzip:   2.04 kB
dist/assets/result-list-B73E0wAs.js                                       4.94 kB │ gzip:   2.06 kB
dist/assets/store-domain-dispatch-process-BUSEVCui.js                     5.00 kB │ gzip:   1.94 kB
dist/assets/cutting-event-migration-Cbwq-t6G.js                           5.07 kB │ gzip:   2.05 kB
dist/assets/tmf-upstream-process-orders-DwtBnQXU.js                       5.08 kB │ gzip:   2.38 kB
dist/assets/process-order-list-controller-M3_PVVX1.js                     5.09 kB │ gzip:   1.91 kB
dist/assets/material-requirements-CODMtaef.js                             5.27 kB │ gzip:   2.24 kB
dist/assets/process-work-order-quality-settlement-kJx0Pxpk.js             5.33 kB │ gzip:   2.20 kB
dist/assets/dashboards-v4YyKWQx.js                                        5.61 kB │ gzip:   2.67 kB
dist/assets/tmf-process-continuation-B3hoPFRr.js                          5.66 kB │ gzip:   1.62 kB
dist/assets/retired-cut-piece-pickup-history-CGwvuGhR.js                  5.68 kB │ gzip:   2.29 kB
dist/assets/wls-page-handlers-CKBsyorj.js                                 5.68 kB │ gzip:   2.03 kB
dist/assets/replacement-fabric-label-template-biKpgGLE.js                 5.71 kB │ gzip:   2.54 kB
dist/assets/dispatch-task-sheet-Cf3IC3w9.js                               5.72 kB │ gzip:   2.70 kB
dist/assets/replacement-fabric-preview-BjmR2gDR.js                        5.78 kB │ gzip:   2.79 kB
dist/assets/pcs-product-information-DFZe60tk.js                           5.79 kB │ gzip:   2.65 kB
dist/assets/process-order-three-axis-view-CipHmg6D.js                     5.85 kB │ gzip:   2.36 kB
dist/assets/pda-cutting-nav-context-8mdu4wZ6.js                           5.95 kB │ gzip:   1.41 kB
dist/assets/los-live-room-master-D6BeBMAa.js                              5.97 kB │ gzip:   2.66 kB
dist/assets/transfer-bags-projection-D-LrzguT.js                          5.99 kB │ gzip:   2.37 kB
dist/assets/pda-wool-warehouse-flows-BSnYMCza.js                          6.01 kB │ gzip:   2.99 kB
dist/assets/fcs-pda-pickup-dispute-Dd9RFtbu.js                            6.18 kB │ gzip:   2.19 kB
dist/assets/warehouse-standard-DKsCVV-t.js                                6.30 kB │ gzip:   2.10 kB
dist/assets/fact-view-C1D3e0Q2.js                                         6.35 kB │ gzip:   2.11 kB
dist/assets/transfer-bag-goods-label-CNGz8H3g.js                          6.46 kB │ gzip:   2.65 kB
dist/assets/production-contract-center-BlYbW-p-.js                        6.53 kB │ gzip:   2.80 kB
dist/assets/routes-pda-BTCw24rv.js                                        6.54 kB │ gzip:   2.49 kB
dist/assets/printing-work-order-template-BkxHxBs8.js                      6.55 kB │ gzip:   3.09 kB
dist/assets/workbench-BNbh5_b-.js                                         6.63 kB │ gzip:   2.68 kB
dist/assets/sewing-outsourcing-supplement-tracking-TOvrQMWh.js            6.63 kB │ gzip:   2.89 kB
dist/assets/cutting-task-routing-DY9-2zi4.js                              6.65 kB │ gzip:   2.38 kB
dist/assets/factory-receiving-links-iVGHbsuA.js                           6.74 kB │ gzip:   2.72 kB
dist/assets/routes-pcs-CFTq8Clo.js                                        6.79 kB │ gzip:   1.83 kB
dist/assets/production-contract-master-template-CVMKVddT.js               6.85 kB │ gzip:   2.74 kB
dist/assets/shared-CgA1LwvV.js                                            6.86 kB │ gzip:   2.53 kB
dist/assets/material-handover-Cw9w0Xfx.js                                 6.96 kB │ gzip:   2.74 kB
dist/assets/data-management-Cgsv3rU_.js                                   6.99 kB │ gzip:   2.56 kB
dist/assets/stock-seed-Cj8lLuwm.js                                        7.11 kB │ gzip:   2.44 kB
dist/assets/dye-work-order-times-w7U4XCtx.js                              7.22 kB │ gzip:   2.55 kB
dist/assets/overview.helpers-BP2F5Yu8.js                                  7.36 kB │ gzip:   2.88 kB
dist/assets/pcs-channel-legacy-conversion-Dg3I_fD9.js                     7.40 kB │ gzip:   3.19 kB
dist/assets/craft-actions-DAxV53b_.js                                     7.41 kB │ gzip:   3.34 kB
dist/assets/pcs-testing-order-create-BVaVPzpZ.js                          7.41 kB │ gzip:   2.90 kB
dist/assets/shared-BOq_8sNv.js                                            7.43 kB │ gzip:   2.60 kB
dist/assets/settlement-flow-boundaries-DbkSNas3.js                        7.43 kB │ gzip:   2.53 kB
dist/assets/production-craft-dict-Depl5eFb.js                             7.51 kB │ gzip:   2.83 kB
dist/assets/transit-warehouse-CGN4xIMS.js                                 7.54 kB │ gzip:   2.13 kB
dist/assets/pcs-sample-label-DyMDG2xK.js                                  7.59 kB │ gzip:   3.45 kB
dist/assets/pda-transfer-bag-detail-hnASqntI.js                           7.75 kB │ gzip:   2.92 kB
dist/assets/supplement-node-facts-BBPnt26n.js                             7.76 kB │ gzip:   2.84 kB
dist/assets/statistics-DQBHy_4P.js                                        7.90 kB │ gzip:   2.58 kB
dist/assets/sewing-outsourcing-return-tracking-DtfQI1WJ.js                7.91 kB │ gzip:   2.96 kB
dist/assets/tmf-process-sheet-template-B74D13qM.js                        8.00 kB │ gzip:   3.80 kB
dist/assets/production-contracts-BoBW7oJb.js                              8.07 kB │ gzip:   2.75 kB
dist/assets/progress-exception-lifecycle-BJx0gSBY.js                      8.09 kB │ gzip:   2.70 kB
dist/assets/supplier-supply-archives-BlEcoBE_.js                          8.12 kB │ gzip:   2.59 kB
dist/assets/pda-notify-DkNnMOEj.js                                        8.13 kB │ gzip:   3.05 kB
dist/assets/milestone-configs-DFpjxmux.js                                 8.41 kB │ gzip:   2.94 kB
dist/assets/pcs-testing-order-list-MVSVhFjR.js                            8.42 kB │ gzip:   3.28 kB
dist/assets/fei-ticket-numbering-CWXE81Ga.js                              8.82 kB │ gzip:   3.09 kB
dist/assets/pre-settlement-ledger-repository-BX1U3-Zv.js                  8.84 kB │ gzip:   3.03 kB
dist/assets/pcs-pattern-library-config-CdYcOjy8.js                        8.84 kB │ gzip:   2.42 kB
dist/assets/pda-cutting-shared-fWRH9VqS.js                                8.87 kB │ gzip:   2.73 kB
dist/assets/navigation-context-BMDEd0HR.js                                8.87 kB │ gzip:   2.46 kB
dist/assets/warehouses-bLRTZZxS.js                                        8.88 kB │ gzip:   2.11 kB
dist/assets/pda-cutting-execution-unit-DmRWxXuy.js                        8.89 kB │ gzip:   3.39 kB
dist/assets/bom-templates-jdccnQ0b.js                                     8.90 kB │ gzip:   3.70 kB
dist/assets/pda-notify-detail-BR07Yg0j.js                                 9.02 kB │ gzip:   3.00 kB
dist/assets/pda-cutting-fei-ticket-numbering-CEnYZy3a.js                  9.05 kB │ gzip:   3.13 kB
dist/assets/cutting-event-repository-DPuEVBFA.js                          9.15 kB │ gzip:   4.04 kB
dist/assets/machine-associations-DZe7JXhF.js                              9.16 kB │ gzip:   3.11 kB
dist/assets/pda-warehouse-ChkKXfZs.js                                     9.16 kB │ gzip:   3.66 kB
dist/assets/workbench-DPwqq5lX.js                                         9.21 kB │ gzip:   3.81 kB
dist/assets/material-process-plans-DgDkGjdB.js                            9.27 kB │ gzip:   3.69 kB
dist/assets/production-context-actions-BE9dG_eo.js                        9.29 kB │ gzip:   3.48 kB
dist/assets/pda-execution-CSitLZqK.js                                     9.30 kB │ gzip:   3.69 kB
dist/assets/handover-records-BbJveQHD.js                                  9.35 kB │ gzip:   3.56 kB
dist/assets/mobile-Cla9jvIi.js                                            9.53 kB │ gzip:   3.08 kB
dist/assets/pda-cutting-transfer-bag-recovery-CPBNbfdo.js                 9.56 kB │ gzip:   3.94 kB
dist/assets/routes-pms-DCCjqwYd.js                                        9.64 kB │ gzip:   2.48 kB
dist/assets/sewing-pickup-slips-BTdXd-Y4.js                               9.65 kB │ gzip:   3.63 kB
dist/assets/dye-work-order-online-domain-Dtg7V6cM.js                      9.78 kB │ gzip:   3.65 kB
dist/assets/production-receipts-Cw0JJqX7.js                               9.80 kB │ gzip:   3.95 kB
dist/assets/pending-receipts-CRQhNcHR.js                                  9.91 kB │ gzip:   4.09 kB
dist/assets/statistics-D9fX6LA2.js                                        9.93 kB │ gzip:   4.32 kB
dist/assets/pda-cutting-transfer-bag-scrap-Dy0WMr9F.js                    9.95 kB │ gzip:   4.07 kB
dist/assets/continuous-stock-D1PO24le.js                                 10.09 kB │ gzip:   4.11 kB
dist/assets/trade-subjects-B6AZRYui.js                                   10.26 kB │ gzip:   3.74 kB
dist/assets/production-return-fulfillment-BGVgqlEY.js                    10.50 kB │ gzip:   4.00 kB
dist/assets/bom-templates-BPXPFe2s.js                                    10.52 kB │ gzip:   2.48 kB
dist/assets/yarn-shipments-22gCoKG4.js                                   10.57 kB │ gzip:   4.76 kB
dist/assets/list-BcosotL_.js                                             10.59 kB │ gzip:   3.70 kB
dist/assets/settings-BRuHxhiZ.js                                         10.73 kB │ gzip:   3.25 kB
dist/assets/product-skus-VIaFbyzw.js                                     10.74 kB │ gzip:   4.14 kB
dist/assets/transit-receipts-BokaYKib.js                                 10.99 kB │ gzip:   4.03 kB
dist/assets/presentation-B0p-pltF.js                                     11.25 kB │ gzip:   4.64 kB
dist/assets/design-revision-pcs-storage-D2ozVRMd.js                      11.28 kB │ gzip:   4.27 kB
dist/assets/pda-exec-link-A7IsfqNG.js                                    11.31 kB │ gzip:   3.69 kB
dist/assets/pda-login-DDZzBK5F.js                                        11.31 kB │ gzip:   4.38 kB
dist/assets/material-prep-DstHMdqf.js                                    11.39 kB │ gzip:   2.68 kB
dist/assets/dyeing-warehouse-view-C93OsRW5.js                            11.49 kB │ gzip:   3.95 kB
dist/assets/pcs-engineering-preparation-projection-CWEOH25C.js           11.49 kB │ gzip:   4.26 kB
dist/assets/warehouses-C8eq3VOx.js                                       11.73 kB │ gzip:   4.23 kB
dist/assets/purchase-suggestions-BDFLYHm3.js                             11.86 kB │ gzip:   3.70 kB
dist/assets/material-transfers-ozxM0RPO.js                               11.89 kB │ gzip:   4.17 kB
dist/assets/task-breakdown-DDSNwrKv.js                                   12.03 kB │ gzip:   4.48 kB
dist/assets/pickup-management-runtime-BHzQboJ-.js                        12.25 kB │ gzip:   4.73 kB
dist/assets/task-execution-adapter-wxOx427S.js                           12.26 kB │ gzip:   3.69 kB
dist/assets/process-statistics-domain-XHDbbu8E.js                        12.33 kB │ gzip:   4.03 kB
dist/assets/pms-handlers-Gzk2hrec.js                                     12.39 kB │ gzip:   2.85 kB
dist/assets/tasks-BY9U_c3x.js                                            12.80 kB │ gzip:   4.96 kB
dist/assets/context-1MN5mFS2.js                                          13.02 kB │ gzip:   4.60 kB
dist/assets/meta-DKV91ZsL.js                                             13.16 kB │ gzip:   2.95 kB
dist/assets/handover-records-CFOu9mE9.js                                 13.18 kB │ gzip:   4.14 kB
dist/assets/handover-print-DkPV8LdV.js                                   13.40 kB │ gzip:   4.90 kB
dist/assets/pda-start-link-DlVoRAp_.js                                   13.62 kB │ gzip:   4.82 kB
dist/assets/inventory-monitor-DWh4hYAi.js                                13.66 kB │ gzip:   4.78 kB
dist/assets/bom-detail-B__83e59.js                                       13.69 kB │ gzip:   4.97 kB
dist/assets/returns-BLvUyEcm.js                                          13.71 kB │ gzip:   5.09 kB
dist/assets/tmf-base-demo-BhfDC59m.js                                    13.82 kB │ gzip:   4.99 kB
dist/assets/wls-finished-inbound-YH7HIG33.js                             13.82 kB │ gzip:   5.28 kB
dist/assets/wls-inbound-iR6AmrIj.js                                      13.87 kB │ gzip:   5.41 kB
dist/assets/work-orders-DkLNLQYo.js                                      13.98 kB │ gzip:   5.18 kB
dist/assets/cut-piece-return-warehouse-jCgPduKn.js                       14.02 kB │ gzip:   5.02 kB
dist/assets/pcs-technical-data-tech-pack-list-D-5xcsYM.js                14.20 kB │ gzip:   4.89 kB
dist/assets/supplements-DRwfuMoR.js                                      14.21 kB │ gzip:   5.20 kB
dist/assets/runtime-DFUElxW1.js                                          14.28 kB │ gzip:   5.26 kB
dist/assets/mobile-execution-task-index-a7iPMtWM.js                      14.42 kB │ gzip:   3.88 kB
dist/assets/work-orders-lg_OWz_c.js                                      14.45 kB │ gzip:   4.92 kB
dist/assets/post-finishing-qc-print-template-C-XXBvCj.js                 14.50 kB │ gzip:   4.47 kB
dist/assets/printing-sheet-template-5cm9mMxV.js                          14.58 kB │ gzip:   5.05 kB
dist/assets/work-orders-B7ypCjLD.js                                      14.75 kB │ gzip:   4.78 kB
dist/assets/work-order-detail-DyFWkzxM.js                                14.75 kB │ gzip:   4.73 kB
dist/assets/responsibility-transfers-CmWFMUrs.js                         14.92 kB │ gzip:   5.67 kB
dist/assets/workbench-DiGCkPg-.js                                        15.58 kB │ gzip:   4.73 kB
dist/assets/outbound-orders-yL-ZNIDj.js                                  15.95 kB │ gzip:   5.18 kB
dist/assets/cut-order-supplement-fixture-L6Dzx4_3.js                     15.96 kB │ gzip:   4.83 kB
dist/assets/process-web-status-actions-D5gihTz_.js                       16.00 kB │ gzip:   4.25 kB
dist/assets/handover-ledger-view-B9QNTbwT.js                             16.19 kB │ gzip:   4.46 kB
dist/assets/pcs-handlers-wwo4lqIO.js                                     16.24 kB │ gzip:   4.14 kB
dist/assets/reports-B7HCVqnQ.js                                          16.31 kB │ gzip:   4.20 kB
dist/assets/machines-DWAnbQgq.js                                         16.38 kB │ gzip:   5.46 kB
dist/assets/garment-spu-replacement-Cavp4wGP.js                          16.40 kB │ gzip:   5.03 kB
dist/assets/full-flow-print--Pjg5LUx.js                                  16.42 kB │ gzip:   5.47 kB
dist/assets/cutting-runtime-event-ledger-BeOWcdWG.js                     16.45 kB │ gzip:   5.64 kB
dist/assets/payment-requests-BLQh8Olf.js                                 16.64 kB │ gzip:   5.46 kB
dist/assets/progress-handover-order-BWYWpt0u.js                          16.68 kB │ gzip:   4.96 kB
dist/assets/wls-garment-relabel-tasks-7oPgdlZ1.js                        16.82 kB │ gzip:   5.57 kB
dist/assets/cut-order-release-integration-CMFsIFzt.js                    16.90 kB │ gzip:   6.06 kB
dist/assets/part-ticket-records-DvR5Uxs3.js                              17.02 kB │ gzip:   6.36 kB
dist/assets/dispatch-acceptance-sla-B4lXIg38.js                          17.15 kB │ gzip:   5.13 kB
dist/assets/pda-cutting-task-detail-0cdBybCf.js                          17.15 kB │ gzip:   6.06 kB
dist/assets/sewing-cut-piece-return-workflow-RTwd56oi.js                 17.21 kB │ gzip:   6.09 kB
dist/assets/replacement-fabric-repository-EEc1bdhN.js                    17.26 kB │ gzip:   6.63 kB
dist/assets/product-purchase-orders-DB3GQdhE.js                          17.41 kB │ gzip:   5.22 kB
dist/assets/production-confirmation-vl8LnNTB.js                          17.43 kB │ gzip:   5.94 kB
dist/assets/material-requirements-C8A2mV6q.js                            17.46 kB │ gzip:   5.95 kB
dist/assets/marker-spreading-projection-DEwC-dNb.js                      17.49 kB │ gzip:   5.53 kB
dist/assets/pda-sewing-self-return-DDoqnYKb.js                           17.50 kB │ gzip:   5.92 kB
dist/assets/output-stock-DS7p6tDf.js                                     17.52 kB │ gzip:   6.59 kB
dist/assets/simple-cut-piece-handover-fixtures-BzE8dl36.js               17.53 kB │ gzip:   5.96 kB
dist/assets/progress-cutting-detail-CL8_Tpsb.js                          17.58 kB │ gzip:   4.44 kB
dist/assets/sewing-cut-piece-responsibility-mPwdQYTI.js                  17.63 kB │ gzip:   5.30 kB
dist/assets/supplier-confirmations-B2lJR8xL.js                           17.85 kB │ gzip:   5.29 kB
dist/assets/bom-detail-BGl8te7X.js                                       17.89 kB │ gzip:   5.78 kB
dist/assets/purchase-demands-rBzld850.js                                 18.07 kB │ gzip:   5.82 kB
dist/assets/suppliers-DW0-j-lW.js                                        18.15 kB │ gzip:   5.27 kB
dist/assets/pda-notify-due-soon-CFRXXpSR.js                              18.19 kB │ gzip:   6.21 kB
dist/assets/store-domain-pda-DA5aNVil.js                                 18.21 kB │ gzip:   6.41 kB
dist/assets/process-mobile-task-binding-_Go2G7pr.js                      18.47 kB │ gzip:   6.46 kB
dist/assets/platform-process-result-view-lFDB5bcf.js                     18.56 kB │ gzip:   5.34 kB
dist/assets/store-domain-statement-source-adapter-gmSC1GFW.js            18.71 kB │ gzip:   5.37 kB
dist/assets/sewing-outsourcing-workbench-CL5meCCn.js                     18.76 kB │ gzip:   6.52 kB
dist/assets/supplier-supply-archives-BfLdwzYg.js                         18.90 kB │ gzip:   5.80 kB
dist/assets/warehouse-Dov2hrjs.js                                        18.93 kB │ gzip:   6.05 kB
dist/assets/materials-1exrBy1u.js                                        18.93 kB │ gzip:   4.79 kB
dist/assets/pda-warehouse-shared-CA81PRf1.js                             18.95 kB │ gzip:   5.70 kB
dist/assets/events-DpqkNB3O.js                                           19.04 kB │ gzip:   7.41 kB
dist/assets/production-demand-early-process-work-orders-De1Jcy-k.js      19.13 kB │ gzip:   5.74 kB
dist/assets/platform.adapter-Cksdu1Dc.js                                 19.25 kB │ gzip:   6.08 kB
dist/assets/kol-goto-pda-domain-CXVACI9n.js                              19.33 kB │ gzip:   6.58 kB
dist/assets/shared-BF-eolqg.js                                           19.43 kB │ gzip:   5.25 kB
dist/assets/units-IEByKMlc.js                                            19.72 kB │ gzip:   5.89 kB
dist/assets/adjustments-Ca4nMdyk.js                                      19.76 kB │ gzip:   6.13 kB
dist/assets/post-finishing-current-read-model-6iLpDvVx.js                19.77 kB │ gzip:   5.53 kB
dist/assets/stage-display-Dip3z2eL.js                                    19.84 kB │ gzip:   7.01 kB
dist/assets/pda-warehouse-inbound-records-DFlyRR-u.js                    19.84 kB │ gzip:   5.76 kB
dist/assets/factory-sample-verification-flow-BTRp3bFR.js                 19.86 kB │ gzip:   4.87 kB
dist/assets/index-CEClmIKn.js                                            20.21 kB │ gzip:   5.22 kB
dist/assets/audit-records-BgVK_3mC.js                                    20.26 kB │ gzip:   6.61 kB
dist/assets/process-water-soluble-orders-srlW2gVV.js                     20.31 kB │ gzip:   6.36 kB
dist/assets/pda-warehouse-outbound-records-BYajeZd2.js                   20.35 kB │ gzip:   5.99 kB
dist/assets/material-process-plans-BedRVRmT.js                           20.43 kB │ gzip:   7.55 kB
dist/assets/task-orders-DjNFZmcu.js                                      20.53 kB │ gzip:   7.06 kB
dist/assets/overview.adapter-ByKVhe9Z.js                                 20.65 kB │ gzip:   6.53 kB
dist/assets/pcs-engineering-tech-pack-workspace-C50-FsDz.js              21.00 kB │ gzip:   7.29 kB
dist/assets/shared-seed-CGi2rQR7.js                                      21.01 kB │ gzip:   6.23 kB
dist/assets/material-purchase-tracking-BBqMzpXj.js                       21.02 kB │ gzip:   6.66 kB
dist/assets/events-BEUJ8wZh.js                                           21.17 kB │ gzip:   6.56 kB
dist/assets/order-list-columns-uiQ6JraG.js                               21.20 kB │ gzip:   6.63 kB
dist/assets/pcs-testing-order-detail-Du0JsTNJ.js                         21.20 kB │ gzip:   6.17 kB
dist/assets/los-live-rooms-C1WMNp22.js                                   21.23 kB │ gzip:   7.67 kB
dist/assets/pcs-engineering-master-view-model-SdeO_ssg.js                21.39 kB │ gzip:   7.29 kB
dist/assets/suppliers-CukcXxs-.js                                        21.68 kB │ gzip:   6.93 kB
dist/assets/tmf-domain-shared-CsnEeaO8.js                                21.88 kB │ gzip:   8.26 kB
dist/assets/fei-ticket-numbering-B-Q4eh6i.js                             22.19 kB │ gzip:   6.39 kB
dist/assets/deduction-analysis-DaiOE-XA.js                               22.22 kB │ gzip:   6.49 kB
dist/assets/routes-wls-n5Y9wIKk.js                                       22.30 kB │ gzip:   7.24 kB
dist/assets/warehouse-location-map-model-o2hOulRn.js                     22.51 kB │ gzip:   7.14 kB
dist/assets/subject-operations-rDLwIeqv.js                               22.61 kB │ gzip:   7.02 kB
dist/assets/tasks-BiKCMUol.js                                            22.71 kB │ gzip:   7.25 kB
dist/assets/work-order-detail-CFcv4c8j.js                                22.74 kB │ gzip:   7.31 kB
dist/assets/cut-piece-handover-CIf-jr-E.js                               22.85 kB │ gzip:   7.39 kB
dist/assets/progress-statistics-linkage-CrBshsi2.js                      22.86 kB │ gzip:   6.54 kB
dist/assets/qc-workbench-CRQbKYAq.js                                     22.94 kB │ gzip:   7.15 kB
dist/assets/recheck-orders-CraqXut8.js                                   23.09 kB │ gzip:   7.31 kB
dist/assets/cut-piece-returns-B7yJ7Bj7.js                                23.13 kB │ gzip:   7.15 kB
dist/assets/purchase-suggestions-5WLqKcmT.js                             23.39 kB │ gzip:   7.34 kB
dist/assets/progress-cutting-overview-B8p23eYY.js                        23.61 kB │ gzip:   5.65 kB
dist/assets/material-issue-DXBvP6Fz.js                                   23.62 kB │ gzip:   5.86 kB
dist/assets/print-preview-Dp4_Y0y1.js                                    23.71 kB │ gzip:   8.04 kB
dist/assets/production-order-duration-BAiudqiF.js                        24.09 kB │ gzip:   9.21 kB
dist/assets/dye-work-order-online-view-CRZ-eNYz.js                       24.15 kB │ gzip:   8.20 kB
dist/assets/quality-deduction-selectors-tRcTyIIc.js                      24.26 kB │ gzip:   6.28 kB
dist/assets/material-statements-D8yLjimP.js                              24.27 kB │ gzip:   6.67 kB
dist/assets/process-order-task-links-D4y6KTAP.js                         24.60 kB │ gzip:   6.82 kB
dist/assets/retired-process-history-BJeVPuEe.js                          24.75 kB │ gzip:   6.41 kB
dist/assets/dialogs-DeafVD9N.js                                          24.86 kB │ gzip:   6.14 kB
dist/assets/material-preparation-RbR8Xm8s.js                             25.20 kB │ gzip:   8.80 kB
dist/assets/fcs-production-tech-pack-snapshot-B4Vklum1.js                25.26 kB │ gzip:   6.43 kB
dist/assets/kol-demands-3muNLDwG.js                                      25.42 kB │ gzip:   7.39 kB
dist/assets/process-print-orders-DivGcT5H.js                             25.44 kB │ gzip:   8.43 kB
dist/assets/reconciliations-D5l91GPo.js                                  25.45 kB │ gzip:   6.80 kB
dist/assets/wls-fabric-demand-board-Dtyoeu0R.js                          25.47 kB │ gzip:   6.84 kB
dist/assets/machine-associations-DR4lnB9X.js                             25.49 kB │ gzip:   7.70 kB
dist/assets/process-dye-orders-DTZdVtur.js                               25.61 kB │ gzip:   8.51 kB
dist/assets/pda-handlers-BS1k1FUW.js                                     25.64 kB │ gzip:   6.23 kB
dist/assets/qc-orders-CvFAfXRz.js                                        25.76 kB │ gzip:   8.21 kB
dist/assets/marker-spreading-utils-C1qf3bsK.js                           26.71 kB │ gzip:   7.82 kB
dist/assets/simple-cut-piece-handover-ui-Onqz3_dH.js                     26.92 kB │ gzip:  10.06 kB
dist/assets/warehouse-location-map-CXNf2bM0.js                           27.06 kB │ gzip:   7.08 kB
dist/assets/pda-warehouse-wait-handover-InFJdGR4.js                      27.31 kB │ gzip:   7.07 kB
dist/assets/progress-milestone-config-SuQSrKqh.js                        27.46 kB │ gzip:   6.10 kB
dist/assets/pcs-pattern-library-detail-D3rLwSdT.js                       27.67 kB │ gzip:   6.60 kB
dist/assets/pcs-config-workspace-repository-CQ4ZYAIK.js                  27.90 kB │ gzip:  10.56 kB
dist/assets/third-party-factory-rating-C7obzUYH.js                       28.00 kB │ gzip:   8.00 kB
dist/assets/pda-wool-fact-execution-BSHzAY0x.js                          28.02 kB │ gzip:   9.35 kB
dist/assets/sample-approval-suggestions-YRAhV1kC.js                      28.14 kB │ gzip:   8.81 kB
dist/assets/sample-warehouse-DTKi1GSw.js                                 28.31 kB │ gzip:   7.29 kB
dist/assets/print-styles-BjQBw8jj.js                                     28.31 kB │ gzip:   4.01 kB
dist/assets/factory-status-BgLoBlXG.js                                   28.43 kB │ gzip:   6.02 kB
dist/assets/source-document-detail-BYNN3gLq.js                           28.45 kB │ gzip:  10.53 kB
dist/assets/pcs-engineering-master-list-BXmrWOz-.js                      28.85 kB │ gzip:  10.07 kB
dist/assets/marker-plan-source-model-lH1nCSq3.js                         28.93 kB │ gzip:   8.49 kB
dist/assets/commands-Dr7FdML9.js                                         29.05 kB │ gzip:   8.24 kB
dist/assets/pcs-engineering-master-detail-B63C5iPJ.js                    29.21 kB │ gzip:   8.61 kB
dist/assets/warehouse-C9OqHaGu.js                                        29.61 kB │ gzip:  10.00 kB
dist/assets/logistics-reconciliations-DcLhuMHb.js                        30.08 kB │ gzip:   9.29 kB
dist/assets/production-order-progress-tracking-DGGePWzo.js               30.43 kB │ gzip:  10.22 kB
dist/assets/material-reconciliations-fLtzClbd.js                         30.48 kB │ gzip:   9.29 kB
dist/assets/progress-cutting-exception-center-s87DNb_y.js                30.68 kB │ gzip:   7.12 kB
dist/assets/pcs-technical-data-BFdlNbO5.js                               30.88 kB │ gzip:   8.39 kB
dist/assets/replacement-fabric-fei-tickets-DbKXUte5.js                   31.15 kB │ gzip:  10.67 kB
dist/assets/capability-CglbkrBi.js                                       31.65 kB │ gzip:   6.69 kB
dist/assets/material-archives-REOtUHva.js                                31.85 kB │ gzip:   7.87 kB
dist/assets/handover-orders-wy4lqdj-.js                                  32.23 kB │ gzip:   9.13 kB
dist/assets/factory-performance-YE3CyVtJ.js                              32.31 kB │ gzip:   6.74 kB
dist/assets/dialogs-C3tfzlcy.js                                          32.71 kB │ gzip:   9.87 kB
dist/assets/task-detail-D-xwDAyd.js                                      32.81 kB │ gzip:   9.72 kB
dist/assets/garment-spu-replacements-B2vvLmbu.js                         33.03 kB │ gzip:   9.38 kB
dist/assets/effective-task-assignments-BWDtfVu7.js                       33.04 kB │ gzip:  11.00 kB
dist/assets/process-warehouse-domain-qwTORy6t.js                         33.18 kB │ gzip:   7.58 kB
dist/assets/pcs-tech-pack-bootstrap-BUrPLwJH.js                          33.31 kB │ gzip:   8.49 kB
dist/assets/cut-piece-return-domain-Ci6e-btW.js                          33.37 kB │ gzip:   9.90 kB
dist/assets/store-domain-settlement-seeds-Dsx_ISpu.js                    33.72 kB │ gzip:   9.01 kB
dist/assets/pcs-pattern-library-CudQlXge.js                              33.73 kB │ gzip:   7.66 kB
dist/assets/warehouse-runtime-DyXEc1di.js                                33.79 kB │ gzip:   8.66 kB
dist/assets/pda-shell-q9hdVPXs.js                                        33.93 kB │ gzip:   9.06 kB
dist/assets/early-process-management-CBAqaP2-.js                         34.61 kB │ gzip:   8.76 kB
dist/assets/dispatch-acceptance-sla-BUA6Br_I.js                          34.99 kB │ gzip:   7.91 kB
dist/assets/stage-orders-BHAeZUag.js                                     35.21 kB │ gzip:  10.90 kB
dist/assets/material-purchase-orders-DPmugki9.js                         35.34 kB │ gzip:  11.42 kB
dist/assets/pda-post-finishing-flow-DGLmFLyF.js                          35.50 kB │ gzip:   9.59 kB
dist/assets/supplier-confirmations-Cd84gqfi.js                           35.99 kB │ gzip:   9.77 kB
dist/assets/stage-order-detail-BiqJ6Boe.js                               36.01 kB │ gzip:  10.62 kB
dist/assets/pda-warehouse-stocktake-B-ct0ukO.js                          36.20 kB │ gzip:   9.35 kB
dist/assets/pda-cutting-inbound-CbfMYC9k.js                              36.25 kB │ gzip:  11.15 kB
dist/assets/pda-cutting-handover-BLTTbeVL.js                             36.47 kB │ gzip:  11.26 kB
dist/assets/work-orders-C5AIpFLW.js                                      36.52 kB │ gzip:  12.34 kB
dist/assets/pending-receipts-Dg9mDdse.js                                 36.78 kB │ gzip:  11.25 kB
dist/assets/pcs-pattern-library-create-C5xtI6pB.js                       37.00 kB │ gzip:   8.66 kB
dist/assets/production-context-records-Cg-N1-7l.js                       37.05 kB │ gzip:  13.07 kB
dist/assets/work-order-detail-9sBiTLjI.js                                37.06 kB │ gzip:  10.24 kB
dist/assets/material-inventory-DedY5lQz.js                               37.31 kB │ gzip:   9.26 kB
dist/assets/water-soluble-orders-CE2Xj-Q0.js                             37.37 kB │ gzip:  11.39 kB
dist/assets/pda-task-receive-detail-Bje3XcH1.js                          37.40 kB │ gzip:   9.28 kB
dist/assets/third-party-factory-comprehensive-assessment-tOopWnou.js     37.47 kB │ gzip:  11.05 kB
dist/assets/work-order-detail-Ct7SRLX3.js                                37.63 kB │ gzip:  10.30 kB
dist/assets/first-leg-logistics-8p84zMym.js                              37.82 kB │ gzip:  10.19 kB
dist/assets/product-purchase-orders-DM48D71h.js                          38.01 kB │ gzip:   9.33 kB
dist/assets/wait-handover-runtime-CZX_Xej5.js                            38.06 kB │ gzip:  10.71 kB
dist/assets/pcs-part-template-library-Q7JgxaEg.js                        38.07 kB │ gzip:  13.44 kB
dist/assets/cutting-statistics-ab-material-Dl2DJ7tC.js                   38.13 kB │ gzip:   8.63 kB
dist/assets/store-domain-quality-bootstrap-SquWWb6V.js                   38.24 kB │ gzip:   5.40 kB
dist/assets/first-leg-carriers-C0mKxsLH.js                               38.27 kB │ gzip:  10.23 kB
dist/assets/special-processes-BHutqx5o.js                                38.78 kB │ gzip:  10.19 kB
dist/assets/pda-quality-Du2rocF_.js                                      39.09 kB │ gzip:  10.46 kB
dist/assets/payment-requests-D4DlIysR.js                                 39.18 kB │ gzip:  10.33 kB
dist/assets/warehouse-eFV95VbU.js                                        39.60 kB │ gzip:  11.38 kB
dist/assets/semi-finished-orders-D_SZyYkU.js                             39.65 kB │ gzip:  12.10 kB
dist/assets/pda-cutting-transfer-bag-repack-D1ryw2Eo.js                  40.03 kB │ gzip:  11.48 kB
dist/assets/first-leg-shipments-D_HOveKx.js                              40.78 kB │ gzip:  10.22 kB
dist/assets/fcs-handlers-DA4a2pZu.js                                     42.66 kB │ gzip:  12.75 kB
dist/assets/pending-receipts-BsmlOJce.js                                 43.29 kB │ gzip:  15.58 kB
dist/assets/label-print-template-Cs6PiuXg.js                             43.43 kB │ gzip:  12.30 kB
dist/assets/lace-factory-domain-E69dJw3K.js                              44.40 kB │ gzip:  11.20 kB
dist/assets/warehouse-D48r-lHO.js                                        44.72 kB │ gzip:  11.43 kB
dist/assets/factory-receiving-B7TUYvHB.js                                45.23 kB │ gzip:  15.39 kB
dist/assets/cutting-summary-B2-hSX4y.js                                  45.72 kB │ gzip:  12.19 kB
dist/assets/engineering-file-upload-qo6fiKBj.js                          46.77 kB │ gzip:  14.46 kB
dist/assets/demand-domain-D7X_mNY-.js                                    47.17 kB │ gzip:  10.95 kB
dist/assets/batches-CrWRMMgH.js                                          47.44 kB │ gzip:  10.30 kB
dist/assets/handover-orders-EJbeoupy.js                                  47.47 kB │ gzip:   9.31 kB
dist/assets/warehouse-pfsxc_Q4.js                                        47.74 kB │ gzip:  11.40 kB
dist/assets/settlement-linked-mock-factory-CCVbUv2O.js                   47.83 kB │ gzip:  14.54 kB
dist/assets/pcs-record-core-2m3fwtqA.js                                  48.31 kB │ gzip:  16.18 kB
dist/assets/dyeing-DxxNEgGa.js                                           48.99 kB │ gzip:  10.87 kB
dist/assets/printing-DD3mir5j.js                                         48.99 kB │ gzip:  10.87 kB
dist/assets/other-BpZS93ZL.js                                            49.00 kB │ gzip:  10.89 kB
dist/assets/sewing-fEKWL9BB.js                                           50.02 kB │ gzip:  11.22 kB
dist/assets/dispatch-tenders-BoJDD4LX.js                                 50.08 kB │ gzip:  13.38 kB
dist/assets/progress-material-BAxfqYjx.js                                50.24 kB │ gzip:  10.03 kB
dist/assets/pda-onboarding-CioGyMI3.js                                   50.59 kB │ gzip:  10.82 kB
dist/assets/pda-task-receive-D28yvFeO.js                                 50.60 kB │ gzip:  12.70 kB
dist/assets/pda-cutting-execution-source-CZhXUK9o.js                     50.74 kB │ gzip:  13.75 kB
dist/assets/pcs-channel-stores-B4SClDhX.js                               51.35 kB │ gzip:  14.96 kB
dist/assets/marker-plan-model-CfNOx7gs.js                                51.82 kB │ gzip:  14.83 kB
dist/assets/work-order-detail-CrqujX5r.js                                52.60 kB │ gzip:  16.46 kB
dist/assets/pda-handover-AicTEZmw.js                                     53.13 kB │ gzip:  14.22 kB
dist/assets/store-domain-progress-BG_uKj4G.js                            53.17 kB │ gzip:  11.82 kB
dist/assets/detail-domain-LI0Kja0L.js                                    53.42 kB │ gzip:  11.88 kB
dist/assets/pcs-part-template-library-CzjZIizm.js                        53.80 kB │ gzip:  11.07 kB
dist/assets/material-purchase-orders-DU1a6jSB.js                         54.60 kB │ gzip:  16.55 kB
dist/assets/settlement-cutting-input-BwT7pvvW.js                         55.15 kB │ gzip:  11.71 kB
dist/assets/pcs-config-workspace-C4b8_uJg.js                             55.70 kB │ gzip:  18.98 kB
dist/assets/warehouse-location-map-DQaRdUNp.js                           56.96 kB │ gzip:  16.90 kB
dist/assets/marker-plan-occupancy-DD0VttFO.js                            57.37 kB │ gzip:  16.10 kB
dist/assets/progress-urge-BR9fJzj0.js                                    57.86 kB │ gzip:  12.04 kB
dist/assets/pda-cutting-spreading-D_ZQMzpT.js                            59.56 kB │ gzip:  14.29 kB
dist/assets/runtime-inputs-DCjnGmK3.js                                   59.81 kB │ gzip:  16.01 kB
dist/assets/wls-accessory-receipts-BY6Azq4V.js                           59.97 kB │ gzip:  15.50 kB
dist/assets/factory-profile-DHcOXJWV.js                                  61.17 kB │ gzip:  14.04 kB
dist/assets/cut-piece-release-BO7JFz5d.js                                61.62 kB │ gzip:  16.48 kB
dist/assets/pda-settlement-BXImTvPg.js                                   61.77 kB │ gzip:  14.32 kB
dist/assets/pickup-management-list-DQLo6C5X.js                           63.10 kB │ gzip:  17.80 kB
dist/assets/special-craft-fei-ticket-flow-BmXYKJHE.js                    63.37 kB │ gzip:  14.39 kB
dist/assets/cutting-DQIo0gWQ.js                                          64.33 kB │ gzip:  13.62 kB
dist/assets/progress-handover-DfHsaoPz.js                                65.43 kB │ gzip:  14.25 kB
dist/assets/pcs-channel-products-CoHdJIW5.js                             66.90 kB │ gzip:  22.23 kB
dist/assets/production-object-overview-BBF0x-0P.js                       67.61 kB │ gzip:  14.25 kB
dist/assets/output-documents-Dmy3z6Yd.js                                 68.63 kB │ gzip:  23.72 kB
dist/assets/core-BzwXSlj5.js                                             69.24 kB │ gzip:  13.08 kB
dist/assets/cutting-daily-production-report-5dMFiMhT.js                  69.74 kB │ gzip:  19.76 kB
dist/assets/pda-exec-BXiSsqPs.js                                         69.84 kB │ gzip:  16.25 kB
dist/assets/context-nqT6eQ4S.js                                          70.19 kB │ gzip:  21.61 kB
dist/assets/sewing-dispatch-DUdRTFZM.js                                  70.50 kB │ gzip:  18.48 kB
dist/assets/production-object-overview-ONzFZuQB.js                       71.90 kB │ gzip:  16.79 kB
dist/assets/progress-exceptions-BdCVBvgF.js                              71.95 kB │ gzip:  13.95 kB
dist/assets/qc-records-DTzeNIhQ.js                                       72.70 kB │ gzip:  16.62 kB
dist/assets/pcs-product-archives-DsbabYhQ.js                             73.23 kB │ gzip:  24.48 kB
dist/assets/pcs-engineering-tasks-xnH-xlTO.js                            73.25 kB │ gzip:  17.53 kB
dist/assets/wait-handover-actions-DB5EokKN.js                            73.67 kB │ gzip:  18.85 kB
dist/assets/pcs-sample-management-BpATyBXy.js                            74.15 kB │ gzip:  18.43 kB
dist/assets/factory-onboarding-BvruPXpo.js                               75.30 kB │ gzip:  12.71 kB
dist/assets/orders-domain-B_rkYcfS.js                                    76.35 kB │ gzip:  16.91 kB
dist/assets/dialogs-Dmx2xZMx.js                                          76.54 kB │ gzip:  18.96 kB
dist/assets/settlement-DbdWlozO.js                                       76.58 kB │ gzip:  11.99 kB
dist/assets/runtime-projections-DZsgrsX1.js                              78.06 kB │ gzip:  18.45 kB
dist/assets/process-action-writeback-service-Cj1x8SLV.js                 78.21 kB │ gzip:  17.89 kB
dist/assets/pda-handover-detail-CoPlO_4h.js                              78.22 kB │ gzip:  19.39 kB
dist/assets/transfer-bag-operations-D5jUKgor.js                          78.68 kB │ gzip:  19.51 kB
dist/assets/transfer-bags-BRXkm7kh.js                                    80.19 kB │ gzip:  20.90 kB
dist/assets/routes-fcs-B7LMKL_T.js                                       80.69 kB │ gzip:  15.39 kB
dist/assets/production-progress-CaSS-zn9.js                              82.26 kB │ gzip:  21.02 kB
dist/assets/production-D0iUsta2.js                                       85.20 kB │ gzip:  18.44 kB
dist/assets/pda-warehouse-wait-process-CoUzAUJO.js                       89.02 kB │ gzip:  21.80 kB
dist/assets/events-Bz6BA4bQ.js                                           90.52 kB │ gzip:  22.37 kB
dist/assets/factory-onboarding-flow-DG_EtKzX.js                          90.64 kB │ gzip:  23.34 kB
dist/assets/production-tech-pack-change-domain-DLDLuChM.js               91.44 kB │ gzip:  24.08 kB
dist/assets/dispatch-Buj9GRH9.js                                         92.70 kB │ gzip:  28.26 kB
dist/assets/cut-orders-C9vy8eP8.js                                       96.33 kB │ gzip:  25.08 kB
dist/assets/post-finishing-full-flow-DR4Cxr5Z.js                        105.34 kB │ gzip:  27.31 kB
dist/assets/index-BJ_VwnXY.js                                           109.46 kB │ gzip:  39.85 kB
dist/assets/pcs-independent-sampling-P4Yvw4m6.js                        112.09 kB │ gzip:  30.98 kB
dist/assets/supplement-management-CDw2PagY.js                           114.76 kB │ gzip:  30.59 kB
dist/assets/transfer-bag-return-model-CAQ56fij.js                       115.39 kB │ gzip:  27.28 kB
dist/assets/statements-MM_Wyq9W.js                                      121.16 kB │ gzip:  25.13 kB
dist/assets/unified-dispatch-workbench-B0_E5aWw.js                      123.09 kB │ gzip:  34.73 kB
dist/assets/tmf-material-purchases-5yulzh2P.js                          124.52 kB │ gzip:  32.38 kB
dist/assets/events-BozNWLXS.js                                          126.78 kB │ gzip:  33.06 kB
dist/assets/special-craft-task-orders-B1UsO5mB.js                       126.85 kB │ gzip:  33.61 kB
dist/assets/quality-deduction-repository-D7JFUH7r.js                    136.80 kB │ gzip:  26.67 kB
dist/assets/warehouse-hub-DrH_8ujE.js                                   142.34 kB │ gzip:  36.02 kB
dist/assets/generated-fei-tickets-BHSj6qOK.js                           142.98 kB │ gzip:  36.19 kB
dist/assets/production-timeliness-Cy6nvlM2.js                           143.73 kB │ gzip:  47.55 kB
dist/assets/preparation-timing-CRlyJDxH.js                              146.52 kB │ gzip:  34.62 kB
dist/assets/marker-plan-1S1RufHZ.js                                     152.41 kB │ gzip:  36.37 kB
dist/assets/pcs-material-archive-detail-JjcTcM_j.js                     152.70 kB │ gzip:  48.98 kB
dist/assets/marker-spreading-DZZdmD2y.js                                156.25 kB │ gzip:  38.58 kB
dist/assets/return-inbound-CQevIWAz.js                                  162.41 kB │ gzip:  28.14 kB
dist/assets/app-shared-OXgpqo39.js                                      163.18 kB │ gzip:  40.36 kB
dist/assets/fei-tickets-By9huIHU.js                                     198.92 kB │ gzip:  44.68 kB
dist/assets/pcs-pattern-library-C-olIh03.js                             205.34 kB │ gzip:  45.57 kB
dist/assets/index--GzcKvNw.js                                           210.12 kB │ gzip:  66.49 kB
dist/assets/print-template-registry-D5k1waM-.js                         213.15 kB │ gzip:  55.21 kB
dist/assets/index-BPNAo-1Z.js                                           219.29 kB │ gzip:  48.87 kB
dist/assets/pda-exec-detail-B4vB0iQx.js                                 250.00 kB │ gzip:  58.32 kB
dist/assets/process-domain-IGe67KE_.js                                  276.37 kB │ gzip:  60.91 kB
dist/assets/process-tasks-BTHzKS3Q.js                                   326.34 kB │ gzip:  90.48 kB
dist/assets/production-orders-Dp0lnQTh.js                               488.83 kB │ gzip:  47.14 kB
dist/assets/pda-Cq6FhPDW.js                                             505.21 kB │ gzip:  83.25 kB
dist/assets/pcs-tech-pack-review-PC0c3pzm.js                            724.79 kB │ gzip: 196.81 kB
dist/assets/material-ledger-X-m5vTZr.js                                 879.67 kB │ gzip: 223.23 kB
dist/assets/production-source-shared-Bj4b3XYm.js                      1,899.17 kB │ gzip: 216.72 kB

(!) Some chunks are larger than 550 kB after minification. Consider:
- Using dynamic import() to code-split the application
- Use build.rollupOptions.output.manualChunks to improve chunking: https://rollupjs.org/configuration-options/#output-manualchunks
- Adjust chunk size limit for this warning via build.chunkSizeWarningLimit.
✓ built in 13.73s
