
> higoods-vanilla-clone@1.0.0 build
> npm run typecheck:engineering && npm test && vite build


> higoods-vanilla-clone@1.0.0 typecheck:engineering
> npm run typecheck:entrypoints && npm run typecheck:scopes


> higoods-vanilla-clone@1.0.0 typecheck:entrypoints
> tsc --project tsconfig.engineering.json


> higoods-vanilla-clone@1.0.0 typecheck:scopes
> node scripts/check-typescript-scope.mjs src/domain/ src/components/ui/ src/state/

TypeScript 全量既有错误：3
本次渐进检查范围：src/domain/、src/components/ui/、src/state/
范围内错误：0
范围外既有错误保留在全量 typecheck 中继续分批治理。

> higoods-vanilla-clone@1.0.0 test
> npm run test:unit


> higoods-vanilla-clone@1.0.0 test:unit
> node --import tsx --test tests/unit/*.test.ts

✔ 浏览器存储封装保持读写删除语义 (0.750167ms)
✔ 浏览器存储不可用或抛错时保持静默降级 (0.232ms)
(node:45703) ExperimentalWarning: localStorage is not available because --localstorage-file was not provided.
(Use `node --trace-warnings ...` to show where the warning was created)
✔ 独立裁剪整任务改派保留数量和执行历史，旧有效分配失效，新范围唯一 (55.180375ms)
✔ 裁床改派回原工厂且回填同一业务日期，不复用旧票范围；普通审计不改身份 (0.1265ms)
(node:45704) ExperimentalWarning: localStorage is not available because --localstorage-file was not provided.
(Use `node --trace-warnings ...` to show where the warning was created)
✔ 交出列表省略详情路线读取时保留全部输出字段 (376.714833ms)
(node:45705) ExperimentalWarning: localStorage is not available because --localstorage-file was not provided.
(Use `node --trace-warnings ...` to show where the warning was created)
✔ MIG-001/002/006: management entry and handlers belong to FCS; PFOS keeps execution (6.863417ms)
✔ MIG-003/007: prep and execution read the same early order identities, quantities and match status (734.859417ms)
✔ MIG-004/009: migrated dialogs retain candidate fields, actual material image and task outputs (0.809959ms)
✔ MIG-011: management and execution use the same seven business display columns (9.730292ms)
✔ MIG-007: early dye/print creation and cancellation survive reload (2148.114791ms)
✔ BOM working-copy write failure preserves prior state; retry succeeds (121.648833ms)
✔ existing production preparation data does not trigger demo writes on entry (1352.752ms)
✔ rollback of an unchanged saved BOM does not perform another failing write (30.133083ms)
✔ BOM dictionary preserves old JSON and all snapshot values without mutating input (3.806458ms)
✔ BOM dictionary rejects missing references instead of replacing data silently (1.426125ms)
(node:45709) ExperimentalWarning: localStorage is not available because --localstorage-file was not provided.
(Use `node --trace-warnings ...` to show where the warning was created)
✔ PDA顶栏计数与实际完整待办相同，覆盖各任务工厂及管理员/员工角色 (1738.056334ms)
✔ 解析带标签、小数和空格的长度数量 (3.573625ms)
✔ 解析卷数并对不合法文本返回 0 (0.273542ms)
✔ 证据文件标识把连续空白收口为单个连字符 (0.275166ms)
(node:45712) ExperimentalWarning: localStorage is not available because --localstorage-file was not provided.
(Use `node --trace-warnings ...` to show where the warning was created)
✔ 设计改款可成批生成染色和印花加工单，且完整投影来源与上下游 (935.212416ms)
✔ 设计改款加工单生成幂等，重复请求不增加单据 (49.769459ms)
✔ 同一设计改款任务的不同颜色和 BOM 行分别生成加工单 (73.962625ms)
✔ 成批提交失败时染色与印花加工单一起回滚 (18.829459ms)
✔ 设计改款来源缺关键引用或来源未知时必须阻断 (0.183791ms)
(node:45713) ExperimentalWarning: localStorage is not available because --localstorage-file was not provided.
(Use `node --trace-warnings ...` to show where the warning was created)
✔ 设计改款染后印花必须先分配印花厂，染色交出不能误送中央工厂 (313.863541ms)
✔ 仅染与仅印分别创建一张加工单和一条仓库首道调拨计划 (11.524125ms)
✔ 辅料染色单创建后已有辅料仓调拨计划，分厂时自动落实原单但不冒充实发 (15.154833ms)
✔ 历史双工艺加工单仍可追溯原有染印交接 (406.511041ms)
✔ 先染后印目标 SKU 创建两段加工单，印花只接收本行染后物料而不能跳过染色 (1446.503083ms)
✔ 单独印花 SKU 从仓库发印厂并完成样衣归档 (1611.804833ms)
✔ 印花实际交出生成中央工厂待接收原单，实收回写原交接并允许完成加工单 (471.398125ms)
✔ 专业成果没有真实附件时保持未绑定 (9.469792ms)
(node:45714) ExperimentalWarning: localStorage is not available because --localstorage-file was not provided.
(Use `node --trace-warnings ...` to show where the warning was created)
✔ 可打印不等于可建交出单，必须完成真实标签打印 (0.500958ms)
✔ 卷规格无效时不可建交出单，且不改变原可打印判定语义 (0.078375ms)
✔ 人工完成印花加工单不再自动填充操作人 (233.421583ms)
(node:45716) ExperimentalWarning: localStorage is not available because --localstorage-file was not provided.
(Use `node --trace-warnings ...` to show where the warning was created)
✔ 非 KOL PDA 导入不生成 KOL 领交料；首次 KOL 访问生成完整且幂等的演示记录 (203.836292ms)
✔ PDA 单任务读取保持普通任务、测试工厂与 KOL 任务内容和查找优先级 (1.599834ms)
(node:45717) ExperimentalWarning: localStorage is not available because --localstorage-file was not provided.
(Use `node --trace-warnings ...` to show where the warning was created)
✔ 可编辑的演示唛架保存后优先读取用户记录，刷新不恢复原备注和状态 (377.320875ms)
✔ 日报窗口含截止日7天，重点日均独立使用前6天 (0.518625ms)
✔ 未知采购不填0，未BOM不输出完整确定订单需求 (0.112458ms)
✔ 突变必须绝对量与比例同时达到阈值 (0.062208ms)
✔ 截止日突变示例与未完结日不判定 (0.055958ms)
✔ 共享商品按SPU去重而不按关联行累加销量 (0.08825ms)
✔ 预选不产生确定用料；BOM需求保留物料归属 (0.135333ms)
✔ 同料BOM优先于预选，不重复关系及需量 (0.071792ms)
✔ 两个业务页具有独立容器、标准分页与证据边界 (15.624959ms)
✔ 未进入物料页面时 bridge 不加载业务；加载失败重试后首次渲染即已注册 (3.693584ms)
✔ click 分组顺序、短路、选择器范围保持原行为，重新注册替换旧处理器 (0.6275ms)
✔ 备料写入守卫读取实时角色与水位，阻断时不调用业务处理器 (0.343542ms)
✔ input/change/keyboard 原入口、筛选范围和 change 优先级完整保留 (0.313916ms)
✔ health groups are exhaustive and mutually exclusive in demo (0.804916ms)
✔ coverage and baseline use same inventory plus transit but distinct demand windows (0.071583ms)
✔ zero demand is unavailable rather than infinity and huge finite quotient stays finite (0.089917ms)
✔ date selects different consistent snapshot (0.088959ms)
✔ threshold changes alter classification without changing facts (0.065208ms)
✔ health view carries core P1 business sections and mock caveat (12.112125ms)
✔ AT16 rules do not substitute brand, size or packaging method (0.418542ms)
✔ AT24 equal priority conflict blocks resolution and identifies rules (0.3885ms)
✔ higher explicit priority resolves a lower priority overlap (0.056708ms)
✔ plans distinguish garments and parcels and add loss once (0.155666ms)
✔ AT18 white pendant stock only allocated once (0.079625ms)
✔ event duplicate and old revision do not add consumption; reprints are activity only (0.123708ms)
✔ conflicting same revision fails instead of silently choosing a payload (0.060709ms)
✔ AT17/19/20 panel states unresolved ASAYA, independent kit80 and unknown ribbon (0.263042ms)
✔ trigger distinct from target, existing supply produces explainable zero (0.583792ms)
✔ missing mapping or usage and incompatible raw unit block unsafe generation (0.177125ms)
✔ generation reserves remaining once and shared raw pool across target rules (1.771333ms)
✔ production does not increase stock; actual SKU and output bound partial receipts (0.350125ms)
✔ cancelled suggestion releases commitment and raw allocation (0.135792ms)
✔ AT05 committed greige is not available for a second allocation (0.45375ms)
✔ AT06 partial receipt reduces expected supply; checking and qualified never duplicate (0.3105ms)
✔ AT07 unmapped target preserves quantities but gives no target coverage (0.078792ms)
✔ §7.2 loss reduces future supply; rejected receipts never become usable (0.054542ms)
✔ §7.3 unit/yield/route and conservation gaps block deterministic supply (0.094625ms)
✔ §7.3 candidate comparison reports remaining shortage and respects arrival deadline (0.1325ms)
✔ §7.3 zero gap stays zero and nonfinite inputs cannot produce advice (0.071125ms)
✔ panel uses owned local handlers and discloses mock and missing images (1.5195ms)
✔ P2 coefficients and coverage exclude transit (9.91925ms)
✔ P2 coverage buckets have exclusive shared boundaries (0.791041ms)
✔ P2 partial receipts and completed batches count remaining only (0.080334ms)
✔ P2 latest overdue selected only if no future batch; today included (0.064791ms)
✔ P2 search transit and ETA filters compose (0.143834ms)
✔ P2 zero demand and missing BOM preserve distinct nulls; micro demand excluded (0.069666ms)
✔ P2 standard table renders and limits initial rows to first page (6.354166ms)
✔ AT01/02 internal reservation stays in coverage while external reservation is deducted (10.957292ms)
✔ AT03 quality segments are not usable (0.171792ms)
✔ AT04 partial receipt leaves remaining supply only (0.307125ms)
✔ AT08/38 late supply never erases earlier shortage (0.210667ms)
✔ AT09 intermediate deficit determines net need rather than positive closing balance (0.148292ms)
✔ AT10 MOQ and pack rounding, zero stays zero (0.130958ms)
✔ AT11 horizon begins at cutoff and is not expanded by lead time (0.173667ms)
✔ AT12 forecast covered by confirmed demand is excluded before coefficient (0.142291ms)
✔ AT13 no demand has no numeric coverage (0.1165ms)
✔ AT14 cancelling demand does not change stock (0.154709ms)
✔ AT15 latest event revision only (0.433541ms)
✔ AT16/17 directory preserves bag sizes and ASAYA duplicated input is one unresolved SKU (0.090542ms)
✔ AT18 three brands draw from one shared pool (0.113083ms)
✔ AT19/20 kit capacity respects minimum and missing conversion (0.070833ms)
✔ AT21 inactive/unusable stock remains physically visible (0.101666ms)
✔ AT23 affected order identifiers are unique (0.087042ms)
✔ AT25/26 draft does not mutate active and invalidates trial (0.066125ms)
✔ AT26/28 publish requires role and exact trial; history retained (0.193875ms)
✔ AT31 risk cannot close with remaining shortage or skip verification (0.172291ms)
✔ AT37 invalid dates, unknown timezone, bad numeric values rejected (0.087583ms)
✔ duplicate supply chain does not double count and blocks deterministic advice (0.082083ms)
✔ warehouse catalogue includes 17 locations and two garment warehouses (0.039208ms)
✔ candidate comparison retains pre-arrival risk (0.30225ms)
✔ SKU-specific policy wins and duplicate rules block publish (0.127625ms)
(node:45727) ExperimentalWarning: localStorage is not available because --localstorage-file was not provided.
(Use `node --trace-warnings ...` to show where the warning was created)
✔ 逐票与逐打印任务保持原结构，变更一条只保存一条 (1.18575ms)
✔ 草稿按原映射键保存；手工票与操作记录分离，删除票保留审计 (0.247167ms)
✔ 拒绝损坏JSON且不冒充空数据 (0.119708ms)
✔ 拒绝空字符串且不冒充空数据 (0.055958ms)
✔ 拒绝错误根且不冒充空数据 (0.04725ms)
✔ 拒绝重复票号身份且不冒充空数据 (0.0445ms)
✔ 拒绝缺少票号且不冒充空数据 (0.04325ms)
✔ 拒绝错误状态且不冒充空数据 (0.037583ms)
✔ 拒绝打印关联缺失且不冒充空数据 (0.044917ms)
✔ 拒绝草稿身份缺失且不冒充空数据 (0.078667ms)
✔ 拒绝手工日志缺失且不冒充空数据 (0.049541ms)
✔ 拒绝手工二维码缺失且不冒充空数据 (0.050292ms)
✔ 已保存实体与备份身份校验，不接受伪造集合或迁移元数据 (0.407458ms)
✔ 袋账派生绑定锁，无需持久化派生票快照；关闭周转解除旧快照锁 (390.055834ms)
✔ 唛架来源和铺布单逐实体保存，保留卷明细、层序及来源引用 (0.272208ms)
✔ 指定保存对象不复制重复静态唛架，也不覆盖其他已保存铺布单 (0.253958ms)
✔ 旧袋账按实体保留绑定与历史，局部动作不复制静态袋档案 (0.345167ms)
✔ 专用打印来源保留原票身份、数量、状态、袋锁及打印对象，不查询全量PDA与库存摘要 (1041.162041ms)
✔ 实际输出首打保持原身份与数量；动态与普通来源均可打印，失效来源阻断，重复首打不新增 (90.494834ms)
✔ 唛架引用读取失败明确阻断，不将迁移或读取错误伪装成空铺布来源 (2.146875ms)
✔ 用户唛架方案逐ID迁移保留床次和占用，修改一张不重写其它方案 (0.436958ms)
✔ PDA及手工票专用唛架定义与原完整投影等价，保留床次、数量和可铺布资格 (398.199041ms)
✔ 裁床配料按真实生产单范围读取与全量结果逐字段相等，保留库存、领取、状态与任务链接 (421.879334ms)
✔ PDA铺布目标直接携带真实已保存铺布单的裁床与负责人，不另算整套列表 (327.050542ms)
✔ 铺布投影复用唛架定义仍保留已保存session的卷明细、裁床、负责人和实际裁剪数量 (344.523542ms)
✔ 路由标准化移除 query 与 hash，但不改动路径 (0.350583ms)
✔ 只匹配路由根或其子路径，不误匹配相似前缀 (0.11675ms)
✔ 可在多个合法根路径中匹配一个 (0.070208ms)
✔ 只把完整生产确认单打印路由识别为命中 (0.101417ms)
✔ 专业任务必须全部有效明细通过且保留成果与审核事实 (1.327333ms)
✔ 纸样名称或物料关联不能替代可读取原文件 (21.451833ms)
(node:45730) ExperimentalWarning: localStorage is not available because --localstorage-file was not provided.
(Use `node --trace-warnings ...` to show where the warning was created)
✔ 目标 SKU 的四种加工组合、前序实物和 BOM Q 均按已建档字段读取 (1.573375ms)
✔ 整单总量口径保存后仍按一次总量计算，不被样衣件数重复放大 (1561.020917ms)
✔ 一张设计改款 BOM 同时有 Yard 面料和 PCS 辅料时，各行独立计量且辅料无需加工调拨 (78.834167ms)
✔ 复用既有纸样与参照 BOM 的无印染任务可直接提交样衣并自动完成；复制只生成草稿 (1283.862125ms)
✔ 批量复制保留物料、费用和样衣安排为独立可编辑草稿，不生成工作 (99.140083ms)
✔ 单页创建同时保存物料、费用与样衣要求；失败不留下空任务 (56.028875ms)
✔ 加工按物料行及实际阶段执行：纯染行与先染后印行独立串联 (211.477292ms)
✔ 旧设计任务移除线下工作和依赖，保留加工单身份、样衣成果及原始输入 (1254.506083ms)
✔ 任务汇总排除未启用，待前置只列出未完成依赖，关闭单不继续催办 (0.990125ms)
✔ 筛选覆盖关键词、状态、跟单、待办、类型、团队和日期边界，统计范围一致 (0.32ms)
✔ CSV包含全部匹配行和任务责任计划，不含操作列，特殊文字正确转义 (0.491792ms)
✔ 生产准备必须读取测款最终通过事实，保存时重新校验且失败不生成主单 (1301.970458ms)
✔ PATTERN_ARTWORK 多明细全部有效项通过才完成，同SKU不同要求不合并 (0.502292ms)
✔ COLOR_FABRIC 多明细全部有效项通过才完成，同SKU不同要求不合并 (0.077417ms)
✔ COLOR_YARN 多明细全部有效项通过才完成，同SKU不同要求不合并 (0.077792ms)
✔ 多辅料分单覆盖，第一张下单不足以完成，失效单不能提供覆盖 (0.227125ms)
✔ 专业列表业务字段查询与责任、来源、计划边界组合，未登记计划不误入日期结果 (0.691667ms)
(node:45737) ExperimentalWarning: localStorage is not available because --localstorage-file was not provided.
(Use `node --trace-warnings ...` to show where the warning was created)
✔ targeted PCS baseline reads return independent records without cloning unrelated collections (96.33ms)
✔ PCS 前插多个新记录保留全部既有位置，重复保存不产生位置变化 (1.752958ms)
✔ PCS 单条置顶、居中插入、删除保持实际顺序且不移动其余记录 (0.120416ms)
✔ PCS 图片按款号和颜色固定，尺码不改变照片，未知对象没有随机图片 (0.758ms)
✔ 历史 Mock 只替换登记的旧图，保留用户图片及未知款式 (0.425958ms)
✔ 后道 QC 来源 SKU 保留原身份和数量，五种颜色分别绑定对应实拍 (0.079333ms)
✔ 后道历史快照只迁移准确 SKU 的旧示意图，质检数量与用户图不变 (0.184917ms)
(node:45740) ExperimentalWarning: localStorage is not available because --localstorage-file was not provided.
(Use `node --trace-warnings ...` to show where the warning was created)
✔ PDA 列表轻量摘要与详情的归属、数量、物料和下一步一致 (895.387459ms)
(node:45741) ExperimentalWarning: localStorage is not available because --localstorage-file was not provided.
(Use `node --trace-warnings ...` to show where the warning was created)
✔ 按工厂投影不改变全能力、印花、染色、中央与裁片演示账号可见任务 (944.600417ms)
(node:45742) ExperimentalWarning: localStorage is not available because --localstorage-file was not provided.
(Use `node --trace-warnings ...` to show where the warning was created)
✔ 接单工厂范围保留全量投影中本厂每个任务的身份、数量、状态及接单/中标结果 (2536.222666ms)
(node:45743) ExperimentalWarning: localStorage is not available because --localstorage-file was not provided.
(Use `node --trace-warnings ...` to show where the warning was created)
✔ 中转袋交出与实际入仓使用同一浏览器本地业务时间，不把 UTC 当作本地时间 (1.449ms)
[PMS_IDB_LOAD_FAILED] { message: '当前浏览器不支持 IndexedDB,PMS 业务数据无法持久化。' }
✔ 物流商新增字段保存回显并写入操作日志 (3.153333ms)
✔ 物流商数字字段非负校验与运输方式枚举校验 (0.297167ms)
✔ 渠道新增字段保存回显，条件计费字段按计费方式保留 (0.461833ms)
✔ 整柜渠道不要求新增计费字段，仍要求四箱型完整配置 (0.152083ms)
✔ 渠道数字字段非负与时效区间校验 (0.358584ms)
✔ 头程批次聚合展示总箱数、总重量、总体积与转运天数 (1.277333ms)
✔ 工序链按保存顺序生效，合法工序集合固定，非法或重复工序被拒 (6.188666ms)
✔ 坯布 SKU 必填，坯布库存为 0 时调拨资格被拒，补足后恢复 (0.755875ms)
✔ 采购单按勾选 SKU 生成明细，数量与枚举非法被拒 (0.344125ms)
✔ 调拨单可选择调出仓库与调入目标，同步生成加工单号链 (0.503708ms)
✔ 批量刷新库存更新全部监控行与刷新时间并写日志 (0.465333ms)
✔ 手动添加监控 SKU 校验 SKU 必填与重复，添加后进入列表 (0.568542ms)
✔ 物料申报扩展字段保存回显，26 项特殊属性按数组保存 (2.535625ms)
✔ 报关扩展：法定第二计量单位与数值，不报关分支跳过必填校验 (0.419417ms)
✔ BOM 业务选项与价格/成本、工厂、布料字段保存回显 (1.342ms)
✔ 主体经营 9 项成本明细加调整重算总成本，数据缺失提醒可消除 (0.835916ms)
✔ 供应商从草稿到启用遵循状态机，名称唯一 (2.785125ms)
✔ 供货档案包装换算与快照版本 (0.407209ms)
✔ 物料全部有真实图片，采购补充信息可更新且不新增删除 (0.658542ms)
✔ 成衣与样衣 SKU 只读列表数据完整 (0.140667ms)
✔ 仓库同步更新时间，单位字典唯一且不可删除只可启停 (0.560709ms)
✔ BOM 用量可修改，说明可保存，发布后可生成面辅料需求 (2.897208ms)
[PMS_IDB_LOAD_FAILED] { message: '当前浏览器不支持 IndexedDB,PMS 业务数据无法持久化。' }
[PMS_IDB_UNAVAILABLE] put 跳过,数据仅保留在内存 { store: 'pmsMaterialPurchaseOrderDeltas', key: 'CGF-2026-0005' }
[PMS_IDB_UNAVAILABLE] put 跳过,数据仅保留在内存 { store: 'pmsMaterialPurchaseOrderDeltas', key: 'CGF-2026-0001' }
[PMS_IDB_UNAVAILABLE] put 跳过,数据仅保留在内存 { store: 'pmsMaterialPurchaseOrderDeltas', key: 'CGF-2026-0007' }
✔ 面辅料需求种子就绪且可按物料行下推采购单 (2.875458ms)
✔ 快递信息导入校验采购单存在、单号唯一、日期与数量合法 (0.446375ms)
✔ 国内签收、加入头程、状态推进与到仓自动签收 (0.984042ms)
✔ 供应商确认单需标签齐备，确认后回写采购单 (0.803083ms)
✔ 整柜渠道必须完整配置四个箱型，物流商可启停 (0.328875ms)
✔ 面辅料采购单可带原因关闭，关闭后不能再登记到货 (0.228333ms)
✔ 库存监控触发线与建议量公式，规则异常阻断建单 (1.686875ms)
✔ 建单数量不得超过建议量，调拨与采购资格分别阻断 (0.177791ms)
✔ 中转看板指标、分布与筛选跳转规则 (0.271708ms)
✔ 生产单校验与配料任务只读数据完整，系统设置结果为 8/6/10 (0.087625ms)
✔ 种子采购单按 SRM 生成器规律补齐单据级与明细级字段 (1.92725ms)
✔ 新建做货采购单保存采购专员、加急、首单、区域与明细字段并可回显 (1.815ms)
✔ 未传新增字段时沿用默认值并保持既有命令兼容 (0.213292ms)
✔ 采购专员必填、做货必须选区域、重量非负均抛出中文 PmsDomainError (0.638125ms)
✔ 编辑采购单保存新增字段并回显，非法输入被阻断 (0.626875ms)
✔ BOM 状态与 bomMatched 一致，未发布 BOM 的做货明细为未匹配 (0.386666ms)
✔ 行采购金额使用 roundPmsQty 且汇总等于逐行金额之和 (0.280209ms)
✔ 采购建议按缺口公式与折扣计算，并计入有效 KOL 申请 (0.746667ms)
✔ KOL 草稿与已驳回不计入建议缺口 (0.104541ms)
✔ 建议转采购单后写回已转数量与部分生成状态 (1.3335ms)
✔ 面辅料需求按 BOM 用量与损耗扣减库存和采购中 (0.534958ms)
✔ 重复生成、草稿采购单与非做货采购单均被阻断 (0.123542ms)
✔ KOL 单条超量需要二次确认，超过申请量直接阻断 (0.304333ms)
✔ 驳回 KOL 需求后不再计入建议缺口 (0.136292ms)
✔ 关闭采购单必须填写原因且已关闭不可重复关闭 (0.174042ms)
[PMS_IDB_LOAD_FAILED] { message: '当前浏览器不支持 IndexedDB,PMS 业务数据无法持久化。' }
[PMS_IDB_SAVE_FAILED] 创建请款单 IDB 写入失败 {
  requestNo: 'PAY-M-2026-0006',
  message: '当前浏览器不支持 IndexedDB,PMS 业务数据无法持久化。',
  degraded: 'memory-only'
}
[PMS_IDB_SAVE_FAILED] 创建请款单 IDB 写入失败 {
  requestNo: 'PAY-L-2026-0004',
  message: '当前浏览器不支持 IndexedDB,PMS 业务数据无法持久化。',
  degraded: 'memory-only'
}
[PMS_IDB_SAVE_FAILED] 作废请款单 IDB 写入失败 {
  requestNo: 'PAY-L-2026-0004',
  message: '当前浏览器不支持 IndexedDB,PMS 业务数据无法持久化。',
  degraded: 'memory-only'
}
✔ 主体经营明细总成本、毛利与毛利率公式 (0.816834ms)
✔ 面辅料对账：预计/实际双层公式，费用项与差异双重门禁 (2.923041ms)
✔ 面辅料费用项部分确认、批量确认与编辑失效 (0.485292ms)
✔ 请款草稿跨页创建、请款与付款上限、编辑范围 (0.808125ms)
✔ 物流实际费用 12 列导入校验、不自动确认与确认后锁定 (0.433584ms)
✔ 请款单作废释放来源对账，已有付款不能作废 (0.324875ms)
✔ 供应商账单 9 列导入覆盖实际层且不自动确认 (0.257208ms)
✔ 金额大写按 RMB 规则输出并覆盖跨节零 (0.13025ms)
[PMS_IDB_UNAVAILABLE] put 跳过,数据仅保留在内存 { store: 'pmsMaterialPurchaseOrderDeltas', key: 'CGF-2026-0005' }
[PMS_IDB_LOAD_FAILED] { message: '当前浏览器不支持 IndexedDB,PMS 业务数据无法持久化。' }
[PMS_IDB_UNAVAILABLE] put 跳过,数据仅保留在内存 { store: 'pmsMaterialPurchaseOrderDeltas', key: 'CGF-2026-0005' }
[PMS_IDB_UNAVAILABLE] put 跳过,数据仅保留在内存 { store: 'pmsMaterialPurchaseOrderDeltas', key: 'CGF-2026-0005' }
[PMS_IDB_UNAVAILABLE] put 跳过,数据仅保留在内存 { store: 'pmsMaterialPurchaseOrderDeltas', key: 'CGF-2026-0005' }
[PMS_IDB_UNAVAILABLE] put 跳过,数据仅保留在内存 { store: 'pmsMaterialPurchaseOrderDeltas', key: 'CGF-2026-0005' }
[PMS_IDB_UNAVAILABLE] put 跳过,数据仅保留在内存 { store: 'pmsMaterialPurchaseOrderDeltas', key: 'CGF-2026-0005' }
✔ 生成卷号按前缀、每卷米数、重量与起始序号生成并写入包装明细 (2.948375ms)
✔ 生成卷号时尾卷承载剩余数量，卷数按采购数量与每卷米数自动取整 (0.549209ms)
✔ 非法卷号参数被拒绝并抛出中文域错误 (0.409708ms)
✔ 生成标签后二维码内容包含卷号与箱规，参与打印 (0.316292ms)
✔ 箱规新增自动计算体积，重复箱号与非法尺寸被拒，删除后计数正确 (0.318417ms)
✔ 包装明细可新增与删除，非法输入被拒且删除后计数正确 (0.278084ms)
✔ 被包装明细引用的箱规不能删除 (0.085459ms)
✔ 供应商枚举与 SRM 完全一致，旧枚举不再出现 (0.767333ms)
✔ 种子字段满足 SRM 枚举且协同指标为数字 (0.132041ms)
✔ 新增字段保存并回显，成功命令写入操作日志 (1.194ms)
✔ 编辑保存新增字段并保持状态机与事件名不变 (0.21525ms)
✔ 非法或缺失输入抛 PmsDomainError 且不写入数据 (0.402875ms)
✔ 详情与列表展示新增字段、SRM 枚举与协同指标 (17.504958ms)
(node:45755) ExperimentalWarning: localStorage is not available because --localstorage-file was not provided.
(Use `node --trace-warnings ...` to show where the warning was created)
✔ RETURN-010: only the acceptance week Sunday is skipped, for every starting weekday (1.192875ms)
✔ RETURN-004—010: both projections share counting dates and ceil targets (0.726625ms)
(node:45756) ExperimentalWarning: localStorage is not available because --localstorage-file was not provided.
(Use `node --trace-warnings ...` to show where the warning was created)
✔ 实际耗时跨周日仍按真实时间差；没有可靠时间不造耗时 (0.83ms)
✔ 每任务都达成才结束；同一来源去重，作废明细不影响主表 (0.190292ms)
✔ 耗时页 Mock 至少覆盖九张生产单和全部节点，且下游事实不会越过未完成的前置节点 (528.726417ms)
✔ 裁片放行按一张放行单内的多次放行展示并选取节点起止时间 (73.937625ms)
(node:45757) ExperimentalWarning: localStorage is not available because --localstorage-file was not provided.
(Use `node --trace-warnings ...` to show where the warning was created)
✔ EXC-001—004: a reference mark cannot change debt, strict kits or final task responsibility (2.737208ms)
(node:45758) ExperimentalWarning: localStorage is not available because --localstorage-file was not provided.
(Use `node --trace-warnings ...` to show where the warning was created)
✔ 派单新增主档工厂可登记承接关系，未知工厂仍阻断 (1.823291ms)
✔ 专属任务保留整单身份、数量和接收方，工艺分支保留全部前置关系 (0.874792ms)
✔ 原生产单车缝任务仍可被 PPIC 分配与责任移交识别，SKU 总量完整 (17.695583ms)
✔ PRINT-HISTORY-001: demo identities remain fixed and reject another factory or task (0.5355ms)
✔ PRINT-HISTORY-002: DYE-GOTO-GLOBAL historical slot 09 survives independent reloads without overwriting (2008.258084ms)
✔ PRINT-HISTORY-002: ID-FAC-001165 historical slot 09 survives independent reloads without overwriting (1974.920708ms)
(node:45761) ExperimentalWarning: localStorage is not available because --localstorage-file was not provided.
(Use `node --trace-warnings ...` to show where the warning was created)
✔ VERIFY-003: dispatch reads keep all documents and independent copies without projecting unrelated business views (226.569083ms)
✔ frozen printing images are losslessly stored once across orders, tasks and attachments (2.71125ms)
✔ missing or malformed image references fail rather than silently replacing frozen evidence (0.247042ms)
(node:45763) ExperimentalWarning: localStorage is not available because --localstorage-file was not provided.
(Use `node --trace-warnings ...` to show where the warning was created)
✔ PERF-002/004: scoped receiving reads preserve direct receipts and allocations, without exposing mutable facts (20.556875ms)
✔ PERF-002/004: a synchronous relation read matches independent reads and releases its scope after errors (689.294334ms)
✔ PERF-004: batched print list reviews and handovers equal independently read facts (341.960417ms)
✔ PERF-004: scoped handovers keep canonical sorting and task point reads preserve identity (18.038875ms)
✔ PERF-004: reusing warehouse documents preserves each dye order source, quantity and receiver (334.385ms)
(node:45764) ExperimentalWarning: localStorage is not available because --localstorage-file was not provided.
(Use `node --trace-warnings ...` to show where the warning was created)
✔ craft source selection preserves all previous source choices and isolated snapshots (15.620083ms)
✔ source eligibility is re-evaluated after a source order changes (0.132208ms)
(node:45765) ExperimentalWarning: localStorage is not available because --localstorage-file was not provided.
(Use `node --trace-warnings ...` to show where the warning was created)
✔ 生产单创建来源只覆盖旧匹配事实，不复活已取消或覆盖更新后的匹配 (0.427708ms)
✔ 提前来源随PO唯一保存，重复生成不会追加第二份事实；查询投影不反向写PO (0.298666ms)
✔ 失败和嵌套投影后创建stage标记恢复，不影响后续染印执行保存 (0.740167ms)
✔ 备份拒绝错误归属、重复、未知状态和缺少正式冻结来源的匹配 (0.359167ms)
(node:45766) ExperimentalWarning: localStorage is not available because --localstorage-file was not provided.
(Use `node --trace-warnings ...` to show where the warning was created)
✔ 验收数据至少包含 5 张染色和 5 张印花提前加工单，并覆盖全部匹配状态 (493.503875ms)
✔ 印花专业成果把多张图片和多个文件统一保存在同一附件集合 (0.265666ms)
✔ 同一生产需求可手动选择具体专业任务，创建结果保存所选任务与全部成果附件 (42.550875ms)
✔ 创建提前加工单必须选择所属专业任务并明确加工厂 (4.141959ms)
✔ 计划加工数量包含损耗率，且染色印花投入与产出 SKU 必须不同 (0.167833ms)
✔ 专业成果未审核通过时不可创建提前加工单 (0.116792ms)
✔ 多个生产需求合并为一张生产单时，可匹配多张提前染色加工单 (34.423708ms)
✔ 等待技术包的提前单在技术包就绪后可由同一匹配服务自动重试 (15.63725ms)
✔ 合并生产单中只有部分需求有提前单时，只为未覆盖需求补建剩余数量 (36.232292ms)
✔ 已有提前单但正式 BOM 或 SKU 不一致时进入异常，且不重复补建同一工艺单 (47.26375ms)
✔ 取消后重建保留旧单，并建立双向替代关系 (3.693542ms)
✔ 没有提前加工单的需求仍保留正式加工单快照 (7.825583ms)
✔ BOM uses formally reduced quantity and leaves unsupported conversion unknown (1.4335ms)
✔ reuse retains one shared source instance and adds no duplicate processing duration (0.502083ms)
✔ a new rework/recheck round extends the dependency path two days and conserves qualified pieces (0.206375ms)
✔ date-only source is not coerced to a precise instant or exact deadline (0.207667ms)
✔ known order shipment can be timed without crediting an unknown production source (0.152166ms)
✔ waiting for actual fulfillment can be overall late while factory completion stays on time (0.312375ms)
✔ all six named cards render directly checkable evidence without changing production task facts (5.339416ms)
✔ all ten tasks have independent drill-down networks and one frozen aggregate snapshot (1.485041ms)
✔ 31-item dependency recursion proves 24 natural days and shows the actual sum/max formula (2.294209ms)
✔ improving procurement by ten days only improves whole-task timing by one day (0.407541ms)
✔ network rejects circular/missing dependencies and unknown is never zero time (0.570375ms)
✔ each complete standard mock network and live forecast agrees with the task summary (7.461167ms)
✔ quantity forecast finds a one-day risk before any actual deadline is missed (0.438041ms)
✔ all-natural-day clock includes Sundays, preserves timezones, equality is on time and one second is late (0.112125ms)
✔ already-overdue outranks forecast missing; historical completion stops the clock (0.082333ms)
✔ upstream two-day delay and local catch-up pressure are distinct from current-team fault (0.070792ms)
✔ manual forecast is local, propagates both earlier and later dates, and never relaxes baseline (4.356041ms)
✔ saving a manual forecast refreshes all affected node labels without pretending capacity was increased (1.557875ms)
✔ zero capacity and stale progress never forecast zero remaining duration (0.616084ms)
✔ stock and purchase coverage do not imply factory readiness or a new purchase gap (0.453333ms)
✔ stock-only task still has transfer; purchased material must move beyond warehouse entry (0.187625ms)
✔ batch schedule conserves shared capacity and 90 percent occurs at a real batch event (0.317583ms)
✔ customer cancellation without production allocation does not reduce any task (0.234833ms)
✔ excess shipment of one SKU cannot hide shortage of another (0.219042ms)
✔ duplicate, out-of-order and corrected quantity events conserve the effective sum (0.30775ms)
✔ shared work is counted once while merged source tasks preserve independent T0 and deadlines (0.337042ms)
✔ orders enter analysis only from actual shipment and have their own clock (0.308458ms)
✔ region and supply mode select rules together, unpublished candidate rules never apply (0.19725ms)
✔ filters share exact aggregate scope and date windows are left-closed right-open (0.429333ms)
✔ Chinese UI defaults and all scope options filter the intended task population (0.173875ms)
✔ Chinese risk shortcut agrees with risk KPI and does not accidentally select completed or overdue tasks (0.248875ms)
✔ Chinese date-field labels use due date, start date and predicted completion respectively (0.203875ms)
✔ team and stage filters match applicable work nodes rather than only current task responsibility (0.115833ms)
✔ V3 team and factory must match the same node and empty all-scope still keeps a task (0.054959ms)
✔ V3 unknown shipment has no percentage and completed work without deadline is not on time (0.051542ms)
✔ 恢复预测保留不同工作和日期的顺序，只合并连续相同计算且不改写历史 (2.416958ms)
✔ 同一调拨动作按国家和供给方式命中不同预算，候选规则不参与匹配 (1.1775ms)
✔ 同优先级重叠命中必须冲突，明确更高优先级例外才可覆盖 (1.132125ms)
✔ 数量档边界不得跨档或用默认预算掩盖无规则 (0.193334ms)
✔ 子项七天而组上限五天阻断，网络不被截短也不在组外重复加预算 (0.319833ms)
✔ 并行分支取最大值，循环和缺失前置不得算成零天 (0.283875ms)
✔ 工厂实收映射须有明细与物流批次，入库不冒充到厂，重复事件不累加 (0.376958ms)
✔ 投入产出、单位或质量门槛不合规，不能放行下游 (0.218291ms)
✔ 新版本仅记录显式重算范围，不能顺延旧基线或考核截止 (0.815333ms)
✔ 默认演示配置没有阻断，会议候选必须以提示保留 (0.219375ms)
✔ 选定在途W19规则从1改3，本地路线24改26而原始/生效截止与实际事实不变 (4.276792ms)
✔ 在途发布同层冲突、缺规则、缺映射或事件边界变化都不生成覆盖 (0.188542ms)
✔ 发布覆盖可从初始快照恢复且重复应用幂等，未选任务不受影响 (0.959291ms)
✔ 未完成调拨预算增加后，预测沿下游传播；已完成上游事实仍原样 (0.339542ms)
(node:45771) ExperimentalWarning: localStorage is not available because --localstorage-file was not provided.
(Use `node --trace-warnings ...` to show where the warning was created)
✔ 首次来源读取只创建当前存在的缺口，历史从本次观察开始 (1.041584ms)
✔ 事项键由任务、工作与类型生成，中文说明变化不新增事项 (0.32925ms)
✔ 缺款图形成独立事项，增加地址不等于款色对应核验通过 (0.271541ms)
✔ 登记责任期限不修改事实或关闭事项，只有后续来源读取确认恢复 (0.656208ms)
✔ 同一恢复事实重复核对不制造历史，缺口复现重新打开且保留期限 (0.297167ms)
✔ 任务或工作未返回、数量已知性字段消失均不是恢复证据 (0.282041ms)
✔ 来源身份变更不能在同一次读取中把旧缺口标为恢复 (0.230084ms)
✔ 未结构化来源审核项不因文字消失自动关闭 (0.221209ms)
✔ 本地持久化保留独立事项、责任、期限和恢复历史 (0.768041ms)
✔ 本地损坏记录不伪造历史、不覆盖旧内容、不允许假保存 (1.197333ms)
✔ 责任、期限、调整原因必填；存储失败给出未保存结果 (0.30075ms)
✔ 数据待补按事项分页和筛选，提供独立登记及来源刷新入口 (2.0625ms)
✔ 事项按自身负责人和修复期限筛选，不借任务跟单替代 (0.243375ms)
✔ 空在途范围不展示历史演示日期压力图 (2.355416ms)
✔ 未知预算仍保留串并行和汇合箭头，位置不依赖日期 (8.352375ms)
✔ 下游未开工且前置未完的逾期归为等待；根卡点标出具体工作和全部后继 (1.132166ms)
✔ 取消和已完成不是当前卡点，数据缺口不当执行逾期 (0.61475ms)
✔ 已开工工作即使前置未完，也保留其来源责任逾期并提示核对 (0.566666ms)
✔ 卡点范围仍显示上游参照及所有受影响后继，不显示无关支路 (1.0365ms)
✔ 单据摘要默认展开来源核心字段，不只展示时效 (1.63625ms)
✔ 需求摘要指向已存在的需求列表，入口不冒称独立详情 (0.4665ms)
✔ 缺少单据不得生成虚构摘要或默认完成数 (0.369375ms)
✔ 已实收的有效结束满足前置，取消前置不会被视为供给完成 (0.584541ms)
✔ 质检不合格仍是放行卡点，不因检验时间存在变为可放行 (0.523166ms)
✔ 来源已有不合格检验结果但缺建立时间时，不因前置未完而隐藏本项卡点 (0.8625ms)
✔ 作废且不计时不等于前置已完成；来源已阻断是明确卡点 (0.54775ms)
✔ 已知工作预算齐备但范围未确认时，公式页不得称作全程标准 (0.957ms)
✔ 暂停或受阻工作不因遗留结束时间而放行下游 (0.776417ms)
✔ 生产准备初始化按编号读取定义与完整目录逐值一致，保留不存在时的契约 (1.904458ms)
✔ 单定义读取的可编辑数组保持隔离，不污染其他任务读取 (0.355ms)
▶ execution source relations retain full facts without unrelated cold initialization
  ✔ cold read resolves real runtime scope and leaves print/dye execution ledgers untouched (172.516375ms)
  ✔ scoped cold result equals original complete enumeration after the same actual ID resolution (402.39175ms)
  ✔ production with print/dye uses all existing preparation facts and keeps unknown IDs unknown (450.518917ms)
  ✔ live explicit cross-order reference and cancellation facts survive scoped reading (38.892ms)
  ✔ real persisted cancellation restores through the original validated path in a new process (1162.161292ms)
  ✔ QC reads real fact quantities and renders explicit missing artwork without placeholder network dependency (177.891375ms)
✔ execution source relations retain full facts without unrelated cold initialization (2740.427584ms)
(node:45775) ExperimentalWarning: localStorage is not available because --localstorage-file was not provided.
(Use `node --trace-warnings ...` to show where the warning was created)
✔ production source time uses explicit Shanghai time and rejects date-only completion (0.985958ms)
✔ DDS tasks use demand identity and do not invent preparation, budgets, shipment quantities or orders (6.318542ms)
✔ source bindings require existing same-style preparation and published technical version (0.776583ms)
✔ reuse preserves its source/version and does not add past preparation duration (0.453792ms)
✔ explicit unneeded work is excluded but unconfirmed missing work remains a decision, never zero-day completion (0.270791ms)
✔ explicit dependencies preserve parallel entries and repeated processes instead of serial sorting (0.652917ms)
✔ missing explicit predecessors do not become confirmed parallel roots (0.245417ms)
✔ missing predecessor and material SKU discontinuity block route certainty without fabricated edges (0.274083ms)
✔ cyclic source dependency stays a blocking issue and source objects remain unchanged (0.239458ms)
✔ read snapshot uses all current demand records without private Mock tasks or automatic same-style preparations (54.945042ms)
✔ continuous material SKU edges stay confirmed while an unconfirmed route remains pending (0.209459ms)
✔ unverified reuse does not fabricate a completed zero-day result (0.148167ms)
✔ binding writes only the DDS association key and is reflected by the next read (12.499ms)
✔ execution source uses exact production-order identity, assigned factory and responsibility deadline (0.250083ms)
✔ only a unique exact technical entry binds execution to route; same-name and split executions stay independent (0.315792ms)
✔ preparation-only source cycles are blocked without depending on a technical pack branch (0.262167ms)
✔ source time and manual forecast stay separate from frozen rule examples and missing SLA (0.519541ms)
✔ cancelled execution is not a late blocker and unfinished status cannot borrow a stale completion timestamp (0.201667ms)
✔ document summaries are factual, compact strings; decisions without a document stay unbound (0.260125ms)
✔ formal preparation output connects the exact confirmation, route entry and production version (0.399625ms)
✔ technical object identity and its material photo are retained without using the style photo (0.155375ms)
✔ material transfer has serial dispatch, transport and receipt with separate responsibility and source identity (0.339375ms)
✔ approval, sent quantities and delivery-note registration cannot prove physical handout or logistics delivery (0.175042ms)
✔ actual handout starts transportation but factory receipt never backfills logistics delivery or reception start (0.122833ms)
✔ receipt quantities require the same source line, target factory and unit; mixed units never close reception (0.159792ms)
✔ voided transfers keep evidence but no effective supply or transport completion (0.112375ms)
✔ a document handout timestamp does not complete unshipped or partially shipped source lines (0.125583ms)
✔ only preparation-bound purchase documents are included, and purchase completion never invents warehouse arrival (0.127459ms)
✔ quality is scoped to its recorded sample and does not establish shipment orders or whole-order completion (0.168083ms)
✔ current source snapshot exposes matching handover, quality and transfer documents, not generic placeholders alone (5.448375ms)
✔ only a real same-version production order becomes a root execution predecessor (0.364291ms)
✔ task lead blocker matches dependency analysis instead of blaming an unstarted downstream deadline (0.118917ms)
✔ failed inspection exposes the concrete unqualified quantity as blocker reason (0.120917ms)
✔ category sample images never stand in for a source style; a dedicated source image is retained (0.152417ms)
(node:45776) ExperimentalWarning: localStorage is not available because --localstorage-file was not provided.
(Use `node --trace-warnings ...` to show where the warning was created)
✔ 当前非 Mock 需求可保存显式工作映射，序列化后可恢复且不改来源事实 (54.164834ms)
✔ 未保存映射、规则空天数、事件范围变化与同级冲突分别给出真实阻断 (11.961209ms)
✔ 同一工作不得存两份口径，来源身份变化或未知数量不允许保存 (9.182709ms)
✔ 工作单位不换算、通配值不充当事实、里程碑不重复加预算 (3.692958ms)
✔ 来源任务发布单项预算后保持整体待定，刷新覆盖和已有截止均保留 (10.957417ms)
✔ 缺准备或实发范围时即使要求首次建基线也阻断，并且不写覆盖 (3.995917ms)
✔ 已确认的未来发货工作尚无实发事实也可建 T0+最长路径基线，缺进度只影响预测 (1.102916ms)
✔ 已发布后来源工作身份变化，不把旧映射预算套到新单据 (3.601333ms)
✔ 配置页面保存映射到本地，空天数发布被阻断，填写预算后实际发布当前来源任务 (12.400917ms)
✔ 查生产入口只在合法系统路由显示，并在打印与 PDA 路由隐藏 (0.548834ms)
✔ 相似前缀和相似打印段不会被当成合法路由 (0.09275ms)
(node:45779) ExperimentalWarning: localStorage is not available because --localstorage-file was not provided.
(Use `node --trace-warnings ...` to show where the warning was created)
✔ 静态生产单更新任务状态时保留原冻结资料，不强造不存在的技术版本 (1.425792ms)
✔ 沿用静态资料的例外不能用于新单、篡改快照或错误技术版本 (1.228667ms)
(node:45780) ExperimentalWarning: localStorage is not available because --localstorage-file was not provided.
(Use `node --trace-warnings ...` to show where the warning was created)
✔ PERF-001: runtime snapshot and all nine subsets preserve every production order value and caller isolation (24.309916ms)
✔ PERF-001: a subset read does not traverse or clone unrelated snapshot sections (0.191167ms)
✔ PERF-001: paper pattern binding strips and nested craft arrays remain isolated after mutation (0.232625ms)
✔ PERF-001: replacing or updating the bound snapshot is visible immediately without a stale cache (0.143ms)
✔ PERF-001: missing production order keeps null and empty-list contracts (0.070459ms)
(node:45781) ExperimentalWarning: localStorage is not available because --localstorage-file was not provided.
(Use `node --trace-warnings ...` to show where the warning was created)
✔ VERIFY-003: scoped reads preserve pending/voided sources and defensive copies (4.476959ms)
✔ VERIFY-003: metadata lookup reflects registry changes and returns independent locations (11.479416ms)
✔ 备份恢复不能借原票编号伪造另一种面料的交出回执 (0.84125ms)
✔ 换片布固定演示：四个新增生产单覆盖部分打印、补打、交出备用及失效票 (0.914625ms)
✔ 部位票缓存感知已提交事件版本，重复读取同一版本不失效 (0.665833ms)
✔ 按名称排朴，空名拒绝，同名不同编码/颜色保留独立身份 (1.134458ms)
✔ 初始每面料一张，重复分配幂等；新增与补打不混淆 (0.855125ms)
✔ 改派未交票失效，已交历史不抹除，新范围递增序号 (1.088958ms)
✔ 部分出纸仅确认勾选票；重复确认不增加次数，内容变化拒绝 (0.324875ms)
✔ 整个批次多袋并集检查，非本次袋不可借用，顺序无关 (0.574667ms)
✔ 同任务同工厂历史可满足；不同任务或换厂必须另交 (0.316333ms)
✔ 三方自行裁剪排除，资料缺失与无需面料分开判断 (0.123583ms)
✔ 混装按类型和单位分项，换片布不能拆成非5 Yard (0.235042ms)
✔ 局域网 HTTP 的摘要与原生 SHA-256 相同，既有票号不变化 (10.038208ms)
(node:45788) ExperimentalWarning: localStorage is not available because --localstorage-file was not provided.
(Use `node --trace-warnings ...` to show where the warning was created)
✔ 混装打印保留裁片矩阵，捆条和换片布独立附页，不合并单位 (1.113958ms)
✔ 纯换片布袋可生成货物标识，不制造尺码和部位 (0.123083ms)
✔ 混装标签拒绝换片布错误长度、作废票和混生产单 (1.716708ms)
✔ 旧业务存储不可读时仍用已提交的原装袋周期打印三类货物 (2.817083ms)
✔ 生产单按单记录；变更一单不重写其他单和任务 (1.265459ms)
✔ 运行任务独立保存覆盖、拆分、合并、改派及序号，往返保留身份 (0.235292ms)
✔ 有效分配索引、独立记录、审计及序号完整往返，拒绝重复身份和损坏格式 (0.347125ms)
✔ 拒绝空字符串，不吞掉损坏记录 (0.060875ms)
✔ 拒绝数组根，不吞掉损坏记录 (0.067792ms)
✔ 拒绝生产单数组实体，不吞掉损坏记录 (0.044333ms)
✔ 拒绝生产单空编号，不吞掉损坏记录 (0.041833ms)
✔ 拒绝生产单损坏快照，不吞掉损坏记录 (0.043458ms)
✔ 拒绝任务覆盖数组，不吞掉损坏记录 (0.057875ms)
✔ 拒绝任务覆盖身份，不吞掉损坏记录 (0.085958ms)
✔ 拒绝拆分来源身份，不吞掉损坏记录 (0.053791ms)
✔ 拒绝拆分子项损坏，不吞掉损坏记录 (0.049083ms)
✔ 拒绝合并明细损坏，不吞掉损坏记录 (0.0425ms)
✔ 拒绝改派任务身份，不吞掉损坏记录 (0.034ms)
✔ 拒绝不安全序号，不吞掉损坏记录 (0.0355ms)
✔ 拒绝重复Map键，不吞掉损坏记录 (0.051042ms)
✔ 拒绝current非数组，不吞掉损坏记录 (0.037167ms)
✔ 拒绝current孤儿，不吞掉损坏记录 (0.036417ms)
✔ 拒绝current跨任务，不吞掉损坏记录 (0.034333ms)
✔ 拒绝current重复引用，不吞掉损坏记录 (0.031625ms)
✔ 拒绝审计孤儿，不吞掉损坏记录 (0.033583ms)
✔ 已保存实体损坏编号、缺少meta或重复meta不能伪造正常空源 (0.138917ms)
✔ 未登记key及空白JSON拒绝；null明确代表没有覆盖 (0.52025ms)
✔ 备份校验拒绝未知来源集合、伪造迁移身份及丢失检查点实体 (1.623375ms)
✔ 四类静态运行任务的删除标记完整往返，拒绝混入业务字段或假删除 (0.3585ms)
✔ 分配副产物按实体保存；合同、样衣及PPIC责任保留独立序号 (0.781542ms)
✔ 拒绝缺失渲染必需快照的合同，防止迁移清源后才暴露损坏 (0.06825ms)
✔ 关联实体损坏拒绝 unknown:X (0.048792ms)
✔ 关联实体损坏拒绝 material-context:A (0.030916ms)
✔ 关联实体损坏拒绝 return-sequence:value (0.035792ms)
✔ 关联实体损坏拒绝 sla-current:T (0.026375ms)
✔ 生产创建匹配来源按生产单身份校验并完整恢复 (0.214ms)
✔ 工厂结束事实只允许明确任务、操作人和时间 (1.3035ms)
✔ 既有招标定标记录保留真实来源编号并校验价格与操作人 (0.3885ms)
✔ 开工交出单头只包含首次零交出事实，拒绝伪造数量和身份 (0.367875ms)
(node:45790) ExperimentalWarning: localStorage is not available because --localstorage-file was not provided.
(Use `node --trace-warnings ...` to show where the warning was created)
✔ 同分配的同名 A/B 面料分别新增和打印；第二面料不被第一范围替代 (77.742583ms)
(node:45791) ExperimentalWarning: localStorage is not available because --localstorage-file was not provided.
(Use `node --trace-warnings ...` to show where the warning was created)
✔ 分配 SKU 的需料不同；多尺码共料去重，名称含朴排除 (1.895416ms)
✔ 完整但全是朴为空集合；缺颜色映射或空名称属于资料错误 (0.331666ms)
✔ 同名不同编码面料不混并；BOM 身份歧义阻断 (0.247792ms)
✔ 交出回执从快照保留三种明细，Yard 与米不进入裁片数量 (0.649459ms)
✔ 回执任务读取保持数组身份；只在事实变更后重新投影 (0.369959ms)
✔ 款式需料读取的配置查询只返回独立副本，不能污染下次来源读取 (0.88425ms)
✔ 来源读取失败时不能把不可用哨兵值当作稳定分配继续保存 (0.350125ms)
✔ 历史裁片实交保留原数量与归属，其他集合不混入 (0.567042ms)
✔ 历史缺原版本、交错明细、负数量或记录身份错误均阻断恢复 (0.278417ms)
✔ 面辅料单不可写入退役裁片历史，未完成迁移标记不可恢复 (0.095917ms)
✔ 并发调用复用同一个模块加载 Promise，成功后继续复用结果 (0.654417ms)
✔ 模块加载失败后清空缓存，下一次调用可以重试 (0.239709ms)
(node:45794) ExperimentalWarning: localStorage is not available because --localstorage-file was not provided.
(Use `node --trace-warnings ...` to show where the warning was created)
✔ 刷新时静态样衣命令重建不重放到已移交的持久用户状态，构造失败恢复输入 (7.273458ms)
✔ 独立打印外壳只命中完整生产确认单打印路由 (0.933291ms)
✔ 既有固定打印路由仍使用独立打印外壳 (0.265ms)
✔ technical version working-copy reads do not write and failed staging preserves data (first visit) (265.452583ms)
✔ technical version working-copy reads do not write and failed staging preserves data (saved data) (283.677ms)
[PMS_IDB_LOAD_FAILED] { message: '当前浏览器不支持 IndexedDB,PMS 业务数据无法持久化。' }
✔ 五类页面共享采购到交出的串联 Mock，重复初始化不重置执行事实 (242.688417ms)
✔ 补齐串联 Mock 时压缩历史大签名，避免浏览器存储接近上限导致页面路由失败 (216.850709ms)
✔ 三个中央工厂在组织目录与执行工厂中身份一致且仅出现一次 (0.425875ms)
✔ 花边角色与采购映射归属TMF但供应方仍保留独立身份 (0.072958ms)
✔ 橡筋定长切割仍归SPF，不成为TMF织带截断任务 (0.089042ms)
✔ 旧浏览器组织记录迁移后不与权威TMF并存且保留已有联系人 (2.438625ms)
(node:45802) ExperimentalWarning: localStorage is not available because --localstorage-file was not provided.
(Use `node --trace-warnings ...` to show where the warning was created)
✔ 连续织带实际650米交出→648+2实收→染色可用650，仓库和用料保持米制且无公斤换算 (14.186ms)
✔ 连续长度口径不可用于纱线/码制，普通辅料仍要求实际称重 (5.384291ms)
✔ 原生连续辅料染色650→640：实际工厂实收及用料驱动加工，使用对象对应蓝色织带参考图 (399.629333ms)
✔ 织带与绳子参考档案接入实际物料库，保留图片来源和未确认尺寸，不替换橡筋 (112.539ms)
✔ 同分钟新建不同幅宽织带和绳径主档不共用 SPU 身份，SKU 保持各自父档与主单位 (20.267583ms)
✔ TMF半成品SKU按SPU→潘通色号→颜色→花型生成，长度和端头不进入SKU (0.148833ms)
(node:45804) ExperimentalWarning: localStorage is not available because --localstorage-file was not provided.
(Use `node --trace-warnings ...` to show where the warning was created)
✔ TMF发布采用链：技术包发布门禁→审核发布→启用→生产单采用→生成织带加工需求 (1307.164625ms)
✔ TMF发布门禁：含织带截断工序但规格未补齐的采用版本不能发布 (29.973791ms)
✔ 正式生产路线只关联相邻同BOM同SKU的染色→印花，不生成数量或修改来源 (1.697167ms)
✔ 跨单/版本/工序/用途/SKU/单位、缺工厂与已有其他接收单都不能接续 (0.51175ms)
✔ 印花连续辅料仅接同版本同BOM的直接截断节点，不修改SKU和数量 (1.363041ms)
✔ 染色来源已绑定印花时拒绝直接截断，不读取不存在的顶层字段 (0.341167ms)
✔ TMF V1 原型范围、工厂身份和现场默认参数已冻结 (0.700792ms)
✔ TMF 风险动作默认要求主管与二次确认，采购行身份不可丢失 (0.067ms)
[PMS_IDB_LOAD_FAILED] { message: '当前浏览器不支持 IndexedDB,PMS 业务数据无法持久化。' }
[PMS_IDB_UNAVAILABLE] put 跳过,数据仅保留在内存 { store: 'pmsMaterialPurchaseOrderDeltas', key: 'CGF-2026-0007' }
[PMS_IDB_UNAVAILABLE] put 跳过,数据仅保留在内存 { store: 'pmsMaterialPurchaseOrderDeltas', key: 'CGF-2026-0009' }
[PMS_IDB_UNAVAILABLE] put 跳过,数据仅保留在内存 { store: 'pmsMaterialPurchaseOrderDeltas', key: 'CGF-2026-0009' }
{"scenario":"N02","scope":"业务动作主链含纱线重量账；含端头辅材采购实收；不含PCS发布采用页面、纱线采购上游","purchaseReceived":1300,"productionReceived":1000,"warehouseContinuousM":30,"netCutM":1260,"lossM":10,"headUnit":"个","headReceived":2020,"headRemaining":15}
[PMS_IDB_UNAVAILABLE] put 跳过,数据仅保留在内存 { store: 'pmsMaterialPurchaseOrderDeltas', key: 'CGF-2026-0010' }
[PMS_IDB_UNAVAILABLE] put 跳过,数据仅保留在内存 { store: 'pmsMaterialPurchaseOrderDeltas', key: 'CGF-2026-0010' }
{"scenario":"N03","scope":"业务动作主链含纱线重量账；含端头辅材采购实收；不含PCS发布采用页面、纱线采购上游","purchaseReceived":60,"productionReceived":100,"warehouseContinuousM":9,"netCutM":50,"lossM":1,"headUnit":"个","headReceived":202,"headRemaining":1}
[PMS_IDB_UNAVAILABLE] put 跳过,数据仅保留在内存 { store: 'pmsMaterialPurchaseOrderDeltas', key: 'CGF-2026-0011' }
[PMS_IDB_UNAVAILABLE] put 跳过,数据仅保留在内存 { store: 'pmsMaterialPurchaseOrderDeltas', key: 'CGF-2026-0011' }
{"scenario":"N04","scope":"业务动作主链含纱线重量账；含端头辅材采购实收；不含PCS发布采用页面、纱线采购上游","purchaseReceived":100,"productionReceived":50,"warehouseContinuousM":34,"netCutM":65,"lossM":1,"headUnit":"kg","headReceived":0.2,"headRemaining":0.04}
[PMS_IDB_UNAVAILABLE] put 跳过,数据仅保留在内存 { store: 'pmsMaterialPurchaseOrderDeltas', key: 'CGF-2026-0012' }
[PMS_IDB_UNAVAILABLE] put 跳过,数据仅保留在内存 { store: 'pmsMaterialPurchaseOrderDeltas', key: 'CGF-2026-0012' }
{"scenario":"B06","scope":"规范数量动作链；塑料头从仓库实收事实开始，补购基础生产未虚构纱线配方；不代表全部页面验收","continuous":9,"productionReceived":1000,"scrapped":100,"scrappedMeters":120,"loss":11,"metalRemaining":15,"plasticRemaining":2}
{"scenario":"N05","mergedBatch":"FULL-N05-MERGED","purchaseReceivedM":120,"mergedIssuedM":102,"mergedProducedPieces":200,"productionReceivedByOrder":[100,100],"warehouseContinuousM":19,"lossM":1,"returnedM":1}
{"scenario":"B17","mergedBatch":"FULL-B17-MERGED","purchaseReceivedM":120,"mergedIssuedM":102,"mergedProducedPieces":200,"productionReceivedByOrder":[100,100],"warehouseContinuousM":19,"lossM":1,"returnedM":1}
{"scenario":"N01","rawReceivedKg":12,"consumedKg":10,"returnedKg":1,"factoryRemainingKg":1,"semiFinishedReceivedM":1000}
{"scenario":"N02","rawReceivedKg":12,"consumedKg":10,"returnedKg":1,"factoryRemainingKg":1,"semiFinishedReceivedM":1300}
{"scenario":"N03","rawReceivedKg":12,"consumedKg":10,"returnedKg":1,"factoryRemainingKg":1,"semiFinishedReceivedM":60}
{"scenario":"N04","rawReceivedKg":12,"consumedKg":10,"returnedKg":1,"factoryRemainingKg":1,"semiFinishedReceivedM":100}
{"scenario":"N05","rawReceivedKg":12,"consumedKg":10,"returnedKg":1,"factoryRemainingKg":1,"semiFinishedReceivedM":120}
{"scenario":"PRINTBACK-source-fixture","nativePrint":{"inputM":650,"outputM":630,"lossM":20,"outputImage":"MISSING_BLOCKED"},"sourceDispatched":630,"actualReceived":630,"cutMeters":620,"lossMeters":2,"returnedMeters":8,"baseLeftMeters":350,"scope":"原生印花650→630已独立重放；下游630米交出仍为专项夹具，不替代缺图正式交出或N01完整上游"}
{"scenario":"B09-downstream-recovery","basePhysicalM":350,"otherReservedM":350,"baseAvailableM":0,"processedReturnM":8,"productionPieces":[400,600],"scope":"含实际占用失败、释放、发料及印花回料后全链；原生印染20米损耗未执行，不是完整B09通过"}
{"scenario":"B05-cut-recovery","received":[400,600],"frozenPieces":10,"frozenLengthMm":500,"continuous":2.5,"cutLoss":2.5,"upstreamScope":"印花630米已交出为外部专项夹具，不冒充原生印染20米损耗或全N01"}
(node:45808) ExperimentalWarning: localStorage is not available because --localstorage-file was not provided.
(Use `node --trace-warnings ...` to show where the warning was created)
✔ N01～N05：通过现有 PMS 入口下达，每条采购链从零执行到仓库实收；交出不提前增加库存 (12.999959ms)
✔ 半成品加工没有原料实收和足量耗用时禁止产出，补齐同一原料链后才能填报 (4.981584ms)
✔ MOCK-007：规范场景使用同一采购行、基础单和生产需求身份，不复制孤立页面 Mock (5.209541ms)
✔ MOCK-009：重置只重载隔离的运行态，不清除用户浏览器数据 (1.4855ms)
✔ B01/B03：短收保留在途和采购缺口；重复扫描、生成和刷新不双记 (2.472791ms)
✔ B02/B04：多收、错 SKU、错仓和无权限动作不改变任意下游数量；恢复后正常收齐 (2.107833ms)
✔ OVR-001～003：超产与超收须主管二次确认，计划不扩、幂等且下游一致 (5.110334ms)
✔ MASTER-001～003/005：采购与端头采购映射原型内建主档，缺失阻断且身份稳定 (6.028958ms)
✔ MASTER-004：映射前历史记录保留原快照与未映射标记，不批量改写 (0.269666ms)
✔ TERM-001～005：取消后终止处置台逐项决定，未处置不得结案且数量对账守恒 (11.194375ms)
✔ 终止连续余料：实物余量只扣一次报废，拒绝超量且剩余数量可继续处置 (4.175125ms)
✔ GAP-TERM-004：上游未收与生产在途分别确认去向，不可重复登记 (0.684125ms)
✔ DYE-001～003：染色直交织带厂按实际交出分配实收，追溯原染色单且不重复扣料 (472.785625ms)
✔ 采购追加：未开始同步计划，已执行保留原计划和实物并处理变更 (6.062625ms)
✔ B21：保存失败不报成功、不留部分库存；成功后刷新读取同一采购和收货事实 (1.380042ms)
✔ 采购→两种规格截断→拆包回仓→分配发料→生产实收：短收保留缺口，库存及采购不双记 (23.664416ms)
✔ B09：其他需求占用400米时不能再占650；释放50后恢复，错误发料不改变库存 (6.103333ms)
✔ 需求来源：同尺码不同成衣SKU分别保留，BOM适用范围生效，错误快照和重复工序阻断 (0.471917ms)
✔ 待打头条料不计合格产出；超公差实物记不良且照实扣下料当量，未实收不可截断 (35.807042ms)
✔ N04：采购100米→单端硅胶按kg实耗→回仓发料→生产实收50根，连续料剩34米 (28.394083ms)
✔ B15：截断后取消保留1000根在制和1260米当量，释放未发占用并只退连续余料 (27.998375ms)
✔ 已回仓部分发料后取消：释放未发分配，冻结实存，已发在途保留且实收不恢复需求 (17.577667ms)
✔ N02规范数值：采购→实际加工→生产实收及米料/辅材退仓整链 (84.112ms)
✔ N03规范数值：采购→实际加工→生产实收及米料/辅材退仓整链 (63.225916ms)
✔ N04规范数值：采购→实际加工→生产实收及米料/辅材退仓整链 (67.947166ms)
✔ B06规范恢复：误装100根报废→补购100米并补做→生产实收1000根，三套实物账守恒 (128.075584ms)
✔ N05合并批：120米采购→102米合并投入→两生产单各实收100，B17独立副本拆100为40+60 (85.318792ms)
✔ B17合并批：120米采购→102米合并投入→两生产单各实收100，B17独立副本拆100为40+60 (103.972667ms)
✔ N01～N05基础原料重量账：源仓实收→发出→工厂实收→耗用/余料→原仓实收，与米制产出独立 (230.814792ms)
✔ 主生产单暂停/取消直接限制织带执行，已发实收保留且取消处置释放未发占用 (65.366917ms)
✔ 冷启动及旧标签页均读取已保存主单限制，损坏来源不默许执行 (0.259625ms)
✔ 印花交出按两种长度分配，原单分次实收唯一记账，随后截断/回仓/领料守恒 (381.53675ms)
✔ 主单离页保存保留其他页取消及新增单，同单并发编辑和存储失败不覆盖 (2.904292ms)
✔ 技术包换版后旧规格冻结，已交出的仓库及生产在途可实收且不改旧长度 (62.186541ms)
✔ 未发料换版释放旧占用，新需求从备料至生产实收，旧预览和已执行重算阻断 (99.501125ms)
✔ 已加工换版：旧200条冻结并释放未发分配，新550/700mm需求实收1000条，旧预览失效且库存守恒 (125.187416ms)
✔ B05实际410/590错配：短条余量冻结，连续余料8米补10条700mm至两规格生产实收 (212.904292ms)
✔ 加工计划时间独立保存：明确时区、并发版本阻断、实际节点不倒推开完工且库存不变 (29.36425ms)
✔ 加工单费用按技术包需求计价：单位、币种和版本可追溯，库存与实收不被费用动作改变 (19.67525ms)
✔ 织带加工单没有接单或开工门禁，投入实收后可直接加工填报 (55.200667ms)
✔ B23未执行采购1000减900：版本留痕、旧预览阻断、重新确认接受后900实际生产实收 (53.473375ms)
✔ B24实收1000退100：仓库交出与TMF分次实收独立，原收保留且净900后减量 (101.959083ms)
✔ 采购取消门禁：无执行事实可取消，已收货或已生产必须先处置不能直接结案 (58.595667ms)
[PMS_IDB_LOAD_FAILED] { message: '当前浏览器不支持 IndexedDB,PMS 业务数据无法持久化。' }
[PMS_IDB_UNAVAILABLE] put 跳过,数据仅保留在内存 { store: 'pmsMaterialPurchaseOrderDeltas', key: 'CGF-2026-0007' }
[PMS_IDB_LOAD_FAILED] { message: '当前浏览器不支持 IndexedDB,PMS 业务数据无法持久化。' }
[PMS_IDB_LOAD_FAILED] { message: '当前浏览器不支持 IndexedDB,PMS 业务数据无法持久化。' }
[PMS_IDB_LOAD_FAILED] { message: '当前浏览器不支持 IndexedDB,PMS 业务数据无法持久化。' }
[PMS_IDB_UNAVAILABLE] put 跳过,数据仅保留在内存 { store: 'pmsMaterialPurchaseOrderDeltas', key: 'CGF-2026-0007' }
[PMS_IDB_UNAVAILABLE] put 跳过,数据仅保留在内存 { store: 'pmsMaterialPurchaseOrderDeltas', key: 'CGF-2026-0007' }
[PMS_IDB_UNAVAILABLE] put 跳过,数据仅保留在内存 { store: 'pmsMaterialPurchaseOrderDeltas', key: 'CGF-2026-0007' }
[PMS_IDB_LOAD_FAILED] { message: '当前浏览器不支持 IndexedDB,PMS 业务数据无法持久化。' }
[PMS_IDB_LOAD_FAILED] { message: '当前浏览器不支持 IndexedDB,PMS 业务数据无法持久化。' }
[PMS_IDB_LOAD_FAILED] { message: '当前浏览器不支持 IndexedDB,PMS 业务数据无法持久化。' }
✔ PMS采购实际仓库实收与原料库存一次保存；分批、刷新、原料使用和退回均不重复履约 (159.074875ms)
✔ 历史手工到货及不支持的单位不能直接变成投入料可用库存 (0.542ms)
✔ 首次实收前供应商确认与关闭可刷新恢复，保存失败和损坏存储不会覆盖状态 (0.737708ms)
✔ N01采用路线按染色→印花关联原单，多尺码不重复列工序，不修改印染数量 (2.462167ms)
✔ 旧版本、错误SKU、码制单位、取消或变更待处理均不作为有效关联 (0.543375ms)
✔ 同号不同生产单或BOM不得关联，重复来源不静默选择，混合快照阻断 (0.353375ms)
✔ 编辑器按尺码保留规格，截断打头不新建SKU，重复保存沿用节点身份 (1.62325ms)
✔ 无印染要求时 TMF 路线只生成截断节点，不凭空生成染色或印花节点 (0.1075ms)
✔ 前序印染产出SKU作为截断投入；保留独立橡筋工艺，移除打头后下游连接截断 (0.341541ms)
✔ 未明确打头、错误辅料BOM、无半成品和不合法前序不能生成可执行路线 (0.127833ms)
(node:45813) ExperimentalWarning: localStorage is not available because --localstorage-file was not provided.
(Use `node --trace-warnings ...` to show where the warning was created)
✔ N01：400 条 50CM 和 600 条 70CM 分行计算，共 620 米；未增加 SKU (1.292167ms)
✔ 缺少尺码数量、非整数条数、公差或测量条件时不猜测需求 (0.315792ms)
✔ B07：未选择打头、缺少端头方式或辅材不能确认；支持两端不同端头 (0.24075ms)
✔ N04/B08：硅胶按重量且必须有覆盖长度，不作为独立金属头计数 (0.08875ms)
✔ B18：打头只能承接对应截断条料，不能换 SKU、换长度或重新领连续料 (0.2585ms)
✔ N05：规格相同可以合并，但尺码、用途和需求身份不靠物理规格键代替 (0.099417ms)
✔ B14：修改后续版本端头要求不能污染生产单历史快照 (0.639708ms)
✔ 发布门禁：含织带截断工序的技术包必须规格完整且规格仍关联当前 BOM (0.155042ms)
(node:45814) ExperimentalWarning: localStorage is not available because --localstorage-file was not provided.
(Use `node --trace-warnings ...` to show where the warning was created)
✔ 已提交新周期可由真实袋档案进入历史，错误袋和未知周期仍拒绝 (0.941084ms)
(node:45815) ExperimentalWarning: localStorage is not available because --localstorage-file was not provided.
(Use `node --trace-warnings ...` to show where the warning was created)
✔ REPLACEMENT_FABRIC 已绑定有效同生产单任务保留归属，不按部位裁片SKU消除 (17.196291ms)
✔ REPLACEMENT_FABRIC 未绑定票不猜任务，可由用户明确同批加入 (6.800083ms)
✔ REPLACEMENT_FABRIC old-factory 旧绑定不可作为当前任务沿用 (7.975542ms)
✔ REPLACEMENT_FABRIC other-order 旧绑定不可作为当前任务沿用 (5.511375ms)
✔ BINDING_STRIP 已绑定有效同生产单任务保留归属，不按部位裁片SKU消除 (5.435916ms)
✔ BINDING_STRIP 未绑定票不猜任务，可由用户明确同批加入 (5.447125ms)
✔ BINDING_STRIP old-factory 旧绑定不可作为当前任务沿用 (5.659167ms)
✔ BINDING_STRIP other-order 旧绑定不可作为当前任务沿用 (5.617875ms)
ℹ tests 573
ℹ suites 0
ℹ pass 573
ℹ fail 0
ℹ cancelled 0
ℹ skipped 0
ℹ todo 0
ℹ duration_ms 11860.593542
vite v6.4.3 building for production...
transforming...
✓ 2732 modules transformed.
rendering chunks...
[plugin vite:reporter]
(!) /Users/laoer/Documents/higoods/src/data/app-shell-config.ts is dynamically imported by /Users/laoer/Documents/higoods/src/router/routes.ts but also statically imported by /Users/laoer/Documents/higoods/src/components/shell.ts, /Users/laoer/Documents/higoods/src/state/store.ts, dynamic import will not move module into another chunk.

[plugin vite:reporter]
(!) /Users/laoer/Documents/higoods/src/components/production-object-floating-entry.ts is dynamically imported by /Users/laoer/Documents/higoods/src/main.ts but also statically imported by /Users/laoer/Documents/higoods/src/components/shell.ts, dynamic import will not move module into another chunk.

[plugin vite:reporter]
(!) /Users/laoer/Documents/higoods/src/data/fcs/cutting/cutting-record-identity.ts is dynamically imported by /Users/laoer/Documents/higoods/src/data/fcs/cutting/cutting-record-repository.ts but also statically imported by /Users/laoer/Documents/higoods/src/data/fcs/cutting/cutting-event-migration.ts, /Users/laoer/Documents/higoods/src/data/fcs/cutting/cutting-file-maintenance.ts, /Users/laoer/Documents/higoods/src/data/fcs/cutting/part-ticket-records.ts, /Users/laoer/Documents/higoods/src/data/fcs/cutting/replacement-fabric-fei-tickets.ts, /Users/laoer/Documents/higoods/src/data/fcs/cutting/replacement-fabric-repository.ts, /Users/laoer/Documents/higoods/src/data/fcs/cutting/retired-cut-piece-pickup-history.ts, /Users/laoer/Documents/higoods/src/data/fcs/production-context-actions.ts, /Users/laoer/Documents/higoods/src/data/fcs/production-context-records.ts, /Users/laoer/Documents/higoods/src/pages/pda-cutting-save.ts, /Users/laoer/Documents/higoods/src/pages/print/replacement-fabric-preview.ts, /Users/laoer/Documents/higoods/src/pages/process-factory/cutting/replacement-fabric-fei-tickets.ts, /Users/laoer/Documents/higoods/src/pages/process-factory/cutting/transfer-bags/state.ts, /Users/laoer/Documents/higoods/src/pages/process-factory/cutting/wait-handover-actions.ts, /Users/laoer/Documents/higoods/src/pages/production-contract-print.ts, /Users/laoer/Documents/higoods/src/pages/unified-dispatch-workbench.ts, dynamic import will not move module into another chunk.

[plugin vite:reporter]
(!) /Users/laoer/Documents/higoods/src/data/fcs/production-context-records.ts is dynamically imported by /Users/laoer/Documents/higoods/src/data/fcs/cutting/cutting-record-repository.ts, /Users/laoer/Documents/higoods/src/data/pcs-product-reference-check.ts, /Users/laoer/Documents/higoods/src/main.ts but also statically imported by /Users/laoer/Documents/higoods/src/data/fcs/cutting/cutting-event-repository.ts, /Users/laoer/Documents/higoods/src/data/fcs/cutting/part-ticket-records.ts, /Users/laoer/Documents/higoods/src/data/fcs/cutting/replacement-fabric-repository.ts, /Users/laoer/Documents/higoods/src/data/fcs/cutting/replacement-fabric-source.ts, /Users/laoer/Documents/higoods/src/data/fcs/cutting/retired-cut-piece-pickup-history.ts, /Users/laoer/Documents/higoods/src/data/fcs/effective-task-assignments.ts, /Users/laoer/Documents/higoods/src/data/fcs/pda-handover-events.ts, /Users/laoer/Documents/higoods/src/data/fcs/production-context-actions.ts, /Users/laoer/Documents/higoods/src/data/fcs/production-contracts.ts, /Users/laoer/Documents/higoods/src/data/fcs/production-order-runtime-store.ts, /Users/laoer/Documents/higoods/src/data/fcs/production-orders.ts, /Users/laoer/Documents/higoods/src/data/fcs/runtime-process-tasks.ts, /Users/laoer/Documents/higoods/src/data/fcs/sewing-outsourcing-responsibility.ts, /Users/laoer/Documents/higoods/src/data/fcs/sewing-sample-approval-suggestion.ts, /Users/laoer/Documents/higoods/src/pages/dispatch-tenders.ts, /Users/laoer/Documents/higoods/src/pages/process-factory/cutting/replacement-fabric-data-tools.ts, /Users/laoer/Documents/higoods/src/pages/production-context-recovery.ts, dynamic import will not move module into another chunk.

[plugin vite:reporter]
(!) /Users/laoer/Documents/higoods/src/data/fcs/printing-task-domain.ts is dynamically imported by /Users/laoer/Documents/higoods/src/data/fcs/dyeing-task-domain.ts, /Users/laoer/Documents/higoods/src/data/fcs/tmf-upstream-process-orders.ts, /Users/laoer/Documents/higoods/src/data/pms/tmf-material-purchases.ts, /Users/laoer/Documents/higoods/src/pages/process-factory/accessory/webbing/work-order-detail.ts, /Users/laoer/Documents/higoods/src/pages/process-factory/accessory/webbing/work-order-detail.ts but also statically imported by /Users/laoer/Documents/higoods/src/data/fcs/cutting/material-prep.ts, /Users/laoer/Documents/higoods/src/data/fcs/cutting/supplement-node-facts.ts, /Users/laoer/Documents/higoods/src/data/fcs/design-revision-material-transfer.ts, /Users/laoer/Documents/higoods/src/data/fcs/design-revision-process-work-order-adapter.ts, /Users/laoer/Documents/higoods/src/data/fcs/factory-receiving-links.ts, /Users/laoer/Documents/higoods/src/data/fcs/factory-receiving-source-sync.ts, /Users/laoer/Documents/higoods/src/data/fcs/mobile-execution-task-index.ts, /Users/laoer/Documents/higoods/src/data/fcs/pda-start-link.ts, /Users/laoer/Documents/higoods/src/data/fcs/printing-factory-demos.ts, /Users/laoer/Documents/higoods/src/data/fcs/printing-material-receipts.ts, /Users/laoer/Documents/higoods/src/data/fcs/printing-statistics.ts, /Users/laoer/Documents/higoods/src/data/fcs/printing-warehouse-view.ts, /Users/laoer/Documents/higoods/src/data/fcs/printing-work-order-business.ts, /Users/laoer/Documents/higoods/src/data/fcs/process-action-writeback-service.ts, /Users/laoer/Documents/higoods/src/data/fcs/process-execution-writeback.ts, /Users/laoer/Documents/higoods/src/data/fcs/process-mobile-task-binding.ts, /Users/laoer/Documents/higoods/src/data/fcs/process-warehouse-linkage-service.ts, /Users/laoer/Documents/higoods/src/data/fcs/process-web-status-actions.ts, /Users/laoer/Documents/higoods/src/data/fcs/process-work-order-domain.ts, /Users/laoer/Documents/higoods/src/data/fcs/process-work-order-generation-service.ts, /Users/laoer/Documents/higoods/src/data/fcs/production-demand-early-process-work-orders.ts, /Users/laoer/Documents/higoods/src/data/fcs/production-object-overview.ts, /Users/laoer/Documents/higoods/src/data/fcs/production-process-work-order-service.ts, /Users/laoer/Documents/higoods/src/data/fcs/production-task-breakdown.ts, /Users/laoer/Documents/higoods/src/data/fcs/task-print-cards.ts, /Users/laoer/Documents/higoods/src/pages/pcs-independent-sampling.ts, /Users/laoer/Documents/higoods/src/pages/pda-exec-detail.ts, /Users/laoer/Documents/higoods/src/pages/pda-exec.ts, /Users/laoer/Documents/higoods/src/pages/pda-task-receive.ts, /Users/laoer/Documents/higoods/src/pages/print/templates/printing-work-order-template.ts, /Users/laoer/Documents/higoods/src/pages/process-factory/cutting/production-order-overview-projection.ts, /Users/laoer/Documents/higoods/src/pages/process-factory/dyeing/pending-receipts.ts, /Users/laoer/Documents/higoods/src/pages/process-factory/printing/dashboards.ts, /Users/laoer/Documents/higoods/src/pages/process-factory/printing/dialogs.ts, /Users/laoer/Documents/higoods/src/pages/process-factory/printing/dispatch.ts, /Users/laoer/Documents/higoods/src/pages/process-factory/printing/events.ts, /Users/laoer/Documents/higoods/src/pages/process-factory/printing/presentation.ts, /Users/laoer/Documents/higoods/src/pages/process-factory/printing/shared.ts, /Users/laoer/Documents/higoods/src/pages/process-factory/printing/statistics.ts, /Users/laoer/Documents/higoods/src/pages/process-factory/printing/work-order-detail.ts, /Users/laoer/Documents/higoods/src/pages/process-print-orders.ts, /Users/laoer/Documents/higoods/src/pages/process-work-orders/early-process-management.ts, /Users/laoer/Documents/higoods/src/pages/production/demand-domain.ts, /Users/laoer/Documents/higoods/src/runtime/fcs/cutting/pickup-management-runtime.ts, dynamic import will not move module into another chunk.

computing gzip size...
dist/index.html                                                           3.95 kB │ gzip:   1.11 kB
dist/assets/pcs-pattern-parse.worker-B3_rAVMB.js                         18.52 kB
dist/assets/pcs-record-baseline-CnGxp_nF.json                         3,020.73 kB │ gzip: 145.14 kB
dist/assets/source-views-23Nr_RHD.css                                    34.63 kB │ gzip:   7.04 kB
dist/assets/index-kHgByfvr.css                                          154.91 kB │ gzip:  25.41 kB
dist/assets/domain-snapshot-DTBWYAtP.js                                   0.32 kB │ gzip:   0.24 kB
dist/assets/store-domain-quality-bootstrap-BHad9Yjj.js                    0.38 kB │ gzip:   0.25 kB
dist/assets/sample-warehouse-projection-D2fdMno1.js                       0.39 kB │ gzip:   0.25 kB
dist/assets/material-purchase-references-BGvsgEDh.js                      0.51 kB │ gzip:   0.33 kB
dist/assets/pcs-record-bootstrap-CG81dt0F.js                              0.53 kB │ gzip:   0.44 kB
dist/assets/dialogs-DdScXI-R.js                                           0.59 kB │ gzip:   0.31 kB
dist/assets/design-revision-pcs-command-lS-x3huG.js                       0.62 kB │ gzip:   0.34 kB
dist/assets/tech-pack-JGyR2YOo.js                                         0.62 kB │ gzip:   0.32 kB
dist/assets/pcs-storage-error-_hvdVJ2I.js                                 0.71 kB │ gzip:   0.52 kB
dist/assets/badge-Bv6kpWBh.js                                             0.78 kB │ gzip:   0.42 kB
dist/assets/images-Q79qfJD0.js                                            0.80 kB │ gzip:   0.35 kB
dist/assets/pms-export-BqaEHC4D.js                                        0.83 kB │ gzip:   0.50 kB
dist/assets/placeholder-CEYu92qr.js                                       0.85 kB │ gzip:   0.47 kB
dist/assets/pda-cutting-save-q7Ukd3-e.js                                  0.87 kB │ gzip:   0.60 kB
dist/assets/trace-CPOKYtGy.js                                             0.89 kB │ gzip:   0.52 kB
dist/assets/execution-prep-projection-helpers-CWKuRgC0.js                 0.94 kB │ gzip:   0.46 kB
dist/assets/history-juCy8JiS.js                                           0.98 kB │ gzip:   0.63 kB
dist/assets/payment-sync-BgYZqc-C.js                                      1.01 kB │ gzip:   0.64 kB
dist/assets/print-service-CyrwQfQw.js                                     1.04 kB │ gzip:   0.52 kB
dist/assets/pda-sewing-self-return-mode-CVT5AEl1.js                       1.07 kB │ gzip:   0.54 kB
dist/assets/detail.adapter-DP0OZWkt.js                                    1.08 kB │ gzip:   0.68 kB
dist/assets/process-work-order-generation-service-BfNTtewv.js             1.08 kB │ gzip:   0.65 kB
dist/assets/dyeing-material-receipts-CRksrIAv.js                          1.11 kB │ gzip:   0.73 kB
dist/assets/pda-runtime-8hfdx5iM.js                                       1.24 kB │ gzip:   0.67 kB
dist/assets/replacement-fabric-scan-DKEj7TM8.js                           1.28 kB │ gzip:   0.81 kB
dist/assets/overview-VSCAvNIn.js                                          1.29 kB │ gzip:   0.71 kB
dist/assets/process-work-order-source-view-DZX3ffEB.js                    1.31 kB │ gzip:   0.58 kB
dist/assets/transfer-bag-handover-mock-D4oMznut.js                        1.31 kB │ gzip:   0.71 kB
dist/assets/work-order-action-policy-D_sONPsN.js                          1.34 kB │ gzip:   0.68 kB
dist/assets/filter-bar-B2zOC6hZ.js                                        1.49 kB │ gzip:   0.81 kB
dist/assets/dialogs-u_594KxS.js                                           1.49 kB │ gzip:   0.65 kB
dist/assets/material-identity-BZJDLixS.js                                 1.54 kB │ gzip:   0.85 kB
dist/assets/supplement-material-prep-demand-registry-DI-N3DvB.js          1.56 kB │ gzip:   0.75 kB
dist/assets/warehouse-shared-BbU3f0vy.js                                  1.57 kB │ gzip:   0.51 kB
dist/assets/pda-cutting-wait-handover-actions-CUoEP9ph.js                 1.58 kB │ gzip:   0.62 kB
dist/assets/task-handover-domain-BnatfSYX.js                              1.58 kB │ gzip:   0.77 kB
dist/assets/pcs-material-handoff-U5NVth_Z.js                              1.65 kB │ gzip:   0.81 kB
dist/assets/task-chain-pages-adapter-Dz4-K-kT.js                          1.72 kB │ gzip:   0.85 kB
dist/assets/real-qr-B9F5myqk.js                                           1.74 kB │ gzip:   0.93 kB
dist/assets/real-barcode-T16FVrM9.js                                      1.81 kB │ gzip:   0.97 kB
dist/assets/wool-pda-scan-BesFxQ54.js                                     1.81 kB │ gzip:   1.00 kB
dist/assets/tmf-upstream-receiving-CxD3v7lE.js                            1.84 kB │ gzip:   1.14 kB
dist/assets/list-export-9cOo2cIU.js                                       1.86 kB │ gzip:   1.09 kB
dist/assets/toast-DMM4f4dJ.js                                             1.87 kB │ gzip:   0.91 kB
dist/assets/mixed-transfer-bag-ticket-DETTPWFm.js                         1.89 kB │ gzip:   0.79 kB
dist/assets/work-order-detail-C-k4KmUG.js                                 1.90 kB │ gzip:   0.88 kB
dist/assets/kol-goto-fixed-total-ledger-BYzqGGXZ.js                       1.93 kB │ gzip:   0.92 kB
dist/assets/table-DuqI0D53.js                                             2.04 kB │ gzip:   1.03 kB
dist/assets/printing-sheet-preview-Za-PjvZQ.js                            2.11 kB │ gzip:   1.09 kB
dist/assets/confirmation-print-CaDsTuvr.js                                2.11 kB │ gzip:   0.97 kB
dist/assets/binding-process-pda-scan-yEzLptC5.js                          2.18 kB │ gzip:   1.13 kB
dist/assets/cutting-file-maintenance-DuxueYfo.js                          2.22 kB │ gzip:   1.19 kB
dist/assets/special-craft-pda-scope-BOvNRWE1.js                           2.24 kB │ gzip:   1.02 kB
dist/assets/mixed-bag-contents-Ik9DzunI.js                                2.33 kB │ gzip:   1.29 kB
dist/assets/task-route-card-Xf1tVeLw.js                                   2.38 kB │ gzip:   1.11 kB
dist/assets/helpers-BFKa6pUf.js                                           2.42 kB │ gzip:   1.21 kB
dist/assets/task-delivery-card-DHlUjLoi.js                                2.44 kB │ gzip:   1.19 kB
dist/assets/production-context-recovery-DnHDw3x2.js                       2.44 kB │ gzip:   1.27 kB
dist/assets/production-contract-print-1f4C9kLW.js                         2.49 kB │ gzip:   1.41 kB
dist/assets/tmf-work-order-view-CxVwMorf.js                               2.56 kB │ gzip:   1.18 kB
dist/assets/pda-cutting-simple-cut-piece-handover-BTWqf2nD.js             2.58 kB │ gzip:   1.29 kB
dist/assets/pms-excel-import-DnMCWv6B.js                                  2.66 kB │ gzip:   1.32 kB
dist/assets/shared-CzlTkUvo.js                                            2.70 kB │ gzip:   1.03 kB
dist/assets/process-order-list-presentation-CyL9uPGp.js                   2.71 kB │ gzip:   1.27 kB
dist/assets/post-finishing-spu-technical-parameters-B4rwcteD.js           2.79 kB │ gzip:   1.28 kB
dist/assets/marker-plan-projection-D40MOKO2.js                            2.83 kB │ gzip:   1.22 kB
dist/assets/process-order-task-relations-CpDeGiL9.js                      2.97 kB │ gzip:   1.29 kB
dist/assets/authorization-code-BpMFbYvR.js                                2.99 kB │ gzip:   1.46 kB
dist/assets/product-skus-CEt6Fukj.js                                      3.03 kB │ gzip:   0.96 kB
dist/assets/production-order-identity-DFPD88W8.js                         3.04 kB │ gzip:   1.26 kB
dist/assets/tabs-YibI3whh.js                                              3.09 kB │ gzip:   0.93 kB
dist/assets/pda-cutting-runtime-action-inputs-D8E_WB7h.js                 3.14 kB │ gzip:   1.09 kB
dist/assets/trade-subjects-B1U82DIE.js                                    3.16 kB │ gzip:   1.12 kB
dist/assets/progress-board-f1Iu-jk0.js                                    3.25 kB │ gzip:   1.53 kB
dist/assets/pcs-product-reference-check-BFYq61ws.js                       3.34 kB │ gzip:   1.39 kB
dist/assets/cutting-mainline-CKrIx2tF.js                                  3.41 kB │ gzip:   1.53 kB
dist/assets/tmf-upstream-process-orders-nLmrR43p.js                       3.47 kB │ gzip:   1.65 kB
dist/assets/binding-process-warehouse-linkage-service-DCrfT2Qb.js         3.62 kB │ gzip:   1.38 kB
dist/assets/fcs-route-links-BdCFaX2E.js                                   3.67 kB │ gzip:   1.20 kB
dist/assets/quality-chain-adapter-B_f39u0Q.js                             3.68 kB │ gzip:   1.66 kB
dist/assets/shared-is6MVK8o.js                                            3.73 kB │ gzip:   1.70 kB
dist/assets/shared-CHdgLKR-.js                                            3.91 kB │ gzip:   1.64 kB
dist/assets/sewing-outsourcing-demo-BKfQ03rN.js                           4.01 kB │ gzip:   1.62 kB
dist/assets/transfer-bag-repack-mock-B26PYFep.js                          4.04 kB │ gzip:   1.87 kB
dist/assets/tipping-form-b-C4sC3B.js                                      4.07 kB │ gzip:   2.02 kB
dist/assets/transit-simple-lists-DTGStpXv.js                              4.14 kB │ gzip:   1.46 kB
dist/assets/dashboards-DLaifs-a.js                                        4.18 kB │ gzip:   2.06 kB
dist/assets/wls-page-handlers-B1zz38Oq.js                                 4.29 kB │ gzip:   1.47 kB
dist/assets/supplement-order-registry-CHnc7juB.js                         4.49 kB │ gzip:   1.76 kB
dist/assets/pda-wool-warehouse-flows-5QFo8Gwa.js                          4.56 kB │ gzip:   2.41 kB
dist/assets/tmf-process-print-preview-Bw4sW-HH.js                         4.59 kB │ gzip:   2.17 kB
dist/assets/preparation-material-receipt-sources-Dz8HVNXf.js              4.68 kB │ gzip:   1.95 kB
dist/assets/form-D7grRRtU.js                                              4.74 kB │ gzip:   1.41 kB
dist/assets/sewing-outsourcing-responsibility-BM2fEj8m.js                 4.75 kB │ gzip:   2.07 kB
dist/assets/layout.helpers-DmGScnd_.js                                    4.76 kB │ gzip:   1.73 kB
dist/assets/runtime-task-tenders-YGz6fHpq.js                              4.76 kB │ gzip:   1.94 kB
dist/assets/relations-ot8A4IWe.js                                         4.77 kB │ gzip:   2.17 kB
dist/assets/replacement-fabric-label-template-C30lEegt.js                 4.78 kB │ gzip:   2.16 kB
dist/assets/transit-dashboard-blp_dLIW.js                                 4.85 kB │ gzip:   2.05 kB
dist/assets/replacement-fabric-preview-Dx1IYlke.js                        4.86 kB │ gzip:   2.39 kB
dist/assets/result-list-BIkult2s.js                                       4.94 kB │ gzip:   2.06 kB
dist/assets/store-domain-dispatch-process-BuR4463B.js                     5.01 kB │ gzip:   1.95 kB
dist/assets/cutting-event-migration-ARdOhicP.js                           5.06 kB │ gzip:   2.04 kB
dist/assets/process-order-list-controller-DWLvBUSx.js                     5.07 kB │ gzip:   1.91 kB
dist/assets/printing-work-order-template-CrAQIcKq.js                      5.10 kB │ gzip:   2.53 kB
dist/assets/routes-pda-Q17lpifH.js                                        5.15 kB │ gzip:   1.97 kB
dist/assets/material-requirements-CoWk9wNn.js                             5.27 kB │ gzip:   2.24 kB
dist/assets/process-work-order-quality-settlement-RYLsJA-T.js             5.33 kB │ gzip:   2.20 kB
dist/assets/dispatch-task-sheet-DlRyqncw.js                               5.53 kB │ gzip:   2.63 kB
dist/assets/retired-cut-piece-pickup-history-B3ZclpCP.js                  5.68 kB │ gzip:   2.29 kB
dist/assets/pcs-product-information-nv2u5ePa.js                           5.73 kB │ gzip:   2.62 kB
dist/assets/process-order-three-axis-view-BvMYYCp_.js                     5.76 kB │ gzip:   2.32 kB
dist/assets/production-contract-center-dzbXtRoq.js                        5.89 kB │ gzip:   2.53 kB
dist/assets/pda-cutting-nav-context-BUCME-FP.js                           5.95 kB │ gzip:   1.40 kB
dist/assets/transfer-bags-projection-DRu3XInh.js                          5.99 kB │ gzip:   2.36 kB
dist/assets/routes-pcs-CpCau_QF.js                                        6.03 kB │ gzip:   1.58 kB
dist/assets/fcs-pda-pickup-dispute-CzUVGNCB.js                            6.19 kB │ gzip:   2.19 kB
dist/assets/pda-transfer-bag-detail-CF-NDXDk.js                           6.27 kB │ gzip:   2.32 kB
dist/assets/fact-view-a2bIl4Ft.js                                         6.29 kB │ gzip:   2.07 kB
dist/assets/warehouse-standard-B1OGdyja.js                                6.30 kB │ gzip:   2.10 kB
dist/assets/material-handover--sDLTN-C.js                                 6.33 kB │ gzip:   2.48 kB
dist/assets/transfer-bag-goods-label-cSnWsaSi.js                          6.46 kB │ gzip:   2.64 kB
dist/assets/statistics-CBPNMhMg.js                                        6.47 kB │ gzip:   1.97 kB
dist/assets/craft-actions-DR_dgJV2.js                                     6.50 kB │ gzip:   2.94 kB
dist/assets/workbench-Cl54zlzb.js                                         6.61 kB │ gzip:   2.67 kB
dist/assets/factory-receiving-links-Lcr_PlRM.js                           6.63 kB │ gzip:   2.66 kB
dist/assets/sewing-outsourcing-supplement-tracking--vDOHWbI.js            6.63 kB │ gzip:   2.89 kB
dist/assets/pda-notify-DRWH55BU.js                                        6.69 kB │ gzip:   2.46 kB
dist/assets/production-context-actions-yKO8BBub.js                        6.72 kB │ gzip:   2.72 kB
dist/assets/shared-6ZRbbtha.js                                            6.82 kB │ gzip:   2.52 kB
dist/assets/production-contract-master-template-D6GemulY.js               6.85 kB │ gzip:   2.74 kB
dist/assets/pcs-testing-order-create-BGUeZFGT.js                          6.95 kB │ gzip:   2.70 kB
dist/assets/data-management-CworlWJG.js                                   6.97 kB │ gzip:   2.55 kB
dist/assets/stock-seed-Cj8lLuwm.js                                        7.11 kB │ gzip:   2.44 kB
dist/assets/dye-work-order-times-w7U4XCtx.js                              7.22 kB │ gzip:   2.55 kB
dist/assets/overview.helpers-BP2F5Yu8.js                                  7.36 kB │ gzip:   2.88 kB
dist/assets/shared-DLR0zUbW.js                                            7.39 kB │ gzip:   2.59 kB
dist/assets/pcs-channel-legacy-conversion-Dg3I_fD9.js                     7.40 kB │ gzip:   3.19 kB
dist/assets/pda-cutting-execution-unit-xXBNCLSj.js                        7.40 kB │ gzip:   2.80 kB
dist/assets/settlement-flow-boundaries-DbkSNas3.js                        7.43 kB │ gzip:   2.53 kB
dist/assets/transit-warehouse-CGN4xIMS.js                                 7.54 kB │ gzip:   2.13 kB
dist/assets/production-craft-dict-DQJXhHvk.js                             7.55 kB │ gzip:   2.84 kB
dist/assets/pda-notify-detail-CFb6fpwl.js                                 7.58 kB │ gzip:   2.42 kB
dist/assets/pda-cutting-fei-ticket-numbering-CdaqiM8T.js                  7.60 kB │ gzip:   2.54 kB
dist/assets/sewing-outsourcing-return-tracking-C-76pOqC.js                7.61 kB │ gzip:   2.86 kB
dist/assets/pda-warehouse-CUAtqpBm.js                                     7.68 kB │ gzip:   3.07 kB
dist/assets/supplement-node-facts-MO6sG9ZU.js                             7.77 kB │ gzip:   2.85 kB
dist/assets/workbench-CVUF3Hhe.js                                         7.77 kB │ gzip:   3.19 kB
dist/assets/pcs-testing-order-list-BOPVdXWb.js                            7.95 kB │ gzip:   3.07 kB
dist/assets/tmf-process-sheet-template-5gPqCGqJ.js                        7.98 kB │ gzip:   3.80 kB
dist/assets/production-contracts-DYl6uygd.js                              8.07 kB │ gzip:   2.75 kB
dist/assets/pda-cutting-transfer-bag-recovery-DBt8lIxg.js                 8.07 kB │ gzip:   3.34 kB
dist/assets/progress-exception-lifecycle-BJx0gSBY.js                      8.09 kB │ gzip:   2.70 kB
dist/assets/supplier-supply-archives-Bid-xGw5.js                          8.13 kB │ gzip:   2.60 kB
dist/assets/milestone-configs-DvWmdQqK.js                                 8.42 kB │ gzip:   2.95 kB
dist/assets/pda-cutting-transfer-bag-scrap-DNvNB-kF.js                    8.46 kB │ gzip:   3.48 kB
dist/assets/statistics-JfUc_tZm.js                                        8.50 kB │ gzip:   3.70 kB
dist/assets/pre-settlement-ledger-repository-DIpp7VAl.js                  8.64 kB │ gzip:   2.95 kB
dist/assets/material-process-plans-chbkeJNq.js                            8.68 kB │ gzip:   3.49 kB
dist/assets/routes-pms-CyBCRvxk.js                                        8.69 kB │ gzip:   2.23 kB
dist/assets/pcs-pattern-library-config-BmW4sBY1.js                        8.80 kB │ gzip:   2.41 kB
dist/assets/fei-ticket-numbering-B49b2Dhj.js                              8.82 kB │ gzip:   3.09 kB
dist/assets/navigation-context-Cxk90Bnk.js                                8.87 kB │ gzip:   2.46 kB
dist/assets/bom-templates-G5nUHcS4.js                                     8.88 kB │ gzip:   3.69 kB
dist/assets/warehouses-CSFYi5tN.js                                        8.89 kB │ gzip:   2.11 kB
dist/assets/pda-cutting-shared--yK6cHpq.js                                8.90 kB │ gzip:   2.75 kB
dist/assets/cutting-event-repository-e_D2Bu1L.js                          9.04 kB │ gzip:   4.00 kB
dist/assets/pcs-technical-data-tech-pack-list-mY6XpVmo.js                 9.11 kB │ gzip:   3.32 kB
dist/assets/yarn-shipments-B07SN0tJ.js                                    9.13 kB │ gzip:   4.16 kB
dist/assets/list-CGKdFj_8.js                                              9.16 kB │ gzip:   3.07 kB
dist/assets/handover-records-BBiiMBvp.js                                  9.35 kB │ gzip:   3.56 kB
dist/assets/pda-execution-DIiXVzCl.js                                     9.36 kB │ gzip:   3.71 kB
dist/assets/sewing-pickup-slips-b3avu4c-.js                               9.56 kB │ gzip:   3.59 kB
dist/assets/dye-work-order-online-domain-BGZQiHiF.js                      9.74 kB │ gzip:   3.63 kB
dist/assets/pda-login-C-sUL0FJ.js                                         9.74 kB │ gzip:   3.77 kB
dist/assets/production-receipts-j7K60tLJ.js                               9.78 kB │ gzip:   3.94 kB
dist/assets/pending-receipts-D-jouYqg.js                                  9.91 kB │ gzip:   4.10 kB
dist/assets/continuous-stock-CXtnG-_i.js                                 10.18 kB │ gzip:   4.16 kB
dist/assets/trade-subjects-MzDcqTB5.js                                   10.23 kB │ gzip:   3.72 kB
dist/assets/production-return-fulfillment-DeFlVTeF.js                    10.41 kB │ gzip:   3.95 kB
dist/assets/bom-templates-ChqjVeph.js                                    10.52 kB │ gzip:   2.48 kB
dist/assets/settings-B7TqSZen.js                                         10.70 kB │ gzip:   3.23 kB
dist/assets/product-skus-Cv2p43mx.js                                     10.71 kB │ gzip:   4.13 kB
dist/assets/transit-receipts-Cd7gR3_k.js                                 10.96 kB │ gzip:   4.02 kB
dist/assets/task-breakdown-iEqqVNO-.js                                   11.13 kB │ gzip:   4.10 kB
dist/assets/presentation-1qVPei4s.js                                     11.21 kB │ gzip:   4.62 kB
dist/assets/pda-exec-link-DPcJUa1S.js                                    11.32 kB │ gzip:   3.69 kB
dist/assets/material-transfers-_lWKOzpg.js                               11.40 kB │ gzip:   3.97 kB
dist/assets/material-prep-BcjqdazU.js                                    11.40 kB │ gzip:   2.68 kB
dist/assets/tasks-kGwKWxW3.js                                            11.42 kB │ gzip:   4.39 kB
dist/assets/dyeing-warehouse-view-CnyRwxc3.js                            11.46 kB │ gzip:   3.93 kB
dist/assets/pms-handlers-XKpmWZRE.js                                     11.47 kB │ gzip:   2.58 kB
dist/assets/warehouses-DO6RYjRj.js                                       11.71 kB │ gzip:   4.22 kB
dist/assets/purchase-suggestions-CVpQLmRu.js                             11.87 kB │ gzip:   3.70 kB
dist/assets/process-statistics-domain-CPITcTkp.js                        12.19 kB │ gzip:   3.97 kB
dist/assets/pickup-management-runtime-DNiXGC0a.js                        12.20 kB │ gzip:   4.72 kB
dist/assets/task-execution-adapter-oYxJ5PoU.js                           12.22 kB │ gzip:   3.67 kB
dist/assets/wls-inbound-bbAeQrjK.js                                      12.45 kB │ gzip:   4.79 kB
dist/assets/returns-DzF8-pJJ.js                                          12.52 kB │ gzip:   4.63 kB
dist/assets/handover-print-DGkxnHWI.js                                   12.54 kB │ gzip:   4.53 kB
dist/assets/cut-piece-return-warehouse-Dmac6l2n.js                       12.59 kB │ gzip:   4.43 kB
dist/assets/context-DlhNg4Hl.js                                          13.01 kB │ gzip:   4.59 kB
dist/assets/handover-records-CH47RYcI.js                                 13.15 kB │ gzip:   4.13 kB
dist/assets/meta-Bu6ef2Dq.js                                             13.16 kB │ gzip:   2.95 kB
dist/assets/supplements-dt5414Mn.js                                      13.26 kB │ gzip:   4.79 kB
dist/assets/pcs-handlers-DZGxeTx5.js                                     13.29 kB │ gzip:   3.21 kB
dist/assets/wls-finished-inbound-CUOW0pe3.js                             13.29 kB │ gzip:   5.05 kB
dist/assets/tmf-base-demo-SUG4D2oW.js                                    13.33 kB │ gzip:   4.79 kB
dist/assets/responsibility-transfers-eW5193wB.js                         13.49 kB │ gzip:   5.08 kB
dist/assets/pda-start-link-BVAbwsru.js                                   13.54 kB │ gzip:   4.78 kB
dist/assets/inventory-monitor-rqURVK4E.js                                13.66 kB │ gzip:   4.78 kB
dist/assets/bom-detail-eAr-Ek6h.js                                       13.69 kB │ gzip:   4.97 kB
dist/assets/work-orders-KCRyl3UX.js                                      13.96 kB │ gzip:   4.72 kB
dist/assets/work-orders-Bw-nJ1Lc.js                                      13.99 kB │ gzip:   5.19 kB
dist/assets/workbench-BN4sl-wO.js                                        14.15 kB │ gzip:   4.10 kB
dist/assets/work-order-detail-4HDfjWex.js                                14.25 kB │ gzip:   4.52 kB
dist/assets/mobile-execution-task-index-DF5mzQNu.js                      14.25 kB │ gzip:   3.79 kB
dist/assets/idb-storage-DYscBY_v.js                                      14.27 kB │ gzip:   5.28 kB
dist/assets/post-finishing-qc-print-template-DIJ28Ioe.js                 14.45 kB │ gzip:   4.45 kB
dist/assets/printing-sheet-template-BSQMduzg.js                          14.56 kB │ gzip:   5.03 kB
dist/assets/work-orders-Ch1q2v74.js                                      14.72 kB │ gzip:   4.77 kB
dist/assets/reports-BHUM9uSE.js                                          14.91 kB │ gzip:   3.60 kB
dist/assets/full-flow-print-DEcqXxVm.js                                  15.01 kB │ gzip:   4.89 kB
dist/assets/pcs-engineering-tech-pack-workspace-D2AvHnae.js              15.14 kB │ gzip:   5.40 kB
dist/assets/progress-handover-order-C1BEzgix.js                          15.18 kB │ gzip:   4.35 kB
dist/assets/outbound-orders-Co9rXlNS.js                                  15.46 kB │ gzip:   4.97 kB
dist/assets/cut-order-release-integration-DwFtn_Qz.js                    15.46 kB │ gzip:   5.50 kB
dist/assets/machines-BDphI7Hx.js                                         15.47 kB │ gzip:   5.07 kB
dist/assets/pda-cutting-task-detail-D-NXlgB8.js                          15.70 kB │ gzip:   5.48 kB
dist/assets/process-web-status-actions-Bwczha43.js                       15.97 kB │ gzip:   4.24 kB
dist/assets/cut-order-supplement-fixture-CdjBEapv.js                     15.97 kB │ gzip:   4.83 kB
dist/assets/simple-cut-piece-handover-fixtures-CYhPi2fN.js               16.05 kB │ gzip:   5.34 kB
dist/assets/replacement-fabric-repository-EFZNDaau.js                    16.09 kB │ gzip:   6.12 kB
dist/assets/pda-sewing-self-return-D3L9JM-2.js                           16.11 kB │ gzip:   5.33 kB
dist/assets/payment-requests-Crfaj-AN.js                                 16.15 kB │ gzip:   5.24 kB
dist/assets/handover-ledger-view-BkJrV25b.js                             16.17 kB │ gzip:   4.44 kB
dist/assets/progress-cutting-detail-koKHg45T.js                          16.19 kB │ gzip:   3.85 kB
dist/assets/wls-garment-relabel-tasks-X9iOCge5.js                        16.32 kB │ gzip:   5.37 kB
dist/assets/garment-spu-replacement-c0dmzgT6.js                          16.40 kB │ gzip:   5.03 kB
dist/assets/pda-notify-due-soon-B4f_SY-7.js                              16.69 kB │ gzip:   5.61 kB
dist/assets/material-requirements-SChz_DrG.js                            16.97 kB │ gzip:   5.75 kB
dist/assets/part-ticket-records-DaQClp4r.js                              17.01 kB │ gzip:   6.36 kB
dist/assets/sewing-cut-piece-return-workflow-RGicjdlj.js                 17.21 kB │ gzip:   6.09 kB
dist/assets/production-confirmation-BzqgfMsj.js                          17.30 kB │ gzip:   5.91 kB
dist/assets/supplier-confirmations-6_pX9l3A.js                           17.35 kB │ gzip:   5.07 kB
dist/assets/product-purchase-orders-DIMg_xft.js                          17.42 kB │ gzip:   5.22 kB
dist/assets/marker-spreading-projection-BnQ5rNtF.js                      17.50 kB │ gzip:   5.54 kB
dist/assets/output-stock-B19rtxW7.js                                     17.53 kB │ gzip:   6.60 kB
dist/assets/warehouse-DgYsJV4I.js                                        17.53 kB │ gzip:   5.46 kB
dist/assets/sewing-cut-piece-responsibility-OBw9P90l.js                  17.58 kB │ gzip:   5.27 kB
dist/assets/events-gUfqYnfK.js                                           17.64 kB │ gzip:   6.83 kB
dist/assets/bom-detail-nwvnMSFX.js                                       17.87 kB │ gzip:   5.77 kB
dist/assets/process-mobile-task-binding-BkdguRbm.js                      17.90 kB │ gzip:   6.26 kB
dist/assets/purchase-demands-BBogmjcb.js                                 18.04 kB │ gzip:   5.81 kB
dist/assets/suppliers-DOxcttzm.js                                        18.16 kB │ gzip:   5.27 kB
dist/assets/adjustments-D9PJnA8Y.js                                      18.27 kB │ gzip:   5.53 kB
dist/assets/pda-warehouse-inbound-records-D5xy3VFW.js                    18.35 kB │ gzip:   5.19 kB
dist/assets/platform-process-result-view-C06WaxsD.js                     18.53 kB │ gzip:   5.33 kB
dist/assets/store-domain-statement-source-adapter-BgDUJAAX.js            18.56 kB │ gzip:   5.31 kB
dist/assets/sewing-outsourcing-workbench-C-qdWUWa.js                     18.67 kB │ gzip:   6.48 kB
dist/assets/pda-warehouse-shared-DLlqexxi.js                             18.74 kB │ gzip:   5.59 kB
dist/assets/pda-warehouse-outbound-records-vyYi5X1j.js                   18.85 kB │ gzip:   5.41 kB
dist/assets/supplier-supply-archives-CqUdXv0j.js                         18.88 kB │ gzip:   5.79 kB
dist/assets/process-water-soluble-orders-QqxW_6FC.js                     18.92 kB │ gzip:   5.78 kB
dist/assets/materials-DQo18LQz.js                                        18.93 kB │ gzip:   4.79 kB
dist/assets/production-demand-early-process-work-orders-CxIXEHTY.js      19.14 kB │ gzip:   5.74 kB
dist/assets/task-orders-CbE0M44_.js                                      19.14 kB │ gzip:   6.50 kB
dist/assets/kol-goto-pda-domain-TXWRRZPb.js                              19.20 kB │ gzip:   6.54 kB
dist/assets/platform.adapter-D9WuMrQe.js                                 19.25 kB │ gzip:   6.09 kB
dist/assets/shared-B-tWg631.js                                           19.47 kB │ gzip:   5.27 kB
dist/assets/pda-handlers-DQamirAW.js                                     19.52 kB │ gzip:   5.21 kB
dist/assets/units-BXrUnw0_.js                                            19.70 kB │ gzip:   5.89 kB
dist/assets/stage-display-3lSGhMaJ.js                                    19.71 kB │ gzip:   6.97 kB
dist/assets/audit-records-D2g80k3F.js                                    19.77 kB │ gzip:   6.40 kB
dist/assets/factory-sample-verification-flow-DeDMdMes.js                 19.86 kB │ gzip:   4.87 kB
dist/assets/pcs-testing-order-detail-C7qocDvt.js                         19.92 kB │ gzip:   5.71 kB
dist/assets/material-process-plans-cbsf_iJc.js                           19.98 kB │ gzip:   7.34 kB
dist/assets/index-O4OysR1u.js                                            20.17 kB │ gzip:   5.20 kB
dist/assets/print-preview-Cehnnxzd.js                                    20.38 kB │ gzip:   7.17 kB
dist/assets/material-purchase-tracking-QcYsZzRs.js                       20.53 kB │ gzip:   6.45 kB
dist/assets/overview.adapter-_YnYll-O.js                                 20.65 kB │ gzip:   6.53 kB
dist/assets/deduction-analysis-CP_ozFHw.js                               20.72 kB │ gzip:   5.89 kB
dist/assets/fei-ticket-numbering-BCtPRO5N.js                             20.77 kB │ gzip:   5.75 kB
dist/assets/shared-seed-CGi2rQR7.js                                      21.01 kB │ gzip:   6.23 kB
dist/assets/events-Bj49c0cz.js                                           21.11 kB │ gzip:   6.52 kB
dist/assets/order-list-columns-COHyYFip.js                               21.16 kB │ gzip:   6.61 kB
dist/assets/work-order-detail-Bo8FaglK.js                                21.35 kB │ gzip:   6.74 kB
dist/assets/pcs-engineering-master-view-model-DkhsBmyi.js                21.46 kB │ gzip:   7.32 kB
dist/assets/suppliers-BKTaZIrd.js                                        21.66 kB │ gzip:   6.93 kB
dist/assets/cut-piece-returns-BRVUNHNv.js                                21.71 kB │ gzip:   6.54 kB
dist/assets/cut-piece-handover-A9XVZSJY.js                               21.87 kB │ gzip:   6.99 kB
dist/assets/tmf-domain-shared-DFdwaCN-.js                                21.88 kB │ gzip:   8.26 kB
dist/assets/material-issue-DZnbMeyl.js                                   22.15 kB │ gzip:   5.22 kB
dist/assets/tasks-CEXSsZTt.js                                            22.15 kB │ gzip:   7.03 kB
dist/assets/progress-cutting-overview-Ce5a8SZU.js                        22.21 kB │ gzip:   5.07 kB
dist/assets/routes-wls-Cqa3l5MI.js                                       22.31 kB │ gzip:   7.24 kB
dist/assets/qc-workbench-CKtRt4pd.js                                     22.44 kB │ gzip:   6.94 kB
dist/assets/warehouse-location-map-model-DgkpcpE9.js                     22.52 kB │ gzip:   7.14 kB
dist/assets/subject-operations-C36iokuu.js                               22.59 kB │ gzip:   7.01 kB
dist/assets/recheck-orders-D89rQFtt.js                                   22.62 kB │ gzip:   7.11 kB
dist/assets/production-order-duration-C6eRV84T.js                        22.66 kB │ gzip:   8.63 kB
dist/assets/progress-statistics-linkage-D3fKGaKL.js                      22.82 kB │ gzip:   6.52 kB
dist/assets/material-statements-CKIx-vur.js                              22.83 kB │ gzip:   6.04 kB
dist/assets/purchase-suggestions-co0yXtXQ.js                             23.37 kB │ gzip:   7.33 kB
dist/assets/process-print-orders-CT9mFHi-.js                             24.04 kB │ gzip:   7.87 kB
dist/assets/dye-work-order-online-view-DOB9s5ep.js                       24.07 kB │ gzip:   8.18 kB
dist/assets/process-dye-orders-BjeQlpsV.js                               24.21 kB │ gzip:   7.95 kB
dist/assets/process-order-task-links-D5r8zH0s.js                         24.34 kB │ gzip:   6.71 kB
dist/assets/qc-orders-CzYWFsmi.js                                        24.38 kB │ gzip:   7.63 kB
dist/assets/machine-associations-BzvL9j4J.js                             24.58 kB │ gzip:   7.31 kB
dist/assets/fcs-production-tech-pack-snapshot-BisUvPHn.js                24.70 kB │ gzip:   6.21 kB
dist/assets/retired-process-history-DWp4MP-B.js                          24.79 kB │ gzip:   6.43 kB
dist/assets/dialogs-BarvFVyE.js                                          24.87 kB │ gzip:   6.15 kB
dist/assets/reconciliations-CMbld6Rf.js                                  24.96 kB │ gzip:   6.57 kB
dist/assets/wls-fabric-demand-board-BWwzx4SX.js                          25.09 kB │ gzip:   6.87 kB
dist/assets/material-preparation-sxRCb1bf.js                             25.21 kB │ gzip:   8.80 kB
dist/assets/kol-demands-DYYyiKeP.js                                      25.40 kB │ gzip:   7.39 kB
dist/assets/pda-warehouse-wait-handover-CTeIRKyN.js                      25.81 kB │ gzip:   6.46 kB
dist/assets/progress-milestone-config-DCguKjLs.js                        26.55 kB │ gzip:   5.70 kB
dist/assets/marker-spreading-utils-zxr2ER46.js                           26.72 kB │ gzip:   7.82 kB
dist/assets/sample-approval-suggestions-B7sxWh9d.js                      26.73 kB │ gzip:   8.22 kB
dist/assets/simple-cut-piece-handover-ui-CGsyMb6C.js                     26.73 kB │ gzip:   9.99 kB
dist/assets/sample-warehouse-6Ay_ucRS.js                                 26.87 kB │ gzip:   6.71 kB
dist/assets/warehouse-location-map-CZ8Ut7eh.js                           27.06 kB │ gzip:   7.09 kB
dist/assets/third-party-factory-rating-CFc2kktv.js                       27.15 kB │ gzip:   7.63 kB
dist/assets/pcs-pattern-library-detail-8Hu0GKXj.js                       27.65 kB │ gzip:   6.59 kB
dist/assets/pda-wool-fact-execution-CBheU__l.js                          27.84 kB │ gzip:   9.27 kB
dist/assets/warehouse-OACnPXbS.js                                        28.21 kB │ gzip:   9.39 kB
dist/assets/print-styles-BjQBw8jj.js                                     28.31 kB │ gzip:   4.01 kB
dist/assets/pcs-engineering-master-list-DyoMtZf5.js                      28.35 kB │ gzip:   9.88 kB
dist/assets/factory-status-BS_0ncuR.js                                   28.43 kB │ gzip:   6.02 kB
dist/assets/pcs-engineering-master-detail-E00D4tu3.js                    28.70 kB │ gzip:   8.42 kB
dist/assets/marker-plan-source-model-BY4LbdA7.js                         28.92 kB │ gzip:   8.47 kB
dist/assets/replacement-fabric-fei-tickets-CP6IOFn-.js                   29.04 kB │ gzip:  10.05 kB
dist/assets/pcs-technical-data-C0zXw6JK.js                               29.17 kB │ gzip:   7.90 kB
dist/assets/progress-cutting-exception-center-D0RzfdRb.js                29.28 kB │ gzip:   6.54 kB
dist/assets/logistics-reconciliations-BWARyfDP.js                        29.62 kB │ gzip:   9.10 kB
dist/assets/production-order-progress-tracking-5UxZfT-Y.js               29.79 kB │ gzip:   9.98 kB
dist/assets/material-reconciliations-j6anRAlH.js                         30.02 kB │ gzip:   9.10 kB
dist/assets/handover-orders-BsXOOpwk.js                                  30.81 kB │ gzip:   8.52 kB
dist/assets/capability-BAl2InC6.js                                       31.65 kB │ gzip:   6.70 kB
dist/assets/material-archives-DKQuR6IG.js                                31.83 kB │ gzip:   7.87 kB
dist/assets/factory-performance-DaNUKz2-.js                              32.31 kB │ gzip:   6.75 kB
dist/assets/garment-spu-replacements-C9u2ywRB.js                         32.43 kB │ gzip:   9.13 kB
dist/assets/dialogs-CHTw6ERN.js                                          32.59 kB │ gzip:   9.80 kB
dist/assets/task-detail-C1olBB_0.js                                      32.84 kB │ gzip:   9.74 kB
dist/assets/process-warehouse-domain-Cu9XYH7K.js                         33.16 kB │ gzip:   7.56 kB
dist/assets/cut-piece-return-domain-CKQRt7E_.js                          33.38 kB │ gzip:   9.91 kB
dist/assets/pda-shell-6idDrTDJ.js                                        33.61 kB │ gzip:   8.94 kB
dist/assets/store-domain-settlement-seeds-ChBNCw8K.js                    33.63 kB │ gzip:   8.97 kB
dist/assets/pcs-pattern-library-CV88bQ0A.js                              33.72 kB │ gzip:   7.66 kB
dist/assets/warehouse-runtime-B_JnZ-bc.js                                33.76 kB │ gzip:   8.65 kB
dist/assets/stage-orders-BwDbsQ8H.js                                     34.26 kB │ gzip:  10.50 kB
dist/assets/material-purchase-orders-CaW3gVXB.js                         34.57 kB │ gzip:  11.09 kB
dist/assets/stage-order-detail-Dzspc5So.js                               34.61 kB │ gzip:  10.04 kB
dist/assets/early-process-management-iGQaqTWx.js                         34.62 kB │ gzip:   8.77 kB
dist/assets/pda-warehouse-stocktake-DYXwCLv2.js                          34.66 kB │ gzip:   8.72 kB
dist/assets/pda-cutting-inbound-CckLNZUC.js                              34.75 kB │ gzip:  10.55 kB
dist/assets/pda-post-finishing-flow-ojvVzG39.js                          34.91 kB │ gzip:   9.33 kB
dist/assets/pda-cutting-handover-CYyddTXx.js                             34.98 kB │ gzip:  10.68 kB
dist/assets/dispatch-acceptance-sla-a5KgqZPV.js                          35.03 kB │ gzip:   7.93 kB
dist/assets/work-orders-BXYhx8cx.js                                      35.13 kB │ gzip:  11.80 kB
dist/assets/pending-receipts-DGRNhLsI.js                                 35.39 kB │ gzip:  10.66 kB
dist/assets/supplier-confirmations-C7xmGzyZ.js                           35.48 kB │ gzip:   9.56 kB
dist/assets/work-order-detail-C8kBia7H.js                                35.66 kB │ gzip:   9.70 kB
dist/assets/pda-task-receive-detail-CfeLfDhs.js                          35.94 kB │ gzip:   8.72 kB
dist/assets/water-soluble-orders-BM7vIs4O.js                             35.97 kB │ gzip:  10.81 kB
dist/assets/work-order-detail-CfXbgmrV.js                                36.21 kB │ gzip:   9.69 kB
dist/assets/pcs-pattern-library-create-PyEgad86.js                       36.96 kB │ gzip:   8.66 kB
dist/assets/material-inventory-BGwxdr6t.js                               37.29 kB │ gzip:   9.26 kB
dist/assets/first-leg-logistics-CyG_aIE5.js                              37.32 kB │ gzip:   9.96 kB
dist/assets/special-processes-B8hdMv2S.js                                37.35 kB │ gzip:   9.57 kB
dist/assets/third-party-factory-comprehensive-assessment-B8zc-u56.js     37.47 kB │ gzip:  11.06 kB
dist/assets/pda-quality-BGEpfqre.js                                      37.60 kB │ gzip:   9.85 kB
dist/assets/first-leg-carriers-q89d0gv2.js                               37.78 kB │ gzip:  10.02 kB
dist/assets/wait-handover-runtime-BYzYAeWH.js                            37.88 kB │ gzip:  10.64 kB
dist/assets/product-purchase-orders-Dd3NqAsn.js                          37.99 kB │ gzip:   9.33 kB
dist/assets/cutting-statistics-ab-material-Lwxm8VpX.js                   38.13 kB │ gzip:   8.63 kB
dist/assets/pda-cutting-transfer-bag-repack-BwimaL6q.js                  38.54 kB │ gzip:  10.90 kB
dist/assets/warehouse-005b57Ix.js                                        38.65 kB │ gzip:  10.96 kB
dist/assets/payment-requests-BWs-sG1R.js                                 38.69 kB │ gzip:  10.13 kB
dist/assets/semi-finished-orders-DlAzVqD-.js                             39.19 kB │ gzip:  11.91 kB
dist/assets/first-leg-shipments-D55R9muO.js                              40.29 kB │ gzip:  10.01 kB
dist/assets/fcs-handlers-De8rnC-c.js                                     40.43 kB │ gzip:  12.09 kB
dist/assets/pending-receipts-BYXOMbRr.js                                 41.91 kB │ gzip:  15.02 kB
dist/assets/label-print-template-ColOuwmA.js                             43.41 kB │ gzip:  12.30 kB
dist/assets/pcs-record-core-D-_b41Op.js                                  43.81 kB │ gzip:  14.63 kB
dist/assets/warehouse-DgotuKxs.js                                        44.23 kB │ gzip:  11.24 kB
dist/assets/cutting-summary-Ch2Szfg2.js                                  44.29 kB │ gzip:  11.60 kB
dist/assets/lace-factory-domain-b3gOmR_M.js                              44.40 kB │ gzip:  11.20 kB
dist/assets/demand-domain-DSPKKODI.js                                    45.71 kB │ gzip:  10.35 kB
dist/assets/warehouse-D8I5Zs56.js                                        46.34 kB │ gzip:  10.81 kB
dist/assets/batches-D0C2uFo5.js                                          46.53 kB │ gzip:   9.90 kB
dist/assets/engineering-file-upload-B181-Qbz.js                          46.84 kB │ gzip:  14.48 kB
dist/assets/handover-orders-DuqFjULR.js                                  47.47 kB │ gzip:   9.30 kB
dist/assets/dyeing-DlZfC902.js                                           47.56 kB │ gzip:  10.23 kB
dist/assets/printing-DMNmWn-W.js                                         47.57 kB │ gzip:  10.24 kB
dist/assets/other-BQvMNG-t.js                                            47.58 kB │ gzip:  10.26 kB
dist/assets/settlement-linked-mock-factory-3wBuXpZC.js                   47.68 kB │ gzip:  14.46 kB
dist/assets/sewing-BzZIeF8I.js                                           48.59 kB │ gzip:  10.58 kB
dist/assets/dispatch-tenders-CFcOilp2.js                                 48.66 kB │ gzip:  12.77 kB
dist/assets/progress-material-B6XEE_ML.js                                48.84 kB │ gzip:   9.41 kB
dist/assets/work-order-detail-C98IAK-S.js                                49.37 kB │ gzip:  15.59 kB
dist/assets/pda-task-receive-CF3Sbzus.js                                 50.46 kB │ gzip:  12.65 kB
dist/assets/pda-cutting-execution-source-DSq7bHll.js                     50.55 kB │ gzip:  13.66 kB
dist/assets/pda-onboarding-C5TdZB_d.js                                   50.64 kB │ gzip:  10.83 kB
dist/assets/pcs-config-workspace-BXo3e0UN.js                             50.75 kB │ gzip:  17.70 kB
dist/assets/pcs-channel-stores-DXq-dyYM.js                               50.85 kB │ gzip:  14.73 kB
dist/assets/marker-plan-model-biXak7o4.js                                51.69 kB │ gzip:  14.77 kB
dist/assets/pda-handover-Dv2qjZ47.js                                     51.70 kB │ gzip:  13.65 kB
dist/assets/store-domain-progress-Dx3-_r3U.js                            53.10 kB │ gzip:  11.77 kB
dist/assets/material-purchase-orders-DwZLfxn8.js                         53.34 kB │ gzip:  16.15 kB
dist/assets/settlement-cutting-input-DdTgBp-T.js                         53.75 kB │ gzip:  11.11 kB
dist/assets/pcs-part-template-library-CQEAaYux.js                        53.84 kB │ gzip:  11.10 kB
dist/assets/progress-urge-Bj4Yiq5H.js                                    56.47 kB │ gzip:  11.45 kB
dist/assets/warehouse-location-map-D_u0c4Lu.js                           56.80 kB │ gzip:  16.84 kB
dist/assets/marker-plan-occupancy-PXgsCy7t.js                            57.29 kB │ gzip:  16.07 kB
dist/assets/pda-cutting-spreading-CXCsu498.js                            58.08 kB │ gzip:  13.70 kB
dist/assets/wls-accessory-receipts-hJFd8gPa.js                           58.58 kB │ gzip:  14.90 kB
dist/assets/runtime-inputs-Bgjc4Fe2.js                                   59.62 kB │ gzip:  15.94 kB
dist/assets/cut-piece-release-CZ1dnFSv.js                                60.22 kB │ gzip:  15.88 kB
dist/assets/pda-settlement-CJ7X4u3r.js                                   60.28 kB │ gzip:  13.75 kB
dist/assets/factory-profile-DTV2nIMB.js                                  61.23 kB │ gzip:  14.08 kB
dist/assets/pickup-management-list-CevPjkmm.js                           61.63 kB │ gzip:  17.21 kB
dist/assets/cutting-cVIEvPBK.js                                          62.91 kB │ gzip:  13.00 kB
dist/assets/special-craft-fei-ticket-flow-CTqVrhm8.js                    63.34 kB │ gzip:  14.37 kB
dist/assets/routes-fcs-qI53QREE.js                                       63.71 kB │ gzip:  13.34 kB
dist/assets/progress-handover-5zz7V1YV.js                                63.94 kB │ gzip:  13.62 kB
dist/assets/production-object-overview-DD5x75TJ.js                       66.18 kB │ gzip:  13.63 kB
dist/assets/pcs-channel-products-CbSX36tm.js                             66.28 kB │ gzip:  22.01 kB
dist/assets/output-documents-DVX3Cb9z.js                                 67.23 kB │ gzip:  23.12 kB
dist/assets/core-C_iTGP5Y.js                                             68.13 kB │ gzip:  12.76 kB
dist/assets/cutting-daily-production-report-CNErp0oQ.js                  68.30 kB │ gzip:  19.15 kB
dist/assets/pda-exec-DrV5RH_9.js                                         68.39 kB │ gzip:  15.68 kB
dist/assets/pcs-product-archives-DUnu3cJH.js                             69.94 kB │ gzip:  23.47 kB
dist/assets/context-CSQKe8OU.js                                          69.95 kB │ gzip:  21.49 kB
dist/assets/sewing-dispatch-BygNANlz.js                                  70.19 kB │ gzip:  18.35 kB
dist/assets/progress-exceptions-BWqNE9_E.js                              70.50 kB │ gzip:  13.36 kB
dist/assets/qc-records-BtmKHtsM.js                                       71.20 kB │ gzip:  16.03 kB
dist/assets/production-object-overview-DGXnCXoY.js                       71.61 kB │ gzip:  16.70 kB
dist/assets/pcs-engineering-tasks-B1VIxgCp.js                            72.80 kB │ gzip:  17.34 kB
dist/assets/wait-handover-actions-BmtZqfYP.js                            73.56 kB │ gzip:  18.82 kB
dist/assets/factory-onboarding-BGgM7nOn.js                               75.33 kB │ gzip:  12.72 kB
dist/assets/settlement-T978VXn1.js                                       75.66 kB │ gzip:  11.60 kB
dist/assets/dialogs-D2hbNVOe.js                                          75.70 kB │ gzip:  18.71 kB
dist/assets/pcs-sample-management-CYb89yIs.js                            75.72 kB │ gzip:  17.92 kB
dist/assets/orders-domain-B0UPQg-u.js                                    76.14 kB │ gzip:  16.84 kB
dist/assets/pda-handover-detail-rj6M1mCF.js                              76.77 kB │ gzip:  18.80 kB
dist/assets/runtime-projections-CGxbrPHg.js                              78.06 kB │ gzip:  18.45 kB
dist/assets/process-action-writeback-service-Cgh6qQW7.js                 78.08 kB │ gzip:  17.82 kB
dist/assets/transfer-bag-operations-_RiQ1v_A.js                          78.60 kB │ gzip:  19.47 kB
dist/assets/transfer-bags-B1EWMNR9.js                                    78.77 kB │ gzip:  20.32 kB
dist/assets/production-progress-jpa3nyCq.js                              80.83 kB │ gzip:  20.43 kB
dist/assets/pda-warehouse-wait-process-CxOJUSy7.js                       87.48 kB │ gzip:  21.21 kB
dist/assets/events-Catrtgdr.js                                           90.44 kB │ gzip:  22.33 kB
dist/assets/factory-onboarding-flow-BNpk0ImS.js                          90.59 kB │ gzip:  23.31 kB
dist/assets/dispatch-CXYwgsvK.js                                         92.67 kB │ gzip:  28.24 kB
dist/assets/cut-orders-E0uYYp2R.js                                       94.91 kB │ gzip:  24.49 kB
dist/assets/special-craft-task-orders-i0lnVxvm.js                        99.32 kB │ gzip:  26.84 kB
dist/assets/pcs-material-archive-detail-CJ2FIkhX.js                     106.60 kB │ gzip:  35.40 kB
dist/assets/index-l18iY4mR.js                                           109.47 kB │ gzip:  39.86 kB
dist/assets/pcs-independent-sampling-DFxFid03.js                        110.67 kB │ gzip:  30.37 kB
dist/assets/app-shared-BA_XHWDB.js                                      111.85 kB │ gzip:  27.95 kB
dist/assets/supplement-management-CjhpS_WA.js                           113.34 kB │ gzip:  29.96 kB
dist/assets/transfer-bag-return-model-C4WH7u5R.js                       115.34 kB │ gzip:  27.26 kB
dist/assets/statements-DmMa5pNY.js                                      119.64 kB │ gzip:  24.51 kB
dist/assets/unified-dispatch-workbench-C7zNl7uC.js                      121.65 kB │ gzip:  34.12 kB
dist/assets/events-pVH1lMvw.js                                          122.28 kB │ gzip:  31.60 kB
dist/assets/tmf-material-purchases-BmdiAXAc.js                          122.84 kB │ gzip:  31.51 kB
dist/assets/production-C-qKBmz3.js                                      134.25 kB │ gzip:  27.54 kB
dist/assets/warehouse-hub-Ds1mpHDu.js                                   140.87 kB │ gzip:  35.43 kB
dist/assets/generated-fei-tickets-C3aSMryk.js                           142.80 kB │ gzip:  36.11 kB
dist/assets/preparation-timing-B051OGnI.js                              146.05 kB │ gzip:  34.44 kB
dist/assets/marker-plan-Dr5Op3Cy.js                                     150.98 kB │ gzip:  35.77 kB
dist/assets/marker-spreading-B6k5NY0m.js                                154.83 kB │ gzip:  37.99 kB
dist/assets/return-inbound-1Kqr9a5H.js                                  162.42 kB │ gzip:  28.16 kB
dist/assets/fei-tickets-xrBFN4Pe.js                                     198.95 kB │ gzip:  44.71 kB
dist/assets/index--GzcKvNw.js                                           210.12 kB │ gzip:  66.49 kB
dist/assets/print-template-registry-B95MWa8c.js                         211.61 kB │ gzip:  54.65 kB
dist/assets/pda-exec-detail-vCAuf_X_.js                                 246.79 kB │ gzip:  56.92 kB
dist/assets/index-CassGA36.js                                           248.01 kB │ gzip:  58.24 kB
dist/assets/process-domain-DAj-8tRY.js                                  275.39 kB │ gzip:  60.58 kB
dist/assets/production-timeliness-BEUnOeke.js                           460.03 kB │ gzip: 115.09 kB
dist/assets/pda-BP1akL0i.js                                             505.22 kB │ gzip:  83.26 kB
dist/assets/pcs-archive-shared-BBZBlKp5.js                              980.90 kB │ gzip: 260.51 kB
dist/assets/production-source-shared-D0Lo_NvO.js                      2,344.57 kB │ gzip: 521.34 kB

(!) Some chunks are larger than 550 kB after minification. Consider:
- Using dynamic import() to code-split the application
- Use build.rollupOptions.output.manualChunks to improve chunking: https://rollupjs.org/configuration-options/#output-manualchunks
- Adjust chunk size limit for this warning via build.chunkSizeWarningLimit.
✓ built in 10.66s
