
> higoods-vanilla-clone@1.0.0 workflow:verify
> node --experimental-strip-types scripts/task-completion-receipt.ts verify --output /private/tmp/hpb-publication-20260925/task-receipt.json --task-boundary 换片布菲票方案92条需求当前实现进度发布：固定5Yard、独立增票补打、混装、车缝交出联动、局部IndexedDB与证据；未完成门禁保持开放


> higoods-vanilla-clone@1.0.0 check:cutting:all
> npm run check:cutting-sewing-dispatch && npm run check:progress-statistics-linkage && npm run check:cutting-marker-plan-formulas && npm run check:cutting-binding-strip-flow && npm run check:cutting-wait-handover-transfer-bag-flow && npm run check:cutting-clean-mainline && npm run check:pda-cutting-wait-handover-entry-routing && npm run check:pda-cutting-inbound-workflow && npm run check:pda-cutting-transfer-bag-handover && npm run check:web-cutting-transfer-bag-actions && npm run check:transfer-bag-three-status && npm run check:transfer-bag-repack-recovery && npm run check:transfer-bag-mobile-closed-loop


> higoods-vanilla-clone@1.0.0 check:cutting-sewing-dispatch
> tsx scripts/check-cutting-sewing-dispatch.ts

check:cutting-sewing-dispatch passed
(node:3546) ExperimentalWarning: localStorage is not available because --localstorage-file was not provided.
(Use `node --trace-warnings ...` to show where the warning was created)

> higoods-vanilla-clone@1.0.0 check:progress-statistics-linkage
> tsx scripts/check-progress-statistics-linkage.ts

check:progress-statistics-linkage passed
(node:3600) ExperimentalWarning: localStorage is not available because --localstorage-file was not provided.
(Use `node --trace-warnings ...` to show where the warning was created)

> higoods-vanilla-clone@1.0.0 check:cutting-marker-plan-formulas
> node --experimental-strip-types --experimental-specifier-resolution=node scripts/check-cutting-marker-plan-formulas.ts

唛架计划层公式与状态检查通过
唛架成衣件数（件）：12
系统单件成衣用量（m/件）：0.7
高低层矩阵成衣件数（件）：12
捆条原算长度样例（m）：21
捆条计划长度样例（m）：4
模式数：4
(node:3630) ExperimentalWarning: localStorage is not available because --localstorage-file was not provided.
(Use `node --trace-warnings ...` to show where the warning was created)

> higoods-vanilla-clone@1.0.0 check:cutting-binding-strip-flow
> node --import tsx scripts/check-cutting-binding-strip-flow.ts

捆条加工单流转检查通过
捆条需求明细：19 条
捆条加工单：16 单
唯一捆条菲票：19 张
示例汇总长度：113.57 m
按钮目标响应：列表 0.49ms / 捆条菲票 2.57ms / 库存 0.46ms / 预览 4.98ms
(node:3659) ExperimentalWarning: localStorage is not available because --localstorage-file was not provided.
(Use `node --trace-warnings ...` to show where the warning was created)

> higoods-vanilla-clone@1.0.0 check:cutting-wait-handover-transfer-bag-flow
> tsx scripts/check-cutting-wait-handover-transfer-bag-flow.ts


===== 裁床待交出仓与中转袋流转治理检查 =====
通过: 266
失败: 0

全部断言通过 ✅
(node:3690) ExperimentalWarning: localStorage is not available because --localstorage-file was not provided.
(Use `node --trace-warnings ...` to show where the warning was created)

> higoods-vanilla-clone@1.0.0 check:cutting-clean-mainline
> tsx scripts/check-cutting-clean-mainline.ts

{
  "项目代码清洁性": "通过",
  "裁片单与数量账": "通过",
  "菲票生成与打印追踪": "通过",
  "待交出仓库存与车缝分配": "通过",
  "通用交出与特殊工艺回仓": "通过",
  "差异关闭捆条到账": "通过",
  "主链路事件账": {
    "totalEventCount": 189,
    "stageCounts": {
      "数量账": 111,
      "铺布裁剪差异": 10,
      "菲票生成": 54,
      "交出记录": 7,
      "裁片单关闭": 3,
      "特殊工艺回仓": 3,
      "PDA执行写回": 1
    },
    "productionOrderCount": 13,
    "cutOrderCount": 42
  }
}
(node:3721) ExperimentalWarning: localStorage is not available because --localstorage-file was not provided.
(Use `node --trace-warnings ...` to show where the warning was created)

> higoods-vanilla-clone@1.0.0 check:pda-cutting-wait-handover-entry-routing
> tsx scripts/check-pda-cutting-wait-handover-entry-routing.ts

PASS check-pda-cutting-wait-handover-entry-routing
(node:3775) ExperimentalWarning: localStorage is not available because --localstorage-file was not provided.
(Use `node --trace-warnings ...` to show where the warning was created)

> higoods-vanilla-clone@1.0.0 check:pda-cutting-inbound-workflow
> tsx scripts/check-pda-cutting-inbound-workflow.ts

(node:3806) ExperimentalWarning: localStorage is not available because --localstorage-file was not provided.
(Use `node --trace-warnings ...` to show where the warning was created)
[check-pda-cutting-inbound-workflow] 两种 PDA 扫码工作流检查通过

> higoods-vanilla-clone@1.0.0 check:pda-cutting-transfer-bag-handover
> tsx scripts/check-pda-cutting-transfer-bag-handover.ts

node:internal/modules/run_main:107
    triggerUncaughtException(
    ^

AssertionError [ERR_ASSERTION]: The expression evaluated to a falsy value:

  assert(pageSource.includes('submitPdaTransferBagHandover(state, taskId)'))

    at <anonymous> (/private/tmp/higoods-replacement-fabric-release-20260925/scripts/check-pda-cutting-transfer-bag-handover.ts:200:1)
    at ModuleJob.run (node:internal/modules/esm/module_job:569:25)
    at async node:internal/modules/esm/loader:650:26
    at async asyncRunEntryPointWithESMLoader (node:internal/modules/run_main:101:5) {
  generatedMessage: true,
  code: 'ERR_ASSERTION',
  actual: false,
  expected: true,
  operator: '==',
  diff: 'simple'
}

Node.js v26.8.2

> higoods-vanilla-clone@1.0.0 check:fcs-end-to-end
> node --experimental-strip-types --experimental-specifier-resolution=node scripts/check-fcs-end-to-end.ts

{
  "任务收入链样例": "PSL-TASK-00102",
  "工厂确认质量链样例": "QDL-QC-NEW-010",
  "自动确认质量链样例": "LEDGER-QC-RIB-202603-0003-0003",
  "裁决质量链样例": "QDL-QC-NEW-004",
  "已预付批次样例": "PPB-202603-0001",
  "飞书付款审批编号": "FPA-202603-008800",
  "银行流水号": "BSN-00930000",
  "资料快照差异样例": {
    "factoryId": "ID-F002",
    "currentVersionNo": "V2",
    "statementId": "ST-LINK-2026-0007",
    "statementVersionNo": "V1",
    "batchId": "PPB-LINK-0005"
  }
}
(node:3862) ExperimentalWarning: localStorage is not available because --localstorage-file was not provided.
(Use `node --trace-warnings ...` to show where the warning was created)

> higoods-vanilla-clone@1.0.0 check:menu-routes
> tsx scripts/check-menu-routes.mjs

[check-menu-routes] 菜单路由一致性检查
  systems: fcs, pfos, pcs, pms
  menu href total: 219
  menu href unique: 219
  uncovered: 5
  duplicates: 0

[菜单存在但无精确路由的 href]
  - /fcs/craft/accessory/webbing/handover-records
  - /fcs/craft/accessory/webbing/pending-receipts
  - /fcs/craft/accessory/webbing/purchase-demands
  - /fcs/craft/accessory/webbing/semi-finished-orders
  - /fcs/craft/accessory/webbing/work-orders

> higoods-vanilla-clone@1.0.0 check:prototype-design-governance
> node --experimental-strip-types --experimental-specifier-resolution=node scripts/check-prototype-design-governance.ts --all

prototype design governance passed (all): 63 user-visible file(s), 0 technical-only file(s), 1 linked governance record(s)

> higoods-vanilla-clone@1.0.0 check:list-page-governance
> npm run check:list-page-governance:static && npm run check:standard-list-page-template && npm run check:prototype-design-governance -- --all


> higoods-vanilla-clone@1.0.0 check:list-page-governance:static
> node --experimental-strip-types --experimental-specifier-resolution=node scripts/check-list-page-governance.ts

list page governance passed: scanned 564 pages, baseline 12

> higoods-vanilla-clone@1.0.0 check:standard-list-page-template
> npm exec tsc -- --noEmit --target ES2022 --module ESNext --moduleResolution Bundler --strict --skipLibCheck --allowImportingTsExtensions --lib ES2022,DOM src/components/ui/list-table.ts && node --experimental-strip-types --experimental-specifier-resolution=node scripts/check-standard-list-page-template.ts

(node:4072) ExperimentalWarning: localStorage is not available because --localstorage-file was not provided.
(Use `node --trace-warnings ...` to show where the warning was created)
Chromium column drag passed on allocated port 55493: drop=1, DOM regions stable, order/storage updated, external text and cancelled drag ignored
standard list page template check passed

> higoods-vanilla-clone@1.0.0 check:prototype-design-governance
> node --experimental-strip-types --experimental-specifier-resolution=node scripts/check-prototype-design-governance.ts --all

prototype design governance passed (all): 63 user-visible file(s), 0 technical-only file(s), 1 linked governance record(s)

> higoods-vanilla-clone@1.0.0 build
> npm run typecheck:engineering && npm test && vite build


> higoods-vanilla-clone@1.0.0 typecheck:engineering
> npm run typecheck:entrypoints && npm run typecheck:scopes


> higoods-vanilla-clone@1.0.0 typecheck:entrypoints
> tsc --project tsconfig.engineering.json


> higoods-vanilla-clone@1.0.0 typecheck:scopes
> node scripts/check-typescript-scope.mjs src/domain/ src/components/ui/ src/state/

TypeScript 全量既有错误：6
本次渐进检查范围：src/domain/、src/components/ui/、src/state/
范围内错误：0
范围外既有错误保留在全量 typecheck 中继续分批治理。

> higoods-vanilla-clone@1.0.0 test
> npm run test:unit


> higoods-vanilla-clone@1.0.0 test:unit
> node --import tsx --test tests/unit/*.test.ts

✔ 浏览器存储封装保持读写删除语义 (0.400875ms)
✔ 浏览器存储不可用或抛错时保持静默降级 (0.088459ms)
(node:4367) ExperimentalWarning: localStorage is not available because --localstorage-file was not provided.
(Use `node --trace-warnings ...` to show where the warning was created)
✔ 交出列表省略详情路线读取时保留全部输出字段 (484.493708ms)
(node:4368) ExperimentalWarning: localStorage is not available because --localstorage-file was not provided.
(Use `node --trace-warnings ...` to show where the warning was created)
✔ MIG-001/002/006: management entry and handlers belong to FCS; PFOS keeps execution (0.91675ms)
✔ MIG-003/007: prep and execution read the same early order identities, quantities and match status (737.030541ms)
✔ MIG-004/009: migrated dialogs retain candidate fields, actual material image and task outputs (0.7295ms)
✔ MIG-011: management and execution use the same seven business display columns (8.612542ms)
✔ MIG-007: early dye/print creation and cancellation survive reload (2921.754875ms)
✔ BOM failed persistence preserves saved and in-memory state; retry persists (141.555042ms)
✔ existing production preparation data does not trigger demo writes on entry (597.346875ms)
✔ rollback of an unchanged saved BOM does not perform another failing write (3.942708ms)
✔ BOM dictionary preserves old JSON and all snapshot values without mutating input (5.57575ms)
✔ BOM dictionary rejects missing references instead of replacing data silently (0.212375ms)
✔ 解析带标签、小数和空格的长度数量 (0.501667ms)
✔ 解析卷数并对不合法文本返回 0 (0.11175ms)
✔ 证据文件标识把连续空白收口为单个连字符 (0.482208ms)
(node:4381) ExperimentalWarning: localStorage is not available because --localstorage-file was not provided.
(Use `node --trace-warnings ...` to show where the warning was created)
✔ 设计改款可成批生成染色和印花加工单，且完整投影来源与上下游 (1289.452875ms)
✔ 设计改款加工单生成幂等，重复请求不增加单据 (58.0895ms)
✔ 同一设计改款任务的不同颜色和 BOM 行分别生成加工单 (69.789458ms)
✔ 成批提交失败时染色与印花加工单一起回滚 (50.426791ms)
✔ 设计改款来源缺关键引用或来源未知时必须阻断 (0.183958ms)
(node:4382) ExperimentalWarning: localStorage is not available because --localstorage-file was not provided.
(Use `node --trace-warnings ...` to show where the warning was created)
✔ 设计改款染后印花必须先分配印花厂，染色交出不能误送中央工厂 (395.139625ms)
✔ 仅染与仅印分别创建一张加工单和一条仓库首道调拨计划 (12.903583ms)
✔ 辅料染色单创建后已有辅料仓调拨计划，分厂时自动落实原单但不冒充实发 (10.555792ms)
✔ 历史双工艺加工单仍可追溯原有染印交接 (455.428709ms)
✔ 双工艺 SKU 仅生成印花单，仓库直接发印厂并完成样衣归档 (1360.080875ms)
✔ 印花实际交出生成中央工厂待接收原单，实收回写原交接并允许完成加工单 (630.893792ms)
✔ 专业成果没有真实附件时保持未绑定 (9.89225ms)
(node:4383) ExperimentalWarning: localStorage is not available because --localstorage-file was not provided.
(Use `node --trace-warnings ...` to show where the warning was created)
✔ 可打印不等于可建交出单，必须完成真实标签打印 (0.490833ms)
✔ 卷规格无效时不可建交出单，且不改变原可打印判定语义 (0.070917ms)
✔ 人工完成印花加工单不再自动填充操作人 (287.717583ms)
(node:4388) ExperimentalWarning: localStorage is not available because --localstorage-file was not provided.
(Use `node --trace-warnings ...` to show where the warning was created)
✔ 非 KOL PDA 导入不生成 KOL 领交料；首次 KOL 访问生成完整且幂等的演示记录 (230.819791ms)
✔ PDA 单任务读取保持普通任务、测试工厂与 KOL 任务内容和查找优先级 (1.534042ms)
✔ 日报窗口含截止日7天，重点日均独立使用前6天 (0.504583ms)
✔ 未知采购不填0，未BOM不输出完整确定订单需求 (0.107334ms)
✔ 突变必须绝对量与比例同时达到阈值 (0.058375ms)
✔ 截止日突变示例与未完结日不判定 (0.05575ms)
✔ 共享商品按SPU去重而不按关联行累加销量 (0.090417ms)
✔ 预选不产生确定用料；BOM需求保留物料归属 (0.130833ms)
✔ 同料BOM优先于预选，不重复关系及需量 (0.066333ms)
✔ 两个业务页具有独立容器、标准分页与证据边界 (19.589875ms)
✔ 未进入物料页面时 bridge 不加载业务；加载失败重试后首次渲染即已注册 (3.091542ms)
✔ click 分组顺序、短路、选择器范围保持原行为，重新注册替换旧处理器 (0.594083ms)
✔ 备料写入守卫读取实时角色与水位，阻断时不调用业务处理器 (0.36675ms)
✔ input/change/keyboard 原入口、筛选范围和 change 优先级完整保留 (0.299292ms)
✔ health groups are exhaustive and mutually exclusive in demo (1.050458ms)
✔ coverage and baseline use same inventory plus transit but distinct demand windows (0.072833ms)
✔ zero demand is unavailable rather than infinity and huge finite quotient stays finite (0.130125ms)
✔ date selects different consistent snapshot (0.08425ms)
✔ threshold changes alter classification without changing facts (0.059875ms)
✔ health view carries core P1 business sections and mock caveat (16.139833ms)
✔ AT16 rules do not substitute brand, size or packaging method (1.214584ms)
✔ AT24 equal priority conflict blocks resolution and identifies rules (0.386542ms)
✔ higher explicit priority resolves a lower priority overlap (0.0515ms)
✔ plans distinguish garments and parcels and add loss once (0.145959ms)
✔ AT18 white pendant stock only allocated once (0.071541ms)
✔ event duplicate and old revision do not add consumption; reprints are activity only (0.10375ms)
✔ conflicting same revision fails instead of silently choosing a payload (0.048375ms)
✔ AT17/19/20 panel states unresolved ASAYA, independent kit80 and unknown ribbon (0.244125ms)
✔ trigger distinct from target, existing supply produces explainable zero (0.682333ms)
✔ missing mapping or usage and incompatible raw unit block unsafe generation (0.197125ms)
✔ generation reserves remaining once and shared raw pool across target rules (2.640209ms)
✔ production does not increase stock; actual SKU and output bound partial receipts (0.162459ms)
✔ cancelled suggestion releases commitment and raw allocation (0.068708ms)
✔ AT05 committed greige is not available for a second allocation (0.448167ms)
✔ AT06 partial receipt reduces expected supply; checking and qualified never duplicate (0.335ms)
✔ AT07 unmapped target preserves quantities but gives no target coverage (0.083167ms)
✔ §7.2 loss reduces future supply; rejected receipts never become usable (0.059166ms)
✔ §7.3 unit/yield/route and conservation gaps block deterministic supply (0.100125ms)
✔ §7.3 candidate comparison reports remaining shortage and respects arrival deadline (0.134958ms)
✔ §7.3 zero gap stays zero and nonfinite inputs cannot produce advice (0.050875ms)
✔ panel uses owned local handlers and discloses mock and missing images (2.185083ms)
✔ P2 coefficients and coverage exclude transit (9.301875ms)
✔ P2 coverage buckets have exclusive shared boundaries (0.503416ms)
✔ P2 partial receipts and completed batches count remaining only (0.060791ms)
✔ P2 latest overdue selected only if no future batch; today included (0.052959ms)
✔ P2 search transit and ETA filters compose (0.127209ms)
✔ P2 zero demand and missing BOM preserve distinct nulls; micro demand excluded (0.072333ms)
✔ P2 standard table renders and limits initial rows to first page (5.765292ms)
✔ AT01/02 internal reservation stays in coverage while external reservation is deducted (16.832333ms)
✔ AT03 quality segments are not usable (0.173042ms)
✔ AT04 partial receipt leaves remaining supply only (0.183ms)
✔ AT08/38 late supply never erases earlier shortage (0.135708ms)
✔ AT09 intermediate deficit determines net need rather than positive closing balance (0.115916ms)
✔ AT10 MOQ and pack rounding, zero stays zero (0.099209ms)
✔ AT11 horizon begins at cutoff and is not expanded by lead time (0.141834ms)
✔ AT12 forecast covered by confirmed demand is excluded before coefficient (0.11575ms)
✔ AT13 no demand has no numeric coverage (1.189667ms)
✔ AT14 cancelling demand does not change stock (0.206083ms)
✔ AT15 latest event revision only (0.422625ms)
✔ AT16/17 directory preserves bag sizes and ASAYA duplicated input is one unresolved SKU (0.087208ms)
✔ AT18 three brands draw from one shared pool (0.144708ms)
✔ AT19/20 kit capacity respects minimum and missing conversion (0.069417ms)
✔ AT21 inactive/unusable stock remains physically visible (0.101625ms)
✔ AT23 affected order identifiers are unique (0.090417ms)
✔ AT25/26 draft does not mutate active and invalidates trial (0.064208ms)
✔ AT26/28 publish requires role and exact trial; history retained (0.191917ms)
✔ AT31 risk cannot close with remaining shortage or skip verification (0.158125ms)
✔ AT37 invalid dates, unknown timezone, bad numeric values rejected (0.084375ms)
✔ duplicate supply chain does not double count and blocks deterministic advice (0.084834ms)
✔ warehouse catalogue includes 17 locations and two garment warehouses (0.035166ms)
✔ candidate comparison retains pre-arrival risk (0.26775ms)
✔ SKU-specific policy wins and duplicate rules block publish (0.124375ms)
✔ 路由标准化移除 query 与 hash，但不改动路径 (0.372291ms)
✔ 只匹配路由根或其子路径，不误匹配相似前缀 (0.116208ms)
✔ 可在多个合法根路径中匹配一个 (0.063041ms)
✔ 只把完整生产确认单打印路由识别为命中 (0.092042ms)
(node:4407) ExperimentalWarning: localStorage is not available because --localstorage-file was not provided.
(Use `node --trace-warnings ...` to show where the warning was created)
✔ 目标 SKU 的四种加工组合、前序实物和 BOM Q 均按已建档字段读取 (40.2985ms)
✔ 整单总量口径保存后仍按一次总量计算，不被样衣件数重复放大 (601.609375ms)
✔ 一张设计改款 BOM 同时有 Yard 面料和 PCS 辅料时，各行独立计量且辅料无需加工调拨 (74.064041ms)
✔ 复用既有纸样与参照 BOM 的无印染任务可直接提交样衣并自动完成；复制只生成草稿 (523.211958ms)
✔ 批量复制保留物料、费用和样衣安排为独立可编辑草稿，不生成工作 (230.348917ms)
✔ 单页创建同时保存物料、费用与样衣要求；失败不留下空任务 (5.627667ms)
✔ 加工互斥按物料行执行：同一任务允许纯染行与双属性印花行并存 (114.055792ms)
(node:4409) ExperimentalWarning: localStorage is not available because --localstorage-file was not provided.
(Use `node --trace-warnings ...` to show where the warning was created)
✔ 旧设计任务移除线下工作和依赖，保留加工单身份、样衣成果及原始输入 (172.424625ms)
✔ 任务汇总排除未启用，待前置只列出未完成依赖，关闭单不继续催办 (1.083ms)
✔ 筛选覆盖关键词、状态、跟单、待办、类型、团队和日期边界，统计范围一致 (0.311666ms)
✔ CSV包含全部匹配行和任务责任计划，不含操作列，特殊文字正确转义 (0.509541ms)
(node:4413) ExperimentalWarning: localStorage is not available because --localstorage-file was not provided.
(Use `node --trace-warnings ...` to show where the warning was created)
✔ 生产准备必须读取测款最终通过事实，保存时重新校验且失败不生成主单 (142.237583ms)
✔ PATTERN_ARTWORK 多明细全部有效项通过才完成，同SKU不同要求不合并 (0.617458ms)
✔ COLOR_FABRIC 多明细全部有效项通过才完成，同SKU不同要求不合并 (0.1315ms)
✔ COLOR_YARN 多明细全部有效项通过才完成，同SKU不同要求不合并 (0.069917ms)
✔ 多辅料分单覆盖，第一张下单不足以完成，失效单不能提供覆盖 (0.240167ms)
✔ 专业列表业务字段查询与责任、来源、计划边界组合，未登记计划不误入日期结果 (0.728709ms)
✔ PCS 图片按款号和颜色固定，尺码不改变照片，未知对象没有随机图片 (1.051375ms)
✔ 历史 Mock 只替换登记的旧图，保留用户图片及未知款式 (0.538542ms)
✔ 后道 QC 来源 SKU 保留原身份和数量，五种颜色分别绑定对应实拍 (0.100458ms)
✔ 后道历史快照只迁移准确 SKU 的旧示意图，质检数量与用户图不变 (0.210333ms)
(node:4423) ExperimentalWarning: localStorage is not available because --localstorage-file was not provided.
(Use `node --trace-warnings ...` to show where the warning was created)
✔ PDA 列表轻量摘要与详情的归属、数量、物料和下一步一致 (2902.692167ms)
(node:4424) ExperimentalWarning: localStorage is not available because --localstorage-file was not provided.
(Use `node --trace-warnings ...` to show where the warning was created)
✔ 按工厂投影不改变全能力、印花、染色、中央与裁片演示账号可见任务 (1365.778958ms)
✔ 物流商新增字段保存回显并写入操作日志 (3.331ms)
✔ 物流商数字字段非负校验与运输方式枚举校验 (0.649166ms)
✔ 渠道新增字段保存回显，条件计费字段按计费方式保留 (0.771334ms)
✔ 整柜渠道不要求新增计费字段，仍要求四箱型完整配置 (0.365584ms)
✔ 渠道数字字段非负与时效区间校验 (0.389834ms)
✔ 头程批次聚合展示总箱数、总重量、总体积与转运天数 (0.67775ms)
✔ 工序链按保存顺序生效，合法工序集合固定，非法或重复工序被拒 (1.905292ms)
✔ 坯布 SKU 必填，坯布库存为 0 时调拨资格被拒，补足后恢复 (0.345375ms)
✔ 采购单按勾选 SKU 生成明细，数量与枚举非法被拒 (0.164834ms)
✔ 调拨单可选择调出仓库与调入目标，同步生成加工单号链 (0.215ms)
✔ 批量刷新库存更新全部监控行与刷新时间并写日志 (0.294792ms)
✔ 手动添加监控 SKU 校验 SKU 必填与重复，添加后进入列表 (0.948708ms)
✔ 物料申报扩展字段保存回显，26 项特殊属性按数组保存 (2.586625ms)
✔ 报关扩展：法定第二计量单位与数值，不报关分支跳过必填校验 (0.326792ms)
✔ BOM 业务选项与价格/成本、工厂、布料字段保存回显 (1.281291ms)
✔ 主体经营 9 项成本明细加调整重算总成本，数据缺失提醒可消除 (0.649875ms)
✔ 供应商从草稿到启用遵循状态机，名称唯一 (1.614542ms)
✔ 供货档案包装换算与快照版本 (0.184542ms)
✔ 物料全部有真实图片，采购补充信息可更新且不新增删除 (0.310708ms)
✔ 成衣与样衣 SKU 只读列表数据完整 (0.059959ms)
✔ 仓库同步更新时间，单位字典唯一且不可删除只可启停 (0.265542ms)
✔ BOM 用量可修改，说明可保存，发布后可生成面辅料需求 (2.185ms)
✔ 面辅料需求种子就绪且可按物料行下推采购单 (2.806208ms)
✔ 快递信息导入校验采购单存在、单号唯一、日期与数量合法 (2.013166ms)
✔ 国内签收、加入头程、状态推进与到仓自动签收 (2.0015ms)
✔ 供应商确认单需标签齐备，确认后回写采购单 (0.587208ms)
✔ 整柜渠道必须完整配置四个箱型，物流商可启停 (0.270625ms)
✔ 面辅料采购单可带原因关闭，关闭后不能再登记到货 (0.152125ms)
✔ 库存监控触发线与建议量公式，规则异常阻断建单 (3.195916ms)
✔ 建单数量不得超过建议量，调拨与采购资格分别阻断 (0.32025ms)
✔ 中转看板指标、分布与筛选跳转规则 (0.509792ms)
✔ 生产单校验与配料任务只读数据完整，系统设置结果为 8/6/10 (0.169042ms)
✔ 种子采购单按 SRM 生成器规律补齐单据级与明细级字段 (0.674791ms)
✔ 新建做货采购单保存采购专员、加急、首单、区域与明细字段并可回显 (1.809375ms)
✔ 未传新增字段时沿用默认值并保持既有命令兼容 (0.14325ms)
✔ 采购专员必填、做货必须选区域、重量非负均抛出中文 PmsDomainError (0.285ms)
✔ 编辑采购单保存新增字段并回显，非法输入被阻断 (0.251708ms)
✔ BOM 状态与 bomMatched 一致，未发布 BOM 的做货明细为未匹配 (0.182ms)
✔ 行采购金额使用 roundPmsQty 且汇总等于逐行金额之和 (0.120375ms)
✔ 采购建议按缺口公式与折扣计算，并计入有效 KOL 申请 (0.755ms)
✔ KOL 草稿与已驳回不计入建议缺口 (0.091875ms)
✔ 建议转采购单后写回已转数量与部分生成状态 (1.993208ms)
✔ 面辅料需求按 BOM 用量与损耗扣减库存和采购中 (1.200917ms)
✔ 重复生成、草稿采购单与非做货采购单均被阻断 (0.240666ms)
✔ KOL 单条超量需要二次确认，超过申请量直接阻断 (1.708084ms)
✔ 驳回 KOL 需求后不再计入建议缺口 (0.361208ms)
✔ 关闭采购单必须填写原因且已关闭不可重复关闭 (0.253458ms)
✔ 主体经营明细总成本、毛利与毛利率公式 (1.344916ms)
✔ 面辅料对账：预计/实际双层公式，费用项与差异双重门禁 (2.432ms)
✔ 面辅料费用项部分确认、批量确认与编辑失效 (0.539625ms)
✔ 请款草稿跨页创建、请款与付款上限、编辑范围 (0.604041ms)
✔ 物流实际费用 12 列导入校验、不自动确认与确认后锁定 (0.962167ms)
✔ 请款单作废释放来源对账，已有付款不能作废 (0.799667ms)
✔ 供应商账单 9 列导入覆盖实际层且不自动确认 (0.659041ms)
✔ 金额大写按 RMB 规则输出并覆盖跨节零 (0.182917ms)
✔ 生成卷号按前缀、每卷米数、重量与起始序号生成并写入包装明细 (3.904833ms)
✔ 生成卷号时尾卷承载剩余数量，卷数按采购数量与每卷米数自动取整 (0.562792ms)
✔ 非法卷号参数被拒绝并抛出中文域错误 (0.35075ms)
✔ 生成标签后二维码内容包含卷号与箱规，参与打印 (0.266375ms)
✔ 箱规新增自动计算体积，重复箱号与非法尺寸被拒，删除后计数正确 (0.246917ms)
✔ 包装明细可新增与删除，非法输入被拒且删除后计数正确 (0.192959ms)
✔ 被包装明细引用的箱规不能删除 (0.07775ms)
✔ 供应商枚举与 SRM 完全一致，旧枚举不再出现 (1.334375ms)
✔ 种子字段满足 SRM 枚举且协同指标为数字 (0.140209ms)
✔ 新增字段保存并回显，成功命令写入操作日志 (2.606833ms)
✔ 编辑保存新增字段并保持状态机与事件名不变 (0.422333ms)
✔ 非法或缺失输入抛 PmsDomainError 且不写入数据 (0.611291ms)
✔ 详情与列表展示新增字段、SRM 枚举与协同指标 (19.717666ms)
(node:4449) ExperimentalWarning: localStorage is not available because --localstorage-file was not provided.
(Use `node --trace-warnings ...` to show where the warning was created)
✔ RETURN-010: only the acceptance week Sunday is skipped, for every starting weekday (1.92075ms)
✔ RETURN-004—010: both projections share counting dates and ceil targets (0.65975ms)
(node:4450) ExperimentalWarning: localStorage is not available because --localstorage-file was not provided.
(Use `node --trace-warnings ...` to show where the warning was created)
✔ 实际耗时跨周日仍按真实时间差；没有可靠时间不造耗时 (1.487125ms)
✔ 每任务都达成才结束；同一来源去重，作废明细不影响主表 (0.40175ms)
✔ 耗时页 Mock 至少覆盖九张生产单和全部节点，且下游事实不会越过未完成的前置节点 (606.540458ms)
✔ 裁片放行按一张放行单内的多次放行展示并选取节点起止时间 (29.875333ms)
(node:4453) ExperimentalWarning: localStorage is not available because --localstorage-file was not provided.
(Use `node --trace-warnings ...` to show where the warning was created)
✔ EXC-001—004: a reference mark cannot change debt, strict kits or final task responsibility (4.969709ms)
(node:4455) ExperimentalWarning: localStorage is not available because --localstorage-file was not provided.
(Use `node --trace-warnings ...` to show where the warning was created)
✔ 派单新增主档工厂可登记承接关系，未知工厂仍阻断 (1.59875ms)
✔ 专属任务保留整单身份、数量和接收方，工艺分支保留全部前置关系 (1.000042ms)
✔ 原生产单车缝任务仍可被 PPIC 分配与责任移交识别，SKU 总量完整 (3.348417ms)
✔ PRINT-HISTORY-001: demo identities remain fixed and reject another factory or task (0.476584ms)
✔ PRINT-HISTORY-002: DYE-GOTO-GLOBAL historical slot 09 survives independent reloads without overwriting (2808.300958ms)
✔ PRINT-HISTORY-002: ID-FAC-001165 historical slot 09 survives independent reloads without overwriting (3962.995792ms)
(node:4460) ExperimentalWarning: localStorage is not available because --localstorage-file was not provided.
(Use `node --trace-warnings ...` to show where the warning was created)
✔ VERIFY-003: dispatch reads keep all documents and independent copies without projecting unrelated business views (309.940958ms)
✔ frozen printing images are losslessly stored once across orders, tasks and attachments (4.052458ms)
✔ missing or malformed image references fail rather than silently replacing frozen evidence (0.711375ms)
(node:4465) ExperimentalWarning: localStorage is not available because --localstorage-file was not provided.
(Use `node --trace-warnings ...` to show where the warning was created)
✔ PERF-002/004: scoped receiving reads preserve direct receipts and allocations, without exposing mutable facts (19.519375ms)
✔ PERF-002/004: a synchronous relation read matches independent reads and releases its scope after errors (940.969959ms)
✔ PERF-004: batched print list reviews and handovers equal independently read facts (356.926917ms)
✔ PERF-004: scoped handovers keep canonical sorting and task point reads preserve identity (11.650875ms)
✔ PERF-004: reusing warehouse documents preserves each dye order source, quantity and receiver (384.218458ms)
(node:4468) ExperimentalWarning: localStorage is not available because --localstorage-file was not provided.
(Use `node --trace-warnings ...` to show where the warning was created)
✔ craft source selection preserves all previous source choices and isolated snapshots (9.300084ms)
✔ source eligibility is re-evaluated after a source order changes (0.110334ms)
(node:4469) ExperimentalWarning: localStorage is not available because --localstorage-file was not provided.
(Use `node --trace-warnings ...` to show where the warning was created)
✔ 验收数据至少包含 5 张染色和 5 张印花提前加工单，并覆盖全部匹配状态 (926.957292ms)
✔ 印花专业成果把多张图片和多个文件统一保存在同一附件集合 (0.314ms)
✔ 同一生产需求可手动选择具体专业任务，创建结果保存所选任务与全部成果附件 (42.095291ms)
✔ 创建提前加工单必须选择所属专业任务并明确加工厂 (3.068375ms)
✔ 计划加工数量包含损耗率，且染色印花投入与产出 SKU 必须不同 (0.19125ms)
✔ 专业成果未审核通过时不可创建提前加工单 (0.129833ms)
✔ 多个生产需求合并为一张生产单时，可匹配多张提前染色加工单 (74.720208ms)
✔ 等待技术包的提前单在技术包就绪后可由同一匹配服务自动重试 (48.514042ms)
✔ 合并生产单中只有部分需求有提前单时，只为未覆盖需求补建剩余数量 (174.000292ms)
✔ 已有提前单但正式 BOM 或 SKU 不一致时进入异常，且不重复补建同一工艺单 (50.49675ms)
✔ 取消后重建保留旧单，并建立双向替代关系 (4.535542ms)
✔ 没有提前加工单的需求仍保留正式加工单快照 (6.500167ms)
✔ BOM uses formally reduced quantity and leaves unsupported conversion unknown (0.797417ms)
✔ reuse retains one shared source instance and adds no duplicate processing duration (0.245792ms)
✔ a new rework/recheck round extends the dependency path two days and conserves qualified pieces (0.09025ms)
✔ date-only source is not coerced to a precise instant or exact deadline (0.08575ms)
✔ known order shipment can be timed without crediting an unknown production source (0.065041ms)
✔ waiting for actual fulfillment can be overall late while factory completion stays on time (0.059834ms)
✔ all six named cards render directly checkable evidence without changing production task facts (4.423708ms)
✔ all ten tasks have independent drill-down networks and one frozen aggregate snapshot (3.297792ms)
✔ 31-item dependency recursion proves 24 natural days and shows the actual sum/max formula (0.436625ms)
✔ improving procurement by ten days only improves whole-task timing by one day (0.14325ms)
✔ network rejects circular/missing dependencies and unknown is never zero time (0.329375ms)
✔ each complete standard mock network and live forecast agrees with the task summary (2.755709ms)
✔ quantity forecast finds a one-day risk before any actual deadline is missed (0.802584ms)
✔ all-natural-day clock includes Sundays, preserves timezones, equality is on time and one second is late (0.189542ms)
✔ already-overdue outranks forecast missing; historical completion stops the clock (0.170333ms)
✔ upstream two-day delay and local catch-up pressure are distinct from current-team fault (0.130916ms)
✔ manual forecast is local, propagates both earlier and later dates, and never relaxes baseline (2.096791ms)
✔ saving a manual forecast refreshes all affected node labels without pretending capacity was increased (1.405417ms)
✔ zero capacity and stale progress never forecast zero remaining duration (0.296333ms)
✔ stock and purchase coverage do not imply factory readiness or a new purchase gap (0.187125ms)
✔ stock-only task still has transfer; purchased material must move beyond warehouse entry (0.068584ms)
✔ batch schedule conserves shared capacity and 90 percent occurs at a real batch event (0.153167ms)
✔ customer cancellation without production allocation does not reduce any task (0.108042ms)
✔ excess shipment of one SKU cannot hide shortage of another (0.082084ms)
✔ duplicate, out-of-order and corrected quantity events conserve the effective sum (0.106917ms)
✔ shared work is counted once while merged source tasks preserve independent T0 and deadlines (0.1095ms)
✔ orders enter analysis only from actual shipment and have their own clock (0.165667ms)
✔ region and supply mode select rules together, unpublished candidate rules never apply (0.168125ms)
✔ filters share exact aggregate scope and date windows are left-closed right-open (0.395917ms)
✔ Chinese UI defaults and all scope options filter the intended task population (0.167584ms)
✔ Chinese risk shortcut agrees with risk KPI and does not accidentally select completed or overdue tasks (0.232875ms)
✔ Chinese date-field labels use due date, start date and predicted completion respectively (0.197875ms)
✔ team and stage filters match applicable work nodes rather than only current task responsibility (0.113375ms)
✔ V3 team and factory must match the same node and empty all-scope still keeps a task (0.0805ms)
✔ V3 unknown shipment has no percentage and completed work without deadline is not on time (0.072041ms)
✔ 恢复预测保留不同工作和日期的顺序，只合并连续相同计算且不改写历史 (1.991084ms)
✔ 同一调拨动作按国家和供给方式命中不同预算，候选规则不参与匹配 (0.672167ms)
✔ 同优先级重叠命中必须冲突，明确更高优先级例外才可覆盖 (0.4345ms)
✔ 数量档边界不得跨档或用默认预算掩盖无规则 (0.08125ms)
✔ 子项七天而组上限五天阻断，网络不被截短也不在组外重复加预算 (0.135833ms)
✔ 并行分支取最大值，循环和缺失前置不得算成零天 (0.14875ms)
✔ 工厂实收映射须有明细与物流批次，入库不冒充到厂，重复事件不累加 (0.15125ms)
✔ 投入产出、单位或质量门槛不合规，不能放行下游 (0.089667ms)
✔ 新版本仅记录显式重算范围，不能顺延旧基线或考核截止 (0.415416ms)
✔ 默认演示配置没有阻断，会议候选必须以提示保留 (0.09025ms)
✔ 选定在途W19规则从1改3，本地路线24改26而原始/生效截止与实际事实不变 (3.022833ms)
✔ 在途发布同层冲突、缺规则、缺映射或事件边界变化都不生成覆盖 (0.187041ms)
✔ 发布覆盖可从初始快照恢复且重复应用幂等，未选任务不受影响 (0.966167ms)
✔ 未完成调拨预算增加后，预测沿下游传播；已完成上游事实仍原样 (0.359458ms)
(node:4481) ExperimentalWarning: localStorage is not available because --localstorage-file was not provided.
(Use `node --trace-warnings ...` to show where the warning was created)
✔ 首次来源读取只创建当前存在的缺口，历史从本次观察开始 (1.14975ms)
✔ 事项键由任务、工作与类型生成，中文说明变化不新增事项 (0.342333ms)
✔ 缺款图形成独立事项，增加地址不等于款色对应核验通过 (0.278166ms)
✔ 登记责任期限不修改事实或关闭事项，只有后续来源读取确认恢复 (0.666125ms)
✔ 同一恢复事实重复核对不制造历史，缺口复现重新打开且保留期限 (0.30275ms)
✔ 任务或工作未返回、数量已知性字段消失均不是恢复证据 (0.269625ms)
✔ 来源身份变更不能在同一次读取中把旧缺口标为恢复 (0.231041ms)
✔ 未结构化来源审核项不因文字消失自动关闭 (0.207041ms)
✔ 本地持久化保留独立事项、责任、期限和恢复历史 (0.431291ms)
✔ 本地损坏记录不伪造历史、不覆盖旧内容、不允许假保存 (0.987875ms)
✔ 责任、期限、调整原因必填；存储失败给出未保存结果 (0.303417ms)
✔ 数据待补按事项分页和筛选，提供独立登记及来源刷新入口 (2.173458ms)
✔ 事项按自身负责人和修复期限筛选，不借任务跟单替代 (0.265583ms)
✔ 空在途范围不展示历史演示日期压力图 (2.326291ms)
✔ 未知预算仍保留串并行和汇合箭头，位置不依赖日期 (4.661458ms)
✔ 下游未开工且前置未完的逾期归为等待；根卡点标出具体工作和全部后继 (1.283416ms)
✔ 取消和已完成不是当前卡点，数据缺口不当执行逾期 (0.975292ms)
✔ 已开工工作即使前置未完，也保留其来源责任逾期并提示核对 (0.545541ms)
✔ 卡点范围仍显示上游参照及所有受影响后继，不显示无关支路 (1.008666ms)
✔ 单据摘要默认展开来源核心字段，不只展示时效 (0.746542ms)
✔ 需求摘要指向已存在的需求列表，入口不冒称独立详情 (0.553083ms)
✔ 缺少单据不得生成虚构摘要或默认完成数 (0.416208ms)
✔ 已实收的有效结束满足前置，取消前置不会被视为供给完成 (0.615708ms)
✔ 质检不合格仍是放行卡点，不因检验时间存在变为可放行 (0.523083ms)
✔ 来源已有不合格检验结果但缺建立时间时，不因前置未完而隐藏本项卡点 (1.301625ms)
✔ 作废且不计时不等于前置已完成；来源已阻断是明确卡点 (0.554042ms)
✔ 已知工作预算齐备但范围未确认时，公式页不得称作全程标准 (1.118625ms)
✔ 暂停或受阻工作不因遗留结束时间而放行下游 (0.856791ms)
✔ 生产准备初始化按编号读取定义与完整目录逐值一致，保留不存在时的契约 (3.828417ms)
✔ 单定义读取的可编辑数组保持隔离，不污染其他任务读取 (0.879917ms)
▶ execution source relations retain full facts without unrelated cold initialization
  ✔ cold read resolves real runtime scope and leaves print/dye execution ledgers untouched (368.203417ms)
  ✔ scoped cold result equals original complete enumeration after the same actual ID resolution (462.746333ms)
  ✔ production with print/dye uses all existing preparation facts and keeps unknown IDs unknown (623.5445ms)
  ✔ live explicit cross-order reference and cancellation facts survive scoped reading (52.559667ms)
  ✔ real persisted cancellation restores through the original validated path in a new process (2879.196333ms)
  ✔ QC reads real fact quantities and renders explicit missing artwork without placeholder network dependency (234.054ms)
✔ execution source relations retain full facts without unrelated cold initialization (5022.7995ms)
(node:4488) ExperimentalWarning: localStorage is not available because --localstorage-file was not provided.
(Use `node --trace-warnings ...` to show where the warning was created)
✔ production source time uses explicit Shanghai time and rejects date-only completion (2.350417ms)
✔ DDS tasks use demand identity and do not invent preparation, budgets, shipment quantities or orders (3.802584ms)
✔ source bindings require existing same-style preparation and published technical version (0.549042ms)
✔ reuse preserves its source/version and does not add past preparation duration (0.619333ms)
✔ explicit unneeded work is excluded but unconfirmed missing work remains a decision, never zero-day completion (0.557916ms)
✔ explicit dependencies preserve parallel entries and repeated processes instead of serial sorting (1.375917ms)
✔ missing explicit predecessors do not become confirmed parallel roots (0.48525ms)
✔ missing predecessor and material SKU discontinuity block route certainty without fabricated edges (0.613292ms)
✔ cyclic source dependency stays a blocking issue and source objects remain unchanged (0.64275ms)
✔ read snapshot uses all current demand records without private Mock tasks or automatic same-style preparations (57.277125ms)
✔ continuous material SKU edges stay confirmed while an unconfirmed route remains pending (0.246375ms)
✔ unverified reuse does not fabricate a completed zero-day result (0.143833ms)
✔ binding writes only the DDS association key and is reflected by the next read (16.385125ms)
✔ execution source uses exact production-order identity, assigned factory and responsibility deadline (0.296458ms)
✔ only a unique exact technical entry binds execution to route; same-name and split executions stay independent (0.32225ms)
✔ preparation-only source cycles are blocked without depending on a technical pack branch (0.585583ms)
✔ source time and manual forecast stay separate from frozen rule examples and missing SLA (5.011666ms)
✔ cancelled execution is not a late blocker and unfinished status cannot borrow a stale completion timestamp (0.263417ms)
✔ document summaries are factual, compact strings; decisions without a document stay unbound (0.145041ms)
✔ formal preparation output connects the exact confirmation, route entry and production version (0.383083ms)
✔ technical object identity and its material photo are retained without using the style photo (0.147875ms)
✔ material transfer has serial dispatch, transport and receipt with separate responsibility and source identity (0.309167ms)
✔ approval, sent quantities and delivery-note registration cannot prove physical handout or logistics delivery (0.174041ms)
✔ actual handout starts transportation but factory receipt never backfills logistics delivery or reception start (0.118708ms)
✔ receipt quantities require the same source line, target factory and unit; mixed units never close reception (0.15925ms)
✔ voided transfers keep evidence but no effective supply or transport completion (0.109667ms)
✔ a document handout timestamp does not complete unshipped or partially shipped source lines (0.130542ms)
✔ only preparation-bound purchase documents are included, and purchase completion never invents warehouse arrival (0.134125ms)
✔ quality is scoped to its recorded sample and does not establish shipment orders or whole-order completion (0.896125ms)
✔ current source snapshot exposes matching handover, quality and transfer documents, not generic placeholders alone (5.360416ms)
✔ only a real same-version production order becomes a root execution predecessor (0.411459ms)
✔ task lead blocker matches dependency analysis instead of blaming an unstarted downstream deadline (0.124541ms)
✔ failed inspection exposes the concrete unqualified quantity as blocker reason (0.131417ms)
✔ category sample images never stand in for a source style; a dedicated source image is retained (0.159583ms)
(node:4489) ExperimentalWarning: localStorage is not available because --localstorage-file was not provided.
(Use `node --trace-warnings ...` to show where the warning was created)
✔ 当前非 Mock 需求可保存显式工作映射，序列化后可恢复且不改来源事实 (107.541917ms)
✔ 未保存映射、规则空天数、事件范围变化与同级冲突分别给出真实阻断 (11.733834ms)
✔ 同一工作不得存两份口径，来源身份变化或未知数量不允许保存 (8.565ms)
✔ 工作单位不换算、通配值不充当事实、里程碑不重复加预算 (4.886417ms)
✔ 来源任务发布单项预算后保持整体待定，刷新覆盖和已有截止均保留 (14.561167ms)
✔ 缺准备或实发范围时即使要求首次建基线也阻断，并且不写覆盖 (20.113709ms)
✔ 已确认的未来发货工作尚无实发事实也可建 T0+最长路径基线，缺进度只影响预测 (1.074458ms)
✔ 已发布后来源工作身份变化，不把旧映射预算套到新单据 (26.257292ms)
✔ 配置页面保存映射到本地，空天数发布被阻断，填写预算后实际发布当前来源任务 (17.056375ms)
✔ 查生产入口只在合法系统路由显示，并在打印与 PDA 路由隐藏 (0.616917ms)
✔ 相似前缀和相似打印段不会被当成合法路由 (0.237625ms)
(node:4497) ExperimentalWarning: localStorage is not available because --localstorage-file was not provided.
(Use `node --trace-warnings ...` to show where the warning was created)
✔ PERF-001: runtime snapshot and all nine subsets preserve every production order value and caller isolation (29.391833ms)
✔ PERF-001: a subset read does not traverse or clone unrelated snapshot sections (0.233375ms)
✔ PERF-001: paper pattern binding strips and nested craft arrays remain isolated after mutation (0.340084ms)
✔ PERF-001: replacing or updating the bound snapshot is visible immediately without a stale cache (0.155417ms)
✔ PERF-001: missing production order keeps null and empty-list contracts (0.067583ms)
(node:4498) ExperimentalWarning: localStorage is not available because --localstorage-file was not provided.
(Use `node --trace-warnings ...` to show where the warning was created)
✔ VERIFY-003: scoped reads preserve pending/voided sources and defensive copies (8.246166ms)
✔ VERIFY-003: metadata lookup reflects registry changes and returns independent locations (5.59425ms)
✔ 备份恢复不能借原票编号伪造另一种面料的交出回执 (1.7675ms)
✔ 部位票缓存感知已提交事件版本，重复读取同一版本不失效 (0.36975ms)
✔ 按名称排朴，空名拒绝，同名不同编码/颜色保留独立身份 (0.550625ms)
✔ 初始每面料一张，重复分配幂等；新增与补打不混淆 (0.644667ms)
✔ 改派未交票失效，已交历史不抹除，新范围递增序号 (0.4855ms)
✔ 部分出纸仅确认勾选票；重复确认不增加次数，内容变化拒绝 (0.116625ms)
✔ 整个批次多袋并集检查，非本次袋不可借用，顺序无关 (0.337959ms)
✔ 同任务同工厂历史可满足；不同任务或换厂必须另交 (0.488ms)
✔ 三方自行裁剪排除，资料缺失与无需面料分开判断 (0.198375ms)
✔ 混装按类型和单位分项，换片布不能拆成非5 Yard (0.525583ms)
✔ 局域网 HTTP 的摘要与原生 SHA-256 相同，既有票号不变化 (11.7135ms)
(node:4509) ExperimentalWarning: localStorage is not available because --localstorage-file was not provided.
(Use `node --trace-warnings ...` to show where the warning was created)
✔ 混装打印保留裁片矩阵，捆条和换片布独立附页，不合并单位 (3.464209ms)
✔ 纯换片布袋可生成货物标识，不制造尺码和部位 (0.315625ms)
✔ 混装标签拒绝换片布错误长度、作废票和混生产单 (0.557334ms)
(node:4510) ExperimentalWarning: localStorage is not available because --localstorage-file was not provided.
(Use `node --trace-warnings ...` to show where the warning was created)
✔ 分配 SKU 的需料不同；多尺码共料去重，名称含朴排除 (13.091875ms)
✔ 完整但全是朴为空集合；缺颜色映射或空名称属于资料错误 (0.451833ms)
✔ 同名不同编码面料不混并；BOM 身份歧义阻断 (0.196042ms)
✔ 交出回执从快照保留三种明细，Yard 与米不进入裁片数量 (0.666458ms)
✔ 回执任务读取保持数组身份；只在事实变更后重新投影 (0.231125ms)
✔ 款式需料读取的配置查询只返回独立副本，不能污染下次来源读取 (0.329208ms)
✔ 来源读取失败时不能把不可用哨兵值当作稳定分配继续保存 (0.333958ms)
✔ 并发调用复用同一个模块加载 Promise，成功后继续复用结果 (0.744916ms)
✔ 模块加载失败后清空缓存，下一次调用可以重试 (0.253458ms)
✔ 独立打印外壳只命中完整生产确认单打印路由 (1.433709ms)
✔ 既有固定打印路由仍使用独立打印外壳 (0.214542ms)
✔ technical version reads do not write when storage is full (first visit) (311.101958ms)
✔ technical version reads do not write when storage is full (saved data) (272.802125ms)
✔ 五类页面共享采购到交出的串联 Mock，重复初始化不重置执行事实 (333.417833ms)
✔ 补齐串联 Mock 时压缩历史大签名，避免浏览器存储接近上限导致页面路由失败 (406.54475ms)
✔ 三个中央工厂在组织目录与执行工厂中身份一致且仅出现一次 (0.491ms)
✔ 花边角色与采购映射归属TMF但供应方仍保留独立身份 (0.072041ms)
✔ 橡筋定长切割仍归SPF，不成为TMF织带截断任务 (0.085125ms)
✔ 旧浏览器组织记录迁移后不与权威TMF并存且保留已有联系人 (2.417291ms)
(node:4524) ExperimentalWarning: localStorage is not available because --localstorage-file was not provided.
(Use `node --trace-warnings ...` to show where the warning was created)
✔ 连续织带实际650米交出→648+2实收→染色可用650，仓库和用料保持米制且无公斤换算 (9.357334ms)
✔ 连续长度口径不可用于纱线/码制，普通辅料仍要求实际称重 (0.55775ms)
✔ 原生连续辅料染色650→640：实际工厂实收及用料驱动加工，使用对象对应蓝色织带参考图 (728.948042ms)
(node:4530) ExperimentalWarning: localStorage is not available because --localstorage-file was not provided.
(Use `node --trace-warnings ...` to show where the warning was created)
✔ 织带与绳子参考档案接入实际物料库，保留图片来源和未确认尺寸，不替换橡筋 (38.667625ms)
✔ 同分钟新建不同幅宽织带和绳径主档不共用SPU身份，SKU保持各自父档归属 (181.273667ms)
✔ TMF半成品SKU按SPU→潘通色号→颜色→花型生成，长度和端头不进入SKU (0.172333ms)
(node:4531) ExperimentalWarning: localStorage is not available because --localstorage-file was not provided.
(Use `node --trace-warnings ...` to show where the warning was created)
✔ TMF发布采用链：技术包发布门禁→审核发布→启用→生产单采用→生成织带加工需求 (2227.802333ms)
✔ TMF发布门禁：含织带截断工序但规格未补齐的采用版本不能发布 (61.508834ms)
✔ 正式生产路线只关联相邻同BOM同SKU的染色→印花，不生成数量或修改来源 (0.914459ms)
✔ 跨单/版本/工序/用途/SKU/单位、缺工厂与已有其他接收单都不能接续 (0.256625ms)
✔ 印花连续辅料仅接同版本同BOM的直接截断节点，不修改SKU和数量 (0.649625ms)
✔ 染色来源已绑定印花时拒绝直接截断，不读取不存在的顶层字段 (0.346792ms)
✔ TMF V1 原型范围、工厂身份和现场默认参数已冻结 (0.718583ms)
✔ TMF 风险动作默认要求主管与二次确认，采购行身份不可丢失 (0.062084ms)
{"scenario":"N02","scope":"业务动作主链含纱线重量账；含端头辅材采购实收；不含PCS发布采用页面、纱线采购上游","purchaseReceived":1300,"productionReceived":1000,"warehouseContinuousM":30,"netCutM":1260,"lossM":10,"headUnit":"个","headReceived":2020,"headRemaining":15}
{"scenario":"N03","scope":"业务动作主链含纱线重量账；含端头辅材采购实收；不含PCS发布采用页面、纱线采购上游","purchaseReceived":60,"productionReceived":100,"warehouseContinuousM":9,"netCutM":50,"lossM":1,"headUnit":"个","headReceived":202,"headRemaining":1}
{"scenario":"N04","scope":"业务动作主链含纱线重量账；含端头辅材采购实收；不含PCS发布采用页面、纱线采购上游","purchaseReceived":100,"productionReceived":50,"warehouseContinuousM":34,"netCutM":65,"lossM":1,"headUnit":"kg","headReceived":0.2,"headRemaining":0.04}
{"scenario":"B06","scope":"规范数量动作链；塑料头从仓库实收事实开始，补购基础生产未虚构纱线配方；不代表全部页面验收","continuous":9,"productionReceived":1000,"scrapped":100,"scrappedMeters":120,"loss":11,"metalRemaining":15,"plasticRemaining":2}
{"scenario":"N05","mergedBatch":"FULL-N05-MERGED","purchaseReceivedM":120,"mergedIssuedM":102,"mergedProducedPieces":200,"productionReceivedByOrder":[100,100],"warehouseContinuousM":19,"lossM":1,"returnedM":1}
{"scenario":"B17","mergedBatch":"FULL-B17-MERGED","purchaseReceivedM":120,"mergedIssuedM":102,"mergedProducedPieces":200,"productionReceivedByOrder":[100,100],"warehouseContinuousM":19,"lossM":1,"returnedM":1}
{"scenario":"N01","rawReceivedKg":12,"consumedKg":10,"returnedKg":1,"factoryRemainingKg":1,"semiFinishedReceivedM":1000}
{"scenario":"N02","rawReceivedKg":12,"consumedKg":10,"returnedKg":1,"factoryRemainingKg":1,"semiFinishedReceivedM":1300}
{"scenario":"N03","rawReceivedKg":12,"consumedKg":10,"returnedKg":1,"factoryRemainingKg":1,"semiFinishedReceivedM":60}
{"scenario":"N04","rawReceivedKg":12,"consumedKg":10,"returnedKg":1,"factoryRemainingKg":1,"semiFinishedReceivedM":100}
{"scenario":"N05","rawReceivedKg":12,"consumedKg":10,"returnedKg":1,"factoryRemainingKg":1,"semiFinishedReceivedM":120}
{"scenario":"PRINTBACK-source-fixture","nativePrint":{"inputM":650,"outputM":630,"lossM":20,"outputImage":"MISSING_BLOCKED"},"sourceDispatched":630,"actualReceived":630,"cutMeters":620,"lossMeters":2,"returnedMeters":8,"baseLeftMeters":350,"scope":"原生印花650→630已独立重放；下游630米交出仍为专项夹具，不替代缺图正式交出或N01完整上游"}
{"scenario":"B09-downstream-recovery","basePhysicalM":350,"otherReservedM":350,"baseAvailableM":0,"processedReturnM":8,"productionPieces":[400,600],"scope":"含实际占用失败、释放、发料及印花回料后全链；原生印染20米损耗未执行，不是完整B09通过"}
{"scenario":"B05-cut-recovery","received":[400,600],"frozenPieces":10,"frozenLengthMm":500,"continuous":2.5,"cutLoss":2.5,"upstreamScope":"印花630米已交出为外部专项夹具，不冒充原生印染20米损耗或全N01"}
(node:4558) ExperimentalWarning: localStorage is not available because --localstorage-file was not provided.
(Use `node --trace-warnings ...` to show where the warning was created)
✔ N01～N05：通过现有 PMS 入口下达，每条采购链从零执行到仓库实收；交出不提前增加库存 (48.737125ms)
✔ 半成品加工没有原料实收和足量耗用时禁止产出，补齐同一原料链后才能填报 (4.78625ms)
✔ MOCK-007：规范场景使用同一采购行、基础单和生产需求身份，不复制孤立页面 Mock (4.500708ms)
✔ MOCK-009：重置只重载隔离的运行态，不清除用户浏览器数据 (0.351042ms)
✔ B01/B03：短收保留在途和采购缺口；重复扫描、生成和刷新不双记 (0.830625ms)
✔ B02/B04：多收、错 SKU、错仓和无权限动作不改变任意下游数量；恢复后正常收齐 (1.796417ms)
✔ OVR-001～003：超产与超收须主管二次确认，计划不扩、幂等且下游一致 (2.815ms)
✔ MASTER-001～003/005：采购与端头采购映射原型内建主档，缺失阻断且身份稳定 (9.197834ms)
✔ MASTER-004：映射前历史记录保留原快照与未映射标记，不批量改写 (0.286ms)
✔ TERM-001～005：取消后终止处置台逐项决定，未处置不得结案且数量对账守恒 (10.400959ms)
✔ 终止连续余料：实物余量只扣一次报废，拒绝超量且剩余数量可继续处置 (6.490666ms)
✔ GAP-TERM-004：上游未收与生产在途分别确认去向，不可重复登记 (0.793042ms)
✔ DYE-001～003：染色直交织带厂按实际交出分配实收，追溯原染色单且不重复扣料 (723.595ms)
✔ 采购追加：未开始同步计划，已执行保留原计划和实物并处理变更 (5.889625ms)
✔ B21：保存失败不报成功、不留部分库存；成功后刷新读取同一采购和收货事实 (1.490292ms)
✔ 采购→两种规格截断→拆包回仓→分配发料→生产实收：短收保留缺口，库存及采购不双记 (34.249542ms)
✔ B09：其他需求占用400米时不能再占650；释放50后恢复，错误发料不改变库存 (7.372916ms)
✔ 需求来源：同尺码不同成衣SKU分别保留，BOM适用范围生效，错误快照和重复工序阻断 (0.710125ms)
✔ 待打头条料不计合格产出；超公差实物记不良且照实扣下料当量，未实收不可截断 (51.267834ms)
✔ N04：采购100米→单端硅胶按kg实耗→回仓发料→生产实收50根，连续料剩34米 (61.3025ms)
✔ B15：截断后取消保留1000根在制和1260米当量，释放未发占用并只退连续余料 (39.144583ms)
✔ 已回仓部分发料后取消：释放未发分配，冻结实存，已发在途保留且实收不恢复需求 (27.066167ms)
✔ N02规范数值：采购→实际加工→生产实收及米料/辅材退仓整链 (146.581833ms)
✔ N03规范数值：采购→实际加工→生产实收及米料/辅材退仓整链 (98.181042ms)
✔ N04规范数值：采购→实际加工→生产实收及米料/辅材退仓整链 (148.686875ms)
✔ B06规范恢复：误装100根报废→补购100米并补做→生产实收1000根，三套实物账守恒 (194.506042ms)
✔ N05合并批：120米采购→102米合并投入→两生产单各实收100，B17独立副本拆100为40+60 (176.99275ms)
✔ B17合并批：120米采购→102米合并投入→两生产单各实收100，B17独立副本拆100为40+60 (113.125ms)
✔ N01～N05基础原料重量账：源仓实收→发出→工厂实收→耗用/余料→原仓实收，与米制产出独立 (229.211292ms)
✔ 主生产单暂停/取消直接限制织带执行，已发实收保留且取消处置释放未发占用 (64.340375ms)
✔ 冷启动及旧标签页均读取已保存主单限制，损坏来源不默许执行 (0.259917ms)
✔ 印花交出按两种长度分配，原单分次实收唯一记账，随后截断/回仓/领料守恒 (342.559041ms)
✔ 主单离页保存保留其他页取消及新增单，同单并发编辑和存储失败不覆盖 (2.043167ms)
✔ 技术包换版后旧规格冻结，已交出的仓库及生产在途可实收且不改旧长度 (61.38075ms)
✔ 未发料换版释放旧占用，新需求从备料至生产实收，旧预览和已执行重算阻断 (93.189458ms)
✔ 已加工换版：旧200条冻结并释放未发分配，新550/700mm需求实收1000条，旧预览失效且库存守恒 (119.315709ms)
✔ B05实际410/590错配：短条余量冻结，连续余料8米补10条700mm至两规格生产实收 (201.834292ms)
✔ 加工计划时间独立保存：明确时区、并发版本阻断、实际节点不倒推开完工且库存不变 (27.98925ms)
✔ 加工单费用按技术包需求计价：单位、币种和版本可追溯，库存与实收不被费用动作改变 (19.771667ms)
✔ 织带加工单没有接单或开工门禁，投入实收后可直接加工填报 (52.057084ms)
✔ B23未执行采购1000减900：版本留痕、旧预览阻断、重新确认接受后900实际生产实收 (52.018375ms)
✔ B24实收1000退100：仓库交出与TMF分次实收独立，原收保留且净900后减量 (86.423542ms)
✔ 采购取消门禁：无执行事实可取消，已收货或已生产必须先处置不能直接结案 (48.066542ms)
✔ PMS采购实际仓库实收与原料库存一次保存；分批、刷新、原料使用和退回均不重复履约 (656.468625ms)
✔ 历史手工到货及不支持的单位不能直接变成投入料可用库存 (0.6075ms)
✔ 首次实收前供应商确认与关闭可刷新恢复，保存失败和损坏存储不会覆盖状态 (1.084625ms)
✔ N01采用路线按染色→印花关联原单，多尺码不重复列工序，不修改印染数量 (5.338041ms)
✔ 旧版本、错误SKU、码制单位、取消或变更待处理均不作为有效关联 (0.300958ms)
✔ 同号不同生产单或BOM不得关联，重复来源不静默选择，混合快照阻断 (0.84ms)
✔ 编辑器按尺码保留规格，截断打头不新建SKU，重复保存沿用节点身份 (34.674ms)
✔ 无印染要求时 TMF 路线只生成截断节点，不凭空生成染色或印花节点 (0.622917ms)
✔ 前序印染产出SKU作为截断投入；保留独立橡筋工艺，移除打头后下游连接截断 (0.997459ms)
✔ 未明确打头、错误辅料BOM、无半成品和不合法前序不能生成可执行路线 (0.400458ms)
(node:4579) ExperimentalWarning: localStorage is not available because --localstorage-file was not provided.
(Use `node --trace-warnings ...` to show where the warning was created)
✔ N01：400 条 50CM 和 600 条 70CM 分行计算，共 620 米；未增加 SKU (1.333625ms)
✔ 缺少尺码数量、非整数条数、公差或测量条件时不猜测需求 (0.317333ms)
✔ B07：未选择打头、缺少端头方式或辅材不能确认；支持两端不同端头 (0.220125ms)
✔ N04/B08：硅胶按重量且必须有覆盖长度，不作为独立金属头计数 (0.099667ms)
✔ B18：打头只能承接对应截断条料，不能换 SKU、换长度或重新领连续料 (0.548834ms)
✔ N05：规格相同可以合并，但尺码、用途和需求身份不靠物理规格键代替 (0.337083ms)
✔ B14：修改后续版本端头要求不能污染生产单历史快照 (0.692709ms)
✔ 发布门禁：含织带截断工序的技术包必须规格完整且规格仍关联当前 BOM (0.208083ms)
ℹ tests 479
ℹ suites 0
ℹ pass 479
ℹ fail 0
ℹ cancelled 0
ℹ skipped 0
ℹ todo 0
ℹ duration_ms 13280.869583
vite v6.4.3 building for production...
transforming...
✓ 2708 modules transformed.
rendering chunks...
[plugin vite:reporter] 
(!) /private/tmp/higoods-replacement-fabric-release-20260925/src/data/app-shell-config.ts is dynamically imported by /private/tmp/higoods-replacement-fabric-release-20260925/src/router/routes.ts but also statically imported by /private/tmp/higoods-replacement-fabric-release-20260925/src/components/shell.ts, /private/tmp/higoods-replacement-fabric-release-20260925/src/state/store.ts, dynamic import will not move module into another chunk.

[plugin vite:reporter] 
(!) /private/tmp/higoods-replacement-fabric-release-20260925/src/components/production-object-floating-entry.ts is dynamically imported by /private/tmp/higoods-replacement-fabric-release-20260925/src/main.ts but also statically imported by /private/tmp/higoods-replacement-fabric-release-20260925/src/components/shell.ts, dynamic import will not move module into another chunk.

[plugin vite:reporter] 
(!) /private/tmp/higoods-replacement-fabric-release-20260925/src/data/fcs/printing-task-domain.ts is dynamically imported by /private/tmp/higoods-replacement-fabric-release-20260925/src/data/fcs/dyeing-task-domain.ts, /private/tmp/higoods-replacement-fabric-release-20260925/src/data/fcs/tmf-upstream-process-orders.ts, /private/tmp/higoods-replacement-fabric-release-20260925/src/data/pms/tmf-material-purchases.ts, /private/tmp/higoods-replacement-fabric-release-20260925/src/pages/process-factory/accessory/webbing/work-order-detail.ts, /private/tmp/higoods-replacement-fabric-release-20260925/src/pages/process-factory/accessory/webbing/work-order-detail.ts but also statically imported by /private/tmp/higoods-replacement-fabric-release-20260925/src/data/fcs/cutting/material-prep.ts, /private/tmp/higoods-replacement-fabric-release-20260925/src/data/fcs/cutting/supplement-node-facts.ts, /private/tmp/higoods-replacement-fabric-release-20260925/src/data/fcs/design-revision-material-transfer.ts, /private/tmp/higoods-replacement-fabric-release-20260925/src/data/fcs/design-revision-process-work-order-adapter.ts, /private/tmp/higoods-replacement-fabric-release-20260925/src/data/fcs/factory-receiving-links.ts, /private/tmp/higoods-replacement-fabric-release-20260925/src/data/fcs/factory-receiving-source-sync.ts, /private/tmp/higoods-replacement-fabric-release-20260925/src/data/fcs/mobile-execution-task-index.ts, /private/tmp/higoods-replacement-fabric-release-20260925/src/data/fcs/pda-start-link.ts, /private/tmp/higoods-replacement-fabric-release-20260925/src/data/fcs/printing-factory-demos.ts, /private/tmp/higoods-replacement-fabric-release-20260925/src/data/fcs/printing-material-receipts.ts, /private/tmp/higoods-replacement-fabric-release-20260925/src/data/fcs/printing-statistics.ts, /private/tmp/higoods-replacement-fabric-release-20260925/src/data/fcs/printing-warehouse-view.ts, /private/tmp/higoods-replacement-fabric-release-20260925/src/data/fcs/printing-work-order-business.ts, /private/tmp/higoods-replacement-fabric-release-20260925/src/data/fcs/process-action-writeback-service.ts, /private/tmp/higoods-replacement-fabric-release-20260925/src/data/fcs/process-execution-writeback.ts, /private/tmp/higoods-replacement-fabric-release-20260925/src/data/fcs/process-mobile-task-binding.ts, /private/tmp/higoods-replacement-fabric-release-20260925/src/data/fcs/process-warehouse-linkage-service.ts, /private/tmp/higoods-replacement-fabric-release-20260925/src/data/fcs/process-web-status-actions.ts, /private/tmp/higoods-replacement-fabric-release-20260925/src/data/fcs/process-work-order-domain.ts, /private/tmp/higoods-replacement-fabric-release-20260925/src/data/fcs/process-work-order-generation-service.ts, /private/tmp/higoods-replacement-fabric-release-20260925/src/data/fcs/production-demand-early-process-work-orders.ts, /private/tmp/higoods-replacement-fabric-release-20260925/src/data/fcs/production-object-overview.ts, /private/tmp/higoods-replacement-fabric-release-20260925/src/data/fcs/production-process-work-order-service.ts, /private/tmp/higoods-replacement-fabric-release-20260925/src/data/fcs/task-print-cards.ts, /private/tmp/higoods-replacement-fabric-release-20260925/src/pages/pcs-independent-sampling.ts, /private/tmp/higoods-replacement-fabric-release-20260925/src/pages/pda-exec-detail.ts, /private/tmp/higoods-replacement-fabric-release-20260925/src/pages/pda-exec.ts, /private/tmp/higoods-replacement-fabric-release-20260925/src/pages/pda-task-receive.ts, /private/tmp/higoods-replacement-fabric-release-20260925/src/pages/print/templates/printing-work-order-template.ts, /private/tmp/higoods-replacement-fabric-release-20260925/src/pages/process-factory/cutting/production-order-overview-projection.ts, /private/tmp/higoods-replacement-fabric-release-20260925/src/pages/process-factory/dyeing/pending-receipts.ts, /private/tmp/higoods-replacement-fabric-release-20260925/src/pages/process-factory/printing/dashboards.ts, /private/tmp/higoods-replacement-fabric-release-20260925/src/pages/process-factory/printing/dialogs.ts, /private/tmp/higoods-replacement-fabric-release-20260925/src/pages/process-factory/printing/dispatch.ts, /private/tmp/higoods-replacement-fabric-release-20260925/src/pages/process-factory/printing/events.ts, /private/tmp/higoods-replacement-fabric-release-20260925/src/pages/process-factory/printing/presentation.ts, /private/tmp/higoods-replacement-fabric-release-20260925/src/pages/process-factory/printing/shared.ts, /private/tmp/higoods-replacement-fabric-release-20260925/src/pages/process-factory/printing/statistics.ts, /private/tmp/higoods-replacement-fabric-release-20260925/src/pages/process-factory/printing/work-order-detail.ts, /private/tmp/higoods-replacement-fabric-release-20260925/src/pages/process-print-orders.ts, /private/tmp/higoods-replacement-fabric-release-20260925/src/pages/process-work-orders/early-process-management.ts, /private/tmp/higoods-replacement-fabric-release-20260925/src/runtime/fcs/cutting/pickup-management-runtime.ts, dynamic import will not move module into another chunk.

computing gzip size...
dist/index.html                                                           1.25 kB │ gzip:   0.63 kB
dist/assets/pcs-pattern-parse.worker-B3_rAVMB.js                         18.52 kB
dist/assets/source-views-23Nr_RHD.css                                    34.63 kB │ gzip:   7.04 kB
dist/assets/index-DkHkpfSK.css                                          154.85 kB │ gzip:  25.42 kB
dist/assets/store-domain-quality-bootstrap-DAmaVcug.js                    0.38 kB │ gzip:   0.25 kB
dist/assets/sample-warehouse-projection-BBDQQWvm.js                       0.39 kB │ gzip:   0.25 kB
dist/assets/dialogs-Z8X-Ex4e.js                                           0.58 kB │ gzip:   0.31 kB
dist/assets/pcs-style-demo-image-GDjoPqJf.js                              0.59 kB │ gzip:   0.28 kB
dist/assets/tech-pack-D7rhQmJv.js                                         0.63 kB │ gzip:   0.34 kB
dist/assets/badge-CTqOhP_Y.js                                             0.78 kB │ gzip:   0.42 kB
dist/assets/images-Q79qfJD0.js                                            0.80 kB │ gzip:   0.35 kB
dist/assets/pms-export-D3fCtnjt.js                                        0.83 kB │ gzip:   0.50 kB
dist/assets/placeholder-DL4cA2ew.js                                       0.85 kB │ gzip:   0.47 kB
dist/assets/pda-cutting-save-By_swX5s.js                                  0.88 kB │ gzip:   0.59 kB
dist/assets/trace-C6xxM46Y.js                                             0.89 kB │ gzip:   0.51 kB
dist/assets/execution-prep-projection-helpers-mP2ZshFU.js                 0.90 kB │ gzip:   0.44 kB
dist/assets/runtime-DY769RIr.js                                           0.90 kB │ gzip:   0.61 kB
dist/assets/history-CR69qetW.js                                           0.98 kB │ gzip:   0.63 kB
dist/assets/payment-sync-DHNhH054.js                                      1.01 kB │ gzip:   0.64 kB
dist/assets/print-service-Chq61wbl.js                                     1.04 kB │ gzip:   0.52 kB
dist/assets/pda-sewing-self-return-mode-CVT5AEl1.js                       1.07 kB │ gzip:   0.54 kB
dist/assets/detail.adapter-Cs_aPA2Y.js                                    1.08 kB │ gzip:   0.68 kB
dist/assets/process-work-order-generation-service-DUYuGS59.js             1.08 kB │ gzip:   0.66 kB
dist/assets/dyeing-material-receipts-CAlSZe0Q.js                          1.11 kB │ gzip:   0.73 kB
dist/assets/dialogs-7qFPY_g8.js                                           1.12 kB │ gzip:   0.51 kB
dist/assets/pda-runtime-BUlFPtF6.js                                       1.16 kB │ gzip:   0.64 kB
dist/assets/replacement-fabric-scan-DzAnqqsy.js                           1.28 kB │ gzip:   0.81 kB
dist/assets/overview-j4m2_RGJ.js                                          1.29 kB │ gzip:   0.71 kB
dist/assets/process-work-order-source-view-DsyLkqOp.js                    1.31 kB │ gzip:   0.58 kB
dist/assets/transfer-bag-handover-mock-44YIlXu_.js                        1.31 kB │ gzip:   0.71 kB
dist/assets/work-order-action-policy-BITV8wZU.js                          1.34 kB │ gzip:   0.68 kB
dist/assets/filter-bar-Cu_XeHYq.js                                        1.49 kB │ gzip:   0.81 kB
dist/assets/material-identity-BXTsmvvx.js                                 1.54 kB │ gzip:   0.85 kB
dist/assets/supplement-material-prep-demand-registry-DI-N3DvB.js          1.56 kB │ gzip:   0.75 kB
dist/assets/warehouse-shared-DNrcMNpR.js                                  1.57 kB │ gzip:   0.51 kB
dist/assets/pda-cutting-wait-handover-actions-2YHW4uOG.js                 1.58 kB │ gzip:   0.62 kB
dist/assets/task-handover-domain-ChXjFaYm.js                              1.58 kB │ gzip:   0.77 kB
dist/assets/work-order-detail-IskZfZQ8.js                                 1.70 kB │ gzip:   0.78 kB
dist/assets/task-chain-pages-adapter-xVR7sBB9.js                          1.72 kB │ gzip:   0.84 kB
dist/assets/real-qr-Cl0NSjBe.js                                           1.74 kB │ gzip:   0.93 kB
dist/assets/production-contract-print-C-xv_Sxm.js                         1.77 kB │ gzip:   1.06 kB
dist/assets/real-barcode-BZcXfQbp.js                                      1.81 kB │ gzip:   0.96 kB
dist/assets/wool-pda-scan-BnVZKode.js                                     1.81 kB │ gzip:   1.00 kB
dist/assets/tmf-upstream-receiving-BqquXjti.js                            1.84 kB │ gzip:   1.14 kB
dist/assets/toast-d_PZN_7u.js                                             1.87 kB │ gzip:   0.90 kB
dist/assets/mixed-transfer-bag-ticket-DETTPWFm.js                         1.89 kB │ gzip:   0.79 kB
dist/assets/kol-goto-fixed-total-ledger-CHI21nvT.js                       1.93 kB │ gzip:   0.92 kB
dist/assets/list-export-C5dBSzLx.js                                       1.99 kB │ gzip:   1.18 kB
dist/assets/printing-sheet-preview-DgS60UlT.js                            2.03 kB │ gzip:   1.06 kB
dist/assets/table--3X0Bpwu.js                                             2.04 kB │ gzip:   1.02 kB
dist/assets/binding-process-pda-scan-D529tkKy.js                          2.18 kB │ gzip:   1.13 kB
dist/assets/special-craft-pda-scope-Bf5I1lVF.js                           2.24 kB │ gzip:   1.02 kB
dist/assets/mixed-bag-contents-BV_C0wbd.js                                2.33 kB │ gzip:   1.29 kB
dist/assets/pda-cutting-simple-cut-piece-handover-CFRGYBa6.js             2.41 kB │ gzip:   1.22 kB
dist/assets/helpers-BFKa6pUf.js                                           2.42 kB │ gzip:   1.21 kB
dist/assets/tmf-work-order-view-DyHv0i2Y.js                               2.56 kB │ gzip:   1.18 kB
dist/assets/pms-excel-import-DnMCWv6B.js                                  2.66 kB │ gzip:   1.32 kB
dist/assets/shared-bq_rnOGO.js                                            2.70 kB │ gzip:   1.02 kB
dist/assets/process-order-list-presentation-Cj062bXT.js                   2.71 kB │ gzip:   1.26 kB
dist/assets/marker-plan-projection-Bi4CM8Lq.js                            2.77 kB │ gzip:   1.18 kB
dist/assets/post-finishing-spu-technical-parameters-DunnFqD2.js           2.79 kB │ gzip:   1.28 kB
dist/assets/authorization-code-B_r7oMkj.js                                2.91 kB │ gzip:   1.42 kB
dist/assets/process-order-task-relations-C1iHazCD.js                      2.97 kB │ gzip:   1.29 kB
dist/assets/production-order-identity-hcj0z8G3.js                         3.00 kB │ gzip:   1.24 kB
dist/assets/product-skus-CEt6Fukj.js                                      3.03 kB │ gzip:   0.96 kB
dist/assets/tabs-DsWxYkm0.js                                              3.09 kB │ gzip:   0.93 kB
dist/assets/progress-board-DJqF1HtD.js                                    3.09 kB │ gzip:   1.46 kB
dist/assets/pda-cutting-runtime-action-inputs-BkhG3kUx.js                 3.15 kB │ gzip:   1.09 kB
dist/assets/trade-subjects-B1U82DIE.js                                    3.16 kB │ gzip:   1.12 kB
dist/assets/tmf-upstream-process-orders-Dw-YjoJ6.js                       3.38 kB │ gzip:   1.61 kB
dist/assets/cutting-mainline-Bo4DVLra.js                                  3.41 kB │ gzip:   1.53 kB
dist/assets/confirmation-print-qL0AYKxV.js                                3.57 kB │ gzip:   1.48 kB
dist/assets/binding-process-warehouse-linkage-service-Yz31uLEa.js         3.63 kB │ gzip:   1.38 kB
dist/assets/fcs-route-links-CvuIdL4x.js                                   3.67 kB │ gzip:   1.21 kB
dist/assets/quality-chain-adapter-C6G1sX_h.js                             3.68 kB │ gzip:   1.66 kB
dist/assets/shared-BCso41is.js                                            3.73 kB │ gzip:   1.70 kB
dist/assets/task-route-card-BbZG4d-H.js                                   3.83 kB │ gzip:   1.63 kB
dist/assets/task-delivery-card-CysEp44O.js                                3.89 kB │ gzip:   1.71 kB
dist/assets/shared-DgL7eNWU.js                                            3.91 kB │ gzip:   1.64 kB
dist/assets/transfer-bag-repack-mock-Ca8CikN7.js                          3.95 kB │ gzip:   1.81 kB
dist/assets/sewing-outsourcing-demo-DUtb5f8m.js                           3.95 kB │ gzip:   1.58 kB
dist/assets/tipping-form-VCZ6iWXL.js                                      4.07 kB │ gzip:   2.02 kB
dist/assets/wls-page-handlers-B27-SJMb.js                                 4.09 kB │ gzip:   1.39 kB
dist/assets/dashboards-qt185Yn2.js                                        4.10 kB │ gzip:   2.02 kB
dist/assets/transit-simple-lists-kqtMOc_i.js                              4.14 kB │ gzip:   1.46 kB
dist/assets/pda-wool-warehouse-flows-pMBCR9G3.js                          4.41 kB │ gzip:   2.34 kB
dist/assets/sewing-outsourcing-responsibility-DJ137mvj.js                 4.42 kB │ gzip:   1.95 kB
dist/assets/supplement-order-registry-CHnc7juB.js                         4.49 kB │ gzip:   1.76 kB
dist/assets/tmf-process-print-preview-BMD9guQL.js                         4.50 kB │ gzip:   2.14 kB
dist/assets/preparation-material-receipt-sources-DHPQ4qm0.js              4.68 kB │ gzip:   1.95 kB
dist/assets/form-DjipsuRp.js                                              4.74 kB │ gzip:   1.40 kB
dist/assets/runtime-task-tenders-YGz6fHpq.js                              4.76 kB │ gzip:   1.94 kB
dist/assets/layout.helpers-Clzf55Jw.js                                    4.77 kB │ gzip:   1.73 kB
dist/assets/relations-DsFewG0L.js                                         4.77 kB │ gzip:   2.17 kB
dist/assets/transit-dashboard-zymTwaI3.js                                 4.85 kB │ gzip:   2.04 kB
dist/assets/routes-pda-DRKknHa8.js                                        4.93 kB │ gzip:   1.86 kB
dist/assets/result-list-BQ2MHJPq.js                                       4.94 kB │ gzip:   2.06 kB
dist/assets/routes-pcs-DOjTlIH4.js                                        4.99 kB │ gzip:   1.44 kB
dist/assets/store-domain-dispatch-process-DZ1zlXIW.js                     5.01 kB │ gzip:   1.95 kB
dist/assets/process-order-list-controller-BOmvJxWD.js                     5.07 kB │ gzip:   1.91 kB
dist/assets/process-work-order-quality-settlement-CjpBOy48.js             5.33 kB │ gzip:   2.20 kB
dist/assets/dispatch-task-sheet-BIjTOrNM.js                               5.56 kB │ gzip:   2.65 kB
dist/assets/process-order-three-axis-view-D6ErP8Ld.js                     5.76 kB │ gzip:   2.32 kB
dist/assets/production-contract-center-BIutLD4I.js                        5.81 kB │ gzip:   2.49 kB
dist/assets/transfer-bags-projection-DCaYyr_U.js                          5.91 kB │ gzip:   2.33 kB
dist/assets/pda-cutting-nav-context-rLGOFb4I.js                           5.95 kB │ gzip:   1.40 kB
dist/assets/pda-transfer-bag-detail-C5Bt2ChH.js                           6.11 kB │ gzip:   2.25 kB
dist/assets/fcs-pda-pickup-dispute-B-V_B-9_.js                            6.19 kB │ gzip:   2.19 kB
dist/assets/material-handover-CCExPUCC.js                                 6.25 kB │ gzip:   2.44 kB
dist/assets/fact-view-BmU_fMaF.js                                         6.29 kB │ gzip:   2.07 kB
dist/assets/warehouse-standard-C7RyrURx.js                                6.30 kB │ gzip:   2.10 kB
dist/assets/statistics-DvHHB83h.js                                        6.35 kB │ gzip:   1.91 kB
dist/assets/craft-actions-Cu7Hrmmd.js                                     6.42 kB │ gzip:   2.91 kB
dist/assets/pcs-project-technical-data-writeback-Nfe6DiC9.js              6.49 kB │ gzip:   2.52 kB
dist/assets/pda-notify-ByVG7ZKB.js                                        6.53 kB │ gzip:   2.39 kB
dist/assets/pcs-technical-data-tech-pack-list-CKLIKtl7.js                 6.55 kB │ gzip:   2.49 kB
dist/assets/factory-receiving-links-DiBUFNoD.js                           6.57 kB │ gzip:   2.63 kB
dist/assets/workbench-ZDPPKPM-.js                                         6.59 kB │ gzip:   2.67 kB
dist/assets/sewing-outsourcing-supplement-tracking-DtZrq3IC.js            6.63 kB │ gzip:   2.89 kB
dist/assets/shared-zmLF7M35.js                                            6.82 kB │ gzip:   2.52 kB
dist/assets/production-contract-master-template-CEu_Tk9_.js               6.85 kB │ gzip:   2.74 kB
dist/assets/pcs-testing-order-create-Ch5RwVwf.js                          6.89 kB │ gzip:   2.66 kB
dist/assets/cutting-event-repository-DPhG_yOn.js                          7.22 kB │ gzip:   3.25 kB
dist/assets/dye-work-order-times-w7U4XCtx.js                              7.22 kB │ gzip:   2.55 kB
dist/assets/pda-cutting-execution-unit-BvxhG2g2.js                        7.24 kB │ gzip:   2.72 kB
dist/assets/shared-BoZ_Nit_.js                                            7.26 kB │ gzip:   2.54 kB
dist/assets/replacement-fabric-preview-azSlSsUF.js                        7.30 kB │ gzip:   3.36 kB
dist/assets/overview.helpers-BP2F5Yu8.js                                  7.36 kB │ gzip:   2.88 kB
dist/assets/pda-notify-detail-CCPcl3aR.js                                 7.42 kB │ gzip:   2.35 kB
dist/assets/settlement-flow-boundaries-DbkSNas3.js                        7.43 kB │ gzip:   2.53 kB
dist/assets/pda-cutting-fei-ticket-numbering-B54sgeP0.js                  7.44 kB │ gzip:   2.47 kB
dist/assets/pda-warehouse-O1hVvzzA.js                                     7.52 kB │ gzip:   3.00 kB
dist/assets/transit-warehouse-CGN4xIMS.js                                 7.54 kB │ gzip:   2.13 kB
dist/assets/production-craft-dict-xFxcUepT.js                             7.55 kB │ gzip:   2.84 kB
dist/assets/sewing-outsourcing-return-tracking-ao1OwNCp.js                7.58 kB │ gzip:   2.84 kB
dist/assets/pcs-product-information-BZ140CRp.js                           7.58 kB │ gzip:   3.31 kB
dist/assets/workbench-4tm4O9t7.js                                         7.65 kB │ gzip:   3.14 kB
dist/assets/tmf-process-sheet-template-BD4Dkgpg.js                        7.69 kB │ gzip:   3.67 kB
dist/assets/supplement-node-facts-_lXbvb2N.js                             7.77 kB │ gzip:   2.85 kB
dist/assets/pcs-material-archive-detail-z0rR4g5m.js                       7.80 kB │ gzip:   2.75 kB
dist/assets/pcs-testing-order-list-BSWVodzv.js                            7.92 kB │ gzip:   3.05 kB
dist/assets/pda-cutting-transfer-bag-recovery-BzclJSSR.js                 8.03 kB │ gzip:   3.34 kB
dist/assets/production-contracts-oyKS593H.js                              8.06 kB │ gzip:   2.74 kB
dist/assets/progress-exception-lifecycle-BJx0gSBY.js                      8.09 kB │ gzip:   2.70 kB
dist/assets/routes-pms-C4X3CbiZ.js                                        8.30 kB │ gzip:   2.11 kB
dist/assets/pda-cutting-transfer-bag-scrap-CKlJvrjz.js                    8.41 kB │ gzip:   3.47 kB
dist/assets/milestone-configs-CmuZvrYL.js                                 8.42 kB │ gzip:   2.94 kB
dist/assets/statistics-BdUDlQCw.js                                        8.42 kB │ gzip:   3.65 kB
dist/assets/bom-templates-Br7_yp-y.js                                     8.47 kB │ gzip:   1.81 kB
dist/assets/pre-settlement-ledger-repository-CG79ql2n.js                  8.64 kB │ gzip:   2.95 kB
dist/assets/pcs-pattern-library-config-YH3CrHAv.js                        8.77 kB │ gzip:   2.39 kB
dist/assets/fei-ticket-numbering-3vS8Vd7_.js                              8.82 kB │ gzip:   3.08 kB
dist/assets/bom-templates-Bs4DJLR3.js                                     8.84 kB │ gzip:   3.68 kB
dist/assets/navigation-context-D4-2cpW8.js                                8.87 kB │ gzip:   2.46 kB
dist/assets/warehouses-DXIIcLc2.js                                        8.88 kB │ gzip:   2.11 kB
dist/assets/pda-cutting-shared-CMlfPHP8.js                                8.90 kB │ gzip:   2.74 kB
dist/assets/yarn-shipments-DYN7T2Cu.js                                    8.96 kB │ gzip:   4.06 kB
dist/assets/list-Ca_jn6oO.js                                              9.08 kB │ gzip:   3.04 kB
dist/assets/pda-execution-YOZsveuQ.js                                     9.28 kB │ gzip:   3.68 kB
dist/assets/handover-records-EUdm_Zq3.js                                  9.35 kB │ gzip:   3.56 kB
dist/assets/pda-login-BQC25e3Q.js                                         9.43 kB │ gzip:   3.63 kB
dist/assets/dye-work-order-online-domain-BBtnu6on.js                      9.53 kB │ gzip:   3.55 kB
dist/assets/sewing-pickup-slips-l5znXbbb.js                               9.56 kB │ gzip:   3.59 kB
dist/assets/production-receipts-9WGhnaky.js                               9.77 kB │ gzip:   3.94 kB
dist/assets/pending-receipts-Bef7cXwW.js                                  9.91 kB │ gzip:   4.10 kB
dist/assets/production-return-fulfillment-no_aCf7Y.js                    10.09 kB │ gzip:   3.86 kB
dist/assets/continuous-stock-D06dzIsw.js                                 10.10 kB │ gzip:   4.12 kB
dist/assets/purchase-suggestions-Duv_PHLl.js                             10.15 kB │ gzip:   3.10 kB
dist/assets/trade-subjects-B0ahUw88.js                                   10.23 kB │ gzip:   3.72 kB
dist/assets/settings-CSW3WrZA.js                                         10.69 kB │ gzip:   3.23 kB
dist/assets/product-skus-BFA6C4Yz.js                                     10.71 kB │ gzip:   4.13 kB
dist/assets/pms-handlers-CJl7xy49.js                                     10.76 kB │ gzip:   2.39 kB
dist/assets/transit-receipts-DEGOagqV.js                                 10.96 kB │ gzip:   4.02 kB
dist/assets/task-breakdown-Cb_4UoQV.js                                   11.05 kB │ gzip:   4.06 kB
dist/assets/presentation-xDp2ip1B.js                                     11.17 kB │ gzip:   4.59 kB
dist/assets/tasks-3Q95Lcry.js                                            11.30 kB │ gzip:   4.34 kB
dist/assets/material-transfers-DwkGCwFQ.js                               11.32 kB │ gzip:   3.93 kB
dist/assets/pda-exec-link-QYeul7un.js                                    11.32 kB │ gzip:   3.69 kB
dist/assets/material-prep-BghTfiPP.js                                    11.40 kB │ gzip:   2.68 kB
dist/assets/dyeing-warehouse-view-BtihyRhW.js                            11.46 kB │ gzip:   3.93 kB
dist/assets/warehouses-D9XayPuf.js                                       11.71 kB │ gzip:   4.22 kB
dist/assets/process-statistics-domain-C-arfrKm.js                        12.19 kB │ gzip:   3.97 kB
dist/assets/pickup-management-runtime-Btm_Rjf2.js                        12.20 kB │ gzip:   4.71 kB
dist/assets/task-execution-adapter-Cqmb7jeW.js                           12.22 kB │ gzip:   3.67 kB
dist/assets/bom-detail-3nOJTYXQ.js                                       12.33 kB │ gzip:   4.32 kB
dist/assets/wls-inbound-CFq4g3_L.js                                      12.37 kB │ gzip:   4.76 kB
dist/assets/returns-CJNebDnR.js                                          12.44 kB │ gzip:   4.60 kB
dist/assets/handover-print-w4xJxKfq.js                                   12.46 kB │ gzip:   4.49 kB
dist/assets/cut-piece-return-warehouse-UsjZBQgL.js                       12.47 kB │ gzip:   4.37 kB
dist/assets/pcs-handlers-14QXAHe8.js                                     12.69 kB │ gzip:   2.89 kB
dist/assets/context-DEVqtvOM.js                                          13.01 kB │ gzip:   4.59 kB
dist/assets/responsibility-transfers-Bg03Lln8.js                         13.07 kB │ gzip:   4.89 kB
dist/assets/handover-records-CJMZfgxJ.js                                 13.15 kB │ gzip:   4.14 kB
dist/assets/meta-Q4WBBo8v.js                                             13.16 kB │ gzip:   2.95 kB
dist/assets/tmf-base-demo-B9o__gk8.js                                    13.17 kB │ gzip:   4.74 kB
dist/assets/supplements-CD2BXRQP.js                                      13.18 kB │ gzip:   4.75 kB
dist/assets/wls-finished-inbound-VlkqA_gg.js                             13.21 kB │ gzip:   5.01 kB
dist/assets/design-revision-process-work-order-adapter-DPaVFoDl.js       13.27 kB │ gzip:   3.84 kB
dist/assets/pda-start-link-BQ7cdWSE.js                                   13.37 kB │ gzip:   4.73 kB
dist/assets/work-orders-BVoZ9dG9.js                                      13.88 kB │ gzip:   4.69 kB
dist/assets/work-orders-9MdmDzOu.js                                      13.99 kB │ gzip:   5.19 kB
dist/assets/workbench-BvbHvhdn.js                                        14.07 kB │ gzip:   4.06 kB
dist/assets/work-order-detail-hyeC5XRE.js                                14.17 kB │ gzip:   4.48 kB
dist/assets/mobile-execution-task-index-CNrYvLMn.js                      14.21 kB │ gzip:   3.79 kB
dist/assets/post-finishing-qc-print-template-BymAm7gi.js                 14.45 kB │ gzip:   4.45 kB
dist/assets/printing-sheet-template-CwWjOOYW.js                          14.51 kB │ gzip:   5.01 kB
dist/assets/work-orders-CeMsBq2E.js                                      14.72 kB │ gzip:   4.77 kB
dist/assets/reports-Bf7i51u7.js                                          14.79 kB │ gzip:   3.55 kB
dist/assets/full-flow-print-CwIFiOjj.js                                  14.93 kB │ gzip:   4.85 kB
dist/assets/progress-handover-order-BB2MV_vt.js                          15.10 kB │ gzip:   4.31 kB
dist/assets/cut-order-release-integration-BzIyLfRp.js                    15.30 kB │ gzip:   5.42 kB
dist/assets/outbound-orders-bXPPRzer.js                                  15.38 kB │ gzip:   4.94 kB
dist/assets/machines-C0NhxF_0.js                                         15.39 kB │ gzip:   5.04 kB
dist/assets/pda-cutting-task-detail-D2c8cHv9.js                          15.54 kB │ gzip:   5.39 kB
dist/assets/pcs-engineering-tech-pack-workspace-DjCv9Ac-.js              15.82 kB │ gzip:   5.66 kB
dist/assets/process-web-status-actions-D1wCpGa_.js                       15.97 kB │ gzip:   4.24 kB
dist/assets/cut-order-supplement-fixture-BDvzPh-f.js                     15.97 kB │ gzip:   4.83 kB
dist/assets/simple-cut-piece-handover-fixtures-BqPizowm.js               15.99 kB │ gzip:   5.31 kB
dist/assets/garment-spu-replacement-D2y16wzo.js                          16.01 kB │ gzip:   4.85 kB
dist/assets/progress-cutting-detail-CFzkmfh-.js                          16.03 kB │ gzip:   3.77 kB
dist/assets/pda-sewing-self-return-BOGrRa9R.js                           16.03 kB │ gzip:   5.29 kB
dist/assets/handover-ledger-view-DHtHVqKP.js                             16.17 kB │ gzip:   4.45 kB
dist/assets/wls-garment-relabel-tasks-WxZL3gD7.js                        16.24 kB │ gzip:   5.33 kB
dist/assets/pda-notify-due-soon-f-1-dTIv.js                              16.53 kB │ gzip:   5.53 kB
dist/assets/suppliers-CF8Vrskm.js                                        16.77 kB │ gzip:   4.64 kB
dist/assets/material-requirements-BTF_1Sj4.js                            16.81 kB │ gzip:   5.69 kB
dist/assets/events-DAdxzBF0.js                                           17.01 kB │ gzip:   6.67 kB
dist/assets/sewing-cut-piece-return-workflow-Ah_xJW9c.js                 17.18 kB │ gzip:   6.07 kB
dist/assets/production-confirmation-CsHWyj3S.js                          17.25 kB │ gzip:   5.89 kB
dist/assets/warehouse-Dho_2zuj.js                                        17.46 kB │ gzip:   5.42 kB
dist/assets/marker-spreading-projection-Gjn4re6W.js                      17.48 kB │ gzip:   5.53 kB
dist/assets/output-stock-CP3HEpBh.js                                     17.52 kB │ gzip:   6.60 kB
dist/assets/sewing-cut-piece-responsibility-DMRpPF6q.js                  17.53 kB │ gzip:   5.25 kB
dist/assets/bom-detail-DAsctlEy.js                                       17.76 kB │ gzip:   5.73 kB
dist/assets/process-mobile-task-binding-B_8FnGU0.js                      17.78 kB │ gzip:   6.19 kB
dist/assets/adjustments-DsFPtXMI.js                                      18.15 kB │ gzip:   5.48 kB
dist/assets/pcs-testing-order-detail-HVIDZibK.js                         18.17 kB │ gzip:   5.12 kB
dist/assets/pda-warehouse-inbound-records-dmcpTkDn.js                    18.19 kB │ gzip:   5.11 kB
dist/assets/purchase-demands-BzPhYhLe.js                                 18.29 kB │ gzip:   5.86 kB
dist/assets/pda-handlers-C0kjYcGJ.js                                     18.47 kB │ gzip:   4.93 kB
dist/assets/platform-process-result-view-CGGiFJLQ.js                     18.53 kB │ gzip:   5.32 kB
dist/assets/store-domain-statement-source-adapter-BRdd47qF.js            18.56 kB │ gzip:   5.31 kB
dist/assets/sewing-outsourcing-workbench-cDoId3HJ.js                     18.65 kB │ gzip:   6.46 kB
dist/assets/pda-warehouse-outbound-records--JGsvkOv.js                   18.69 kB │ gzip:   5.33 kB
dist/assets/print-preview-LBE4x5VU.js                                    18.73 kB │ gzip:   6.61 kB
dist/assets/task-orders-DsYoVbw3.js                                      18.73 kB │ gzip:   6.32 kB
dist/assets/pda-warehouse-shared-BQIvy8Jl.js                             18.74 kB │ gzip:   5.59 kB
dist/assets/process-water-soluble-orders-C1e1zN_2.js                     18.84 kB │ gzip:   5.74 kB
dist/assets/materials-BA_owAdW.js                                        18.93 kB │ gzip:   4.79 kB
dist/assets/production-demand-early-process-work-orders-GS3SuzCz.js      18.93 kB │ gzip:   5.65 kB
dist/assets/kol-goto-pda-domain-C4ZtKEzC.js                              19.20 kB │ gzip:   6.54 kB
dist/assets/platform.adapter-B8WtC2xK.js                                 19.25 kB │ gzip:   6.08 kB
dist/assets/shared-B9aUVk2E.js                                           19.47 kB │ gzip:   5.27 kB
dist/assets/product-purchase-orders-Cg5SKldL.js                          19.50 kB │ gzip:   5.76 kB
dist/assets/stage-display-BgkPBQ9a.js                                    19.65 kB │ gzip:   6.94 kB
dist/assets/audit-records-ApO04j6O.js                                    19.69 kB │ gzip:   6.36 kB
dist/assets/units-BI9X04s9.js                                            19.70 kB │ gzip:   5.89 kB
dist/assets/factory-sample-verification-flow-BNI_Ng8D.js                 19.86 kB │ gzip:   4.87 kB
dist/assets/index-CAkkeezq.js                                            20.17 kB │ gzip:   5.20 kB
dist/assets/material-purchase-tracking-P2eoCdZ5.js                       20.29 kB │ gzip:   6.34 kB
dist/assets/deduction-analysis-eI-qCcia.js                               20.60 kB │ gzip:   5.83 kB
dist/assets/overview.adapter-DThRAVNE.js                                 20.65 kB │ gzip:   6.53 kB
dist/assets/fei-ticket-numbering-B5M-wEfi.js                             20.65 kB │ gzip:   5.69 kB
dist/assets/events-C6VOpM8s.js                                           21.11 kB │ gzip:   6.52 kB
dist/assets/order-list-columns-Bx8m81lM.js                               21.12 kB │ gzip:   6.59 kB
dist/assets/work-order-detail-CzodBMyL.js                                21.22 kB │ gzip:   6.69 kB
dist/assets/suppliers-WWVuS95a.js                                        21.39 kB │ gzip:   6.82 kB
dist/assets/cut-piece-returns-y4nqwQ5H.js                                21.59 kB │ gzip:   6.49 kB
dist/assets/cut-piece-handover-D0Gzjsna.js                               21.79 kB │ gzip:   6.95 kB
dist/assets/tmf-domain-shared-fL8UUXJ2.js                                21.88 kB │ gzip:   8.26 kB
dist/assets/progress-cutting-overview-Cz2PNnM0.js                        22.06 kB │ gzip:   5.01 kB
dist/assets/material-issue-C0ddvkR0.js                                   22.07 kB │ gzip:   5.19 kB
dist/assets/tasks-BnLKj_zo.js                                            22.07 kB │ gzip:   6.99 kB
dist/assets/pms-purchase-orders-BDi1iFsK.js                              22.07 kB │ gzip:   6.46 kB
dist/assets/routes-wls-BhsufpGJ.js                                       22.24 kB │ gzip:   7.22 kB
dist/assets/qc-workbench-CiNzaZ87.js                                     22.36 kB │ gzip:   6.90 kB
dist/assets/warehouse-location-map-model-9OU9gNyQ.js                     22.52 kB │ gzip:   7.14 kB
dist/assets/recheck-orders-BKbEnltq.js                                   22.54 kB │ gzip:   7.08 kB
dist/assets/production-order-duration-DxAYhUKW.js                        22.54 kB │ gzip:   8.57 kB
dist/assets/subject-operations-DQWT7EAq.js                               22.58 kB │ gzip:   7.01 kB
dist/assets/material-statements-lNdz29E9.js                              22.75 kB │ gzip:   6.01 kB
dist/assets/progress-statistics-linkage-CwodlIW5.js                      22.82 kB │ gzip:   6.52 kB
dist/assets/purchase-suggestions-9ZCH_bSh.js                             23.22 kB │ gzip:   7.25 kB
dist/assets/pcs-engineering-master-view-model-DkGUwE2m.js                23.32 kB │ gzip:   7.74 kB
dist/assets/process-order-task-links-DzE4uWuU.js                         23.57 kB │ gzip:   6.43 kB
dist/assets/process-print-orders-Cvied6rh.js                             23.67 kB │ gzip:   7.75 kB
dist/assets/process-dye-orders-DPJW74WC.js                               23.85 kB │ gzip:   7.81 kB
dist/assets/dye-work-order-online-view-CRCFBqKr.js                       23.86 kB │ gzip:   8.11 kB
dist/assets/material-purchase-orders-ChlmgyFy.js                         24.20 kB │ gzip:   7.63 kB
dist/assets/qc-orders-BT0NeTL9.js                                        24.30 kB │ gzip:   7.59 kB
dist/assets/replacement-fabric-repository-BFBIORt8.js                    24.38 kB │ gzip:   9.20 kB
dist/assets/machine-associations-B_-HF4aF.js                             24.50 kB │ gzip:   7.27 kB
dist/assets/fcs-production-tech-pack-snapshot-DPD3jO-Q.js                24.62 kB │ gzip:   6.18 kB
dist/assets/retired-process-history-BgXjr5Vj.js                          24.79 kB │ gzip:   6.43 kB
dist/assets/replacement-fabric-fei-tickets-BXGY1_c6.js                   24.79 kB │ gzip:   9.29 kB
dist/assets/dialogs-Dh5_DolR.js                                          24.87 kB │ gzip:   6.15 kB
dist/assets/wls-fabric-demand-board-vDTCK4Wa.js                          25.09 kB │ gzip:   6.87 kB
dist/assets/material-preparation-CIjjNvMQ.js                             25.13 kB │ gzip:   8.76 kB
dist/assets/kol-demands-CJ8cPk0O.js                                      25.30 kB │ gzip:   7.35 kB
dist/assets/supplier-supply-archives-CtZyz-Pb.js                         25.59 kB │ gzip:   7.43 kB
dist/assets/pda-warehouse-wait-handover-CONKm72O.js                      25.65 kB │ gzip:   6.39 kB
dist/assets/sample-approval-suggestions-DoxkCxMm.js                      25.97 kB │ gzip:   7.99 kB
dist/assets/simple-cut-piece-handover-ui-BjpnUCjM.js                     26.27 kB │ gzip:   9.87 kB
dist/assets/progress-milestone-config-CNgAB7LA.js                        26.47 kB │ gzip:   5.66 kB
dist/assets/sample-warehouse-BDXls44V.js                                 26.72 kB │ gzip:   6.65 kB
dist/assets/marker-spreading-utils-B1bs9JZ-.js                           26.72 kB │ gzip:   7.83 kB
dist/assets/pcs-channel-products-DHVr-9LF.js                             26.73 kB │ gzip:   7.18 kB
dist/assets/warehouse-location-map-BZE0MTvH.js                           27.06 kB │ gzip:   7.08 kB
dist/assets/third-party-factory-rating-Dk2TFz6v.js                       27.07 kB │ gzip:   7.59 kB
dist/assets/pcs-pattern-library-detail-BHx3JEf2.js                       27.62 kB │ gzip:   6.58 kB
dist/assets/pda-wool-fact-execution-BvYxHGfb.js                          27.84 kB │ gzip:   9.27 kB
dist/assets/warehouse-DDaDsctG.js                                        28.13 kB │ gzip:   9.35 kB
dist/assets/pcs-engineering-master-list-Dsy8tVj3.js                      28.21 kB │ gzip:   9.82 kB
dist/assets/print-styles-BjQBw8jj.js                                     28.31 kB │ gzip:   4.01 kB
dist/assets/factory-status-B9bMEopW.js                                   28.43 kB │ gzip:   6.03 kB
dist/assets/pcs-engineering-master-detail-ObEGILNM.js                    28.55 kB │ gzip:   8.37 kB
dist/assets/marker-plan-source-model-lbNqfS1z.js                         28.86 kB │ gzip:   8.45 kB
dist/assets/logistics-reconciliations-D1iIwJWd.js                        28.93 kB │ gzip:   8.90 kB
dist/assets/progress-cutting-exception-center-C9akvw5c.js                29.12 kB │ gzip:   6.47 kB
dist/assets/material-reconciliations-C4MyISbc.js                         29.38 kB │ gzip:   8.90 kB
dist/assets/production-order-progress-tracking-DmgVWJrV.js               29.71 kB │ gzip:   9.93 kB
dist/assets/early-process-management-CzxUURHy.js                         30.06 kB │ gzip:   7.55 kB
dist/assets/handover-orders-Ds2i1ip7.js                                  30.69 kB │ gzip:   8.47 kB
dist/assets/pcs-config-workspace-Bel-1XfY.js                             30.79 kB │ gzip:   6.80 kB
dist/assets/capability-BlZ5rRrv.js                                       31.65 kB │ gzip:   6.70 kB
dist/assets/material-archives-BsLj5_Y-.js                                31.91 kB │ gzip:   7.92 kB
dist/assets/factory-performance-mUo1IVQK.js                              32.31 kB │ gzip:   6.75 kB
dist/assets/garment-spu-replacements-DSCJQgtI.js                         32.35 kB │ gzip:   9.09 kB
dist/assets/task-detail-CkpVEw0J.js                                      32.46 kB │ gzip:   9.60 kB
dist/assets/dialogs-CMFHFTit.js                                          32.55 kB │ gzip:   9.78 kB
dist/assets/pda-shell-DibBnh2p.js                                        32.95 kB │ gzip:   8.70 kB
dist/assets/cut-piece-return-domain-CIWU0fzZ.js                          33.09 kB │ gzip:   9.74 kB
dist/assets/process-warehouse-domain-CCWZvJbh.js                         33.16 kB │ gzip:   7.56 kB
dist/assets/store-domain-settlement-seeds-DO3F-gFY.js                    33.63 kB │ gzip:   8.97 kB
dist/assets/pcs-pattern-library-BlVm-ylH.js                              33.68 kB │ gzip:   7.64 kB
dist/assets/warehouse-runtime-CsnhnCJ2.js                                33.70 kB │ gzip:   8.63 kB
dist/assets/payment-requests-Cl7ujZWm.js                                 34.01 kB │ gzip:   8.92 kB
dist/assets/stage-orders-C40x3YkO.js                                     34.18 kB │ gzip:  10.47 kB
dist/assets/pda-warehouse-stocktake-BVW0kFDG.js                          34.50 kB │ gzip:   8.65 kB
dist/assets/stage-order-detail-Db5IainN.js                               34.53 kB │ gzip:  10.00 kB
dist/assets/pda-cutting-inbound-BIi57M0z.js                              34.54 kB │ gzip:  10.46 kB
dist/assets/first-leg-logistics-BrUo6GtG.js                              34.57 kB │ gzip:   9.04 kB
dist/assets/work-order-detail-ipeZMzMJ.js                                34.61 kB │ gzip:   9.39 kB
dist/assets/manual-fei-tickets-BaewOg4E.js                               34.65 kB │ gzip:  10.73 kB
dist/assets/pda-cutting-handover-BZBhygRg.js                             34.77 kB │ gzip:  10.60 kB
dist/assets/pda-post-finishing-flow-Cau7qWwM.js                          34.83 kB │ gzip:   9.29 kB
dist/assets/dispatch-acceptance-sla-DJpIAmSn.js                          34.95 kB │ gzip:   7.89 kB
dist/assets/work-orders-oUL7I1Ad.js                                      34.96 kB │ gzip:  11.72 kB
dist/assets/pending-receipts-dE1Wgsbx.js                                 35.31 kB │ gzip:  10.63 kB
dist/assets/pda-task-receive-detail-CmO-Lae7.js                          35.53 kB │ gzip:   8.54 kB
dist/assets/water-soluble-orders-ChGBu3co.js                             35.89 kB │ gzip:  10.78 kB
dist/assets/work-order-detail-BtkHLyrZ.js                                36.12 kB │ gzip:   9.66 kB
dist/assets/pcs-technical-data-Cc8vdFxB.js                               36.88 kB │ gzip:   9.85 kB
dist/assets/pcs-pattern-library-create-CsJgOwiu.js                       36.93 kB │ gzip:   8.64 kB
dist/assets/special-processes-4v-72rDf.js                                37.23 kB │ gzip:   9.52 kB
dist/assets/pda-cutting-transfer-bag-repack-CxhncvlF.js                  37.37 kB │ gzip:  10.61 kB
dist/assets/pda-quality-CuCE6Wjc.js                                      37.44 kB │ gzip:   9.78 kB
dist/assets/first-leg-carriers-wsZYJnRE.js                               37.45 kB │ gzip:   9.92 kB
dist/assets/third-party-factory-comprehensive-assessment-DsVD6vUT.js     37.47 kB │ gzip:  11.06 kB
dist/assets/product-purchase-orders-DzsfHrPS.js                          37.57 kB │ gzip:   9.21 kB
dist/assets/wait-handover-runtime-8KH8asBE.js                            37.84 kB │ gzip:  10.62 kB
dist/assets/cutting-statistics-ab-material-BOpxC7LQ.js                   38.13 kB │ gzip:   8.64 kB
dist/assets/payment-requests-BXD79H25.js                                 38.21 kB │ gzip:   9.97 kB
dist/assets/warehouse-BUu1ztJQ.js                                        38.57 kB │ gzip:  10.93 kB
dist/assets/material-purchase-orders-1I33v-nJ.js                         39.01 kB │ gzip:  11.72 kB
dist/assets/semi-finished-orders-Cqlo1QCH.js                             39.06 kB │ gzip:  11.85 kB
dist/assets/first-leg-shipments-DO64Ib-l.js                              39.89 kB │ gzip:   9.89 kB
dist/assets/fcs-handlers-GIVydDMl.js                                     39.90 kB │ gzip:  11.99 kB
dist/assets/pending-receipts-AB5P0KjF.js                                 41.04 kB │ gzip:  14.88 kB
dist/assets/cutting-summary-CuzUTcj1.js                                  44.13 kB │ gzip:  11.52 kB
dist/assets/warehouse-kgBGldol.js                                        44.15 kB │ gzip:  11.19 kB
dist/assets/demand-domain-B9gKRFDQ.js                                    44.58 kB │ gzip:   9.89 kB
dist/assets/warehouse-BeWJasVO.js                                        46.22 kB │ gzip:  10.75 kB
dist/assets/batches-CiFDe25S.js                                          46.45 kB │ gzip:   9.86 kB
dist/assets/engineering-file-upload-BskAv3uB.js                          46.76 kB │ gzip:  14.45 kB
dist/assets/dispatch-tenders-CBLUnM-i.js                                 47.28 kB │ gzip:  12.27 kB
dist/assets/dyeing-CjuqBG-x.js                                           47.49 kB │ gzip:  10.20 kB
dist/assets/printing-DisV76ae.js                                         47.49 kB │ gzip:  10.20 kB
dist/assets/other-MDCcC4vY.js                                            47.50 kB │ gzip:  10.22 kB
dist/assets/settlement-linked-mock-factory-D1Ru4gTL.js                   47.63 kB │ gzip:  14.44 kB
dist/assets/handover-orders-_AX8M40A.js                                  48.29 kB │ gzip:   9.57 kB
dist/assets/sewing-DUg8RA8J.js                                           48.51 kB │ gzip:  10.54 kB
dist/assets/progress-material-BzyN2IzW.js                                48.76 kB │ gzip:   9.37 kB
dist/assets/material-inventory-BR0pjlUt.js                               48.96 kB │ gzip:  12.56 kB
dist/assets/work-order-detail-C-knfYuu.js                                49.19 kB │ gzip:  15.54 kB
dist/assets/supplier-confirmations-Dp-a-py9.js                           50.01 kB │ gzip:  12.93 kB
dist/assets/pda-task-receive-CwhKp1EM.js                                 50.05 kB │ gzip:  12.48 kB
dist/assets/pda-cutting-execution-source-C-jCzyQQ.js                     50.44 kB │ gzip:  13.62 kB
dist/assets/pda-onboarding-DG5jy-kB.js                                   50.56 kB │ gzip:  10.80 kB
dist/assets/pda-handover-C-H5pybj.js                                     51.54 kB │ gzip:  13.59 kB
dist/assets/marker-plan-model-5GF0kAb8.js                                51.68 kB │ gzip:  14.77 kB
dist/assets/store-domain-progress-EUBkAFgS.js                            53.10 kB │ gzip:  11.77 kB
dist/assets/settlement-cutting-input-w95Jky_7.js                         53.60 kB │ gzip:  11.05 kB
dist/assets/lace-factory-domain-BBNpHDul.js                              53.68 kB │ gzip:  13.40 kB
dist/assets/pcs-part-template-library-zJks5SPT.js                        53.81 kB │ gzip:  11.08 kB
dist/assets/pcs-material-archives-CXlLaDpy.js                            55.31 kB │ gzip:  13.20 kB
dist/assets/progress-urge-RiEafuuM.js                                    56.39 kB │ gzip:  11.41 kB
dist/assets/pda-cutting-spreading-BX7HFuYm.js                            56.65 kB │ gzip:  13.10 kB
dist/assets/warehouse-location-map-Bygekh7O.js                           56.80 kB │ gzip:  16.84 kB
dist/assets/marker-plan-occupancy-CR-szRQw.js                            57.09 kB │ gzip:  16.02 kB
dist/assets/wls-accessory-receipts-C6ItCtxd.js                           58.45 kB │ gzip:  14.85 kB
dist/assets/domain-snapshot-CSRueUBM.js                                  59.36 kB │ gzip:  15.89 kB
dist/assets/cut-piece-release-BxYZodWT.js                                60.10 kB │ gzip:  15.83 kB
dist/assets/pda-settlement-m0pTpUHz.js                                   60.12 kB │ gzip:  13.68 kB
dist/assets/factory-profile-BKMXQvK3.js                                  61.16 kB │ gzip:  14.05 kB
dist/assets/pickup-management-list-ByaouSp_.js                           61.47 kB │ gzip:  17.13 kB
dist/assets/routes-fcs-BDd7VJOP.js                                       62.13 kB │ gzip:  12.98 kB
dist/assets/cutting-C-QLTy0O.js                                          62.83 kB │ gzip:  12.96 kB
dist/assets/special-craft-fei-ticket-flow-DE_GcIEz.js                    63.34 kB │ gzip:  14.38 kB
dist/assets/progress-handover-C-EqF3R2.js                                63.82 kB │ gzip:  13.56 kB
dist/assets/production-object-overview-DFYyi0CI.js                       66.10 kB │ gzip:  13.59 kB
dist/assets/output-documents-CGnMxQEO.js                                 66.89 kB │ gzip:  22.97 kB
dist/assets/core-B9bJgGAp.js                                             67.62 kB │ gzip:  12.58 kB
dist/assets/cutting-daily-production-report-BEur-hnW.js                  68.14 kB │ gzip:  19.08 kB
dist/assets/pda-exec-C64Uu5QS.js                                         68.23 kB │ gzip:  15.61 kB
dist/assets/pcs-channel-stores-Jjl1J17n.js                               69.26 kB │ gzip:  14.32 kB
dist/assets/context-CRQ4qiFf.js                                          69.43 kB │ gzip:  21.32 kB
dist/assets/sewing-dispatch-CBt0UM9C.js                                  69.77 kB │ gzip:  18.20 kB
dist/assets/progress-exceptions-Cng8tgHC.js                              70.34 kB │ gzip:  13.28 kB
dist/assets/qc-records-DqbtJ6af.js                                       71.04 kB │ gzip:  15.96 kB
dist/assets/pcs-engineering-tasks-oWy9nkCw.js                            71.36 kB │ gzip:  17.07 kB
dist/assets/production-object-overview-DkaZjCCr.js                       71.57 kB │ gzip:  16.69 kB
dist/assets/wait-handover-actions-CtaSIUOt.js                            73.21 kB │ gzip:  18.67 kB
dist/assets/pcs-sample-management-0qnpf1G4.js                            74.38 kB │ gzip:  17.28 kB
dist/assets/transfer-bags-D2mztEoJ.js                                    74.73 kB │ gzip:  19.03 kB
dist/assets/factory-onboarding-5JBqUY7K.js                               75.25 kB │ gzip:  12.68 kB
dist/assets/settlement-UeLlekIX.js                                       75.58 kB │ gzip:  11.56 kB
dist/assets/dialogs-YPooMkoj.js                                          75.66 kB │ gzip:  18.69 kB
dist/assets/pda-handover-detail-CVb0ExtA.js                              75.80 kB │ gzip:  18.59 kB
dist/assets/orders-domain-DYA32JJI.js                                    76.23 kB │ gzip:  16.86 kB
dist/assets/runtime-projections-Bwa0Zi42.js                              78.01 kB │ gzip:  18.42 kB
dist/assets/process-action-writeback-service-LKCoBth6.js                 78.08 kB │ gzip:  17.82 kB
dist/assets/transfer-bag-operations-m8yYFiUn.js                          78.60 kB │ gzip:  19.48 kB
dist/assets/production-progress-DmGo4tYp.js                              80.67 kB │ gzip:  20.35 kB
dist/assets/pda-warehouse-wait-process-DBWsaFQp.js                       87.33 kB │ gzip:  21.14 kB
dist/assets/events-BpD-Y3ES.js                                           90.02 kB │ gzip:  22.17 kB
dist/assets/factory-onboarding-flow-nvKOOfH7.js                          90.59 kB │ gzip:  23.31 kB
dist/assets/dispatch-6Nx5FEiH.js                                         92.27 kB │ gzip:  28.12 kB
dist/assets/tmf-material-purchases-Bq5EfPGW.js                           94.11 kB │ gzip:  24.37 kB
dist/assets/cut-orders-DrICUax4.js                                       94.74 kB │ gzip:  24.43 kB
dist/assets/pcs-independent-sampling-C7IWM0zo.js                         96.98 kB │ gzip:  26.96 kB
dist/assets/special-craft-task-orders-CDh_iO48.js                        99.21 kB │ gzip:  26.82 kB
dist/assets/pcs-product-archives-y7BZXyVZ.js                            107.68 kB │ gzip:  21.98 kB
dist/assets/index-ww1eKVXs.js                                           109.47 kB │ gzip:  39.86 kB
dist/assets/app-shared-Dtj9EAbi.js                                      111.55 kB │ gzip:  27.82 kB
dist/assets/transfer-bag-return-model-DyrLEhD2.js                       112.94 kB │ gzip:  26.61 kB
dist/assets/supplement-management-DyWHnFi-.js                           113.26 kB │ gzip:  29.92 kB
dist/assets/unified-dispatch-workbench-DO2Fg246.js                      118.04 kB │ gzip:  33.11 kB
dist/assets/statements-BugZaH1Y.js                                      119.52 kB │ gzip:  24.44 kB
dist/assets/events-Btjny6YL.js                                          121.42 kB │ gzip:  31.34 kB
dist/assets/context-5_UZ7ayl.js                                         133.03 kB │ gzip:  34.41 kB
dist/assets/production-VJVlhqnz.js                                      133.92 kB │ gzip:  27.40 kB
dist/assets/process-domain-Bhl5z08p.js                                  138.98 kB │ gzip:  25.97 kB
dist/assets/warehouse-hub-C8iNqMao.js                                   139.65 kB │ gzip:  34.90 kB
dist/assets/generated-fei-tickets-DfzntYvb.js                           143.05 kB │ gzip:  36.18 kB
dist/assets/preparation-timing-mlBPWgdo.js                              145.97 kB │ gzip:  34.40 kB
dist/assets/marker-plan-5_J0UaAP.js                                     150.17 kB │ gzip:  35.42 kB
dist/assets/marker-spreading-B6rfyfE3.js                                154.15 kB │ gzip:  37.75 kB
dist/assets/fei-tickets-hg39EhaR.js                                     162.79 kB │ gzip:  34.49 kB
dist/assets/return-inbound-Bl6nZ5go.js                                  183.42 kB │ gzip:  33.52 kB
dist/assets/index--GzcKvNw.js                                           210.12 kB │ gzip:  66.49 kB
dist/assets/index-L-mT4p3v.js                                           231.28 kB │ gzip:  54.03 kB
dist/assets/pda-exec-detail-Xm2ktsm-.js                                 240.13 kB │ gzip:  56.23 kB
dist/assets/print-template-registry-DFp5ATQ4.js                         262.15 kB │ gzip:  68.12 kB
dist/assets/production-timeliness-KejVHlG6.js                           459.95 kB │ gzip: 115.04 kB
dist/assets/pda-CBPVc6Tg.js                                             511.97 kB │ gzip:  85.41 kB
dist/assets/production-source-shared-D3fhgFf1.js                      2,910.80 kB │ gzip: 729.21 kB

(!) Some chunks are larger than 550 kB after minification. Consider:
- Using dynamic import() to code-split the application
- Use build.rollupOptions.output.manualChunks to improve chunking: https://rollupjs.org/configuration-options/#output-manualchunks
- Adjust chunk size limit for this warning via build.chunkSizeWarningLimit.
✓ built in 9.50s
{"status":"implemented","receipt":"/private/tmp/hpb-publication-20260925/task-receipt.json","blockers":["相关检查失败：npm run check:cutting:all","相关检查失败：npm run check:menu-routes"]}
