
> higoods-vanilla-clone@1.0.0 build
> npm run typecheck:engineering && npm test && vite build


> higoods-vanilla-clone@1.0.0 typecheck:engineering
> npm run typecheck:entrypoints && npm run typecheck:scopes


> higoods-vanilla-clone@1.0.0 typecheck:entrypoints
> tsc --project tsconfig.engineering.json


> higoods-vanilla-clone@1.0.0 typecheck:scopes
> node scripts/check-typescript-scope.mjs src/domain/ src/components/ui/ src/state/

TypeScript 全量既有错误：6
本次渐进检查范围：src/domain/、src/components/ui/、src/state/
范围内错误：0
范围外既有错误保留在全量 typecheck 中继续分批治理。

> higoods-vanilla-clone@1.0.0 test
> npm run test:unit


> higoods-vanilla-clone@1.0.0 test:unit
> node --import tsx --test tests/unit/*.test.ts

✔ 浏览器存储封装保持读写删除语义 (0.43275ms)
✔ 浏览器存储不可用或抛错时保持静默降级 (0.086334ms)
(node:42873) ExperimentalWarning: localStorage is not available because --localstorage-file was not provided.
(Use `node --trace-warnings ...` to show where the warning was created)
✔ 独立裁剪整任务改派保留数量和执行历史，旧有效分配失效，新范围唯一 (54.451416ms)
✔ 裁床改派回原工厂且回填同一业务日期，不复用旧票范围；普通审计不改身份 (0.268291ms)
(node:42874) ExperimentalWarning: localStorage is not available because --localstorage-file was not provided.
(Use `node --trace-warnings ...` to show where the warning was created)
✔ 交出列表省略详情路线读取时保留全部输出字段 (510.488916ms)
(node:42875) ExperimentalWarning: localStorage is not available because --localstorage-file was not provided.
(Use `node --trace-warnings ...` to show where the warning was created)
✔ MIG-001/002/006: management entry and handlers belong to FCS; PFOS keeps execution (1.418708ms)
✔ MIG-003/007: prep and execution read the same early order identities, quantities and match status (685.345459ms)
✔ MIG-004/009: migrated dialogs retain candidate fields, actual material image and task outputs (0.76925ms)
✔ MIG-011: management and execution use the same seven business display columns (8.957958ms)
✔ MIG-007: early dye/print creation and cancellation survive reload (2797.700125ms)
✔ BOM failed persistence preserves saved and in-memory state; retry persists (140.946417ms)
✔ existing production preparation data does not trigger demo writes on entry (509.514416ms)
✔ rollback of an unchanged saved BOM does not perform another failing write (3.931166ms)
✔ BOM dictionary preserves old JSON and all snapshot values without mutating input (5.953583ms)
✔ BOM dictionary rejects missing references instead of replacing data silently (0.468167ms)
✔ 解析带标签、小数和空格的长度数量 (0.47425ms)
✔ 解析卷数并对不合法文本返回 0 (0.108833ms)
✔ 证据文件标识把连续空白收口为单个连字符 (0.457334ms)
(node:42881) ExperimentalWarning: localStorage is not available because --localstorage-file was not provided.
(Use `node --trace-warnings ...` to show where the warning was created)
✔ 设计改款可成批生成染色和印花加工单，且完整投影来源与上下游 (1211.298625ms)
✔ 设计改款加工单生成幂等，重复请求不增加单据 (82.222125ms)
✔ 同一设计改款任务的不同颜色和 BOM 行分别生成加工单 (66.390208ms)
✔ 成批提交失败时染色与印花加工单一起回滚 (21.356417ms)
✔ 设计改款来源缺关键引用或来源未知时必须阻断 (0.190208ms)
(node:42882) ExperimentalWarning: localStorage is not available because --localstorage-file was not provided.
(Use `node --trace-warnings ...` to show where the warning was created)
✔ 设计改款染后印花必须先分配印花厂，染色交出不能误送中央工厂 (370.126417ms)
✔ 仅染与仅印分别创建一张加工单和一条仓库首道调拨计划 (17.784375ms)
✔ 辅料染色单创建后已有辅料仓调拨计划，分厂时自动落实原单但不冒充实发 (10.461042ms)
✔ 历史双工艺加工单仍可追溯原有染印交接 (473.45475ms)
✔ 双工艺 SKU 仅生成印花单，仓库直接发印厂并完成样衣归档 (1283.949125ms)
✔ 印花实际交出生成中央工厂待接收原单，实收回写原交接并允许完成加工单 (530.211875ms)
✔ 专业成果没有真实附件时保持未绑定 (15.676417ms)
(node:42883) ExperimentalWarning: localStorage is not available because --localstorage-file was not provided.
(Use `node --trace-warnings ...` to show where the warning was created)
✔ 可打印不等于可建交出单，必须完成真实标签打印 (0.973542ms)
✔ 卷规格无效时不可建交出单，且不改变原可打印判定语义 (0.185375ms)
✔ 人工完成印花加工单不再自动填充操作人 (304.159792ms)
(node:42884) ExperimentalWarning: localStorage is not available because --localstorage-file was not provided.
(Use `node --trace-warnings ...` to show where the warning was created)
✔ 非 KOL PDA 导入不生成 KOL 领交料；首次 KOL 访问生成完整且幂等的演示记录 (244.350167ms)
✔ PDA 单任务读取保持普通任务、测试工厂与 KOL 任务内容和查找优先级 (3.169625ms)
(node:42885) ExperimentalWarning: localStorage is not available because --localstorage-file was not provided.
(Use `node --trace-warnings ...` to show where the warning was created)
✔ 可编辑的演示唛架保存后优先读取用户记录，刷新不恢复原备注和状态 (262.335834ms)
✔ 日报窗口含截止日7天，重点日均独立使用前6天 (0.974375ms)
✔ 未知采购不填0，未BOM不输出完整确定订单需求 (0.281167ms)
✔ 突变必须绝对量与比例同时达到阈值 (0.142333ms)
✔ 截止日突变示例与未完结日不判定 (0.1255ms)
✔ 共享商品按SPU去重而不按关联行累加销量 (0.210459ms)
✔ 预选不产生确定用料；BOM需求保留物料归属 (0.272708ms)
✔ 同料BOM优先于预选，不重复关系及需量 (0.145375ms)
✔ 两个业务页具有独立容器、标准分页与证据边界 (15.401208ms)
✔ 未进入物料页面时 bridge 不加载业务；加载失败重试后首次渲染即已注册 (4.427958ms)
✔ click 分组顺序、短路、选择器范围保持原行为，重新注册替换旧处理器 (0.595959ms)
✔ 备料写入守卫读取实时角色与水位，阻断时不调用业务处理器 (0.321625ms)
✔ input/change/keyboard 原入口、筛选范围和 change 优先级完整保留 (0.2725ms)
✔ health groups are exhaustive and mutually exclusive in demo (0.783958ms)
✔ coverage and baseline use same inventory plus transit but distinct demand windows (0.066667ms)
✔ zero demand is unavailable rather than infinity and huge finite quotient stays finite (0.212417ms)
✔ date selects different consistent snapshot (0.11025ms)
✔ threshold changes alter classification without changing facts (0.077292ms)
✔ health view carries core P1 business sections and mock caveat (15.395917ms)
✔ AT16 rules do not substitute brand, size or packaging method (0.412042ms)
✔ AT24 equal priority conflict blocks resolution and identifies rules (0.342375ms)
✔ higher explicit priority resolves a lower priority overlap (0.0515ms)
✔ plans distinguish garments and parcels and add loss once (0.141708ms)
✔ AT18 white pendant stock only allocated once (0.072541ms)
✔ event duplicate and old revision do not add consumption; reprints are activity only (0.11375ms)
✔ conflicting same revision fails instead of silently choosing a payload (0.053708ms)
✔ AT17/19/20 panel states unresolved ASAYA, independent kit80 and unknown ribbon (0.242833ms)
✔ trigger distinct from target, existing supply produces explainable zero (0.559417ms)
✔ missing mapping or usage and incompatible raw unit block unsafe generation (0.170875ms)
✔ generation reserves remaining once and shared raw pool across target rules (2.015583ms)
✔ production does not increase stock; actual SKU and output bound partial receipts (0.310333ms)
✔ cancelled suggestion releases commitment and raw allocation (0.141584ms)
✔ AT05 committed greige is not available for a second allocation (0.460708ms)
✔ AT06 partial receipt reduces expected supply; checking and qualified never duplicate (0.315709ms)
✔ AT07 unmapped target preserves quantities but gives no target coverage (0.080458ms)
✔ §7.2 loss reduces future supply; rejected receipts never become usable (0.059958ms)
✔ §7.3 unit/yield/route and conservation gaps block deterministic supply (0.097417ms)
✔ §7.3 candidate comparison reports remaining shortage and respects arrival deadline (0.128291ms)
✔ §7.3 zero gap stays zero and nonfinite inputs cannot produce advice (0.056334ms)
✔ panel uses owned local handlers and discloses mock and missing images (2.062875ms)
✔ P2 coefficients and coverage exclude transit (8.900834ms)
✔ P2 coverage buckets have exclusive shared boundaries (0.521416ms)
✔ P2 partial receipts and completed batches count remaining only (0.061917ms)
✔ P2 latest overdue selected only if no future batch; today included (0.057208ms)
✔ P2 search transit and ETA filters compose (0.141584ms)
✔ P2 zero demand and missing BOM preserve distinct nulls; micro demand excluded (0.063834ms)
✔ P2 standard table renders and limits initial rows to first page (5.651792ms)
✔ AT01/02 internal reservation stays in coverage while external reservation is deducted (15.247166ms)
✔ AT03 quality segments are not usable (0.396833ms)
✔ AT04 partial receipt leaves remaining supply only (0.436416ms)
✔ AT08/38 late supply never erases earlier shortage (0.444458ms)
✔ AT09 intermediate deficit determines net need rather than positive closing balance (0.347625ms)
✔ AT10 MOQ and pack rounding, zero stays zero (0.24475ms)
✔ AT11 horizon begins at cutoff and is not expanded by lead time (0.358458ms)
✔ AT12 forecast covered by confirmed demand is excluded before coefficient (0.296625ms)
✔ AT13 no demand has no numeric coverage (0.264417ms)
✔ AT14 cancelling demand does not change stock (0.325959ms)
✔ AT15 latest event revision only (0.88ms)
✔ AT16/17 directory preserves bag sizes and ASAYA duplicated input is one unresolved SKU (0.207541ms)
✔ AT18 three brands draw from one shared pool (0.4245ms)
✔ AT19/20 kit capacity respects minimum and missing conversion (0.142666ms)
✔ AT21 inactive/unusable stock remains physically visible (0.237584ms)
✔ AT23 affected order identifiers are unique (0.247375ms)
✔ AT25/26 draft does not mutate active and invalidates trial (0.160458ms)
✔ AT26/28 publish requires role and exact trial; history retained (0.2545ms)
✔ AT31 risk cannot close with remaining shortage or skip verification (0.180875ms)
✔ AT37 invalid dates, unknown timezone, bad numeric values rejected (0.099625ms)
✔ duplicate supply chain does not double count and blocks deterministic advice (0.092916ms)
✔ warehouse catalogue includes 17 locations and two garment warehouses (0.044958ms)
✔ candidate comparison retains pre-arrival risk (0.293ms)
✔ SKU-specific policy wins and duplicate rules block publish (0.121709ms)
(node:42895) ExperimentalWarning: localStorage is not available because --localstorage-file was not provided.
(Use `node --trace-warnings ...` to show where the warning was created)
✔ 逐票与逐打印任务保持原结构，变更一条只保存一条 (1.064084ms)
✔ 草稿按原映射键保存；手工票与操作记录分离，删除票保留审计 (0.237917ms)
✔ 拒绝损坏JSON且不冒充空数据 (0.115042ms)
✔ 拒绝空字符串且不冒充空数据 (0.046209ms)
✔ 拒绝错误根且不冒充空数据 (0.054375ms)
✔ 拒绝重复票号身份且不冒充空数据 (0.0545ms)
✔ 拒绝缺少票号且不冒充空数据 (0.045667ms)
✔ 拒绝错误状态且不冒充空数据 (0.036708ms)
✔ 拒绝打印关联缺失且不冒充空数据 (0.046125ms)
✔ 拒绝草稿身份缺失且不冒充空数据 (0.078584ms)
✔ 拒绝手工日志缺失且不冒充空数据 (0.050375ms)
✔ 拒绝手工二维码缺失且不冒充空数据 (0.051583ms)
✔ 已保存实体与备份身份校验，不接受伪造集合或迁移元数据 (0.413375ms)
✔ 袋账派生绑定锁，无需持久化派生票快照；关闭周转解除旧快照锁 (396.035875ms)
✔ 唛架来源和铺布单逐实体保存，保留卷明细、层序及来源引用 (0.229459ms)
✔ 指定保存对象不复制重复静态唛架，也不覆盖其他已保存铺布单 (0.24325ms)
✔ 旧袋账按实体保留绑定与历史，局部动作不复制静态袋档案 (0.315334ms)
✔ 专用打印来源保留原票身份、数量、状态、袋锁及打印对象，不查询全量PDA与库存摘要 (1178.398042ms)
✔ 实际输出首打保持原身份与数量；动态与普通来源均可打印，失效来源阻断，重复首打不新增 (135.270083ms)
✔ 唛架引用读取失败明确阻断，不将迁移或读取错误伪装成空铺布来源 (1.007958ms)
✔ 用户唛架方案逐ID迁移保留床次和占用，修改一张不重写其它方案 (0.190292ms)
✔ PDA及手工票专用唛架定义与原完整投影等价，保留床次、数量和可铺布资格 (358.644834ms)
✔ PDA铺布目标直接携带真实已保存铺布单的裁床与负责人，不另算整套列表 (319.630083ms)
✔ 铺布投影复用唛架定义仍保留已保存session的卷明细、裁床、负责人和实际裁剪数量 (669.558459ms)
✔ 路由标准化移除 query 与 hash，但不改动路径 (0.375833ms)
✔ 只匹配路由根或其子路径，不误匹配相似前缀 (0.114292ms)
✔ 可在多个合法根路径中匹配一个 (0.083292ms)
✔ 只把完整生产确认单打印路由识别为命中 (0.106458ms)
(node:42897) ExperimentalWarning: localStorage is not available because --localstorage-file was not provided.
(Use `node --trace-warnings ...` to show where the warning was created)
✔ 目标 SKU 的四种加工组合、前序实物和 BOM Q 均按已建档字段读取 (39.401125ms)
✔ 整单总量口径保存后仍按一次总量计算，不被样衣件数重复放大 (577.09025ms)
✔ 一张设计改款 BOM 同时有 Yard 面料和 PCS 辅料时，各行独立计量且辅料无需加工调拨 (72.633375ms)
✔ 复用既有纸样与参照 BOM 的无印染任务可直接提交样衣并自动完成；复制只生成草稿 (477.357625ms)
✔ 批量复制保留物料、费用和样衣安排为独立可编辑草稿，不生成工作 (129.929042ms)
✔ 单页创建同时保存物料、费用与样衣要求；失败不留下空任务 (3.67075ms)
✔ 加工互斥按物料行执行：同一任务允许纯染行与双属性印花行并存 (84.422708ms)
(node:42898) ExperimentalWarning: localStorage is not available because --localstorage-file was not provided.
(Use `node --trace-warnings ...` to show where the warning was created)
✔ 旧设计任务移除线下工作和依赖，保留加工单身份、样衣成果及原始输入 (137.992791ms)
✔ 任务汇总排除未启用，待前置只列出未完成依赖，关闭单不继续催办 (0.985917ms)
✔ 筛选覆盖关键词、状态、跟单、待办、类型、团队和日期边界，统计范围一致 (0.299459ms)
✔ CSV包含全部匹配行和任务责任计划，不含操作列，特殊文字正确转义 (0.480208ms)
(node:42904) ExperimentalWarning: localStorage is not available because --localstorage-file was not provided.
(Use `node --trace-warnings ...` to show where the warning was created)
✔ 生产准备必须读取测款最终通过事实，保存时重新校验且失败不生成主单 (130.278833ms)
✔ PATTERN_ARTWORK 多明细全部有效项通过才完成，同SKU不同要求不合并 (0.528584ms)
✔ COLOR_FABRIC 多明细全部有效项通过才完成，同SKU不同要求不合并 (0.096875ms)
✔ COLOR_YARN 多明细全部有效项通过才完成，同SKU不同要求不合并 (0.069334ms)
✔ 多辅料分单覆盖，第一张下单不足以完成，失效单不能提供覆盖 (0.228583ms)
✔ 专业列表业务字段查询与责任、来源、计划边界组合，未登记计划不误入日期结果 (0.693459ms)
✔ PCS 图片按款号和颜色固定，尺码不改变照片，未知对象没有随机图片 (0.774791ms)
✔ 历史 Mock 只替换登记的旧图，保留用户图片及未知款式 (0.456ms)
✔ 后道 QC 来源 SKU 保留原身份和数量，五种颜色分别绑定对应实拍 (0.086292ms)
✔ 后道历史快照只迁移准确 SKU 的旧示意图，质检数量与用户图不变 (0.195959ms)
(node:42908) ExperimentalWarning: localStorage is not available because --localstorage-file was not provided.
(Use `node --trace-warnings ...` to show where the warning was created)
✔ PDA 列表轻量摘要与详情的归属、数量、物料和下一步一致 (874.748584ms)
(node:42909) ExperimentalWarning: localStorage is not available because --localstorage-file was not provided.
(Use `node --trace-warnings ...` to show where the warning was created)
✔ 按工厂投影不改变全能力、印花、染色、中央与裁片演示账号可见任务 (906.478375ms)
(node:42910) ExperimentalWarning: localStorage is not available because --localstorage-file was not provided.
(Use `node --trace-warnings ...` to show where the warning was created)
✔ 接单工厂范围保留全量投影中本厂每个任务的身份、数量、状态及接单/中标结果 (2932.263084ms)
✔ 物流商新增字段保存回显并写入操作日志 (3.239833ms)
✔ 物流商数字字段非负校验与运输方式枚举校验 (0.244ms)
✔ 渠道新增字段保存回显，条件计费字段按计费方式保留 (0.370625ms)
✔ 整柜渠道不要求新增计费字段，仍要求四箱型完整配置 (0.109208ms)
✔ 渠道数字字段非负与时效区间校验 (0.111542ms)
✔ 头程批次聚合展示总箱数、总重量、总体积与转运天数 (0.414708ms)
✔ 工序链按保存顺序生效，合法工序集合固定，非法或重复工序被拒 (3.807208ms)
✔ 坯布 SKU 必填，坯布库存为 0 时调拨资格被拒，补足后恢复 (0.34175ms)
✔ 采购单按勾选 SKU 生成明细，数量与枚举非法被拒 (0.144166ms)
✔ 调拨单可选择调出仓库与调入目标，同步生成加工单号链 (0.202041ms)
✔ 批量刷新库存更新全部监控行与刷新时间并写日志 (0.383ms)
✔ 手动添加监控 SKU 校验 SKU 必填与重复，添加后进入列表 (1.029166ms)
✔ 物料申报扩展字段保存回显，26 项特殊属性按数组保存 (1.825708ms)
✔ 报关扩展：法定第二计量单位与数值，不报关分支跳过必填校验 (0.184584ms)
✔ BOM 业务选项与价格/成本、工厂、布料字段保存回显 (0.666833ms)
✔ 主体经营 9 项成本明细加调整重算总成本，数据缺失提醒可消除 (0.328417ms)
✔ 供应商从草稿到启用遵循状态机，名称唯一 (2.449625ms)
✔ 供货档案包装换算与快照版本 (0.642334ms)
✔ 物料全部有真实图片，采购补充信息可更新且不新增删除 (0.722375ms)
✔ 成衣与样衣 SKU 只读列表数据完整 (0.192042ms)
✔ 仓库同步更新时间，单位字典唯一且不可删除只可启停 (0.601917ms)
✔ BOM 用量可修改，说明可保存，发布后可生成面辅料需求 (2.502209ms)
✔ 面辅料需求种子就绪且可按物料行下推采购单 (4.4935ms)
✔ 快递信息导入校验采购单存在、单号唯一、日期与数量合法 (0.708917ms)
✔ 国内签收、加入头程、状态推进与到仓自动签收 (3.82175ms)
✔ 供应商确认单需标签齐备，确认后回写采购单 (1.297791ms)
✔ 整柜渠道必须完整配置四个箱型，物流商可启停 (0.581833ms)
✔ 面辅料采购单可带原因关闭，关闭后不能再登记到货 (0.321ms)
✔ 库存监控触发线与建议量公式，规则异常阻断建单 (1.752166ms)
✔ 建单数量不得超过建议量，调拨与采购资格分别阻断 (0.146917ms)
✔ 中转看板指标、分布与筛选跳转规则 (0.240292ms)
✔ 生产单校验与配料任务只读数据完整，系统设置结果为 8/6/10 (0.074042ms)
✔ 种子采购单按 SRM 生成器规律补齐单据级与明细级字段 (0.692375ms)
✔ 新建做货采购单保存采购专员、加急、首单、区域与明细字段并可回显 (1.514708ms)
✔ 未传新增字段时沿用默认值并保持既有命令兼容 (0.290208ms)
✔ 采购专员必填、做货必须选区域、重量非负均抛出中文 PmsDomainError (0.678084ms)
✔ 编辑采购单保存新增字段并回显，非法输入被阻断 (0.486958ms)
✔ BOM 状态与 bomMatched 一致，未发布 BOM 的做货明细为未匹配 (0.219458ms)
✔ 行采购金额使用 roundPmsQty 且汇总等于逐行金额之和 (0.124833ms)
✔ 采购建议按缺口公式与折扣计算，并计入有效 KOL 申请 (0.773875ms)
✔ KOL 草稿与已驳回不计入建议缺口 (0.09725ms)
✔ 建议转采购单后写回已转数量与部分生成状态 (2.13475ms)
✔ 面辅料需求按 BOM 用量与损耗扣减库存和采购中 (0.51325ms)
✔ 重复生成、草稿采购单与非做货采购单均被阻断 (0.124375ms)
✔ KOL 单条超量需要二次确认，超过申请量直接阻断 (0.284083ms)
✔ 驳回 KOL 需求后不再计入建议缺口 (0.110542ms)
✔ 关闭采购单必须填写原因且已关闭不可重复关闭 (0.14475ms)
✔ 主体经营明细总成本、毛利与毛利率公式 (1.497458ms)
✔ 面辅料对账：预计/实际双层公式，费用项与差异双重门禁 (3.391875ms)
✔ 面辅料费用项部分确认、批量确认与编辑失效 (1.0065ms)
✔ 请款草稿跨页创建、请款与付款上限、编辑范围 (1.487917ms)
✔ 物流实际费用 12 列导入校验、不自动确认与确认后锁定 (1.022292ms)
✔ 请款单作废释放来源对账，已有付款不能作废 (0.245125ms)
✔ 供应商账单 9 列导入覆盖实际层且不自动确认 (0.304583ms)
✔ 金额大写按 RMB 规则输出并覆盖跨节零 (0.128875ms)
✔ 生成卷号按前缀、每卷米数、重量与起始序号生成并写入包装明细 (3.862333ms)
✔ 生成卷号时尾卷承载剩余数量，卷数按采购数量与每卷米数自动取整 (0.50375ms)
✔ 非法卷号参数被拒绝并抛出中文域错误 (0.33975ms)
✔ 生成标签后二维码内容包含卷号与箱规，参与打印 (0.262125ms)
✔ 箱规新增自动计算体积，重复箱号与非法尺寸被拒，删除后计数正确 (0.235ms)
✔ 包装明细可新增与删除，非法输入被拒且删除后计数正确 (0.29225ms)
✔ 被包装明细引用的箱规不能删除 (0.12075ms)
✔ 供应商枚举与 SRM 完全一致，旧枚举不再出现 (0.744416ms)
✔ 种子字段满足 SRM 枚举且协同指标为数字 (0.125542ms)
✔ 新增字段保存并回显，成功命令写入操作日志 (1.817291ms)
✔ 编辑保存新增字段并保持状态机与事件名不变 (0.428791ms)
✔ 非法或缺失输入抛 PmsDomainError 且不写入数据 (0.449666ms)
✔ 详情与列表展示新增字段、SRM 枚举与协同指标 (18.21175ms)
(node:42925) ExperimentalWarning: localStorage is not available because --localstorage-file was not provided.
(Use `node --trace-warnings ...` to show where the warning was created)
✔ RETURN-010: only the acceptance week Sunday is skipped, for every starting weekday (1.505958ms)
✔ RETURN-004—010: both projections share counting dates and ceil targets (0.793291ms)
(node:42926) ExperimentalWarning: localStorage is not available because --localstorage-file was not provided.
(Use `node --trace-warnings ...` to show where the warning was created)
✔ 实际耗时跨周日仍按真实时间差；没有可靠时间不造耗时 (1.565084ms)
✔ 每任务都达成才结束；同一来源去重，作废明细不影响主表 (0.408042ms)
✔ 耗时页 Mock 至少覆盖九张生产单和全部节点，且下游事实不会越过未完成的前置节点 (620.771541ms)
✔ 裁片放行按一张放行单内的多次放行展示并选取节点起止时间 (36.831208ms)
(node:42927) ExperimentalWarning: localStorage is not available because --localstorage-file was not provided.
(Use `node --trace-warnings ...` to show where the warning was created)
✔ EXC-001—004: a reference mark cannot change debt, strict kits or final task responsibility (5.778416ms)
(node:42928) ExperimentalWarning: localStorage is not available because --localstorage-file was not provided.
(Use `node --trace-warnings ...` to show where the warning was created)
✔ 派单新增主档工厂可登记承接关系，未知工厂仍阻断 (5.665042ms)
✔ 专属任务保留整单身份、数量和接收方，工艺分支保留全部前置关系 (0.956167ms)
✔ 原生产单车缝任务仍可被 PPIC 分配与责任移交识别，SKU 总量完整 (224.340834ms)
✔ PRINT-HISTORY-001: demo identities remain fixed and reject another factory or task (0.450084ms)
✔ PRINT-HISTORY-002: DYE-GOTO-GLOBAL historical slot 09 survives independent reloads without overwriting (2433.777583ms)
✔ PRINT-HISTORY-002: ID-FAC-001165 historical slot 09 survives independent reloads without overwriting (2066.531792ms)
(node:42936) ExperimentalWarning: localStorage is not available because --localstorage-file was not provided.
(Use `node --trace-warnings ...` to show where the warning was created)
✔ VERIFY-003: dispatch reads keep all documents and independent copies without projecting unrelated business views (299.08275ms)
✔ frozen printing images are losslessly stored once across orders, tasks and attachments (10.588041ms)
✔ missing or malformed image references fail rather than silently replacing frozen evidence (0.678084ms)
(node:42953) ExperimentalWarning: localStorage is not available because --localstorage-file was not provided.
(Use `node --trace-warnings ...` to show where the warning was created)
✔ PERF-002/004: scoped receiving reads preserve direct receipts and allocations, without exposing mutable facts (19.586958ms)
✔ PERF-002/004: a synchronous relation read matches independent reads and releases its scope after errors (709.758ms)
✔ PERF-004: batched print list reviews and handovers equal independently read facts (343.41875ms)
✔ PERF-004: scoped handovers keep canonical sorting and task point reads preserve identity (5.971458ms)
✔ PERF-004: reusing warehouse documents preserves each dye order source, quantity and receiver (309.17575ms)
(node:42954) ExperimentalWarning: localStorage is not available because --localstorage-file was not provided.
(Use `node --trace-warnings ...` to show where the warning was created)
✔ craft source selection preserves all previous source choices and isolated snapshots (9.390125ms)
✔ source eligibility is re-evaluated after a source order changes (0.131ms)
(node:42955) ExperimentalWarning: localStorage is not available because --localstorage-file was not provided.
(Use `node --trace-warnings ...` to show where the warning was created)
✔ 生产单创建来源只覆盖旧匹配事实，不复活已取消或覆盖更新后的匹配 (0.371125ms)
✔ 提前来源随PO唯一保存，重复生成不会追加第二份事实；查询投影不反向写PO (0.270709ms)
✔ 失败和嵌套投影后创建stage标记恢复，不影响后续染印执行保存 (0.185042ms)
✔ 备份拒绝错误归属、重复、未知状态和缺少正式冻结来源的匹配 (0.47025ms)
(node:42956) ExperimentalWarning: localStorage is not available because --localstorage-file was not provided.
(Use `node --trace-warnings ...` to show where the warning was created)
✔ 验收数据至少包含 5 张染色和 5 张印花提前加工单，并覆盖全部匹配状态 (650.596291ms)
✔ 印花专业成果把多张图片和多个文件统一保存在同一附件集合 (0.158916ms)
✔ 同一生产需求可手动选择具体专业任务，创建结果保存所选任务与全部成果附件 (41.035208ms)
✔ 创建提前加工单必须选择所属专业任务并明确加工厂 (7.919042ms)
✔ 计划加工数量包含损耗率，且染色印花投入与产出 SKU 必须不同 (0.153667ms)
✔ 专业成果未审核通过时不可创建提前加工单 (0.123125ms)
✔ 多个生产需求合并为一张生产单时，可匹配多张提前染色加工单 (61.403ms)
✔ 等待技术包的提前单在技术包就绪后可由同一匹配服务自动重试 (26.353834ms)
✔ 合并生产单中只有部分需求有提前单时，只为未覆盖需求补建剩余数量 (51.104292ms)
✔ 已有提前单但正式 BOM 或 SKU 不一致时进入异常，且不重复补建同一工艺单 (48.147ms)
✔ 取消后重建保留旧单，并建立双向替代关系 (8.837916ms)
✔ 没有提前加工单的需求仍保留正式加工单快照 (4.650167ms)
✔ BOM uses formally reduced quantity and leaves unsupported conversion unknown (0.706958ms)
✔ reuse retains one shared source instance and adds no duplicate processing duration (0.212ms)
✔ a new rework/recheck round extends the dependency path two days and conserves qualified pieces (0.090542ms)
✔ date-only source is not coerced to a precise instant or exact deadline (0.086958ms)
✔ known order shipment can be timed without crediting an unknown production source (0.070667ms)
✔ waiting for actual fulfillment can be overall late while factory completion stays on time (0.063458ms)
✔ all six named cards render directly checkable evidence without changing production task facts (2.985083ms)
✔ all ten tasks have independent drill-down networks and one frozen aggregate snapshot (3.56175ms)
✔ 31-item dependency recursion proves 24 natural days and shows the actual sum/max formula (0.467ms)
✔ improving procurement by ten days only improves whole-task timing by one day (0.168583ms)
✔ network rejects circular/missing dependencies and unknown is never zero time (0.23075ms)
✔ each complete standard mock network and live forecast agrees with the task summary (9.910584ms)
✔ quantity forecast finds a one-day risk before any actual deadline is missed (1.176417ms)
✔ all-natural-day clock includes Sundays, preserves timezones, equality is on time and one second is late (0.306417ms)
✔ already-overdue outranks forecast missing; historical completion stops the clock (0.208792ms)
✔ upstream two-day delay and local catch-up pressure are distinct from current-team fault (0.180208ms)
✔ manual forecast is local, propagates both earlier and later dates, and never relaxes baseline (2.23725ms)
✔ saving a manual forecast refreshes all affected node labels without pretending capacity was increased (0.6555ms)
✔ zero capacity and stale progress never forecast zero remaining duration (0.140708ms)
✔ stock and purchase coverage do not imply factory readiness or a new purchase gap (0.15725ms)
✔ stock-only task still has transfer; purchased material must move beyond warehouse entry (0.067125ms)
✔ batch schedule conserves shared capacity and 90 percent occurs at a real batch event (0.156708ms)
✔ customer cancellation without production allocation does not reduce any task (0.127917ms)
✔ excess shipment of one SKU cannot hide shortage of another (0.084042ms)
✔ duplicate, out-of-order and corrected quantity events conserve the effective sum (0.129125ms)
✔ shared work is counted once while merged source tasks preserve independent T0 and deadlines (0.118709ms)
✔ orders enter analysis only from actual shipment and have their own clock (0.180459ms)
✔ region and supply mode select rules together, unpublished candidate rules never apply (0.171292ms)
✔ filters share exact aggregate scope and date windows are left-closed right-open (0.456208ms)
✔ Chinese UI defaults and all scope options filter the intended task population (0.176625ms)
✔ Chinese risk shortcut agrees with risk KPI and does not accidentally select completed or overdue tasks (0.225375ms)
✔ Chinese date-field labels use due date, start date and predicted completion respectively (0.192959ms)
✔ team and stage filters match applicable work nodes rather than only current task responsibility (0.115083ms)
✔ V3 team and factory must match the same node and empty all-scope still keeps a task (0.058375ms)
✔ V3 unknown shipment has no percentage and completed work without deadline is not on time (0.040792ms)
✔ 恢复预测保留不同工作和日期的顺序，只合并连续相同计算且不改写历史 (3.675041ms)
✔ 同一调拨动作按国家和供给方式命中不同预算，候选规则不参与匹配 (0.684ms)
✔ 同优先级重叠命中必须冲突，明确更高优先级例外才可覆盖 (0.475334ms)
✔ 数量档边界不得跨档或用默认预算掩盖无规则 (0.092125ms)
✔ 子项七天而组上限五天阻断，网络不被截短也不在组外重复加预算 (0.155333ms)
✔ 并行分支取最大值，循环和缺失前置不得算成零天 (0.159292ms)
✔ 工厂实收映射须有明细与物流批次，入库不冒充到厂，重复事件不累加 (0.1665ms)
✔ 投入产出、单位或质量门槛不合规，不能放行下游 (0.092625ms)
✔ 新版本仅记录显式重算范围，不能顺延旧基线或考核截止 (0.429042ms)
✔ 默认演示配置没有阻断，会议候选必须以提示保留 (0.107417ms)
✔ 选定在途W19规则从1改3，本地路线24改26而原始/生效截止与实际事实不变 (3.334375ms)
✔ 在途发布同层冲突、缺规则、缺映射或事件边界变化都不生成覆盖 (0.185208ms)
✔ 发布覆盖可从初始快照恢复且重复应用幂等，未选任务不受影响 (1.429625ms)
✔ 未完成调拨预算增加后，预测沿下游传播；已完成上游事实仍原样 (0.35275ms)
(node:42961) ExperimentalWarning: localStorage is not available because --localstorage-file was not provided.
(Use `node --trace-warnings ...` to show where the warning was created)
✔ 首次来源读取只创建当前存在的缺口，历史从本次观察开始 (2.104542ms)
✔ 事项键由任务、工作与类型生成，中文说明变化不新增事项 (0.709333ms)
✔ 缺款图形成独立事项，增加地址不等于款色对应核验通过 (0.711208ms)
✔ 登记责任期限不修改事实或关闭事项，只有后续来源读取确认恢复 (1.392417ms)
✔ 同一恢复事实重复核对不制造历史，缺口复现重新打开且保留期限 (0.686375ms)
✔ 任务或工作未返回、数量已知性字段消失均不是恢复证据 (0.571375ms)
✔ 来源身份变更不能在同一次读取中把旧缺口标为恢复 (0.543875ms)
✔ 未结构化来源审核项不因文字消失自动关闭 (0.449208ms)
✔ 本地持久化保留独立事项、责任、期限和恢复历史 (0.471125ms)
✔ 本地损坏记录不伪造历史、不覆盖旧内容、不允许假保存 (0.712583ms)
✔ 责任、期限、调整原因必填；存储失败给出未保存结果 (0.248792ms)
✔ 数据待补按事项分页和筛选，提供独立登记及来源刷新入口 (3.616333ms)
✔ 事项按自身负责人和修复期限筛选，不借任务跟单替代 (0.239958ms)
✔ 空在途范围不展示历史演示日期压力图 (2.401208ms)
✔ 未知预算仍保留串并行和汇合箭头，位置不依赖日期 (8.317167ms)
✔ 下游未开工且前置未完的逾期归为等待；根卡点标出具体工作和全部后继 (1.100583ms)
✔ 取消和已完成不是当前卡点，数据缺口不当执行逾期 (0.584375ms)
✔ 已开工工作即使前置未完，也保留其来源责任逾期并提示核对 (0.485542ms)
✔ 卡点范围仍显示上游参照及所有受影响后继，不显示无关支路 (0.997042ms)
✔ 单据摘要默认展开来源核心字段，不只展示时效 (0.740209ms)
✔ 需求摘要指向已存在的需求列表，入口不冒称独立详情 (0.425625ms)
✔ 缺少单据不得生成虚构摘要或默认完成数 (0.390167ms)
✔ 已实收的有效结束满足前置，取消前置不会被视为供给完成 (0.567167ms)
✔ 质检不合格仍是放行卡点，不因检验时间存在变为可放行 (0.494458ms)
✔ 来源已有不合格检验结果但缺建立时间时，不因前置未完而隐藏本项卡点 (0.83075ms)
✔ 作废且不计时不等于前置已完成；来源已阻断是明确卡点 (0.5405ms)
✔ 已知工作预算齐备但范围未确认时，公式页不得称作全程标准 (0.944792ms)
✔ 暂停或受阻工作不因遗留结束时间而放行下游 (1.584167ms)
✔ 生产准备初始化按编号读取定义与完整目录逐值一致，保留不存在时的契约 (2.320625ms)
✔ 单定义读取的可编辑数组保持隔离，不污染其他任务读取 (0.396959ms)
▶ execution source relations retain full facts without unrelated cold initialization
  ✔ cold read resolves real runtime scope and leaves print/dye execution ledgers untouched (180.75375ms)
  ✔ scoped cold result equals original complete enumeration after the same actual ID resolution (440.075625ms)
  ✔ production with print/dye uses all existing preparation facts and keeps unknown IDs unknown (508.215167ms)
  ✔ live explicit cross-order reference and cancellation facts survive scoped reading (57.331041ms)
  ✔ real persisted cancellation restores through the original validated path in a new process (1232.884667ms)
  ✔ QC reads real fact quantities and renders explicit missing artwork without placeholder network dependency (147.111625ms)
✔ execution source relations retain full facts without unrelated cold initialization (2884.507375ms)
(node:42965) ExperimentalWarning: localStorage is not available because --localstorage-file was not provided.
(Use `node --trace-warnings ...` to show where the warning was created)
✔ production source time uses explicit Shanghai time and rejects date-only completion (0.703292ms)
✔ DDS tasks use demand identity and do not invent preparation, budgets, shipment quantities or orders (6.124667ms)
✔ source bindings require existing same-style preparation and published technical version (0.3745ms)
✔ reuse preserves its source/version and does not add past preparation duration (0.353375ms)
✔ explicit unneeded work is excluded but unconfirmed missing work remains a decision, never zero-day completion (0.231459ms)
✔ explicit dependencies preserve parallel entries and repeated processes instead of serial sorting (1.441417ms)
✔ missing explicit predecessors do not become confirmed parallel roots (0.277625ms)
✔ missing predecessor and material SKU discontinuity block route certainty without fabricated edges (0.29ms)
✔ cyclic source dependency stays a blocking issue and source objects remain unchanged (0.96175ms)
✔ read snapshot uses all current demand records without private Mock tasks or automatic same-style preparations (79.875833ms)
✔ continuous material SKU edges stay confirmed while an unconfirmed route remains pending (0.2955ms)
✔ unverified reuse does not fabricate a completed zero-day result (2.627583ms)
✔ binding writes only the DDS association key and is reflected by the next read (25.39725ms)
✔ execution source uses exact production-order identity, assigned factory and responsibility deadline (1.11325ms)
✔ only a unique exact technical entry binds execution to route; same-name and split executions stay independent (0.823459ms)
✔ preparation-only source cycles are blocked without depending on a technical pack branch (0.354ms)
✔ source time and manual forecast stay separate from frozen rule examples and missing SLA (0.917958ms)
✔ cancelled execution is not a late blocker and unfinished status cannot borrow a stale completion timestamp (0.264625ms)
✔ document summaries are factual, compact strings; decisions without a document stay unbound (0.146459ms)
✔ formal preparation output connects the exact confirmation, route entry and production version (0.71825ms)
✔ technical object identity and its material photo are retained without using the style photo (0.502333ms)
✔ material transfer has serial dispatch, transport and receipt with separate responsibility and source identity (0.656708ms)
✔ approval, sent quantities and delivery-note registration cannot prove physical handout or logistics delivery (0.220917ms)
✔ actual handout starts transportation but factory receipt never backfills logistics delivery or reception start (0.134291ms)
✔ receipt quantities require the same source line, target factory and unit; mixed units never close reception (0.172958ms)
✔ voided transfers keep evidence but no effective supply or transport completion (0.232625ms)
✔ a document handout timestamp does not complete unshipped or partially shipped source lines (0.439292ms)
✔ only preparation-bound purchase documents are included, and purchase completion never invents warehouse arrival (0.699583ms)
✔ quality is scoped to its recorded sample and does not establish shipment orders or whole-order completion (0.219458ms)
✔ current source snapshot exposes matching handover, quality and transfer documents, not generic placeholders alone (5.397292ms)
✔ only a real same-version production order becomes a root execution predecessor (0.388958ms)
✔ task lead blocker matches dependency analysis instead of blaming an unstarted downstream deadline (0.122958ms)
✔ failed inspection exposes the concrete unqualified quantity as blocker reason (0.122958ms)
✔ category sample images never stand in for a source style; a dedicated source image is retained (0.158917ms)
(node:42966) ExperimentalWarning: localStorage is not available because --localstorage-file was not provided.
(Use `node --trace-warnings ...` to show where the warning was created)
✔ 当前非 Mock 需求可保存显式工作映射，序列化后可恢复且不改来源事实 (78.870375ms)
✔ 未保存映射、规则空天数、事件范围变化与同级冲突分别给出真实阻断 (9.783417ms)
✔ 同一工作不得存两份口径，来源身份变化或未知数量不允许保存 (12.63575ms)
✔ 工作单位不换算、通配值不充当事实、里程碑不重复加预算 (6.4565ms)
✔ 来源任务发布单项预算后保持整体待定，刷新覆盖和已有截止均保留 (8.237875ms)
✔ 缺准备或实发范围时即使要求首次建基线也阻断，并且不写覆盖 (3.96325ms)
✔ 已确认的未来发货工作尚无实发事实也可建 T0+最长路径基线，缺进度只影响预测 (1.050166ms)
✔ 已发布后来源工作身份变化，不把旧映射预算套到新单据 (10.948875ms)
✔ 配置页面保存映射到本地，空天数发布被阻断，填写预算后实际发布当前来源任务 (15.131ms)
✔ 查生产入口只在合法系统路由显示，并在打印与 PDA 路由隐藏 (1.054125ms)
✔ 相似前缀和相似打印段不会被当成合法路由 (0.182084ms)
(node:42969) ExperimentalWarning: localStorage is not available because --localstorage-file was not provided.
(Use `node --trace-warnings ...` to show where the warning was created)
✔ 静态生产单更新任务状态时保留原冻结资料，不强造不存在的技术版本 (0.722417ms)
✔ 沿用静态资料的例外不能用于新单、篡改快照或错误技术版本 (0.557ms)
(node:42970) ExperimentalWarning: localStorage is not available because --localstorage-file was not provided.
(Use `node --trace-warnings ...` to show where the warning was created)
✔ PERF-001: runtime snapshot and all nine subsets preserve every production order value and caller isolation (20.688208ms)
✔ PERF-001: a subset read does not traverse or clone unrelated snapshot sections (0.236334ms)
✔ PERF-001: paper pattern binding strips and nested craft arrays remain isolated after mutation (0.439792ms)
✔ PERF-001: replacing or updating the bound snapshot is visible immediately without a stale cache (0.384458ms)
✔ PERF-001: missing production order keeps null and empty-list contracts (0.509208ms)
(node:42971) ExperimentalWarning: localStorage is not available because --localstorage-file was not provided.
(Use `node --trace-warnings ...` to show where the warning was created)
✔ VERIFY-003: scoped reads preserve pending/voided sources and defensive copies (4.498375ms)
✔ VERIFY-003: metadata lookup reflects registry changes and returns independent locations (6.517833ms)
✔ 备份恢复不能借原票编号伪造另一种面料的交出回执 (0.84875ms)
✔ 部位票缓存感知已提交事件版本，重复读取同一版本不失效 (0.743792ms)
✔ 按名称排朴，空名拒绝，同名不同编码/颜色保留独立身份 (0.598542ms)
✔ 初始每面料一张，重复分配幂等；新增与补打不混淆 (0.957291ms)
✔ 改派未交票失效，已交历史不抹除，新范围递增序号 (0.491375ms)
✔ 部分出纸仅确认勾选票；重复确认不增加次数，内容变化拒绝 (0.130375ms)
✔ 整个批次多袋并集检查，非本次袋不可借用，顺序无关 (0.282667ms)
✔ 同任务同工厂历史可满足；不同任务或换厂必须另交 (0.156125ms)
✔ 三方自行裁剪排除，资料缺失与无需面料分开判断 (0.055042ms)
✔ 混装按类型和单位分项，换片布不能拆成非5 Yard (0.10025ms)
✔ 局域网 HTTP 的摘要与原生 SHA-256 相同，既有票号不变化 (11.0825ms)
(node:42976) ExperimentalWarning: localStorage is not available because --localstorage-file was not provided.
(Use `node --trace-warnings ...` to show where the warning was created)
✔ 混装打印保留裁片矩阵，捆条和换片布独立附页，不合并单位 (5.161125ms)
✔ 纯换片布袋可生成货物标识，不制造尺码和部位 (0.144833ms)
✔ 混装标签拒绝换片布错误长度、作废票和混生产单 (0.276ms)
✔ 生产单按单记录；变更一单不重写其他单和任务 (1.509375ms)
✔ 运行任务独立保存覆盖、拆分、合并、改派及序号，往返保留身份 (0.513083ms)
✔ 有效分配索引、独立记录、审计及序号完整往返，拒绝重复身份和损坏格式 (0.446875ms)
✔ 拒绝空字符串，不吞掉损坏记录 (0.073208ms)
✔ 拒绝数组根，不吞掉损坏记录 (0.049541ms)
✔ 拒绝生产单数组实体，不吞掉损坏记录 (0.044083ms)
✔ 拒绝生产单空编号，不吞掉损坏记录 (0.044958ms)
✔ 拒绝生产单损坏快照，不吞掉损坏记录 (0.045042ms)
✔ 拒绝任务覆盖数组，不吞掉损坏记录 (0.076208ms)
✔ 拒绝任务覆盖身份，不吞掉损坏记录 (0.096459ms)
✔ 拒绝拆分来源身份，不吞掉损坏记录 (0.059292ms)
✔ 拒绝拆分子项损坏，不吞掉损坏记录 (0.049709ms)
✔ 拒绝合并明细损坏，不吞掉损坏记录 (0.045792ms)
✔ 拒绝改派任务身份，不吞掉损坏记录 (0.038958ms)
✔ 拒绝不安全序号，不吞掉损坏记录 (0.033708ms)
✔ 拒绝重复Map键，不吞掉损坏记录 (0.044041ms)
✔ 拒绝current非数组，不吞掉损坏记录 (0.034ms)
✔ 拒绝current孤儿，不吞掉损坏记录 (0.043667ms)
✔ 拒绝current跨任务，不吞掉损坏记录 (0.586917ms)
✔ 拒绝current重复引用，不吞掉损坏记录 (0.207667ms)
✔ 拒绝审计孤儿，不吞掉损坏记录 (0.088583ms)
✔ 已保存实体损坏编号、缺少meta或重复meta不能伪造正常空源 (0.411375ms)
✔ 未登记key及空白JSON拒绝；null明确代表没有覆盖 (0.111125ms)
✔ 备份校验拒绝未知来源集合、伪造迁移身份及丢失检查点实体 (1.164875ms)
✔ 四类静态运行任务的删除标记完整往返，拒绝混入业务字段或假删除 (0.163083ms)
✔ 分配副产物按实体保存；合同、样衣及PPIC责任保留独立序号 (0.4705ms)
✔ 拒绝缺失渲染必需快照的合同，防止迁移清源后才暴露损坏 (0.049875ms)
✔ 关联实体损坏拒绝 unknown:X (0.044292ms)
✔ 关联实体损坏拒绝 material-context:A (0.03125ms)
✔ 关联实体损坏拒绝 return-sequence:value (0.035166ms)
✔ 关联实体损坏拒绝 sla-current:T (0.025333ms)
✔ 生产创建匹配来源按生产单身份校验并完整恢复 (0.187375ms)
✔ 工厂结束事实只允许明确任务、操作人和时间 (1.327708ms)
✔ 既有招标定标记录保留真实来源编号并校验价格与操作人 (0.506334ms)
✔ 开工交出单头只包含首次零交出事实，拒绝伪造数量和身份 (0.428791ms)
(node:42979) ExperimentalWarning: localStorage is not available because --localstorage-file was not provided.
(Use `node --trace-warnings ...` to show where the warning was created)
✔ 分配 SKU 的需料不同；多尺码共料去重，名称含朴排除 (3.213416ms)
✔ 完整但全是朴为空集合；缺颜色映射或空名称属于资料错误 (0.360334ms)
✔ 同名不同编码面料不混并；BOM 身份歧义阻断 (0.74525ms)
✔ 交出回执从快照保留三种明细，Yard 与米不进入裁片数量 (0.753583ms)
✔ 回执任务读取保持数组身份；只在事实变更后重新投影 (0.238459ms)
✔ 款式需料读取的配置查询只返回独立副本，不能污染下次来源读取 (0.3395ms)
✔ 来源读取失败时不能把不可用哨兵值当作稳定分配继续保存 (0.339417ms)
✔ 历史裁片实交保留原数量与归属，其他集合不混入 (0.541875ms)
✔ 历史缺原版本、交错明细、负数量或记录身份错误均阻断恢复 (0.261917ms)
✔ 面辅料单不可写入退役裁片历史，未完成迁移标记不可恢复 (0.104209ms)
✔ 并发调用复用同一个模块加载 Promise，成功后继续复用结果 (0.984916ms)
✔ 模块加载失败后清空缓存，下一次调用可以重试 (0.681291ms)
(node:42982) ExperimentalWarning: localStorage is not available because --localstorage-file was not provided.
(Use `node --trace-warnings ...` to show where the warning was created)
✔ 刷新时静态样衣命令重建不重放到已移交的持久用户状态，构造失败恢复输入 (4.827625ms)
✔ 独立打印外壳只命中完整生产确认单打印路由 (0.521208ms)
✔ 既有固定打印路由仍使用独立打印外壳 (0.092875ms)
✔ technical version reads do not write when storage is full (first visit) (363.677542ms)
✔ technical version reads do not write when storage is full (saved data) (330.516583ms)
✔ 五类页面共享采购到交出的串联 Mock，重复初始化不重置执行事实 (315.481ms)
✔ 补齐串联 Mock 时压缩历史大签名，避免浏览器存储接近上限导致页面路由失败 (310.882708ms)
✔ 三个中央工厂在组织目录与执行工厂中身份一致且仅出现一次 (0.479459ms)
✔ 花边角色与采购映射归属TMF但供应方仍保留独立身份 (0.340875ms)
✔ 橡筋定长切割仍归SPF，不成为TMF织带截断任务 (0.235708ms)
✔ 旧浏览器组织记录迁移后不与权威TMF并存且保留已有联系人 (7.206833ms)
(node:42988) ExperimentalWarning: localStorage is not available because --localstorage-file was not provided.
(Use `node --trace-warnings ...` to show where the warning was created)
✔ 连续织带实际650米交出→648+2实收→染色可用650，仓库和用料保持米制且无公斤换算 (11.17225ms)
✔ 连续长度口径不可用于纱线/码制，普通辅料仍要求实际称重 (1.367708ms)
✔ 原生连续辅料染色650→640：实际工厂实收及用料驱动加工，使用对象对应蓝色织带参考图 (580.694917ms)
(node:42989) ExperimentalWarning: localStorage is not available because --localstorage-file was not provided.
(Use `node --trace-warnings ...` to show where the warning was created)
✔ 织带与绳子参考档案接入实际物料库，保留图片来源和未确认尺寸，不替换橡筋 (55.619ms)
✔ 同分钟新建不同幅宽织带和绳径主档不共用SPU身份，SKU保持各自父档归属 (224.837583ms)
✔ TMF半成品SKU按SPU→潘通色号→颜色→花型生成，长度和端头不进入SKU (0.239667ms)
(node:42991) ExperimentalWarning: localStorage is not available because --localstorage-file was not provided.
(Use `node --trace-warnings ...` to show where the warning was created)
✔ TMF发布采用链：技术包发布门禁→审核发布→启用→生产单采用→生成织带加工需求 (698.649542ms)
✔ TMF发布门禁：含织带截断工序但规格未补齐的采用版本不能发布 (27.566417ms)
✔ 正式生产路线只关联相邻同BOM同SKU的染色→印花，不生成数量或修改来源 (0.916916ms)
✔ 跨单/版本/工序/用途/SKU/单位、缺工厂与已有其他接收单都不能接续 (2.832625ms)
✔ 印花连续辅料仅接同版本同BOM的直接截断节点，不修改SKU和数量 (2.623167ms)
✔ 染色来源已绑定印花时拒绝直接截断，不读取不存在的顶层字段 (0.798ms)
✔ TMF V1 原型范围、工厂身份和现场默认参数已冻结 (0.678375ms)
✔ TMF 风险动作默认要求主管与二次确认，采购行身份不可丢失 (0.064708ms)
{"scenario":"N02","scope":"业务动作主链含纱线重量账；含端头辅材采购实收；不含PCS发布采用页面、纱线采购上游","purchaseReceived":1300,"productionReceived":1000,"warehouseContinuousM":30,"netCutM":1260,"lossM":10,"headUnit":"个","headReceived":2020,"headRemaining":15}
{"scenario":"N03","scope":"业务动作主链含纱线重量账；含端头辅材采购实收；不含PCS发布采用页面、纱线采购上游","purchaseReceived":60,"productionReceived":100,"warehouseContinuousM":9,"netCutM":50,"lossM":1,"headUnit":"个","headReceived":202,"headRemaining":1}
{"scenario":"N04","scope":"业务动作主链含纱线重量账；含端头辅材采购实收；不含PCS发布采用页面、纱线采购上游","purchaseReceived":100,"productionReceived":50,"warehouseContinuousM":34,"netCutM":65,"lossM":1,"headUnit":"kg","headReceived":0.2,"headRemaining":0.04}
{"scenario":"B06","scope":"规范数量动作链；塑料头从仓库实收事实开始，补购基础生产未虚构纱线配方；不代表全部页面验收","continuous":9,"productionReceived":1000,"scrapped":100,"scrappedMeters":120,"loss":11,"metalRemaining":15,"plasticRemaining":2}
{"scenario":"N05","mergedBatch":"FULL-N05-MERGED","purchaseReceivedM":120,"mergedIssuedM":102,"mergedProducedPieces":200,"productionReceivedByOrder":[100,100],"warehouseContinuousM":19,"lossM":1,"returnedM":1}
{"scenario":"B17","mergedBatch":"FULL-B17-MERGED","purchaseReceivedM":120,"mergedIssuedM":102,"mergedProducedPieces":200,"productionReceivedByOrder":[100,100],"warehouseContinuousM":19,"lossM":1,"returnedM":1}
{"scenario":"N01","rawReceivedKg":12,"consumedKg":10,"returnedKg":1,"factoryRemainingKg":1,"semiFinishedReceivedM":1000}
{"scenario":"N02","rawReceivedKg":12,"consumedKg":10,"returnedKg":1,"factoryRemainingKg":1,"semiFinishedReceivedM":1300}
{"scenario":"N03","rawReceivedKg":12,"consumedKg":10,"returnedKg":1,"factoryRemainingKg":1,"semiFinishedReceivedM":60}
{"scenario":"N04","rawReceivedKg":12,"consumedKg":10,"returnedKg":1,"factoryRemainingKg":1,"semiFinishedReceivedM":100}
{"scenario":"N05","rawReceivedKg":12,"consumedKg":10,"returnedKg":1,"factoryRemainingKg":1,"semiFinishedReceivedM":120}
{"scenario":"PRINTBACK-source-fixture","nativePrint":{"inputM":650,"outputM":630,"lossM":20,"outputImage":"MISSING_BLOCKED"},"sourceDispatched":630,"actualReceived":630,"cutMeters":620,"lossMeters":2,"returnedMeters":8,"baseLeftMeters":350,"scope":"原生印花650→630已独立重放；下游630米交出仍为专项夹具，不替代缺图正式交出或N01完整上游"}
{"scenario":"B09-downstream-recovery","basePhysicalM":350,"otherReservedM":350,"baseAvailableM":0,"processedReturnM":8,"productionPieces":[400,600],"scope":"含实际占用失败、释放、发料及印花回料后全链；原生印染20米损耗未执行，不是完整B09通过"}
{"scenario":"B05-cut-recovery","received":[400,600],"frozenPieces":10,"frozenLengthMm":500,"continuous":2.5,"cutLoss":2.5,"upstreamScope":"印花630米已交出为外部专项夹具，不冒充原生印染20米损耗或全N01"}
(node:42997) ExperimentalWarning: localStorage is not available because --localstorage-file was not provided.
(Use `node --trace-warnings ...` to show where the warning was created)
✔ N01～N05：通过现有 PMS 入口下达，每条采购链从零执行到仓库实收；交出不提前增加库存 (15.4665ms)
✔ 半成品加工没有原料实收和足量耗用时禁止产出，补齐同一原料链后才能填报 (3.648875ms)
✔ MOCK-007：规范场景使用同一采购行、基础单和生产需求身份，不复制孤立页面 Mock (2.595417ms)
✔ MOCK-009：重置只重载隔离的运行态，不清除用户浏览器数据 (0.275625ms)
✔ B01/B03：短收保留在途和采购缺口；重复扫描、生成和刷新不双记 (0.803833ms)
✔ B02/B04：多收、错 SKU、错仓和无权限动作不改变任意下游数量；恢复后正常收齐 (2.266959ms)
✔ OVR-001～003：超产与超收须主管二次确认，计划不扩、幂等且下游一致 (3.274167ms)
✔ MASTER-001～003/005：采购与端头采购映射原型内建主档，缺失阻断且身份稳定 (5.021333ms)
✔ MASTER-004：映射前历史记录保留原快照与未映射标记，不批量改写 (0.396ms)
✔ TERM-001～005：取消后终止处置台逐项决定，未处置不得结案且数量对账守恒 (8.594542ms)
✔ 终止连续余料：实物余量只扣一次报废，拒绝超量且剩余数量可继续处置 (5.764667ms)
✔ GAP-TERM-004：上游未收与生产在途分别确认去向，不可重复登记 (0.757583ms)
✔ DYE-001～003：染色直交织带厂按实际交出分配实收，追溯原染色单且不重复扣料 (394.363625ms)
✔ 采购追加：未开始同步计划，已执行保留原计划和实物并处理变更 (5.089ms)
✔ B21：保存失败不报成功、不留部分库存；成功后刷新读取同一采购和收货事实 (1.304667ms)
✔ 采购→两种规格截断→拆包回仓→分配发料→生产实收：短收保留缺口，库存及采购不双记 (19.464ms)
✔ B09：其他需求占用400米时不能再占650；释放50后恢复，错误发料不改变库存 (5.197625ms)
✔ 需求来源：同尺码不同成衣SKU分别保留，BOM适用范围生效，错误快照和重复工序阻断 (0.383833ms)
✔ 待打头条料不计合格产出；超公差实物记不良且照实扣下料当量，未实收不可截断 (30.360458ms)
✔ N04：采购100米→单端硅胶按kg实耗→回仓发料→生产实收50根，连续料剩34米 (23.83475ms)
✔ B15：截断后取消保留1000根在制和1260米当量，释放未发占用并只退连续余料 (22.9315ms)
✔ 已回仓部分发料后取消：释放未发分配，冻结实存，已发在途保留且实收不恢复需求 (16.465667ms)
✔ N02规范数值：采购→实际加工→生产实收及米料/辅材退仓整链 (70.870208ms)
✔ N03规范数值：采购→实际加工→生产实收及米料/辅材退仓整链 (56.785708ms)
✔ N04规范数值：采购→实际加工→生产实收及米料/辅材退仓整链 (60.751291ms)
✔ B06规范恢复：误装100根报废→补购100米并补做→生产实收1000根，三套实物账守恒 (121.699666ms)
✔ N05合并批：120米采购→102米合并投入→两生产单各实收100，B17独立副本拆100为40+60 (81.372292ms)
✔ B17合并批：120米采购→102米合并投入→两生产单各实收100，B17独立副本拆100为40+60 (99.450834ms)
✔ N01～N05基础原料重量账：源仓实收→发出→工厂实收→耗用/余料→原仓实收，与米制产出独立 (226.142833ms)
✔ 主生产单暂停/取消直接限制织带执行，已发实收保留且取消处置释放未发占用 (65.0775ms)
✔ 冷启动及旧标签页均读取已保存主单限制，损坏来源不默许执行 (0.277458ms)
✔ 印花交出按两种长度分配，原单分次实收唯一记账，随后截断/回仓/领料守恒 (356.906166ms)
✔ 主单离页保存保留其他页取消及新增单，同单并发编辑和存储失败不覆盖 (3.0735ms)
✔ 技术包换版后旧规格冻结，已交出的仓库及生产在途可实收且不改旧长度 (61.934875ms)
✔ 未发料换版释放旧占用，新需求从备料至生产实收，旧预览和已执行重算阻断 (94.280917ms)
✔ 已加工换版：旧200条冻结并释放未发分配，新550/700mm需求实收1000条，旧预览失效且库存守恒 (120.926833ms)
✔ B05实际410/590错配：短条余量冻结，连续余料8米补10条700mm至两规格生产实收 (205.470167ms)
✔ 加工计划时间独立保存：明确时区、并发版本阻断、实际节点不倒推开完工且库存不变 (26.918125ms)
✔ 加工单费用按技术包需求计价：单位、币种和版本可追溯，库存与实收不被费用动作改变 (20.125625ms)
✔ 织带加工单没有接单或开工门禁，投入实收后可直接加工填报 (52.749666ms)
✔ B23未执行采购1000减900：版本留痕、旧预览阻断、重新确认接受后900实际生产实收 (52.187708ms)
✔ B24实收1000退100：仓库交出与TMF分次实收独立，原收保留且净900后减量 (87.100917ms)
✔ 采购取消门禁：无执行事实可取消，已收货或已生产必须先处置不能直接结案 (48.502541ms)
✔ PMS采购实际仓库实收与原料库存一次保存；分批、刷新、原料使用和退回均不重复履约 (140.477833ms)
✔ 历史手工到货及不支持的单位不能直接变成投入料可用库存 (1.010042ms)
✔ 首次实收前供应商确认与关闭可刷新恢复，保存失败和损坏存储不会覆盖状态 (0.420667ms)
✔ N01采用路线按染色→印花关联原单，多尺码不重复列工序，不修改印染数量 (1.173625ms)
✔ 旧版本、错误SKU、码制单位、取消或变更待处理均不作为有效关联 (0.227333ms)
✔ 同号不同生产单或BOM不得关联，重复来源不静默选择，混合快照阻断 (0.256667ms)
✔ 编辑器按尺码保留规格，截断打头不新建SKU，重复保存沿用节点身份 (3.073667ms)
✔ 无印染要求时 TMF 路线只生成截断节点，不凭空生成染色或印花节点 (0.282459ms)
✔ 前序印染产出SKU作为截断投入；保留独立橡筋工艺，移除打头后下游连接截断 (1.053375ms)
✔ 未明确打头、错误辅料BOM、无半成品和不合法前序不能生成可执行路线 (0.363875ms)
(node:43001) ExperimentalWarning: localStorage is not available because --localstorage-file was not provided.
(Use `node --trace-warnings ...` to show where the warning was created)
✔ N01：400 条 50CM 和 600 条 70CM 分行计算，共 620 米；未增加 SKU (1.280958ms)
✔ 缺少尺码数量、非整数条数、公差或测量条件时不猜测需求 (0.724666ms)
✔ B07：未选择打头、缺少端头方式或辅材不能确认；支持两端不同端头 (0.259ms)
✔ N04/B08：硅胶按重量且必须有覆盖长度，不作为独立金属头计数 (0.091917ms)
✔ B18：打头只能承接对应截断条料，不能换 SKU、换长度或重新领连续料 (0.287042ms)
✔ N05：规格相同可以合并，但尺码、用途和需求身份不靠物理规格键代替 (0.088042ms)
✔ B14：修改后续版本端头要求不能污染生产单历史快照 (0.713584ms)
✔ 发布门禁：含织带截断工序的技术包必须规格完整且规格仍关联当前 BOM (1.078959ms)
ℹ tests 552
ℹ suites 0
ℹ pass 552
ℹ fail 0
ℹ cancelled 0
ℹ skipped 0
ℹ todo 0
ℹ duration_ms 10815.794083
vite v6.4.3 building for production...
transforming...
✓ 2718 modules transformed.
rendering chunks...
[plugin vite:reporter] 
(!) /private/tmp/higoods-replacement-fabric-release-20260925/src/data/app-shell-config.ts is dynamically imported by /private/tmp/higoods-replacement-fabric-release-20260925/src/router/routes.ts but also statically imported by /private/tmp/higoods-replacement-fabric-release-20260925/src/components/shell.ts, /private/tmp/higoods-replacement-fabric-release-20260925/src/state/store.ts, dynamic import will not move module into another chunk.

[plugin vite:reporter] 
(!) /private/tmp/higoods-replacement-fabric-release-20260925/src/components/production-object-floating-entry.ts is dynamically imported by /private/tmp/higoods-replacement-fabric-release-20260925/src/main.ts but also statically imported by /private/tmp/higoods-replacement-fabric-release-20260925/src/components/shell.ts, dynamic import will not move module into another chunk.

[plugin vite:reporter] 
(!) /private/tmp/higoods-replacement-fabric-release-20260925/src/data/fcs/cutting/cutting-record-identity.ts is dynamically imported by /private/tmp/higoods-replacement-fabric-release-20260925/src/data/fcs/cutting/cutting-record-repository.ts but also statically imported by /private/tmp/higoods-replacement-fabric-release-20260925/src/data/fcs/cutting/cutting-event-migration.ts, /private/tmp/higoods-replacement-fabric-release-20260925/src/data/fcs/cutting/cutting-file-maintenance.ts, /private/tmp/higoods-replacement-fabric-release-20260925/src/data/fcs/cutting/part-ticket-records.ts, /private/tmp/higoods-replacement-fabric-release-20260925/src/data/fcs/cutting/replacement-fabric-fei-tickets.ts, /private/tmp/higoods-replacement-fabric-release-20260925/src/data/fcs/cutting/replacement-fabric-repository.ts, /private/tmp/higoods-replacement-fabric-release-20260925/src/data/fcs/cutting/retired-cut-piece-pickup-history.ts, /private/tmp/higoods-replacement-fabric-release-20260925/src/data/fcs/production-context-actions.ts, /private/tmp/higoods-replacement-fabric-release-20260925/src/data/fcs/production-context-records.ts, /private/tmp/higoods-replacement-fabric-release-20260925/src/pages/pda-cutting-save.ts, /private/tmp/higoods-replacement-fabric-release-20260925/src/pages/print/replacement-fabric-preview.ts, /private/tmp/higoods-replacement-fabric-release-20260925/src/pages/process-factory/cutting/replacement-fabric-fei-tickets.ts, /private/tmp/higoods-replacement-fabric-release-20260925/src/pages/process-factory/cutting/transfer-bags/state.ts, /private/tmp/higoods-replacement-fabric-release-20260925/src/pages/process-factory/cutting/wait-handover-actions.ts, /private/tmp/higoods-replacement-fabric-release-20260925/src/pages/production-contract-print.ts, /private/tmp/higoods-replacement-fabric-release-20260925/src/pages/unified-dispatch-workbench.ts, dynamic import will not move module into another chunk.

[plugin vite:reporter] 
(!) /private/tmp/higoods-replacement-fabric-release-20260925/src/data/fcs/production-context-records.ts is dynamically imported by /private/tmp/higoods-replacement-fabric-release-20260925/src/data/fcs/cutting/cutting-record-repository.ts, /private/tmp/higoods-replacement-fabric-release-20260925/src/main.ts but also statically imported by /private/tmp/higoods-replacement-fabric-release-20260925/src/data/fcs/cutting/cutting-event-repository.ts, /private/tmp/higoods-replacement-fabric-release-20260925/src/data/fcs/cutting/part-ticket-records.ts, /private/tmp/higoods-replacement-fabric-release-20260925/src/data/fcs/cutting/replacement-fabric-repository.ts, /private/tmp/higoods-replacement-fabric-release-20260925/src/data/fcs/cutting/replacement-fabric-source.ts, /private/tmp/higoods-replacement-fabric-release-20260925/src/data/fcs/cutting/retired-cut-piece-pickup-history.ts, /private/tmp/higoods-replacement-fabric-release-20260925/src/data/fcs/effective-task-assignments.ts, /private/tmp/higoods-replacement-fabric-release-20260925/src/data/fcs/pda-handover-events.ts, /private/tmp/higoods-replacement-fabric-release-20260925/src/data/fcs/production-context-actions.ts, /private/tmp/higoods-replacement-fabric-release-20260925/src/data/fcs/production-contracts.ts, /private/tmp/higoods-replacement-fabric-release-20260925/src/data/fcs/production-order-runtime-store.ts, /private/tmp/higoods-replacement-fabric-release-20260925/src/data/fcs/production-orders.ts, /private/tmp/higoods-replacement-fabric-release-20260925/src/data/fcs/runtime-process-tasks.ts, /private/tmp/higoods-replacement-fabric-release-20260925/src/data/fcs/sewing-outsourcing-responsibility.ts, /private/tmp/higoods-replacement-fabric-release-20260925/src/data/fcs/sewing-sample-approval-suggestion.ts, /private/tmp/higoods-replacement-fabric-release-20260925/src/pages/dispatch-tenders.ts, /private/tmp/higoods-replacement-fabric-release-20260925/src/pages/process-factory/cutting/replacement-fabric-data-tools.ts, /private/tmp/higoods-replacement-fabric-release-20260925/src/pages/production-context-recovery.ts, dynamic import will not move module into another chunk.

[plugin vite:reporter] 
(!) /private/tmp/higoods-replacement-fabric-release-20260925/src/data/fcs/printing-task-domain.ts is dynamically imported by /private/tmp/higoods-replacement-fabric-release-20260925/src/data/fcs/dyeing-task-domain.ts, /private/tmp/higoods-replacement-fabric-release-20260925/src/data/fcs/tmf-upstream-process-orders.ts, /private/tmp/higoods-replacement-fabric-release-20260925/src/data/pms/tmf-material-purchases.ts, /private/tmp/higoods-replacement-fabric-release-20260925/src/pages/process-factory/accessory/webbing/work-order-detail.ts, /private/tmp/higoods-replacement-fabric-release-20260925/src/pages/process-factory/accessory/webbing/work-order-detail.ts but also statically imported by /private/tmp/higoods-replacement-fabric-release-20260925/src/data/fcs/cutting/material-prep.ts, /private/tmp/higoods-replacement-fabric-release-20260925/src/data/fcs/cutting/supplement-node-facts.ts, /private/tmp/higoods-replacement-fabric-release-20260925/src/data/fcs/design-revision-material-transfer.ts, /private/tmp/higoods-replacement-fabric-release-20260925/src/data/fcs/design-revision-process-work-order-adapter.ts, /private/tmp/higoods-replacement-fabric-release-20260925/src/data/fcs/factory-receiving-links.ts, /private/tmp/higoods-replacement-fabric-release-20260925/src/data/fcs/factory-receiving-source-sync.ts, /private/tmp/higoods-replacement-fabric-release-20260925/src/data/fcs/mobile-execution-task-index.ts, /private/tmp/higoods-replacement-fabric-release-20260925/src/data/fcs/pda-start-link.ts, /private/tmp/higoods-replacement-fabric-release-20260925/src/data/fcs/printing-factory-demos.ts, /private/tmp/higoods-replacement-fabric-release-20260925/src/data/fcs/printing-material-receipts.ts, /private/tmp/higoods-replacement-fabric-release-20260925/src/data/fcs/printing-statistics.ts, /private/tmp/higoods-replacement-fabric-release-20260925/src/data/fcs/printing-warehouse-view.ts, /private/tmp/higoods-replacement-fabric-release-20260925/src/data/fcs/printing-work-order-business.ts, /private/tmp/higoods-replacement-fabric-release-20260925/src/data/fcs/process-action-writeback-service.ts, /private/tmp/higoods-replacement-fabric-release-20260925/src/data/fcs/process-execution-writeback.ts, /private/tmp/higoods-replacement-fabric-release-20260925/src/data/fcs/process-mobile-task-binding.ts, /private/tmp/higoods-replacement-fabric-release-20260925/src/data/fcs/process-warehouse-linkage-service.ts, /private/tmp/higoods-replacement-fabric-release-20260925/src/data/fcs/process-web-status-actions.ts, /private/tmp/higoods-replacement-fabric-release-20260925/src/data/fcs/process-work-order-domain.ts, /private/tmp/higoods-replacement-fabric-release-20260925/src/data/fcs/process-work-order-generation-service.ts, /private/tmp/higoods-replacement-fabric-release-20260925/src/data/fcs/production-demand-early-process-work-orders.ts, /private/tmp/higoods-replacement-fabric-release-20260925/src/data/fcs/production-object-overview.ts, /private/tmp/higoods-replacement-fabric-release-20260925/src/data/fcs/production-process-work-order-service.ts, /private/tmp/higoods-replacement-fabric-release-20260925/src/data/fcs/production-task-breakdown.ts, /private/tmp/higoods-replacement-fabric-release-20260925/src/data/fcs/task-print-cards.ts, /private/tmp/higoods-replacement-fabric-release-20260925/src/pages/pcs-independent-sampling.ts, /private/tmp/higoods-replacement-fabric-release-20260925/src/pages/pda-exec-detail.ts, /private/tmp/higoods-replacement-fabric-release-20260925/src/pages/pda-exec.ts, /private/tmp/higoods-replacement-fabric-release-20260925/src/pages/pda-task-receive.ts, /private/tmp/higoods-replacement-fabric-release-20260925/src/pages/print/templates/printing-work-order-template.ts, /private/tmp/higoods-replacement-fabric-release-20260925/src/pages/process-factory/cutting/production-order-overview-projection.ts, /private/tmp/higoods-replacement-fabric-release-20260925/src/pages/process-factory/dyeing/pending-receipts.ts, /private/tmp/higoods-replacement-fabric-release-20260925/src/pages/process-factory/printing/dashboards.ts, /private/tmp/higoods-replacement-fabric-release-20260925/src/pages/process-factory/printing/dialogs.ts, /private/tmp/higoods-replacement-fabric-release-20260925/src/pages/process-factory/printing/dispatch.ts, /private/tmp/higoods-replacement-fabric-release-20260925/src/pages/process-factory/printing/events.ts, /private/tmp/higoods-replacement-fabric-release-20260925/src/pages/process-factory/printing/presentation.ts, /private/tmp/higoods-replacement-fabric-release-20260925/src/pages/process-factory/printing/shared.ts, /private/tmp/higoods-replacement-fabric-release-20260925/src/pages/process-factory/printing/statistics.ts, /private/tmp/higoods-replacement-fabric-release-20260925/src/pages/process-factory/printing/work-order-detail.ts, /private/tmp/higoods-replacement-fabric-release-20260925/src/pages/process-print-orders.ts, /private/tmp/higoods-replacement-fabric-release-20260925/src/pages/process-work-orders/early-process-management.ts, /private/tmp/higoods-replacement-fabric-release-20260925/src/pages/production/demand-domain.ts, /private/tmp/higoods-replacement-fabric-release-20260925/src/runtime/fcs/cutting/pickup-management-runtime.ts, dynamic import will not move module into another chunk.

computing gzip size...
dist/index.html                                                           1.25 kB │ gzip:   0.63 kB
dist/assets/pcs-pattern-parse.worker-B3_rAVMB.js                         18.52 kB
dist/assets/source-views-23Nr_RHD.css                                    34.63 kB │ gzip:   7.04 kB
dist/assets/index-rEcgURmc.css                                          155.24 kB │ gzip:  25.42 kB
dist/assets/domain-snapshot-BbzAtsuJ.js                                   0.32 kB │ gzip:   0.24 kB
dist/assets/store-domain-quality-bootstrap-D_VVPiyC.js                    0.38 kB │ gzip:   0.25 kB
dist/assets/sample-warehouse-projection-VV9bJbL8.js                       0.39 kB │ gzip:   0.25 kB
dist/assets/dialogs-B6W0QNPK.js                                           0.58 kB │ gzip:   0.31 kB
dist/assets/pcs-style-demo-image-GDjoPqJf.js                              0.59 kB │ gzip:   0.28 kB
dist/assets/tech-pack-CKyquP0t.js                                         0.63 kB │ gzip:   0.34 kB
dist/assets/badge-D4eVJIys.js                                             0.78 kB │ gzip:   0.42 kB
dist/assets/images-Q79qfJD0.js                                            0.80 kB │ gzip:   0.35 kB
dist/assets/pms-export-CPynoX4q.js                                        0.83 kB │ gzip:   0.50 kB
dist/assets/placeholder-BiHB9ZXP.js                                       0.85 kB │ gzip:   0.47 kB
dist/assets/pda-cutting-save-Bl6uIeRH.js                                  0.88 kB │ gzip:   0.60 kB
dist/assets/trace-Jw3m5TPG.js                                             0.89 kB │ gzip:   0.51 kB
dist/assets/runtime-DY769RIr.js                                           0.90 kB │ gzip:   0.61 kB
dist/assets/execution-prep-projection-helpers-B8Xcsa3v.js                 0.94 kB │ gzip:   0.46 kB
dist/assets/history-7oxiJup_.js                                           0.98 kB │ gzip:   0.63 kB
dist/assets/payment-sync-DOTZVjBy.js                                      1.01 kB │ gzip:   0.64 kB
dist/assets/print-service-CyrwQfQw.js                                     1.04 kB │ gzip:   0.52 kB
dist/assets/pda-sewing-self-return-mode-CVT5AEl1.js                       1.07 kB │ gzip:   0.54 kB
dist/assets/detail.adapter-CIxpg85j.js                                    1.08 kB │ gzip:   0.68 kB
dist/assets/process-work-order-generation-service-ClGGt7BM.js             1.08 kB │ gzip:   0.65 kB
dist/assets/dyeing-material-receipts-B1LaKPmd.js                          1.11 kB │ gzip:   0.73 kB
dist/assets/pda-runtime-DjbqzVTc.js                                       1.16 kB │ gzip:   0.64 kB
dist/assets/replacement-fabric-scan-BxFc9WvY.js                           1.28 kB │ gzip:   0.81 kB
dist/assets/overview-yN5VhDg-.js                                          1.29 kB │ gzip:   0.71 kB
dist/assets/process-work-order-source-view-CDvcTbSU.js                    1.31 kB │ gzip:   0.58 kB
dist/assets/transfer-bag-handover-mock-CKNAcVXs.js                        1.31 kB │ gzip:   0.71 kB
dist/assets/work-order-action-policy-BITV8wZU.js                          1.34 kB │ gzip:   0.68 kB
dist/assets/dialogs-DcJ1i8Hm.js                                           1.42 kB │ gzip:   0.63 kB
dist/assets/filter-bar-CQPG7S5l.js                                        1.49 kB │ gzip:   0.81 kB
dist/assets/material-identity-2Wsnh_Xs.js                                 1.54 kB │ gzip:   0.85 kB
dist/assets/supplement-material-prep-demand-registry-DI-N3DvB.js          1.56 kB │ gzip:   0.75 kB
dist/assets/warehouse-shared-D8aU8Ke7.js                                  1.57 kB │ gzip:   0.51 kB
dist/assets/pda-cutting-wait-handover-actions-Cdl-OE45.js                 1.58 kB │ gzip:   0.62 kB
dist/assets/task-handover-domain-Cz47OVmp.js                              1.58 kB │ gzip:   0.77 kB
dist/assets/task-chain-pages-adapter-B3Wh1wuP.js                          1.72 kB │ gzip:   0.84 kB
dist/assets/real-qr-CLy_77B8.js                                           1.74 kB │ gzip:   0.93 kB
dist/assets/work-order-detail-DADF6TQc.js                                 1.78 kB │ gzip:   0.82 kB
dist/assets/real-barcode-D5JeM6KP.js                                      1.81 kB │ gzip:   0.96 kB
dist/assets/wool-pda-scan-DqHmwPz-.js                                     1.81 kB │ gzip:   1.00 kB
dist/assets/tmf-upstream-receiving-8U_5qVqV.js                            1.84 kB │ gzip:   1.14 kB
dist/assets/toast-DbXW_Ah0.js                                             1.87 kB │ gzip:   0.90 kB
dist/assets/mixed-transfer-bag-ticket-DETTPWFm.js                         1.89 kB │ gzip:   0.79 kB
dist/assets/kol-goto-fixed-total-ledger-CBceIwpL.js                       1.93 kB │ gzip:   0.92 kB
dist/assets/list-export-CcCa0gcW.js                                       1.99 kB │ gzip:   1.18 kB
dist/assets/printing-sheet-preview-pLHYItcJ.js                            2.03 kB │ gzip:   1.05 kB
dist/assets/confirmation-print-CToaNXh4.js                                2.03 kB │ gzip:   0.94 kB
dist/assets/table-iSdp6WkJ.js                                             2.04 kB │ gzip:   1.03 kB
dist/assets/binding-process-pda-scan-CbKFd6tc.js                          2.18 kB │ gzip:   1.13 kB
dist/assets/cutting-file-maintenance-D4ffZqs3.js                          2.19 kB │ gzip:   1.17 kB
dist/assets/special-craft-pda-scope-eHgHZTKe.js                           2.24 kB │ gzip:   1.02 kB
dist/assets/task-route-card-JIZ6KB4A.js                                   2.30 kB │ gzip:   1.08 kB
dist/assets/mixed-bag-contents-BEhAW6rS.js                                2.33 kB │ gzip:   1.29 kB
dist/assets/task-delivery-card-Cga_eJ_W.js                                2.36 kB │ gzip:   1.16 kB
dist/assets/production-context-recovery-DsivHV9Q.js                       2.36 kB │ gzip:   1.24 kB
dist/assets/production-contract-print-BWTFcz6Y.js                         2.42 kB │ gzip:   1.38 kB
dist/assets/helpers-BFKa6pUf.js                                           2.42 kB │ gzip:   1.21 kB
dist/assets/pda-cutting-simple-cut-piece-handover-C1Ny3vWQ.js             2.50 kB │ gzip:   1.26 kB
dist/assets/tmf-work-order-view-WID3y5tp.js                               2.56 kB │ gzip:   1.18 kB
dist/assets/pms-excel-import-DnMCWv6B.js                                  2.66 kB │ gzip:   1.32 kB
dist/assets/shared--JWkAGV2.js                                            2.70 kB │ gzip:   1.03 kB
dist/assets/process-order-list-presentation-lIV0zyPg.js                   2.71 kB │ gzip:   1.27 kB
dist/assets/post-finishing-spu-technical-parameters-BpdXg0lw.js           2.79 kB │ gzip:   1.28 kB
dist/assets/marker-plan-projection-DqHMISna.js                            2.83 kB │ gzip:   1.22 kB
dist/assets/authorization-code-pNOjtV_N.js                                2.91 kB │ gzip:   1.43 kB
dist/assets/process-order-task-relations-BqZQYYJ3.js                      2.97 kB │ gzip:   1.29 kB
dist/assets/production-order-identity-DO5d5GFG.js                         3.00 kB │ gzip:   1.24 kB
dist/assets/product-skus-CEt6Fukj.js                                      3.03 kB │ gzip:   0.96 kB
dist/assets/tabs-DkeccZ6g.js                                              3.09 kB │ gzip:   0.93 kB
dist/assets/pda-cutting-runtime-action-inputs-CqDe04Tv.js                 3.15 kB │ gzip:   1.09 kB
dist/assets/trade-subjects-B1U82DIE.js                                    3.16 kB │ gzip:   1.12 kB
dist/assets/progress-board-BHD7EmbQ.js                                    3.17 kB │ gzip:   1.50 kB
dist/assets/tmf-upstream-process-orders-BJG8sstD.js                       3.38 kB │ gzip:   1.61 kB
dist/assets/cutting-mainline-DAwxIxg-.js                                  3.41 kB │ gzip:   1.53 kB
dist/assets/binding-process-warehouse-linkage-service-Cs3reT6-.js         3.62 kB │ gzip:   1.38 kB
dist/assets/fcs-route-links-BdCFaX2E.js                                   3.67 kB │ gzip:   1.20 kB
dist/assets/quality-chain-adapter-BLBwapEq.js                             3.68 kB │ gzip:   1.66 kB
dist/assets/shared-DA5KCs37.js                                            3.73 kB │ gzip:   1.70 kB
dist/assets/shared-a9Ks2mGr.js                                            3.91 kB │ gzip:   1.64 kB
dist/assets/sewing-outsourcing-demo-B8X2jRwv.js                           4.01 kB │ gzip:   1.62 kB
dist/assets/transfer-bag-repack-mock-B_Che752.js                          4.04 kB │ gzip:   1.87 kB
dist/assets/tipping-form-yXSYAfpE.js                                      4.07 kB │ gzip:   2.02 kB
dist/assets/wls-page-handlers-CYzVZiz9.js                                 4.09 kB │ gzip:   1.39 kB
dist/assets/dashboards-iPm2V9Ty.js                                        4.10 kB │ gzip:   2.02 kB
dist/assets/transit-simple-lists-CaQsKexC.js                              4.14 kB │ gzip:   1.46 kB
dist/assets/replacement-fabric-label-template-BDVEGDE5.js                 4.40 kB │ gzip:   2.02 kB
dist/assets/pda-wool-warehouse-flows-BYOMgn2H.js                          4.48 kB │ gzip:   2.38 kB
dist/assets/supplement-order-registry-CHnc7juB.js                         4.49 kB │ gzip:   1.76 kB
dist/assets/tmf-process-print-preview-CVR072Kh.js                         4.58 kB │ gzip:   2.17 kB
dist/assets/preparation-material-receipt-sources-gNkp8kYv.js              4.68 kB │ gzip:   1.95 kB
dist/assets/sewing-outsourcing-responsibility-DS9wRPzN.js                 4.71 kB │ gzip:   2.05 kB
dist/assets/replacement-fabric-preview-C0L_Je1D.js                        4.72 kB │ gzip:   2.35 kB
dist/assets/form-BYw8xtBH.js                                              4.74 kB │ gzip:   1.41 kB
dist/assets/layout.helpers-BktQD0cy.js                                    4.76 kB │ gzip:   1.73 kB
dist/assets/runtime-task-tenders-YGz6fHpq.js                              4.76 kB │ gzip:   1.94 kB
dist/assets/relations-S-es3O7K.js                                         4.77 kB │ gzip:   2.17 kB
dist/assets/transit-dashboard-D5jqvJVy.js                                 4.85 kB │ gzip:   2.05 kB
dist/assets/result-list-BYInx8Ml.js                                       4.94 kB │ gzip:   2.06 kB
dist/assets/routes-pcs-C_J5iwLq.js                                        4.99 kB │ gzip:   1.44 kB
dist/assets/store-domain-dispatch-process-Csg8jFEd.js                     5.01 kB │ gzip:   1.95 kB
dist/assets/routes-pda-B1Rd2Qej.js                                        5.01 kB │ gzip:   1.90 kB
dist/assets/cutting-event-migration-DBhn2_vk.js                           5.02 kB │ gzip:   2.02 kB
dist/assets/process-order-list-controller-KNtok0QN.js                     5.07 kB │ gzip:   1.91 kB
dist/assets/process-work-order-quality-settlement-DxtiEMQ-.js             5.33 kB │ gzip:   2.20 kB
dist/assets/dispatch-task-sheet-6m2aNK51.js                               5.54 kB │ gzip:   2.63 kB
dist/assets/retired-cut-piece-pickup-history-CO3d0ZC0.js                  5.65 kB │ gzip:   2.28 kB
dist/assets/process-order-three-axis-view-BiuIQTGe.js                     5.76 kB │ gzip:   2.32 kB
dist/assets/production-contract-center-DDlqM7DI.js                        5.81 kB │ gzip:   2.50 kB
dist/assets/pda-cutting-nav-context-rz95WAZ9.js                           5.95 kB │ gzip:   1.40 kB
dist/assets/transfer-bags-projection-gpBtjgu8.js                          5.99 kB │ gzip:   2.36 kB
dist/assets/fcs-pda-pickup-dispute-Db2OnLPu.js                            6.19 kB │ gzip:   2.19 kB
dist/assets/pda-transfer-bag-detail-DlOT-2AP.js                           6.19 kB │ gzip:   2.28 kB
dist/assets/material-handover-DUEaQJ4d.js                                 6.25 kB │ gzip:   2.44 kB
dist/assets/fact-view-BvegjNzr.js                                         6.29 kB │ gzip:   2.08 kB
dist/assets/warehouse-standard-DTx-BvEK.js                                6.30 kB │ gzip:   2.10 kB
dist/assets/statistics-BeEXMKFK.js                                        6.39 kB │ gzip:   1.93 kB
dist/assets/craft-actions-C7lGSfi2.js                                     6.42 kB │ gzip:   2.91 kB
dist/assets/pcs-project-technical-data-writeback-D8_FRkVF.js              6.49 kB │ gzip:   2.52 kB
dist/assets/production-context-actions-B23xVVfO.js                        6.55 kB │ gzip:   2.68 kB
dist/assets/pcs-technical-data-tech-pack-list-v4QL_v1i.js                 6.55 kB │ gzip:   2.50 kB
dist/assets/factory-receiving-links-DOvNmKWF.js                           6.57 kB │ gzip:   2.64 kB
dist/assets/workbench-CrMp1Tq0.js                                         6.59 kB │ gzip:   2.67 kB
dist/assets/pda-notify-mYZ2ZRGu.js                                        6.61 kB │ gzip:   2.43 kB
dist/assets/sewing-outsourcing-supplement-tracking-CtD4W_ef.js            6.63 kB │ gzip:   2.89 kB
dist/assets/shared-DJyt0qlu.js                                            6.82 kB │ gzip:   2.52 kB
dist/assets/production-contract-master-template-DgQVmuFv.js               6.85 kB │ gzip:   2.74 kB
dist/assets/pcs-testing-order-create-DXHseWtg.js                          6.89 kB │ gzip:   2.66 kB
dist/assets/dye-work-order-times-w7U4XCtx.js                              7.22 kB │ gzip:   2.55 kB
dist/assets/shared-CTHHNV02.js                                            7.26 kB │ gzip:   2.55 kB
dist/assets/pda-cutting-execution-unit-DOKXtNRF.js                        7.32 kB │ gzip:   2.76 kB
dist/assets/overview.helpers-BP2F5Yu8.js                                  7.36 kB │ gzip:   2.88 kB
dist/assets/settlement-flow-boundaries-DbkSNas3.js                        7.43 kB │ gzip:   2.53 kB
dist/assets/pda-notify-detail-DGB32Brb.js                                 7.50 kB │ gzip:   2.39 kB
dist/assets/pda-cutting-fei-ticket-numbering-CbbreTZy.js                  7.52 kB │ gzip:   2.51 kB
dist/assets/transit-warehouse-CGN4xIMS.js                                 7.54 kB │ gzip:   2.13 kB
dist/assets/production-craft-dict-CiEYRGzK.js                             7.55 kB │ gzip:   2.84 kB
dist/assets/pcs-product-information-DHIxIK_Q.js                           7.58 kB │ gzip:   3.32 kB
dist/assets/pda-warehouse-BrQLf9Jd.js                                     7.60 kB │ gzip:   3.03 kB
dist/assets/sewing-outsourcing-return-tracking-dvAWF-4k.js                7.61 kB │ gzip:   2.86 kB
dist/assets/workbench-ZCmubd-q.js                                         7.69 kB │ gzip:   3.16 kB
dist/assets/supplement-node-facts-BisDrMzT.js                             7.77 kB │ gzip:   2.85 kB
dist/assets/pcs-material-archive-detail-CUkIxqGM.js                       7.80 kB │ gzip:   2.75 kB
dist/assets/pcs-testing-order-list-DbHBdRml.js                            7.92 kB │ gzip:   3.05 kB
dist/assets/tmf-process-sheet-template-baacoYTY.js                        7.98 kB │ gzip:   3.80 kB
dist/assets/production-contracts-lh1mEzWO.js                              8.03 kB │ gzip:   2.74 kB
dist/assets/progress-exception-lifecycle-BJx0gSBY.js                      8.09 kB │ gzip:   2.70 kB
dist/assets/pda-cutting-transfer-bag-recovery-DGRlqxKS.js                 8.16 kB │ gzip:   3.40 kB
dist/assets/routes-pms-FMhcoTWM.js                                        8.30 kB │ gzip:   2.10 kB
dist/assets/milestone-configs-DFS1pVeL.js                                 8.42 kB │ gzip:   2.95 kB
dist/assets/statistics-DbqCFNQ1.js                                        8.42 kB │ gzip:   3.65 kB
dist/assets/bom-templates-Br7_yp-y.js                                     8.47 kB │ gzip:   1.81 kB
dist/assets/pda-cutting-transfer-bag-scrap-zVe4Tzvf.js                    8.55 kB │ gzip:   3.53 kB
dist/assets/pre-settlement-ledger-repository-CC96omwV.js                  8.64 kB │ gzip:   2.96 kB
dist/assets/pcs-pattern-library-config-DqiqQt9z.js                        8.77 kB │ gzip:   2.39 kB
dist/assets/fei-ticket-numbering-DsgsBz2s.js                              8.82 kB │ gzip:   3.09 kB
dist/assets/bom-templates-BexKaA6e.js                                     8.84 kB │ gzip:   3.68 kB
dist/assets/navigation-context-BxefIdgT.js                                8.87 kB │ gzip:   2.46 kB
dist/assets/warehouses-DXIIcLc2.js                                        8.88 kB │ gzip:   2.11 kB
dist/assets/pda-cutting-shared-BzI-3pib.js                                8.90 kB │ gzip:   2.74 kB
dist/assets/yarn-shipments-y0hvN7t6.js                                    8.96 kB │ gzip:   4.06 kB
dist/assets/cutting-event-repository-BklawEOj.js                          9.01 kB │ gzip:   3.98 kB
dist/assets/list-DJmeVPdG.js                                              9.08 kB │ gzip:   3.04 kB
dist/assets/pda-execution-CfUY9REl.js                                     9.28 kB │ gzip:   3.68 kB
dist/assets/handover-records-DI71iDah.js                                  9.35 kB │ gzip:   3.56 kB
dist/assets/pda-login-TRIlZCdL.js                                         9.52 kB │ gzip:   3.67 kB
dist/assets/dye-work-order-online-domain-C0iUAX8g.js                      9.53 kB │ gzip:   3.55 kB
dist/assets/sewing-pickup-slips-M1VE1fem.js                               9.56 kB │ gzip:   3.59 kB
dist/assets/production-receipts-C_niVRLO.js                               9.77 kB │ gzip:   3.94 kB
dist/assets/pending-receipts-Cm-e0tP4.js                                  9.91 kB │ gzip:   4.10 kB
dist/assets/continuous-stock-BkMhhQYt.js                                 10.10 kB │ gzip:   4.12 kB
dist/assets/purchase-suggestions-Duv_PHLl.js                             10.15 kB │ gzip:   3.10 kB
dist/assets/trade-subjects-B1C8m2BC.js                                   10.23 kB │ gzip:   3.72 kB
dist/assets/production-return-fulfillment-ByfRZbuW.js                    10.44 kB │ gzip:   3.97 kB
dist/assets/settings-BzJT25Pw.js                                         10.69 kB │ gzip:   3.23 kB
dist/assets/product-skus-BanMvXh6.js                                     10.71 kB │ gzip:   4.13 kB
dist/assets/pms-handlers-BaMgRntj.js                                     10.76 kB │ gzip:   2.38 kB
dist/assets/transit-receipts-Du1M81MF.js                                 10.96 kB │ gzip:   4.01 kB
dist/assets/task-breakdown-DVtEKTaY.js                                   11.05 kB │ gzip:   4.07 kB
dist/assets/presentation-C2fOHPml.js                                     11.17 kB │ gzip:   4.59 kB
dist/assets/material-transfers-eESnUPQe.js                               11.32 kB │ gzip:   3.93 kB
dist/assets/pda-exec-link-CKJO1zao.js                                    11.32 kB │ gzip:   3.69 kB
dist/assets/tasks-CEqQsT40.js                                            11.34 kB │ gzip:   4.36 kB
dist/assets/material-prep-DL8zMuOR.js                                    11.40 kB │ gzip:   2.68 kB
dist/assets/dyeing-warehouse-view-BnVy8RzE.js                            11.46 kB │ gzip:   3.94 kB
dist/assets/warehouses-CjUzjynp.js                                       11.71 kB │ gzip:   4.22 kB
dist/assets/process-statistics-domain-T_WC_wfi.js                        12.19 kB │ gzip:   3.97 kB
dist/assets/pickup-management-runtime-Tsak5BsI.js                        12.20 kB │ gzip:   4.71 kB
dist/assets/task-execution-adapter-DYx_bRtu.js                           12.22 kB │ gzip:   3.67 kB
dist/assets/bom-detail-3nOJTYXQ.js                                       12.33 kB │ gzip:   4.32 kB
dist/assets/wls-inbound-840ex5s2.js                                      12.37 kB │ gzip:   4.76 kB
dist/assets/returns-l_X1KhBc.js                                          12.44 kB │ gzip:   4.60 kB
dist/assets/handover-print-C2iWSKIq.js                                   12.46 kB │ gzip:   4.50 kB
dist/assets/cut-piece-return-warehouse-DoLB9fPP.js                       12.52 kB │ gzip:   4.39 kB
dist/assets/pcs-handlers-CjeFvwuQ.js                                     12.69 kB │ gzip:   2.88 kB
dist/assets/context-ByiIs5Z9.js                                          13.01 kB │ gzip:   4.59 kB
dist/assets/handover-records-Kw5mZOGq.js                                 13.15 kB │ gzip:   4.14 kB
dist/assets/meta-mD6BbR_q.js                                             13.16 kB │ gzip:   2.95 kB
dist/assets/tmf-base-demo-kqgjQOTP.js                                    13.17 kB │ gzip:   4.74 kB
dist/assets/supplements-CcUt397w.js                                      13.18 kB │ gzip:   4.76 kB
dist/assets/wls-finished-inbound-CW11BgUX.js                             13.21 kB │ gzip:   5.01 kB
dist/assets/design-revision-process-work-order-adapter-L4-a4dOR.js       13.27 kB │ gzip:   3.84 kB
dist/assets/pda-start-link-C7nPkQ9C.js                                   13.37 kB │ gzip:   4.73 kB
dist/assets/responsibility-transfers-DQWtcbGL.js                         13.41 kB │ gzip:   5.04 kB
dist/assets/work-orders-CSn5v9jI.js                                      13.88 kB │ gzip:   4.69 kB
dist/assets/work-orders--hNeOH4C.js                                      13.99 kB │ gzip:   5.19 kB
dist/assets/workbench-Cs8Y7fEa.js                                        14.07 kB │ gzip:   4.07 kB
dist/assets/work-order-detail-DubJuhJI.js                                14.17 kB │ gzip:   4.49 kB
dist/assets/mobile-execution-task-index-CdImIkd8.js                      14.21 kB │ gzip:   3.78 kB
dist/assets/post-finishing-qc-print-template-DYkS7Tej.js                 14.45 kB │ gzip:   4.45 kB
dist/assets/printing-sheet-template-Bp2jEOem.js                          14.51 kB │ gzip:   5.01 kB
dist/assets/work-orders-CTpPVdjv.js                                      14.72 kB │ gzip:   4.77 kB
dist/assets/reports-BvSDgacr.js                                          14.83 kB │ gzip:   3.57 kB
dist/assets/full-flow-print-Dz4AMWpy.js                                  14.93 kB │ gzip:   4.85 kB
dist/assets/progress-handover-order-DTuvSOk8.js                          15.10 kB │ gzip:   4.31 kB
dist/assets/outbound-orders-BK3btZ8T.js                                  15.38 kB │ gzip:   4.94 kB
dist/assets/cut-order-release-integration-CZUFHxyr.js                    15.38 kB │ gzip:   5.46 kB
dist/assets/machines-dm3yPkiQ.js                                         15.39 kB │ gzip:   5.03 kB
dist/assets/replacement-fabric-repository-BWl1vb1e.js                    15.57 kB │ gzip:   5.95 kB
dist/assets/pda-cutting-task-detail-CXTlW9NW.js                          15.62 kB │ gzip:   5.45 kB
dist/assets/pcs-engineering-tech-pack-workspace-C_oJMmVd.js              15.82 kB │ gzip:   5.66 kB
dist/assets/process-web-status-actions-BoUyxvWx.js                       15.97 kB │ gzip:   4.24 kB
dist/assets/simple-cut-piece-handover-fixtures-CgIA2NR2.js               15.97 kB │ gzip:   5.31 kB
dist/assets/cut-order-supplement-fixture-mhMqw-mX.js                     15.97 kB │ gzip:   4.83 kB
dist/assets/pda-sewing-self-return--efiXHWE.js                           16.03 kB │ gzip:   5.29 kB
dist/assets/progress-cutting-detail-DPwuvFYs.js                          16.11 kB │ gzip:   3.82 kB
dist/assets/handover-ledger-view-1vf-Ry1e.js                             16.17 kB │ gzip:   4.44 kB
dist/assets/wls-garment-relabel-tasks-m8o6aC08.js                        16.24 kB │ gzip:   5.33 kB
dist/assets/garment-spu-replacement-DJ6uD0DB.js                          16.36 kB │ gzip:   5.01 kB
dist/assets/pda-notify-due-soon-XyWxKepe.js                              16.61 kB │ gzip:   5.57 kB
dist/assets/suppliers-CF8Vrskm.js                                        16.77 kB │ gzip:   4.64 kB
dist/assets/material-requirements-CiuAw_qk.js                            16.81 kB │ gzip:   5.68 kB
dist/assets/part-ticket-records-pkacIvPE.js                              17.00 kB │ gzip:   6.35 kB
dist/assets/events-Bfp4s6FU.js                                           17.01 kB │ gzip:   6.66 kB
dist/assets/sewing-cut-piece-return-workflow-ByFxH_YB.js                 17.21 kB │ gzip:   6.09 kB
dist/assets/production-confirmation-DQXridLK.js                          17.25 kB │ gzip:   5.89 kB
dist/assets/warehouse-B9Jk8KQr.js                                        17.46 kB │ gzip:   5.42 kB
dist/assets/marker-spreading-projection-DhDm6UGh.js                      17.50 kB │ gzip:   5.54 kB
dist/assets/output-stock-BquMrW5C.js                                     17.52 kB │ gzip:   6.60 kB
dist/assets/sewing-cut-piece-responsibility-DDYU6kk8.js                  17.58 kB │ gzip:   5.28 kB
dist/assets/bom-detail-OnkHDjF-.js                                       17.76 kB │ gzip:   5.73 kB
dist/assets/process-mobile-task-binding-ByeEigl3.js                      17.90 kB │ gzip:   6.26 kB
dist/assets/pcs-testing-order-detail-PUwNvICD.js                         18.17 kB │ gzip:   5.13 kB
dist/assets/adjustments-BOaaJpQb.js                                      18.19 kB │ gzip:   5.50 kB
dist/assets/pda-warehouse-inbound-records-5ff2XMqB.js                    18.27 kB │ gzip:   5.15 kB
dist/assets/purchase-demands-m9j-BECn.js                                 18.29 kB │ gzip:   5.86 kB
dist/assets/platform-process-result-view-DLCMcn2M.js                     18.53 kB │ gzip:   5.32 kB
dist/assets/store-domain-statement-source-adapter-DrSsVkkY.js            18.56 kB │ gzip:   5.31 kB
dist/assets/sewing-outsourcing-workbench-CUGXb_Qz.js                     18.67 kB │ gzip:   6.48 kB
dist/assets/pda-warehouse-shared-CSFMsDch.js                             18.74 kB │ gzip:   5.59 kB
dist/assets/task-orders-CLiE9yCS.js                                      18.77 kB │ gzip:   6.34 kB
dist/assets/pda-warehouse-outbound-records-C8YU1nOQ.js                   18.77 kB │ gzip:   5.38 kB
dist/assets/process-water-soluble-orders-ivzbLPVl.js                     18.84 kB │ gzip:   5.74 kB
dist/assets/materials-BA_owAdW.js                                        18.93 kB │ gzip:   4.79 kB
dist/assets/production-demand-early-process-work-orders-BDX-ZDgY.js      18.93 kB │ gzip:   5.65 kB
dist/assets/print-preview-C-ErAEgM.js                                    19.03 kB │ gzip:   6.85 kB
dist/assets/pda-handlers-BLQUhZwt.js                                     19.08 kB │ gzip:   5.08 kB
dist/assets/kol-goto-pda-domain-BNP8_0S5.js                              19.20 kB │ gzip:   6.53 kB
dist/assets/platform.adapter-C6o9ljv9.js                                 19.25 kB │ gzip:   6.09 kB
dist/assets/shared-Cjb5sf19.js                                           19.47 kB │ gzip:   5.27 kB
dist/assets/product-purchase-orders-Cg5SKldL.js                          19.50 kB │ gzip:   5.76 kB
dist/assets/stage-display-Botl6KSC.js                                    19.66 kB │ gzip:   6.94 kB
dist/assets/audit-records-OjhfZHaC.js                                    19.69 kB │ gzip:   6.37 kB
dist/assets/units-za5KX1Iw.js                                            19.70 kB │ gzip:   5.88 kB
dist/assets/factory-sample-verification-flow-Dcq7zhZ0.js                 19.86 kB │ gzip:   4.87 kB
dist/assets/index-CEDrKD5H.js                                            20.17 kB │ gzip:   5.20 kB
dist/assets/material-purchase-tracking-esxDV1FP.js                       20.29 kB │ gzip:   6.35 kB
dist/assets/deduction-analysis-DIMyf5Qd.js                               20.64 kB │ gzip:   5.85 kB
dist/assets/overview.adapter-Dcq7vq34.js                                 20.65 kB │ gzip:   6.53 kB
dist/assets/fei-ticket-numbering-fH95Y3sM.js                             20.69 kB │ gzip:   5.71 kB
dist/assets/events-DG0fQeVL.js                                           21.11 kB │ gzip:   6.52 kB
dist/assets/order-list-columns-B2UqMOhg.js                               21.12 kB │ gzip:   6.59 kB
dist/assets/work-order-detail-pHagW3la.js                                21.22 kB │ gzip:   6.68 kB
dist/assets/suppliers-DVShEHog.js                                        21.39 kB │ gzip:   6.82 kB
dist/assets/cut-piece-returns-CG10fBbe.js                                21.63 kB │ gzip:   6.51 kB
dist/assets/cut-piece-handover-DAfm9z4O.js                               21.79 kB │ gzip:   6.95 kB
dist/assets/tmf-domain-shared-fL8UUXJ2.js                                21.88 kB │ gzip:   8.26 kB
dist/assets/replacement-fabric-fei-tickets-C32hicPQ.js                   22.04 kB │ gzip:   8.37 kB
dist/assets/material-issue-BIybxz7T.js                                   22.07 kB │ gzip:   5.19 kB
dist/assets/tasks-1WvFbiwQ.js                                            22.07 kB │ gzip:   6.99 kB
dist/assets/pms-purchase-orders-OVHd6bw-.js                              22.07 kB │ gzip:   6.46 kB
dist/assets/progress-cutting-overview-BrOwX3uZ.js                        22.13 kB │ gzip:   5.05 kB
dist/assets/routes-wls-mlJa3PpQ.js                                       22.24 kB │ gzip:   7.21 kB
dist/assets/qc-workbench-CEuUbz0W.js                                     22.36 kB │ gzip:   6.90 kB
dist/assets/warehouse-location-map-model-bBf-5gtW.js                     22.52 kB │ gzip:   7.15 kB
dist/assets/recheck-orders-Dt_COZj1.js                                   22.54 kB │ gzip:   7.08 kB
dist/assets/subject-operations-CRDf4q3Q.js                               22.58 kB │ gzip:   7.00 kB
dist/assets/production-order-duration-DGwdKTEe.js                        22.58 kB │ gzip:   8.59 kB
dist/assets/material-statements-nCdbYwYg.js                              22.75 kB │ gzip:   6.01 kB
dist/assets/progress-statistics-linkage-BKhk08A_.js                      22.82 kB │ gzip:   6.52 kB
dist/assets/purchase-suggestions-Cs4pxIMk.js                             23.22 kB │ gzip:   7.25 kB
dist/assets/pcs-engineering-master-view-model-DYHVrSSO.js                23.32 kB │ gzip:   7.74 kB
dist/assets/process-order-task-links-reAHnN_n.js                         23.57 kB │ gzip:   6.44 kB
dist/assets/process-print-orders-BthqXY-4.js                             23.75 kB │ gzip:   7.79 kB
dist/assets/dye-work-order-online-view-C0G3SYaE.js                       23.86 kB │ gzip:   8.10 kB
dist/assets/process-dye-orders-BXDlEvdp.js                               23.93 kB │ gzip:   7.86 kB
dist/assets/material-purchase-orders-DY845qM4.js                         24.20 kB │ gzip:   7.63 kB
dist/assets/qc-orders-BCdUd390.js                                        24.30 kB │ gzip:   7.60 kB
dist/assets/machine-associations-CzyqcZa4.js                             24.50 kB │ gzip:   7.27 kB
dist/assets/fcs-production-tech-pack-snapshot-CX7jIjjF.js                24.62 kB │ gzip:   6.18 kB
dist/assets/retired-process-history-BPcrS1dk.js                          24.79 kB │ gzip:   6.43 kB
dist/assets/dialogs-WLZZkRVM.js                                          24.87 kB │ gzip:   6.15 kB
dist/assets/wls-fabric-demand-board-B0l2z1b8.js                          25.09 kB │ gzip:   6.87 kB
dist/assets/material-preparation-DDxbIOAm.js                             25.13 kB │ gzip:   8.76 kB
dist/assets/kol-demands-jqoV5P-k.js                                      25.30 kB │ gzip:   7.35 kB
dist/assets/supplier-supply-archives-D3AtXnkH.js                         25.59 kB │ gzip:   7.43 kB
dist/assets/pda-warehouse-wait-handover-g0RYtnXo.js                      25.73 kB │ gzip:   6.43 kB
dist/assets/progress-milestone-config-BADtiv90.js                        26.47 kB │ gzip:   5.67 kB
dist/assets/sample-approval-suggestions-Bj5YtAVI.js                      26.65 kB │ gzip:   8.18 kB
dist/assets/simple-cut-piece-handover-ui-vTBZta-0.js                     26.70 kB │ gzip:   9.99 kB
dist/assets/marker-spreading-utils-BGulcoDc.js                           26.72 kB │ gzip:   7.82 kB
dist/assets/pcs-channel-products-DnaHmsBX.js                             26.73 kB │ gzip:   7.18 kB
dist/assets/sample-warehouse-DTCGYdK2.js                                 26.80 kB │ gzip:   6.68 kB
dist/assets/warehouse-location-map-DVVhQdH4.js                           27.06 kB │ gzip:   7.08 kB
dist/assets/third-party-factory-rating-CcQvomnu.js                       27.07 kB │ gzip:   7.59 kB
dist/assets/pcs-pattern-library-detail-BDtwx4zS.js                       27.62 kB │ gzip:   6.58 kB
dist/assets/pda-wool-fact-execution-Ck3zV7-J.js                          27.84 kB │ gzip:   9.27 kB
dist/assets/warehouse-BguSzHS6.js                                        28.13 kB │ gzip:   9.35 kB
dist/assets/pcs-engineering-master-list-LaaYXTXE.js                      28.21 kB │ gzip:   9.83 kB
dist/assets/print-styles-BjQBw8jj.js                                     28.31 kB │ gzip:   4.01 kB
dist/assets/factory-status-DJnTKzel.js                                   28.43 kB │ gzip:   6.03 kB
dist/assets/pcs-engineering-master-detail-DiRamdha.js                    28.55 kB │ gzip:   8.37 kB
dist/assets/marker-plan-source-model-BosACRmF.js                         28.92 kB │ gzip:   8.48 kB
dist/assets/logistics-reconciliations-Cs6XdCyv.js                        28.93 kB │ gzip:   8.90 kB
dist/assets/progress-cutting-exception-center-C_3XJaJW.js                29.20 kB │ gzip:   6.50 kB
dist/assets/material-reconciliations-CTdOoOU1.js                         29.38 kB │ gzip:   8.89 kB
dist/assets/production-order-progress-tracking-BjAX93zC.js               29.71 kB │ gzip:   9.93 kB
dist/assets/early-process-management-DkAVyV-B.js                         30.06 kB │ gzip:   7.55 kB
dist/assets/handover-orders-CfU6l3Bc.js                                  30.73 kB │ gzip:   8.48 kB
dist/assets/pcs-config-workspace-CpFyp3f5.js                             30.79 kB │ gzip:   6.79 kB
dist/assets/capability-D7pJ78mx.js                                       31.65 kB │ gzip:   6.70 kB
dist/assets/material-archives-zeg4YulK.js                                31.91 kB │ gzip:   7.92 kB
dist/assets/factory-performance-GchyQ3Jf.js                              32.31 kB │ gzip:   6.75 kB
dist/assets/garment-spu-replacements-BW9InhgA.js                         32.35 kB │ gzip:   9.10 kB
dist/assets/task-detail-Z3zDDXRS.js                                      32.46 kB │ gzip:   9.60 kB
dist/assets/dialogs-GTzy0Gh_.js                                          32.55 kB │ gzip:   9.78 kB
dist/assets/pda-shell-CZPOGLcu.js                                        33.15 kB │ gzip:   8.82 kB
dist/assets/process-warehouse-domain-79t5J4nA.js                         33.16 kB │ gzip:   7.56 kB
dist/assets/cut-piece-return-domain-cNUUO7OB.js                          33.38 kB │ gzip:   9.91 kB
dist/assets/store-domain-settlement-seeds-Jo85zEA8.js                    33.63 kB │ gzip:   8.98 kB
dist/assets/pcs-pattern-library-CXHRIIct.js                              33.68 kB │ gzip:   7.65 kB
dist/assets/warehouse-runtime-uByJGGmb.js                                33.76 kB │ gzip:   8.65 kB
dist/assets/payment-requests-CBDIhiQN.js                                 34.01 kB │ gzip:   8.92 kB
dist/assets/stage-orders-wljz0V02.js                                     34.18 kB │ gzip:  10.46 kB
dist/assets/stage-order-detail-CYGn5nZo.js                               34.53 kB │ gzip:  10.00 kB
dist/assets/first-leg-logistics-B03Qmz2J.js                              34.57 kB │ gzip:   9.04 kB
dist/assets/pda-warehouse-stocktake-BVn9HkLr.js                          34.58 kB │ gzip:   8.68 kB
dist/assets/pda-cutting-inbound-DUOWuEX2.js                              34.67 kB │ gzip:  10.52 kB
dist/assets/work-order-detail-C6cRPEq9.js                                34.69 kB │ gzip:   9.43 kB
dist/assets/pda-post-finishing-flow-BqBIG4yT.js                          34.83 kB │ gzip:   9.29 kB
dist/assets/pda-cutting-handover-DnrCoOEr.js                             34.90 kB │ gzip:  10.65 kB
dist/assets/dispatch-acceptance-sla-Dr41xsCn.js                          34.95 kB │ gzip:   7.90 kB
dist/assets/work-orders-DnwxAb2K.js                                      34.96 kB │ gzip:  11.72 kB
dist/assets/pending-receipts-JK-zegB_.js                                 35.31 kB │ gzip:  10.63 kB
dist/assets/pda-task-receive-detail-TdkewSQw.js                          35.81 kB │ gzip:   8.66 kB
dist/assets/water-soluble-orders-CLhx7_4G.js                             35.89 kB │ gzip:  10.78 kB
dist/assets/work-order-detail-KWv4nff6.js                                36.12 kB │ gzip:   9.66 kB
dist/assets/pcs-technical-data-BXfRKCKe.js                               36.88 kB │ gzip:   9.86 kB
dist/assets/pcs-pattern-library-create-BiD04ztp.js                       36.93 kB │ gzip:   8.64 kB
dist/assets/special-processes-D0e0-XiU.js                                37.28 kB │ gzip:   9.54 kB
dist/assets/first-leg-carriers-CyMj8ptD.js                               37.45 kB │ gzip:   9.92 kB
dist/assets/third-party-factory-comprehensive-assessment-CjE_TaEr.js     37.47 kB │ gzip:  11.06 kB
dist/assets/pda-quality-8JcLEVj3.js                                      37.52 kB │ gzip:   9.82 kB
dist/assets/product-purchase-orders-D_5VyJaD.js                          37.57 kB │ gzip:   9.20 kB
dist/assets/wait-handover-runtime-CgdP-_P0.js                            37.84 kB │ gzip:  10.62 kB
dist/assets/cutting-statistics-ab-material-C0Y4_OlW.js                   38.13 kB │ gzip:   8.64 kB
dist/assets/payment-requests-Cvpmbs3i.js                                 38.21 kB │ gzip:   9.97 kB
dist/assets/pda-cutting-transfer-bag-repack-_w0WhRcz.js                  38.49 kB │ gzip:  10.88 kB
dist/assets/warehouse-UCjs7cLY.js                                        38.57 kB │ gzip:  10.93 kB
dist/assets/material-purchase-orders-DIS8nHE4.js                         39.01 kB │ gzip:  11.72 kB
dist/assets/semi-finished-orders-BB6SvGPC.js                             39.06 kB │ gzip:  11.85 kB
dist/assets/fcs-handlers-CauAesDa.js                                     39.77 kB │ gzip:  11.96 kB
dist/assets/first-leg-shipments-Dg-PYGQO.js                              39.89 kB │ gzip:   9.89 kB
dist/assets/pending-receipts-DRvskp4w.js                                 41.04 kB │ gzip:  14.88 kB
dist/assets/warehouse-Di_Lkq-N.js                                        44.15 kB │ gzip:  11.19 kB
dist/assets/cutting-summary-BGby-txd.js                                  44.21 kB │ gzip:  11.56 kB
dist/assets/demand-domain-ChYS_YQH.js                                    45.63 kB │ gzip:  10.31 kB
dist/assets/warehouse-Cu9S2FWm.js                                        46.26 kB │ gzip:  10.77 kB
dist/assets/batches-BL_uvwyy.js                                          46.45 kB │ gzip:   9.87 kB
dist/assets/engineering-file-upload-f-ZwfVcs.js                          46.76 kB │ gzip:  14.45 kB
dist/assets/handover-orders-Dpk2bt-B.js                                  47.47 kB │ gzip:   9.30 kB
dist/assets/dyeing-pg6-vEJO.js                                           47.49 kB │ gzip:  10.20 kB
dist/assets/printing-iT5pK77k.js                                         47.49 kB │ gzip:  10.20 kB
dist/assets/other-BjT8fHt3.js                                            47.50 kB │ gzip:  10.22 kB
dist/assets/settlement-linked-mock-factory-aJvz5Tch.js                   47.63 kB │ gzip:  14.44 kB
dist/assets/sewing-CK8rn1I5.js                                           48.51 kB │ gzip:  10.55 kB
dist/assets/dispatch-tenders-TyYrqNaq.js                                 48.58 kB │ gzip:  12.74 kB
dist/assets/progress-material-CK28cIDj.js                                48.76 kB │ gzip:   9.37 kB
dist/assets/material-inventory-HcBXgnZ5.js                               48.96 kB │ gzip:  12.56 kB
dist/assets/label-print-template-lOkfyUjd.js                             49.14 kB │ gzip:  14.11 kB
dist/assets/work-order-detail-gdm9kL20.js                                49.19 kB │ gzip:  15.53 kB
dist/assets/supplier-confirmations-C5jv4wMg.js                           50.01 kB │ gzip:  12.93 kB
dist/assets/pda-task-receive-CEGYULdU.js                                 50.37 kB │ gzip:  12.61 kB
dist/assets/pda-cutting-execution-source-2l74d4rZ.js                     50.55 kB │ gzip:  13.66 kB
dist/assets/pda-onboarding-np7EGJui.js                                   50.56 kB │ gzip:  10.79 kB
dist/assets/pda-handover-CStDj6aZ.js                                     51.62 kB │ gzip:  13.63 kB
dist/assets/marker-plan-model-N3yQzO8g.js                                51.64 kB │ gzip:  14.76 kB
dist/assets/store-domain-progress-DNKW2gZ7.js                            53.10 kB │ gzip:  11.77 kB
dist/assets/settlement-cutting-input-BTAHtbib.js                         53.68 kB │ gzip:  11.08 kB
dist/assets/lace-factory-domain-BBNpHDul.js                              53.68 kB │ gzip:  13.40 kB
dist/assets/pcs-part-template-library-wwzCxzru.js                        53.81 kB │ gzip:  11.09 kB
dist/assets/pcs-material-archives-KyxsEP01.js                            55.31 kB │ gzip:  13.20 kB
dist/assets/progress-urge-DYiLeO2J.js                                    56.39 kB │ gzip:  11.41 kB
dist/assets/warehouse-location-map-DQ3qG3_T.js                           56.80 kB │ gzip:  16.84 kB
dist/assets/marker-plan-occupancy-Iv85mTNd.js                            57.22 kB │ gzip:  16.06 kB
dist/assets/pda-cutting-spreading-BLqzhoXu.js                            58.00 kB │ gzip:  13.66 kB
dist/assets/wls-accessory-receipts-Cfyto5rj.js                           58.45 kB │ gzip:  14.84 kB
dist/assets/runtime-inputs-CUxmbM_w.js                                   59.62 kB │ gzip:  15.93 kB
dist/assets/cut-piece-release-D-ziQJyh.js                                60.14 kB │ gzip:  15.85 kB
dist/assets/pda-settlement-BX8mH2Ny.js                                   60.20 kB │ gzip:  13.71 kB
dist/assets/factory-profile-CYaQIomm.js                                  61.16 kB │ gzip:  14.05 kB
dist/assets/pickup-management-list-D2NDlRwf.js                           61.55 kB │ gzip:  17.17 kB
dist/assets/routes-fcs-CILoQAAW.js                                       62.31 kB │ gzip:  13.03 kB
dist/assets/cutting-DW5_iXuH.js                                          62.83 kB │ gzip:  12.97 kB
dist/assets/special-craft-fei-ticket-flow-DwjLBk5T.js                    63.34 kB │ gzip:  14.37 kB
dist/assets/progress-handover-ByXfsa4s.js                                63.86 kB │ gzip:  13.59 kB
dist/assets/production-object-overview-DQJDiou0.js                       66.10 kB │ gzip:  13.59 kB
dist/assets/output-documents-CBKEnr62.js                                 66.89 kB │ gzip:  22.97 kB
dist/assets/core-7PKui5On.js                                             67.62 kB │ gzip:  12.57 kB
dist/assets/cutting-daily-production-report-Bx-mfCBh.js                  68.22 kB │ gzip:  19.12 kB
dist/assets/pda-exec-D41HbECR.js                                         68.31 kB │ gzip:  15.64 kB
dist/assets/pcs-channel-stores-MrWQY58c.js                               69.26 kB │ gzip:  14.32 kB
dist/assets/context-CkW6Mv8n.js                                          69.90 kB │ gzip:  21.47 kB
dist/assets/sewing-dispatch-D0ujzIG2.js                                  70.19 kB │ gzip:  18.35 kB
dist/assets/progress-exceptions-CvO_oxHD.js                              70.42 kB │ gzip:  13.32 kB
dist/assets/qc-records-D34z6uqT.js                                       71.12 kB │ gzip:  16.00 kB
dist/assets/pcs-engineering-tasks-CSlfbete.js                            71.36 kB │ gzip:  17.07 kB
dist/assets/production-object-overview-BsleDway.js                       71.57 kB │ gzip:  16.69 kB
dist/assets/wait-handover-actions-Q5W8j8ma.js                            73.16 kB │ gzip:  18.64 kB
dist/assets/pcs-sample-management-CT67FLjt.js                            74.38 kB │ gzip:  17.28 kB
dist/assets/factory-onboarding-lWjm3yLJ.js                               75.25 kB │ gzip:  12.68 kB
dist/assets/settlement-BRsmN8b5.js                                       75.58 kB │ gzip:  11.56 kB
dist/assets/dialogs-BS-S_Ru7.js                                          75.66 kB │ gzip:  18.69 kB
dist/assets/pda-handover-detail-2KE6gzLT.js                              76.01 kB │ gzip:  18.69 kB
dist/assets/transfer-bags-BjJdZjd3.js                                    76.02 kB │ gzip:  19.63 kB
dist/assets/orders-domain-DvSdJ7xB.js                                    76.23 kB │ gzip:  16.86 kB
dist/assets/runtime-projections-siJ8n3RK.js                              78.06 kB │ gzip:  18.44 kB
dist/assets/process-action-writeback-service-I-8tHU9W.js                 78.08 kB │ gzip:  17.82 kB
dist/assets/transfer-bag-operations-Cp2OM4DI.js                          78.60 kB │ gzip:  19.48 kB
dist/assets/production-progress-D-IBHot7.js                              80.75 kB │ gzip:  20.39 kB
dist/assets/pda-warehouse-wait-process-CshCkZ5l.js                       87.41 kB │ gzip:  21.17 kB
dist/assets/events-EAZTAsVL.js                                           90.25 kB │ gzip:  22.27 kB
dist/assets/factory-onboarding-flow-CtWDnBiQ.js                          90.59 kB │ gzip:  23.31 kB
dist/assets/dispatch-CJDAGCYb.js                                         92.27 kB │ gzip:  28.12 kB
dist/assets/tmf-material-purchases-DJpCeP4t.js                           94.11 kB │ gzip:  24.37 kB
dist/assets/cut-orders-DF_asA2-.js                                       94.83 kB │ gzip:  24.46 kB
dist/assets/pcs-independent-sampling-D9uVUND8.js                         96.98 kB │ gzip:  26.97 kB
dist/assets/special-craft-task-orders-CaMpiwTn.js                        99.32 kB │ gzip:  26.84 kB
dist/assets/pcs-product-archives-CZg_lCwX.js                            107.68 kB │ gzip:  21.99 kB
dist/assets/index-BW2i7nuf.js                                           109.47 kB │ gzip:  39.86 kB
dist/assets/app-shared-CPz9CE3D.js                                      111.85 kB │ gzip:  27.95 kB
dist/assets/supplement-management-DNIRNCQl.js                           113.26 kB │ gzip:  29.93 kB
dist/assets/transfer-bag-return-model-DCwQupjG.js                       115.34 kB │ gzip:  27.26 kB
dist/assets/statements-By1km-DO.js                                      119.56 kB │ gzip:  24.47 kB
dist/assets/events-jxM71gds.js                                          121.42 kB │ gzip:  31.34 kB
dist/assets/unified-dispatch-workbench-vb1Yv57a.js                      121.57 kB │ gzip:  34.08 kB
dist/assets/context-Dc-l3Wrp.js                                         133.03 kB │ gzip:  34.41 kB
dist/assets/production-DHzfeNef.js                                      134.17 kB │ gzip:  27.50 kB
dist/assets/process-domain-Ck9EfW6L.js                                  138.98 kB │ gzip:  25.97 kB
dist/assets/warehouse-hub-Cx8_sMzz.js                                   140.79 kB │ gzip:  35.40 kB
dist/assets/generated-fei-tickets-CjEraxiQ.js                           142.80 kB │ gzip:  36.11 kB
dist/assets/preparation-timing-A_4IPUvn.js                              145.97 kB │ gzip:  34.41 kB
dist/assets/marker-plan-ChUG0R2x.js                                     150.90 kB │ gzip:  35.73 kB
dist/assets/marker-spreading-lxFcrq0C.js                                154.75 kB │ gzip:  37.95 kB
dist/assets/return-inbound-1LhcHEBI.js                                  183.42 kB │ gzip:  33.52 kB
dist/assets/fei-tickets-C_jEJnb5.js                                     198.95 kB │ gzip:  44.70 kB
dist/assets/index--GzcKvNw.js                                           210.12 kB │ gzip:  66.49 kB
dist/assets/print-template-registry-B-8yL9T_.js                         213.72 kB │ gzip:  55.40 kB
dist/assets/index-BnVh-Ofi.js                                           233.85 kB │ gzip:  54.59 kB
dist/assets/pda-exec-detail-D9aIYZUu.js                                 240.55 kB │ gzip:  56.44 kB
dist/assets/production-timeliness-Dkwblvma.js                           459.95 kB │ gzip: 115.04 kB
dist/assets/pda-CPRQWPd0.js                                             511.97 kB │ gzip:  85.41 kB
dist/assets/production-source-shared-D6gtdz0w.js                      3,347.52 kB │ gzip: 770.43 kB

(!) Some chunks are larger than 550 kB after minification. Consider:
- Using dynamic import() to code-split the application
- Use build.rollupOptions.output.manualChunks to improve chunking: https://rollupjs.org/configuration-options/#output-manualchunks
- Adjust chunk size limit for this warning via build.chunkSizeWarningLimit.
✓ built in 10.56s
