
> higoods-vanilla-clone@1.0.0 build
> npm run typecheck:engineering && npm test && vite build


> higoods-vanilla-clone@1.0.0 typecheck:engineering
> npm run typecheck:entrypoints && npm run typecheck:scopes


> higoods-vanilla-clone@1.0.0 typecheck:entrypoints
> tsc --project tsconfig.engineering.json


> higoods-vanilla-clone@1.0.0 typecheck:scopes
> node scripts/check-typescript-scope.mjs src/domain/ src/components/ui/ src/state/

TypeScript 全量既有错误：3
本次渐进检查范围：src/domain/、src/components/ui/、src/state/
范围内错误：0
范围外既有错误保留在全量 typecheck 中继续分批治理。

> higoods-vanilla-clone@1.0.0 test
> npm run test:unit


> higoods-vanilla-clone@1.0.0 test:unit
> node --import tsx --test tests/unit/*.test.ts

✔ 浏览器存储封装保持读写删除语义 (0.823333ms)
✔ 浏览器存储不可用或抛错时保持静默降级 (0.1465ms)
(node:1010) ExperimentalWarning: localStorage is not available because --localstorage-file was not provided.
(Use `node --trace-warnings ...` to show where the warning was created)
✔ 独立裁剪整任务改派保留数量和执行历史，旧有效分配失效，新范围唯一 (67.880792ms)
✔ 裁床改派回原工厂且回填同一业务日期，不复用旧票范围；普通审计不改身份 (0.286ms)
(node:1011) ExperimentalWarning: localStorage is not available because --localstorage-file was not provided.
(Use `node --trace-warnings ...` to show where the warning was created)
✔ 交出列表省略详情路线读取时保留全部输出字段 (332.873083ms)
(node:1012) ExperimentalWarning: localStorage is not available because --localstorage-file was not provided.
(Use `node --trace-warnings ...` to show where the warning was created)
✔ MIG-001/002/006: management entry and handlers belong to FCS; PFOS keeps execution (1.976583ms)
✔ MIG-003/007: prep and execution read the same early order identities, quantities and match status (627.174042ms)
✔ MIG-004/009: migrated dialogs retain candidate fields, actual material image and task outputs (0.917042ms)
✔ MIG-011: management and execution use the same seven business display columns (11.9015ms)
✔ MIG-007: early dye/print creation and cancellation survive reload (2208.647708ms)
✔ BOM working-copy write failure preserves prior state; retry succeeds (156.235583ms)
✔ existing production preparation data does not trigger demo writes on entry (1528.506375ms)
✔ rollback of an unchanged saved BOM does not perform another failing write (24.822875ms)
✔ BOM dictionary preserves old JSON and all snapshot values without mutating input (5.993542ms)
✔ BOM dictionary rejects missing references instead of replacing data silently (0.270666ms)
(node:1017) ExperimentalWarning: localStorage is not available because --localstorage-file was not provided.
(Use `node --trace-warnings ...` to show where the warning was created)
✔ PDA顶栏计数与实际完整待办相同，覆盖各任务工厂及管理员/员工角色 (1746.150625ms)
✔ 解析带标签、小数和空格的长度数量 (0.476ms)
✔ 解析卷数并对不合法文本返回 0 (0.165291ms)
✔ 证据文件标识把连续空白收口为单个连字符 (0.171958ms)
(node:1019) ExperimentalWarning: localStorage is not available because --localstorage-file was not provided.
(Use `node --trace-warnings ...` to show where the warning was created)
✔ 设计改款可成批生成染色和印花加工单，且完整投影来源与上下游 (1003.822541ms)
✔ 设计改款加工单生成幂等，重复请求不增加单据 (48.80525ms)
✔ 同一设计改款任务的不同颜色和 BOM 行分别生成加工单 (84.335542ms)
✔ 成批提交失败时染色与印花加工单一起回滚 (33.7495ms)
✔ 设计改款来源缺关键引用或来源未知时必须阻断 (0.178708ms)
(node:1020) ExperimentalWarning: localStorage is not available because --localstorage-file was not provided.
(Use `node --trace-warnings ...` to show where the warning was created)
✔ 设计改款染后印花必须先分配印花厂，染色交出不能误送中央工厂 (291.895ms)
✔ 仅染与仅印分别创建一张加工单和一条仓库首道调拨计划 (11.845ms)
✔ 辅料染色单创建后已有辅料仓调拨计划，分厂时自动落实原单但不冒充实发 (14.017209ms)
✔ 历史双工艺加工单仍可追溯原有染印交接 (401.32875ms)
✔ 先染后印目标 SKU 创建两段加工单，印花只接收本行染后物料而不能跳过染色 (1418.561625ms)
✔ 单独印花 SKU 从仓库发印厂并完成样衣归档 (1546.134334ms)
✔ 印花实际交出生成中央工厂待接收原单，实收回写原交接并允许完成加工单 (510.890541ms)
✔ 专业成果没有真实附件时保持未绑定 (6.991334ms)
(node:1021) ExperimentalWarning: localStorage is not available because --localstorage-file was not provided.
(Use `node --trace-warnings ...` to show where the warning was created)
✔ 可打印不等于可建交出单，必须完成真实标签打印 (0.45175ms)
✔ 卷规格无效时不可建交出单，且不改变原可打印判定语义 (0.067542ms)
✔ 人工完成印花加工单不再自动填充操作人 (224.323917ms)
(node:1024) ExperimentalWarning: localStorage is not available because --localstorage-file was not provided.
(Use `node --trace-warnings ...` to show where the warning was created)
✔ 非 KOL PDA 导入不生成 KOL 领交料；首次 KOL 访问生成完整且幂等的演示记录 (197.671709ms)
✔ PDA 单任务读取保持普通任务、测试工厂与 KOL 任务内容和查找优先级 (1.450042ms)
(node:1025) ExperimentalWarning: localStorage is not available because --localstorage-file was not provided.
(Use `node --trace-warnings ...` to show where the warning was created)
✔ 可编辑的演示唛架保存后优先读取用户记录，刷新不恢复原备注和状态 (328.485167ms)
✔ 日报窗口含截止日7天，重点日均独立使用前6天 (0.450666ms)
✔ 未知采购不填0，未BOM不输出完整确定订单需求 (0.099167ms)
✔ 突变必须绝对量与比例同时达到阈值 (0.056ms)
✔ 截止日突变示例与未完结日不判定 (0.054584ms)
✔ 共享商品按SPU去重而不按关联行累加销量 (0.087ms)
✔ 预选不产生确定用料；BOM需求保留物料归属 (0.116666ms)
✔ 同料BOM优先于预选，不重复关系及需量 (0.0615ms)
✔ 两个业务页具有独立容器、标准分页与证据边界 (15.837875ms)
✔ 未进入物料页面时 bridge 不加载业务；加载失败重试后首次渲染即已注册 (3.158083ms)
✔ click 分组顺序、短路、选择器范围保持原行为，重新注册替换旧处理器 (0.54125ms)
✔ 备料写入守卫读取实时角色与水位，阻断时不调用业务处理器 (0.32075ms)
✔ input/change/keyboard 原入口、筛选范围和 change 优先级完整保留 (0.276833ms)
✔ health groups are exhaustive and mutually exclusive in demo (0.797292ms)
✔ coverage and baseline use same inventory plus transit but distinct demand windows (0.067375ms)
✔ zero demand is unavailable rather than infinity and huge finite quotient stays finite (0.090667ms)
✔ date selects different consistent snapshot (0.086208ms)
✔ threshold changes alter classification without changing facts (0.063875ms)
✔ health view carries core P1 business sections and mock caveat (12.063625ms)
✔ AT16 rules do not substitute brand, size or packaging method (0.410708ms)
✔ AT24 equal priority conflict blocks resolution and identifies rules (0.351792ms)
✔ higher explicit priority resolves a lower priority overlap (0.05325ms)
✔ plans distinguish garments and parcels and add loss once (0.143584ms)
✔ AT18 white pendant stock only allocated once (0.075042ms)
✔ event duplicate and old revision do not add consumption; reprints are activity only (0.1095ms)
✔ conflicting same revision fails instead of silently choosing a payload (0.050875ms)
✔ AT17/19/20 panel states unresolved ASAYA, independent kit80 and unknown ribbon (0.249459ms)
✔ trigger distinct from target, existing supply produces explainable zero (0.570917ms)
✔ missing mapping or usage and incompatible raw unit block unsafe generation (0.187292ms)
✔ generation reserves remaining once and shared raw pool across target rules (1.264709ms)
✔ production does not increase stock; actual SKU and output bound partial receipts (0.408ms)
✔ cancelled suggestion releases commitment and raw allocation (0.195292ms)
✔ AT05 committed greige is not available for a second allocation (0.470292ms)
✔ AT06 partial receipt reduces expected supply; checking and qualified never duplicate (0.31675ms)
✔ AT07 unmapped target preserves quantities but gives no target coverage (0.091042ms)
✔ §7.2 loss reduces future supply; rejected receipts never become usable (0.060208ms)
✔ §7.3 unit/yield/route and conservation gaps block deterministic supply (0.100125ms)
✔ §7.3 candidate comparison reports remaining shortage and respects arrival deadline (0.131ms)
✔ §7.3 zero gap stays zero and nonfinite inputs cannot produce advice (0.048958ms)
✔ panel uses owned local handlers and discloses mock and missing images (2.086083ms)
✔ P2 coefficients and coverage exclude transit (12.603459ms)
✔ P2 coverage buckets have exclusive shared boundaries (0.465541ms)
✔ P2 partial receipts and completed batches count remaining only (0.061708ms)
✔ P2 latest overdue selected only if no future batch; today included (0.053584ms)
✔ P2 search transit and ETA filters compose (0.125333ms)
✔ P2 zero demand and missing BOM preserve distinct nulls; micro demand excluded (0.058667ms)
✔ P2 standard table renders and limits initial rows to first page (10.221834ms)
✔ AT01/02 internal reservation stays in coverage while external reservation is deducted (13.3105ms)
✔ AT03 quality segments are not usable (0.157084ms)
✔ AT04 partial receipt leaves remaining supply only (0.167541ms)
✔ AT08/38 late supply never erases earlier shortage (0.136834ms)
✔ AT09 intermediate deficit determines net need rather than positive closing balance (0.126708ms)
✔ AT10 MOQ and pack rounding, zero stays zero (0.116042ms)
✔ AT11 horizon begins at cutoff and is not expanded by lead time (0.139916ms)
✔ AT12 forecast covered by confirmed demand is excluded before coefficient (0.116833ms)
✔ AT13 no demand has no numeric coverage (0.096041ms)
✔ AT14 cancelling demand does not change stock (0.139916ms)
✔ AT15 latest event revision only (0.380333ms)
✔ AT16/17 directory preserves bag sizes and ASAYA duplicated input is one unresolved SKU (0.08025ms)
✔ AT18 three brands draw from one shared pool (0.108125ms)
✔ AT19/20 kit capacity respects minimum and missing conversion (0.051542ms)
✔ AT21 inactive/unusable stock remains physically visible (0.080208ms)
✔ AT23 affected order identifiers are unique (0.085125ms)
✔ AT25/26 draft does not mutate active and invalidates trial (0.076583ms)
✔ AT26/28 publish requires role and exact trial; history retained (0.189959ms)
✔ AT31 risk cannot close with remaining shortage or skip verification (0.175667ms)
✔ AT37 invalid dates, unknown timezone, bad numeric values rejected (0.084666ms)
✔ duplicate supply chain does not double count and blocks deterministic advice (0.082666ms)
✔ warehouse catalogue includes 17 locations and two garment warehouses (0.036875ms)
✔ candidate comparison retains pre-arrival risk (0.287125ms)
✔ SKU-specific policy wins and duplicate rules block publish (0.121375ms)
(node:1039) ExperimentalWarning: localStorage is not available because --localstorage-file was not provided.
(Use `node --trace-warnings ...` to show where the warning was created)
✔ 逐票与逐打印任务保持原结构，变更一条只保存一条 (1.103041ms)
✔ 草稿按原映射键保存；手工票与操作记录分离，删除票保留审计 (0.232375ms)
✔ 拒绝损坏JSON且不冒充空数据 (0.117459ms)
✔ 拒绝空字符串且不冒充空数据 (0.055125ms)
✔ 拒绝错误根且不冒充空数据 (0.075667ms)
✔ 拒绝重复票号身份且不冒充空数据 (0.046958ms)
✔ 拒绝缺少票号且不冒充空数据 (0.044667ms)
✔ 拒绝错误状态且不冒充空数据 (0.038917ms)
✔ 拒绝打印关联缺失且不冒充空数据 (0.048708ms)
✔ 拒绝草稿身份缺失且不冒充空数据 (0.079125ms)
✔ 拒绝手工日志缺失且不冒充空数据 (0.050292ms)
✔ 拒绝手工二维码缺失且不冒充空数据 (0.040792ms)
✔ 已保存实体与备份身份校验，不接受伪造集合或迁移元数据 (0.421583ms)
✔ 袋账派生绑定锁，无需持久化派生票快照；关闭周转解除旧快照锁 (438.784416ms)
✔ 唛架来源和铺布单逐实体保存，保留卷明细、层序及来源引用 (0.219625ms)
✔ 指定保存对象不复制重复静态唛架，也不覆盖其他已保存铺布单 (0.217208ms)
✔ 旧袋账按实体保留绑定与历史，局部动作不复制静态袋档案 (0.295ms)
✔ 专用打印来源保留原票身份、数量、状态、袋锁及打印对象，不查询全量PDA与库存摘要 (979.98075ms)
✔ 实际输出首打保持原身份与数量；动态与普通来源均可打印，失效来源阻断，重复首打不新增 (92.657ms)
✔ 唛架引用读取失败明确阻断，不将迁移或读取错误伪装成空铺布来源 (1.940209ms)
✔ 用户唛架方案逐ID迁移保留床次和占用，修改一张不重写其它方案 (0.355291ms)
✔ PDA及手工票专用唛架定义与原完整投影等价，保留床次、数量和可铺布资格 (420.209875ms)
✔ 裁床配料按真实生产单范围读取与全量结果逐字段相等，保留库存、领取、状态与任务链接 (404.154083ms)
✔ PDA铺布目标直接携带真实已保存铺布单的裁床与负责人，不另算整套列表 (326.049708ms)
✔ 铺布投影复用唛架定义仍保留已保存session的卷明细、裁床、负责人和实际裁剪数量 (344.160791ms)
✔ 路由标准化移除 query 与 hash，但不改动路径 (0.351667ms)
✔ 只匹配路由根或其子路径，不误匹配相似前缀 (0.097209ms)
✔ 可在多个合法根路径中匹配一个 (0.069875ms)
✔ 只把完整生产确认单打印路由识别为命中 (0.095167ms)
✔ 专业任务必须全部有效明细通过且保留成果与审核事实 (0.625625ms)
✔ 纸样名称或物料关联不能替代可读取原文件 (13.077083ms)
(node:1043) ExperimentalWarning: localStorage is not available because --localstorage-file was not provided.
(Use `node --trace-warnings ...` to show where the warning was created)
✔ 目标 SKU 的四种加工组合、前序实物和 BOM Q 均按已建档字段读取 (1.41775ms)
✔ 整单总量口径保存后仍按一次总量计算，不被样衣件数重复放大 (1490.585625ms)
✔ 一张设计改款 BOM 同时有 Yard 面料和 PCS 辅料时，各行独立计量且辅料无需加工调拨 (68.361625ms)
✔ 复用既有纸样与参照 BOM 的无印染任务可直接提交样衣并自动完成；复制只生成草稿 (1122.99325ms)
✔ 批量复制保留物料、费用和样衣安排为独立可编辑草稿，不生成工作 (117.200042ms)
✔ 单页创建同时保存物料、费用与样衣要求；失败不留下空任务 (61.3575ms)
✔ 加工按物料行及实际阶段执行：纯染行与先染后印行独立串联 (210.916667ms)
✔ 旧设计任务移除线下工作和依赖，保留加工单身份、样衣成果及原始输入 (1267.893167ms)
✔ 任务汇总排除未启用，待前置只列出未完成依赖，关闭单不继续催办 (0.9055ms)
✔ 筛选覆盖关键词、状态、跟单、待办、类型、团队和日期边界，统计范围一致 (0.265375ms)
✔ CSV包含全部匹配行和任务责任计划，不含操作列，特殊文字正确转义 (0.404542ms)
✔ 生产准备必须读取测款最终通过事实，保存时重新校验且失败不生成主单 (1284.79775ms)
✔ PATTERN_ARTWORK 多明细全部有效项通过才完成，同SKU不同要求不合并 (0.542959ms)
✔ COLOR_FABRIC 多明细全部有效项通过才完成，同SKU不同要求不合并 (0.068625ms)
✔ COLOR_YARN 多明细全部有效项通过才完成，同SKU不同要求不合并 (0.064875ms)
✔ 多辅料分单覆盖，第一张下单不足以完成，失效单不能提供覆盖 (0.213417ms)
✔ 专业列表业务字段查询与责任、来源、计划边界组合，未登记计划不误入日期结果 (0.718416ms)
(node:1052) ExperimentalWarning: localStorage is not available because --localstorage-file was not provided.
(Use `node --trace-warnings ...` to show where the warning was created)
✔ targeted PCS baseline reads return independent records without cloning unrelated collections (172.765417ms)
✔ PCS 前插多个新记录保留全部既有位置，重复保存不产生位置变化 (1.11325ms)
✔ PCS 单条置顶、居中插入、删除保持实际顺序且不移动其余记录 (0.111125ms)
✔ PCS 图片按款号和颜色固定，尺码不改变照片，未知对象没有随机图片 (1.206584ms)
✔ 历史 Mock 只替换登记的旧图，保留用户图片及未知款式 (0.7785ms)
✔ 后道 QC 来源 SKU 保留原身份和数量，五种颜色分别绑定对应实拍 (0.100167ms)
✔ 后道历史快照只迁移准确 SKU 的旧示意图，质检数量与用户图不变 (0.211291ms)
(node:1056) ExperimentalWarning: localStorage is not available because --localstorage-file was not provided.
(Use `node --trace-warnings ...` to show where the warning was created)
✔ SAMPLE-FIX-01–05/11: actual request→reserve→approve→pickup→return→receipt; stable own IDs and detached reads (925.000167ms)
✔ SAMPLE-FIX-03/05: all invalid input blocks writes; cancellation/rejection frees only own reservation (455.704708ms)
✔ SAMPLE-FIX-08/09/11: cases and stocktake persist independently, cannot execute twice or masquerade as adjustment (519.916291ms)
(node:1057) ExperimentalWarning: localStorage is not available because --localstorage-file was not provided.
(Use `node --trace-warnings ...` to show where the warning was created)
✔ HG-001/002/004: SKU identity survives duplicate receipts, transfers and repeats; HG resolves SKU (224.789167ms)
✔ HG-005/006/008: printed data and bounded settings; no truncation, images or state writes (0.515417ms)
✔ HG-002/004 regression: older receipt without identities retains its first date; raw SKU is never HG (85.963417ms)
(node:1058) ExperimentalWarning: localStorage is not available because --localstorage-file was not provided.
(Use `node --trace-warnings ...` to show where the warning was created)
✔ SAMP-001–013 Mock: receipt → all SKU tags → live/home → production/factory/department/warehouse → marketing, with adversarial gates (1225.998709ms)
(node:1059) ExperimentalWarning: localStorage is not available because --localstorage-file was not provided.
(Use `node --trace-warnings ...` to show where the warning was created)
✔ PDA 列表轻量摘要与详情的归属、数量、物料和下一步一致 (881.988709ms)
(node:1060) ExperimentalWarning: localStorage is not available because --localstorage-file was not provided.
(Use `node --trace-warnings ...` to show where the warning was created)
✔ 按工厂投影不改变全能力、印花、染色、中央与裁片演示账号可见任务 (900.173625ms)
(node:1061) ExperimentalWarning: localStorage is not available because --localstorage-file was not provided.
(Use `node --trace-warnings ...` to show where the warning was created)
✔ 接单工厂范围保留全量投影中本厂每个任务的身份、数量、状态及接单/中标结果 (2638.217834ms)
(node:1062) ExperimentalWarning: localStorage is not available because --localstorage-file was not provided.
(Use `node --trace-warnings ...` to show where the warning was created)
✔ PDA order/task link indexes preserve all full-index candidates without constructing unrelated material rows (574.107167ms)
✔ ordinary sewing direct lookup keeps every field and factory permission from the complete canonical projection (427.188458ms)
✔ runtime sewing overrides and legacy/missing IDs retain the complete projection result (495.077584ms)
✔ one fresh read-only object snapshot preserves readiness, context and unknown references without refreshing per miss (434.445958ms)
✔ PDA handlers wait for part-ticket hydration, and the real detail is not mounted before both dependencies complete (45.673458ms)
✔ ordinary sewing detail leaves unrelated PMS initialization pending until a normal module entry (27.677333ms)
✔ same-navigation sewing preload discovers actual bundle entries and static closure without evaluating modules (52.424625ms)
✔ preview compression includes the same sewing static chunks and retains existing assets without broad lazy-route output (7.798834ms)
(node:1065) ExperimentalWarning: localStorage is not available because --localstorage-file was not provided.
(Use `node --trace-warnings ...` to show where the warning was created)
✔ 中转袋交出与实际入仓使用同一浏览器本地业务时间，不把 UTC 当作本地时间 (3.609916ms)
[PMS_IDB_LOAD_FAILED] { message: '当前浏览器不支持 IndexedDB,PMS 业务数据无法持久化。' }
✔ 物流商新增字段保存回显并写入操作日志 (3.453291ms)
✔ 物流商数字字段非负校验与运输方式枚举校验 (0.265708ms)
✔ 渠道新增字段保存回显，条件计费字段按计费方式保留 (0.430333ms)
✔ 整柜渠道不要求新增计费字段，仍要求四箱型完整配置 (0.14275ms)
✔ 渠道数字字段非负与时效区间校验 (0.13ms)
✔ 头程批次聚合展示总箱数、总重量、总体积与转运天数 (0.504292ms)
✔ 工序链按保存顺序生效，合法工序集合固定，非法或重复工序被拒 (2.854167ms)
✔ 坯布 SKU 必填，坯布库存为 0 时调拨资格被拒，补足后恢复 (0.7675ms)
✔ 采购单按勾选 SKU 生成明细，数量与枚举非法被拒 (0.312416ms)
✔ 调拨单可选择调出仓库与调入目标，同步生成加工单号链 (0.748792ms)
✔ 批量刷新库存更新全部监控行与刷新时间并写日志 (0.47475ms)
✔ 手动添加监控 SKU 校验 SKU 必填与重复，添加后进入列表 (0.587917ms)
✔ 物料申报扩展字段保存回显，26 项特殊属性按数组保存 (1.517667ms)
✔ 报关扩展：法定第二计量单位与数值，不报关分支跳过必填校验 (0.167834ms)
✔ BOM 业务选项与价格/成本、工厂、布料字段保存回显 (0.625167ms)
✔ 主体经营 9 项成本明细加调整重算总成本，数据缺失提醒可消除 (0.308084ms)
✔ 供应商从草稿到启用遵循状态机，名称唯一 (4.49425ms)
✔ 供货档案包装换算与快照版本 (0.204583ms)
✔ 物料全部有真实图片，采购补充信息可更新且不新增删除 (0.325625ms)
✔ 成衣与样衣 SKU 只读列表数据完整 (0.064625ms)
✔ 仓库同步更新时间，单位字典唯一且不可删除只可启停 (0.268666ms)
✔ BOM 用量可修改，说明可保存，发布后可生成面辅料需求 (1.369542ms)
[PMS_IDB_LOAD_FAILED] { message: '当前浏览器不支持 IndexedDB,PMS 业务数据无法持久化。' }
[PMS_IDB_UNAVAILABLE] put 跳过,数据仅保留在内存 { store: 'pmsMaterialPurchaseOrderDeltas', key: 'CGF-2026-0005' }
[PMS_IDB_UNAVAILABLE] put 跳过,数据仅保留在内存 { store: 'pmsMaterialPurchaseOrderDeltas', key: 'CGF-2026-0001' }
[PMS_IDB_UNAVAILABLE] put 跳过,数据仅保留在内存 { store: 'pmsMaterialPurchaseOrderDeltas', key: 'CGF-2026-0007' }
✔ 面辅料需求种子就绪且可按物料行下推采购单 (4.085792ms)
✔ 快递信息导入校验采购单存在、单号唯一、日期与数量合法 (0.520917ms)
✔ 国内签收、加入头程、状态推进与到仓自动签收 (0.94075ms)
✔ 供应商确认单需标签齐备，确认后回写采购单 (0.748417ms)
✔ 整柜渠道必须完整配置四个箱型，物流商可启停 (0.293833ms)
✔ 面辅料采购单可带原因关闭，关闭后不能再登记到货 (0.188625ms)
✔ 库存监控触发线与建议量公式，规则异常阻断建单 (1.708625ms)
✔ 建单数量不得超过建议量，调拨与采购资格分别阻断 (0.175542ms)
✔ 中转看板指标、分布与筛选跳转规则 (0.254084ms)
✔ 生产单校验与配料任务只读数据完整，系统设置结果为 8/6/10 (0.084416ms)
✔ 种子采购单按 SRM 生成器规律补齐单据级与明细级字段 (0.713125ms)
✔ 新建做货采购单保存采购专员、加急、首单、区域与明细字段并可回显 (3.001791ms)
✔ 未传新增字段时沿用默认值并保持既有命令兼容 (0.384834ms)
✔ 采购专员必填、做货必须选区域、重量非负均抛出中文 PmsDomainError (0.669375ms)
✔ 编辑采购单保存新增字段并回显，非法输入被阻断 (0.748042ms)
✔ BOM 状态与 bomMatched 一致，未发布 BOM 的做货明细为未匹配 (0.549792ms)
✔ 行采购金额使用 roundPmsQty 且汇总等于逐行金额之和 (0.395083ms)
✔ 采购建议按缺口公式与折扣计算，并计入有效 KOL 申请 (0.76025ms)
✔ KOL 草稿与已驳回不计入建议缺口 (0.087833ms)
✔ 建议转采购单后写回已转数量与部分生成状态 (2.422667ms)
✔ 面辅料需求按 BOM 用量与损耗扣减库存和采购中 (1.160833ms)
✔ 重复生成、草稿采购单与非做货采购单均被阻断 (0.274208ms)
✔ KOL 单条超量需要二次确认，超过申请量直接阻断 (0.63775ms)
✔ 驳回 KOL 需求后不再计入建议缺口 (0.28825ms)
✔ 关闭采购单必须填写原因且已关闭不可重复关闭 (0.494917ms)
[PMS_IDB_LOAD_FAILED] { message: '当前浏览器不支持 IndexedDB,PMS 业务数据无法持久化。' }
[PMS_IDB_SAVE_FAILED] 创建请款单 IDB 写入失败 {
  requestNo: 'PAY-M-2026-0006',
  message: '当前浏览器不支持 IndexedDB,PMS 业务数据无法持久化。',
  degraded: 'memory-only'
}
[PMS_IDB_SAVE_FAILED] 创建请款单 IDB 写入失败 {
  requestNo: 'PAY-L-2026-0004',
  message: '当前浏览器不支持 IndexedDB,PMS 业务数据无法持久化。',
  degraded: 'memory-only'
}
[PMS_IDB_SAVE_FAILED] 作废请款单 IDB 写入失败 {
  requestNo: 'PAY-L-2026-0004',
  message: '当前浏览器不支持 IndexedDB,PMS 业务数据无法持久化。',
  degraded: 'memory-only'
}
✔ 主体经营明细总成本、毛利与毛利率公式 (0.700625ms)
✔ 面辅料对账：预计/实际双层公式，费用项与差异双重门禁 (3.934625ms)
✔ 面辅料费用项部分确认、批量确认与编辑失效 (1.332167ms)
✔ 请款草稿跨页创建、请款与付款上限、编辑范围 (2.390375ms)
✔ 物流实际费用 12 列导入校验、不自动确认与确认后锁定 (1.576459ms)
✔ 请款单作废释放来源对账，已有付款不能作废 (0.807916ms)
✔ 供应商账单 9 列导入覆盖实际层且不自动确认 (0.60775ms)
✔ 金额大写按 RMB 规则输出并覆盖跨节零 (0.254917ms)
[PMS_IDB_UNAVAILABLE] put 跳过,数据仅保留在内存 { store: 'pmsMaterialPurchaseOrderDeltas', key: 'CGF-2026-0005' }
[PMS_IDB_LOAD_FAILED] { message: '当前浏览器不支持 IndexedDB,PMS 业务数据无法持久化。' }
[PMS_IDB_UNAVAILABLE] put 跳过,数据仅保留在内存 { store: 'pmsMaterialPurchaseOrderDeltas', key: 'CGF-2026-0005' }
[PMS_IDB_UNAVAILABLE] put 跳过,数据仅保留在内存 { store: 'pmsMaterialPurchaseOrderDeltas', key: 'CGF-2026-0005' }
[PMS_IDB_UNAVAILABLE] put 跳过,数据仅保留在内存 { store: 'pmsMaterialPurchaseOrderDeltas', key: 'CGF-2026-0005' }
[PMS_IDB_UNAVAILABLE] put 跳过,数据仅保留在内存 { store: 'pmsMaterialPurchaseOrderDeltas', key: 'CGF-2026-0005' }
[PMS_IDB_UNAVAILABLE] put 跳过,数据仅保留在内存 { store: 'pmsMaterialPurchaseOrderDeltas', key: 'CGF-2026-0005' }
✔ 生成卷号按前缀、每卷米数、重量与起始序号生成并写入包装明细 (2.972833ms)
✔ 生成卷号时尾卷承载剩余数量，卷数按采购数量与每卷米数自动取整 (0.572083ms)
✔ 非法卷号参数被拒绝并抛出中文域错误 (0.397584ms)
✔ 生成标签后二维码内容包含卷号与箱规，参与打印 (2.002291ms)
✔ 箱规新增自动计算体积，重复箱号与非法尺寸被拒，删除后计数正确 (0.949416ms)
✔ 包装明细可新增与删除，非法输入被拒且删除后计数正确 (0.769833ms)
✔ 被包装明细引用的箱规不能删除 (0.186583ms)
✔ 供应商枚举与 SRM 完全一致，旧枚举不再出现 (0.756125ms)
✔ 种子字段满足 SRM 枚举且协同指标为数字 (0.129333ms)
✔ 新增字段保存并回显，成功命令写入操作日志 (11.173542ms)
✔ 编辑保存新增字段并保持状态机与事件名不变 (1.436875ms)
✔ 非法或缺失输入抛 PmsDomainError 且不写入数据 (0.329625ms)
✔ 详情与列表展示新增字段、SRM 枚举与协同指标 (13.62175ms)
(node:1080) ExperimentalWarning: localStorage is not available because --localstorage-file was not provided.
(Use `node --trace-warnings ...` to show where the warning was created)
✔ CONTRACT-002: business allocation day is day 1 and every calendar day counts, including Sunday (1.921334ms)
✔ CONTRACT-002: the three contracts retain 4/8/9, 5/9/10 and 6/9/12 calendar-day milestones (0.335292ms)
✔ CONTRACT-002: invalid calendar dates and counting days still fail without creating deadlines (0.227917ms)
(node:1081) ExperimentalWarning: localStorage is not available because --localstorage-file was not provided.
(Use `node --trace-warnings ...` to show where the warning was created)
✔ 实际耗时跨周日仍按真实时间差；没有可靠时间不造耗时 (0.879875ms)
✔ 每任务都达成才结束；同一来源去重，作废明细不影响主表 (0.316542ms)
✔ 耗时页 Mock 至少覆盖九张生产单和全部节点，且下游事实不会越过未完成的前置节点 (574.657542ms)
✔ 裁片放行按一张放行单内的多次放行展示并选取节点起止时间 (69.374375ms)
(node:1082) ExperimentalWarning: localStorage is not available because --localstorage-file was not provided.
(Use `node --trace-warnings ...` to show where the warning was created)
✔ EXC-001—004: a reference mark cannot change debt, strict kits or final task responsibility (2.982958ms)
(node:1083) ExperimentalWarning: localStorage is not available because --localstorage-file was not provided.
(Use `node --trace-warnings ...` to show where the warning was created)
✔ 派单新增主档工厂可登记承接关系，未知工厂仍阻断 (1.949458ms)
✔ 专属任务保留整单身份、数量和接收方，工艺分支保留全部前置关系 (0.952959ms)
✔ 原生产单车缝任务仍可被 PPIC 分配与责任移交识别，SKU 总量完整 (10.950708ms)
✔ PRINT-HISTORY-001: demo identities remain fixed and reject another factory or task (0.432ms)
✔ PRINT-HISTORY-002: DYE-GOTO-GLOBAL historical slot 09 survives independent reloads without overwriting (2062.144083ms)
✔ PRINT-HISTORY-002: ID-FAC-001165 historical slot 09 survives independent reloads without overwriting (2246.638625ms)
(node:1086) ExperimentalWarning: localStorage is not available because --localstorage-file was not provided.
(Use `node --trace-warnings ...` to show where the warning was created)
✔ VERIFY-003: dispatch reads keep all documents and independent copies without projecting unrelated business views (234.141458ms)
✔ frozen printing images are losslessly stored once across orders, tasks and attachments (2.624542ms)
✔ missing or malformed image references fail rather than silently replacing frozen evidence (0.246917ms)
(node:1088) ExperimentalWarning: localStorage is not available because --localstorage-file was not provided.
(Use `node --trace-warnings ...` to show where the warning was created)
✔ PERF-002/004: scoped receiving reads preserve direct receipts and allocations, without exposing mutable facts (17.766084ms)
✔ PERF-002/004: a synchronous relation read matches independent reads and releases its scope after errors (635.544666ms)
✔ PERF-004: batched print list reviews and handovers equal independently read facts (324.7875ms)
✔ PERF-004: scoped handovers keep canonical sorting and task point reads preserve identity (5.496542ms)
✔ PERF-004: reusing warehouse documents preserves each dye order source, quantity and receiver (282.714208ms)
(node:1089) ExperimentalWarning: localStorage is not available because --localstorage-file was not provided.
(Use `node --trace-warnings ...` to show where the warning was created)
✔ craft source selection preserves all previous source choices and isolated snapshots (13.237292ms)
✔ source eligibility is re-evaluated after a source order changes (0.121042ms)
(node:1090) ExperimentalWarning: localStorage is not available because --localstorage-file was not provided.
(Use `node --trace-warnings ...` to show where the warning was created)
✔ 生产单创建来源只覆盖旧匹配事实，不复活已取消或覆盖更新后的匹配 (0.391083ms)
✔ 提前来源随PO唯一保存，重复生成不会追加第二份事实；查询投影不反向写PO (0.284583ms)
✔ 失败和嵌套投影后创建stage标记恢复，不影响后续染印执行保存 (0.196709ms)
✔ 备份拒绝错误归属、重复、未知状态和缺少正式冻结来源的匹配 (0.147666ms)
(node:1093) ExperimentalWarning: localStorage is not available because --localstorage-file was not provided.
(Use `node --trace-warnings ...` to show where the warning was created)
✔ 验收数据至少包含 5 张染色和 5 张印花提前加工单，并覆盖全部匹配状态 (333.5ms)
✔ 印花专业成果把多张图片和多个文件统一保存在同一附件集合 (0.135833ms)
✔ 同一生产需求可手动选择具体专业任务，创建结果保存所选任务与全部成果附件 (34.706ms)
✔ 创建提前加工单必须选择所属专业任务并明确加工厂 (2.938291ms)
✔ 计划加工数量包含损耗率，且染色印花投入与产出 SKU 必须不同 (0.144292ms)
✔ 专业成果未审核通过时不可创建提前加工单 (0.110166ms)
✔ 多个生产需求合并为一张生产单时，可匹配多张提前染色加工单 (38.827333ms)
✔ 等待技术包的提前单在技术包就绪后可由同一匹配服务自动重试 (12.27475ms)
✔ 合并生产单中只有部分需求有提前单时，只为未覆盖需求补建剩余数量 (45.185ms)
✔ 已有提前单但正式 BOM 或 SKU 不一致时进入异常，且不重复补建同一工艺单 (39.031042ms)
✔ 取消后重建保留旧单，并建立双向替代关系 (7.812042ms)
✔ 没有提前加工单的需求仍保留正式加工单快照 (3.950083ms)
✔ 查生产入口只在合法系统路由显示，并在打印与 PDA 路由隐藏 (0.544125ms)
✔ 相似前缀和相似打印段不会被当成合法路由 (0.074959ms)
(node:1095) ExperimentalWarning: localStorage is not available because --localstorage-file was not provided.
(Use `node --trace-warnings ...` to show where the warning was created)
✔ 静态生产单更新任务状态时保留原冻结资料，不强造不存在的技术版本 (0.732ms)
✔ 沿用静态资料的例外不能用于新单、篡改快照或错误技术版本 (0.570875ms)
(node:1096) ExperimentalWarning: localStorage is not available because --localstorage-file was not provided.
(Use `node --trace-warnings ...` to show where the warning was created)
✔ PERF-001: runtime snapshot and all nine subsets preserve every production order value and caller isolation (15.456416ms)
✔ PERF-001: a subset read does not traverse or clone unrelated snapshot sections (0.19675ms)
✔ PERF-001: paper pattern binding strips and nested craft arrays remain isolated after mutation (0.227125ms)
✔ PERF-001: replacing or updating the bound snapshot is visible immediately without a stale cache (0.145834ms)
✔ PERF-001: missing production order keeps null and empty-list contracts (0.073625ms)
✔ finished preparation and purchase keep their delay without claiming current work is on time (8.266875ms)
✔ absence of applicable records and missing timing inputs are not healthy or not-yet-due (1.189875ms)
✔ inbound quantity and final time completeness produce distinct business results (0.227916ms)
✔ reached late milestone has zero only for that milestone, not the whole task (2.950459ms)
✔ creation and handover clocks explain their different unfinished endpoints (3.240042ms)
✔ all current scenes avoid ambiguous headline defaults and literal unknown numbers (14.888667ms)
✔ contract graph with missing allocation date or actual holdings cannot assert not-yet-due or achieved (1.207167ms)
✔ opening a follow-up modal only reads, and empty inputs never appear saved (23.896208ms)
✔ save waits for completion and readback, rejects double-click writes, and stores realtime feedback without a forecast (17.656792ms)
✔ failed save retains all inputs and retries the exact same operation ID (2.3505ms)
✔ commit followed by readback failure remains unconfirmed until a read proves the same record (2.58925ms)
✔ work must belong to the current production order and expected time must be valid (1.809625ms)
✔ read failure retains a draft and does not treat unavailable records as a normal empty history (4.866791ms)
✔ old logs are retained, but never assigned to a new production order by inference (3.339083ms)
✔ FLOW graph late: full lifecycle keeps allocation, execution and four post stages (8.910709ms)
✔ FLOW graph normal: full lifecycle keeps allocation, execution and four post stages (3.565625ms)
✔ FLOW graph complete: full lifecycle keeps allocation, execution and four post stages (1.516708ms)
✔ FLOW graph completeLate: full lifecycle keeps allocation, execution and four post stages (6.276959ms)
✔ FLOW graph completeUnknown: full lifecycle keeps allocation, execution and four post stages (5.133875ms)
✔ FLOW graph partial: full lifecycle keeps allocation, execution and four post stages (3.0075ms)
✔ FLOW graph reordered: full lifecycle keeps allocation, execution and four post stages (6.266667ms)
✔ FLOW graph reachedLate: full lifecycle keeps allocation, execution and four post stages (4.302084ms)
✔ FLOW graph positioning: full lifecycle keeps allocation, execution and four post stages (0.406583ms)
✔ FLOW graph prepPending: full lifecycle keeps allocation, execution and four post stages (0.326625ms)
✔ FLOW graph sampleLate: full lifecycle keeps allocation, execution and four post stages (1.518208ms)
✔ FLOW graph samplePending: full lifecycle keeps allocation, execution and four post stages (1.391792ms)
✔ FLOW graph fullContract: full lifecycle keeps allocation, execution and four post stages (1.889708ms)
✔ FLOW graph materialBatches: full lifecycle keeps allocation, execution and four post stages (0.268792ms)
✔ FLOW graph materialPartial: full lifecycle keeps allocation, execution and four post stages (0.232167ms)
✔ FLOW graph live: full lifecycle keeps allocation, execution and four post stages (1.453083ms)
✔ FLOW graph unknown: full lifecycle keeps allocation, execution and four post stages (0.313917ms)
✔ FLOW graph unassigned: full lifecycle keeps allocation, execution and four post stages (1.379625ms)
✔ FLOW graph sameFactory: full lifecycle keeps allocation, execution and four post stages (4.795792ms)
✔ FLOW graph handoverPartial: full lifecycle keeps allocation, execution and four post stages (0.396167ms)
✔ FLOW live: QC, processing, recheck quantities have distinct current positions while history remains (0.395333ms)
✔ FLOW full contract: scopes and execution documents stay distinct from cumulative contract milestones (0.089083ms)
✔ FLOW delivery: outgoing without warehouse receipt keeps waiting clock active (0.060667ms)
✔ FLOW one post work order shares projects, quantity and clock without per-project chains (0.437541ms)
✔ FLOW bypass records go from completed QC directly to delivery, without fabricated processing or recheck (0.318958ms)
✔ FLOW summary cards distinguish pending, unknown, historical and current states without invented SLA (3.874375ms)
✔ FLOW mixed QC, processing and recheck quantities are summarized as post handling rather than processing (1.312417ms)
✔ FLOW pending inspection and recheck are not started rather than unknown, consistently with rails (0.15525ms)
✔ FLOW pending document cards and summaries describe unstarted clocks rather than missing times (0.9455ms)
✔ FLOW document modal has one project block for its single processing order (0.449625ms)
✔ COPY developer round: unknown purchase keeps allocation and execution responsibilities unverified (0.093292ms)
✔ COPY developer round: mixed post history and active work both remain visible (0.067459ms)
✔ COPY developer round: partial warehouse quantity is not a completed stage (1.616792ms)
✔ COPY developer round: process start and quantity appear once, QC uses its own business action (0.886792ms)
✔ FLOW-MOCK-001: all 20 scenarios retain source facts with documented COPY-211 cutting correction (34.135ms)
✔ FLOW-MOCK-002: every early-stage scenario has an honest full-flow skeleton and unknown purchase has no invented work (0.95275ms)
✔ FLOW-MOCK-003: allocation and actual sewing are distinct and each of the three contract scopes has only its applicable steps (0.769791ms)
✔ FLOW-MOCK-004: batches partition original receipts within each task and each source receipt exactly once (0.615167ms)
✔ FLOW-MOCK-005: actual positions preserve warehouse, delivery, processing aggregate amounts and explicit unknown remainder (0.567083ms)
✔ FLOW-MOCK-006: current QC, processing, recheck, delivery and warehouse positions have distinct document facts (0.605375ms)
✔ FLOW-MOCK-007: batch event chronology is ordered and all recorded actual events precede the fixed viewing time (3.355542ms)
✔ FLOW-MOCK-008: completed orders keep complete post history and missing last inbound time is never fabricated (0.282792ms)
✔ FLOW-MOCK-009: factory-contracted packing is not assigned again in post, and the no-post-processing route is explicit (1.024291ms)
✔ FLOW-MOCK-010: every new document is task scoped, batch scoped when applicable, and has valid same-scene relationships (2.627708ms)
✔ FLOW-MOCK-011: independent sewing keeps all applicable post items inside one processing document and one overall clock (0.740417ms)
✔ FLOW-MOCK-012: each batch has at most one post-processing document with the prototype item, status, quantity and timing contract (7.168791ms)
✔ FLOW-MOCK-013: actual quality results generate only applicable processing, completion generates recheck, and no processing goes straight to warehouse delivery (0.894833ms)
✔ COPY-211: full contract scope does not duplicate in-house cutting or release (0.151333ms)
✔ every sewing and post-finishing document type opens its actual native module detail (86.947292ms)
✔ sewing task execution preserves the matching contract rather than entering the allocation workbench (2.601958ms)
✔ post-finishing QC and recheck retain their own task results, batches, and downstream documents (15.333625ms)
✔ post delivery shows actual outgoing and finished-goods receipt separately (19.185959ms)
✔ completed orders retain the recorded post-finishing document history (1.723333ms)
✔ unknown or wrongly routed full-flow documents do not produce invented detail pages (0.250166ms)
✔ recorded finished-goods receipt without its time stops the handover clock rather than creating current waiting (0.457416ms)
✔ clock completion matches its own final business event across work and handover (0.118667ms)
✔ native post document uses the same Chinese current-position label as the diagram (14.903583ms)
✔ explicitly pending work is not mislabeled as missing actual start time in native clocks (0.549708ms)
✔ native post work detail keeps one project set, one clock and classified quantities (0.264708ms)
✔ post recheck describes SKU quantity and barcode verification rather than a second quality inspection (0.307667ms)
✔ original post work documents preserve their recorded completed quantities without requiring new project fields (1.11175ms)
✔ delivery awaiting warehouse receipt is not described as an unfinished upstream prerequisite (0.2715ms)
✔ completed late work and unfinished overdue work remain different in management and the actual source detail (32.134083ms)
✔ a late reached contract is a ended node, and future unreached targets are not current debt (31.817041ms)
✔ missing allocation date or factory actual pickup keeps unknown distinct from an on-time contract (47.150583ms)
✔ source contract deadline uses allocation day as day 1 even when business date contains a clock time (31.373042ms)
✔ full warehouse quantities without last receipt time never imply an on-time result or enter the rate denominator (27.19925ms)
✔ purchase association unknown never asserts that production has not been created or begun (8.922792ms)
✔ sample timing is by actual handout date and remains separate from approval result (30.802333ms)
✔ completed whole-order elapsed time stops at final warehouse receipt; export names quantities and states precisely (22.9735ms)
✔ zero actual pickup is a known zero awaiting a contract denominator, not a missing value or automatic achievement (28.874875ms)
✔ missing execution evidence does not imply that material has not arrived or that work is confirmed overdue (7.860959ms)
✔ POST-FOLD late: post work is nested and the sewing label is unified (3.878333ms)
✔ POST-FOLD normal: post work is nested and the sewing label is unified (9.480792ms)
✔ POST-FOLD complete: post work is nested and the sewing label is unified (5.115208ms)
✔ POST-FOLD completeLate: post work is nested and the sewing label is unified (4.481333ms)
✔ POST-FOLD completeUnknown: post work is nested and the sewing label is unified (1.190042ms)
✔ POST-FOLD partial: post work is nested and the sewing label is unified (2.349958ms)
✔ POST-FOLD reordered: post work is nested and the sewing label is unified (3.818958ms)
✔ POST-FOLD reachedLate: post work is nested and the sewing label is unified (3.887042ms)
✔ POST-FOLD positioning: post work is nested and the sewing label is unified (1.833625ms)
✔ POST-FOLD prepPending: post work is nested and the sewing label is unified (0.6905ms)
✔ POST-FOLD sampleLate: post work is nested and the sewing label is unified (2.96975ms)
✔ POST-FOLD samplePending: post work is nested and the sewing label is unified (2.479875ms)
✔ POST-FOLD fullContract: post work is nested and the sewing label is unified (2.831334ms)
✔ POST-FOLD materialBatches: post work is nested and the sewing label is unified (0.765541ms)
✔ POST-FOLD materialPartial: post work is nested and the sewing label is unified (0.521458ms)
✔ POST-FOLD live: post work is nested and the sewing label is unified (3.255125ms)
✔ POST-FOLD unknown: post work is nested and the sewing label is unified (0.69025ms)
✔ POST-FOLD unassigned: post work is nested and the sewing label is unified (1.455458ms)
✔ POST-FOLD sameFactory: post work is nested and the sewing label is unified (1.922917ms)
✔ POST-FOLD handoverPartial: post work is nested and the sewing label is unified (0.327834ms)
✔ POST-TIME: completed and active work show actual times and longest own clock without inventing an SLA (0.387541ms)
✔ POST-TIME: known document requirements distinguish unfinished late work from completed late history (0.410833ms)
✔ PAGE-001 / SCENE-17 / 20: 19 unique production orders plus one purchase awaiting association preserve the 19 accepted base scenes (2.336625ms)
✔ MASTER-001 / SCENE-07: reversing purchase order input retains earliest precise start and 28-day deadline (0.611542ms)
✔ MASTER-002: full warehouse completion at the exact deadline is timely; one minute later is late (0.48725ms)
✔ SCENE-03—05: warehouse facts establish completion separately from final timestamp and stale upstream records (0.393666ms)
✔ SCENE-06 / 16 / 18: quantity positions conserve pieces while missing position and task ownership remain distinct (5.203541ms)
✔ CONTRACT-002 / SCENE-13: three return contracts use calendar days including Sunday and their actual held quantities (1.307125ms)
✔ SCENE-19: B factory total 40% cannot cover the independently overdue B01 task (1.179958ms)
✔ SCENE-02 / 08: timely returns and late reached milestone differ from a currently overdue unmet milestone (0.927208ms)
✔ SCENE-09 / 10: preparation is a parallel four/five-day stage with separately recorded production and handover (4.769625ms)
✔ SCENE-11 / 12: sample date is pickup plus three; failed or unsubmitted sample does not move the return deadline (1.833459ms)
✔ SCENE-14: stock 600 meters advances before the independent 900-meter purchase batch, with three work/handover records each (2.018125ms)
✔ SCENE-15: known 600-meter receipt is preserved while the 900-meter purchase remains unknown and currently late (0.51775ms)
✔ SCENE-20: partial factory handover retains 2400 sleeve pieces received and 600 disputed without closing the handover or converting to garments (0.90425ms)
✔ SCENE-01: completed preparation/material delays remain history while sleeve work has a current 600-piece gap (2.256209ms)
✔ PREP / CRAFT: auxiliary work is three days each; bulk dye/print/wash and handovers have no invented SLA (3.458083ms)
✔ SOURCE / UI: document IDs, related ownership, native routes and source summaries are coherent without read mutation (26.961125ms)
✔ SOURCE: there are no future actual events or reversed processing/handover times in the fixed demonstration (3.168042ms)
✔ SCENE late: expanded accepted diagram retains its business nodes and source documents (0.836667ms)
✔ SCENE normal: expanded accepted diagram retains its business nodes and source documents (1.131583ms)
✔ SCENE complete: expanded accepted diagram retains its business nodes and source documents (0.906542ms)
✔ SCENE completeLate: expanded accepted diagram retains its business nodes and source documents (1.377958ms)
✔ SCENE completeUnknown: expanded accepted diagram retains its business nodes and source documents (1.855083ms)
✔ SCENE partial: expanded accepted diagram retains its business nodes and source documents (1.127291ms)
✔ SCENE reordered: expanded accepted diagram retains its business nodes and source documents (1.219417ms)
✔ SCENE reachedLate: expanded accepted diagram retains its business nodes and source documents (0.898208ms)
✔ SCENE positioning: expanded accepted diagram retains its business nodes and source documents (0.2275ms)
✔ SCENE prepPending: expanded accepted diagram retains its business nodes and source documents (0.212959ms)
✔ SCENE sampleLate: expanded accepted diagram retains its business nodes and source documents (2.163708ms)
✔ SCENE samplePending: expanded accepted diagram retains its business nodes and source documents (2.061541ms)
✔ SCENE fullContract: expanded accepted diagram retains its business nodes and source documents (1.213208ms)
✔ SCENE materialBatches: expanded accepted diagram retains its business nodes and source documents (0.616208ms)
✔ SCENE materialPartial: expanded accepted diagram retains its business nodes and source documents (0.370542ms)
✔ SCENE live: expanded accepted diagram retains its business nodes and source documents (0.977542ms)
✔ SCENE unknown: expanded accepted diagram retains its business nodes and source documents (0.103625ms)
✔ SCENE unassigned: expanded accepted diagram retains its business nodes and source documents (0.869625ms)
✔ SCENE sameFactory: expanded accepted diagram retains its business nodes and source documents (1.029041ms)
✔ SCENE handoverPartial: expanded accepted diagram retains its business nodes and source documents (0.538834ms)
✔ PREP-005: supplemental scene retains disabled and change-ended documents without creating active clocks or blocking valid preparation (0.784166ms)
✔ timing documents resolve directly at their native route with the same shared static facts (447.568667ms)
✔ source detail does not resolve unrelated records or a registered record at a wrong module path (0.369041ms)
✔ a handover belongs to its original outgoing work rather than a linked next process (1.097667ms)
✔ contract details retain natural-day deadlines and late achievement history (2.420583ms)
✔ partially received material retains unknown purchase receipt instead of inventing zero or full stock (0.744375ms)
✔ production preparation details include parallel requirements and BOM quantities (1.429167ms)
✔ work remaining quantity follows known required and completed quantities in the same unit (3.008334ms)
✔ missing factory sample uses the recorded requirement date and keeps sample approval outside return milestones (0.450917ms)
✔ purchase-only scenario resolves to the existing merchandise purchase and pending-purchase backlink (0.688875ms)
✔ finished-goods detail distinguishes latest partial receipt from full completion time (0.614292ms)
✔ unknown timing standard is amber verification, never a red confirmed-overdue result (0.306458ms)
✔ MIGRATE-001: direct production/pending detail paths have their own active tab identity; discarded tasks/examples/team details are absent (0.556334ms)
✔ MIGRATE-001: stored DDS tabs prune discarded addresses, retain unrelated tabs and correct the live production title without touching input (0.521917ms)
(node:1111) ExperimentalWarning: localStorage is not available because --localstorage-file was not provided.
(Use `node --trace-warnings ...` to show where the warning was created)
✔ VERIFY-003: scoped reads preserve pending/voided sources and defensive copies (3.654209ms)
✔ VERIFY-003: metadata lookup reflects registry changes and returns independent locations (12.218584ms)
✔ 备份恢复不能借原票编号伪造另一种面料的交出回执 (0.731708ms)
✔ 换片布固定演示：四个新增生产单覆盖部分打印、补打、交出备用及失效票 (0.870625ms)
✔ 部位票缓存感知已提交事件版本，重复读取同一版本不失效 (0.36325ms)
✔ 按名称排朴，空名拒绝，同名不同编码/颜色保留独立身份 (1.98975ms)
✔ 初始每面料一张，重复分配幂等；新增与补打不混淆 (0.728708ms)
✔ 改派未交票失效，已交历史不抹除，新范围递增序号 (0.523334ms)
✔ 部分出纸仅确认勾选票；重复确认不增加次数，内容变化拒绝 (0.139375ms)
✔ 整个批次多袋并集检查，非本次袋不可借用，顺序无关 (0.306958ms)
✔ 同任务同工厂历史可满足；不同任务或换厂必须另交 (0.171709ms)
✔ 三方自行裁剪排除，资料缺失与无需面料分开判断 (0.061958ms)
✔ 混装按类型和单位分项，换片布不能拆成非5 Yard (0.115542ms)
✔ 局域网 HTTP 的摘要与原生 SHA-256 相同，既有票号不变化 (11.37125ms)
(node:1120) ExperimentalWarning: localStorage is not available because --localstorage-file was not provided.
(Use `node --trace-warnings ...` to show where the warning was created)
✔ 混装打印保留裁片矩阵，捆条和换片布独立附页，不合并单位 (1.112416ms)
✔ 纯换片布袋可生成货物标识，不制造尺码和部位 (0.119583ms)
✔ 混装标签拒绝换片布错误长度、作废票和混生产单 (0.236958ms)
✔ 旧业务存储不可读时仍用已提交的原装袋周期打印三类货物 (0.586084ms)
✔ 生产单按单记录；变更一单不重写其他单和任务 (1.238833ms)
✔ 运行任务独立保存覆盖、拆分、合并、改派及序号，往返保留身份 (0.214333ms)
✔ 有效分配索引、独立记录、审计及序号完整往返，拒绝重复身份和损坏格式 (0.32325ms)
✔ 拒绝空字符串，不吞掉损坏记录 (0.056625ms)
✔ 拒绝数组根，不吞掉损坏记录 (0.044958ms)
✔ 拒绝生产单数组实体，不吞掉损坏记录 (0.038667ms)
✔ 拒绝生产单空编号，不吞掉损坏记录 (0.038417ms)
✔ 拒绝生产单损坏快照，不吞掉损坏记录 (0.038125ms)
✔ 拒绝任务覆盖数组，不吞掉损坏记录 (0.0525ms)
✔ 拒绝任务覆盖身份，不吞掉损坏记录 (0.078792ms)
✔ 拒绝拆分来源身份，不吞掉损坏记录 (0.050292ms)
✔ 拒绝拆分子项损坏，不吞掉损坏记录 (0.041667ms)
✔ 拒绝合并明细损坏，不吞掉损坏记录 (0.040041ms)
✔ 拒绝改派任务身份，不吞掉损坏记录 (0.029875ms)
✔ 拒绝不安全序号，不吞掉损坏记录 (0.029417ms)
✔ 拒绝重复Map键，不吞掉损坏记录 (0.053667ms)
✔ 拒绝current非数组，不吞掉损坏记录 (0.034084ms)
✔ 拒绝current孤儿，不吞掉损坏记录 (0.033041ms)
✔ 拒绝current跨任务，不吞掉损坏记录 (0.030917ms)
✔ 拒绝current重复引用，不吞掉损坏记录 (0.031125ms)
✔ 拒绝审计孤儿，不吞掉损坏记录 (0.031708ms)
✔ 已保存实体损坏编号、缺少meta或重复meta不能伪造正常空源 (0.131083ms)
✔ 未登记key及空白JSON拒绝；null明确代表没有覆盖 (0.047583ms)
✔ 备份校验拒绝未知来源集合、伪造迁移身份及丢失检查点实体 (0.56525ms)
✔ 四类静态运行任务的删除标记完整往返，拒绝混入业务字段或假删除 (0.13375ms)
✔ 分配副产物按实体保存；合同、样衣及PPIC责任保留独立序号 (0.446166ms)
✔ 拒绝缺失渲染必需快照的合同，防止迁移清源后才暴露损坏 (0.04975ms)
✔ 关联实体损坏拒绝 unknown:X (0.043125ms)
✔ 关联实体损坏拒绝 material-context:A (0.033709ms)
✔ 关联实体损坏拒绝 return-sequence:value (0.037417ms)
✔ 关联实体损坏拒绝 sla-current:T (0.028958ms)
✔ 生产创建匹配来源按生产单身份校验并完整恢复 (0.177916ms)
✔ 工厂结束事实只允许明确任务、操作人和时间 (7.6225ms)
✔ 既有招标定标记录保留真实来源编号并校验价格与操作人 (0.18575ms)
✔ 开工交出单头只包含首次零交出事实，拒绝伪造数量和身份 (0.191541ms)
(node:1122) ExperimentalWarning: localStorage is not available because --localstorage-file was not provided.
(Use `node --trace-warnings ...` to show where the warning was created)
✔ 同分配的同名 A/B 面料分别新增和打印；第二面料不被第一范围替代 (84.648875ms)
(node:1123) ExperimentalWarning: localStorage is not available because --localstorage-file was not provided.
(Use `node --trace-warnings ...` to show where the warning was created)
✔ 分配 SKU 的需料不同；多尺码共料去重，名称含朴排除 (2.217958ms)
✔ 完整但全是朴为空集合；缺颜色映射或空名称属于资料错误 (0.372541ms)
✔ 同名不同编码面料不混并；BOM 身份歧义阻断 (0.236542ms)
✔ 交出回执从快照保留三种明细，Yard 与米不进入裁片数量 (0.637458ms)
✔ 回执任务读取保持数组身份；只在事实变更后重新投影 (0.240125ms)
✔ 款式需料读取的配置查询只返回独立副本，不能污染下次来源读取 (0.7655ms)
✔ 来源读取失败时不能把不可用哨兵值当作稳定分配继续保存 (0.367916ms)
✔ 历史裁片实交保留原数量与归属，其他集合不混入 (0.523875ms)
✔ 历史缺原版本、交错明细、负数量或记录身份错误均阻断恢复 (0.264ms)
✔ 面辅料单不可写入退役裁片历史，未完成迁移标记不可恢复 (0.098666ms)
✔ 并发调用复用同一个模块加载 Promise，成功后继续复用结果 (0.632625ms)
✔ 模块加载失败后清空缓存，下一次调用可以重试 (0.229542ms)
(node:1129) ExperimentalWarning: localStorage is not available because --localstorage-file was not provided.
(Use `node --trace-warnings ...` to show where the warning was created)
✔ CONTRACT-005: native legacy task fixture exposes the actual missing allocation date at PDA and progress board entries (1085.229792ms)
(node:1130) ExperimentalWarning: localStorage is not available because --localstorage-file was not provided.
(Use `node --trace-warnings ...` to show where the warning was created)
✔ CONTRACT-002: later factory acceptance retains its fact without postponing business allocation deadlines (0.816292ms)
✔ CONTRACT-002: missing business allocation time produces a visible verification gap instead of acceptance-based deadlines (0.187542ms)
✔ CONTRACT-002: historical acceptance-based snapshots remain intact but cannot establish current contract deadlines (0.277208ms)
✔ CONTRACT-002: shared PDA and progress board show missing allocation dates without claiming zero-receipt tasks are complete (0.495625ms)
✔ CONTRACT-002: confirmed dates still show the next contractual node and complete only after all 100 pieces are received (0.386125ms)
✔ CONTRACT-002: outsourcing tracking uses allocation dates for tender tasks and marks missing dates as unverified (16.72625ms)
(node:1131) ExperimentalWarning: localStorage is not available because --localstorage-file was not provided.
(Use `node --trace-warnings ...` to show where the warning was created)
✔ 刷新时静态样衣命令重建不重放到已移交的持久用户状态，构造失败恢复输入 (8.218416ms)
✔ 独立打印外壳只命中完整生产确认单打印路由 (0.582167ms)
✔ 既有固定打印路由仍使用独立打印外壳 (0.097875ms)
(node:1133) ExperimentalWarning: localStorage is not available because --localstorage-file was not provided.
(Use `node --trace-warnings ...` to show where the warning was created)
✔ TP-ID-002: FCS live hydration cannot change the static 26 identities or their numeric sequence (10.434ms)
✔ TP-DATA-001: baseline has 20 actual complete formal versions and three plus three draft review states (1.401792ms)
✔ TP-ROUTE-001: all twenty formal routes have three resolvable dye→print→wash chains and five two-craft pieces (164.605625ms)
✔ TP-ID-001: ID is persisted independent of ordering and next identity uses the global maximum (9.558292ms)
✔ TP-LEGACY-001: exact old static copies project read-only, preserve source identities and preserve changed records or content (6.285791ms)
✔ TP-LEGACY-002: repository reads old demo without writes; new legacy-source creation is rejected (336.801083ms)
✔ TP-LEGACY-003: early release content upgrades after person maintenance but genuine technical edits remain intact (3.616041ms)
✔ TP-PAGE-001: route rendering preserves stored IDs and hides objects without additional processing (89.69525ms)
✔ TP-PERSON-001: valid maintenance retains published content, records a log, and rejects wrong-role candidates (308.223959ms)
✔ technical version working-copy reads do not write and failed staging preserves data (first visit) (327.417208ms)
✔ technical version working-copy reads do not write and failed staging preserves data (saved data) (399.54ms)
[PMS_IDB_LOAD_FAILED] { message: '当前浏览器不支持 IndexedDB,PMS 业务数据无法持久化。' }
✔ 五类页面共享采购到交出的串联 Mock，重复初始化不重置执行事实 (253.631209ms)
✔ 补齐串联 Mock 时压缩历史大签名，避免浏览器存储接近上限导致页面路由失败 (257.457583ms)
✔ 三个中央工厂在组织目录与执行工厂中身份一致且仅出现一次 (0.491208ms)
✔ 花边角色与采购映射归属TMF但供应方仍保留独立身份 (0.078709ms)
✔ 橡筋定长切割仍归SPF，不成为TMF织带截断任务 (0.094333ms)
✔ 旧浏览器组织记录迁移后不与权威TMF并存且保留已有联系人 (2.698792ms)
(node:1141) ExperimentalWarning: localStorage is not available because --localstorage-file was not provided.
(Use `node --trace-warnings ...` to show where the warning was created)
✔ 连续织带实际650米交出→648+2实收→染色可用650，仓库和用料保持米制且无公斤换算 (8.338958ms)
✔ 连续长度口径不可用于纱线/码制，普通辅料仍要求实际称重 (1.709ms)
✔ 原生连续辅料染色650→640：实际工厂实收及用料驱动加工，使用对象对应蓝色织带参考图 (500.960417ms)
✔ 织带与绳子参考档案接入实际物料库，保留图片来源和未确认尺寸，不替换橡筋 (171.175625ms)
✔ 同分钟新建不同幅宽织带和绳径主档不共用 SPU 身份，SKU 保持各自父档与主单位 (22.06475ms)
✔ TMF半成品SKU按SPU→潘通色号→颜色→花型生成，长度和端头不进入SKU (0.158125ms)
(node:1147) ExperimentalWarning: localStorage is not available because --localstorage-file was not provided.
(Use `node --trace-warnings ...` to show where the warning was created)
✔ TMF发布采用链：技术包发布门禁→审核发布→启用→生产单采用→生成织带加工需求 (1552.523917ms)
✔ TMF发布门禁：含织带截断工序但规格未补齐的采用版本不能发布 (418.070792ms)
✔ 正式生产路线只关联相邻同BOM同SKU的染色→印花，不生成数量或修改来源 (0.854792ms)
✔ 跨单/版本/工序/用途/SKU/单位、缺工厂与已有其他接收单都不能接续 (0.742875ms)
✔ 印花连续辅料仅接同版本同BOM的直接截断节点，不修改SKU和数量 (4.772834ms)
✔ 染色来源已绑定印花时拒绝直接截断，不读取不存在的顶层字段 (0.609ms)
✔ TMF V1 原型范围、工厂身份和现场默认参数已冻结 (0.6805ms)
✔ TMF 风险动作默认要求主管与二次确认，采购行身份不可丢失 (0.063334ms)
[PMS_IDB_LOAD_FAILED] { message: '当前浏览器不支持 IndexedDB,PMS 业务数据无法持久化。' }
[PMS_IDB_UNAVAILABLE] put 跳过,数据仅保留在内存 { store: 'pmsMaterialPurchaseOrderDeltas', key: 'CGF-2026-0007' }
[PMS_IDB_UNAVAILABLE] put 跳过,数据仅保留在内存 { store: 'pmsMaterialPurchaseOrderDeltas', key: 'CGF-2026-0009' }
[PMS_IDB_UNAVAILABLE] put 跳过,数据仅保留在内存 { store: 'pmsMaterialPurchaseOrderDeltas', key: 'CGF-2026-0009' }
{"scenario":"N02","scope":"业务动作主链含纱线重量账；含端头辅材采购实收；不含PCS发布采用页面、纱线采购上游","purchaseReceived":1300,"productionReceived":1000,"warehouseContinuousM":30,"netCutM":1260,"lossM":10,"headUnit":"个","headReceived":2020,"headRemaining":15}
[PMS_IDB_UNAVAILABLE] put 跳过,数据仅保留在内存 { store: 'pmsMaterialPurchaseOrderDeltas', key: 'CGF-2026-0010' }
[PMS_IDB_UNAVAILABLE] put 跳过,数据仅保留在内存 { store: 'pmsMaterialPurchaseOrderDeltas', key: 'CGF-2026-0010' }
{"scenario":"N03","scope":"业务动作主链含纱线重量账；含端头辅材采购实收；不含PCS发布采用页面、纱线采购上游","purchaseReceived":60,"productionReceived":100,"warehouseContinuousM":9,"netCutM":50,"lossM":1,"headUnit":"个","headReceived":202,"headRemaining":1}
[PMS_IDB_UNAVAILABLE] put 跳过,数据仅保留在内存 { store: 'pmsMaterialPurchaseOrderDeltas', key: 'CGF-2026-0011' }
[PMS_IDB_UNAVAILABLE] put 跳过,数据仅保留在内存 { store: 'pmsMaterialPurchaseOrderDeltas', key: 'CGF-2026-0011' }
{"scenario":"N04","scope":"业务动作主链含纱线重量账；含端头辅材采购实收；不含PCS发布采用页面、纱线采购上游","purchaseReceived":100,"productionReceived":50,"warehouseContinuousM":34,"netCutM":65,"lossM":1,"headUnit":"kg","headReceived":0.2,"headRemaining":0.04}
[PMS_IDB_UNAVAILABLE] put 跳过,数据仅保留在内存 { store: 'pmsMaterialPurchaseOrderDeltas', key: 'CGF-2026-0012' }
[PMS_IDB_UNAVAILABLE] put 跳过,数据仅保留在内存 { store: 'pmsMaterialPurchaseOrderDeltas', key: 'CGF-2026-0012' }
{"scenario":"B06","scope":"规范数量动作链；塑料头从仓库实收事实开始，补购基础生产未虚构纱线配方；不代表全部页面验收","continuous":9,"productionReceived":1000,"scrapped":100,"scrappedMeters":120,"loss":11,"metalRemaining":15,"plasticRemaining":2}
{"scenario":"N05","mergedBatch":"FULL-N05-MERGED","purchaseReceivedM":120,"mergedIssuedM":102,"mergedProducedPieces":200,"productionReceivedByOrder":[100,100],"warehouseContinuousM":19,"lossM":1,"returnedM":1}
{"scenario":"B17","mergedBatch":"FULL-B17-MERGED","purchaseReceivedM":120,"mergedIssuedM":102,"mergedProducedPieces":200,"productionReceivedByOrder":[100,100],"warehouseContinuousM":19,"lossM":1,"returnedM":1}
{"scenario":"N01","rawReceivedKg":12,"consumedKg":10,"returnedKg":1,"factoryRemainingKg":1,"semiFinishedReceivedM":1000}
{"scenario":"N02","rawReceivedKg":12,"consumedKg":10,"returnedKg":1,"factoryRemainingKg":1,"semiFinishedReceivedM":1300}
{"scenario":"N03","rawReceivedKg":12,"consumedKg":10,"returnedKg":1,"factoryRemainingKg":1,"semiFinishedReceivedM":60}
{"scenario":"N04","rawReceivedKg":12,"consumedKg":10,"returnedKg":1,"factoryRemainingKg":1,"semiFinishedReceivedM":100}
{"scenario":"N05","rawReceivedKg":12,"consumedKg":10,"returnedKg":1,"factoryRemainingKg":1,"semiFinishedReceivedM":120}
{"scenario":"PRINTBACK-source-fixture","nativePrint":{"inputM":650,"outputM":630,"lossM":20,"outputImage":"MISSING_BLOCKED"},"sourceDispatched":630,"actualReceived":630,"cutMeters":620,"lossMeters":2,"returnedMeters":8,"baseLeftMeters":350,"scope":"原生印花650→630已独立重放；下游630米交出仍为专项夹具，不替代缺图正式交出或N01完整上游"}
{"scenario":"B09-downstream-recovery","basePhysicalM":350,"otherReservedM":350,"baseAvailableM":0,"processedReturnM":8,"productionPieces":[400,600],"scope":"含实际占用失败、释放、发料及印花回料后全链；原生印染20米损耗未执行，不是完整B09通过"}
{"scenario":"B05-cut-recovery","received":[400,600],"frozenPieces":10,"frozenLengthMm":500,"continuous":2.5,"cutLoss":2.5,"upstreamScope":"印花630米已交出为外部专项夹具，不冒充原生印染20米损耗或全N01"}
(node:1151) ExperimentalWarning: localStorage is not available because --localstorage-file was not provided.
(Use `node --trace-warnings ...` to show where the warning was created)
✔ N01～N05：通过现有 PMS 入口下达，每条采购链从零执行到仓库实收；交出不提前增加库存 (12.700833ms)
✔ 半成品加工没有原料实收和足量耗用时禁止产出，补齐同一原料链后才能填报 (3.627667ms)
✔ MOCK-007：规范场景使用同一采购行、基础单和生产需求身份，不复制孤立页面 Mock (2.61ms)
✔ MOCK-009：重置只重载隔离的运行态，不清除用户浏览器数据 (0.358041ms)
✔ B01/B03：短收保留在途和采购缺口；重复扫描、生成和刷新不双记 (0.944167ms)
✔ B02/B04：多收、错 SKU、错仓和无权限动作不改变任意下游数量；恢复后正常收齐 (1.445458ms)
✔ OVR-001～003：超产与超收须主管二次确认，计划不扩、幂等且下游一致 (2.711542ms)
✔ MASTER-001～003/005：采购与端头采购映射原型内建主档，缺失阻断且身份稳定 (5.813459ms)
✔ MASTER-004：映射前历史记录保留原快照与未映射标记，不批量改写 (0.292792ms)
✔ TERM-001～005：取消后终止处置台逐项决定，未处置不得结案且数量对账守恒 (6.781333ms)
✔ 终止连续余料：实物余量只扣一次报废，拒绝超量且剩余数量可继续处置 (4.122417ms)
✔ GAP-TERM-004：上游未收与生产在途分别确认去向，不可重复登记 (0.746041ms)
✔ DYE-001～003：染色直交织带厂按实际交出分配实收，追溯原染色单且不重复扣料 (400.003875ms)
✔ 采购追加：未开始同步计划，已执行保留原计划和实物并处理变更 (4.931625ms)
✔ B21：保存失败不报成功、不留部分库存；成功后刷新读取同一采购和收货事实 (1.351292ms)
✔ 采购→两种规格截断→拆包回仓→分配发料→生产实收：短收保留缺口，库存及采购不双记 (20.471375ms)
✔ B09：其他需求占用400米时不能再占650；释放50后恢复，错误发料不改变库存 (5.857458ms)
✔ 需求来源：同尺码不同成衣SKU分别保留，BOM适用范围生效，错误快照和重复工序阻断 (0.395875ms)
✔ 待打头条料不计合格产出；超公差实物记不良且照实扣下料当量，未实收不可截断 (31.926542ms)
✔ N04：采购100米→单端硅胶按kg实耗→回仓发料→生产实收50根，连续料剩34米 (27.356667ms)
✔ B15：截断后取消保留1000根在制和1260米当量，释放未发占用并只退连续余料 (23.660666ms)
✔ 已回仓部分发料后取消：释放未发分配，冻结实存，已发在途保留且实收不恢复需求 (19.705667ms)
✔ N02规范数值：采购→实际加工→生产实收及米料/辅材退仓整链 (74.122167ms)
✔ N03规范数值：采购→实际加工→生产实收及米料/辅材退仓整链 (61.667958ms)
✔ N04规范数值：采购→实际加工→生产实收及米料/辅材退仓整链 (63.813208ms)
✔ B06规范恢复：误装100根报废→补购100米并补做→生产实收1000根，三套实物账守恒 (130.921208ms)
✔ N05合并批：120米采购→102米合并投入→两生产单各实收100，B17独立副本拆100为40+60 (91.054875ms)
✔ B17合并批：120米采购→102米合并投入→两生产单各实收100，B17独立副本拆100为40+60 (103.772ms)
✔ N01～N05基础原料重量账：源仓实收→发出→工厂实收→耗用/余料→原仓实收，与米制产出独立 (239.057125ms)
✔ 主生产单暂停/取消直接限制织带执行，已发实收保留且取消处置释放未发占用 (70.4895ms)
✔ 冷启动及旧标签页均读取已保存主单限制，损坏来源不默许执行 (0.339167ms)
✔ 印花交出按两种长度分配，原单分次实收唯一记账，随后截断/回仓/领料守恒 (391.492334ms)
✔ 主单离页保存保留其他页取消及新增单，同单并发编辑和存储失败不覆盖 (8.587709ms)
✔ 技术包换版后旧规格冻结，已交出的仓库及生产在途可实收且不改旧长度 (68.589791ms)
✔ 未发料换版释放旧占用，新需求从备料至生产实收，旧预览和已执行重算阻断 (98.81475ms)
✔ 已加工换版：旧200条冻结并释放未发分配，新550/700mm需求实收1000条，旧预览失效且库存守恒 (126.347833ms)
✔ B05实际410/590错配：短条余量冻结，连续余料8米补10条700mm至两规格生产实收 (218.717833ms)
✔ 加工计划时间独立保存：明确时区、并发版本阻断、实际节点不倒推开完工且库存不变 (25.857375ms)
✔ 加工单费用按技术包需求计价：单位、币种和版本可追溯，库存与实收不被费用动作改变 (21.797125ms)
✔ 织带加工单没有接单或开工门禁，投入实收后可直接加工填报 (52.857959ms)
✔ B23未执行采购1000减900：版本留痕、旧预览阻断、重新确认接受后900实际生产实收 (53.371166ms)
✔ B24实收1000退100：仓库交出与TMF分次实收独立，原收保留且净900后减量 (91.944708ms)
✔ 采购取消门禁：无执行事实可取消，已收货或已生产必须先处置不能直接结案 (49.551917ms)
[PMS_IDB_LOAD_FAILED] { message: '当前浏览器不支持 IndexedDB,PMS 业务数据无法持久化。' }
[PMS_IDB_UNAVAILABLE] put 跳过,数据仅保留在内存 { store: 'pmsMaterialPurchaseOrderDeltas', key: 'CGF-2026-0007' }
[PMS_IDB_LOAD_FAILED] { message: '当前浏览器不支持 IndexedDB,PMS 业务数据无法持久化。' }
[PMS_IDB_LOAD_FAILED] { message: '当前浏览器不支持 IndexedDB,PMS 业务数据无法持久化。' }
[PMS_IDB_LOAD_FAILED] { message: '当前浏览器不支持 IndexedDB,PMS 业务数据无法持久化。' }
[PMS_IDB_UNAVAILABLE] put 跳过,数据仅保留在内存 { store: 'pmsMaterialPurchaseOrderDeltas', key: 'CGF-2026-0007' }
[PMS_IDB_UNAVAILABLE] put 跳过,数据仅保留在内存 { store: 'pmsMaterialPurchaseOrderDeltas', key: 'CGF-2026-0007' }
[PMS_IDB_UNAVAILABLE] put 跳过,数据仅保留在内存 { store: 'pmsMaterialPurchaseOrderDeltas', key: 'CGF-2026-0007' }
[PMS_IDB_LOAD_FAILED] { message: '当前浏览器不支持 IndexedDB,PMS 业务数据无法持久化。' }
[PMS_IDB_LOAD_FAILED] { message: '当前浏览器不支持 IndexedDB,PMS 业务数据无法持久化。' }
[PMS_IDB_LOAD_FAILED] { message: '当前浏览器不支持 IndexedDB,PMS 业务数据无法持久化。' }
✔ PMS采购实际仓库实收与原料库存一次保存；分批、刷新、原料使用和退回均不重复履约 (158.676416ms)
✔ 历史手工到货及不支持的单位不能直接变成投入料可用库存 (0.583709ms)
✔ 首次实收前供应商确认与关闭可刷新恢复，保存失败和损坏存储不会覆盖状态 (0.7525ms)
✔ N01采用路线按染色→印花关联原单，多尺码不重复列工序，不修改印染数量 (2.375541ms)
✔ 旧版本、错误SKU、码制单位、取消或变更待处理均不作为有效关联 (0.236791ms)
✔ 同号不同生产单或BOM不得关联，重复来源不静默选择，混合快照阻断 (0.246666ms)
✔ 编辑器按尺码保留规格，截断打头不新建SKU，重复保存沿用节点身份 (3.341041ms)
✔ 无印染要求时 TMF 路线只生成截断节点，不凭空生成染色或印花节点 (0.376667ms)
✔ 前序印染产出SKU作为截断投入；保留独立橡筋工艺，移除打头后下游连接截断 (1.151ms)
✔ 未明确打头、错误辅料BOM、无半成品和不合法前序不能生成可执行路线 (0.179417ms)
(node:1155) ExperimentalWarning: localStorage is not available because --localstorage-file was not provided.
(Use `node --trace-warnings ...` to show where the warning was created)
✔ N01：400 条 50CM 和 600 条 70CM 分行计算，共 620 米；未增加 SKU (1.254208ms)
✔ 缺少尺码数量、非整数条数、公差或测量条件时不猜测需求 (0.313833ms)
✔ B07：未选择打头、缺少端头方式或辅材不能确认；支持两端不同端头 (0.237916ms)
✔ N04/B08：硅胶按重量且必须有覆盖长度，不作为独立金属头计数 (0.0925ms)
✔ B18：打头只能承接对应截断条料，不能换 SKU、换长度或重新领连续料 (0.253709ms)
✔ N05：规格相同可以合并，但尺码、用途和需求身份不靠物理规格键代替 (0.087084ms)
✔ B14：修改后续版本端头要求不能污染生产单历史快照 (0.799208ms)
✔ 发布门禁：含织带截断工序的技术包必须规格完整且规格仍关联当前 BOM (0.37225ms)
(node:1156) ExperimentalWarning: localStorage is not available because --localstorage-file was not provided.
(Use `node --trace-warnings ...` to show where the warning was created)
✔ 已提交新周期可由真实袋档案进入历史，错误袋和未知周期仍拒绝 (0.980167ms)
(node:1157) ExperimentalWarning: localStorage is not available because --localstorage-file was not provided.
(Use `node --trace-warnings ...` to show where the warning was created)
✔ REPLACEMENT_FABRIC 已绑定有效同生产单任务保留归属，不按部位裁片SKU消除 (17.772958ms)
✔ REPLACEMENT_FABRIC 未绑定票不猜任务，可由用户明确同批加入 (6.770625ms)
✔ REPLACEMENT_FABRIC old-factory 旧绑定不可作为当前任务沿用 (6.519333ms)
✔ REPLACEMENT_FABRIC other-order 旧绑定不可作为当前任务沿用 (6.52375ms)
✔ BINDING_STRIP 已绑定有效同生产单任务保留归属，不按部位裁片SKU消除 (6.672125ms)
✔ BINDING_STRIP 未绑定票不猜任务，可由用户明确同批加入 (8.870166ms)
✔ BINDING_STRIP old-factory 旧绑定不可作为当前任务沿用 (5.814334ms)
✔ BINDING_STRIP other-order 旧绑定不可作为当前任务沿用 (5.449917ms)
ℹ tests 635
ℹ suites 0
ℹ pass 635
ℹ fail 0
ℹ cancelled 0
ℹ skipped 0
ℹ todo 0
ℹ duration_ms 13953.351416
vite v6.4.3 building for production...
transforming...
✓ 2733 modules transformed.
Circular chunk: pcs-tech-pack-review -> pcs-tech-pack-bootstrap -> pcs-tech-pack-review. Consider disabling the "output.onlyExplicitManualChunks" option, as enabling it causes the static dependencies of the manual chunk "pcs-tech-pack-bootstrap" to be bundled into the chunk "pcs-tech-pack-review".
rendering chunks...
[plugin vite:reporter] 
(!) /Users/laoer/.codex/worktrees/d29f/higoods/src/data/fcs/cutting/cutting-record-identity.ts is dynamically imported by /Users/laoer/.codex/worktrees/d29f/higoods/src/data/fcs/cutting/cutting-record-repository.ts but also statically imported by /Users/laoer/.codex/worktrees/d29f/higoods/src/data/fcs/cutting/cutting-event-migration.ts, /Users/laoer/.codex/worktrees/d29f/higoods/src/data/fcs/cutting/cutting-file-maintenance.ts, /Users/laoer/.codex/worktrees/d29f/higoods/src/data/fcs/cutting/part-ticket-records.ts, /Users/laoer/.codex/worktrees/d29f/higoods/src/data/fcs/cutting/replacement-fabric-fei-tickets.ts, /Users/laoer/.codex/worktrees/d29f/higoods/src/data/fcs/cutting/replacement-fabric-repository.ts, /Users/laoer/.codex/worktrees/d29f/higoods/src/data/fcs/cutting/retired-cut-piece-pickup-history.ts, /Users/laoer/.codex/worktrees/d29f/higoods/src/data/fcs/production-context-actions.ts, /Users/laoer/.codex/worktrees/d29f/higoods/src/data/fcs/production-context-records.ts, /Users/laoer/.codex/worktrees/d29f/higoods/src/pages/pda-cutting-save.ts, /Users/laoer/.codex/worktrees/d29f/higoods/src/pages/print/replacement-fabric-preview.ts, /Users/laoer/.codex/worktrees/d29f/higoods/src/pages/process-factory/cutting/replacement-fabric-fei-tickets.ts, /Users/laoer/.codex/worktrees/d29f/higoods/src/pages/process-factory/cutting/transfer-bags/state.ts, /Users/laoer/.codex/worktrees/d29f/higoods/src/pages/process-factory/cutting/wait-handover-actions.ts, /Users/laoer/.codex/worktrees/d29f/higoods/src/pages/production-contract-print.ts, /Users/laoer/.codex/worktrees/d29f/higoods/src/pages/unified-dispatch-workbench.ts, dynamic import will not move module into another chunk.

[plugin vite:reporter] 
(!) /Users/laoer/.codex/worktrees/d29f/higoods/src/data/fcs/production-context-records.ts is dynamically imported by /Users/laoer/.codex/worktrees/d29f/higoods/src/data/fcs/cutting/cutting-record-repository.ts, /Users/laoer/.codex/worktrees/d29f/higoods/src/data/pcs-product-reference-check.ts, /Users/laoer/.codex/worktrees/d29f/higoods/src/main.ts but also statically imported by /Users/laoer/.codex/worktrees/d29f/higoods/src/data/fcs/cutting/cutting-event-repository.ts, /Users/laoer/.codex/worktrees/d29f/higoods/src/data/fcs/cutting/part-ticket-records.ts, /Users/laoer/.codex/worktrees/d29f/higoods/src/data/fcs/cutting/replacement-fabric-repository.ts, /Users/laoer/.codex/worktrees/d29f/higoods/src/data/fcs/cutting/replacement-fabric-source.ts, /Users/laoer/.codex/worktrees/d29f/higoods/src/data/fcs/cutting/retired-cut-piece-pickup-history.ts, /Users/laoer/.codex/worktrees/d29f/higoods/src/data/fcs/effective-task-assignments.ts, /Users/laoer/.codex/worktrees/d29f/higoods/src/data/fcs/pda-handover-events.ts, /Users/laoer/.codex/worktrees/d29f/higoods/src/data/fcs/production-context-actions.ts, /Users/laoer/.codex/worktrees/d29f/higoods/src/data/fcs/production-contracts.ts, /Users/laoer/.codex/worktrees/d29f/higoods/src/data/fcs/production-order-runtime-store.ts, /Users/laoer/.codex/worktrees/d29f/higoods/src/data/fcs/production-orders.ts, /Users/laoer/.codex/worktrees/d29f/higoods/src/data/fcs/runtime-process-tasks.ts, /Users/laoer/.codex/worktrees/d29f/higoods/src/data/fcs/sewing-outsourcing-responsibility.ts, /Users/laoer/.codex/worktrees/d29f/higoods/src/data/fcs/sewing-sample-approval-suggestion.ts, /Users/laoer/.codex/worktrees/d29f/higoods/src/pages/dispatch-tenders.ts, /Users/laoer/.codex/worktrees/d29f/higoods/src/pages/process-factory/cutting/replacement-fabric-data-tools.ts, /Users/laoer/.codex/worktrees/d29f/higoods/src/pages/production-context-recovery.ts, dynamic import will not move module into another chunk.

[plugin vite:reporter] 
(!) /Users/laoer/.codex/worktrees/d29f/higoods/src/components/production-object-floating-entry.ts is dynamically imported by /Users/laoer/.codex/worktrees/d29f/higoods/src/main.ts but also statically imported by /Users/laoer/.codex/worktrees/d29f/higoods/src/components/shell.ts, dynamic import will not move module into another chunk.

[plugin vite:reporter] 
(!) /Users/laoer/.codex/worktrees/d29f/higoods/src/data/fcs/printing-task-domain.ts is dynamically imported by /Users/laoer/.codex/worktrees/d29f/higoods/src/data/fcs/dyeing-task-domain.ts, /Users/laoer/.codex/worktrees/d29f/higoods/src/data/fcs/tmf-upstream-process-orders.ts, /Users/laoer/.codex/worktrees/d29f/higoods/src/data/pms/tmf-material-purchases.ts, /Users/laoer/.codex/worktrees/d29f/higoods/src/pages/process-factory/accessory/webbing/work-order-detail.ts, /Users/laoer/.codex/worktrees/d29f/higoods/src/pages/process-factory/accessory/webbing/work-order-detail.ts but also statically imported by /Users/laoer/.codex/worktrees/d29f/higoods/src/data/fcs/cutting/material-prep.ts, /Users/laoer/.codex/worktrees/d29f/higoods/src/data/fcs/cutting/supplement-node-facts.ts, /Users/laoer/.codex/worktrees/d29f/higoods/src/data/fcs/design-revision-material-transfer.ts, /Users/laoer/.codex/worktrees/d29f/higoods/src/data/fcs/design-revision-process-work-order-adapter.ts, /Users/laoer/.codex/worktrees/d29f/higoods/src/data/fcs/factory-receiving-links.ts, /Users/laoer/.codex/worktrees/d29f/higoods/src/data/fcs/factory-receiving-source-sync.ts, /Users/laoer/.codex/worktrees/d29f/higoods/src/data/fcs/mobile-execution-task-index.ts, /Users/laoer/.codex/worktrees/d29f/higoods/src/data/fcs/pda-start-link.ts, /Users/laoer/.codex/worktrees/d29f/higoods/src/data/fcs/printing-factory-demos.ts, /Users/laoer/.codex/worktrees/d29f/higoods/src/data/fcs/printing-material-receipts.ts, /Users/laoer/.codex/worktrees/d29f/higoods/src/data/fcs/printing-statistics.ts, /Users/laoer/.codex/worktrees/d29f/higoods/src/data/fcs/printing-warehouse-view.ts, /Users/laoer/.codex/worktrees/d29f/higoods/src/data/fcs/printing-work-order-business.ts, /Users/laoer/.codex/worktrees/d29f/higoods/src/data/fcs/process-action-writeback-service.ts, /Users/laoer/.codex/worktrees/d29f/higoods/src/data/fcs/process-execution-writeback.ts, /Users/laoer/.codex/worktrees/d29f/higoods/src/data/fcs/process-mobile-task-binding.ts, /Users/laoer/.codex/worktrees/d29f/higoods/src/data/fcs/process-warehouse-linkage-service.ts, /Users/laoer/.codex/worktrees/d29f/higoods/src/data/fcs/process-web-status-actions.ts, /Users/laoer/.codex/worktrees/d29f/higoods/src/data/fcs/process-work-order-domain.ts, /Users/laoer/.codex/worktrees/d29f/higoods/src/data/fcs/process-work-order-generation-service.ts, /Users/laoer/.codex/worktrees/d29f/higoods/src/data/fcs/production-demand-early-process-work-orders.ts, /Users/laoer/.codex/worktrees/d29f/higoods/src/data/fcs/production-object-overview.ts, /Users/laoer/.codex/worktrees/d29f/higoods/src/data/fcs/production-process-work-order-service.ts, /Users/laoer/.codex/worktrees/d29f/higoods/src/data/fcs/production-task-breakdown.ts, /Users/laoer/.codex/worktrees/d29f/higoods/src/data/fcs/task-print-cards.ts, /Users/laoer/.codex/worktrees/d29f/higoods/src/pages/pcs-independent-sampling.ts, /Users/laoer/.codex/worktrees/d29f/higoods/src/pages/pda-exec-detail.ts, /Users/laoer/.codex/worktrees/d29f/higoods/src/pages/pda-exec.ts, /Users/laoer/.codex/worktrees/d29f/higoods/src/pages/pda-task-receive.ts, /Users/laoer/.codex/worktrees/d29f/higoods/src/pages/print/templates/printing-work-order-template.ts, /Users/laoer/.codex/worktrees/d29f/higoods/src/pages/process-factory/cutting/production-order-overview-projection.ts, /Users/laoer/.codex/worktrees/d29f/higoods/src/pages/process-factory/dyeing/pending-receipts.ts, /Users/laoer/.codex/worktrees/d29f/higoods/src/pages/process-factory/printing/dashboards.ts, /Users/laoer/.codex/worktrees/d29f/higoods/src/pages/process-factory/printing/dialogs.ts, /Users/laoer/.codex/worktrees/d29f/higoods/src/pages/process-factory/printing/dispatch.ts, /Users/laoer/.codex/worktrees/d29f/higoods/src/pages/process-factory/printing/events.ts, /Users/laoer/.codex/worktrees/d29f/higoods/src/pages/process-factory/printing/presentation.ts, /Users/laoer/.codex/worktrees/d29f/higoods/src/pages/process-factory/printing/shared.ts, /Users/laoer/.codex/worktrees/d29f/higoods/src/pages/process-factory/printing/statistics.ts, /Users/laoer/.codex/worktrees/d29f/higoods/src/pages/process-factory/printing/work-order-detail.ts, /Users/laoer/.codex/worktrees/d29f/higoods/src/pages/process-print-orders.ts, /Users/laoer/.codex/worktrees/d29f/higoods/src/pages/process-work-orders/early-process-management.ts, /Users/laoer/.codex/worktrees/d29f/higoods/src/pages/production/demand-domain.ts, /Users/laoer/.codex/worktrees/d29f/higoods/src/runtime/fcs/cutting/pickup-management-runtime.ts, dynamic import will not move module into another chunk.

computing gzip size...
dist/index.html                                                          11.80 kB │ gzip:   2.98 kB
dist/assets/pcs-pattern-parse.worker-B3_rAVMB.js                         18.52 kB
dist/assets/pcs-record-baseline-BWpImHil.json                         4,125.30 kB │ gzip: 226.59 kB
dist/assets/order-pages-BLg6Ma6N.css                                     85.42 kB │ gzip:  15.73 kB
dist/assets/index-BysvPE4E.css                                          154.79 kB │ gzip:  25.42 kB
dist/assets/domain-snapshot-D0TD6Blb.js                                   0.34 kB │ gzip:   0.26 kB
dist/assets/sample-warehouse-projection-VCqltaRY.js                       0.39 kB │ gzip:   0.25 kB
dist/assets/pcs-engineering-bom-snapshot-source-Dl-AkGDI.js               0.41 kB │ gzip:   0.29 kB
dist/assets/real-qr-placeholder-DugZ2zV0.js                               0.52 kB │ gzip:   0.36 kB
dist/assets/pcs-record-bootstrap-kiUIToNT.js                              0.56 kB │ gzip:   0.45 kB
dist/assets/dialogs-C7f2mnYd.js                                           0.59 kB │ gzip:   0.31 kB
dist/assets/design-revision-pcs-command-CeND3Doz.js                       0.68 kB │ gzip:   0.38 kB
dist/assets/pcs-storage-error-DHrXjNTm.js                                 0.71 kB │ gzip:   0.52 kB
dist/assets/badge-DGIDVatW.js                                             0.78 kB │ gzip:   0.42 kB
dist/assets/images-Q79qfJD0.js                                            0.80 kB │ gzip:   0.35 kB
dist/assets/pms-export-DA1AAVsg.js                                        0.83 kB │ gzip:   0.50 kB
dist/assets/placeholder--gzPBYHS.js                                       0.85 kB │ gzip:   0.47 kB
dist/assets/pda-cutting-save-Bl8vA8nl.js                                  0.88 kB │ gzip:   0.59 kB
dist/assets/trace-DsJbJMdj.js                                             0.89 kB │ gzip:   0.51 kB
dist/assets/execution-prep-projection-helpers-BVLGIiKo.js                 0.94 kB │ gzip:   0.46 kB
dist/assets/history-CpyAtzrw.js                                           0.94 kB │ gzip:   0.61 kB
dist/assets/payment-sync-CXuAK4dC.js                                      0.97 kB │ gzip:   0.62 kB
dist/assets/tmf-reference-images-6geKcU1B.js                              0.98 kB │ gzip:   0.50 kB
dist/assets/material-purchase-references-DkybNaxT.js                      1.00 kB │ gzip:   0.54 kB
dist/assets/print-service-CyrwQfQw.js                                     1.04 kB │ gzip:   0.52 kB
dist/assets/pda-sewing-self-return-mode-CVT5AEl1.js                       1.07 kB │ gzip:   0.54 kB
dist/assets/process-work-order-generation-service-Iyy-GIXk.js             1.07 kB │ gzip:   0.65 kB
dist/assets/detail.adapter-B2-V0ibv.js                                    1.08 kB │ gzip:   0.68 kB
dist/assets/routes-los-kiDD95-E.js                                        1.14 kB │ gzip:   0.54 kB
dist/assets/dyeing-material-receipts-DA4U-yDh.js                          1.14 kB │ gzip:   0.75 kB
dist/assets/tech-pack-Dgbf_e7Q.js                                         1.18 kB │ gzip:   0.55 kB
dist/assets/pda-runtime-D9t21jXE.js                                       1.21 kB │ gzip:   0.66 kB
dist/assets/replacement-fabric-scan-Ds0GG90J.js                           1.28 kB │ gzip:   0.80 kB
dist/assets/overview-DJxOwwHP.js                                          1.29 kB │ gzip:   0.71 kB
dist/assets/process-work-order-source-view-yUBFkvCv.js                    1.30 kB │ gzip:   0.58 kB
dist/assets/transfer-bag-handover-mock-eQAgIXZz.js                        1.31 kB │ gzip:   0.71 kB
dist/assets/pcs-tech-pack-review-notification-repository-xGSblsev.js      1.34 kB │ gzip:   0.59 kB
dist/assets/work-order-action-policy-B_htTkaE.js                          1.34 kB │ gzip:   0.68 kB
dist/assets/real-qr-DvlSY4TN.js                                           1.39 kB │ gzip:   0.80 kB
dist/assets/filter-bar-B9yDE0aL.js                                        1.49 kB │ gzip:   0.81 kB
dist/assets/factory-types-DbcizYGx.js                                     1.52 kB │ gzip:   0.65 kB
dist/assets/material-identity-BgyrLvDb.js                                 1.54 kB │ gzip:   0.85 kB
dist/assets/supplement-material-prep-demand-registry-DI-N3DvB.js          1.56 kB │ gzip:   0.75 kB
dist/assets/task-handover-domain-8h8FCNWK.js                              1.57 kB │ gzip:   0.76 kB
dist/assets/pda-cutting-wait-handover-actions-BWF6HeFb.js                 1.58 kB │ gzip:   0.62 kB
dist/assets/warehouse-shared-Dvhu_yQ_.js                                  1.58 kB │ gzip:   0.51 kB
dist/assets/pcs-material-handoff-CkkqrT7E.js                              1.65 kB │ gzip:   0.80 kB
dist/assets/task-chain-pages-adapter-DwA9pOcS.js                          1.71 kB │ gzip:   0.84 kB
dist/assets/pcs-tech-pack-version-log-repository-BgqPbmbC.js              1.73 kB │ gzip:   0.79 kB
dist/assets/real-barcode-sWMf9i9X.js                                      1.81 kB │ gzip:   0.96 kB
dist/assets/tmf-upstream-receiving-B-6lQjaL.js                            1.83 kB │ gzip:   1.14 kB
dist/assets/list-export-DQuq31h7.js                                       1.86 kB │ gzip:   1.09 kB
dist/assets/toast-C9svOHmI.js                                             1.87 kB │ gzip:   0.90 kB
dist/assets/wool-pda-scan-BOahWN3e.js                                     1.88 kB │ gzip:   1.04 kB
dist/assets/mixed-transfer-bag-ticket-DETTPWFm.js                         1.89 kB │ gzip:   0.79 kB
dist/assets/kol-goto-fixed-total-ledger-BIs5mdl-.js                       1.93 kB │ gzip:   0.93 kB
dist/assets/table-COO5AcDH.js                                             2.04 kB │ gzip:   1.02 kB
dist/assets/pcs-action-dialog-byplqjJ3.js                                 2.09 kB │ gzip:   1.07 kB
dist/assets/binding-process-pda-scan-DbFcibAc.js                          2.18 kB │ gzip:   1.13 kB
dist/assets/cutting-file-maintenance-D7i0Nb3Y.js                          2.22 kB │ gzip:   1.18 kB
dist/assets/special-craft-pda-scope-B4hkcXXv.js                           2.24 kB │ gzip:   1.02 kB
dist/assets/mixed-bag-contents-B_6GBJmN.js                                2.31 kB │ gzip:   1.28 kB
dist/assets/production-order-tech-pack-runtime-DKs4qheG.js                2.35 kB │ gzip:   0.90 kB
dist/assets/helpers-BFKa6pUf.js                                           2.42 kB │ gzip:   1.21 kB
dist/assets/production-context-recovery-DOvuHSIe.js                       2.44 kB │ gzip:   1.27 kB
dist/assets/tmf-work-order-view-C4CLdk_C.js                               2.56 kB │ gzip:   1.18 kB
dist/assets/factory-capacity-profile-mock-Dv5YtZGT.js                     2.64 kB │ gzip:   1.15 kB
dist/assets/pms-excel-import-DnMCWv6B.js                                  2.66 kB │ gzip:   1.32 kB
dist/assets/shared-CgJdKoRW.js                                            2.70 kB │ gzip:   1.02 kB
dist/assets/process-order-list-presentation-BNFRx0Eg.js                   2.71 kB │ gzip:   1.27 kB
dist/assets/post-finishing-spu-technical-parameters-CyVWchF9.js           2.79 kB │ gzip:   1.28 kB
dist/assets/marker-plan-projection-BPHC6kQo.js                            2.82 kB │ gzip:   1.22 kB
dist/assets/dialogs-sMisdF-w.js                                           2.94 kB │ gzip:   1.22 kB
dist/assets/process-order-task-relations-_yDO0g_-.js                      2.97 kB │ gzip:   1.29 kB
dist/assets/product-skus-CEt6Fukj.js                                      3.03 kB │ gzip:   0.96 kB
dist/assets/production-order-identity-DYyHewuX.js                         3.04 kB │ gzip:   1.26 kB
dist/assets/tabs-Bif92WFi.js                                              3.09 kB │ gzip:   0.93 kB
dist/assets/pda-cutting-runtime-action-inputs-g3uDt1eY.js                 3.13 kB │ gzip:   1.08 kB
dist/assets/trade-subjects-B1U82DIE.js                                    3.16 kB │ gzip:   1.12 kB
dist/assets/work-order-detail-DozASDmj.js                                 3.30 kB │ gzip:   1.41 kB
dist/assets/cutting-mainline-CzAGttbn.js                                  3.41 kB │ gzip:   1.53 kB
dist/assets/authorization-code-9ZcysdJ6.js                                3.49 kB │ gzip:   1.68 kB
dist/assets/printing-sheet-preview-DfDsfWWb.js                            3.52 kB │ gzip:   1.69 kB
dist/assets/confirmation-print-BtgHX491.js                                3.56 kB │ gzip:   1.54 kB
dist/assets/cutting-receipts-hVZDyTgC.js                                  3.58 kB │ gzip:   1.67 kB
dist/assets/binding-process-warehouse-linkage-service-DrVpWUIY.js         3.62 kB │ gzip:   1.38 kB
dist/assets/fcs-route-links-DzN6964L.js                                   3.67 kB │ gzip:   1.20 kB
dist/assets/shared-BMv1wq4J.js                                            3.72 kB │ gzip:   1.69 kB
dist/assets/quality-chain-adapter-BHNtKOcB.js                             3.73 kB │ gzip:   1.66 kB
dist/assets/task-route-card-DIKoLJV0.js                                   3.83 kB │ gzip:   1.68 kB
dist/assets/shared-CHVXGWC0.js                                            3.87 kB │ gzip:   1.62 kB
dist/assets/task-delivery-card-8-1fLOrP.js                                3.89 kB │ gzip:   1.76 kB
dist/assets/production-contract-print-CnFDp9ES.js                         3.92 kB │ gzip:   2.01 kB
dist/assets/pcs-product-reference-check-DiOLM62O.js                       3.97 kB │ gzip:   1.65 kB
dist/assets/sewing-outsourcing-demo-CXoWPCuZ.js                           4.05 kB │ gzip:   1.63 kB
dist/assets/tipping-form-CGFUOWxs.js                                      4.07 kB │ gzip:   2.02 kB
dist/assets/pda-cutting-simple-cut-piece-handover-Dpxg4n5u.js             4.07 kB │ gzip:   1.86 kB
dist/assets/transfer-bag-repack-mock-3JwAqlMV.js                          4.09 kB │ gzip:   1.90 kB
dist/assets/transit-simple-lists-D_jQV4Pk.js                              4.17 kB │ gzip:   1.47 kB
dist/assets/supplement-order-registry-CHnc7juB.js                         4.49 kB │ gzip:   1.76 kB
dist/assets/tmf-process-print-preview-BdqcJ0Hc.js                         4.59 kB │ gzip:   2.16 kB
dist/assets/progress-board-Dgx37hG4.js                                    4.71 kB │ gzip:   2.10 kB
dist/assets/form-CtZ3mGQH.js                                              4.74 kB │ gzip:   1.40 kB
dist/assets/layout.helpers-A2f_JzVb.js                                    4.76 kB │ gzip:   1.73 kB
dist/assets/runtime-task-tenders-YGz6fHpq.js                              4.76 kB │ gzip:   1.94 kB
dist/assets/preparation-material-receipt-sources-Csik8dbw.js              4.76 kB │ gzip:   1.99 kB
dist/assets/sewing-outsourcing-responsibility-Cjcw21cK.js                 4.80 kB │ gzip:   2.09 kB
dist/assets/relations-O-sDqkLh.js                                         4.80 kB │ gzip:   2.19 kB
dist/assets/transit-dashboard-CtF0ow1r.js                                 4.85 kB │ gzip:   2.04 kB
dist/assets/result-list-DNPj4-p0.js                                       4.94 kB │ gzip:   2.06 kB
dist/assets/store-domain-dispatch-process-DCVKPszP.js                     5.00 kB │ gzip:   1.94 kB
dist/assets/cutting-event-migration-Bi8Xj-oS.js                           5.07 kB │ gzip:   2.05 kB
dist/assets/tmf-upstream-process-orders-DEwSutT4.js                       5.08 kB │ gzip:   2.37 kB
dist/assets/process-order-list-controller-CthlepEc.js                     5.09 kB │ gzip:   1.90 kB
dist/assets/material-requirements-CoWk9wNn.js                             5.27 kB │ gzip:   2.24 kB
dist/assets/process-work-order-quality-settlement-BqjPQnyc.js             5.33 kB │ gzip:   2.20 kB
dist/assets/dashboards-D6Hh96fK.js                                        5.61 kB │ gzip:   2.68 kB
dist/assets/tmf-process-continuation-B3hoPFRr.js                          5.66 kB │ gzip:   1.62 kB
dist/assets/retired-cut-piece-pickup-history-BrkRUIJc.js                  5.68 kB │ gzip:   2.29 kB
dist/assets/wls-page-handlers-DlYdfkvK.js                                 5.69 kB │ gzip:   2.03 kB
dist/assets/replacement-fabric-label-template-DCpYxECF.js                 5.71 kB │ gzip:   2.54 kB
dist/assets/dispatch-task-sheet-DafZdzGT.js                               5.72 kB │ gzip:   2.71 kB
dist/assets/replacement-fabric-preview-DNG1cqTK.js                        5.78 kB │ gzip:   2.78 kB
dist/assets/pcs-product-information-4T2tl4gh.js                           5.79 kB │ gzip:   2.64 kB
dist/assets/process-order-three-axis-view-UeJAicgW.js                     5.85 kB │ gzip:   2.36 kB
dist/assets/pda-cutting-nav-context-4n0dH1PW.js                           5.95 kB │ gzip:   1.41 kB
dist/assets/los-live-room-master-Dlq-9D36.js                              5.97 kB │ gzip:   2.66 kB
dist/assets/transfer-bags-projection-B7VYQe38.js                          5.99 kB │ gzip:   2.36 kB
dist/assets/pda-wool-warehouse-flows-XsMHm2CZ.js                          6.01 kB │ gzip:   2.99 kB
dist/assets/fcs-pda-pickup-dispute-DvJWgp8r.js                            6.18 kB │ gzip:   2.19 kB
dist/assets/warehouse-standard-D42qQprx.js                                6.30 kB │ gzip:   2.10 kB
dist/assets/fact-view-DbZqVrt5.js                                         6.35 kB │ gzip:   2.11 kB
dist/assets/transfer-bag-goods-label-C91VQClk.js                          6.46 kB │ gzip:   2.65 kB
dist/assets/production-contract-center-5vFU8xyy.js                        6.53 kB │ gzip:   2.79 kB
dist/assets/routes-pda-DU8eXGla.js                                        6.54 kB │ gzip:   2.49 kB
dist/assets/printing-work-order-template-Cq0vAnu6.js                      6.55 kB │ gzip:   3.10 kB
dist/assets/sewing-outsourcing-supplement-tracking-CmmAw0T6.js            6.63 kB │ gzip:   2.89 kB
dist/assets/workbench-Cu50XpvE.js                                         6.63 kB │ gzip:   2.68 kB
dist/assets/cutting-task-routing-DWLl0ARA.js                              6.65 kB │ gzip:   2.38 kB
dist/assets/factory-receiving-links-C2Dyv5RS.js                           6.74 kB │ gzip:   2.72 kB
dist/assets/routes-pcs-BCevoCoe.js                                        6.81 kB │ gzip:   1.82 kB
dist/assets/production-contract-master-template-C7kgu-10.js               6.85 kB │ gzip:   2.74 kB
dist/assets/shared-Bz-3--t8.js                                            6.86 kB │ gzip:   2.53 kB
dist/assets/material-handover-ClRVUIfR.js                                 6.96 kB │ gzip:   2.73 kB
dist/assets/data-management-DkSnVHmR.js                                   7.00 kB │ gzip:   2.56 kB
dist/assets/stock-seed-Cj8lLuwm.js                                        7.11 kB │ gzip:   2.44 kB
dist/assets/dye-work-order-times-w7U4XCtx.js                              7.22 kB │ gzip:   2.55 kB
dist/assets/overview.helpers-BP2F5Yu8.js                                  7.36 kB │ gzip:   2.88 kB
dist/assets/pcs-channel-legacy-conversion-Dg3I_fD9.js                     7.40 kB │ gzip:   3.19 kB
dist/assets/craft-actions-O3hFx7dc.js                                     7.41 kB │ gzip:   3.34 kB
dist/assets/pcs-testing-order-create-CCb7hjqE.js                          7.41 kB │ gzip:   2.89 kB
dist/assets/shared-DTTBsgf6.js                                            7.43 kB │ gzip:   2.60 kB
dist/assets/settlement-flow-boundaries-DbkSNas3.js                        7.43 kB │ gzip:   2.53 kB
dist/assets/production-craft-dict-BlD6sYnp.js                             7.51 kB │ gzip:   2.82 kB
dist/assets/transit-warehouse-CGN4xIMS.js                                 7.54 kB │ gzip:   2.13 kB
dist/assets/pcs-sample-label-DSoASFiI.js                                  7.59 kB │ gzip:   3.44 kB
dist/assets/pda-transfer-bag-detail-BeQml3GN.js                           7.75 kB │ gzip:   2.92 kB
dist/assets/supplement-node-facts-Bmr25UK6.js                             7.76 kB │ gzip:   2.84 kB
dist/assets/statistics-VCvsNP49.js                                        7.90 kB │ gzip:   2.57 kB
dist/assets/sewing-outsourcing-return-tracking-BqjeVxSk.js                7.91 kB │ gzip:   2.96 kB
dist/assets/tmf-process-sheet-template-vJ5dpNCd.js                        8.00 kB │ gzip:   3.80 kB
dist/assets/production-contracts-CmHfeXkJ.js                              8.07 kB │ gzip:   2.75 kB
dist/assets/progress-exception-lifecycle-BJx0gSBY.js                      8.09 kB │ gzip:   2.70 kB
dist/assets/supplier-supply-archives-Bid-xGw5.js                          8.13 kB │ gzip:   2.60 kB
dist/assets/pda-notify-BLwa1GRI.js                                        8.13 kB │ gzip:   3.04 kB
dist/assets/milestone-configs-BxlmZLhp.js                                 8.41 kB │ gzip:   2.94 kB
dist/assets/pcs-testing-order-list-BAyyw73X.js                            8.42 kB │ gzip:   3.27 kB
dist/assets/material-process-plans-DamV9mtx.js                            8.66 kB │ gzip:   3.49 kB
dist/assets/fei-ticket-numbering-DARxsFe9.js                              8.82 kB │ gzip:   3.09 kB
dist/assets/pre-settlement-ledger-repository-DtRP83mm.js                  8.84 kB │ gzip:   3.03 kB
dist/assets/pcs-pattern-library-config-CXOjP2uY.js                        8.84 kB │ gzip:   2.42 kB
dist/assets/pda-cutting-shared-CiQ5UdXg.js                                8.87 kB │ gzip:   2.72 kB
dist/assets/navigation-context-B5ExZzMN.js                                8.87 kB │ gzip:   2.46 kB
dist/assets/warehouses-CSFYi5tN.js                                        8.89 kB │ gzip:   2.11 kB
dist/assets/pda-cutting-execution-unit-CDtOyBDa.js                        8.89 kB │ gzip:   3.39 kB
dist/assets/bom-templates-CLBqRqp7.js                                     8.90 kB │ gzip:   3.70 kB
dist/assets/pda-notify-detail-VAmmjMrb.js                                 9.02 kB │ gzip:   3.00 kB
dist/assets/pda-cutting-fei-ticket-numbering-DUvcaZhP.js                  9.05 kB │ gzip:   3.13 kB
dist/assets/cutting-event-repository-BpgSxZM6.js                          9.15 kB │ gzip:   4.03 kB
dist/assets/machine-associations-C1YBgY6d.js                              9.16 kB │ gzip:   3.11 kB
dist/assets/pda-warehouse-BMi-0HEu.js                                     9.16 kB │ gzip:   3.65 kB
dist/assets/workbench-B_iju_ty.js                                         9.21 kB │ gzip:   3.80 kB
dist/assets/production-context-actions-B4XBkw4N.js                        9.29 kB │ gzip:   3.48 kB
dist/assets/pda-execution-CF5dtr4H.js                                     9.30 kB │ gzip:   3.69 kB
dist/assets/handover-records-Cqi7M82x.js                                  9.35 kB │ gzip:   3.56 kB
dist/assets/mobile--3bjXFxX.js                                            9.53 kB │ gzip:   3.08 kB
dist/assets/pda-cutting-transfer-bag-recovery-DO6h5gS5.js                 9.56 kB │ gzip:   3.94 kB
dist/assets/routes-pms-CsmXijjO.js                                        9.65 kB │ gzip:   2.47 kB
dist/assets/sewing-pickup-slips-eWwBJ7eA.js                               9.65 kB │ gzip:   3.63 kB
dist/assets/dye-work-order-online-domain-BJTxDebt.js                      9.78 kB │ gzip:   3.65 kB
dist/assets/production-receipts-DMLcXbLX.js                               9.81 kB │ gzip:   3.95 kB
dist/assets/pending-receipts-Twg7AM3o.js                                  9.91 kB │ gzip:   4.09 kB
dist/assets/statistics-CJ0FKQqN.js                                        9.93 kB │ gzip:   4.32 kB
dist/assets/pda-cutting-transfer-bag-scrap-Cx2oNiw8.js                    9.95 kB │ gzip:   4.07 kB
dist/assets/continuous-stock-DlWpOIjy.js                                 10.09 kB │ gzip:   4.11 kB
dist/assets/trade-subjects-BjB_7j96.js                                   10.26 kB │ gzip:   3.73 kB
dist/assets/production-return-fulfillment-pDkZ_y8-.js                    10.50 kB │ gzip:   4.00 kB
dist/assets/bom-templates-ChqjVeph.js                                    10.52 kB │ gzip:   2.48 kB
dist/assets/yarn-shipments-bbZ_tzMT.js                                   10.57 kB │ gzip:   4.76 kB
dist/assets/list-BEobi-1V.js                                             10.59 kB │ gzip:   3.69 kB
dist/assets/settings-BSxoMe8a.js                                         10.73 kB │ gzip:   3.24 kB
dist/assets/product-skus-BSWdfcBF.js                                     10.74 kB │ gzip:   4.14 kB
dist/assets/transit-receipts-CpJHczSG.js                                 10.99 kB │ gzip:   4.02 kB
dist/assets/presentation-BeV95Pfi.js                                     11.25 kB │ gzip:   4.64 kB
dist/assets/design-revision-pcs-storage-D2ozVRMd.js                      11.28 kB │ gzip:   4.27 kB
dist/assets/pda-exec-link-BQw5LFqN.js                                    11.31 kB │ gzip:   3.68 kB
dist/assets/pda-login-CSahq2ue.js                                        11.31 kB │ gzip:   4.39 kB
dist/assets/material-prep-Br5pgSmT.js                                    11.39 kB │ gzip:   2.68 kB
dist/assets/dyeing-warehouse-view-B2l5a_j6.js                            11.49 kB │ gzip:   3.95 kB
dist/assets/pcs-engineering-preparation-projection-DevjNLwu.js           11.49 kB │ gzip:   4.26 kB
dist/assets/warehouses-tC2cAPTr.js                                       11.74 kB │ gzip:   4.23 kB
dist/assets/purchase-suggestions-CVpQLmRu.js                             11.87 kB │ gzip:   3.70 kB
dist/assets/material-transfers-7K4Q6qHb.js                               11.89 kB │ gzip:   4.17 kB
dist/assets/task-breakdown-0_DLw1mg.js                                   12.03 kB │ gzip:   4.48 kB
dist/assets/pickup-management-runtime-C3ufZMQn.js                        12.25 kB │ gzip:   4.73 kB
dist/assets/task-execution-adapter-CE9DqMCn.js                           12.26 kB │ gzip:   3.69 kB
dist/assets/process-statistics-domain-CIE6kAlV.js                        12.33 kB │ gzip:   4.03 kB
dist/assets/pms-handlers-DGGjb47t.js                                     12.40 kB │ gzip:   2.84 kB
dist/assets/tasks-5sWUNeSg.js                                            12.80 kB │ gzip:   4.96 kB
dist/assets/context-CmWkrI1H.js                                          13.02 kB │ gzip:   4.60 kB
dist/assets/meta-Dzn8oaUy.js                                             13.16 kB │ gzip:   2.95 kB
dist/assets/handover-records-CjNo2Rtj.js                                 13.18 kB │ gzip:   4.14 kB
dist/assets/handover-print-DwEn6EvG.js                                   13.40 kB │ gzip:   4.90 kB
dist/assets/pda-start-link-Cy2KINbV.js                                   13.62 kB │ gzip:   4.82 kB
dist/assets/inventory-monitor-rqURVK4E.js                                13.66 kB │ gzip:   4.78 kB
dist/assets/bom-detail-eAr-Ek6h.js                                       13.69 kB │ gzip:   4.97 kB
dist/assets/returns-hJRwMIIl.js                                          13.71 kB │ gzip:   5.08 kB
dist/assets/wls-finished-inbound-C0F84bS4.js                             13.82 kB │ gzip:   5.27 kB
dist/assets/tmf-base-demo-BH9IB3DV.js                                    13.83 kB │ gzip:   4.99 kB
dist/assets/wls-inbound-Dv1ioqoY.js                                      13.87 kB │ gzip:   5.40 kB
dist/assets/work-orders-DJzOI_dh.js                                      13.99 kB │ gzip:   5.18 kB
dist/assets/cut-piece-return-warehouse-2HTD2_h6.js                       14.02 kB │ gzip:   5.02 kB
dist/assets/pcs-technical-data-tech-pack-list-BZMY6F6J.js                14.20 kB │ gzip:   4.88 kB
dist/assets/supplements-BZtE_6JZ.js                                      14.21 kB │ gzip:   5.19 kB
dist/assets/idb-storage-DYscBY_v.js                                      14.27 kB │ gzip:   5.28 kB
dist/assets/mobile-execution-task-index-BGmgo8AU.js                      14.42 kB │ gzip:   3.88 kB
dist/assets/work-orders-BQBoiz24.js                                      14.45 kB │ gzip:   4.91 kB
dist/assets/post-finishing-qc-print-template-CbfEtNta.js                 14.50 kB │ gzip:   4.47 kB
dist/assets/printing-sheet-template-CdQVKJLh.js                          14.58 kB │ gzip:   5.05 kB
dist/assets/work-orders-DPmKqOab.js                                      14.75 kB │ gzip:   4.78 kB
dist/assets/work-order-detail-tzvwmB0i.js                                14.75 kB │ gzip:   4.73 kB
dist/assets/responsibility-transfers-CDBZ2PeT.js                         14.92 kB │ gzip:   5.67 kB
dist/assets/workbench-e9XwBSV9.js                                        15.58 kB │ gzip:   4.72 kB
dist/assets/pcs-handlers-BsjtMe6X.js                                     15.81 kB │ gzip:   3.97 kB
dist/assets/outbound-orders-2oOHWk_c.js                                  15.95 kB │ gzip:   5.17 kB
dist/assets/cut-order-supplement-fixture-BWf_O_vO.js                     15.96 kB │ gzip:   4.83 kB
dist/assets/process-web-status-actions-0kHmMCVa.js                       16.00 kB │ gzip:   4.26 kB
dist/assets/handover-ledger-view-D3l-lrUp.js                             16.19 kB │ gzip:   4.46 kB
dist/assets/reports-2LYybB8o.js                                          16.31 kB │ gzip:   4.20 kB
dist/assets/machines-Dn22sglH.js                                         16.38 kB │ gzip:   5.45 kB
dist/assets/garment-spu-replacement-C5AOoadN.js                          16.40 kB │ gzip:   5.03 kB
dist/assets/full-flow-print-Cwg3Sz2S.js                                  16.42 kB │ gzip:   5.47 kB
dist/assets/cutting-runtime-event-ledger-BjG9-xKS.js                     16.45 kB │ gzip:   5.64 kB
dist/assets/payment-requests-Bt6lWxZK.js                                 16.65 kB │ gzip:   5.46 kB
dist/assets/progress-handover-order-B0DjsZuO.js                          16.68 kB │ gzip:   4.96 kB
dist/assets/wls-garment-relabel-tasks-O2Thu_vM.js                        16.82 kB │ gzip:   5.56 kB
dist/assets/cut-order-release-integration-qd3QFgqt.js                    16.90 kB │ gzip:   6.07 kB
dist/assets/part-ticket-records-BBDEN9ef.js                              17.02 kB │ gzip:   6.36 kB
dist/assets/dispatch-acceptance-sla-LYxEWnoM.js                          17.15 kB │ gzip:   5.13 kB
dist/assets/pda-cutting-task-detail-DDfT2IPT.js                          17.15 kB │ gzip:   6.06 kB
dist/assets/sewing-cut-piece-return-workflow-BFI_3N4U.js                 17.21 kB │ gzip:   6.09 kB
dist/assets/replacement-fabric-repository-BvDzCl1k.js                    17.26 kB │ gzip:   6.63 kB
dist/assets/product-purchase-orders-DIMg_xft.js                          17.42 kB │ gzip:   5.22 kB
dist/assets/production-confirmation-BeXbXShH.js                          17.43 kB │ gzip:   5.94 kB
dist/assets/material-requirements-D-Kl_A9F.js                            17.46 kB │ gzip:   5.95 kB
dist/assets/marker-spreading-projection-DFWcNQXQ.js                      17.49 kB │ gzip:   5.53 kB
dist/assets/pda-sewing-self-return-NkB0fd2w.js                           17.50 kB │ gzip:   5.92 kB
dist/assets/output-stock-Cw5jOPdC.js                                     17.52 kB │ gzip:   6.59 kB
dist/assets/simple-cut-piece-handover-fixtures-DnHqnE84.js               17.53 kB │ gzip:   5.96 kB
dist/assets/progress-cutting-detail-DZlhUcZN.js                          17.58 kB │ gzip:   4.43 kB
dist/assets/sewing-cut-piece-responsibility-BkYc-AtF.js                  17.63 kB │ gzip:   5.30 kB
dist/assets/supplier-confirmations-BvX-Csz5.js                           17.85 kB │ gzip:   5.29 kB
dist/assets/bom-detail-6vLDnSPb.js                                       17.90 kB │ gzip:   5.78 kB
dist/assets/purchase-demands-l_s6zAfZ.js                                 18.07 kB │ gzip:   5.81 kB
dist/assets/suppliers-DOxcttzm.js                                        18.16 kB │ gzip:   5.27 kB
dist/assets/pda-notify-due-soon-JGKBDsBN.js                              18.19 kB │ gzip:   6.21 kB
dist/assets/store-domain-pda-MRljSVTU.js                                 18.21 kB │ gzip:   6.41 kB
dist/assets/process-mobile-task-binding-KW-r2ATa.js                      18.47 kB │ gzip:   6.46 kB
dist/assets/platform-process-result-view-bxck7atI.js                     18.56 kB │ gzip:   5.34 kB
dist/assets/store-domain-statement-source-adapter-5iIpTs_h.js            18.71 kB │ gzip:   5.37 kB
dist/assets/sewing-outsourcing-workbench-WG-cuLad.js                     18.76 kB │ gzip:   6.52 kB
dist/assets/supplier-supply-archives-CNOkr3N2.js                         18.90 kB │ gzip:   5.79 kB
dist/assets/warehouse-CBBRKCBn.js                                        18.93 kB │ gzip:   6.05 kB
dist/assets/materials-DQo18LQz.js                                        18.93 kB │ gzip:   4.79 kB
dist/assets/pda-warehouse-shared-Bt9QNPjn.js                             18.95 kB │ gzip:   5.70 kB
dist/assets/events-DRpz-RC-.js                                           19.04 kB │ gzip:   7.41 kB
dist/assets/production-demand-early-process-work-orders-DuC6gzcZ.js      19.13 kB │ gzip:   5.74 kB
dist/assets/platform.adapter-C4lLF4BZ.js                                 19.25 kB │ gzip:   6.09 kB
dist/assets/kol-goto-pda-domain-m31s_tnz.js                              19.33 kB │ gzip:   6.58 kB
dist/assets/shared-BiZX_I8N.js                                           19.43 kB │ gzip:   5.25 kB
dist/assets/units-DCS3jS2M.js                                            19.73 kB │ gzip:   5.89 kB
dist/assets/adjustments-BxeXPFtb.js                                      19.76 kB │ gzip:   6.13 kB
dist/assets/post-finishing-current-read-model-DBqS5jJQ.js                19.77 kB │ gzip:   5.53 kB
dist/assets/stage-display-DQGUdTce.js                                    19.84 kB │ gzip:   7.01 kB
dist/assets/pda-warehouse-inbound-records-JRmYVU_I.js                    19.84 kB │ gzip:   5.76 kB
dist/assets/factory-sample-verification-flow-iQO82o4K.js                 19.86 kB │ gzip:   4.87 kB
dist/assets/index-CTZGrN6p.js                                            20.21 kB │ gzip:   5.22 kB
dist/assets/audit-records-CLPbpBr3.js                                    20.26 kB │ gzip:   6.61 kB
dist/assets/process-water-soluble-orders-CKzAjxH3.js                     20.31 kB │ gzip:   6.35 kB
dist/assets/pda-warehouse-outbound-records-CyF0pKBR.js                   20.35 kB │ gzip:   5.99 kB
dist/assets/material-process-plans-BqyQ_gN6.js                           20.43 kB │ gzip:   7.54 kB
dist/assets/task-orders-DEZduu0q.js                                      20.53 kB │ gzip:   7.07 kB
dist/assets/overview.adapter-Bb_eBur-.js                                 20.65 kB │ gzip:   6.53 kB
dist/assets/pcs-engineering-tech-pack-workspace-DsyR8q-o.js              21.00 kB │ gzip:   7.29 kB
dist/assets/shared-seed-CGi2rQR7.js                                      21.01 kB │ gzip:   6.23 kB
dist/assets/material-purchase-tracking-BiH74rsa.js                       21.02 kB │ gzip:   6.66 kB
dist/assets/events-BjnqKiEL.js                                           21.17 kB │ gzip:   6.55 kB
dist/assets/order-list-columns-Djr0Er43.js                               21.20 kB │ gzip:   6.63 kB
dist/assets/pcs-testing-order-detail-u2Rgim2p.js                         21.20 kB │ gzip:   6.17 kB
dist/assets/los-live-rooms-BkuMIoSR.js                                   21.23 kB │ gzip:   7.67 kB
dist/assets/pcs-engineering-master-view-model-jqRI7Q95.js                21.39 kB │ gzip:   7.29 kB
dist/assets/suppliers-D1pvUf55.js                                        21.68 kB │ gzip:   6.93 kB
dist/assets/tmf-domain-shared-CsnEeaO8.js                                21.88 kB │ gzip:   8.26 kB
dist/assets/fei-ticket-numbering-BCxPOAMr.js                             22.19 kB │ gzip:   6.38 kB
dist/assets/deduction-analysis-EM6RvmHg.js                               22.22 kB │ gzip:   6.48 kB
dist/assets/routes-wls-DxU31H3W.js                                       22.31 kB │ gzip:   7.24 kB
dist/assets/warehouse-location-map-model-DshhyHbM.js                     22.51 kB │ gzip:   7.14 kB
dist/assets/subject-operations-CTF594H6.js                               22.61 kB │ gzip:   7.02 kB
dist/assets/tasks-D1SvfnPd.js                                            22.71 kB │ gzip:   7.25 kB
dist/assets/work-order-detail-Dr8r1V0V.js                                22.74 kB │ gzip:   7.31 kB
dist/assets/cut-piece-handover-pQCVOEg4.js                               22.85 kB │ gzip:   7.38 kB
dist/assets/progress-statistics-linkage-NGDhxH6A.js                      22.86 kB │ gzip:   6.54 kB
dist/assets/qc-workbench-D40bEksT.js                                     22.94 kB │ gzip:   7.14 kB
dist/assets/recheck-orders-DGzlJuP4.js                                   23.09 kB │ gzip:   7.30 kB
dist/assets/cut-piece-returns-DN4FhdeB.js                                23.13 kB │ gzip:   7.15 kB
dist/assets/purchase-suggestions-BPgN2QgD.js                             23.40 kB │ gzip:   7.34 kB
dist/assets/progress-cutting-overview-Croe7Gqy.js                        23.61 kB │ gzip:   5.65 kB
dist/assets/material-issue-Cej8buzF.js                                   23.62 kB │ gzip:   5.85 kB
dist/assets/print-preview-1NYFwnwv.js                                    23.71 kB │ gzip:   8.05 kB
dist/assets/production-order-duration-CIivAVKG.js                        24.09 kB │ gzip:   9.20 kB
dist/assets/dye-work-order-online-view-BI0twKqg.js                       24.15 kB │ gzip:   8.20 kB
dist/assets/quality-deduction-selectors-CDWzN8Y1.js                      24.26 kB │ gzip:   6.28 kB
dist/assets/material-statements-naKK1Bjc.js                              24.27 kB │ gzip:   6.66 kB
dist/assets/process-order-task-links-4LRSY8Tu.js                         24.60 kB │ gzip:   6.83 kB
dist/assets/retired-process-history-BXLaA960.js                          24.75 kB │ gzip:   6.41 kB
dist/assets/dialogs-CN-CSuDc.js                                          24.86 kB │ gzip:   6.14 kB
dist/assets/wls-fabric-demand-board-CPT_ahoY.js                          25.12 kB │ gzip:   6.87 kB
dist/assets/material-preparation-CRX-k6Ed.js                             25.21 kB │ gzip:   8.79 kB
dist/assets/fcs-production-tech-pack-snapshot-egYB-sD0.js                25.26 kB │ gzip:   6.43 kB
dist/assets/kol-demands-El1POt6S.js                                      25.43 kB │ gzip:   7.39 kB
dist/assets/process-print-orders-Cry4yco5.js                             25.44 kB │ gzip:   8.44 kB
dist/assets/reconciliations-BXB-miua.js                                  25.46 kB │ gzip:   6.79 kB
dist/assets/machine-associations-Cv09vghz.js                             25.49 kB │ gzip:   7.70 kB
dist/assets/process-dye-orders-C6C-Yiik.js                               25.61 kB │ gzip:   8.52 kB
dist/assets/pda-handlers-B6kWiXJx.js                                     25.64 kB │ gzip:   6.25 kB
dist/assets/qc-orders-DUwPMSl0.js                                        25.76 kB │ gzip:   8.21 kB
dist/assets/marker-spreading-utils-uOHSSw60.js                           26.71 kB │ gzip:   7.82 kB
dist/assets/simple-cut-piece-handover-ui-DTyg3dHq.js                     26.92 kB │ gzip:  10.05 kB
dist/assets/warehouse-location-map-CQKqMY54.js                           27.06 kB │ gzip:   7.08 kB
dist/assets/pcs-config-workspace-repository-BS2okUr1.js                  27.14 kB │ gzip:  10.27 kB
dist/assets/pda-warehouse-wait-handover-_qZSqNf9.js                      27.31 kB │ gzip:   7.07 kB
dist/assets/progress-milestone-config-CondgX9P.js                        27.46 kB │ gzip:   6.10 kB
dist/assets/pcs-pattern-library-detail-C3FMTQsV.js                       27.67 kB │ gzip:   6.59 kB
dist/assets/third-party-factory-rating-D4cAH7TD.js                       28.00 kB │ gzip:   8.00 kB
dist/assets/pda-wool-fact-execution-DqvpIOkx.js                          28.02 kB │ gzip:   9.35 kB
dist/assets/sample-approval-suggestions-YteWpbdU.js                      28.14 kB │ gzip:   8.81 kB
dist/assets/sample-warehouse-DPzZns4i.js                                 28.31 kB │ gzip:   7.30 kB
dist/assets/print-styles-BjQBw8jj.js                                     28.31 kB │ gzip:   4.01 kB
dist/assets/factory-status-DLHd4RLK.js                                   28.43 kB │ gzip:   6.02 kB
dist/assets/source-document-detail-CGDqmezi.js                           28.45 kB │ gzip:  10.53 kB
dist/assets/pcs-engineering-master-list-BJnHW2CH.js                      28.85 kB │ gzip:  10.06 kB
dist/assets/marker-plan-source-model-DZcE_do7.js                         28.93 kB │ gzip:   8.49 kB
dist/assets/commands-CA7gL7ui.js                                         29.05 kB │ gzip:   8.24 kB
dist/assets/pcs-engineering-master-detail-CKEYjleR.js                    29.21 kB │ gzip:   8.61 kB
dist/assets/warehouse-DpgyfNNb.js                                        29.61 kB │ gzip:  10.00 kB
dist/assets/logistics-reconciliations-BaV9ReTG.js                        30.08 kB │ gzip:   9.29 kB
dist/assets/pcs-technical-data-Chtt3PqA.js                               30.41 kB │ gzip:   8.31 kB
dist/assets/production-order-progress-tracking-DZzc-NX8.js               30.43 kB │ gzip:  10.22 kB
dist/assets/material-reconciliations-DzM2RIqK.js                         30.48 kB │ gzip:   9.28 kB
dist/assets/progress-cutting-exception-center-3nIhfKoa.js                30.68 kB │ gzip:   7.12 kB
dist/assets/replacement-fabric-fei-tickets-DfUyVPgH.js                   31.15 kB │ gzip:  10.66 kB
dist/assets/capability-CojhN8QD.js                                       31.65 kB │ gzip:   6.70 kB
dist/assets/material-archives-CH-utfuA.js                                31.86 kB │ gzip:   7.87 kB
dist/assets/handover-orders-CG-yDrHV.js                                  32.23 kB │ gzip:   9.12 kB
dist/assets/factory-performance-BGBLCMyT.js                              32.31 kB │ gzip:   6.74 kB
dist/assets/dialogs-D3oZnr04.js                                          32.71 kB │ gzip:   9.87 kB
dist/assets/task-detail-BVUAjfSC.js                                      32.81 kB │ gzip:   9.72 kB
dist/assets/garment-spu-replacements-Bh1Gm5Ij.js                         33.03 kB │ gzip:   9.37 kB
dist/assets/effective-task-assignments-DM3zCooj.js                       33.04 kB │ gzip:  11.00 kB
dist/assets/process-warehouse-domain-5R4flzXV.js                         33.18 kB │ gzip:   7.58 kB
dist/assets/pcs-tech-pack-bootstrap-obXgPLLz.js                          33.31 kB │ gzip:   8.49 kB
dist/assets/cut-piece-return-domain-BrtEBBpZ.js                          33.37 kB │ gzip:   9.91 kB
dist/assets/store-domain-settlement-seeds-DnQit1T4.js                    33.72 kB │ gzip:   9.01 kB
dist/assets/pcs-pattern-library-BF40pJxn.js                              33.73 kB │ gzip:   7.66 kB
dist/assets/warehouse-runtime-CBuL6kPg.js                                33.79 kB │ gzip:   8.66 kB
dist/assets/pda-shell-BEqg9b_J.js                                        33.93 kB │ gzip:   9.06 kB
dist/assets/early-process-management-sejJShX6.js                         34.61 kB │ gzip:   8.77 kB
dist/assets/dispatch-acceptance-sla-Cv2ff-IQ.js                          34.99 kB │ gzip:   7.91 kB
dist/assets/material-purchase-orders-Ao4Z7VHR.js                         35.06 kB │ gzip:  11.30 kB
dist/assets/stage-orders-PAFTno5J.js                                     35.21 kB │ gzip:  10.89 kB
dist/assets/pda-post-finishing-flow-mYQjn2ky.js                          35.50 kB │ gzip:   9.59 kB
dist/assets/supplier-confirmations-CV7btHzW.js                           36.00 kB │ gzip:   9.76 kB
dist/assets/stage-order-detail-B0ta77T4.js                               36.01 kB │ gzip:  10.62 kB
dist/assets/pda-warehouse-stocktake-C4_FYDdB.js                          36.20 kB │ gzip:   9.34 kB
dist/assets/pda-cutting-inbound-StZiPUiG.js                              36.25 kB │ gzip:  11.15 kB
dist/assets/pda-cutting-handover-D_fwixlQ.js                             36.47 kB │ gzip:  11.26 kB
dist/assets/work-orders-C4bppEbz.js                                      36.52 kB │ gzip:  12.33 kB
dist/assets/pending-receipts-DToF74rk.js                                 36.78 kB │ gzip:  11.25 kB
dist/assets/pcs-pattern-library-create-DnAdl2IY.js                       37.00 kB │ gzip:   8.66 kB
dist/assets/production-context-records-C-Ay45lC.js                       37.05 kB │ gzip:  13.06 kB
dist/assets/work-order-detail-BvLLvB2Q.js                                37.06 kB │ gzip:  10.24 kB
dist/assets/material-inventory-Cy_KWTrk.js                               37.31 kB │ gzip:   9.26 kB
dist/assets/water-soluble-orders-D2mH45pR.js                             37.37 kB │ gzip:  11.39 kB
dist/assets/pda-task-receive-detail-CWdp_jlO.js                          37.40 kB │ gzip:   9.28 kB
dist/assets/third-party-factory-comprehensive-assessment-BSuvi7Ue.js     37.47 kB │ gzip:  11.05 kB
dist/assets/work-order-detail-CuPfiQL5.js                                37.63 kB │ gzip:  10.30 kB
dist/assets/first-leg-logistics-BFXWxWwm.js                              37.82 kB │ gzip:  10.19 kB
dist/assets/product-purchase-orders-CzGnO_FY.js                          38.01 kB │ gzip:   9.33 kB
dist/assets/wait-handover-runtime-BqJDZF6t.js                            38.06 kB │ gzip:  10.71 kB
dist/assets/pcs-part-template-library-Buo_sezk.js                        38.07 kB │ gzip:  13.44 kB
dist/assets/cutting-statistics-ab-material-Ddj-LRv7.js                   38.13 kB │ gzip:   8.63 kB
dist/assets/store-domain-quality-bootstrap-B9VZyawm.js                   38.24 kB │ gzip:   5.40 kB
dist/assets/first-leg-carriers-DwbZKgLM.js                               38.27 kB │ gzip:  10.22 kB
dist/assets/special-processes-UclUqpEf.js                                38.78 kB │ gzip:  10.19 kB
dist/assets/pda-quality-DVcAYqI1.js                                      39.09 kB │ gzip:  10.46 kB
dist/assets/payment-requests-B3qVUsLG.js                                 39.18 kB │ gzip:  10.33 kB
dist/assets/warehouse-B2ed7bl0.js                                        39.60 kB │ gzip:  11.37 kB
dist/assets/semi-finished-orders-DdjS1xyT.js                             39.65 kB │ gzip:  12.09 kB
dist/assets/pda-cutting-transfer-bag-repack-BKHN7ZzP.js                  40.03 kB │ gzip:  11.49 kB
dist/assets/first-leg-shipments-CLcFrJPy.js                              40.79 kB │ gzip:  10.22 kB
dist/assets/fcs-handlers-WtX9q9Sb.js                                     42.66 kB │ gzip:  12.74 kB
dist/assets/pending-receipts-DLiLI7sA.js                                 43.29 kB │ gzip:  15.58 kB
dist/assets/label-print-template-DLI8aEM0.js                             43.43 kB │ gzip:  12.30 kB
dist/assets/lace-factory-domain-E69dJw3K.js                              44.40 kB │ gzip:  11.20 kB
dist/assets/warehouse-BOgu4Px4.js                                        44.72 kB │ gzip:  11.42 kB
dist/assets/factory-receiving-C6v_nVAO.js                                45.23 kB │ gzip:  15.39 kB
dist/assets/cutting-summary-cabl9HVF.js                                  45.72 kB │ gzip:  12.19 kB
dist/assets/engineering-file-upload-DkJFY3Ym.js                          46.77 kB │ gzip:  14.45 kB
dist/assets/demand-domain-BB1BQydF.js                                    47.17 kB │ gzip:  10.94 kB
dist/assets/batches-7NfekDB9.js                                          47.44 kB │ gzip:  10.29 kB
dist/assets/handover-orders-Ce61mmxt.js                                  47.47 kB │ gzip:   9.30 kB
dist/assets/warehouse-LV-nvkUY.js                                        47.74 kB │ gzip:  11.41 kB
dist/assets/settlement-linked-mock-factory-C7qvgkua.js                   47.83 kB │ gzip:  14.54 kB
dist/assets/pcs-record-core-A0fcl43S.js                                  48.27 kB │ gzip:  16.16 kB
dist/assets/dyeing-B1P-qkVv.js                                           48.99 kB │ gzip:  10.87 kB
dist/assets/printing-DvgnHYzR.js                                         48.99 kB │ gzip:  10.87 kB
dist/assets/other-Ebtue2ei.js                                            49.00 kB │ gzip:  10.89 kB
dist/assets/sewing-DEtw101N.js                                           50.02 kB │ gzip:  11.22 kB
dist/assets/dispatch-tenders-BbgyyxMn.js                                 50.08 kB │ gzip:  13.38 kB
dist/assets/progress-material-B58I2rQz.js                                50.24 kB │ gzip:  10.03 kB
dist/assets/pda-onboarding-9ushZcDg.js                                   50.59 kB │ gzip:  10.82 kB
dist/assets/pda-task-receive-CXSibAxy.js                                 50.60 kB │ gzip:  12.70 kB
dist/assets/pda-cutting-execution-source-fA5rUI2H.js                     50.74 kB │ gzip:  13.75 kB
dist/assets/pcs-config-workspace-D-IVeg8m.js                             51.20 kB │ gzip:  17.86 kB
dist/assets/pcs-channel-stores-BNoO6s86.js                               51.35 kB │ gzip:  14.96 kB
dist/assets/marker-plan-model-BNYAZ7EA.js                                51.82 kB │ gzip:  14.83 kB
dist/assets/work-order-detail-PUrQbUkf.js                                52.61 kB │ gzip:  16.46 kB
dist/assets/pda-handover-DielLjHQ.js                                     53.13 kB │ gzip:  14.22 kB
dist/assets/store-domain-progress-C3vGSk7S.js                            53.17 kB │ gzip:  11.82 kB
dist/assets/detail-domain-BQAu5d3N.js                                    53.42 kB │ gzip:  11.88 kB
dist/assets/pcs-part-template-library-CDJC3zM1.js                        53.80 kB │ gzip:  11.07 kB
dist/assets/material-purchase-orders-Cl2ZP406.js                         53.83 kB │ gzip:  16.34 kB
dist/assets/settlement-cutting-input-FvQ2rdAp.js                         55.15 kB │ gzip:  11.71 kB
dist/assets/warehouse-location-map-Ako2tvrz.js                           56.96 kB │ gzip:  16.90 kB
dist/assets/marker-plan-occupancy-CeZDNF0t.js                            57.37 kB │ gzip:  16.10 kB
dist/assets/progress-urge-BLndSwv_.js                                    57.86 kB │ gzip:  12.04 kB
dist/assets/pda-cutting-spreading-CaYTOnM_.js                            59.56 kB │ gzip:  14.29 kB
dist/assets/runtime-inputs-fItOqCUV.js                                   59.81 kB │ gzip:  16.01 kB
dist/assets/wls-accessory-receipts-B0Uknk5O.js                           59.98 kB │ gzip:  15.50 kB
dist/assets/factory-profile-DXP0VvLU.js                                  61.17 kB │ gzip:  14.04 kB
dist/assets/cut-piece-release-DKqy5xo7.js                                61.62 kB │ gzip:  16.48 kB
dist/assets/pda-settlement-C1F_xauu.js                                   61.77 kB │ gzip:  14.31 kB
dist/assets/pickup-management-list-DrbH90Ra.js                           63.10 kB │ gzip:  17.80 kB
dist/assets/special-craft-fei-ticket-flow-tP8Tok4u.js                    63.37 kB │ gzip:  14.39 kB
dist/assets/cutting-DZAtap5m.js                                          64.33 kB │ gzip:  13.62 kB
dist/assets/progress-handover-Cpn9CsSj.js                                65.43 kB │ gzip:  14.25 kB
dist/assets/pcs-channel-products-ImVbG5BT.js                             66.90 kB │ gzip:  22.23 kB
dist/assets/production-object-overview-Dh_1RKOF.js                       67.61 kB │ gzip:  14.25 kB
dist/assets/output-documents-DrjGGYv5.js                                 68.63 kB │ gzip:  23.72 kB
dist/assets/core-BPZceM8V.js                                             69.24 kB │ gzip:  13.07 kB
dist/assets/cutting-daily-production-report-CCybZ0tn.js                  69.74 kB │ gzip:  19.76 kB
dist/assets/pda-exec-B4TYoYpb.js                                         69.84 kB │ gzip:  16.25 kB
dist/assets/context-7XFEkyRP.js                                          70.19 kB │ gzip:  21.60 kB
dist/assets/sewing-dispatch-BrEmMQ5P.js                                  70.50 kB │ gzip:  18.47 kB
dist/assets/production-object-overview-CdSQc1wz.js                       71.90 kB │ gzip:  16.79 kB
dist/assets/progress-exceptions-DOS8a5aw.js                              71.95 kB │ gzip:  13.96 kB
dist/assets/qc-records-Xl6dNUob.js                                       72.70 kB │ gzip:  16.62 kB
dist/assets/pcs-product-archives-DOJ2wuSu.js                             73.23 kB │ gzip:  24.47 kB
dist/assets/pcs-engineering-tasks-D0CQPWLw.js                            73.25 kB │ gzip:  17.51 kB
dist/assets/wait-handover-actions-CoQ7AGK2.js                            73.67 kB │ gzip:  18.85 kB
dist/assets/pcs-sample-management-xn9kbOeT.js                            74.15 kB │ gzip:  18.43 kB
dist/assets/factory-onboarding-BfxJ5zAY.js                               75.30 kB │ gzip:  12.70 kB
dist/assets/orders-domain-sdHjAwIN.js                                    76.35 kB │ gzip:  16.91 kB
dist/assets/dialogs-fat_9NpG.js                                          76.54 kB │ gzip:  18.96 kB
dist/assets/settlement-B0fumjxf.js                                       76.58 kB │ gzip:  11.99 kB
dist/assets/runtime-projections-DiloktoZ.js                              78.06 kB │ gzip:  18.45 kB
dist/assets/process-action-writeback-service-CGzTdJlH.js                 78.21 kB │ gzip:  17.89 kB
dist/assets/pda-handover-detail-1oubjAGa.js                              78.22 kB │ gzip:  19.39 kB
dist/assets/transfer-bag-operations-SNmNiK5f.js                          78.68 kB │ gzip:  19.51 kB
dist/assets/transfer-bags-BQMO22Ee.js                                    80.19 kB │ gzip:  20.90 kB
dist/assets/routes-fcs-qufYZ8AD.js                                       80.69 kB │ gzip:  15.39 kB
dist/assets/production-progress-BuoK1UW7.js                              82.26 kB │ gzip:  21.02 kB
dist/assets/production-CEAaZJsz.js                                       85.20 kB │ gzip:  18.44 kB
dist/assets/pda-warehouse-wait-process-DjWgGnmn.js                       89.02 kB │ gzip:  21.80 kB
dist/assets/events-Y8nWPJPk.js                                           90.52 kB │ gzip:  22.37 kB
dist/assets/factory-onboarding-flow-Ba1zGih3.js                          90.64 kB │ gzip:  23.34 kB
dist/assets/production-tech-pack-change-domain-CgnYmnbT.js               91.44 kB │ gzip:  24.08 kB
dist/assets/dispatch-Cr4K5Cwa.js                                         92.70 kB │ gzip:  28.26 kB
dist/assets/cut-orders-C0t32Kqb.js                                       96.33 kB │ gzip:  25.07 kB
dist/assets/post-finishing-full-flow-CQc13zFL.js                        105.34 kB │ gzip:  27.31 kB
dist/assets/index-DsL_mX1K.js                                           109.46 kB │ gzip:  39.85 kB
dist/assets/pcs-material-archive-detail-8ckFV313.js                     110.75 kB │ gzip:  36.82 kB
dist/assets/pcs-independent-sampling-BEgwoMHZ.js                        112.09 kB │ gzip:  30.98 kB
dist/assets/supplement-management-Dt6pSOMo.js                           114.76 kB │ gzip:  30.58 kB
dist/assets/transfer-bag-return-model-CI9IYX_5.js                       115.39 kB │ gzip:  27.28 kB
dist/assets/statements-7YQdF8Cy.js                                      121.16 kB │ gzip:  25.13 kB
dist/assets/events-Dg88ZYos.js                                          122.84 kB │ gzip:  31.83 kB
dist/assets/unified-dispatch-workbench-D0F_4b6_.js                      123.09 kB │ gzip:  34.72 kB
dist/assets/tmf-material-purchases-CKEuYuaF.js                          124.53 kB │ gzip:  32.38 kB
dist/assets/special-craft-task-orders-Cr2HtONg.js                       126.85 kB │ gzip:  33.61 kB
dist/assets/quality-deduction-repository-DcpFlkf8.js                    136.80 kB │ gzip:  26.67 kB
dist/assets/warehouse-hub-C8aYs21v.js                                   142.34 kB │ gzip:  36.02 kB
dist/assets/generated-fei-tickets-DMnJzhJo.js                           142.98 kB │ gzip:  36.19 kB
dist/assets/production-timeliness-CM-RERIG.js                           143.73 kB │ gzip:  47.55 kB
dist/assets/preparation-timing-DUnwgAfY.js                              146.52 kB │ gzip:  34.62 kB
dist/assets/marker-plan-bifrbYOp.js                                     152.41 kB │ gzip:  36.37 kB
dist/assets/marker-spreading-aC8CHCCw.js                                156.25 kB │ gzip:  38.59 kB
dist/assets/return-inbound-C-k7EMpZ.js                                  162.41 kB │ gzip:  28.14 kB
dist/assets/app-shared-Cn0TuGWF.js                                      163.18 kB │ gzip:  40.35 kB
dist/assets/fei-tickets-Ds-QnM5Y.js                                     198.92 kB │ gzip:  44.69 kB
dist/assets/pcs-pattern-library-BqCrNAIX.js                             205.34 kB │ gzip:  45.56 kB
dist/assets/index--GzcKvNw.js                                           210.12 kB │ gzip:  66.49 kB
dist/assets/print-template-registry-DnroYGTb.js                         213.15 kB │ gzip:  55.21 kB
dist/assets/index-QXnvFeEk.js                                           218.55 kB │ gzip:  48.75 kB
dist/assets/pda-exec-detail-DUdi7Fc-.js                                 250.00 kB │ gzip:  58.33 kB
dist/assets/process-domain-BRnsx_M_.js                                  275.82 kB │ gzip:  60.69 kB
dist/assets/process-tasks-B2LzCKNI.js                                   326.34 kB │ gzip:  90.48 kB
dist/assets/production-orders-CFfK34Qr.js                               488.83 kB │ gzip:  47.14 kB
dist/assets/pda-CqcoQCgz.js                                             505.21 kB │ gzip:  83.25 kB
dist/assets/pcs-tech-pack-review-BWksNswp.js                            704.20 kB │ gzip: 190.84 kB
dist/assets/material-ledger-2XZH8LfF.js                                 879.67 kB │ gzip: 223.23 kB
dist/assets/production-source-shared-Bj4b3XYm.js                      1,899.17 kB │ gzip: 216.72 kB

(!) Some chunks are larger than 550 kB after minification. Consider:
- Using dynamic import() to code-split the application
- Use build.rollupOptions.output.manualChunks to improve chunking: https://rollupjs.org/configuration-options/#output-manualchunks
- Adjust chunk size limit for this warning via build.chunkSizeWarningLimit.
✓ built in 12.41s
