
> higoods-vanilla-clone@1.0.0 build
> npm run typecheck:engineering && npm test && vite build


> higoods-vanilla-clone@1.0.0 typecheck:engineering
> npm run typecheck:entrypoints && npm run typecheck:scopes


> higoods-vanilla-clone@1.0.0 typecheck:entrypoints
> tsc --project tsconfig.engineering.json


> higoods-vanilla-clone@1.0.0 typecheck:scopes
> node scripts/check-typescript-scope.mjs src/domain/ src/components/ui/ src/state/

TypeScript 全量既有错误：3
本次渐进检查范围：src/domain/、src/components/ui/、src/state/
范围内错误：0
范围外既有错误保留在全量 typecheck 中继续分批治理。

> higoods-vanilla-clone@1.0.0 test
> npm run test:unit


> higoods-vanilla-clone@1.0.0 test:unit
> node --import tsx --test tests/unit/*.test.ts

✔ 浏览器存储封装保持读写删除语义 (0.738125ms)
✔ 浏览器存储不可用或抛错时保持静默降级 (0.167584ms)
(node:49877) ExperimentalWarning: localStorage is not available because --localstorage-file was not provided.
(Use `node --trace-warnings ...` to show where the warning was created)
✔ 独立裁剪整任务改派保留数量和执行历史，旧有效分配失效，新范围唯一 (58.558ms)
✔ 裁床改派回原工厂且回填同一业务日期，不复用旧票范围；普通审计不改身份 (0.115ms)
(node:49878) ExperimentalWarning: localStorage is not available because --localstorage-file was not provided.
(Use `node --trace-warnings ...` to show where the warning was created)
✔ 交出列表省略详情路线读取时保留全部输出字段 (301.18275ms)
(node:49879) ExperimentalWarning: localStorage is not available because --localstorage-file was not provided.
(Use `node --trace-warnings ...` to show where the warning was created)
✔ MIG-001/002/006: management entry and handlers belong to FCS; PFOS keeps execution (0.839959ms)
✔ MIG-003/007: prep and execution read the same early order identities, quantities and match status (546.162417ms)
✔ MIG-004/009: migrated dialogs retain candidate fields, actual material image and task outputs (0.82725ms)
✔ MIG-011: management and execution use the same seven business display columns (7.235875ms)
✔ MIG-007: early dye/print creation and cancellation survive reload (2223.940292ms)
✔ BOM working-copy write failure preserves prior state; retry succeeds (156.68375ms)
✔ existing production preparation data does not trigger demo writes on entry (1357.4115ms)
✔ rollback of an unchanged saved BOM does not perform another failing write (31.854875ms)
✔ BOM dictionary preserves old JSON and all snapshot values without mutating input (3.504583ms)
✔ BOM dictionary rejects missing references instead of replacing data silently (0.207959ms)
(node:49884) ExperimentalWarning: localStorage is not available because --localstorage-file was not provided.
(Use `node --trace-warnings ...` to show where the warning was created)
✔ PDA顶栏计数与实际完整待办相同，覆盖各任务工厂及管理员/员工角色 (1719.573667ms)
✔ 解析带标签、小数和空格的长度数量 (0.447583ms)
✔ 解析卷数并对不合法文本返回 0 (0.267125ms)
✔ 证据文件标识把连续空白收口为单个连字符 (0.323334ms)
(node:49886) ExperimentalWarning: localStorage is not available because --localstorage-file was not provided.
(Use `node --trace-warnings ...` to show where the warning was created)
✔ 设计改款可成批生成染色和印花加工单，且完整投影来源与上下游 (873.003167ms)
✔ 设计改款加工单生成幂等，重复请求不增加单据 (34.002375ms)
✔ 同一设计改款任务的不同颜色和 BOM 行分别生成加工单 (43.803875ms)
✔ 成批提交失败时染色与印花加工单一起回滚 (19.671875ms)
✔ 设计改款来源缺关键引用或来源未知时必须阻断 (0.330791ms)
(node:49887) ExperimentalWarning: localStorage is not available because --localstorage-file was not provided.
(Use `node --trace-warnings ...` to show where the warning was created)
✔ 设计改款染后印花必须先分配印花厂，染色交出不能误送中央工厂 (278.338917ms)
✔ 仅染与仅印分别创建一张加工单和一条仓库首道调拨计划 (11.067208ms)
✔ 辅料染色单创建后已有辅料仓调拨计划，分厂时自动落实原单但不冒充实发 (7.636208ms)
✔ 历史双工艺加工单仍可追溯原有染印交接 (404.453125ms)
✔ 先染后印目标 SKU 创建两段加工单，印花只接收本行染后物料而不能跳过染色 (1246.996708ms)
✔ 单独印花 SKU 从仓库发印厂并完成样衣归档 (1435.900583ms)
✔ 印花实际交出生成中央工厂待接收原单，实收回写原交接并允许完成加工单 (456.138875ms)
✔ 专业成果没有真实附件时保持未绑定 (11.519833ms)
(node:49888) ExperimentalWarning: localStorage is not available because --localstorage-file was not provided.
(Use `node --trace-warnings ...` to show where the warning was created)
✔ 可打印不等于可建交出单，必须完成真实标签打印 (0.469208ms)
✔ 卷规格无效时不可建交出单，且不改变原可打印判定语义 (0.0685ms)
✔ 人工完成印花加工单不再自动填充操作人 (190.38075ms)
(node:49890) ExperimentalWarning: localStorage is not available because --localstorage-file was not provided.
(Use `node --trace-warnings ...` to show where the warning was created)
✔ 非 KOL PDA 导入不生成 KOL 领交料；首次 KOL 访问生成完整且幂等的演示记录 (200.04825ms)
✔ PDA 单任务读取保持普通任务、测试工厂与 KOL 任务内容和查找优先级 (1.489583ms)
(node:49891) ExperimentalWarning: localStorage is not available because --localstorage-file was not provided.
(Use `node --trace-warnings ...` to show where the warning was created)
✔ 可编辑的演示唛架保存后优先读取用户记录，刷新不恢复原备注和状态 (314.601583ms)
✔ 日报窗口含截止日7天，重点日均独立使用前6天 (0.758542ms)
✔ 未知采购不填0，未BOM不输出完整确定订单需求 (0.112584ms)
✔ 突变必须绝对量与比例同时达到阈值 (0.058792ms)
✔ 截止日突变示例与未完结日不判定 (0.057667ms)
✔ 共享商品按SPU去重而不按关联行累加销量 (0.092583ms)
✔ 预选不产生确定用料；BOM需求保留物料归属 (0.130125ms)
✔ 同料BOM优先于预选，不重复关系及需量 (0.063625ms)
✔ 两个业务页具有独立容器、标准分页与证据边界 (19.509458ms)
✔ 未进入物料页面时 bridge 不加载业务；加载失败重试后首次渲染即已注册 (2.820917ms)
✔ click 分组顺序、短路、选择器范围保持原行为，重新注册替换旧处理器 (0.532041ms)
✔ 备料写入守卫读取实时角色与水位，阻断时不调用业务处理器 (0.316667ms)
✔ input/change/keyboard 原入口、筛选范围和 change 优先级完整保留 (0.2745ms)
✔ health groups are exhaustive and mutually exclusive in demo (1.329792ms)
✔ coverage and baseline use same inventory plus transit but distinct demand windows (0.066625ms)
✔ zero demand is unavailable rather than infinity and huge finite quotient stays finite (0.08525ms)
✔ date selects different consistent snapshot (0.084ms)
✔ threshold changes alter classification without changing facts (0.056709ms)
✔ health view carries core P1 business sections and mock caveat (13.979042ms)
✔ AT16 rules do not substitute brand, size or packaging method (0.4075ms)
✔ AT24 equal priority conflict blocks resolution and identifies rules (0.332625ms)
✔ higher explicit priority resolves a lower priority overlap (0.049333ms)
✔ plans distinguish garments and parcels and add loss once (0.132125ms)
✔ AT18 white pendant stock only allocated once (0.25725ms)
✔ event duplicate and old revision do not add consumption; reprints are activity only (0.246791ms)
✔ conflicting same revision fails instead of silently choosing a payload (0.122625ms)
✔ AT17/19/20 panel states unresolved ASAYA, independent kit80 and unknown ribbon (0.472667ms)
✔ trigger distinct from target, existing supply produces explainable zero (1.159542ms)
✔ missing mapping or usage and incompatible raw unit block unsafe generation (0.368459ms)
✔ generation reserves remaining once and shared raw pool across target rules (1.198709ms)
✔ production does not increase stock; actual SKU and output bound partial receipts (0.153625ms)
✔ cancelled suggestion releases commitment and raw allocation (0.067458ms)
✔ AT05 committed greige is not available for a second allocation (0.449167ms)
✔ AT06 partial receipt reduces expected supply; checking and qualified never duplicate (0.325084ms)
✔ AT07 unmapped target preserves quantities but gives no target coverage (0.073541ms)
✔ §7.2 loss reduces future supply; rejected receipts never become usable (0.052584ms)
✔ §7.3 unit/yield/route and conservation gaps block deterministic supply (0.089542ms)
✔ §7.3 candidate comparison reports remaining shortage and respects arrival deadline (0.6295ms)
✔ §7.3 zero gap stays zero and nonfinite inputs cannot produce advice (0.046417ms)
✔ panel uses owned local handlers and discloses mock and missing images (2.454875ms)
✔ P2 coefficients and coverage exclude transit (8.973625ms)
✔ P2 coverage buckets have exclusive shared boundaries (0.454584ms)
✔ P2 partial receipts and completed batches count remaining only (0.060792ms)
✔ P2 latest overdue selected only if no future batch; today included (0.052459ms)
✔ P2 search transit and ETA filters compose (0.120667ms)
✔ P2 zero demand and missing BOM preserve distinct nulls; micro demand excluded (0.059208ms)
✔ P2 standard table renders and limits initial rows to first page (6.684209ms)
✔ AT01/02 internal reservation stays in coverage while external reservation is deducted (10.584292ms)
✔ AT03 quality segments are not usable (0.148541ms)
✔ AT04 partial receipt leaves remaining supply only (0.236167ms)
✔ AT08/38 late supply never erases earlier shortage (0.205166ms)
✔ AT09 intermediate deficit determines net need rather than positive closing balance (0.147709ms)
✔ AT10 MOQ and pack rounding, zero stays zero (0.114667ms)
✔ AT11 horizon begins at cutoff and is not expanded by lead time (0.15025ms)
✔ AT12 forecast covered by confirmed demand is excluded before coefficient (0.1175ms)
✔ AT13 no demand has no numeric coverage (0.097416ms)
✔ AT14 cancelling demand does not change stock (0.135458ms)
✔ AT15 latest event revision only (0.379ms)
✔ AT16/17 directory preserves bag sizes and ASAYA duplicated input is one unresolved SKU (0.0825ms)
✔ AT18 three brands draw from one shared pool (0.10675ms)
✔ AT19/20 kit capacity respects minimum and missing conversion (0.055833ms)
✔ AT21 inactive/unusable stock remains physically visible (0.116708ms)
✔ AT23 affected order identifiers are unique (0.097667ms)
✔ AT25/26 draft does not mutate active and invalidates trial (0.0575ms)
✔ AT26/28 publish requires role and exact trial; history retained (0.181292ms)
✔ AT31 risk cannot close with remaining shortage or skip verification (0.154375ms)
✔ AT37 invalid dates, unknown timezone, bad numeric values rejected (0.079291ms)
✔ duplicate supply chain does not double count and blocks deterministic advice (0.08525ms)
✔ warehouse catalogue includes 17 locations and two garment warehouses (0.03675ms)
✔ candidate comparison retains pre-arrival risk (0.288833ms)
✔ SKU-specific policy wins and duplicate rules block publish (0.119125ms)
(node:49901) ExperimentalWarning: localStorage is not available because --localstorage-file was not provided.
(Use `node --trace-warnings ...` to show where the warning was created)
✔ 逐票与逐打印任务保持原结构，变更一条只保存一条 (1.525542ms)
✔ 草稿按原映射键保存；手工票与操作记录分离，删除票保留审计 (0.243958ms)
✔ 拒绝损坏JSON且不冒充空数据 (0.119ms)
✔ 拒绝空字符串且不冒充空数据 (0.052416ms)
✔ 拒绝错误根且不冒充空数据 (0.046166ms)
✔ 拒绝重复票号身份且不冒充空数据 (0.045041ms)
✔ 拒绝缺少票号且不冒充空数据 (0.04975ms)
✔ 拒绝错误状态且不冒充空数据 (0.045667ms)
✔ 拒绝打印关联缺失且不冒充空数据 (0.053625ms)
✔ 拒绝草稿身份缺失且不冒充空数据 (0.086625ms)
✔ 拒绝手工日志缺失且不冒充空数据 (0.050167ms)
✔ 拒绝手工二维码缺失且不冒充空数据 (0.048375ms)
✔ 已保存实体与备份身份校验，不接受伪造集合或迁移元数据 (0.414667ms)
✔ 袋账派生绑定锁，无需持久化派生票快照；关闭周转解除旧快照锁 (375.3755ms)
✔ 唛架来源和铺布单逐实体保存，保留卷明细、层序及来源引用 (0.218334ms)
✔ 指定保存对象不复制重复静态唛架，也不覆盖其他已保存铺布单 (0.226625ms)
✔ 旧袋账按实体保留绑定与历史，局部动作不复制静态袋档案 (0.302833ms)
✔ 专用打印来源保留原票身份、数量、状态、袋锁及打印对象，不查询全量PDA与库存摘要 (888.183625ms)
✔ 实际输出首打保持原身份与数量；动态与普通来源均可打印，失效来源阻断，重复首打不新增 (93.077ms)
✔ 唛架引用读取失败明确阻断，不将迁移或读取错误伪装成空铺布来源 (1.675792ms)
✔ 用户唛架方案逐ID迁移保留床次和占用，修改一张不重写其它方案 (0.33675ms)
✔ PDA及手工票专用唛架定义与原完整投影等价，保留床次、数量和可铺布资格 (364.155042ms)
✔ 裁床配料按真实生产单范围读取与全量结果逐字段相等，保留库存、领取、状态与任务链接 (383.204666ms)
✔ PDA铺布目标直接携带真实已保存铺布单的裁床与负责人，不另算整套列表 (282.92225ms)
✔ 铺布投影复用唛架定义仍保留已保存session的卷明细、裁床、负责人和实际裁剪数量 (312.915ms)
✔ 路由标准化移除 query 与 hash，但不改动路径 (0.799042ms)
✔ 只匹配路由根或其子路径，不误匹配相似前缀 (0.226209ms)
✔ 可在多个合法根路径中匹配一个 (0.135709ms)
✔ 只把完整生产确认单打印路由识别为命中 (0.184334ms)
✔ 专业任务必须全部有效明细通过且保留成果与审核事实 (0.721583ms)
✔ 纸样名称或物料关联不能替代可读取原文件 (11.887375ms)
(node:49904) ExperimentalWarning: localStorage is not available because --localstorage-file was not provided.
(Use `node --trace-warnings ...` to show where the warning was created)
✔ 目标 SKU 的四种加工组合、前序实物和 BOM Q 均按已建档字段读取 (1.442791ms)
✔ 整单总量口径保存后仍按一次总量计算，不被样衣件数重复放大 (1357.411208ms)
✔ 一张设计改款 BOM 同时有 Yard 面料和 PCS 辅料时，各行独立计量且辅料无需加工调拨 (64.647ms)
✔ 复用既有纸样与参照 BOM 的无印染任务可直接提交样衣并自动完成；复制只生成草稿 (1075.707375ms)
✔ 批量复制保留物料、费用和样衣安排为独立可编辑草稿，不生成工作 (96.071708ms)
✔ 单页创建同时保存物料、费用与样衣要求；失败不留下空任务 (58.6045ms)
✔ 加工按物料行及实际阶段执行：纯染行与先染后印行独立串联 (204.031125ms)
✔ 旧设计任务移除线下工作和依赖，保留加工单身份、样衣成果及原始输入 (1159.019833ms)
✔ 任务汇总排除未启用，待前置只列出未完成依赖，关闭单不继续催办 (0.857042ms)
✔ 筛选覆盖关键词、状态、跟单、待办、类型、团队和日期边界，统计范围一致 (0.266709ms)
✔ CSV包含全部匹配行和任务责任计划，不含操作列，特殊文字正确转义 (0.528958ms)
✔ 生产准备必须读取测款最终通过事实，保存时重新校验且失败不生成主单 (1149.289417ms)
✔ PATTERN_ARTWORK 多明细全部有效项通过才完成，同SKU不同要求不合并 (0.484959ms)
✔ COLOR_FABRIC 多明细全部有效项通过才完成，同SKU不同要求不合并 (0.064041ms)
✔ COLOR_YARN 多明细全部有效项通过才完成，同SKU不同要求不合并 (0.058ms)
✔ 多辅料分单覆盖，第一张下单不足以完成，失效单不能提供覆盖 (0.211792ms)
✔ 专业列表业务字段查询与责任、来源、计划边界组合，未登记计划不误入日期结果 (0.648666ms)
(node:49910) ExperimentalWarning: localStorage is not available because --localstorage-file was not provided.
(Use `node --trace-warnings ...` to show where the warning was created)
✔ targeted PCS baseline reads return independent records without cloning unrelated collections (174.115542ms)
✔ PCS 前插多个新记录保留全部既有位置，重复保存不产生位置变化 (1.121334ms)
✔ PCS 单条置顶、居中插入、删除保持实际顺序且不移动其余记录 (0.13625ms)
✔ PCS 图片按款号和颜色固定，尺码不改变照片，未知对象没有随机图片 (2.510459ms)
✔ 历史 Mock 只替换登记的旧图，保留用户图片及未知款式 (0.837375ms)
✔ 后道 QC 来源 SKU 保留原身份和数量，五种颜色分别绑定对应实拍 (0.17725ms)
✔ 后道历史快照只迁移准确 SKU 的旧示意图，质检数量与用户图不变 (0.383875ms)
(node:49913) ExperimentalWarning: localStorage is not available because --localstorage-file was not provided.
(Use `node --trace-warnings ...` to show where the warning was created)
✔ SAMPLE-FIX-01–05/11: actual request→reserve→approve→pickup→return→receipt; stable own IDs and detached reads (830.767041ms)
✔ SAMPLE-FIX-03/05: all invalid input blocks writes; cancellation/rejection frees only own reservation (425.977ms)
✔ SAMPLE-FIX-08/09/11: cases and stocktake persist independently, cannot execute twice or masquerade as adjustment (488.295834ms)
(node:49914) ExperimentalWarning: localStorage is not available because --localstorage-file was not provided.
(Use `node --trace-warnings ...` to show where the warning was created)
✔ HG-001/002/004: SKU identity survives duplicate receipts, transfers and repeats; HG resolves SKU (219.318125ms)
✔ HG-005/006/008: printed data and bounded settings; no truncation, images or state writes (0.805833ms)
✔ HG-002/004 regression: older receipt without identities retains its first date; raw SKU is never HG (67.493625ms)
(node:49915) ExperimentalWarning: localStorage is not available because --localstorage-file was not provided.
(Use `node --trace-warnings ...` to show where the warning was created)
✔ SAMP-001–013 Mock: receipt → all SKU tags → live/home → production/factory/department/warehouse → marketing, with adversarial gates (1104.870542ms)
(node:49916) ExperimentalWarning: localStorage is not available because --localstorage-file was not provided.
(Use `node --trace-warnings ...` to show where the warning was created)
✔ PDA 列表轻量摘要与详情的归属、数量、物料和下一步一致 (889.962458ms)
(node:49917) ExperimentalWarning: localStorage is not available because --localstorage-file was not provided.
(Use `node --trace-warnings ...` to show where the warning was created)
✔ 按工厂投影不改变全能力、印花、染色、中央与裁片演示账号可见任务 (850.698417ms)
(node:49918) ExperimentalWarning: localStorage is not available because --localstorage-file was not provided.
(Use `node --trace-warnings ...` to show where the warning was created)
✔ 接单工厂范围保留全量投影中本厂每个任务的身份、数量、状态及接单/中标结果 (2442.366875ms)
(node:49919) ExperimentalWarning: localStorage is not available because --localstorage-file was not provided.
(Use `node --trace-warnings ...` to show where the warning was created)
✔ PDA order/task link indexes preserve all full-index candidates without constructing unrelated material rows (544.881166ms)
✔ ordinary sewing direct lookup keeps every field and factory permission from the complete canonical projection (365.972292ms)
✔ runtime sewing overrides and legacy/missing IDs retain the complete projection result (490.865167ms)
✔ one fresh read-only object snapshot preserves readiness, context and unknown references without refreshing per miss (433.450292ms)
✔ PDA handlers wait for part-ticket hydration, and the real detail is not mounted before both dependencies complete (57.352667ms)
✔ ordinary sewing detail leaves unrelated PMS initialization pending until a normal module entry (29.6915ms)
✔ same-navigation sewing preload discovers actual bundle entries and static closure without evaluating modules (49.200875ms)
✔ preview compression includes the same sewing static chunks and retains existing assets without broad lazy-route output (6.323458ms)
(node:49921) ExperimentalWarning: localStorage is not available because --localstorage-file was not provided.
(Use `node --trace-warnings ...` to show where the warning was created)
✔ 中转袋交出与实际入仓使用同一浏览器本地业务时间，不把 UTC 当作本地时间 (2.088917ms)
[PMS_IDB_LOAD_FAILED] { message: '当前浏览器不支持 IndexedDB,PMS 业务数据无法持久化。' }
✔ 物流商新增字段保存回显并写入操作日志 (2.932917ms)
✔ 物流商数字字段非负校验与运输方式枚举校验 (0.24225ms)
✔ 渠道新增字段保存回显，条件计费字段按计费方式保留 (0.391167ms)
✔ 整柜渠道不要求新增计费字段，仍要求四箱型完整配置 (0.126584ms)
✔ 渠道数字字段非负与时效区间校验 (0.125458ms)
✔ 头程批次聚合展示总箱数、总重量、总体积与转运天数 (0.45625ms)
✔ 工序链按保存顺序生效，合法工序集合固定，非法或重复工序被拒 (2.130334ms)
✔ 坯布 SKU 必填，坯布库存为 0 时调拨资格被拒，补足后恢复 (0.364917ms)
✔ 采购单按勾选 SKU 生成明细，数量与枚举非法被拒 (0.277541ms)
✔ 调拨单可选择调出仓库与调入目标，同步生成加工单号链 (0.3625ms)
✔ 批量刷新库存更新全部监控行与刷新时间并写日志 (0.213875ms)
✔ 手动添加监控 SKU 校验 SKU 必填与重复，添加后进入列表 (0.260834ms)
✔ 物料申报扩展字段保存回显，26 项特殊属性按数组保存 (2.349125ms)
✔ 报关扩展：法定第二计量单位与数值，不报关分支跳过必填校验 (0.3105ms)
✔ BOM 业务选项与价格/成本、工厂、布料字段保存回显 (1.245708ms)
✔ 主体经营 9 项成本明细加调整重算总成本，数据缺失提醒可消除 (0.658208ms)
✔ 供应商从草稿到启用遵循状态机，名称唯一 (2.427167ms)
✔ 供货档案包装换算与快照版本 (0.418834ms)
✔ 物料全部有真实图片，采购补充信息可更新且不新增删除 (0.684208ms)
✔ 成衣与样衣 SKU 只读列表数据完整 (0.1385ms)
✔ 仓库同步更新时间，单位字典唯一且不可删除只可启停 (0.608ms)
✔ BOM 用量可修改，说明可保存，发布后可生成面辅料需求 (2.877958ms)
[PMS_IDB_LOAD_FAILED] { message: '当前浏览器不支持 IndexedDB,PMS 业务数据无法持久化。' }
[PMS_IDB_UNAVAILABLE] put 跳过,数据仅保留在内存 { store: 'pmsMaterialPurchaseOrderDeltas', key: 'CGF-2026-0005' }
[PMS_IDB_UNAVAILABLE] put 跳过,数据仅保留在内存 { store: 'pmsMaterialPurchaseOrderDeltas', key: 'CGF-2026-0001' }
[PMS_IDB_UNAVAILABLE] put 跳过,数据仅保留在内存 { store: 'pmsMaterialPurchaseOrderDeltas', key: 'CGF-2026-0007' }
✔ 面辅料需求种子就绪且可按物料行下推采购单 (2.187417ms)
✔ 快递信息导入校验采购单存在、单号唯一、日期与数量合法 (0.378708ms)
✔ 国内签收、加入头程、状态推进与到仓自动签收 (0.8895ms)
✔ 供应商确认单需标签齐备，确认后回写采购单 (0.7205ms)
✔ 整柜渠道必须完整配置四个箱型，物流商可启停 (0.291833ms)
✔ 面辅料采购单可带原因关闭，关闭后不能再登记到货 (0.198542ms)
✔ 库存监控触发线与建议量公式，规则异常阻断建单 (2.310584ms)
✔ 建单数量不得超过建议量，调拨与采购资格分别阻断 (0.391917ms)
✔ 中转看板指标、分布与筛选跳转规则 (0.529083ms)
✔ 生产单校验与配料任务只读数据完整，系统设置结果为 8/6/10 (0.180125ms)
✔ 种子采购单按 SRM 生成器规律补齐单据级与明细级字段 (1.37ms)
✔ 新建做货采购单保存采购专员、加急、首单、区域与明细字段并可回显 (2.797708ms)
✔ 未传新增字段时沿用默认值并保持既有命令兼容 (0.123084ms)
✔ 采购专员必填、做货必须选区域、重量非负均抛出中文 PmsDomainError (0.328625ms)
✔ 编辑采购单保存新增字段并回显，非法输入被阻断 (0.27175ms)
✔ BOM 状态与 bomMatched 一致，未发布 BOM 的做货明细为未匹配 (0.175375ms)
✔ 行采购金额使用 roundPmsQty 且汇总等于逐行金额之和 (0.11575ms)
✔ 采购建议按缺口公式与折扣计算，并计入有效 KOL 申请 (0.677042ms)
✔ KOL 草稿与已驳回不计入建议缺口 (0.0825ms)
✔ 建议转采购单后写回已转数量与部分生成状态 (2.140166ms)
✔ 面辅料需求按 BOM 用量与损耗扣减库存和采购中 (0.539125ms)
✔ 重复生成、草稿采购单与非做货采购单均被阻断 (0.11075ms)
✔ KOL 单条超量需要二次确认，超过申请量直接阻断 (0.286458ms)
✔ 驳回 KOL 需求后不再计入建议缺口 (0.120458ms)
✔ 关闭采购单必须填写原因且已关闭不可重复关闭 (0.161583ms)
[PMS_IDB_LOAD_FAILED] { message: '当前浏览器不支持 IndexedDB,PMS 业务数据无法持久化。' }
[PMS_IDB_SAVE_FAILED] 创建请款单 IDB 写入失败 {
  requestNo: 'PAY-M-2026-0006',
  message: '当前浏览器不支持 IndexedDB,PMS 业务数据无法持久化。',
  degraded: 'memory-only'
}
[PMS_IDB_SAVE_FAILED] 创建请款单 IDB 写入失败 {
  requestNo: 'PAY-L-2026-0004',
  message: '当前浏览器不支持 IndexedDB,PMS 业务数据无法持久化。',
  degraded: 'memory-only'
}
[PMS_IDB_SAVE_FAILED] 作废请款单 IDB 写入失败 {
  requestNo: 'PAY-L-2026-0004',
  message: '当前浏览器不支持 IndexedDB,PMS 业务数据无法持久化。',
  degraded: 'memory-only'
}
✔ 主体经营明细总成本、毛利与毛利率公式 (0.70625ms)
✔ 面辅料对账：预计/实际双层公式，费用项与差异双重门禁 (2.793ms)
✔ 面辅料费用项部分确认、批量确认与编辑失效 (0.489167ms)
✔ 请款草稿跨页创建、请款与付款上限、编辑范围 (0.796666ms)
✔ 物流实际费用 12 列导入校验、不自动确认与确认后锁定 (0.426333ms)
✔ 请款单作废释放来源对账，已有付款不能作废 (0.318042ms)
✔ 供应商账单 9 列导入覆盖实际层且不自动确认 (0.251125ms)
✔ 金额大写按 RMB 规则输出并覆盖跨节零 (0.116375ms)
[PMS_IDB_UNAVAILABLE] put 跳过,数据仅保留在内存 { store: 'pmsMaterialPurchaseOrderDeltas', key: 'CGF-2026-0005' }
[PMS_IDB_LOAD_FAILED] { message: '当前浏览器不支持 IndexedDB,PMS 业务数据无法持久化。' }
[PMS_IDB_UNAVAILABLE] put 跳过,数据仅保留在内存 { store: 'pmsMaterialPurchaseOrderDeltas', key: 'CGF-2026-0005' }
[PMS_IDB_UNAVAILABLE] put 跳过,数据仅保留在内存 { store: 'pmsMaterialPurchaseOrderDeltas', key: 'CGF-2026-0005' }
[PMS_IDB_UNAVAILABLE] put 跳过,数据仅保留在内存 { store: 'pmsMaterialPurchaseOrderDeltas', key: 'CGF-2026-0005' }
[PMS_IDB_UNAVAILABLE] put 跳过,数据仅保留在内存 { store: 'pmsMaterialPurchaseOrderDeltas', key: 'CGF-2026-0005' }
[PMS_IDB_UNAVAILABLE] put 跳过,数据仅保留在内存 { store: 'pmsMaterialPurchaseOrderDeltas', key: 'CGF-2026-0005' }
✔ 生成卷号按前缀、每卷米数、重量与起始序号生成并写入包装明细 (2.728083ms)
✔ 生成卷号时尾卷承载剩余数量，卷数按采购数量与每卷米数自动取整 (0.552167ms)
✔ 非法卷号参数被拒绝并抛出中文域错误 (0.37575ms)
✔ 生成标签后二维码内容包含卷号与箱规，参与打印 (0.301792ms)
✔ 箱规新增自动计算体积，重复箱号与非法尺寸被拒，删除后计数正确 (0.2975ms)
✔ 包装明细可新增与删除，非法输入被拒且删除后计数正确 (0.257166ms)
✔ 被包装明细引用的箱规不能删除 (0.083583ms)
✔ 供应商枚举与 SRM 完全一致，旧枚举不再出现 (0.707708ms)
✔ 种子字段满足 SRM 枚举且协同指标为数字 (0.373417ms)
✔ 新增字段保存并回显，成功命令写入操作日志 (1.344792ms)
✔ 编辑保存新增字段并保持状态机与事件名不变 (0.214041ms)
✔ 非法或缺失输入抛 PmsDomainError 且不写入数据 (0.340042ms)
✔ 详情与列表展示新增字段、SRM 枚举与协同指标 (13.858125ms)
(node:49933) ExperimentalWarning: localStorage is not available because --localstorage-file was not provided.
(Use `node --trace-warnings ...` to show where the warning was created)
✔ CONTRACT-002: business allocation day is day 1 and every calendar day counts, including Sunday (0.590916ms)
✔ CONTRACT-002: the three contracts retain 4/8/9, 5/9/10 and 6/9/12 calendar-day milestones (0.3165ms)
✔ CONTRACT-002: invalid calendar dates and counting days still fail without creating deadlines (0.211292ms)
(node:49934) ExperimentalWarning: localStorage is not available because --localstorage-file was not provided.
(Use `node --trace-warnings ...` to show where the warning was created)
✔ 实际耗时跨周日仍按真实时间差；没有可靠时间不造耗时 (0.417583ms)
✔ 每任务都达成才结束；同一来源去重，作废明细不影响主表 (0.141625ms)
✔ 耗时页 Mock 至少覆盖九张生产单和全部节点，且下游事实不会越过未完成的前置节点 (474.089167ms)
✔ 裁片放行按一张放行单内的多次放行展示并选取节点起止时间 (39.365083ms)
(node:49935) ExperimentalWarning: localStorage is not available because --localstorage-file was not provided.
(Use `node --trace-warnings ...` to show where the warning was created)
✔ EXC-001—004: a reference mark cannot change debt, strict kits or final task responsibility (2.823083ms)
(node:49936) ExperimentalWarning: localStorage is not available because --localstorage-file was not provided.
(Use `node --trace-warnings ...` to show where the warning was created)
✔ 派单新增主档工厂可登记承接关系，未知工厂仍阻断 (1.950416ms)
✔ 专属任务保留整单身份、数量和接收方，工艺分支保留全部前置关系 (0.9225ms)
✔ 原生产单车缝任务仍可被 PPIC 分配与责任移交识别，SKU 总量完整 (10.176ms)
✔ PRINT-HISTORY-001: demo identities remain fixed and reject another factory or task (0.432333ms)
✔ PRINT-HISTORY-002: DYE-GOTO-GLOBAL historical slot 09 survives independent reloads without overwriting (1964.609125ms)
✔ PRINT-HISTORY-002: ID-FAC-001165 historical slot 09 survives independent reloads without overwriting (2017.347125ms)
(node:49938) ExperimentalWarning: localStorage is not available because --localstorage-file was not provided.
(Use `node --trace-warnings ...` to show where the warning was created)
✔ VERIFY-003: dispatch reads keep all documents and independent copies without projecting unrelated business views (210.505666ms)
✔ frozen printing images are losslessly stored once across orders, tasks and attachments (2.414875ms)
✔ missing or malformed image references fail rather than silently replacing frozen evidence (0.220125ms)
(node:49941) ExperimentalWarning: localStorage is not available because --localstorage-file was not provided.
(Use `node --trace-warnings ...` to show where the warning was created)
✔ PERF-002/004: scoped receiving reads preserve direct receipts and allocations, without exposing mutable facts (11.892416ms)
✔ PERF-002/004: a synchronous relation read matches independent reads and releases its scope after errors (597.295042ms)
✔ PERF-004: batched print list reviews and handovers equal independently read facts (323.209ms)
✔ PERF-004: scoped handovers keep canonical sorting and task point reads preserve identity (6.6055ms)
✔ PERF-004: reusing warehouse documents preserves each dye order source, quantity and receiver (251.970209ms)
(node:49942) ExperimentalWarning: localStorage is not available because --localstorage-file was not provided.
(Use `node --trace-warnings ...` to show where the warning was created)
✔ craft source selection preserves all previous source choices and isolated snapshots (8.597208ms)
✔ source eligibility is re-evaluated after a source order changes (0.119167ms)
(node:49943) ExperimentalWarning: localStorage is not available because --localstorage-file was not provided.
(Use `node --trace-warnings ...` to show where the warning was created)
✔ 生产单创建来源只覆盖旧匹配事实，不复活已取消或覆盖更新后的匹配 (0.402ms)
✔ 提前来源随PO唯一保存，重复生成不会追加第二份事实；查询投影不反向写PO (0.266875ms)
✔ 失败和嵌套投影后创建stage标记恢复，不影响后续染印执行保存 (0.195166ms)
✔ 备份拒绝错误归属、重复、未知状态和缺少正式冻结来源的匹配 (0.143958ms)
(node:49944) ExperimentalWarning: localStorage is not available because --localstorage-file was not provided.
(Use `node --trace-warnings ...` to show where the warning was created)
✔ 验收数据至少包含 5 张染色和 5 张印花提前加工单，并覆盖全部匹配状态 (356.594458ms)
✔ 印花专业成果把多张图片和多个文件统一保存在同一附件集合 (0.136083ms)
✔ 同一生产需求可手动选择具体专业任务，创建结果保存所选任务与全部成果附件 (24.691458ms)
✔ 创建提前加工单必须选择所属专业任务并明确加工厂 (2.862416ms)
✔ 计划加工数量包含损耗率，且染色印花投入与产出 SKU 必须不同 (0.138625ms)
✔ 专业成果未审核通过时不可创建提前加工单 (0.123417ms)
✔ 多个生产需求合并为一张生产单时，可匹配多张提前染色加工单 (40.301042ms)
✔ 等待技术包的提前单在技术包就绪后可由同一匹配服务自动重试 (19.702792ms)
✔ 合并生产单中只有部分需求有提前单时，只为未覆盖需求补建剩余数量 (31.761042ms)
✔ 已有提前单但正式 BOM 或 SKU 不一致时进入异常，且不重复补建同一工艺单 (28.215042ms)
✔ 取消后重建保留旧单，并建立双向替代关系 (3.609333ms)
✔ 没有提前加工单的需求仍保留正式加工单快照 (3.883541ms)
✔ 查生产入口只在合法系统路由显示，并在打印与 PDA 路由隐藏 (0.579333ms)
✔ 相似前缀和相似打印段不会被当成合法路由 (0.06775ms)
(node:49947) ExperimentalWarning: localStorage is not available because --localstorage-file was not provided.
(Use `node --trace-warnings ...` to show where the warning was created)
✔ 静态生产单更新任务状态时保留原冻结资料，不强造不存在的技术版本 (0.74775ms)
✔ 沿用静态资料的例外不能用于新单、篡改快照或错误技术版本 (0.554458ms)
(node:49948) ExperimentalWarning: localStorage is not available because --localstorage-file was not provided.
(Use `node --trace-warnings ...` to show where the warning was created)
✔ PERF-001: runtime snapshot and all nine subsets preserve every production order value and caller isolation (19.133042ms)
✔ PERF-001: a subset read does not traverse or clone unrelated snapshot sections (0.182541ms)
✔ PERF-001: paper pattern binding strips and nested craft arrays remain isolated after mutation (0.215125ms)
✔ PERF-001: replacing or updating the bound snapshot is visible immediately without a stale cache (0.138333ms)
✔ PERF-001: missing production order keeps null and empty-list contracts (0.071708ms)
✔ finished preparation and purchase keep their delay without claiming current work is on time (4.7255ms)
✔ absence of applicable records and missing timing inputs are not healthy or not-yet-due (0.824084ms)
✔ inbound quantity and final time completeness produce distinct business results (0.301292ms)
✔ reached late milestone has zero only for that milestone, not the whole task (2.345417ms)
✔ creation and handover clocks explain their different unfinished endpoints (2.468041ms)
✔ all current scenes avoid ambiguous headline defaults and literal unknown numbers (11.487ms)
✔ contract graph with missing allocation date or actual holdings cannot assert not-yet-due or achieved (0.875041ms)
✔ opening a follow-up modal only reads, and empty inputs never appear saved (15.979208ms)
✔ save waits for completion and readback, rejects double-click writes, and stores realtime feedback without a forecast (12.733583ms)
✔ failed save retains all inputs and retries the exact same operation ID (4.611458ms)
✔ commit followed by readback failure remains unconfirmed until a read proves the same record (2.864875ms)
✔ work must belong to the current production order and expected time must be valid (1.497459ms)
✔ read failure retains a draft and does not treat unavailable records as a normal empty history (1.102167ms)
✔ old logs are retained, but never assigned to a new production order by inference (0.611083ms)
✔ completed late work and unfinished overdue work remain different in management and the actual source detail (39.34075ms)
✔ a late reached contract is a ended node, and future unreached targets are not current debt (14.207542ms)
✔ missing allocation date or factory actual pickup keeps unknown distinct from an on-time contract (27.936542ms)
✔ source contract deadline uses allocation day as day 1 even when business date contains a clock time (13.307166ms)
✔ full warehouse quantities without last receipt time never imply an on-time result or enter the rate denominator (18.399291ms)
✔ purchase association unknown never asserts that production has not been created or begun (0.772ms)
✔ sample timing is by actual handout date and remains separate from approval result (10.777375ms)
✔ completed whole-order elapsed time stops at final warehouse receipt; export names quantities and states precisely (15.245459ms)
✔ zero actual pickup is a known zero awaiting a contract denominator, not a missing value or automatic achievement (12.937333ms)
✔ missing execution evidence does not imply that material has not arrived or that work is confirmed overdue (3.052916ms)
✔ PAGE-001 / SCENE-17 / 20: 19 unique production orders plus one purchase awaiting association preserve the 19 accepted base scenes (1.106792ms)
✔ MASTER-001 / SCENE-07: reversing purchase order input retains earliest precise start and 28-day deadline (0.189208ms)
✔ MASTER-002: full warehouse completion at the exact deadline is timely; one minute later is late (0.126625ms)
✔ SCENE-03—05: warehouse facts establish completion separately from final timestamp and stale upstream records (0.134458ms)
✔ SCENE-06 / 16 / 18: quantity positions conserve pieces while missing position and task ownership remain distinct (3.01225ms)
✔ CONTRACT-002 / SCENE-13: three return contracts use calendar days including Sunday and their actual held quantities (0.788458ms)
✔ SCENE-19: B factory total 40% cannot cover the independently overdue B01 task (0.652541ms)
✔ SCENE-02 / 08: timely returns and late reached milestone differ from a currently overdue unmet milestone (0.68125ms)
✔ SCENE-09 / 10: preparation is a parallel four/five-day stage with separately recorded production and handover (2.128ms)
✔ SCENE-11 / 12: sample date is pickup plus three; failed or unsubmitted sample does not move the return deadline (1.235125ms)
✔ SCENE-14: stock 600 meters advances before the independent 900-meter purchase batch, with three work/handover records each (3.462167ms)
✔ SCENE-15: known 600-meter receipt is preserved while the 900-meter purchase remains unknown and currently late (2.307375ms)
✔ SCENE-20: partial factory handover retains 2400 sleeve pieces received and 600 disputed without closing the handover or converting to garments (1.653875ms)
✔ SCENE-01: completed preparation/material delays remain history while sleeve work has a current 600-piece gap (0.814833ms)
✔ PREP / CRAFT: auxiliary work is three days each; bulk dye/print/wash and handovers have no invented SLA (1.439875ms)
✔ SOURCE / UI: document IDs, related ownership, native routes and source summaries are coherent without read mutation (30.115584ms)
✔ SOURCE: there are no future actual events or reversed processing/handover times in the fixed demonstration (6.753125ms)
✔ SCENE late: expanded accepted diagram retains its business nodes and source documents (0.793583ms)
✔ SCENE normal: expanded accepted diagram retains its business nodes and source documents (0.880334ms)
✔ SCENE complete: expanded accepted diagram retains its business nodes and source documents (0.656541ms)
✔ SCENE completeLate: expanded accepted diagram retains its business nodes and source documents (1.028ms)
✔ SCENE completeUnknown: expanded accepted diagram retains its business nodes and source documents (0.589667ms)
✔ SCENE partial: expanded accepted diagram retains its business nodes and source documents (0.768334ms)
✔ SCENE reordered: expanded accepted diagram retains its business nodes and source documents (0.797375ms)
✔ SCENE reachedLate: expanded accepted diagram retains its business nodes and source documents (1.455416ms)
✔ SCENE positioning: expanded accepted diagram retains its business nodes and source documents (0.53775ms)
✔ SCENE prepPending: expanded accepted diagram retains its business nodes and source documents (0.460792ms)
✔ SCENE sampleLate: expanded accepted diagram retains its business nodes and source documents (1.839916ms)
✔ SCENE samplePending: expanded accepted diagram retains its business nodes and source documents (1.479583ms)
✔ SCENE fullContract: expanded accepted diagram retains its business nodes and source documents (1.620167ms)
✔ SCENE materialBatches: expanded accepted diagram retains its business nodes and source documents (1.345542ms)
✔ SCENE materialPartial: expanded accepted diagram retains its business nodes and source documents (0.905625ms)
✔ SCENE live: expanded accepted diagram retains its business nodes and source documents (1.268083ms)
✔ SCENE unknown: expanded accepted diagram retains its business nodes and source documents (0.132667ms)
✔ SCENE unassigned: expanded accepted diagram retains its business nodes and source documents (2.3675ms)
✔ SCENE sameFactory: expanded accepted diagram retains its business nodes and source documents (0.834416ms)
✔ SCENE handoverPartial: expanded accepted diagram retains its business nodes and source documents (0.538625ms)
✔ PREP-005: supplemental scene retains disabled and change-ended documents without creating active clocks or blocking valid preparation (0.507958ms)
✔ timing documents resolve directly at their native route with the same shared static facts (321.765125ms)
✔ source detail does not resolve unrelated records or a registered record at a wrong module path (0.150083ms)
✔ a handover belongs to its original outgoing work rather than a linked next process (0.088792ms)
✔ contract details retain natural-day deadlines and late achievement history (0.3625ms)
✔ partially received material retains unknown purchase receipt instead of inventing zero or full stock (0.369959ms)
✔ production preparation details include parallel requirements and BOM quantities (1.328ms)
✔ work remaining quantity follows known required and completed quantities in the same unit (2.251542ms)
✔ missing factory sample uses the recorded requirement date and keeps sample approval outside return milestones (0.190333ms)
✔ purchase-only scenario resolves to the existing merchandise purchase and pending-purchase backlink (0.122834ms)
✔ finished-goods detail distinguishes latest partial receipt from full completion time (0.332708ms)
✔ unknown timing standard is amber verification, never a red confirmed-overdue result (0.23125ms)
✔ MIGRATE-001: direct production/pending detail paths have their own active tab identity; discarded tasks/examples/team details are absent (1.038083ms)
✔ MIGRATE-001: stored DDS tabs prune discarded addresses, retain unrelated tabs and correct the live production title without touching input (0.875833ms)
(node:49958) ExperimentalWarning: localStorage is not available because --localstorage-file was not provided.
(Use `node --trace-warnings ...` to show where the warning was created)
✔ VERIFY-003: scoped reads preserve pending/voided sources and defensive copies (3.258917ms)
✔ VERIFY-003: metadata lookup reflects registry changes and returns independent locations (6.541875ms)
✔ 备份恢复不能借原票编号伪造另一种面料的交出回执 (0.765375ms)
✔ 换片布固定演示：四个新增生产单覆盖部分打印、补打、交出备用及失效票 (2.394833ms)
✔ 部位票缓存感知已提交事件版本，重复读取同一版本不失效 (0.348042ms)
✔ 按名称排朴，空名拒绝，同名不同编码/颜色保留独立身份 (0.588542ms)
✔ 初始每面料一张，重复分配幂等；新增与补打不混淆 (0.647917ms)
✔ 改派未交票失效，已交历史不抹除，新范围递增序号 (0.465667ms)
✔ 部分出纸仅确认勾选票；重复确认不增加次数，内容变化拒绝 (0.124417ms)
✔ 整个批次多袋并集检查，非本次袋不可借用，顺序无关 (0.386625ms)
✔ 同任务同工厂历史可满足；不同任务或换厂必须另交 (0.167208ms)
✔ 三方自行裁剪排除，资料缺失与无需面料分开判断 (0.058167ms)
✔ 混装按类型和单位分项，换片布不能拆成非5 Yard (0.11025ms)
✔ 局域网 HTTP 的摘要与原生 SHA-256 相同，既有票号不变化 (11.4715ms)
(node:49967) ExperimentalWarning: localStorage is not available because --localstorage-file was not provided.
(Use `node --trace-warnings ...` to show where the warning was created)
✔ 混装打印保留裁片矩阵，捆条和换片布独立附页，不合并单位 (2.2215ms)
✔ 纯换片布袋可生成货物标识，不制造尺码和部位 (0.248125ms)
✔ 混装标签拒绝换片布错误长度、作废票和混生产单 (0.548ms)
✔ 旧业务存储不可读时仍用已提交的原装袋周期打印三类货物 (1.074667ms)
✔ 生产单按单记录；变更一单不重写其他单和任务 (1.176167ms)
✔ 运行任务独立保存覆盖、拆分、合并、改派及序号，往返保留身份 (0.213125ms)
✔ 有效分配索引、独立记录、审计及序号完整往返，拒绝重复身份和损坏格式 (0.323791ms)
✔ 拒绝空字符串，不吞掉损坏记录 (0.055958ms)
✔ 拒绝数组根，不吞掉损坏记录 (0.042959ms)
✔ 拒绝生产单数组实体，不吞掉损坏记录 (0.037375ms)
✔ 拒绝生产单空编号，不吞掉损坏记录 (0.040167ms)
✔ 拒绝生产单损坏快照，不吞掉损坏记录 (0.037792ms)
✔ 拒绝任务覆盖数组，不吞掉损坏记录 (0.049292ms)
✔ 拒绝任务覆盖身份，不吞掉损坏记录 (0.079875ms)
✔ 拒绝拆分来源身份，不吞掉损坏记录 (0.051209ms)
✔ 拒绝拆分子项损坏，不吞掉损坏记录 (0.044375ms)
✔ 拒绝合并明细损坏，不吞掉损坏记录 (0.05225ms)
✔ 拒绝改派任务身份，不吞掉损坏记录 (0.028917ms)
✔ 拒绝不安全序号，不吞掉损坏记录 (0.029291ms)
✔ 拒绝重复Map键，不吞掉损坏记录 (0.028084ms)
✔ 拒绝current非数组，不吞掉损坏记录 (0.02925ms)
✔ 拒绝current孤儿，不吞掉损坏记录 (0.031042ms)
✔ 拒绝current跨任务，不吞掉损坏记录 (0.025709ms)
✔ 拒绝current重复引用，不吞掉损坏记录 (0.026125ms)
✔ 拒绝审计孤儿，不吞掉损坏记录 (0.029708ms)
✔ 已保存实体损坏编号、缺少meta或重复meta不能伪造正常空源 (0.123584ms)
✔ 未登记key及空白JSON拒绝；null明确代表没有覆盖 (0.04425ms)
✔ 备份校验拒绝未知来源集合、伪造迁移身份及丢失检查点实体 (0.575334ms)
✔ 四类静态运行任务的删除标记完整往返，拒绝混入业务字段或假删除 (0.14275ms)
✔ 分配副产物按实体保存；合同、样衣及PPIC责任保留独立序号 (0.439042ms)
✔ 拒绝缺失渲染必需快照的合同，防止迁移清源后才暴露损坏 (0.047584ms)
✔ 关联实体损坏拒绝 unknown:X (0.039917ms)
✔ 关联实体损坏拒绝 material-context:A (0.027625ms)
✔ 关联实体损坏拒绝 return-sequence:value (0.035084ms)
✔ 关联实体损坏拒绝 sla-current:T (0.033208ms)
✔ 生产创建匹配来源按生产单身份校验并完整恢复 (0.165167ms)
✔ 工厂结束事实只允许明确任务、操作人和时间 (0.869625ms)
✔ 既有招标定标记录保留真实来源编号并校验价格与操作人 (0.135166ms)
✔ 开工交出单头只包含首次零交出事实，拒绝伪造数量和身份 (0.158125ms)
(node:49969) ExperimentalWarning: localStorage is not available because --localstorage-file was not provided.
(Use `node --trace-warnings ...` to show where the warning was created)
✔ 同分配的同名 A/B 面料分别新增和打印；第二面料不被第一范围替代 (76.230583ms)
(node:49970) ExperimentalWarning: localStorage is not available because --localstorage-file was not provided.
(Use `node --trace-warnings ...` to show where the warning was created)
✔ 分配 SKU 的需料不同；多尺码共料去重，名称含朴排除 (1.583375ms)
✔ 完整但全是朴为空集合；缺颜色映射或空名称属于资料错误 (0.39675ms)
✔ 同名不同编码面料不混并；BOM 身份歧义阻断 (0.234209ms)
✔ 交出回执从快照保留三种明细，Yard 与米不进入裁片数量 (1.424667ms)
✔ 回执任务读取保持数组身份；只在事实变更后重新投影 (0.25125ms)
✔ 款式需料读取的配置查询只返回独立副本，不能污染下次来源读取 (1.906083ms)
✔ 来源读取失败时不能把不可用哨兵值当作稳定分配继续保存 (0.797333ms)
✔ 历史裁片实交保留原数量与归属，其他集合不混入 (0.563375ms)
✔ 历史缺原版本、交错明细、负数量或记录身份错误均阻断恢复 (0.259458ms)
✔ 面辅料单不可写入退役裁片历史，未完成迁移标记不可恢复 (0.094959ms)
✔ 并发调用复用同一个模块加载 Promise，成功后继续复用结果 (0.632875ms)
✔ 模块加载失败后清空缓存，下一次调用可以重试 (0.236ms)
(node:49973) ExperimentalWarning: localStorage is not available because --localstorage-file was not provided.
(Use `node --trace-warnings ...` to show where the warning was created)
✔ CONTRACT-005: native legacy task fixture exposes the actual missing allocation date at PDA and progress board entries (1029.387958ms)
(node:49974) ExperimentalWarning: localStorage is not available because --localstorage-file was not provided.
(Use `node --trace-warnings ...` to show where the warning was created)
✔ CONTRACT-002: later factory acceptance retains its fact without postponing business allocation deadlines (0.726375ms)
✔ CONTRACT-002: missing business allocation time produces a visible verification gap instead of acceptance-based deadlines (0.154708ms)
✔ CONTRACT-002: historical acceptance-based snapshots remain intact but cannot establish current contract deadlines (0.244708ms)
✔ CONTRACT-002: shared PDA and progress board show missing allocation dates without claiming zero-receipt tasks are complete (0.46075ms)
✔ CONTRACT-002: confirmed dates still show the next contractual node and complete only after all 100 pieces are received (0.338334ms)
✔ CONTRACT-002: outsourcing tracking uses allocation dates for tender tasks and marks missing dates as unverified (16.625792ms)
(node:49975) ExperimentalWarning: localStorage is not available because --localstorage-file was not provided.
(Use `node --trace-warnings ...` to show where the warning was created)
✔ 刷新时静态样衣命令重建不重放到已移交的持久用户状态，构造失败恢复输入 (4.61825ms)
✔ 独立打印外壳只命中完整生产确认单打印路由 (0.557042ms)
✔ 既有固定打印路由仍使用独立打印外壳 (0.091375ms)
(node:49978) ExperimentalWarning: localStorage is not available because --localstorage-file was not provided.
(Use `node --trace-warnings ...` to show where the warning was created)
✔ TP-ID-002: FCS live hydration cannot change the static 26 identities or their numeric sequence (9.243458ms)
✔ TP-DATA-001: baseline has 20 actual complete formal versions and three plus three draft review states (1.270125ms)
✔ TP-ROUTE-001: all twenty formal routes have three resolvable dye→print→wash chains and five two-craft pieces (153.407958ms)
✔ TP-ID-001: ID is persisted independent of ordering and next identity uses the global maximum (1.104709ms)
✔ TP-LEGACY-001: exact old static copies project read-only, preserve source identities and preserve changed records or content (3.004ms)
✔ TP-LEGACY-002: repository reads old demo without writes; new legacy-source creation is rejected (303.657833ms)
✔ TP-LEGACY-003: early release content upgrades after person maintenance but genuine technical edits remain intact (3.684042ms)
✔ TP-PAGE-001: route rendering preserves stored IDs and hides objects without additional processing (84.391084ms)
✔ TP-PERSON-001: valid maintenance retains published content, records a log, and rejects wrong-role candidates (294.021291ms)
✔ technical version working-copy reads do not write and failed staging preserves data (first visit) (351.399458ms)
✔ technical version working-copy reads do not write and failed staging preserves data (saved data) (388.083875ms)
[PMS_IDB_LOAD_FAILED] { message: '当前浏览器不支持 IndexedDB,PMS 业务数据无法持久化。' }
✔ 五类页面共享采购到交出的串联 Mock，重复初始化不重置执行事实 (235.959042ms)
✔ 补齐串联 Mock 时压缩历史大签名，避免浏览器存储接近上限导致页面路由失败 (281.559333ms)
✔ 三个中央工厂在组织目录与执行工厂中身份一致且仅出现一次 (0.431125ms)
✔ 花边角色与采购映射归属TMF但供应方仍保留独立身份 (0.075125ms)
✔ 橡筋定长切割仍归SPF，不成为TMF织带截断任务 (0.090333ms)
✔ 旧浏览器组织记录迁移后不与权威TMF并存且保留已有联系人 (7.109125ms)
(node:49983) ExperimentalWarning: localStorage is not available because --localstorage-file was not provided.
(Use `node --trace-warnings ...` to show where the warning was created)
✔ 连续织带实际650米交出→648+2实收→染色可用650，仓库和用料保持米制且无公斤换算 (13.245ms)
✔ 连续长度口径不可用于纱线/码制，普通辅料仍要求实际称重 (2.138583ms)
✔ 原生连续辅料染色650→640：实际工厂实收及用料驱动加工，使用对象对应蓝色织带参考图 (418.270083ms)
✔ 织带与绳子参考档案接入实际物料库，保留图片来源和未确认尺寸，不替换橡筋 (144.988ms)
✔ 同分钟新建不同幅宽织带和绳径主档不共用 SPU 身份，SKU 保持各自父档与主单位 (20.166917ms)
✔ TMF半成品SKU按SPU→潘通色号→颜色→花型生成，长度和端头不进入SKU (0.159625ms)
(node:49989) ExperimentalWarning: localStorage is not available because --localstorage-file was not provided.
(Use `node --trace-warnings ...` to show where the warning was created)
✔ TMF发布采用链：技术包发布门禁→审核发布→启用→生产单采用→生成织带加工需求 (1455.314208ms)
✔ TMF发布门禁：含织带截断工序但规格未补齐的采用版本不能发布 (413.467125ms)
✔ 正式生产路线只关联相邻同BOM同SKU的染色→印花，不生成数量或修改来源 (1.329083ms)
✔ 跨单/版本/工序/用途/SKU/单位、缺工厂与已有其他接收单都不能接续 (0.238625ms)
✔ 印花连续辅料仅接同版本同BOM的直接截断节点，不修改SKU和数量 (0.635042ms)
✔ 染色来源已绑定印花时拒绝直接截断，不读取不存在的顶层字段 (0.748459ms)
✔ TMF V1 原型范围、工厂身份和现场默认参数已冻结 (0.669916ms)
✔ TMF 风险动作默认要求主管与二次确认，采购行身份不可丢失 (0.068625ms)
[PMS_IDB_LOAD_FAILED] { message: '当前浏览器不支持 IndexedDB,PMS 业务数据无法持久化。' }
[PMS_IDB_UNAVAILABLE] put 跳过,数据仅保留在内存 { store: 'pmsMaterialPurchaseOrderDeltas', key: 'CGF-2026-0007' }
[PMS_IDB_UNAVAILABLE] put 跳过,数据仅保留在内存 { store: 'pmsMaterialPurchaseOrderDeltas', key: 'CGF-2026-0009' }
[PMS_IDB_UNAVAILABLE] put 跳过,数据仅保留在内存 { store: 'pmsMaterialPurchaseOrderDeltas', key: 'CGF-2026-0009' }
{"scenario":"N02","scope":"业务动作主链含纱线重量账；含端头辅材采购实收；不含PCS发布采用页面、纱线采购上游","purchaseReceived":1300,"productionReceived":1000,"warehouseContinuousM":30,"netCutM":1260,"lossM":10,"headUnit":"个","headReceived":2020,"headRemaining":15}
[PMS_IDB_UNAVAILABLE] put 跳过,数据仅保留在内存 { store: 'pmsMaterialPurchaseOrderDeltas', key: 'CGF-2026-0010' }
[PMS_IDB_UNAVAILABLE] put 跳过,数据仅保留在内存 { store: 'pmsMaterialPurchaseOrderDeltas', key: 'CGF-2026-0010' }
{"scenario":"N03","scope":"业务动作主链含纱线重量账；含端头辅材采购实收；不含PCS发布采用页面、纱线采购上游","purchaseReceived":60,"productionReceived":100,"warehouseContinuousM":9,"netCutM":50,"lossM":1,"headUnit":"个","headReceived":202,"headRemaining":1}
[PMS_IDB_UNAVAILABLE] put 跳过,数据仅保留在内存 { store: 'pmsMaterialPurchaseOrderDeltas', key: 'CGF-2026-0011' }
[PMS_IDB_UNAVAILABLE] put 跳过,数据仅保留在内存 { store: 'pmsMaterialPurchaseOrderDeltas', key: 'CGF-2026-0011' }
{"scenario":"N04","scope":"业务动作主链含纱线重量账；含端头辅材采购实收；不含PCS发布采用页面、纱线采购上游","purchaseReceived":100,"productionReceived":50,"warehouseContinuousM":34,"netCutM":65,"lossM":1,"headUnit":"kg","headReceived":0.2,"headRemaining":0.04}
[PMS_IDB_UNAVAILABLE] put 跳过,数据仅保留在内存 { store: 'pmsMaterialPurchaseOrderDeltas', key: 'CGF-2026-0012' }
[PMS_IDB_UNAVAILABLE] put 跳过,数据仅保留在内存 { store: 'pmsMaterialPurchaseOrderDeltas', key: 'CGF-2026-0012' }
{"scenario":"B06","scope":"规范数量动作链；塑料头从仓库实收事实开始，补购基础生产未虚构纱线配方；不代表全部页面验收","continuous":9,"productionReceived":1000,"scrapped":100,"scrappedMeters":120,"loss":11,"metalRemaining":15,"plasticRemaining":2}
{"scenario":"N05","mergedBatch":"FULL-N05-MERGED","purchaseReceivedM":120,"mergedIssuedM":102,"mergedProducedPieces":200,"productionReceivedByOrder":[100,100],"warehouseContinuousM":19,"lossM":1,"returnedM":1}
{"scenario":"B17","mergedBatch":"FULL-B17-MERGED","purchaseReceivedM":120,"mergedIssuedM":102,"mergedProducedPieces":200,"productionReceivedByOrder":[100,100],"warehouseContinuousM":19,"lossM":1,"returnedM":1}
{"scenario":"N01","rawReceivedKg":12,"consumedKg":10,"returnedKg":1,"factoryRemainingKg":1,"semiFinishedReceivedM":1000}
{"scenario":"N02","rawReceivedKg":12,"consumedKg":10,"returnedKg":1,"factoryRemainingKg":1,"semiFinishedReceivedM":1300}
{"scenario":"N03","rawReceivedKg":12,"consumedKg":10,"returnedKg":1,"factoryRemainingKg":1,"semiFinishedReceivedM":60}
{"scenario":"N04","rawReceivedKg":12,"consumedKg":10,"returnedKg":1,"factoryRemainingKg":1,"semiFinishedReceivedM":100}
{"scenario":"N05","rawReceivedKg":12,"consumedKg":10,"returnedKg":1,"factoryRemainingKg":1,"semiFinishedReceivedM":120}
{"scenario":"PRINTBACK-source-fixture","nativePrint":{"inputM":650,"outputM":630,"lossM":20,"outputImage":"MISSING_BLOCKED"},"sourceDispatched":630,"actualReceived":630,"cutMeters":620,"lossMeters":2,"returnedMeters":8,"baseLeftMeters":350,"scope":"原生印花650→630已独立重放；下游630米交出仍为专项夹具，不替代缺图正式交出或N01完整上游"}
{"scenario":"B09-downstream-recovery","basePhysicalM":350,"otherReservedM":350,"baseAvailableM":0,"processedReturnM":8,"productionPieces":[400,600],"scope":"含实际占用失败、释放、发料及印花回料后全链；原生印染20米损耗未执行，不是完整B09通过"}
{"scenario":"B05-cut-recovery","received":[400,600],"frozenPieces":10,"frozenLengthMm":500,"continuous":2.5,"cutLoss":2.5,"upstreamScope":"印花630米已交出为外部专项夹具，不冒充原生印染20米损耗或全N01"}
(node:49992) ExperimentalWarning: localStorage is not available because --localstorage-file was not provided.
(Use `node --trace-warnings ...` to show where the warning was created)
✔ N01～N05：通过现有 PMS 入口下达，每条采购链从零执行到仓库实收；交出不提前增加库存 (16.525125ms)
✔ 半成品加工没有原料实收和足量耗用时禁止产出，补齐同一原料链后才能填报 (3.443917ms)
✔ MOCK-007：规范场景使用同一采购行、基础单和生产需求身份，不复制孤立页面 Mock (2.4545ms)
✔ MOCK-009：重置只重载隔离的运行态，不清除用户浏览器数据 (0.313416ms)
✔ B01/B03：短收保留在途和采购缺口；重复扫描、生成和刷新不双记 (0.735584ms)
✔ B02/B04：多收、错 SKU、错仓和无权限动作不改变任意下游数量；恢复后正常收齐 (1.422083ms)
✔ OVR-001～003：超产与超收须主管二次确认，计划不扩、幂等且下游一致 (10.356041ms)
✔ MASTER-001～003/005：采购与端头采购映射原型内建主档，缺失阻断且身份稳定 (4.24725ms)
✔ MASTER-004：映射前历史记录保留原快照与未映射标记，不批量改写 (0.271042ms)
✔ TERM-001～005：取消后终止处置台逐项决定，未处置不得结案且数量对账守恒 (8.350791ms)
✔ 终止连续余料：实物余量只扣一次报废，拒绝超量且剩余数量可继续处置 (4.167458ms)
✔ GAP-TERM-004：上游未收与生产在途分别确认去向，不可重复登记 (0.721ms)
✔ DYE-001～003：染色直交织带厂按实际交出分配实收，追溯原染色单且不重复扣料 (378.448292ms)
✔ 采购追加：未开始同步计划，已执行保留原计划和实物并处理变更 (5.309958ms)
✔ B21：保存失败不报成功、不留部分库存；成功后刷新读取同一采购和收货事实 (1.194417ms)
✔ 采购→两种规格截断→拆包回仓→分配发料→生产实收：短收保留缺口，库存及采购不双记 (20.915875ms)
✔ B09：其他需求占用400米时不能再占650；释放50后恢复，错误发料不改变库存 (5.176625ms)
✔ 需求来源：同尺码不同成衣SKU分别保留，BOM适用范围生效，错误快照和重复工序阻断 (0.388292ms)
✔ 待打头条料不计合格产出；超公差实物记不良且照实扣下料当量，未实收不可截断 (31.492833ms)
✔ N04：采购100米→单端硅胶按kg实耗→回仓发料→生产实收50根，连续料剩34米 (27.099708ms)
✔ B15：截断后取消保留1000根在制和1260米当量，释放未发占用并只退连续余料 (24.238875ms)
✔ 已回仓部分发料后取消：释放未发分配，冻结实存，已发在途保留且实收不恢复需求 (18.647167ms)
✔ N02规范数值：采购→实际加工→生产实收及米料/辅材退仓整链 (74.642ms)
✔ N03规范数值：采购→实际加工→生产实收及米料/辅材退仓整链 (60.387541ms)
✔ N04规范数值：采购→实际加工→生产实收及米料/辅材退仓整链 (62.772708ms)
✔ B06规范恢复：误装100根报废→补购100米并补做→生产实收1000根，三套实物账守恒 (137.181417ms)
✔ N05合并批：120米采购→102米合并投入→两生产单各实收100，B17独立副本拆100为40+60 (85.942417ms)
✔ B17合并批：120米采购→102米合并投入→两生产单各实收100，B17独立副本拆100为40+60 (106.53325ms)
✔ N01～N05基础原料重量账：源仓实收→发出→工厂实收→耗用/余料→原仓实收，与米制产出独立 (234.538708ms)
✔ 主生产单暂停/取消直接限制织带执行，已发实收保留且取消处置释放未发占用 (65.752417ms)
✔ 冷启动及旧标签页均读取已保存主单限制，损坏来源不默许执行 (2.618875ms)
✔ 印花交出按两种长度分配，原单分次实收唯一记账，随后截断/回仓/领料守恒 (383.262583ms)
✔ 主单离页保存保留其他页取消及新增单，同单并发编辑和存储失败不覆盖 (2.881625ms)
✔ 技术包换版后旧规格冻结，已交出的仓库及生产在途可实收且不改旧长度 (61.444125ms)
✔ 未发料换版释放旧占用，新需求从备料至生产实收，旧预览和已执行重算阻断 (97.92525ms)
✔ 已加工换版：旧200条冻结并释放未发分配，新550/700mm需求实收1000条，旧预览失效且库存守恒 (122.919792ms)
✔ B05实际410/590错配：短条余量冻结，连续余料8米补10条700mm至两规格生产实收 (210.29725ms)
✔ 加工计划时间独立保存：明确时区、并发版本阻断、实际节点不倒推开完工且库存不变 (28.617791ms)
✔ 加工单费用按技术包需求计价：单位、币种和版本可追溯，库存与实收不被费用动作改变 (19.359375ms)
✔ 织带加工单没有接单或开工门禁，投入实收后可直接加工填报 (52.369ms)
✔ B23未执行采购1000减900：版本留痕、旧预览阻断、重新确认接受后900实际生产实收 (54.852625ms)
✔ B24实收1000退100：仓库交出与TMF分次实收独立，原收保留且净900后减量 (88.327542ms)
✔ 采购取消门禁：无执行事实可取消，已收货或已生产必须先处置不能直接结案 (49.026709ms)
[PMS_IDB_LOAD_FAILED] { message: '当前浏览器不支持 IndexedDB,PMS 业务数据无法持久化。' }
[PMS_IDB_UNAVAILABLE] put 跳过,数据仅保留在内存 { store: 'pmsMaterialPurchaseOrderDeltas', key: 'CGF-2026-0007' }
[PMS_IDB_LOAD_FAILED] { message: '当前浏览器不支持 IndexedDB,PMS 业务数据无法持久化。' }
[PMS_IDB_LOAD_FAILED] { message: '当前浏览器不支持 IndexedDB,PMS 业务数据无法持久化。' }
[PMS_IDB_LOAD_FAILED] { message: '当前浏览器不支持 IndexedDB,PMS 业务数据无法持久化。' }
[PMS_IDB_UNAVAILABLE] put 跳过,数据仅保留在内存 { store: 'pmsMaterialPurchaseOrderDeltas', key: 'CGF-2026-0007' }
[PMS_IDB_UNAVAILABLE] put 跳过,数据仅保留在内存 { store: 'pmsMaterialPurchaseOrderDeltas', key: 'CGF-2026-0007' }
[PMS_IDB_UNAVAILABLE] put 跳过,数据仅保留在内存 { store: 'pmsMaterialPurchaseOrderDeltas', key: 'CGF-2026-0007' }
[PMS_IDB_LOAD_FAILED] { message: '当前浏览器不支持 IndexedDB,PMS 业务数据无法持久化。' }
[PMS_IDB_LOAD_FAILED] { message: '当前浏览器不支持 IndexedDB,PMS 业务数据无法持久化。' }
[PMS_IDB_LOAD_FAILED] { message: '当前浏览器不支持 IndexedDB,PMS 业务数据无法持久化。' }
✔ PMS采购实际仓库实收与原料库存一次保存；分批、刷新、原料使用和退回均不重复履约 (163.3135ms)
✔ 历史手工到货及不支持的单位不能直接变成投入料可用库存 (0.96225ms)
✔ 首次实收前供应商确认与关闭可刷新恢复，保存失败和损坏存储不会覆盖状态 (1.318875ms)
✔ N01采用路线按染色→印花关联原单，多尺码不重复列工序，不修改印染数量 (2.740084ms)
✔ 旧版本、错误SKU、码制单位、取消或变更待处理均不作为有效关联 (0.435625ms)
✔ 同号不同生产单或BOM不得关联，重复来源不静默选择，混合快照阻断 (0.453375ms)
✔ 编辑器按尺码保留规格，截断打头不新建SKU，重复保存沿用节点身份 (2.774833ms)
✔ 无印染要求时 TMF 路线只生成截断节点，不凭空生成染色或印花节点 (0.122375ms)
✔ 前序印染产出SKU作为截断投入；保留独立橡筋工艺，移除打头后下游连接截断 (0.365792ms)
✔ 未明确打头、错误辅料BOM、无半成品和不合法前序不能生成可执行路线 (0.137709ms)
(node:49996) ExperimentalWarning: localStorage is not available because --localstorage-file was not provided.
(Use `node --trace-warnings ...` to show where the warning was created)
✔ N01：400 条 50CM 和 600 条 70CM 分行计算，共 620 米；未增加 SKU (2.384584ms)
✔ 缺少尺码数量、非整数条数、公差或测量条件时不猜测需求 (0.573292ms)
✔ B07：未选择打头、缺少端头方式或辅材不能确认；支持两端不同端头 (0.439833ms)
✔ N04/B08：硅胶按重量且必须有覆盖长度，不作为独立金属头计数 (0.170083ms)
✔ B18：打头只能承接对应截断条料，不能换 SKU、换长度或重新领连续料 (0.487542ms)
✔ N05：规格相同可以合并，但尺码、用途和需求身份不靠物理规格键代替 (0.179042ms)
✔ B14：修改后续版本端头要求不能污染生产单历史快照 (0.740667ms)
✔ 发布门禁：含织带截断工序的技术包必须规格完整且规格仍关联当前 BOM (0.192917ms)
(node:49997) ExperimentalWarning: localStorage is not available because --localstorage-file was not provided.
(Use `node --trace-warnings ...` to show where the warning was created)
✔ 已提交新周期可由真实袋档案进入历史，错误袋和未知周期仍拒绝 (0.927167ms)
(node:49998) ExperimentalWarning: localStorage is not available because --localstorage-file was not provided.
(Use `node --trace-warnings ...` to show where the warning was created)
✔ REPLACEMENT_FABRIC 已绑定有效同生产单任务保留归属，不按部位裁片SKU消除 (16.374083ms)
✔ REPLACEMENT_FABRIC 未绑定票不猜任务，可由用户明确同批加入 (6.92625ms)
✔ REPLACEMENT_FABRIC old-factory 旧绑定不可作为当前任务沿用 (6.055459ms)
✔ REPLACEMENT_FABRIC other-order 旧绑定不可作为当前任务沿用 (5.86875ms)
✔ BINDING_STRIP 已绑定有效同生产单任务保留归属，不按部位裁片SKU消除 (5.86975ms)
✔ BINDING_STRIP 未绑定票不猜任务，可由用户明确同批加入 (7.813ms)
✔ BINDING_STRIP old-factory 旧绑定不可作为当前任务沿用 (5.413958ms)
✔ BINDING_STRIP other-order 旧绑定不可作为当前任务沿用 (5.276416ms)
ℹ tests 551
ℹ suites 0
ℹ pass 551
ℹ fail 0
ℹ cancelled 0
ℹ skipped 0
ℹ todo 0
ℹ duration_ms 12890.577708
vite v6.4.3 building for production...
transforming...
✓ 2732 modules transformed.
Circular chunk: pcs-tech-pack-review -> pcs-tech-pack-bootstrap -> pcs-tech-pack-review. Consider disabling the "output.onlyExplicitManualChunks" option, as enabling it causes the static dependencies of the manual chunk "pcs-tech-pack-bootstrap" to be bundled into the chunk "pcs-tech-pack-review".
rendering chunks...
[plugin vite:reporter] 
(!) /Users/laoer/.codex/worktrees/d29f/higoods/src/data/fcs/cutting/cutting-record-identity.ts is dynamically imported by /Users/laoer/.codex/worktrees/d29f/higoods/src/data/fcs/cutting/cutting-record-repository.ts but also statically imported by /Users/laoer/.codex/worktrees/d29f/higoods/src/data/fcs/cutting/cutting-event-migration.ts, /Users/laoer/.codex/worktrees/d29f/higoods/src/data/fcs/cutting/cutting-file-maintenance.ts, /Users/laoer/.codex/worktrees/d29f/higoods/src/data/fcs/cutting/part-ticket-records.ts, /Users/laoer/.codex/worktrees/d29f/higoods/src/data/fcs/cutting/replacement-fabric-fei-tickets.ts, /Users/laoer/.codex/worktrees/d29f/higoods/src/data/fcs/cutting/replacement-fabric-repository.ts, /Users/laoer/.codex/worktrees/d29f/higoods/src/data/fcs/cutting/retired-cut-piece-pickup-history.ts, /Users/laoer/.codex/worktrees/d29f/higoods/src/data/fcs/production-context-actions.ts, /Users/laoer/.codex/worktrees/d29f/higoods/src/data/fcs/production-context-records.ts, /Users/laoer/.codex/worktrees/d29f/higoods/src/pages/pda-cutting-save.ts, /Users/laoer/.codex/worktrees/d29f/higoods/src/pages/print/replacement-fabric-preview.ts, /Users/laoer/.codex/worktrees/d29f/higoods/src/pages/process-factory/cutting/replacement-fabric-fei-tickets.ts, /Users/laoer/.codex/worktrees/d29f/higoods/src/pages/process-factory/cutting/transfer-bags/state.ts, /Users/laoer/.codex/worktrees/d29f/higoods/src/pages/process-factory/cutting/wait-handover-actions.ts, /Users/laoer/.codex/worktrees/d29f/higoods/src/pages/production-contract-print.ts, /Users/laoer/.codex/worktrees/d29f/higoods/src/pages/unified-dispatch-workbench.ts, dynamic import will not move module into another chunk.

[plugin vite:reporter] 
(!) /Users/laoer/.codex/worktrees/d29f/higoods/src/data/fcs/production-context-records.ts is dynamically imported by /Users/laoer/.codex/worktrees/d29f/higoods/src/data/fcs/cutting/cutting-record-repository.ts, /Users/laoer/.codex/worktrees/d29f/higoods/src/data/pcs-product-reference-check.ts, /Users/laoer/.codex/worktrees/d29f/higoods/src/main.ts but also statically imported by /Users/laoer/.codex/worktrees/d29f/higoods/src/data/fcs/cutting/cutting-event-repository.ts, /Users/laoer/.codex/worktrees/d29f/higoods/src/data/fcs/cutting/part-ticket-records.ts, /Users/laoer/.codex/worktrees/d29f/higoods/src/data/fcs/cutting/replacement-fabric-repository.ts, /Users/laoer/.codex/worktrees/d29f/higoods/src/data/fcs/cutting/replacement-fabric-source.ts, /Users/laoer/.codex/worktrees/d29f/higoods/src/data/fcs/cutting/retired-cut-piece-pickup-history.ts, /Users/laoer/.codex/worktrees/d29f/higoods/src/data/fcs/effective-task-assignments.ts, /Users/laoer/.codex/worktrees/d29f/higoods/src/data/fcs/pda-handover-events.ts, /Users/laoer/.codex/worktrees/d29f/higoods/src/data/fcs/production-context-actions.ts, /Users/laoer/.codex/worktrees/d29f/higoods/src/data/fcs/production-contracts.ts, /Users/laoer/.codex/worktrees/d29f/higoods/src/data/fcs/production-order-runtime-store.ts, /Users/laoer/.codex/worktrees/d29f/higoods/src/data/fcs/production-orders.ts, /Users/laoer/.codex/worktrees/d29f/higoods/src/data/fcs/runtime-process-tasks.ts, /Users/laoer/.codex/worktrees/d29f/higoods/src/data/fcs/sewing-outsourcing-responsibility.ts, /Users/laoer/.codex/worktrees/d29f/higoods/src/data/fcs/sewing-sample-approval-suggestion.ts, /Users/laoer/.codex/worktrees/d29f/higoods/src/pages/dispatch-tenders.ts, /Users/laoer/.codex/worktrees/d29f/higoods/src/pages/process-factory/cutting/replacement-fabric-data-tools.ts, /Users/laoer/.codex/worktrees/d29f/higoods/src/pages/production-context-recovery.ts, dynamic import will not move module into another chunk.

[plugin vite:reporter] 
(!) /Users/laoer/.codex/worktrees/d29f/higoods/src/components/production-object-floating-entry.ts is dynamically imported by /Users/laoer/.codex/worktrees/d29f/higoods/src/main.ts but also statically imported by /Users/laoer/.codex/worktrees/d29f/higoods/src/components/shell.ts, dynamic import will not move module into another chunk.

[plugin vite:reporter] 
(!) /Users/laoer/.codex/worktrees/d29f/higoods/src/data/fcs/printing-task-domain.ts is dynamically imported by /Users/laoer/.codex/worktrees/d29f/higoods/src/data/fcs/dyeing-task-domain.ts, /Users/laoer/.codex/worktrees/d29f/higoods/src/data/fcs/tmf-upstream-process-orders.ts, /Users/laoer/.codex/worktrees/d29f/higoods/src/data/pms/tmf-material-purchases.ts, /Users/laoer/.codex/worktrees/d29f/higoods/src/pages/process-factory/accessory/webbing/work-order-detail.ts, /Users/laoer/.codex/worktrees/d29f/higoods/src/pages/process-factory/accessory/webbing/work-order-detail.ts but also statically imported by /Users/laoer/.codex/worktrees/d29f/higoods/src/data/fcs/cutting/material-prep.ts, /Users/laoer/.codex/worktrees/d29f/higoods/src/data/fcs/cutting/supplement-node-facts.ts, /Users/laoer/.codex/worktrees/d29f/higoods/src/data/fcs/design-revision-material-transfer.ts, /Users/laoer/.codex/worktrees/d29f/higoods/src/data/fcs/design-revision-process-work-order-adapter.ts, /Users/laoer/.codex/worktrees/d29f/higoods/src/data/fcs/factory-receiving-links.ts, /Users/laoer/.codex/worktrees/d29f/higoods/src/data/fcs/factory-receiving-source-sync.ts, /Users/laoer/.codex/worktrees/d29f/higoods/src/data/fcs/mobile-execution-task-index.ts, /Users/laoer/.codex/worktrees/d29f/higoods/src/data/fcs/pda-start-link.ts, /Users/laoer/.codex/worktrees/d29f/higoods/src/data/fcs/printing-factory-demos.ts, /Users/laoer/.codex/worktrees/d29f/higoods/src/data/fcs/printing-material-receipts.ts, /Users/laoer/.codex/worktrees/d29f/higoods/src/data/fcs/printing-statistics.ts, /Users/laoer/.codex/worktrees/d29f/higoods/src/data/fcs/printing-warehouse-view.ts, /Users/laoer/.codex/worktrees/d29f/higoods/src/data/fcs/printing-work-order-business.ts, /Users/laoer/.codex/worktrees/d29f/higoods/src/data/fcs/process-action-writeback-service.ts, /Users/laoer/.codex/worktrees/d29f/higoods/src/data/fcs/process-execution-writeback.ts, /Users/laoer/.codex/worktrees/d29f/higoods/src/data/fcs/process-mobile-task-binding.ts, /Users/laoer/.codex/worktrees/d29f/higoods/src/data/fcs/process-warehouse-linkage-service.ts, /Users/laoer/.codex/worktrees/d29f/higoods/src/data/fcs/process-web-status-actions.ts, /Users/laoer/.codex/worktrees/d29f/higoods/src/data/fcs/process-work-order-domain.ts, /Users/laoer/.codex/worktrees/d29f/higoods/src/data/fcs/process-work-order-generation-service.ts, /Users/laoer/.codex/worktrees/d29f/higoods/src/data/fcs/production-demand-early-process-work-orders.ts, /Users/laoer/.codex/worktrees/d29f/higoods/src/data/fcs/production-object-overview.ts, /Users/laoer/.codex/worktrees/d29f/higoods/src/data/fcs/production-process-work-order-service.ts, /Users/laoer/.codex/worktrees/d29f/higoods/src/data/fcs/production-task-breakdown.ts, /Users/laoer/.codex/worktrees/d29f/higoods/src/data/fcs/task-print-cards.ts, /Users/laoer/.codex/worktrees/d29f/higoods/src/pages/pcs-independent-sampling.ts, /Users/laoer/.codex/worktrees/d29f/higoods/src/pages/pda-exec-detail.ts, /Users/laoer/.codex/worktrees/d29f/higoods/src/pages/pda-exec.ts, /Users/laoer/.codex/worktrees/d29f/higoods/src/pages/pda-task-receive.ts, /Users/laoer/.codex/worktrees/d29f/higoods/src/pages/print/templates/printing-work-order-template.ts, /Users/laoer/.codex/worktrees/d29f/higoods/src/pages/process-factory/cutting/production-order-overview-projection.ts, /Users/laoer/.codex/worktrees/d29f/higoods/src/pages/process-factory/dyeing/pending-receipts.ts, /Users/laoer/.codex/worktrees/d29f/higoods/src/pages/process-factory/printing/dashboards.ts, /Users/laoer/.codex/worktrees/d29f/higoods/src/pages/process-factory/printing/dialogs.ts, /Users/laoer/.codex/worktrees/d29f/higoods/src/pages/process-factory/printing/dispatch.ts, /Users/laoer/.codex/worktrees/d29f/higoods/src/pages/process-factory/printing/events.ts, /Users/laoer/.codex/worktrees/d29f/higoods/src/pages/process-factory/printing/presentation.ts, /Users/laoer/.codex/worktrees/d29f/higoods/src/pages/process-factory/printing/shared.ts, /Users/laoer/.codex/worktrees/d29f/higoods/src/pages/process-factory/printing/statistics.ts, /Users/laoer/.codex/worktrees/d29f/higoods/src/pages/process-factory/printing/work-order-detail.ts, /Users/laoer/.codex/worktrees/d29f/higoods/src/pages/process-print-orders.ts, /Users/laoer/.codex/worktrees/d29f/higoods/src/pages/process-work-orders/early-process-management.ts, /Users/laoer/.codex/worktrees/d29f/higoods/src/pages/production/demand-domain.ts, /Users/laoer/.codex/worktrees/d29f/higoods/src/runtime/fcs/cutting/pickup-management-runtime.ts, dynamic import will not move module into another chunk.

computing gzip size...
dist/index.html                                                          11.80 kB │ gzip:   2.98 kB
dist/assets/pcs-pattern-parse.worker-B3_rAVMB.js                         18.52 kB
dist/assets/pcs-record-baseline-BWpImHil.json                         4,125.30 kB │ gzip: 226.59 kB
dist/assets/order-pages-CoVDc5l1.css                                     78.83 kB │ gzip:  14.68 kB
dist/assets/index-BysvPE4E.css                                          154.79 kB │ gzip:  25.42 kB
dist/assets/domain-snapshot-fzttSeoE.js                                   0.34 kB │ gzip:   0.26 kB
dist/assets/sample-warehouse-projection-C9YywJHQ.js                       0.39 kB │ gzip:   0.25 kB
dist/assets/pcs-engineering-bom-snapshot-source-Dl-AkGDI.js               0.41 kB │ gzip:   0.29 kB
dist/assets/real-qr-placeholder-DugZ2zV0.js                               0.52 kB │ gzip:   0.36 kB
dist/assets/pcs-record-bootstrap-BG_2TI7l.js                              0.56 kB │ gzip:   0.45 kB
dist/assets/dialogs-Bm9IP-yo.js                                           0.59 kB │ gzip:   0.31 kB
dist/assets/design-revision-pcs-command-YsvbIZx7.js                       0.68 kB │ gzip:   0.38 kB
dist/assets/pcs-storage-error-DHrXjNTm.js                                 0.71 kB │ gzip:   0.52 kB
dist/assets/badge-DGIDVatW.js                                             0.78 kB │ gzip:   0.42 kB
dist/assets/images-Q79qfJD0.js                                            0.80 kB │ gzip:   0.35 kB
dist/assets/pms-export-DA1AAVsg.js                                        0.83 kB │ gzip:   0.50 kB
dist/assets/placeholder--gzPBYHS.js                                       0.85 kB │ gzip:   0.47 kB
dist/assets/pda-cutting-save-CQp5fYBr.js                                  0.88 kB │ gzip:   0.59 kB
dist/assets/trace-DsJbJMdj.js                                             0.89 kB │ gzip:   0.51 kB
dist/assets/execution-prep-projection-helpers-DvUyzrqF.js                 0.94 kB │ gzip:   0.45 kB
dist/assets/history-CpyAtzrw.js                                           0.94 kB │ gzip:   0.61 kB
dist/assets/payment-sync-CXuAK4dC.js                                      0.97 kB │ gzip:   0.62 kB
dist/assets/tmf-reference-images-6geKcU1B.js                              0.98 kB │ gzip:   0.50 kB
dist/assets/material-purchase-references-BzUZJ7yw.js                      1.00 kB │ gzip:   0.54 kB
dist/assets/print-service-CyrwQfQw.js                                     1.04 kB │ gzip:   0.52 kB
dist/assets/pda-sewing-self-return-mode-CVT5AEl1.js                       1.07 kB │ gzip:   0.54 kB
dist/assets/process-work-order-generation-service-Cx3W7kjP.js             1.07 kB │ gzip:   0.65 kB
dist/assets/detail.adapter-C1w-eu0Q.js                                    1.08 kB │ gzip:   0.68 kB
dist/assets/routes-los-g02pXnZ5.js                                        1.14 kB │ gzip:   0.54 kB
dist/assets/dyeing-material-receipts-Ef2SA_J3.js                          1.14 kB │ gzip:   0.75 kB
dist/assets/tech-pack-OBp3zJFj.js                                         1.18 kB │ gzip:   0.55 kB
dist/assets/pda-runtime-ld9TAnnB.js                                       1.21 kB │ gzip:   0.66 kB
dist/assets/replacement-fabric-scan-xmj6uSdE.js                           1.28 kB │ gzip:   0.80 kB
dist/assets/overview-DJxOwwHP.js                                          1.29 kB │ gzip:   0.71 kB
dist/assets/process-work-order-source-view-ysut-iAp.js                    1.30 kB │ gzip:   0.58 kB
dist/assets/transfer-bag-handover-mock-BYMBh_NX.js                        1.31 kB │ gzip:   0.71 kB
dist/assets/pcs-tech-pack-review-notification-repository-S6s59Pj6.js      1.34 kB │ gzip:   0.59 kB
dist/assets/work-order-action-policy-B_htTkaE.js                          1.34 kB │ gzip:   0.68 kB
dist/assets/real-qr-DvlSY4TN.js                                           1.39 kB │ gzip:   0.80 kB
dist/assets/filter-bar-B9yDE0aL.js                                        1.49 kB │ gzip:   0.81 kB
dist/assets/factory-types-DbcizYGx.js                                     1.52 kB │ gzip:   0.65 kB
dist/assets/material-identity-BgyrLvDb.js                                 1.54 kB │ gzip:   0.85 kB
dist/assets/supplement-material-prep-demand-registry-DI-N3DvB.js          1.56 kB │ gzip:   0.75 kB
dist/assets/task-handover-domain-Ce8KSB9K.js                              1.57 kB │ gzip:   0.76 kB
dist/assets/pda-cutting-wait-handover-actions-hj8f4kEm.js                 1.58 kB │ gzip:   0.62 kB
dist/assets/warehouse-shared-Dvhu_yQ_.js                                  1.58 kB │ gzip:   0.51 kB
dist/assets/pcs-material-handoff-jREd6vH2.js                              1.65 kB │ gzip:   0.81 kB
dist/assets/task-chain-pages-adapter-DX-4W1g5.js                          1.71 kB │ gzip:   0.84 kB
dist/assets/pcs-tech-pack-version-log-repository-CoxhoC_A.js              1.73 kB │ gzip:   0.79 kB
dist/assets/real-barcode-sWMf9i9X.js                                      1.81 kB │ gzip:   0.96 kB
dist/assets/tmf-upstream-receiving-BYdRJqsm.js                            1.83 kB │ gzip:   1.14 kB
dist/assets/list-export-DrdCYoe1.js                                       1.86 kB │ gzip:   1.09 kB
dist/assets/toast-C9svOHmI.js                                             1.87 kB │ gzip:   0.90 kB
dist/assets/wool-pda-scan-Krgh-BMn.js                                     1.88 kB │ gzip:   1.03 kB
dist/assets/mixed-transfer-bag-ticket-DETTPWFm.js                         1.89 kB │ gzip:   0.79 kB
dist/assets/kol-goto-fixed-total-ledger-GV-xVBIu.js                       1.93 kB │ gzip:   0.93 kB
dist/assets/table-COO5AcDH.js                                             2.04 kB │ gzip:   1.02 kB
dist/assets/pcs-action-dialog-byplqjJ3.js                                 2.09 kB │ gzip:   1.07 kB
dist/assets/binding-process-pda-scan-FtwNGMon.js                          2.18 kB │ gzip:   1.13 kB
dist/assets/cutting-file-maintenance-DQS4gF77.js                          2.22 kB │ gzip:   1.18 kB
dist/assets/special-craft-pda-scope-BI0UHm0l.js                           2.24 kB │ gzip:   1.02 kB
dist/assets/mixed-bag-contents-WtydUKCS.js                                2.31 kB │ gzip:   1.28 kB
dist/assets/production-order-tech-pack-runtime-nbXCsJMm.js                2.35 kB │ gzip:   0.91 kB
dist/assets/helpers-BFKa6pUf.js                                           2.42 kB │ gzip:   1.21 kB
dist/assets/production-context-recovery-2HsUojiK.js                       2.44 kB │ gzip:   1.26 kB
dist/assets/tmf-work-order-view-QY5hCbcz.js                               2.56 kB │ gzip:   1.18 kB
dist/assets/factory-capacity-profile-mock-Dv5YtZGT.js                     2.64 kB │ gzip:   1.15 kB
dist/assets/pms-excel-import-DnMCWv6B.js                                  2.66 kB │ gzip:   1.32 kB
dist/assets/shared-CgJdKoRW.js                                            2.70 kB │ gzip:   1.02 kB
dist/assets/process-order-list-presentation-BNFRx0Eg.js                   2.71 kB │ gzip:   1.27 kB
dist/assets/post-finishing-spu-technical-parameters-DKHgcoRe.js           2.79 kB │ gzip:   1.28 kB
dist/assets/marker-plan-projection-DBFoz-tP.js                            2.82 kB │ gzip:   1.22 kB
dist/assets/dialogs-wwczwuOh.js                                           2.94 kB │ gzip:   1.22 kB
dist/assets/process-order-task-relations-DfTM4Z4_.js                      2.97 kB │ gzip:   1.29 kB
dist/assets/product-skus-CEt6Fukj.js                                      3.03 kB │ gzip:   0.96 kB
dist/assets/production-order-identity-BYkT0euL.js                         3.04 kB │ gzip:   1.26 kB
dist/assets/tabs-Bif92WFi.js                                              3.09 kB │ gzip:   0.93 kB
dist/assets/pda-cutting-runtime-action-inputs-COPgmlm5.js                 3.13 kB │ gzip:   1.08 kB
dist/assets/trade-subjects-B1U82DIE.js                                    3.16 kB │ gzip:   1.12 kB
dist/assets/work-order-detail-BeRF9dWH.js                                 3.30 kB │ gzip:   1.41 kB
dist/assets/cutting-mainline-BBcLBvTs.js                                  3.41 kB │ gzip:   1.53 kB
dist/assets/authorization-code-BoA9EL-X.js                                3.49 kB │ gzip:   1.68 kB
dist/assets/printing-sheet-preview-B5eXb-v2.js                            3.52 kB │ gzip:   1.69 kB
dist/assets/confirmation-print-BJ3RS1Zk.js                                3.56 kB │ gzip:   1.53 kB
dist/assets/cutting-receipts-J3BPo-ea.js                                  3.58 kB │ gzip:   1.67 kB
dist/assets/binding-process-warehouse-linkage-service-DKotlylP.js         3.62 kB │ gzip:   1.38 kB
dist/assets/fcs-route-links-DzN6964L.js                                   3.67 kB │ gzip:   1.20 kB
dist/assets/shared-CxIeuR_v.js                                            3.72 kB │ gzip:   1.69 kB
dist/assets/quality-chain-adapter-CV0UuE_q.js                             3.73 kB │ gzip:   1.66 kB
dist/assets/task-route-card-BE3dSnQX.js                                   3.83 kB │ gzip:   1.67 kB
dist/assets/shared-BTSrlplz.js                                            3.87 kB │ gzip:   1.62 kB
dist/assets/task-delivery-card-B0uBn5u2.js                                3.89 kB │ gzip:   1.75 kB
dist/assets/production-contract-print-CyGZbaHT.js                         3.92 kB │ gzip:   2.02 kB
dist/assets/pcs-product-reference-check-BmreX0DA.js                       3.97 kB │ gzip:   1.65 kB
dist/assets/sewing-outsourcing-demo-BJUJqVVu.js                           4.05 kB │ gzip:   1.63 kB
dist/assets/tipping-form-BAeKj4iJ.js                                      4.07 kB │ gzip:   2.02 kB
dist/assets/pda-cutting-simple-cut-piece-handover-Fy4JWf6u.js             4.07 kB │ gzip:   1.86 kB
dist/assets/transfer-bag-repack-mock-CVAKkGxR.js                          4.09 kB │ gzip:   1.90 kB
dist/assets/transit-simple-lists-HyvqEUhn.js                              4.17 kB │ gzip:   1.47 kB
dist/assets/supplement-order-registry-CHnc7juB.js                         4.49 kB │ gzip:   1.76 kB
dist/assets/tmf-process-print-preview-DFryku5m.js                         4.59 kB │ gzip:   2.16 kB
dist/assets/progress-board-8dEoTle0.js                                    4.71 kB │ gzip:   2.10 kB
dist/assets/form-CtZ3mGQH.js                                              4.74 kB │ gzip:   1.40 kB
dist/assets/layout.helpers-A2f_JzVb.js                                    4.76 kB │ gzip:   1.73 kB
dist/assets/runtime-task-tenders-YGz6fHpq.js                              4.76 kB │ gzip:   1.94 kB
dist/assets/preparation-material-receipt-sources-uSvEj5hP.js              4.76 kB │ gzip:   1.99 kB
dist/assets/sewing-outsourcing-responsibility-CAhRSvkJ.js                 4.80 kB │ gzip:   2.09 kB
dist/assets/relations-C8Izfjoj.js                                         4.80 kB │ gzip:   2.19 kB
dist/assets/transit-dashboard-DnzAWElN.js                                 4.85 kB │ gzip:   2.04 kB
dist/assets/result-list-BPRjliqa.js                                       4.94 kB │ gzip:   2.06 kB
dist/assets/store-domain-dispatch-process-DS53sAqo.js                     5.00 kB │ gzip:   1.94 kB
dist/assets/cutting-event-migration-D0arQbBB.js                           5.07 kB │ gzip:   2.05 kB
dist/assets/tmf-upstream-process-orders-jUkKzFj9.js                       5.08 kB │ gzip:   2.38 kB
dist/assets/process-order-list-controller-CVqGaKuw.js                     5.09 kB │ gzip:   1.90 kB
dist/assets/material-requirements-CoWk9wNn.js                             5.27 kB │ gzip:   2.24 kB
dist/assets/process-work-order-quality-settlement-DUeoOYjL.js             5.33 kB │ gzip:   2.20 kB
dist/assets/dashboards-BbhwBjXW.js                                        5.61 kB │ gzip:   2.68 kB
dist/assets/tmf-process-continuation-B3hoPFRr.js                          5.66 kB │ gzip:   1.62 kB
dist/assets/retired-cut-piece-pickup-history-DyWbq5so.js                  5.68 kB │ gzip:   2.29 kB
dist/assets/wls-page-handlers-peRh23O5.js                                 5.69 kB │ gzip:   2.03 kB
dist/assets/replacement-fabric-label-template-Dl24AL1K.js                 5.71 kB │ gzip:   2.54 kB
dist/assets/dispatch-task-sheet-C_LtzMvK.js                               5.72 kB │ gzip:   2.71 kB
dist/assets/replacement-fabric-preview-Dl3O1wot.js                        5.78 kB │ gzip:   2.79 kB
dist/assets/pcs-product-information-BSdRJUnN.js                           5.79 kB │ gzip:   2.65 kB
dist/assets/process-order-three-axis-view-BKrU7hL4.js                     5.85 kB │ gzip:   2.36 kB
dist/assets/pda-cutting-nav-context-BKhzXjh4.js                           5.95 kB │ gzip:   1.41 kB
dist/assets/los-live-room-master-BvaVp3oF.js                              5.97 kB │ gzip:   2.66 kB
dist/assets/transfer-bags-projection-zR5zV2l0.js                          5.99 kB │ gzip:   2.36 kB
dist/assets/pda-wool-warehouse-flows-Brlq7MHr.js                          6.01 kB │ gzip:   2.99 kB
dist/assets/fcs-pda-pickup-dispute-xyXkoEMl.js                            6.18 kB │ gzip:   2.19 kB
dist/assets/warehouse-standard-D42qQprx.js                                6.30 kB │ gzip:   2.10 kB
dist/assets/fact-view-Cg1j6olE.js                                         6.35 kB │ gzip:   2.11 kB
dist/assets/transfer-bag-goods-label-D9n7uEGX.js                          6.46 kB │ gzip:   2.65 kB
dist/assets/production-contract-center-KO8ZkJgS.js                        6.53 kB │ gzip:   2.80 kB
dist/assets/routes-pda-BAt5C2u_.js                                        6.54 kB │ gzip:   2.49 kB
dist/assets/printing-work-order-template-BvrWim1E.js                      6.55 kB │ gzip:   3.10 kB
dist/assets/sewing-outsourcing-supplement-tracking-BozyEyoH.js            6.63 kB │ gzip:   2.89 kB
dist/assets/workbench-DIPysm1u.js                                         6.63 kB │ gzip:   2.68 kB
dist/assets/cutting-task-routing-CUoWkoEK.js                              6.65 kB │ gzip:   2.38 kB
dist/assets/factory-receiving-links-CUswvy_Y.js                           6.74 kB │ gzip:   2.72 kB
dist/assets/routes-pcs-BEbDnc6n.js                                        6.81 kB │ gzip:   1.82 kB
dist/assets/production-contract-master-template-C7kgu-10.js               6.85 kB │ gzip:   2.74 kB
dist/assets/shared-Qr6ocfKH.js                                            6.86 kB │ gzip:   2.53 kB
dist/assets/material-handover-DQBOqwl5.js                                 6.96 kB │ gzip:   2.74 kB
dist/assets/data-management-C_clpjge.js                                   7.00 kB │ gzip:   2.56 kB
dist/assets/stock-seed-Cj8lLuwm.js                                        7.11 kB │ gzip:   2.44 kB
dist/assets/dye-work-order-times-w7U4XCtx.js                              7.22 kB │ gzip:   2.55 kB
dist/assets/overview.helpers-BP2F5Yu8.js                                  7.36 kB │ gzip:   2.88 kB
dist/assets/pcs-channel-legacy-conversion-Dg3I_fD9.js                     7.40 kB │ gzip:   3.19 kB
dist/assets/craft-actions-m5IXbGDN.js                                     7.41 kB │ gzip:   3.34 kB
dist/assets/pcs-testing-order-create-BjqvCi2n.js                          7.41 kB │ gzip:   2.90 kB
dist/assets/shared-Bi0Vz8Jx.js                                            7.43 kB │ gzip:   2.60 kB
dist/assets/settlement-flow-boundaries-DbkSNas3.js                        7.43 kB │ gzip:   2.53 kB
dist/assets/production-craft-dict-BlD6sYnp.js                             7.51 kB │ gzip:   2.82 kB
dist/assets/transit-warehouse-CGN4xIMS.js                                 7.54 kB │ gzip:   2.13 kB
dist/assets/pcs-sample-label-BfmsoIdm.js                                  7.59 kB │ gzip:   3.45 kB
dist/assets/pda-transfer-bag-detail-y78tUo5T.js                           7.75 kB │ gzip:   2.91 kB
dist/assets/supplement-node-facts-9mKHLAGD.js                             7.76 kB │ gzip:   2.84 kB
dist/assets/statistics-B_do5_Iw.js                                        7.90 kB │ gzip:   2.58 kB
dist/assets/sewing-outsourcing-return-tracking-BAbRVTXS.js                7.91 kB │ gzip:   2.96 kB
dist/assets/tmf-process-sheet-template-aYyc6C2Z.js                        8.00 kB │ gzip:   3.80 kB
dist/assets/production-contracts-Cff2Xifn.js                              8.07 kB │ gzip:   2.75 kB
dist/assets/progress-exception-lifecycle-BJx0gSBY.js                      8.09 kB │ gzip:   2.70 kB
dist/assets/supplier-supply-archives-Bid-xGw5.js                          8.13 kB │ gzip:   2.60 kB
dist/assets/pda-notify-PE1_1sZK.js                                        8.13 kB │ gzip:   3.05 kB
dist/assets/milestone-configs-DRTIFl7e.js                                 8.41 kB │ gzip:   2.94 kB
dist/assets/pcs-testing-order-list-xc6LhGru.js                            8.42 kB │ gzip:   3.27 kB
dist/assets/material-process-plans-BaoOXGfi.js                            8.66 kB │ gzip:   3.49 kB
dist/assets/fei-ticket-numbering-D6U_YdMT.js                              8.82 kB │ gzip:   3.09 kB
dist/assets/pre-settlement-ledger-repository-8P7g5hQp.js                  8.84 kB │ gzip:   3.02 kB
dist/assets/pcs-pattern-library-config-h_r95sIP.js                        8.84 kB │ gzip:   2.42 kB
dist/assets/pda-cutting-shared-GR68wwTg.js                                8.87 kB │ gzip:   2.73 kB
dist/assets/navigation-context-B5ExZzMN.js                                8.87 kB │ gzip:   2.46 kB
dist/assets/warehouses-CSFYi5tN.js                                        8.89 kB │ gzip:   2.11 kB
dist/assets/pda-cutting-execution-unit-rbp5FjoK.js                        8.89 kB │ gzip:   3.39 kB
dist/assets/bom-templates-Dva0eOyj.js                                     8.90 kB │ gzip:   3.70 kB
dist/assets/pda-notify-detail-lBcYpTX2.js                                 9.02 kB │ gzip:   3.00 kB
dist/assets/pda-cutting-fei-ticket-numbering-CkEhJPuu.js                  9.05 kB │ gzip:   3.14 kB
dist/assets/cutting-event-repository-DF1owkIv.js                          9.15 kB │ gzip:   4.04 kB
dist/assets/machine-associations-CF5NlJ3O.js                              9.16 kB │ gzip:   3.11 kB
dist/assets/pda-warehouse-QTyMYS84.js                                     9.16 kB │ gzip:   3.66 kB
dist/assets/workbench-Cm6q-gCj.js                                         9.21 kB │ gzip:   3.81 kB
dist/assets/production-context-actions-B9413FLz.js                        9.29 kB │ gzip:   3.48 kB
dist/assets/pda-execution-BQhJhkNf.js                                     9.30 kB │ gzip:   3.69 kB
dist/assets/handover-records-BOsEX6gk.js                                  9.35 kB │ gzip:   3.55 kB
dist/assets/mobile-Q5E0kIyC.js                                            9.53 kB │ gzip:   3.08 kB
dist/assets/pda-cutting-transfer-bag-recovery-BIayBbLy.js                 9.56 kB │ gzip:   3.93 kB
dist/assets/routes-pms-CNUr7Xke.js                                        9.65 kB │ gzip:   2.48 kB
dist/assets/sewing-pickup-slips-3RBUthhO.js                               9.65 kB │ gzip:   3.63 kB
dist/assets/dye-work-order-online-domain-16YZJ5xc.js                      9.78 kB │ gzip:   3.65 kB
dist/assets/production-receipts-BpLmOGdU.js                               9.81 kB │ gzip:   3.95 kB
dist/assets/pending-receipts-Ddx7Wo32.js                                  9.91 kB │ gzip:   4.09 kB
dist/assets/statistics-DfuH0YWg.js                                        9.93 kB │ gzip:   4.32 kB
dist/assets/pda-cutting-transfer-bag-scrap-CcfxjKUQ.js                    9.95 kB │ gzip:   4.07 kB
dist/assets/continuous-stock-C9RH7Vbb.js                                 10.09 kB │ gzip:   4.11 kB
dist/assets/trade-subjects-B7081Qz4.js                                   10.26 kB │ gzip:   3.74 kB
dist/assets/production-return-fulfillment-CR3a0aw8.js                    10.50 kB │ gzip:   4.00 kB
dist/assets/bom-templates-ChqjVeph.js                                    10.52 kB │ gzip:   2.48 kB
dist/assets/yarn-shipments-B5yv_TaF.js                                   10.57 kB │ gzip:   4.77 kB
dist/assets/list-BGKOFvAW.js                                             10.59 kB │ gzip:   3.69 kB
dist/assets/settings-Y1zz4aX6.js                                         10.73 kB │ gzip:   3.24 kB
dist/assets/product-skus-D45rJnjB.js                                     10.74 kB │ gzip:   4.14 kB
dist/assets/transit-receipts-aQRAqD5a.js                                 10.99 kB │ gzip:   4.02 kB
dist/assets/presentation-KZJj5IfQ.js                                     11.25 kB │ gzip:   4.64 kB
dist/assets/design-revision-pcs-storage-D2ozVRMd.js                      11.28 kB │ gzip:   4.27 kB
dist/assets/pda-exec-link-55h0jNkP.js                                    11.31 kB │ gzip:   3.68 kB
dist/assets/pda-login-hOSNf4gS.js                                        11.31 kB │ gzip:   4.39 kB
dist/assets/material-prep-BLn4fINe.js                                    11.39 kB │ gzip:   2.68 kB
dist/assets/dyeing-warehouse-view-DNIUL0ZV.js                            11.49 kB │ gzip:   3.95 kB
dist/assets/pcs-engineering-preparation-projection-CappQEaN.js           11.49 kB │ gzip:   4.26 kB
dist/assets/warehouses-Mm37WCxE.js                                       11.74 kB │ gzip:   4.23 kB
dist/assets/purchase-suggestions-CVpQLmRu.js                             11.87 kB │ gzip:   3.70 kB
dist/assets/material-transfers-BfQwc_0M.js                               11.89 kB │ gzip:   4.17 kB
dist/assets/task-breakdown-Bmqgweqv.js                                   12.03 kB │ gzip:   4.48 kB
dist/assets/pickup-management-runtime-BDXeo9hl.js                        12.25 kB │ gzip:   4.73 kB
dist/assets/task-execution-adapter-codq5jyA.js                           12.26 kB │ gzip:   3.69 kB
dist/assets/process-statistics-domain-Bb5Nf1BJ.js                        12.33 kB │ gzip:   4.04 kB
dist/assets/pms-handlers-CGbiwJfg.js                                     12.40 kB │ gzip:   2.85 kB
dist/assets/tasks-B7LdfrIk.js                                            12.80 kB │ gzip:   4.96 kB
dist/assets/context-BxgDbLt_.js                                          13.02 kB │ gzip:   4.60 kB
dist/assets/meta-Dzn8oaUy.js                                             13.16 kB │ gzip:   2.95 kB
dist/assets/handover-records-Dnn56RK2.js                                 13.18 kB │ gzip:   4.15 kB
dist/assets/handover-print-9Ww-6Th-.js                                   13.40 kB │ gzip:   4.90 kB
dist/assets/pda-start-link-DSAHPrTe.js                                   13.62 kB │ gzip:   4.82 kB
dist/assets/inventory-monitor-rqURVK4E.js                                13.66 kB │ gzip:   4.78 kB
dist/assets/bom-detail-eAr-Ek6h.js                                       13.69 kB │ gzip:   4.97 kB
dist/assets/returns-JEElPw28.js                                          13.71 kB │ gzip:   5.08 kB
dist/assets/wls-finished-inbound-DF5BNaIx.js                             13.82 kB │ gzip:   5.28 kB
dist/assets/tmf-base-demo-rvxOi60g.js                                    13.83 kB │ gzip:   5.00 kB
dist/assets/wls-inbound-BQ01V_iO.js                                      13.87 kB │ gzip:   5.41 kB
dist/assets/work-orders-B9Pk2xcT.js                                      13.99 kB │ gzip:   5.18 kB
dist/assets/cut-piece-return-warehouse-BHgyO5qc.js                       14.02 kB │ gzip:   5.02 kB
dist/assets/pcs-technical-data-tech-pack-list-BuaygNBc.js                14.20 kB │ gzip:   4.89 kB
dist/assets/supplements-CP76LEOI.js                                      14.21 kB │ gzip:   5.19 kB
dist/assets/idb-storage-DYscBY_v.js                                      14.27 kB │ gzip:   5.28 kB
dist/assets/mobile-execution-task-index-DuEDmdVq.js                      14.42 kB │ gzip:   3.87 kB
dist/assets/work-orders-DW8RDgcB.js                                      14.45 kB │ gzip:   4.92 kB
dist/assets/post-finishing-qc-print-template-DfmZBjf7.js                 14.50 kB │ gzip:   4.47 kB
dist/assets/printing-sheet-template-TS1_dJ04.js                          14.58 kB │ gzip:   5.06 kB
dist/assets/work-orders-CykWyXnj.js                                      14.75 kB │ gzip:   4.78 kB
dist/assets/work-order-detail-CgWUyP6H.js                                14.75 kB │ gzip:   4.73 kB
dist/assets/responsibility-transfers-tc-kc9-W.js                         14.92 kB │ gzip:   5.67 kB
dist/assets/workbench-BgL2yRni.js                                        15.58 kB │ gzip:   4.73 kB
dist/assets/pcs-handlers-DGCWgDi_.js                                     15.81 kB │ gzip:   3.97 kB
dist/assets/outbound-orders-CbgtR0xG.js                                  15.95 kB │ gzip:   5.18 kB
dist/assets/cut-order-supplement-fixture-B9ROJ919.js                     15.96 kB │ gzip:   4.83 kB
dist/assets/process-web-status-actions-DEOYwR9O.js                       16.00 kB │ gzip:   4.26 kB
dist/assets/handover-ledger-view-Ci0AOgfI.js                             16.19 kB │ gzip:   4.46 kB
dist/assets/reports-G57bG0v6.js                                          16.31 kB │ gzip:   4.20 kB
dist/assets/machines-CFkzzbAH.js                                         16.38 kB │ gzip:   5.46 kB
dist/assets/garment-spu-replacement-ChCmRB9k.js                          16.40 kB │ gzip:   5.04 kB
dist/assets/full-flow-print-sh3g93jv.js                                  16.42 kB │ gzip:   5.48 kB
dist/assets/cutting-runtime-event-ledger-BjG9-xKS.js                     16.45 kB │ gzip:   5.64 kB
dist/assets/payment-requests-Bd9H_ykm.js                                 16.65 kB │ gzip:   5.46 kB
dist/assets/progress-handover-order-DWyixt5R.js                          16.68 kB │ gzip:   4.96 kB
dist/assets/wls-garment-relabel-tasks-BXJzMRzh.js                        16.82 kB │ gzip:   5.56 kB
dist/assets/cut-order-release-integration-BlopEKWL.js                    16.90 kB │ gzip:   6.07 kB
dist/assets/part-ticket-records-BCdme1Nf.js                              17.02 kB │ gzip:   6.36 kB
dist/assets/dispatch-acceptance-sla-LYxEWnoM.js                          17.15 kB │ gzip:   5.13 kB
dist/assets/pda-cutting-task-detail-DE1C6MIZ.js                          17.15 kB │ gzip:   6.06 kB
dist/assets/sewing-cut-piece-return-workflow-BQHXsqsv.js                 17.21 kB │ gzip:   6.09 kB
dist/assets/replacement-fabric-repository-Dlrm8zw-.js                    17.26 kB │ gzip:   6.62 kB
dist/assets/product-purchase-orders-DIMg_xft.js                          17.42 kB │ gzip:   5.22 kB
dist/assets/production-confirmation-osP_rC8k.js                          17.43 kB │ gzip:   5.94 kB
dist/assets/material-requirements-cfNyQj8-.js                            17.46 kB │ gzip:   5.95 kB
dist/assets/marker-spreading-projection-NfDFvCbm.js                      17.49 kB │ gzip:   5.53 kB
dist/assets/pda-sewing-self-return-D5ffkNPM.js                           17.50 kB │ gzip:   5.92 kB
dist/assets/output-stock-DIz2_0LY.js                                     17.52 kB │ gzip:   6.59 kB
dist/assets/simple-cut-piece-handover-fixtures-T04qwk_a.js               17.53 kB │ gzip:   5.96 kB
dist/assets/progress-cutting-detail-B3E_N2eR.js                          17.58 kB │ gzip:   4.44 kB
dist/assets/sewing-cut-piece-responsibility-DV353gXW.js                  17.63 kB │ gzip:   5.30 kB
dist/assets/supplier-confirmations-DmI_W7XT.js                           17.85 kB │ gzip:   5.29 kB
dist/assets/bom-detail-3xf2Xr_t.js                                       17.90 kB │ gzip:   5.78 kB
dist/assets/purchase-demands-C5_sB3xv.js                                 18.07 kB │ gzip:   5.82 kB
dist/assets/suppliers-DOxcttzm.js                                        18.16 kB │ gzip:   5.27 kB
dist/assets/pda-notify-due-soon-q7swcRJe.js                              18.19 kB │ gzip:   6.21 kB
dist/assets/store-domain-pda-MRljSVTU.js                                 18.21 kB │ gzip:   6.41 kB
dist/assets/process-mobile-task-binding-BOJaWmVG.js                      18.47 kB │ gzip:   6.46 kB
dist/assets/platform-process-result-view-Q_tRA_lA.js                     18.56 kB │ gzip:   5.34 kB
dist/assets/store-domain-statement-source-adapter-DJcP0Pk4.js            18.71 kB │ gzip:   5.37 kB
dist/assets/sewing-outsourcing-workbench-sA7AJ0iN.js                     18.76 kB │ gzip:   6.52 kB
dist/assets/supplier-supply-archives-CUNrgVc_.js                         18.90 kB │ gzip:   5.80 kB
dist/assets/warehouse-D7hmM8md.js                                        18.93 kB │ gzip:   6.06 kB
dist/assets/materials-DQo18LQz.js                                        18.93 kB │ gzip:   4.79 kB
dist/assets/pda-warehouse-shared-BBXjUeBE.js                             18.95 kB │ gzip:   5.70 kB
dist/assets/events-jvOn5vzQ.js                                           19.04 kB │ gzip:   7.42 kB
dist/assets/production-demand-early-process-work-orders-24BcE3BJ.js      19.13 kB │ gzip:   5.74 kB
dist/assets/platform.adapter-B01avztE.js                                 19.25 kB │ gzip:   6.09 kB
dist/assets/kol-goto-pda-domain-Dk70CCUX.js                              19.33 kB │ gzip:   6.58 kB
dist/assets/shared--cPxAzI8.js                                           19.43 kB │ gzip:   5.25 kB
dist/assets/units-DwC1TcAC.js                                            19.73 kB │ gzip:   5.90 kB
dist/assets/adjustments-DO54G_bA.js                                      19.76 kB │ gzip:   6.13 kB
dist/assets/post-finishing-current-read-model-8EpsK3Yl.js                19.77 kB │ gzip:   5.53 kB
dist/assets/stage-display-CjE3cfXJ.js                                    19.84 kB │ gzip:   7.01 kB
dist/assets/pda-warehouse-inbound-records-CLUm--Oc.js                    19.84 kB │ gzip:   5.77 kB
dist/assets/factory-sample-verification-flow-iQO82o4K.js                 19.86 kB │ gzip:   4.87 kB
dist/assets/index-1awOswAZ.js                                            20.21 kB │ gzip:   5.22 kB
dist/assets/audit-records-BvFgm1Dj.js                                    20.26 kB │ gzip:   6.61 kB
dist/assets/process-water-soluble-orders-DWGM6_YM.js                     20.31 kB │ gzip:   6.36 kB
dist/assets/pda-warehouse-outbound-records-sWR7eYdo.js                   20.35 kB │ gzip:   6.00 kB
dist/assets/material-process-plans-DtawOTZr.js                           20.43 kB │ gzip:   7.54 kB
dist/assets/task-orders-BQY6X76n.js                                      20.53 kB │ gzip:   7.07 kB
dist/assets/overview.adapter-CXkdfOIa.js                                 20.65 kB │ gzip:   6.53 kB
dist/assets/pcs-engineering-tech-pack-workspace-1QJ5H_jm.js              21.00 kB │ gzip:   7.29 kB
dist/assets/shared-seed-CGi2rQR7.js                                      21.01 kB │ gzip:   6.23 kB
dist/assets/material-purchase-tracking-hBaCASqV.js                       21.02 kB │ gzip:   6.66 kB
dist/assets/events-DFzyCDkR.js                                           21.17 kB │ gzip:   6.55 kB
dist/assets/order-list-columns-DEK3ZEa7.js                               21.20 kB │ gzip:   6.64 kB
dist/assets/pcs-testing-order-detail-DAqzinBp.js                         21.20 kB │ gzip:   6.17 kB
dist/assets/los-live-rooms-DHe1g-Gj.js                                   21.23 kB │ gzip:   7.67 kB
dist/assets/pcs-engineering-master-view-model-DsgF-3Ur.js                21.39 kB │ gzip:   7.29 kB
dist/assets/suppliers-vfhjWSnT.js                                        21.68 kB │ gzip:   6.93 kB
dist/assets/tmf-domain-shared-CsnEeaO8.js                                21.88 kB │ gzip:   8.26 kB
dist/assets/source-document-detail-O5DGAkLT.js                           21.91 kB │ gzip:   8.68 kB
dist/assets/fei-ticket-numbering-Bi42WVPK.js                             22.19 kB │ gzip:   6.39 kB
dist/assets/deduction-analysis-BswEvhYw.js                               22.22 kB │ gzip:   6.49 kB
dist/assets/routes-wls-C7kUXtiz.js                                       22.31 kB │ gzip:   7.24 kB
dist/assets/warehouse-location-map-model-DshhyHbM.js                     22.51 kB │ gzip:   7.14 kB
dist/assets/subject-operations-B38FCu3p.js                               22.61 kB │ gzip:   7.02 kB
dist/assets/tasks-CtNx16d3.js                                            22.71 kB │ gzip:   7.25 kB
dist/assets/work-order-detail-BaD6ajB4.js                                22.74 kB │ gzip:   7.31 kB
dist/assets/cut-piece-handover-8PDPU7_n.js                               22.85 kB │ gzip:   7.39 kB
dist/assets/progress-statistics-linkage-BnbXAhYy.js                      22.86 kB │ gzip:   6.54 kB
dist/assets/qc-workbench-C8fdURyX.js                                     22.94 kB │ gzip:   7.14 kB
dist/assets/recheck-orders-DZehaDy5.js                                   23.09 kB │ gzip:   7.31 kB
dist/assets/cut-piece-returns-DApFhyCh.js                                23.13 kB │ gzip:   7.15 kB
dist/assets/purchase-suggestions-D3CA2JUe.js                             23.40 kB │ gzip:   7.34 kB
dist/assets/progress-cutting-overview-BprruLoC.js                        23.61 kB │ gzip:   5.65 kB
dist/assets/material-issue-Cs6UHoJD.js                                   23.62 kB │ gzip:   5.86 kB
dist/assets/print-preview-DRs_BAfO.js                                    23.71 kB │ gzip:   8.06 kB
dist/assets/production-order-duration-DCEmFrtl.js                        24.09 kB │ gzip:   9.21 kB
dist/assets/dye-work-order-online-view-CWbMizGo.js                       24.15 kB │ gzip:   8.21 kB
dist/assets/quality-deduction-selectors-Bd8jpnOP.js                      24.26 kB │ gzip:   6.28 kB
dist/assets/material-statements-CDxkG8UJ.js                              24.27 kB │ gzip:   6.67 kB
dist/assets/process-order-task-links-DJkCo8-q.js                         24.60 kB │ gzip:   6.82 kB
dist/assets/retired-process-history-BXLaA960.js                          24.75 kB │ gzip:   6.41 kB
dist/assets/dialogs-D9LbEww3.js                                          24.86 kB │ gzip:   6.14 kB
dist/assets/wls-fabric-demand-board-DX19qAJT.js                          25.12 kB │ gzip:   6.88 kB
dist/assets/material-preparation-BfZGeSic.js                             25.21 kB │ gzip:   8.79 kB
dist/assets/fcs-production-tech-pack-snapshot-DM8tKUwZ.js                25.26 kB │ gzip:   6.43 kB
dist/assets/kol-demands-ECmCCUIR.js                                      25.43 kB │ gzip:   7.39 kB
dist/assets/process-print-orders-Cii6QPc-.js                             25.44 kB │ gzip:   8.44 kB
dist/assets/reconciliations-CcwjTgQY.js                                  25.46 kB │ gzip:   6.80 kB
dist/assets/machine-associations-Bkvb4kRX.js                             25.49 kB │ gzip:   7.70 kB
dist/assets/process-dye-orders-BZhzvS74.js                               25.61 kB │ gzip:   8.53 kB
dist/assets/pda-handlers-BWC4BDlh.js                                     25.64 kB │ gzip:   6.25 kB
dist/assets/qc-orders-Cf7H_h-4.js                                        25.76 kB │ gzip:   8.22 kB
dist/assets/marker-spreading-utils-Bq3MmnAg.js                           26.71 kB │ gzip:   7.82 kB
dist/assets/simple-cut-piece-handover-ui-BiaHFijz.js                     26.92 kB │ gzip:  10.05 kB
dist/assets/warehouse-location-map-CQKqMY54.js                           27.06 kB │ gzip:   7.08 kB
dist/assets/pcs-config-workspace-repository-C1WPaXj-.js                  27.14 kB │ gzip:  10.28 kB
dist/assets/pda-warehouse-wait-handover-ahK_PVhv.js                      27.31 kB │ gzip:   7.08 kB
dist/assets/progress-milestone-config-Bz6cxYDn.js                        27.46 kB │ gzip:   6.10 kB
dist/assets/pcs-pattern-library-detail-CcFpqGJx.js                       27.67 kB │ gzip:   6.60 kB
dist/assets/third-party-factory-rating-CQEKWBDQ.js                       28.00 kB │ gzip:   8.00 kB
dist/assets/pda-wool-fact-execution-D0exBEFK.js                          28.02 kB │ gzip:   9.35 kB
dist/assets/sample-approval-suggestions-2UUxrPeT.js                      28.14 kB │ gzip:   8.81 kB
dist/assets/sample-warehouse-CbcW_sf3.js                                 28.31 kB │ gzip:   7.30 kB
dist/assets/print-styles-BjQBw8jj.js                                     28.31 kB │ gzip:   4.01 kB
dist/assets/factory-status-DLHd4RLK.js                                   28.43 kB │ gzip:   6.02 kB
dist/assets/pcs-engineering-master-list-sW837z5K.js                      28.85 kB │ gzip:  10.07 kB
dist/assets/marker-plan-source-model-DYTPrR1t.js                         28.93 kB │ gzip:   8.49 kB
dist/assets/commands-CVWxZB_D.js                                         29.05 kB │ gzip:   8.24 kB
dist/assets/pcs-engineering-master-detail-DIjB8tWq.js                    29.21 kB │ gzip:   8.61 kB
dist/assets/warehouse-Dwe6Qk74.js                                        29.61 kB │ gzip:  10.01 kB
dist/assets/logistics-reconciliations-BHtVZsU-.js                        30.08 kB │ gzip:   9.29 kB
dist/assets/pcs-technical-data-C1pHGX1v.js                               30.41 kB │ gzip:   8.31 kB
dist/assets/production-order-progress-tracking-BSYrlMkp.js               30.43 kB │ gzip:  10.22 kB
dist/assets/material-reconciliations-BGEfeQT3.js                         30.48 kB │ gzip:   9.29 kB
dist/assets/progress-cutting-exception-center-BhXnnEje.js                30.68 kB │ gzip:   7.12 kB
dist/assets/replacement-fabric-fei-tickets-kNucVrGa.js                   31.15 kB │ gzip:  10.67 kB
dist/assets/capability-CojhN8QD.js                                       31.65 kB │ gzip:   6.70 kB
dist/assets/material-archives-DHwI0Wvj.js                                31.86 kB │ gzip:   7.87 kB
dist/assets/handover-orders-D_gxq4j-.js                                  32.23 kB │ gzip:   9.13 kB
dist/assets/factory-performance-BGBLCMyT.js                              32.31 kB │ gzip:   6.74 kB
dist/assets/dialogs-DgbD0Wt_.js                                          32.71 kB │ gzip:   9.86 kB
dist/assets/task-detail-1-tXgJqh.js                                      32.81 kB │ gzip:   9.73 kB
dist/assets/garment-spu-replacements-EJIaXIBl.js                         33.03 kB │ gzip:   9.38 kB
dist/assets/effective-task-assignments-DfL92Bdn.js                       33.04 kB │ gzip:  11.00 kB
dist/assets/process-warehouse-domain-CNsXeW2e.js                         33.18 kB │ gzip:   7.58 kB
dist/assets/pcs-tech-pack-bootstrap-Cr3HE8ht.js                          33.31 kB │ gzip:   8.49 kB
dist/assets/cut-piece-return-domain-DIAfaFcR.js                          33.37 kB │ gzip:   9.90 kB
dist/assets/store-domain-settlement-seeds-DrTjOeEH.js                    33.72 kB │ gzip:   9.01 kB
dist/assets/pcs-pattern-library-1M033I9A.js                              33.73 kB │ gzip:   7.66 kB
dist/assets/warehouse-runtime-twEl0aSs.js                                33.79 kB │ gzip:   8.66 kB
dist/assets/pda-shell-y3zh2GWl.js                                        33.93 kB │ gzip:   9.06 kB
dist/assets/early-process-management-BKWFCyml.js                         34.61 kB │ gzip:   8.77 kB
dist/assets/dispatch-acceptance-sla-Cv2ff-IQ.js                          34.99 kB │ gzip:   7.91 kB
dist/assets/material-purchase-orders-e0pGwkqc.js                         35.06 kB │ gzip:  11.30 kB
dist/assets/stage-orders-CSELcwAD.js                                     35.21 kB │ gzip:  10.90 kB
dist/assets/pda-post-finishing-flow-B61afx1J.js                          35.50 kB │ gzip:   9.59 kB
dist/assets/supplier-confirmations-B6O78b8a.js                           36.00 kB │ gzip:   9.77 kB
dist/assets/stage-order-detail-BmZonnMR.js                               36.01 kB │ gzip:  10.62 kB
dist/assets/pda-warehouse-stocktake-dUFJDRX5.js                          36.20 kB │ gzip:   9.35 kB
dist/assets/pda-cutting-inbound-Cmv5KcxL.js                              36.25 kB │ gzip:  11.16 kB
dist/assets/pda-cutting-handover-CsLlUkRh.js                             36.47 kB │ gzip:  11.26 kB
dist/assets/work-orders-0-Vs2B-h.js                                      36.52 kB │ gzip:  12.35 kB
dist/assets/pending-receipts-B-Ja2dQv.js                                 36.78 kB │ gzip:  11.26 kB
dist/assets/pcs-pattern-library-create-DWhxPs4j.js                       37.00 kB │ gzip:   8.66 kB
dist/assets/production-context-records-j_hcKUL1.js                       37.05 kB │ gzip:  13.06 kB
dist/assets/work-order-detail-C-Ar6z7P.js                                37.06 kB │ gzip:  10.25 kB
dist/assets/material-inventory-BRLPZPQm.js                               37.31 kB │ gzip:   9.26 kB
dist/assets/water-soluble-orders-BPPNzP8j.js                             37.37 kB │ gzip:  11.40 kB
dist/assets/pda-task-receive-detail-DzuQ-Rcb.js                          37.40 kB │ gzip:   9.29 kB
dist/assets/third-party-factory-comprehensive-assessment-BzZU7Zjy.js     37.47 kB │ gzip:  11.05 kB
dist/assets/work-order-detail-CrfOpZ5L.js                                37.63 kB │ gzip:  10.31 kB
dist/assets/first-leg-logistics-B3pH16qA.js                              37.82 kB │ gzip:  10.19 kB
dist/assets/product-purchase-orders-2ocHWPLK.js                          38.01 kB │ gzip:   9.33 kB
dist/assets/wait-handover-runtime-CnFctVfr.js                            38.06 kB │ gzip:  10.72 kB
dist/assets/pcs-part-template-library-Buo_sezk.js                        38.07 kB │ gzip:  13.44 kB
dist/assets/cutting-statistics-ab-material-Ddj-LRv7.js                   38.13 kB │ gzip:   8.63 kB
dist/assets/store-domain-quality-bootstrap-CLlcywA1.js                   38.24 kB │ gzip:   5.40 kB
dist/assets/first-leg-carriers-Bk-RPsoV.js                               38.27 kB │ gzip:  10.23 kB
dist/assets/special-processes-Br-Ld8JS.js                                38.78 kB │ gzip:  10.19 kB
dist/assets/pda-quality-BhRwKS71.js                                      39.09 kB │ gzip:  10.46 kB
dist/assets/payment-requests-BLoOCn9e.js                                 39.18 kB │ gzip:  10.33 kB
dist/assets/warehouse-C1u8gHCo.js                                        39.60 kB │ gzip:  11.38 kB
dist/assets/semi-finished-orders-Bp_bVAUZ.js                             39.65 kB │ gzip:  12.10 kB
dist/assets/pda-cutting-transfer-bag-repack-Ca5afO5-.js                  40.03 kB │ gzip:  11.48 kB
dist/assets/first-leg-shipments-J61jAosC.js                              40.79 kB │ gzip:  10.22 kB
dist/assets/fcs-handlers-928HfMBi.js                                     42.66 kB │ gzip:  12.75 kB
dist/assets/pending-receipts-CXtlEr90.js                                 43.29 kB │ gzip:  15.59 kB
dist/assets/label-print-template-BdxelLsG.js                             43.43 kB │ gzip:  12.30 kB
dist/assets/lace-factory-domain-E69dJw3K.js                              44.40 kB │ gzip:  11.20 kB
dist/assets/warehouse--oSJ7Avs.js                                        44.72 kB │ gzip:  11.43 kB
dist/assets/factory-receiving-C6v_nVAO.js                                45.23 kB │ gzip:  15.39 kB
dist/assets/cutting-summary-DjG_lTRO.js                                  45.72 kB │ gzip:  12.19 kB
dist/assets/engineering-file-upload-ChNRrzZd.js                          46.77 kB │ gzip:  14.46 kB
dist/assets/demand-domain-DFUzuQ_l.js                                    47.17 kB │ gzip:  10.95 kB
dist/assets/batches-CHtQ8E8I.js                                          47.44 kB │ gzip:  10.30 kB
dist/assets/handover-orders-CJeOjniK.js                                  47.47 kB │ gzip:   9.30 kB
dist/assets/warehouse-BXBGkIKg.js                                        47.74 kB │ gzip:  11.41 kB
dist/assets/settlement-linked-mock-factory-B_yPHQlB.js                   47.83 kB │ gzip:  14.54 kB
dist/assets/pcs-record-core-GkL9vgv-.js                                  48.27 kB │ gzip:  16.16 kB
dist/assets/dyeing-CA7rrPWG.js                                           48.99 kB │ gzip:  10.88 kB
dist/assets/printing-CJnG9myg.js                                         48.99 kB │ gzip:  10.88 kB
dist/assets/other-CslRXWDF.js                                            49.00 kB │ gzip:  10.89 kB
dist/assets/sewing-81rSfsOs.js                                           50.02 kB │ gzip:  11.22 kB
dist/assets/dispatch-tenders-DDvuqlv8.js                                 50.08 kB │ gzip:  13.38 kB
dist/assets/progress-material-B07X_I9d.js                                50.24 kB │ gzip:  10.03 kB
dist/assets/pda-onboarding-e5FA9JEP.js                                   50.59 kB │ gzip:  10.82 kB
dist/assets/pda-task-receive-m840yJ3T.js                                 50.60 kB │ gzip:  12.70 kB
dist/assets/pda-cutting-execution-source-DDD_tS_R.js                     50.74 kB │ gzip:  13.75 kB
dist/assets/pcs-config-workspace-DYgGadbT.js                             51.20 kB │ gzip:  17.87 kB
dist/assets/pcs-channel-stores-FlUGl0Sm.js                               51.35 kB │ gzip:  14.96 kB
dist/assets/marker-plan-model-ypXCi0q2.js                                51.82 kB │ gzip:  14.83 kB
dist/assets/work-order-detail-BABzBH_C.js                                52.61 kB │ gzip:  16.46 kB
dist/assets/pda-handover-CGhWjXgd.js                                     53.13 kB │ gzip:  14.23 kB
dist/assets/store-domain-progress-4qqMnw-t.js                            53.17 kB │ gzip:  11.82 kB
dist/assets/detail-domain-_4PPmJ-i.js                                    53.42 kB │ gzip:  11.88 kB
dist/assets/pcs-part-template-library-CDJC3zM1.js                        53.80 kB │ gzip:  11.07 kB
dist/assets/material-purchase-orders-BfcGj5QY.js                         53.83 kB │ gzip:  16.35 kB
dist/assets/settlement-cutting-input-D5Dp-m_e.js                         55.15 kB │ gzip:  11.71 kB
dist/assets/warehouse-location-map-DzTY8mCt.js                           56.96 kB │ gzip:  16.90 kB
dist/assets/marker-plan-occupancy-2Rz_-qCT.js                            57.37 kB │ gzip:  16.10 kB
dist/assets/progress-urge-DiA4ON0p.js                                    57.86 kB │ gzip:  12.04 kB
dist/assets/pda-cutting-spreading-Dxz8DXRt.js                            59.56 kB │ gzip:  14.29 kB
dist/assets/runtime-inputs-CXUEXMIf.js                                   59.81 kB │ gzip:  16.02 kB
dist/assets/wls-accessory-receipts-BMzE4fAx.js                           59.98 kB │ gzip:  15.50 kB
dist/assets/factory-profile-DXP0VvLU.js                                  61.17 kB │ gzip:  14.04 kB
dist/assets/cut-piece-release-DOOPPuIJ.js                                61.62 kB │ gzip:  16.48 kB
dist/assets/pda-settlement-CNTJmTKf.js                                   61.77 kB │ gzip:  14.31 kB
dist/assets/pickup-management-list-D85N_Jf5.js                           63.10 kB │ gzip:  17.80 kB
dist/assets/special-craft-fei-ticket-flow-TLRkZILd.js                    63.37 kB │ gzip:  14.39 kB
dist/assets/cutting-CamqqpKl.js                                          64.33 kB │ gzip:  13.63 kB
dist/assets/progress-handover-Dhc5UP6M.js                                65.43 kB │ gzip:  14.25 kB
dist/assets/pcs-channel-products-rISQbyOz.js                             66.90 kB │ gzip:  22.23 kB
dist/assets/production-object-overview-C3vPqHMe.js                       67.61 kB │ gzip:  14.25 kB
dist/assets/output-documents-lekCQ1gH.js                                 68.63 kB │ gzip:  23.73 kB
dist/assets/core-BBZPwAgM.js                                             69.24 kB │ gzip:  13.08 kB
dist/assets/cutting-daily-production-report-BCU2U5le.js                  69.74 kB │ gzip:  19.76 kB
dist/assets/pda-exec-D2JB3J_P.js                                         69.84 kB │ gzip:  16.25 kB
dist/assets/context-Bp3q7eAJ.js                                          70.19 kB │ gzip:  21.61 kB
dist/assets/sewing-dispatch-pe1Bxo4Y.js                                  70.50 kB │ gzip:  18.47 kB
dist/assets/production-object-overview-C9M8J9RF.js                       71.90 kB │ gzip:  16.79 kB
dist/assets/progress-exceptions-li_j0mfw.js                              71.95 kB │ gzip:  13.95 kB
dist/assets/qc-records-6-NuPRba.js                                       72.70 kB │ gzip:  16.61 kB
dist/assets/pcs-product-archives-BWUYv0rU.js                             73.23 kB │ gzip:  24.47 kB
dist/assets/pcs-engineering-tasks-BSx_44Bw.js                            73.25 kB │ gzip:  17.53 kB
dist/assets/wait-handover-actions-Yvz3RMWB.js                            73.67 kB │ gzip:  18.85 kB
dist/assets/pcs-sample-management-CG2IIP__.js                            74.15 kB │ gzip:  18.43 kB
dist/assets/factory-onboarding-BfxJ5zAY.js                               75.30 kB │ gzip:  12.70 kB
dist/assets/orders-domain-DxW-bpwg.js                                    76.35 kB │ gzip:  16.91 kB
dist/assets/dialogs-BIH5oGjL.js                                          76.54 kB │ gzip:  18.95 kB
dist/assets/settlement-6J17eHtd.js                                       76.58 kB │ gzip:  11.99 kB
dist/assets/runtime-projections-XOWWxmYr.js                              78.06 kB │ gzip:  18.45 kB
dist/assets/process-action-writeback-service-DjFgucGb.js                 78.21 kB │ gzip:  17.89 kB
dist/assets/pda-handover-detail-CWvpjkhC.js                              78.22 kB │ gzip:  19.39 kB
dist/assets/transfer-bag-operations-C8SdU2jl.js                          78.68 kB │ gzip:  19.51 kB
dist/assets/transfer-bags-Gs1EuO5n.js                                    80.19 kB │ gzip:  20.90 kB
dist/assets/routes-fcs-CYEqJwnv.js                                       80.69 kB │ gzip:  15.41 kB
dist/assets/production-progress-CF0DXvbC.js                              82.26 kB │ gzip:  21.01 kB
dist/assets/production-BiB01DJO.js                                       85.20 kB │ gzip:  18.43 kB
dist/assets/pda-warehouse-wait-process-xF6r906T.js                       89.02 kB │ gzip:  21.81 kB
dist/assets/events-C4vulkCx.js                                           90.52 kB │ gzip:  22.37 kB
dist/assets/factory-onboarding-flow-Ba1zGih3.js                          90.64 kB │ gzip:  23.34 kB
dist/assets/production-tech-pack-change-domain-Bm3l_kVV.js               91.44 kB │ gzip:  24.08 kB
dist/assets/dispatch-CFxq7tld.js                                         92.70 kB │ gzip:  28.26 kB
dist/assets/cut-orders-DOfYCe6e.js                                       96.33 kB │ gzip:  25.07 kB
dist/assets/post-finishing-full-flow-CRpSpQLO.js                        105.34 kB │ gzip:  27.31 kB
dist/assets/index-hw2Gqiib.js                                           109.46 kB │ gzip:  39.85 kB
dist/assets/pcs-material-archive-detail-Ca0zPVlJ.js                     110.75 kB │ gzip:  36.83 kB
dist/assets/pcs-independent-sampling-Qzfb08Sj.js                        112.09 kB │ gzip:  30.98 kB
dist/assets/supplement-management-C4aQaQgl.js                           114.76 kB │ gzip:  30.59 kB
dist/assets/transfer-bag-return-model-BeNdKWwP.js                       115.39 kB │ gzip:  27.28 kB
dist/assets/statements-DAqMVQUN.js                                      121.16 kB │ gzip:  25.13 kB
dist/assets/events-CIBALZlj.js                                          122.84 kB │ gzip:  31.84 kB
dist/assets/unified-dispatch-workbench-CZ7BbuFU.js                      123.09 kB │ gzip:  34.73 kB
dist/assets/tmf-material-purchases-CEysfLiN.js                          124.53 kB │ gzip:  32.39 kB
dist/assets/special-craft-task-orders-Bzj9IMit.js                       126.85 kB │ gzip:  33.61 kB
dist/assets/production-timeliness-LaIFraHh.js                           127.29 kB │ gzip:  42.90 kB
dist/assets/quality-deduction-repository-C6Tct_Uj.js                    136.80 kB │ gzip:  26.67 kB
dist/assets/warehouse-hub-D425WRE-.js                                   142.34 kB │ gzip:  36.03 kB
dist/assets/generated-fei-tickets-DPaz4vw3.js                           142.98 kB │ gzip:  36.19 kB
dist/assets/preparation-timing-BjNBnPj1.js                              146.52 kB │ gzip:  34.62 kB
dist/assets/marker-plan-z2DnZyB9.js                                     152.41 kB │ gzip:  36.37 kB
dist/assets/marker-spreading-Dpbyx7o2.js                                156.25 kB │ gzip:  38.58 kB
dist/assets/return-inbound-DNkR6xCq.js                                  162.41 kB │ gzip:  28.14 kB
dist/assets/app-shared-Cn0TuGWF.js                                      163.18 kB │ gzip:  40.35 kB
dist/assets/fei-tickets-CFomlvsi.js                                     198.92 kB │ gzip:  44.69 kB
dist/assets/pcs-pattern-library-D2dbQWKc.js                             205.34 kB │ gzip:  45.56 kB
dist/assets/index--GzcKvNw.js                                           210.12 kB │ gzip:  66.49 kB
dist/assets/print-template-registry-Pi2osvrZ.js                         213.15 kB │ gzip:  55.22 kB
dist/assets/index-DyHIx5_W.js                                           218.55 kB │ gzip:  48.76 kB
dist/assets/pda-exec-detail-C2QJJRH4.js                                 250.00 kB │ gzip:  58.33 kB
dist/assets/process-domain-SMODC1hH.js                                  275.82 kB │ gzip:  60.69 kB
dist/assets/process-tasks-JeOV08dL.js                                   326.34 kB │ gzip:  90.48 kB
dist/assets/production-orders-C9NpRKp_.js                               488.83 kB │ gzip:  47.14 kB
dist/assets/pda-DTLFYYUB.js                                             505.21 kB │ gzip:  83.25 kB
dist/assets/pcs-tech-pack-review-DYN5wpT3.js                            704.20 kB │ gzip: 190.84 kB
dist/assets/material-ledger-RQVYPZ1R.js                                 879.67 kB │ gzip: 223.23 kB
dist/assets/production-source-shared-DpJTJCjv.js                      1,531.43 kB │ gzip: 177.98 kB

(!) Some chunks are larger than 550 kB after minification. Consider:
- Using dynamic import() to code-split the application
- Use build.rollupOptions.output.manualChunks to improve chunking: https://rollupjs.org/configuration-options/#output-manualchunks
- Adjust chunk size limit for this warning via build.chunkSizeWarningLimit.
✓ built in 11.16s
