
> higoods-vanilla-clone@1.0.0 build
> npm run typecheck:engineering && npm test && vite build


> higoods-vanilla-clone@1.0.0 typecheck:engineering
> npm run typecheck:entrypoints && npm run typecheck:scopes


> higoods-vanilla-clone@1.0.0 typecheck:entrypoints
> tsc --project tsconfig.engineering.json


> higoods-vanilla-clone@1.0.0 typecheck:scopes
> node scripts/check-typescript-scope.mjs src/domain/ src/components/ui/ src/state/

TypeScript 全量既有错误：0
本次渐进检查范围：src/domain/、src/components/ui/、src/state/
范围内错误：0

> higoods-vanilla-clone@1.0.0 test
> npm run test:unit


> higoods-vanilla-clone@1.0.0 test:unit
> node --import tsx --test tests/unit/*.test.ts

✔ 浏览器存储封装保持读写删除语义 (0.946292ms)
✔ 浏览器存储不可用或抛错时保持静默降级 (0.176584ms)
✔ ISO与旧本地文本按实际时刻排序，不按空格与T字典排序 (2.04825ms)
✔ 同一时刻不同时间表达仍按账本序号和稳定ID防重复 (8.075ms)
✔ 整组同分钟含低精度记录时，唯一可靠顺序形成稳定全序，不按成对条件切换 (0.779084ms)
✔ 全部精确时刻仍按秒排序，跨分钟不会被新账本号倒置 (0.083833ms)
✔ 缺少或重复账本顺序不恢复低精度秒数，沿用原时刻规则 (0.079542ms)
✔ 共享生命周期在同分钟旧入仓后允许交出，并保留原周期和事实 (0.90675ms)
✔ 同分钟物理回收之后报废按真实顺序生效，不被周期边界副本或秒数重排 (0.308792ms)
✔ 同步动作反复读同一账本只转换一次，副本可修改，写后/下一动作/异常退出仍独立重读 (2.344542ms)
✔ 一次排序每个时间文本仅解析一次，保留时区、旧分钟顺序和无效时间兜底且不修改原记录 (0.860417ms)
(node:67553) ExperimentalWarning: localStorage is not available because --localstorage-file was not provided.
(Use `node --trace-warnings ...` to show where the warning was created)
✔ 共享分配门禁拒绝同SKU错色码或错生产单身份 (31.333666ms)
✔ 共享保存拒绝重复借同格，空身份与非法数量 (54.538542ms)
(node:67554) ExperimentalWarning: localStorage is not available because --localstorage-file was not provided.
(Use `node --trace-warnings ...` to show where the warning was created)
✔ N 道只按最终逐票实收，不累计道数或非最终回仓 (1.153875ms)
✔ 末道独有回仓、错票、错工厂、逆序回仓均不得计齐套 (0.156667ms)
✔ 真实厂间完成事实只证明前道，末道仍以实际裁床回仓为准 (0.358708ms)
✔ 前道非法实收不能被加工完成标记绕过 (0.102333ms)
✔ 实际已分配厂取代票上默认厂，多家未确认不猜厂，打印票保持原样 (0.616083ms)
✔ 直转前道须有明确工艺身份完成，最终回仓受前道实物上限约束 (0.120958ms)
✔ 零量点收保留凭据；整票不可用和未知资料不贡献 (0.11775ms)
✔ 普通未装袋票不进放行，但既有简易交出可保持；正常换袋去重 (0.147292ms)
✔ 装袋同ID错票号、超原票或无效票面不提供可交实物 (0.124125ms)
✔ 逐票工艺实收保留真实业务回仓号、来源交出号及仓区库位 (0.127334ms)
✔ 旧实收缺加工完成依据保留实物，但不计最终齐套且明确待核对 (0.198375ms)
✔ 旧部位缺字段：仅同正式纸样版本材料与部位的明确无工艺允许普通袋贡献 (0.131959ms)
✔ 无工艺依据不能从缺失、歧义、异版、异料或同名异部位推断 (0.147ms)
✔ 已有工艺要求不被纸样空数组覆盖；末道实收门禁保留 (0.089792ms)
(node:67555) ExperimentalWarning: localStorage is not available because --localstorage-file was not provided.
(Use `node --trace-warnings ...` to show where the warning was created)
✔ 冻结原票的真实仓库实收继续更新；冻结后新票进晚到队列，不冒充原产出 (12.8725ms)
✔ 放行备份/读回安全整数与逐格合计，正常零不变成未确认 (0.654791ms)
✔ 无效整票追溯与未知collection不能借备份写入 (0.087166ms)
(node:67557) ExperimentalWarning: localStorage is not available because --localstorage-file was not provided.
(Use `node --trace-warnings ...` to show where the warning was created)
✔ 列表只读余量查询满足正整数身份门禁，K100/A205显示当前风险105、占用0及余量205 (64.410417ms)
✔ 裁片放行保留唯一菜单键和地址，归属裁床仓库管理 (0.183ms)
✔ 字母与数值尺码升序，自定义尺码保留配置顺序 (0.570167ms)
✔ 非法数量和空白保持非法，不夹取或四舍五入成另一个有效量 (0.09775ms)
✔ 目标确认待保存及整票原因也受离开提醒保护，已保存目标和空白原因不误提醒 (0.13225ms)
✔ 本页导航、补料、系统与当前页签退出统一提醒，关闭其他页签和折叠菜单不误提醒 (0.376417ms)
✔ 未知自定义尺码在目标和放行矩阵明确提示待核对且保留原序，标准尺码不出现提示 (8.659042ms)
✔ 未确认与确认零放行分开，零放行不回退成目标281件 (0.134875ms)
✔ 尚未确认且齐套未知时，确认汇总中的K和R均显示待核对而非零 (2.792958ms)
✔ 目标与放行渲染为相同颜色行、尺码升序列，缺失SKU格保持不可编辑 (2.976666ms)
✔ 逐票详情保留最终回仓实收、完整顺序、袋周期、成衣色与面料色以及差异 (0.55725ms)
✔ 侧栏逐道显示真实交出单、回仓业务号和库位，记录编号放在展开依据中 (0.745834ms)
✔ 加工完成未回仓仍显示未最终回仓，未知工艺不展示普通免工艺依据 (1.017ms)
✔ 真实前道直转投影接入侧栏，末道实收80显示已最终回仓 (0.985834ms)
✔ 跨工厂直转前道不必回裁床，最终实收80片显示已最终回仓 (0.380167ms)
✔ 最终实际点收0片保留完成事实，不显示待加工或待回仓 (0.278667ms)
✔ 历史实收有原始回仓数量但缺加工完成依据，明细保留实收且暂不计齐套 (0.356125ms)
✔ 整票更正确认同时展示票袋工艺放行分配及保留历史责任 (14.941ms)
✔ 整票登记保存携带打开详情时的版本，旧页面不会改用后来读到的版本 (0.780584ms)
✔ 文案采用短句，目标和放行保留操作边界，整票确认保留实际后果 (22.137583ms)
✔ 具名静态演示材料使用既有真实图片，三道工艺仅按最终回仓计入 (2.545792ms)
✔ 示例内部身份只在追溯展开中显示，真实票号完整保留且确认仍显示实际影响 (11.4825ms)
✔ 真实生成的工艺记录内部UUID只在展开中显示，不替换真实业务号 (2.713792ms)
✔ PAGE-008 每张静态放行记录绑定对应款式实图，列表与款号同格并保留大图动作 (40.921625ms)
✔ PAGE-008 每个静态示例的必需物料均绑定对应实物图，资料缺失示例也保留图片 (2.69375ms)
✔ 仓库轻量事件入口保留原库位维护委派，其他业务动作沿用仓库处理器 (0.497625ms)
(node:67559) ExperimentalWarning: localStorage is not available because --localstorage-file was not provided.
(Use `node --trace-warnings ...` to show where the warning was created)
✔ 逐票实收投影只核对一次完整交出集合，更正保留原量历史且不重复累计 (262.894583ms)
✔ 同次完整袋验证复用已核对事件，保留严格当前袋结果且不逐袋重新解析全账 (18.334291ms)
✔ 同次批量袋读取与逐袋严格结果一致，最新实收更正重新计算且不改原事实 (21.231625ms)
✔ 带袋同一秒连续逐票更正有独立事实，同一更正重试只保存一次 (23.7885ms)
✔ 无袋同一秒连续逐票更正有独立事实，同一更正重试只保存一次 (15.244417ms)
✔ 保留历史换袋确认按真实来源入仓先后匹配，ISO与本地文本不丢来源库位 (2.463458ms)
✔ 特殊工艺实回库位从原票快照读取生产单，零实收票不冒充当前库存关联 (10.51975ms)
✔ PDA实际入仓入口保留默认时间秒与时区，同一分钟交出后可逐票回仓 (6.665333ms)
✔ PDA实回页按第二张菲票自身当前阶段和实际交出数量显示应回数量 (4.675208ms)
✔ 无袋实收10更正9扣库存差额，重新装袋或实际交出后不反冲其他库存 (59.186542ms)
✔ 明确单道无袋实收9合法实交后更正7保留旧9责任与真实接收厂 (39.035833ms)
✔ 整袋候选与提交共享未知来源、未知必要工艺及整票不可用阻断，caller不能给空事件绕过 (88.839208ms)
✔ 连续工艺具名示例仅提供真实技术包两条未分配任务，不写事实或覆盖旧任务 (5.457417ms)
✔ 不同菲票的同一实际有序工艺链可同袋，链身份不使用每票阶段ID (0.464417ms)
✔ 同链两张菲票保留各自阶段身份并分别实收，不把第二票当第一票工艺 (4.855333ms)
✔ 连续工艺直接由实际持有厂转交下道，前道完成与最后回仓分开记账 (5.996833ms)
✔ 同袋两票连续转交按每票前道和下道身份核对，最后分别回仓 (5.296583ms)
✔ 实际任务绑定明确匹配技术包部位工艺、色码、目标对象和当前分配，不采用默认厂 (0.34225ms)
✔ 特殊工艺交出只能读取原票当前阶段与唯一实际承接任务 (0.204875ms)
✔ ISO来源交出后同一分钟实际回仓保留秒与时区，不被文本格式判为早于来源 (17.237833ms)
✔ 逐票实收分别计数，更正库存仅按差额且保留原票 (12.836708ms)
✔ 未核对加工完成不得保存；历史完成未知保留实收P而不能冒充齐套 (4.521792ms)
✔ 缺逐票确认、空白、小数、超量与未说明差异都不写入 (7.9365ms)
✔ 明确零量点收保留事实，但不生成库存或后道实物 (7.03ms)
✔ 按身份与顺序分袋，普通和不同工艺链被阻断 (0.154875ms)
✔ 无袋按票独立点收，不能重复新增或回到其他裁床工厂 (5.38275ms)
✔ 多道工艺分别保留同票阶段实收，末道不会累加前道数量 (18.254ms)
✔ 100片已经交出后更正为90片只改依据，保留原实交责任且不反冲库存 (25.020625ms)
✔ 同一分钟旧入仓分钟时间晚于精确装袋账本，不退回已装袋状态 (2.356125ms)
✔ 正常入仓默认保留完整时刻，同分钟装袋后入仓可继续交出 (2.428333ms)
✔ 实际带袋回仓入口保留ISO秒和时区，不先截断成旧本地分钟 (6.46175ms)
✔ 实际无袋回仓入口保留ISO秒和时区，不先截断成旧本地分钟 (6.201167ms)
✔ 实际空袋回仓入口保留ISO秒和时区，不先截断成旧本地分钟 (9.238667ms)
✔ 当前仓库逐票库存：交到工艺厂为0，最终实收3/0只保留一行，更正不复活原5片 (8.52275ms)
✔ 仓库无袋逐票实收：先回一票3片，另票仍在厂；零量实收保留真实库位且只有一行 (5.719292ms)
✔ 无袋回仓先更正2片再重装，后续更正1片不改当前2片，数量冲突待核对 (9.51275ms)
✔ 仓库兼容来源冲突保留实际袋数量，状态待核对而不可分配 (3.711083ms)
✔ 末道无袋已实收3片后更正已被消费的前道，不遮蔽末道当前库存或库位 (9.712125ms)
✔ 最终回仓裁片尚未分配车缝任务，仍按当前实收展示可分配库存，不误判来源冲突 (151.626209ms)
✔ 初始演示订单正常新增装袋手动票进入当前正式放行，保留原目标与放行且不混入PDA变体物料 (942.861583ms)
✔ 旧存储 getter 不可读时，后道演示开关不阻断裁床依赖模块导入 (426.3965ms)
✔ 裁床工艺来源读取不初始化未迁移的全厂接收需求，原工艺厂读取仍保护旧源 (880.460959ms)
✔ 先读裁床来源再进入工艺厂，任务身份与需求数量一致且仓库记录可正常生成 (987.207792ms)
✔ 已准备任务来源后，任务单预览不加载无关工艺厂接收来源 (1201.887166ms)
(node:67561) ExperimentalWarning: localStorage is not available because --localstorage-file was not provided.
(Use `node --trace-warnings ...` to show where the warning was created)
✔ 独立裁剪整任务改派保留数量和执行历史，旧有效分配失效，新范围唯一 (99.193417ms)
✔ 裁床改派回原工厂且回填同一业务日期，不复用旧票范围；普通审计不改身份 (0.585084ms)
(node:67563) ExperimentalWarning: localStorage is not available because --localstorage-file was not provided.
(Use `node --trace-warnings ...` to show where the warning was created)
✔ 交出列表省略详情路线读取时保留全部输出字段 (500.520375ms)
(node:67564) ExperimentalWarning: localStorage is not available because --localstorage-file was not provided.
(Use `node --trace-warnings ...` to show where the warning was created)
✔ MIG-001/002/006: management entry and handlers belong to FCS; PFOS keeps execution (1.036958ms)
✔ MIG-003/007: prep and execution read the same early order identities, quantities and match status (1019.642958ms)
✔ MIG-004/009: migrated dialogs retain candidate fields, actual material image and task outputs (0.942708ms)
✔ MIG-011: management and execution use the same seven business display columns (10.732042ms)
✔ MIG-007: early dye/print creation and cancellation survive reload (3732.265708ms)
✔ BOM working-copy write failure preserves prior state; retry succeeds (220.979416ms)
✔ existing production preparation data does not trigger demo writes on entry (2302.464875ms)
✔ rollback of an unchanged saved BOM does not perform another failing write (37.400708ms)
✔ BOM dictionary preserves old JSON and all snapshot values without mutating input (5.133083ms)
✔ BOM dictionary rejects missing references instead of replacing data silently (0.232458ms)
(node:67570) ExperimentalWarning: localStorage is not available because --localstorage-file was not provided.
(Use `node --trace-warnings ...` to show where the warning was created)
✔ PDA顶栏计数与实际完整待办相同，覆盖各任务工厂及管理员/员工角色 (2735.868583ms)
(node:67572) ExperimentalWarning: localStorage is not available because --localstorage-file was not provided.
(Use `node --trace-warnings ...` to show where the warning was created)
✔ warehouse receiving accepts issue/transfer facts, excludes returns and preserves actual quantities (925.841542ms)
✔ 解析带标签、小数和空格的长度数量 (0.57925ms)
✔ 解析卷数并对不合法文本返回 0 (0.131125ms)
✔ 证据文件标识把连续空白收口为单个连字符 (0.174334ms)
(node:67576) ExperimentalWarning: localStorage is not available because --localstorage-file was not provided.
(Use `node --trace-warnings ...` to show where the warning was created)
✔ 设计改款可成批生成染色和印花加工单，且完整投影来源与上下游 (1549.499417ms)
✔ 设计改款加工单生成幂等，重复请求不增加单据 (95.823042ms)
✔ 同一设计改款任务的不同颜色和 BOM 行分别生成加工单 (108.410042ms)
✔ 成批提交失败时染色与印花加工单一起回滚 (32.377625ms)
✔ 设计改款来源缺关键引用或来源未知时必须阻断 (0.222333ms)
(node:67579) ExperimentalWarning: localStorage is not available because --localstorage-file was not provided.
(Use `node --trace-warnings ...` to show where the warning was created)
✔ 设计改款染后印花必须先分配印花厂，染色交出不能误送中央工厂 (462.954792ms)
✔ 仅染与仅印分别创建一张加工单和一条仓库首道调拨计划 (31.631541ms)
✔ 辅料染色单创建后已有辅料仓调拨计划，分厂时自动落实原单但不冒充实发 (10.061916ms)
✔ 历史双工艺加工单仍可追溯原有染印交接 (676.989459ms)
✔ 先染后印目标 SKU 创建两段加工单，印花只接收本行染后物料而不能跳过染色 (1925.498916ms)
✔ 单独印花 SKU 从仓库发印厂并完成样衣归档 (2400.680916ms)
✔ 印花实际交出生成中央工厂待接收原单，实收回写原交接并允许完成加工单 (591.284958ms)
✔ 专业成果没有真实附件时保持未绑定 (14.902875ms)
(node:67583) ExperimentalWarning: localStorage is not available because --localstorage-file was not provided.
(Use `node --trace-warnings ...` to show where the warning was created)
✔ 可打印不等于可建交出单，必须完成真实标签打印 (0.567958ms)
✔ 卷规格无效时不可建交出单，且不改变原可打印判定语义 (0.106ms)
✔ 人工完成印花加工单不再自动填充操作人 (326.356875ms)
(node:67584) ExperimentalWarning: localStorage is not available because --localstorage-file was not provided.
(Use `node --trace-warnings ...` to show where the warning was created)
✔ 非 KOL PDA 导入不生成 KOL 领交料；首次 KOL 访问生成完整且幂等的演示记录 (335.012041ms)
✔ PDA 单任务读取保持普通任务、测试工厂与 KOL 任务内容和查找优先级 (2.267333ms)
(node:67587) ExperimentalWarning: localStorage is not available because --localstorage-file was not provided.
(Use `node --trace-warnings ...` to show where the warning was created)
✔ 实际唛架重复相同来源只建一次，票身份按该单颜色尺码和技术包部位定位 (1.099083ms)
✔ 重复ID不同内容不得覆盖；不同部位实例和尺寸不得合并 (0.55ms)
✔ 跨单、错颜色、错物料、错部位和错误每件片数均阻断 (0.201583ms)
✔ 真实手动无铺布层序票可读且免层序编号，普通缺区间和伪手动来源仍阻断 (61.092167ms)
✔ 主料唛架只展开其明确部位，拼接料和口袋布各自保留，不猜未知映射 (7.108667ms)
(node:67588) ExperimentalWarning: localStorage is not available because --localstorage-file was not provided.
(Use `node --trace-warnings ...` to show where the warning was created)
✔ 可编辑的演示唛架保存后优先读取用户记录，刷新不恢复原备注和状态 (560.135167ms)
✔ 日报窗口含截止日7天，重点日均独立使用前6天 (0.555208ms)
✔ 未知采购不填0，未BOM不输出完整确定订单需求 (0.12525ms)
✔ 突变必须绝对量与比例同时达到阈值 (0.065125ms)
✔ 截止日突变示例与未完结日不判定 (0.061417ms)
✔ 共享商品按SPU去重而不按关联行累加销量 (0.150875ms)
✔ 预选不产生确定用料；BOM需求保留物料归属 (0.190958ms)
✔ 同料BOM优先于预选，不重复关系及需量 (0.10975ms)
✔ 两个业务页具有独立容器、标准分页与证据边界 (21.474459ms)
✔ 未进入物料页面时 bridge 不加载业务；加载失败重试后首次渲染即已注册 (13.846917ms)
✔ click 分组顺序、短路、选择器范围保持原行为，重新注册替换旧处理器 (1.491667ms)
✔ 备料写入守卫读取实时角色与水位，阻断时不调用业务处理器 (1.359708ms)
✔ input/change/keyboard 原入口、筛选范围和 change 优先级完整保留 (0.507875ms)
✔ health groups are exhaustive and mutually exclusive in demo (0.938667ms)
✔ coverage and baseline use same inventory plus transit but distinct demand windows (0.084625ms)
✔ zero demand is unavailable rather than infinity and huge finite quotient stays finite (0.104709ms)
✔ date selects different consistent snapshot (0.106ms)
✔ threshold changes alter classification without changing facts (0.072833ms)
✔ health view carries core P1 business sections and mock caveat (19.313334ms)
✔ AT16 rules do not substitute brand, size or packaging method (1.079459ms)
✔ AT24 equal priority conflict blocks resolution and identifies rules (0.478583ms)
✔ higher explicit priority resolves a lower priority overlap (0.086875ms)
✔ plans distinguish garments and parcels and add loss once (0.185458ms)
✔ AT18 white pendant stock only allocated once (0.094125ms)
✔ event duplicate and old revision do not add consumption; reprints are activity only (0.138708ms)
✔ conflicting same revision fails instead of silently choosing a payload (0.067791ms)
✔ AT17/19/20 panel states unresolved ASAYA, independent kit80 and unknown ribbon (0.303666ms)
✔ trigger distinct from target, existing supply produces explainable zero (0.66475ms)
✔ missing mapping or usage and incompatible raw unit block unsafe generation (0.204083ms)
✔ generation reserves remaining once and shared raw pool across target rules (1.726375ms)
✔ production does not increase stock; actual SKU and output bound partial receipts (0.612292ms)
✔ cancelled suggestion releases commitment and raw allocation (0.12ms)
✔ AT05 committed greige is not available for a second allocation (1.172917ms)
✔ AT06 partial receipt reduces expected supply; checking and qualified never duplicate (0.8205ms)
✔ AT07 unmapped target preserves quantities but gives no target coverage (0.178167ms)
✔ §7.2 loss reduces future supply; rejected receipts never become usable (0.120417ms)
✔ §7.3 unit/yield/route and conservation gaps block deterministic supply (0.27925ms)
✔ §7.3 candidate comparison reports remaining shortage and respects arrival deadline (0.180541ms)
✔ §7.3 zero gap stays zero and nonfinite inputs cannot produce advice (0.059584ms)
✔ panel uses owned local handlers and discloses mock and missing images (2.366542ms)
✔ P2 coefficients and coverage exclude transit (20.746208ms)
✔ P2 coverage buckets have exclusive shared boundaries (1.17575ms)
✔ P2 partial receipts and completed batches count remaining only (0.149791ms)
✔ P2 latest overdue selected only if no future batch; today included (0.129291ms)
✔ P2 search transit and ETA filters compose (0.982584ms)
✔ P2 zero demand and missing BOM preserve distinct nulls; micro demand excluded (0.192791ms)
✔ P2 standard table renders and limits initial rows to first page (9.248292ms)
✔ AT01/02 internal reservation stays in coverage while external reservation is deducted (28.241917ms)
✔ AT03 quality segments are not usable (0.194125ms)
✔ AT04 partial receipt leaves remaining supply only (0.223625ms)
✔ AT08/38 late supply never erases earlier shortage (0.170125ms)
✔ AT09 intermediate deficit determines net need rather than positive closing balance (0.137625ms)
✔ AT10 MOQ and pack rounding, zero stays zero (0.121416ms)
✔ AT11 horizon begins at cutoff and is not expanded by lead time (0.170167ms)
✔ AT12 forecast covered by confirmed demand is excluded before coefficient (0.155125ms)
✔ AT13 no demand has no numeric coverage (0.122333ms)
✔ AT14 cancelling demand does not change stock (0.173792ms)
✔ AT15 latest event revision only (0.492458ms)
✔ AT16/17 directory preserves bag sizes and ASAYA duplicated input is one unresolved SKU (0.100584ms)
✔ AT18 three brands draw from one shared pool (0.179583ms)
✔ AT19/20 kit capacity respects minimum and missing conversion (0.072041ms)
✔ AT21 inactive/unusable stock remains physically visible (0.117167ms)
✔ AT23 affected order identifiers are unique (0.596709ms)
✔ AT25/26 draft does not mutate active and invalidates trial (0.300042ms)
✔ AT26/28 publish requires role and exact trial; history retained (0.793375ms)
✔ AT31 risk cannot close with remaining shortage or skip verification (0.72075ms)
✔ AT37 invalid dates, unknown timezone, bad numeric values rejected (0.597166ms)
✔ duplicate supply chain does not double count and blocks deterministic advice (0.464167ms)
✔ warehouse catalogue includes 17 locations and two garment warehouses (0.152042ms)
✔ candidate comparison retains pre-arrival risk (1.031792ms)
✔ SKU-specific policy wins and duplicate rules block publish (0.38275ms)
(node:67599) ExperimentalWarning: localStorage is not available because --localstorage-file was not provided.
(Use `node --trace-warnings ...` to show where the warning was created)
✔ 逐票与逐打印任务保持原结构，变更一条只保存一条 (1.261833ms)
✔ 草稿按原映射键保存；手工票与操作记录分离，删除票保留审计 (0.265166ms)
✔ 拒绝损坏JSON且不冒充空数据 (0.14525ms)
✔ 拒绝空字符串且不冒充空数据 (0.060916ms)
✔ 拒绝错误根且不冒充空数据 (0.053875ms)
✔ 拒绝重复票号身份且不冒充空数据 (0.05125ms)
✔ 拒绝缺少票号且不冒充空数据 (0.054333ms)
✔ 拒绝错误状态且不冒充空数据 (0.044625ms)
✔ 拒绝打印关联缺失且不冒充空数据 (0.053792ms)
✔ 拒绝草稿身份缺失且不冒充空数据 (0.088084ms)
✔ 拒绝手工日志缺失且不冒充空数据 (0.055416ms)
✔ 拒绝手工二维码缺失且不冒充空数据 (0.045792ms)
✔ 已保存实体与备份身份校验，不接受伪造集合或迁移元数据 (0.507166ms)
✔ 袋账派生绑定锁，无需持久化派生票快照；关闭周转解除旧快照锁 (618.344042ms)
✔ 唛架来源和铺布单逐实体保存，保留卷明细、层序及来源引用 (0.23775ms)
✔ 指定保存对象不复制重复静态唛架，也不覆盖其他已保存铺布单 (0.238416ms)
✔ 旧袋账按实体保留绑定与历史，局部动作不复制静态袋档案 (0.341417ms)
✔ 专用打印来源保留原票身份、数量、状态、袋锁及打印对象，不查询全量PDA与库存摘要 (11281.057042ms)
✔ 实际输出首打保持原身份与数量；动态与普通来源均可打印，失效来源阻断，重复首打不新增 (196.32725ms)
✔ 唛架引用读取失败明确阻断，不将迁移或读取错误伪装成空铺布来源 (1.039833ms)
✔ 用户唛架方案逐ID迁移保留床次和占用，修改一张不重写其它方案 (0.218042ms)
✔ PDA及手工票专用唛架定义与原完整投影等价，保留床次、数量和可铺布资格 (996.328708ms)
✔ 裁床配料按真实生产单范围读取与全量结果逐字段相等，保留库存、领取、状态与任务链接 (534.175791ms)
✔ PDA铺布目标直接携带真实已保存铺布单的裁床与负责人，不另算整套列表 (444.043666ms)
✔ 铺布投影复用唛架定义仍保留已保存session的卷明细、裁床、负责人和实际裁剪数量 (440.356333ms)
✔ 路由标准化移除 query 与 hash，但不改动路径 (0.409666ms)
✔ 只匹配路由根或其子路径，不误匹配相似前缀 (0.117792ms)
✔ 可在多个合法根路径中匹配一个 (0.10775ms)
✔ 只把完整生产确认单打印路由识别为命中 (0.116583ms)
✔ 专业任务必须全部有效明细通过且保留成果与审核事实 (0.755333ms)
✔ 纸样名称或物料关联不能替代可读取原文件 (26.718208ms)
(node:67602) ExperimentalWarning: localStorage is not available because --localstorage-file was not provided.
(Use `node --trace-warnings ...` to show where the warning was created)
✔ 目标 SKU 的四种加工组合、前序实物和 BOM Q 均按已建档字段读取 (5.110334ms)
✔ 整单总量口径保存后仍按一次总量计算，不被样衣件数重复放大 (2384.243333ms)
✔ 一张设计改款 BOM 同时有 Yard 面料和 PCS 辅料时，各行独立计量且辅料无需加工调拨 (100.879917ms)
✔ 复用既有纸样与参照 BOM 的无印染任务可直接提交样衣并自动完成；复制只生成草稿 (1727.116042ms)
✔ 批量复制保留物料、费用和样衣安排为独立可编辑草稿，不生成工作 (247.163167ms)
✔ 单页创建同时保存物料、费用与样衣要求；失败不留下空任务 (74.865375ms)
✔ 加工按物料行及实际阶段执行：纯染行与先染后印行独立串联 (235.298208ms)
✔ 旧设计任务移除线下工作和依赖，保留加工单身份、样衣成果及原始输入 (1944.199917ms)
✔ 任务汇总排除未启用，待前置只列出未完成依赖，关闭单不继续催办 (1.204625ms)
✔ 筛选覆盖关键词、状态、跟单、待办、类型、团队和日期边界，统计范围一致 (0.421917ms)
✔ CSV包含全部匹配行和任务责任计划，不含操作列，特殊文字正确转义 (0.57525ms)
✔ 生产准备必须读取测款最终通过事实，保存时重新校验且失败不生成主单 (2262.284584ms)
✔ PATTERN_ARTWORK 多明细全部有效项通过才完成，同SKU不同要求不合并 (0.589ms)
✔ COLOR_FABRIC 多明细全部有效项通过才完成，同SKU不同要求不合并 (0.095375ms)
✔ COLOR_YARN 多明细全部有效项通过才完成，同SKU不同要求不合并 (2.236708ms)
✔ 多辅料分单覆盖，第一张下单不足以完成，失效单不能提供覆盖 (1.361333ms)
✔ 专业列表业务字段查询与责任、来源、计划边界组合，未登记计划不误入日期结果 (0.898708ms)
(node:67609) ExperimentalWarning: localStorage is not available because --localstorage-file was not provided.
(Use `node --trace-warnings ...` to show where the warning was created)
✔ targeted PCS baseline reads return independent records without cloning unrelated collections (193.957042ms)
✔ PCS 前插多个新记录保留全部既有位置，重复保存不产生位置变化 (2.7605ms)
✔ PCS 单条置顶、居中插入、删除保持实际顺序且不移动其余记录 (0.136791ms)
✔ PCS 图片按款号和颜色固定，尺码不改变照片，未知对象没有随机图片 (1.112334ms)
✔ 历史 Mock 只替换登记的旧图，保留用户图片及未知款式 (0.473083ms)
✔ 后道 QC 来源 SKU 保留原身份和数量，五种颜色分别绑定对应实拍 (0.095709ms)
✔ 后道历史快照只迁移准确 SKU 的旧示意图，质检数量与用户图不变 (0.218917ms)
(node:67612) ExperimentalWarning: localStorage is not available because --localstorage-file was not provided.
(Use `node --trace-warnings ...` to show where the warning was created)
✔ SAMPLE-FIX-01–05/11: actual request→reserve→approve→pickup→return→receipt; stable own IDs and detached reads (1475.100541ms)
✔ SAMPLE-FIX-03/05: all invalid input blocks writes; cancellation/rejection frees only own reservation (621.172458ms)
✔ SAMPLE-FIX-08/09/11: cases and stocktake persist independently, cannot execute twice or masquerade as adjustment (935.017792ms)
(node:67613) ExperimentalWarning: localStorage is not available because --localstorage-file was not provided.
(Use `node --trace-warnings ...` to show where the warning was created)
✔ HG-001/002/004: SKU identity survives duplicate receipts, transfers and repeats; HG resolves SKU (321.56225ms)
✔ HG-005/006/008: printed data and bounded settings; no truncation, images or state writes (1.381959ms)
✔ HG-002/004 regression: older receipt without identities retains its first date; raw SKU is never HG (96.379834ms)
(node:67617) ExperimentalWarning: localStorage is not available because --localstorage-file was not provided.
(Use `node --trace-warnings ...` to show where the warning was created)
✔ SAMP-001–013 Mock: receipt → all SKU tags → live/home → production/factory/department/warehouse → marketing, with adversarial gates (1576.17125ms)
✔ SIMPLE-001/049: a saved simple archive cannot switch type to bypass capability boundaries (69.190458ms)
✔ SIMPLE-002/005/006/007/009/016: basic identity is readable normalized text, no technical template dependency; failed first SKU publishes nothing (20.257791ms)
✔ SIMPLE-008/017/039/041: parent and first SKU review together; new spec remains draft; approved wording correction retains ID/barcodes (15.032125ms)
✔ SIMPLE-029/030/033/034/035/036: packaging revisions preserve adopted quote, exact costs and null versus explicit zero (15.7525ms)
✔ SIMPLE-042/049: independent PMS archive preflight and forged process creation do not write (4.290792ms)
✔ SIMPLE-051/052: simple CSV has no technical IDs, auto root codes, read-only preview and atomic repeated specifications (27.542417ms)
✔ SIMPLE-019/042/056: legacy identity survives cleanup; direct orphan copy/archive cannot bypass guards (11.669917ms)
✔ SIMPLE-051/052/060: documented simple CSV limits reject whole oversized file before preparing groups (6.192291ms)
✔ SIMPLE-049/057: direct historical simple process asset and source-money cost mutation are read-only (15.7105ms)
✔ SIMPLE-019/036: new simple SKU legacy numeric defaults do not imply confirmed free costs; explicit standard zero remains valid (12.520292ms)
✔ SIMPLE-049/053: simple archives accept ordinary identification and specification files but reject new process roles (20.756417ms)
✔ SIMPLE-021/022: legacy identities project into simple classifications with no seed writes; new records have no template requirement (54.510125ms)
✔ SIMPLE-023/024: usage resolves actual subcategory identity, disabled category retains references and failure preserves source (5.200916ms)
✔ SIMPLE-025: actual box label, stable ID and historical aliases resolve owner SKU without crossing package types (13.56375ms)
✔ SIMPLE-021/022/023: simple category list/detail/edit render independently; professional template tabs remain (35.859458ms)
✔ SIMPLE-058: reviewed bag / cutting blade / white tape source mappings are consistent and user images are preserved (209.213666ms)
✔ SIMPLE-058: new static publication cannot overwrite user overlays or resurrect root / SKU deletion markers (5.856167ms)
✔ complete online template is the default, saved and explicitly cleared descriptions are preserved (0.864666ms)
✔ online dictionaries retain all 14 image choices, 372 sizes and 41 measurement parameters (0.1705ms)
✔ select then generate preserves source order and entered values when a parameter column is added (0.832041ms)
✔ insert replaces only the generated block, retains body and other tables, and escapes text (0.607959ms)
✔ presentation survives sanitizing, active content and application handlers do not (2.190083ms)
✔ all static archive defaults contain online charts without browser seed writes (29.3065ms)
✔ quoted font names, color, underline and link query parameters survive repeated saves (0.407417ms)
(node:67645) ExperimentalWarning: localStorage is not available because --localstorage-file was not provided.
(Use `node --trace-warnings ...` to show where the warning was created)
✔ PDA 列表轻量摘要与详情的归属、数量、物料和下一步一致 (1340.714625ms)
(node:67646) ExperimentalWarning: localStorage is not available because --localstorage-file was not provided.
(Use `node --trace-warnings ...` to show where the warning was created)
✔ 按工厂投影不改变全能力、印花、染色、中央与裁片演示账号可见任务 (1170.07675ms)
(node:67647) ExperimentalWarning: localStorage is not available because --localstorage-file was not provided.
(Use `node --trace-warnings ...` to show where the warning was created)
✔ 接单工厂范围保留全量投影中本厂每个任务的身份、数量、状态及接单/中标结果 (3229.952208ms)
(node:67648) ExperimentalWarning: localStorage is not available because --localstorage-file was not provided.
(Use `node --trace-warnings ...` to show where the warning was created)
✔ PDA order/task link indexes preserve all full-index candidates without constructing unrelated material rows (683.734125ms)
✔ ordinary sewing direct lookup keeps every field and factory permission from the complete canonical projection (505.25175ms)
✔ runtime sewing overrides and legacy/missing IDs retain the complete projection result (641.512042ms)
✔ one fresh read-only object snapshot preserves readiness, context and unknown references without refreshing per miss (579.333333ms)
✔ PDA handlers wait for part-ticket hydration, and the real detail is not mounted before both dependencies complete (52.56325ms)
✔ ordinary sewing detail leaves unrelated PMS initialization pending until a normal module entry (43.590584ms)
✔ same-navigation sewing preload discovers actual bundle entries and static closure without evaluating modules (74.199708ms)
✔ preview compression includes the same sewing static chunks and retains existing assets without broad lazy-route output (14.842333ms)
(node:67653) ExperimentalWarning: localStorage is not available because --localstorage-file was not provided.
(Use `node --trace-warnings ...` to show where the warning was created)
✔ 中转袋交出与实际入仓使用同一浏览器本地业务时间，不把 UTC 当作本地时间 (3.397709ms)
[PMS_IDB_LOAD_FAILED] { message: '当前浏览器不支持 IndexedDB,PMS 业务数据无法持久化。' }
✔ 物流商新增字段保存回显并写入操作日志 (6.464375ms)
✔ 物流商数字字段非负校验与运输方式枚举校验 (0.31525ms)
✔ 渠道新增字段保存回显，条件计费字段按计费方式保留 (0.657792ms)
✔ 整柜渠道不要求新增计费字段，仍要求四箱型完整配置 (0.165667ms)
✔ 渠道数字字段非负与时效区间校验 (0.149625ms)
✔ 头程批次聚合展示总箱数、总重量、总体积与转运天数 (0.569291ms)
✔ 工序链按保存顺序生效，合法工序集合固定，非法或重复工序被拒 (2.410667ms)
✔ 坯布 SKU 必填，坯布库存为 0 时调拨资格被拒，补足后恢复 (0.4575ms)
✔ 采购单按勾选 SKU 生成明细，数量与枚举非法被拒 (0.194667ms)
✔ 调拨单可选择调出仓库与调入目标，同步生成加工单号链 (0.2665ms)
✔ 批量刷新库存更新全部监控行与刷新时间并写日志 (0.239ms)
✔ 手动添加监控 SKU 校验 SKU 必填与重复，添加后进入列表 (0.318417ms)
✔ 物料申报扩展字段保存回显，26 项特殊属性按数组保存 (2.984792ms)
✔ 报关扩展：法定第二计量单位与数值，不报关分支跳过必填校验 (0.215917ms)
✔ BOM 业务选项与价格/成本、工厂、布料字段保存回显 (0.805ms)
✔ 主体经营 9 项成本明细加调整重算总成本，数据缺失提醒可消除 (0.421167ms)
✔ 供应商从草稿到启用遵循状态机，名称唯一 (2.613958ms)
✔ 供货档案包装换算与快照版本 (0.532167ms)
✔ 物料全部有真实图片，采购补充信息可更新且不新增删除 (0.724ms)
✔ 成衣与样衣 SKU 只读列表数据完整 (0.177417ms)
✔ 仓库同步更新时间，单位字典唯一且不可删除只可启停 (0.981834ms)
✔ BOM 用量可修改，说明可保存，发布后可生成面辅料需求 (3.034834ms)
[PMS_IDB_LOAD_FAILED] { message: '当前浏览器不支持 IndexedDB,PMS 业务数据无法持久化。' }
[PMS_IDB_UNAVAILABLE] put 跳过,数据仅保留在内存 { store: 'pmsMaterialPurchaseOrderDeltas', key: 'CGF-2026-0005' }
[PMS_IDB_UNAVAILABLE] put 跳过,数据仅保留在内存 { store: 'pmsMaterialPurchaseOrderDeltas', key: 'CGF-2026-0001' }
[PMS_IDB_UNAVAILABLE] put 跳过,数据仅保留在内存 { store: 'pmsMaterialPurchaseOrderDeltas', key: 'CGF-2026-0007' }
✔ 面辅料需求种子就绪且可按物料行下推采购单 (2.986625ms)
✔ 快递信息导入校验采购单存在、单号唯一、日期与数量合法 (0.512584ms)
✔ 国内签收、加入头程、状态推进与到仓自动签收 (1.18475ms)
✔ 供应商确认单需标签齐备，确认后回写采购单 (0.933917ms)
✔ 整柜渠道必须完整配置四个箱型，物流商可启停 (1.121125ms)
✔ 面辅料采购单可带原因关闭，关闭后不能再登记到货 (0.885375ms)
✔ 库存监控触发线与建议量公式，规则异常阻断建单 (2.431458ms)
✔ 建单数量不得超过建议量，调拨与采购资格分别阻断 (0.21625ms)
✔ 中转看板指标、分布与筛选跳转规则 (0.39175ms)
✔ 生产单校验与配料任务只读数据完整，系统设置结果为 8/6/10 (0.113292ms)
✔ 种子采购单按 SRM 生成器规律补齐单据级与明细级字段 (0.8685ms)
✔ 新建做货采购单保存采购专员、加急、首单、区域与明细字段并可回显 (14.958541ms)
✔ 未传新增字段时沿用默认值并保持既有命令兼容 (0.151209ms)
✔ 采购专员必填、做货必须选区域、重量非负均抛出中文 PmsDomainError (0.736375ms)
✔ 编辑采购单保存新增字段并回显，非法输入被阻断 (0.928375ms)
✔ BOM 状态与 bomMatched 一致，未发布 BOM 的做货明细为未匹配 (1.095292ms)
✔ 行采购金额使用 roundPmsQty 且汇总等于逐行金额之和 (0.404041ms)
✔ 采购建议按缺口公式与折扣计算，并计入有效 KOL 申请 (0.948541ms)
✔ KOL 草稿与已驳回不计入建议缺口 (0.110583ms)
✔ 建议转采购单后写回已转数量与部分生成状态 (1.9765ms)
✔ 面辅料需求按 BOM 用量与损耗扣减库存和采购中 (0.668917ms)
✔ 重复生成、草稿采购单与非做货采购单均被阻断 (0.134375ms)
✔ KOL 单条超量需要二次确认，超过申请量直接阻断 (0.370709ms)
✔ 驳回 KOL 需求后不再计入建议缺口 (0.139791ms)
✔ 关闭采购单必须填写原因且已关闭不可重复关闭 (0.195166ms)
[PMS_IDB_LOAD_FAILED] { message: '当前浏览器不支持 IndexedDB,PMS 业务数据无法持久化。' }
[PMS_IDB_SAVE_FAILED] 创建请款单 IDB 写入失败 {
  requestNo: 'PAY-M-2026-0006',
  message: '当前浏览器不支持 IndexedDB,PMS 业务数据无法持久化。',
  degraded: 'memory-only'
}
[PMS_IDB_SAVE_FAILED] 创建请款单 IDB 写入失败 {
  requestNo: 'PAY-L-2026-0004',
  message: '当前浏览器不支持 IndexedDB,PMS 业务数据无法持久化。',
  degraded: 'memory-only'
}
[PMS_IDB_SAVE_FAILED] 作废请款单 IDB 写入失败 {
  requestNo: 'PAY-L-2026-0004',
  message: '当前浏览器不支持 IndexedDB,PMS 业务数据无法持久化。',
  degraded: 'memory-only'
}
✔ 主体经营明细总成本、毛利与毛利率公式 (0.80475ms)
✔ 面辅料对账：预计/实际双层公式，费用项与差异双重门禁 (3.543542ms)
✔ 面辅料费用项部分确认、批量确认与编辑失效 (0.663459ms)
✔ 请款草稿跨页创建、请款与付款上限、编辑范围 (1.508125ms)
✔ 物流实际费用 12 列导入校验、不自动确认与确认后锁定 (1.103708ms)
✔ 请款单作废释放来源对账，已有付款不能作废 (0.798416ms)
✔ 供应商账单 9 列导入覆盖实际层且不自动确认 (0.589125ms)
✔ 金额大写按 RMB 规则输出并覆盖跨节零 (0.252542ms)
[PMS_IDB_UNAVAILABLE] put 跳过,数据仅保留在内存 { store: 'pmsMaterialPurchaseOrderDeltas', key: 'CGF-2026-0005' }
[PMS_IDB_LOAD_FAILED] { message: '当前浏览器不支持 IndexedDB,PMS 业务数据无法持久化。' }
[PMS_IDB_UNAVAILABLE] put 跳过,数据仅保留在内存 { store: 'pmsMaterialPurchaseOrderDeltas', key: 'CGF-2026-0005' }
[PMS_IDB_UNAVAILABLE] put 跳过,数据仅保留在内存 { store: 'pmsMaterialPurchaseOrderDeltas', key: 'CGF-2026-0005' }
[PMS_IDB_UNAVAILABLE] put 跳过,数据仅保留在内存 { store: 'pmsMaterialPurchaseOrderDeltas', key: 'CGF-2026-0005' }
[PMS_IDB_UNAVAILABLE] put 跳过,数据仅保留在内存 { store: 'pmsMaterialPurchaseOrderDeltas', key: 'CGF-2026-0005' }
[PMS_IDB_UNAVAILABLE] put 跳过,数据仅保留在内存 { store: 'pmsMaterialPurchaseOrderDeltas', key: 'CGF-2026-0005' }
✔ 生成卷号按前缀、每卷米数、重量与起始序号生成并写入包装明细 (3.25175ms)
✔ 生成卷号时尾卷承载剩余数量，卷数按采购数量与每卷米数自动取整 (0.614833ms)
✔ 非法卷号参数被拒绝并抛出中文域错误 (0.434667ms)
✔ 生成标签后二维码内容包含卷号与箱规，参与打印 (0.351708ms)
✔ 箱规新增自动计算体积，重复箱号与非法尺寸被拒，删除后计数正确 (0.346208ms)
✔ 包装明细可新增与删除，非法输入被拒且删除后计数正确 (0.281041ms)
✔ 被包装明细引用的箱规不能删除 (0.089666ms)
✔ 供应商枚举与 SRM 完全一致，旧枚举不再出现 (0.919625ms)
✔ 种子字段满足 SRM 枚举且协同指标为数字 (0.156916ms)
✔ 新增字段保存并回显，成功命令写入操作日志 (2.34025ms)
✔ 编辑保存新增字段并保持状态机与事件名不变 (0.492417ms)
✔ 非法或缺失输入抛 PmsDomainError 且不写入数据 (0.646916ms)
✔ 详情与列表展示新增字段、SRM 枚举与协同指标 (23.37225ms)
(node:67665) ExperimentalWarning: localStorage is not available because --localstorage-file was not provided.
(Use `node --trace-warnings ...` to show where the warning was created)
✔ CONTRACT-002: business allocation day is day 1 and every calendar day counts, including Sunday (1.5065ms)
✔ CONTRACT-002: the three contracts retain 4/8/9, 5/9/10 and 6/9/12 calendar-day milestones (1.618875ms)
✔ CONTRACT-002: invalid calendar dates and counting days still fail without creating deadlines (0.377042ms)
(node:67666) ExperimentalWarning: localStorage is not available because --localstorage-file was not provided.
(Use `node --trace-warnings ...` to show where the warning was created)
✔ 实际耗时跨周日仍按真实时间差；没有可靠时间不造耗时 (0.558208ms)
✔ 每任务都达成才结束；同一来源去重，作废明细不影响主表 (0.184208ms)
✔ 耗时页 Mock 至少覆盖九张生产单和全部节点，且下游事实不会越过未完成的前置节点 (701.375667ms)
✔ 裁片放行按一张放行单内的多次放行展示并选取节点起止时间 (56.499666ms)
(node:67667) ExperimentalWarning: localStorage is not available because --localstorage-file was not provided.
(Use `node --trace-warnings ...` to show where the warning was created)
✔ EXC-001—004: a reference mark cannot change debt, strict kits or final task responsibility (3.199709ms)
(node:67668) ExperimentalWarning: localStorage is not available because --localstorage-file was not provided.
(Use `node --trace-warnings ...` to show where the warning was created)
✔ 派单新增主档工厂可登记承接关系，未知工厂仍阻断 (2.295625ms)
✔ 专属任务保留整单身份、数量和接收方，工艺分支保留全部前置关系 (1.008959ms)
✔ 原生产单车缝任务仍可被 PPIC 分配与责任移交识别，SKU 总量完整 (11.195042ms)
✔ PRINT-HISTORY-001: demo identities remain fixed and reject another factory or task (0.952708ms)
✔ PRINT-HISTORY-002: DYE-GOTO-GLOBAL historical slot 09 survives independent reloads without overwriting (2915.783292ms)
✔ PRINT-HISTORY-002: ID-FAC-001165 historical slot 09 survives independent reloads without overwriting (3317.613375ms)
(node:67671) ExperimentalWarning: localStorage is not available because --localstorage-file was not provided.
(Use `node --trace-warnings ...` to show where the warning was created)
✔ VERIFY-003: dispatch reads keep all documents and independent copies without projecting unrelated business views (282.347ms)
✔ frozen printing images are losslessly stored once across orders, tasks and attachments (3.513875ms)
✔ missing or malformed image references fail rather than silently replacing frozen evidence (0.512833ms)
(node:67676) ExperimentalWarning: localStorage is not available because --localstorage-file was not provided.
(Use `node --trace-warnings ...` to show where the warning was created)
✔ PERF-002/004: scoped receiving reads preserve direct receipts and allocations, without exposing mutable facts (14.669709ms)
✔ PERF-002/004: a synchronous relation read matches independent reads and releases its scope after errors (869.531166ms)
✔ PERF-004: batched print list reviews and handovers equal independently read facts (370.468375ms)
✔ PERF-004: scoped handovers keep canonical sorting and task point reads preserve identity (10.613625ms)
✔ PERF-004: reusing warehouse documents preserves each dye order source, quantity and receiver (344.294875ms)
(node:67685) ExperimentalWarning: localStorage is not available because --localstorage-file was not provided.
(Use `node --trace-warnings ...` to show where the warning was created)
✔ craft source selection preserves all previous source choices and isolated snapshots (13.444916ms)
✔ source eligibility is re-evaluated after a source order changes (0.394084ms)
(node:67687) ExperimentalWarning: localStorage is not available because --localstorage-file was not provided.
(Use `node --trace-warnings ...` to show where the warning was created)
✔ 生产单创建来源只覆盖旧匹配事实，不复活已取消或覆盖更新后的匹配 (0.885ms)
✔ 提前来源随PO唯一保存，重复生成不会追加第二份事实；查询投影不反向写PO (0.688583ms)
✔ 失败和嵌套投影后创建stage标记恢复，不影响后续染印执行保存 (0.324542ms)
✔ 备份拒绝错误归属、重复、未知状态和缺少正式冻结来源的匹配 (0.192833ms)
(node:67688) ExperimentalWarning: localStorage is not available because --localstorage-file was not provided.
(Use `node --trace-warnings ...` to show where the warning was created)
✔ 验收数据至少包含 5 张染色和 5 张印花提前加工单，并覆盖全部匹配状态 (489.109625ms)
✔ 印花专业成果把多张图片和多个文件统一保存在同一附件集合 (0.242667ms)
✔ 同一生产需求可手动选择具体专业任务，创建结果保存所选任务与全部成果附件 (39.524125ms)
✔ 创建提前加工单必须选择所属专业任务并明确加工厂 (3.306458ms)
✔ 计划加工数量包含损耗率，且染色印花投入与产出 SKU 必须不同 (0.287125ms)
✔ 专业成果未审核通过时不可创建提前加工单 (0.1625ms)
✔ 多个生产需求合并为一张生产单时，可匹配多张提前染色加工单 (38.260625ms)
✔ 等待技术包的提前单在技术包就绪后可由同一匹配服务自动重试 (20.207417ms)
✔ 合并生产单中只有部分需求有提前单时，只为未覆盖需求补建剩余数量 (46.92025ms)
✔ 已有提前单但正式 BOM 或 SKU 不一致时进入异常，且不重复补建同一工艺单 (48.572292ms)
✔ 取消后重建保留旧单，并建立双向替代关系 (6.568125ms)
✔ 没有提前加工单的需求仍保留正式加工单快照 (4.801958ms)
✔ 查生产入口只在合法系统路由显示，并在打印与 PDA 路由隐藏 (0.692291ms)
✔ 相似前缀和相似打印段不会被当成合法路由 (0.081583ms)
(node:67690) ExperimentalWarning: localStorage is not available because --localstorage-file was not provided.
(Use `node --trace-warnings ...` to show where the warning was created)
✔ 静态生产单更新任务状态时保留原冻结资料，不强造不存在的技术版本 (1.267333ms)
✔ 沿用静态资料的例外不能用于新单、篡改快照或错误技术版本 (0.717541ms)
(node:67691) ExperimentalWarning: localStorage is not available because --localstorage-file was not provided.
(Use `node --trace-warnings ...` to show where the warning was created)
✔ PERF-001: runtime snapshot and all nine subsets preserve every production order value and caller isolation (25.271375ms)
✔ PERF-001: a subset read does not traverse or clone unrelated snapshot sections (0.243292ms)
✔ PERF-001: paper pattern binding strips and nested craft arrays remain isolated after mutation (0.254167ms)
✔ PERF-001: replacing or updating the bound snapshot is visible immediately without a stale cache (0.158625ms)
✔ PERF-001: missing production order keeps null and empty-list contracts (0.080791ms)
✔ finished preparation and purchase keep their delay without claiming current work is on time (9.205625ms)
✔ absence of applicable records and missing timing inputs are not healthy or not-yet-due (0.681625ms)
✔ inbound quantity and final time completeness produce distinct business results (0.163083ms)
✔ reached late milestone has zero only for that milestone, not the whole task (2.644ms)
✔ creation and handover clocks explain their different unfinished endpoints (1.716709ms)
✔ all current scenes avoid ambiguous headline defaults and literal unknown numbers (14.806458ms)
✔ contract graph with missing allocation date or actual holdings cannot assert not-yet-due or achieved (1.572291ms)
✔ opening a follow-up modal only reads, and empty inputs never appear saved (6.36525ms)
✔ save waits for completion and readback, rejects double-click writes, and stores realtime feedback without a forecast (17.0555ms)
✔ failed save retains all inputs and retries the exact same operation ID (4.194125ms)
✔ commit followed by readback failure remains unconfirmed until a read proves the same record (4.199334ms)
✔ work must belong to the current production order and expected time must be valid (3.155083ms)
✔ read failure retains a draft and does not treat unavailable records as a normal empty history (2.517042ms)
✔ old logs are retained, but never assigned to a new production order by inference (2.828875ms)
✔ FLOW graph late: full lifecycle keeps allocation, execution and four post stages (7.707542ms)
✔ FLOW graph normal: full lifecycle keeps allocation, execution and four post stages (5.371667ms)
✔ FLOW graph complete: full lifecycle keeps allocation, execution and four post stages (1.908375ms)
✔ FLOW graph completeLate: full lifecycle keeps allocation, execution and four post stages (4.069041ms)
✔ FLOW graph completeUnknown: full lifecycle keeps allocation, execution and four post stages (1.428375ms)
✔ FLOW graph partial: full lifecycle keeps allocation, execution and four post stages (2.088625ms)
✔ FLOW graph reordered: full lifecycle keeps allocation, execution and four post stages (3.483958ms)
✔ FLOW graph reachedLate: full lifecycle keeps allocation, execution and four post stages (2.9415ms)
✔ FLOW graph positioning: full lifecycle keeps allocation, execution and four post stages (0.736167ms)
✔ FLOW graph prepPending: full lifecycle keeps allocation, execution and four post stages (0.747417ms)
✔ FLOW graph sampleLate: full lifecycle keeps allocation, execution and four post stages (3.035833ms)
✔ FLOW graph samplePending: full lifecycle keeps allocation, execution and four post stages (3.020458ms)
✔ FLOW graph fullContract: full lifecycle keeps allocation, execution and four post stages (3.178667ms)
✔ FLOW graph materialBatches: full lifecycle keeps allocation, execution and four post stages (0.380041ms)
✔ FLOW graph materialPartial: full lifecycle keeps allocation, execution and four post stages (0.314416ms)
✔ FLOW graph live: full lifecycle keeps allocation, execution and four post stages (1.890458ms)
✔ FLOW graph unknown: full lifecycle keeps allocation, execution and four post stages (0.361375ms)
✔ FLOW graph unassigned: full lifecycle keeps allocation, execution and four post stages (1.5215ms)
✔ FLOW graph sameFactory: full lifecycle keeps allocation, execution and four post stages (5.434792ms)
✔ FLOW graph handoverPartial: full lifecycle keeps allocation, execution and four post stages (1.126833ms)
✔ FLOW live: QC, processing, recheck quantities have distinct current positions while history remains (1.131792ms)
✔ FLOW full contract: scopes and execution documents stay distinct from cumulative contract milestones (0.288292ms)
✔ FLOW delivery: outgoing without warehouse receipt keeps waiting clock active (0.349959ms)
✔ FLOW one post work order shares projects, quantity and clock without per-project chains (1.158167ms)
✔ FLOW bypass records go from completed QC directly to delivery, without fabricated processing or recheck (0.513625ms)
✔ FLOW summary cards distinguish pending, unknown, historical and current states without invented SLA (4.459ms)
✔ FLOW mixed QC, processing and recheck quantities are summarized as post handling rather than processing (1.344959ms)
✔ FLOW pending inspection and recheck are not started rather than unknown, consistently with rails (0.280458ms)
✔ FLOW pending document cards and summaries describe unstarted clocks rather than missing times (2.915917ms)
✔ FLOW document modal has one project block for its single processing order (1.138125ms)
✔ COPY developer round: unknown purchase keeps allocation and execution responsibilities unverified (0.326ms)
✔ COPY developer round: mixed post history and active work both remain visible (0.139292ms)
✔ COPY developer round: partial warehouse quantity is not a completed stage (2.332958ms)
✔ COPY developer round: process start and quantity appear once, QC uses its own business action (1.12525ms)
✔ FLOW-MOCK-001: all 20 scenarios retain source facts with documented COPY-211 cutting correction (27.037625ms)
✔ FLOW-MOCK-002: every early-stage scenario has an honest full-flow skeleton and unknown purchase has no invented work (1.161292ms)
✔ FLOW-MOCK-003: allocation and actual sewing are distinct and each of the three contract scopes has only its applicable steps (0.565875ms)
✔ FLOW-MOCK-004: batches partition original receipts within each task and each source receipt exactly once (0.361834ms)
✔ FLOW-MOCK-005: actual positions preserve warehouse, delivery, processing aggregate amounts and explicit unknown remainder (0.204625ms)
✔ FLOW-MOCK-006: current QC, processing, recheck, delivery and warehouse positions have distinct document facts (0.360958ms)
✔ FLOW-MOCK-007: batch event chronology is ordered and all recorded actual events precede the fixed viewing time (4.240625ms)
✔ FLOW-MOCK-008: completed orders keep complete post history and missing last inbound time is never fabricated (0.169125ms)
✔ FLOW-MOCK-009: factory-contracted packing is not assigned again in post, and the no-post-processing route is explicit (0.373667ms)
✔ FLOW-MOCK-010: every new document is task scoped, batch scoped when applicable, and has valid same-scene relationships (1.582083ms)
✔ FLOW-MOCK-011: independent sewing keeps all applicable post items inside one processing document and one overall clock (0.325542ms)
✔ FLOW-MOCK-012: each batch has at most one post-processing document with the prototype item, status, quantity and timing contract (1.760792ms)
✔ FLOW-MOCK-013: actual quality results generate only applicable processing, completion generates recheck, and no processing goes straight to warehouse delivery (0.251292ms)
✔ COPY-211: full contract scope does not duplicate in-house cutting or release (0.1275ms)
✔ every sewing and post-finishing document type opens its actual native module detail (101.351084ms)
✔ sewing task execution preserves the matching contract rather than entering the allocation workbench (3.854333ms)
✔ post-finishing QC and recheck retain their own task results, batches, and downstream documents (16.585125ms)
✔ post delivery shows actual outgoing and finished-goods receipt separately (10.184958ms)
✔ completed orders retain the recorded post-finishing document history (1.97025ms)
✔ unknown or wrongly routed full-flow documents do not produce invented detail pages (0.289709ms)
✔ recorded finished-goods receipt without its time stops the handover clock rather than creating current waiting (0.523125ms)
✔ clock completion matches its own final business event across work and handover (0.124166ms)
✔ native post document uses the same Chinese current-position label as the diagram (10.548334ms)
✔ explicitly pending work is not mislabeled as missing actual start time in native clocks (0.601834ms)
✔ native post work detail keeps one project set, one clock and classified quantities (0.298458ms)
✔ post recheck describes SKU quantity and barcode verification rather than a second quality inspection (0.480667ms)
✔ original post work documents preserve their recorded completed quantities without requiring new project fields (1.366958ms)
✔ delivery awaiting warehouse receipt is not described as an unfinished upstream prerequisite (0.339417ms)
✔ completed late work and unfinished overdue work remain different in management and the actual source detail (58.733959ms)
✔ a late reached contract is a ended node, and future unreached targets are not current debt (32.311ms)
✔ missing allocation date or factory actual pickup keeps unknown distinct from an on-time contract (32.108292ms)
✔ source contract deadline uses allocation day as day 1 even when business date contains a clock time (42.091542ms)
✔ full warehouse quantities without last receipt time never imply an on-time result or enter the rate denominator (27.142041ms)
✔ purchase association unknown never asserts that production has not been created or begun (2.518125ms)
✔ sample timing is by actual handout date and remains separate from approval result (25.721834ms)
✔ completed whole-order elapsed time stops at final warehouse receipt; export names quantities and states precisely (19.981958ms)
✔ zero actual pickup is a known zero awaiting a contract denominator, not a missing value or automatic achievement (22.987791ms)
✔ missing execution evidence does not imply that material has not arrived or that work is confirmed overdue (4.165416ms)
✔ POST-FOLD late: post work is nested and the sewing label is unified (4.042792ms)
✔ POST-FOLD normal: post work is nested and the sewing label is unified (5.303542ms)
✔ POST-FOLD complete: post work is nested and the sewing label is unified (3.138375ms)
✔ POST-FOLD completeLate: post work is nested and the sewing label is unified (3.736542ms)
✔ POST-FOLD completeUnknown: post work is nested and the sewing label is unified (1.419958ms)
✔ POST-FOLD partial: post work is nested and the sewing label is unified (4.988834ms)
✔ POST-FOLD reordered: post work is nested and the sewing label is unified (4.656708ms)
✔ POST-FOLD reachedLate: post work is nested and the sewing label is unified (3.706375ms)
✔ POST-FOLD positioning: post work is nested and the sewing label is unified (0.762666ms)
✔ POST-FOLD prepPending: post work is nested and the sewing label is unified (0.734167ms)
✔ POST-FOLD sampleLate: post work is nested and the sewing label is unified (4.134583ms)
✔ POST-FOLD samplePending: post work is nested and the sewing label is unified (2.5255ms)
✔ POST-FOLD fullContract: post work is nested and the sewing label is unified (7.895416ms)
✔ POST-FOLD materialBatches: post work is nested and the sewing label is unified (0.35675ms)
✔ POST-FOLD materialPartial: post work is nested and the sewing label is unified (0.2975ms)
✔ POST-FOLD live: post work is nested and the sewing label is unified (1.794166ms)
✔ POST-FOLD unknown: post work is nested and the sewing label is unified (0.344667ms)
✔ POST-FOLD unassigned: post work is nested and the sewing label is unified (1.7185ms)
✔ POST-FOLD sameFactory: post work is nested and the sewing label is unified (5.108458ms)
✔ POST-FOLD handoverPartial: post work is nested and the sewing label is unified (1.01475ms)
✔ POST-TIME: completed and active work show actual times and longest own clock without inventing an SLA (1.290417ms)
✔ POST-TIME: known document requirements distinguish unfinished late work from completed late history (1.6425ms)
✔ PAGE-001 / SCENE-17 / 20: 19 unique production orders plus one purchase awaiting association preserve the 19 accepted base scenes (2.514458ms)
✔ MASTER-001 / SCENE-07: reversing purchase order input retains earliest precise start and 28-day deadline (0.509708ms)
✔ MASTER-002: full warehouse completion at the exact deadline is timely; one minute later is late (1.153834ms)
✔ SCENE-03—05: warehouse facts establish completion separately from final timestamp and stale upstream records (1.014959ms)
✔ SCENE-06 / 16 / 18: quantity positions conserve pieces while missing position and task ownership remain distinct (7.289125ms)
✔ CONTRACT-002 / SCENE-13: three return contracts use calendar days including Sunday and their actual held quantities (1.837208ms)
✔ SCENE-19: B factory total 40% cannot cover the independently overdue B01 task (1.207583ms)
✔ SCENE-02 / 08: timely returns and late reached milestone differ from a currently overdue unmet milestone (1.051958ms)
✔ SCENE-09 / 10: preparation is a parallel four/five-day stage with separately recorded production and handover (4.794167ms)
✔ SCENE-11 / 12: sample date is pickup plus three; failed or unsubmitted sample does not move the return deadline (4.029542ms)
✔ SCENE-14: stock 600 meters advances before the independent 900-meter purchase batch, with three work/handover records each (1.894792ms)
✔ SCENE-15: known 600-meter receipt is preserved while the 900-meter purchase remains unknown and currently late (0.638417ms)
✔ SCENE-20: partial factory handover retains 2400 sleeve pieces received and 600 disputed without closing the handover or converting to garments (1.127625ms)
✔ SCENE-01: completed preparation/material delays remain history while sleeve work has a current 600-piece gap (2.027917ms)
✔ PREP / CRAFT: auxiliary work is three days each; bulk dye/print/wash and handovers have no invented SLA (3.105042ms)
✔ SOURCE / UI: document IDs, related ownership, native routes and source summaries are coherent without read mutation (37.852375ms)
✔ SOURCE: there are no future actual events or reversed processing/handover times in the fixed demonstration (4.141542ms)
✔ SCENE late: expanded accepted diagram retains its business nodes and source documents (2.436125ms)
✔ SCENE normal: expanded accepted diagram retains its business nodes and source documents (5.313709ms)
✔ SCENE complete: expanded accepted diagram retains its business nodes and source documents (1.31975ms)
✔ SCENE completeLate: expanded accepted diagram retains its business nodes and source documents (1.871584ms)
✔ SCENE completeUnknown: expanded accepted diagram retains its business nodes and source documents (1.062666ms)
✔ SCENE partial: expanded accepted diagram retains its business nodes and source documents (2.755333ms)
✔ SCENE reordered: expanded accepted diagram retains its business nodes and source documents (4.451ms)
✔ SCENE reachedLate: expanded accepted diagram retains its business nodes and source documents (1.390875ms)
✔ SCENE positioning: expanded accepted diagram retains its business nodes and source documents (0.983167ms)
✔ SCENE prepPending: expanded accepted diagram retains its business nodes and source documents (0.314625ms)
✔ SCENE sampleLate: expanded accepted diagram retains its business nodes and source documents (1.172917ms)
✔ SCENE samplePending: expanded accepted diagram retains its business nodes and source documents (1.065708ms)
✔ SCENE fullContract: expanded accepted diagram retains its business nodes and source documents (1.219625ms)
✔ SCENE materialBatches: expanded accepted diagram retains its business nodes and source documents (0.605875ms)
✔ SCENE materialPartial: expanded accepted diagram retains its business nodes and source documents (0.432833ms)
✔ SCENE live: expanded accepted diagram retains its business nodes and source documents (3.829958ms)
✔ SCENE unknown: expanded accepted diagram retains its business nodes and source documents (0.143416ms)
✔ SCENE unassigned: expanded accepted diagram retains its business nodes and source documents (1.635666ms)
✔ SCENE sameFactory: expanded accepted diagram retains its business nodes and source documents (1.9915ms)
✔ SCENE handoverPartial: expanded accepted diagram retains its business nodes and source documents (0.93075ms)
✔ PREP-005: supplemental scene retains disabled and change-ended documents without creating active clocks or blocking valid preparation (2.588625ms)
✔ timing documents resolve directly at their native route with the same shared static facts (534.277875ms)
✔ source detail does not resolve unrelated records or a registered record at a wrong module path (0.197667ms)
✔ a handover belongs to its original outgoing work rather than a linked next process (0.140667ms)
✔ contract details retain natural-day deadlines and late achievement history (0.506334ms)
✔ partially received material retains unknown purchase receipt instead of inventing zero or full stock (0.266375ms)
✔ production preparation details include parallel requirements and BOM quantities (0.610917ms)
✔ work remaining quantity follows known required and completed quantities in the same unit (0.711166ms)
✔ missing factory sample uses the recorded requirement date and keeps sample approval outside return milestones (0.152834ms)
✔ purchase-only scenario resolves to the existing merchandise purchase and pending-purchase backlink (0.128583ms)
✔ finished-goods detail distinguishes latest partial receipt from full completion time (0.379291ms)
✔ unknown timing standard is amber verification, never a red confirmed-overdue result (0.266916ms)
✔ MIGRATE-001: direct production/pending detail paths have their own active tab identity; discarded tasks/examples/team details are absent (0.675709ms)
✔ MIGRATE-001: stored DDS tabs prune discarded addresses, retain unrelated tabs and correct the live production title without touching input (0.6065ms)
(node:67705) ExperimentalWarning: localStorage is not available because --localstorage-file was not provided.
(Use `node --trace-warnings ...` to show where the warning was created)
✔ VERIFY-003: scoped reads preserve pending/voided sources and defensive copies (4.014458ms)
✔ VERIFY-003: metadata lookup reflects registry changes and returns independent locations (5.955208ms)
✔ 备份恢复不能借原票编号伪造另一种面料的交出回执 (1.127083ms)
(node:67707) ExperimentalWarning: localStorage is not available because --localstorage-file was not provided.
(Use `node --trace-warnings ...` to show where the warning was created)
✔ 换片票文案不显示内部路径，扫码身份和原票号保持 (4.85425ms)
✔ 打印结果选票行使用业务名称区分生产单、面料和颜色，保留原勾选身份 (0.219958ms)
✔ 任务单使用可识别的物料编码，内部技术资料键不进入文字、图片标题和无障碍名称 (1.414625ms)
✔ 换片布固定演示：四个新增生产单覆盖部分打印、补打、交出备用及失效票 (1.080375ms)
✔ 部位票缓存感知已提交事件版本，重复读取同一版本不失效 (0.43875ms)
✔ 按名称排朴，空名拒绝，同名不同编码/颜色保留独立身份 (0.670083ms)
✔ 初始每面料一张，重复分配幂等；新增与补打不混淆 (0.722458ms)
✔ 改派未交票失效，已交历史不抹除，新范围递增序号 (0.534417ms)
✔ 部分出纸仅确认勾选票；重复确认不增加次数，内容变化拒绝 (0.138125ms)
✔ 整个批次多袋并集检查，非本次袋不可借用，顺序无关 (0.30775ms)
✔ 同任务同工厂历史可满足；不同任务或换厂必须另交 (0.176083ms)
✔ 三方自行裁剪排除，资料缺失与无需面料分开判断 (0.067875ms)
✔ 混装按类型和单位分项，换片布不能拆成非5 Yard (0.120875ms)
✔ 局域网 HTTP 的摘要与原生 SHA-256 相同，既有票号不变化 (11.853375ms)
(node:67712) ExperimentalWarning: localStorage is not available because --localstorage-file was not provided.
(Use `node --trace-warnings ...` to show where the warning was created)
✔ 混装打印保留裁片矩阵，捆条和换片布独立附页，不合并单位 (3.335625ms)
✔ 纯换片布袋可生成货物标识，不制造尺码和部位 (0.545208ms)
✔ 混装标签拒绝换片布错误长度、作废票和混生产单 (0.820833ms)
✔ 旧业务存储不可读时仍用已提交的原装袋周期打印三类货物 (1.969ms)
✔ 生产单按单记录；变更一单不重写其他单和任务 (1.464834ms)
✔ 运行任务独立保存覆盖、拆分、合并、改派及序号，往返保留身份 (0.276208ms)
✔ 有效分配索引、独立记录、审计及序号完整往返，拒绝重复身份和损坏格式 (0.39875ms)
✔ 拒绝空字符串，不吞掉损坏记录 (0.079208ms)
✔ 拒绝数组根，不吞掉损坏记录 (0.056209ms)
✔ 拒绝生产单数组实体，不吞掉损坏记录 (0.055208ms)
✔ 拒绝生产单空编号，不吞掉损坏记录 (0.0495ms)
✔ 拒绝生产单损坏快照，不吞掉损坏记录 (0.052208ms)
✔ 拒绝任务覆盖数组，不吞掉损坏记录 (0.076542ms)
✔ 拒绝任务覆盖身份，不吞掉损坏记录 (0.119083ms)
✔ 拒绝拆分来源身份，不吞掉损坏记录 (0.062834ms)
✔ 拒绝拆分子项损坏，不吞掉损坏记录 (0.057083ms)
✔ 拒绝合并明细损坏，不吞掉损坏记录 (0.047708ms)
✔ 拒绝改派任务身份，不吞掉损坏记录 (0.037833ms)
✔ 拒绝不安全序号，不吞掉损坏记录 (0.042833ms)
✔ 拒绝重复Map键，不吞掉损坏记录 (0.043625ms)
✔ 拒绝current非数组，不吞掉损坏记录 (0.039834ms)
✔ 拒绝current孤儿，不吞掉损坏记录 (0.044667ms)
✔ 拒绝current跨任务，不吞掉损坏记录 (0.049833ms)
✔ 拒绝current重复引用，不吞掉损坏记录 (0.037584ms)
✔ 拒绝审计孤儿，不吞掉损坏记录 (0.037041ms)
✔ 已保存实体损坏编号、缺少meta或重复meta不能伪造正常空源 (0.157917ms)
✔ 未登记key及空白JSON拒绝；null明确代表没有覆盖 (0.056834ms)
✔ 备份校验拒绝未知来源集合、伪造迁移身份及丢失检查点实体 (2.539875ms)
✔ 四类静态运行任务的删除标记完整往返，拒绝混入业务字段或假删除 (0.430625ms)
✔ 分配副产物按实体保存；合同、样衣及PPIC责任保留独立序号 (0.915417ms)
✔ 拒绝缺失渲染必需快照的合同，防止迁移清源后才暴露损坏 (0.082916ms)
✔ 关联实体损坏拒绝 unknown:X (0.067834ms)
✔ 关联实体损坏拒绝 material-context:A (0.035542ms)
✔ 关联实体损坏拒绝 return-sequence:value (0.039208ms)
✔ 关联实体损坏拒绝 sla-current:T (3.861459ms)
✔ 生产创建匹配来源按生产单身份校验并完整恢复 (0.33575ms)
✔ 工厂结束事实只允许明确任务、操作人和时间 (4.048208ms)
✔ 既有招标定标记录保留真实来源编号并校验价格与操作人 (1.162708ms)
✔ 开工交出单头只包含首次零交出事实，拒绝伪造数量和身份 (0.2555ms)
(node:67714) ExperimentalWarning: localStorage is not available because --localstorage-file was not provided.
(Use `node --trace-warnings ...` to show where the warning was created)
✔ 同分配的同名 A/B 面料分别新增和打印；第二面料不被第一范围替代 (166.106667ms)
(node:67715) ExperimentalWarning: localStorage is not available because --localstorage-file was not provided.
(Use `node --trace-warnings ...` to show where the warning was created)
✔ 分配 SKU 的需料不同；多尺码共料去重，名称含朴排除 (1.858917ms)
✔ 完整但全是朴为空集合；缺颜色映射或空名称属于资料错误 (0.443125ms)
✔ 同名不同编码面料不混并；BOM 身份歧义阻断 (0.259208ms)
✔ 交出回执从快照保留三种明细，Yard 与米不进入裁片数量 (0.8965ms)
✔ 回执任务读取保持数组身份；只在事实变更后重新投影 (0.315291ms)
✔ 款式需料读取的配置查询只返回独立副本，不能污染下次来源读取 (1.137291ms)
✔ 来源读取失败时不能把不可用哨兵值当作稳定分配继续保存 (0.451709ms)
✔ 历史裁片实交保留原数量与归属，其他集合不混入 (0.619542ms)
✔ 历史缺原版本、交错明细、负数量或记录身份错误均阻断恢复 (0.300792ms)
✔ 面辅料单不可写入退役裁片历史，未完成迁移标记不可恢复 (0.112958ms)
✔ 并发调用复用同一个模块加载 Promise，成功后继续复用结果 (0.796084ms)
✔ 模块加载失败后清空缓存，下一次调用可以重试 (0.287166ms)
(node:67719) ExperimentalWarning: localStorage is not available because --localstorage-file was not provided.
(Use `node --trace-warnings ...` to show where the warning was created)
✔ CONTRACT-005: native legacy task fixture exposes the actual missing allocation date at PDA and progress board entries (1545.175792ms)
(node:67720) ExperimentalWarning: localStorage is not available because --localstorage-file was not provided.
(Use `node --trace-warnings ...` to show where the warning was created)
✔ CONTRACT-002: later factory acceptance retains its fact without postponing business allocation deadlines (0.927042ms)
✔ CONTRACT-002: missing business allocation time produces a visible verification gap instead of acceptance-based deadlines (0.188125ms)
✔ CONTRACT-002: historical acceptance-based snapshots remain intact but cannot establish current contract deadlines (0.305125ms)
✔ CONTRACT-002: shared PDA and progress board show missing allocation dates without claiming zero-receipt tasks are complete (0.530458ms)
✔ CONTRACT-002: confirmed dates still show the next contractual node and complete only after all 100 pieces are received (0.419791ms)
✔ CONTRACT-002: outsourcing tracking uses allocation dates for tender tasks and marks missing dates as unverified (16.34775ms)
(node:67721) ExperimentalWarning: localStorage is not available because --localstorage-file was not provided.
(Use `node --trace-warnings ...` to show where the warning was created)
✔ 刷新时静态样衣命令重建不重放到已移交的持久用户状态，构造失败恢复输入 (12.225208ms)
✔ 独立打印外壳只命中完整生产确认单打印路由 (5.245167ms)
✔ 既有固定打印路由仍使用独立打印外壳 (0.136ms)
(node:67725) ExperimentalWarning: localStorage is not available because --localstorage-file was not provided.
(Use `node --trace-warnings ...` to show where the warning was created)
✔ TP-ID-002: FCS live hydration cannot change the static 26 identities or their numeric sequence (14.9865ms)
✔ TP-DATA-001: baseline has 20 actual complete formal versions and three plus three draft review states (3.423875ms)
✔ TP-ROUTE-001: all twenty formal routes have three resolvable dye→print→wash chains and five two-craft pieces (362.034667ms)
✔ TP-ID-001: ID is persisted independent of ordering and next identity uses the global maximum (1.5555ms)
✔ TP-LEGACY-001: exact old static copies project read-only, preserve source identities and preserve changed records or content (58.262292ms)
✔ TP-LEGACY-002: repository reads old demo without writes; new legacy-source creation is rejected (464.866333ms)
✔ TP-LEGACY-003: early release content upgrades after person maintenance but genuine technical edits remain intact (5.050959ms)
✔ TP-PAGE-001: route rendering preserves stored IDs and hides objects without additional processing (115.912208ms)
✔ TP-PERSON-001: valid maintenance retains published content, records a log, and rejects wrong-role candidates (358.286959ms)
✔ technical version working-copy reads do not write and failed staging preserves data (first visit) (557.120416ms)
✔ technical version working-copy reads do not write and failed staging preserves data (saved data) (665.121667ms)
[PMS_IDB_LOAD_FAILED] { message: '当前浏览器不支持 IndexedDB,PMS 业务数据无法持久化。' }
✔ 五类页面共享采购到交出的串联 Mock，重复初始化不重置执行事实 (485.765292ms)
✔ 补齐串联 Mock 时压缩历史大签名，避免浏览器存储接近上限导致页面路由失败 (278.144917ms)
✔ 三个中央工厂在组织目录与执行工厂中身份一致且仅出现一次 (0.4715ms)
✔ 花边角色与采购映射归属TMF但供应方仍保留独立身份 (0.08325ms)
✔ 橡筋定长切割仍归SPF，不成为TMF织带截断任务 (0.094666ms)
✔ 旧浏览器组织记录迁移后不与权威TMF并存且保留已有联系人 (4.115917ms)
(node:67741) ExperimentalWarning: localStorage is not available because --localstorage-file was not provided.
(Use `node --trace-warnings ...` to show where the warning was created)
✔ 连续织带实际650米交出→648+2实收→染色可用650，仓库和用料保持米制且无公斤换算 (15.277208ms)
✔ 连续长度口径不可用于纱线/码制，普通辅料仍要求实际称重 (1.9185ms)
✔ 原生连续辅料染色650→640：实际工厂实收及用料驱动加工，使用对象对应蓝色织带参考图 (603.678458ms)
✔ TMF 旧存储迁移：旧数据成功保存后才删除旧键并报告完成 (143.049042ms)
✔ TMF 旧存储迁移：存储不支持删除时保留旧键且不报告迁移完成 (163.564541ms)
✔ TMF 旧存储迁移：删除失败时保留旧键且不报告迁移完成 (132.605833ms)
✔ TMF 旧存储迁移：JSON 解析失败保留旧数据，不写入目标 (132.327334ms)
✔ TMF 旧存储迁移：格式校验失败保留旧数据，不写入目标 (142.735125ms)
✔ TMF 旧存储迁移：目标事务中止保留旧数据与原目标，不报告完成 (165.258375ms)
✔ 织带与绳子参考档案接入实际物料库，保留图片来源和未确认尺寸，不替换橡筋 (201.388375ms)
✔ 同分钟新建不同幅宽织带和绳径主档不共用 SPU 身份，SKU 保持各自父档与主单位 (37.32875ms)
✔ TMF半成品SKU按SPU→潘通色号→颜色→花型生成，长度和端头不进入SKU (0.189584ms)
(node:67744) ExperimentalWarning: localStorage is not available because --localstorage-file was not provided.
(Use `node --trace-warnings ...` to show where the warning was created)
✔ TMF发布采用链：技术包发布门禁→审核发布→启用→生产单采用→生成织带加工需求 (1955.266042ms)
✔ TMF发布门禁：含织带截断工序但规格未补齐的采用版本不能发布 (482.715875ms)
✔ 正式生产路线只关联相邻同BOM同SKU的染色→印花，不生成数量或修改来源 (1.071125ms)
✔ 跨单/版本/工序/用途/SKU/单位、缺工厂与已有其他接收单都不能接续 (0.268125ms)
✔ 印花连续辅料仅接同版本同BOM的直接截断节点，不修改SKU和数量 (0.726125ms)
✔ 染色来源已绑定印花时拒绝直接截断，不读取不存在的顶层字段 (0.258916ms)
✔ TMF V1 原型范围、工厂身份和现场默认参数已冻结 (0.794958ms)
✔ TMF 风险动作默认要求主管与二次确认，采购行身份不可丢失 (0.175959ms)
[PMS_IDB_LOAD_FAILED] { message: '当前浏览器不支持 IndexedDB,PMS 业务数据无法持久化。' }
[PMS_IDB_UNAVAILABLE] put 跳过,数据仅保留在内存 { store: 'pmsMaterialPurchaseOrderDeltas', key: 'CGF-2026-0007' }
[PMS_IDB_UNAVAILABLE] put 跳过,数据仅保留在内存 { store: 'pmsMaterialPurchaseOrderDeltas', key: 'CGF-2026-0009' }
[PMS_IDB_UNAVAILABLE] put 跳过,数据仅保留在内存 { store: 'pmsMaterialPurchaseOrderDeltas', key: 'CGF-2026-0009' }
{"scenario":"N02","scope":"业务动作主链含纱线重量账；含端头辅材采购实收；不含PCS发布采用页面、纱线采购上游","purchaseReceived":1300,"productionReceived":1000,"warehouseContinuousM":30,"netCutM":1260,"lossM":10,"headUnit":"个","headReceived":2020,"headRemaining":15}
[PMS_IDB_UNAVAILABLE] put 跳过,数据仅保留在内存 { store: 'pmsMaterialPurchaseOrderDeltas', key: 'CGF-2026-0010' }
[PMS_IDB_UNAVAILABLE] put 跳过,数据仅保留在内存 { store: 'pmsMaterialPurchaseOrderDeltas', key: 'CGF-2026-0010' }
{"scenario":"N03","scope":"业务动作主链含纱线重量账；含端头辅材采购实收；不含PCS发布采用页面、纱线采购上游","purchaseReceived":60,"productionReceived":100,"warehouseContinuousM":9,"netCutM":50,"lossM":1,"headUnit":"个","headReceived":202,"headRemaining":1}
[PMS_IDB_UNAVAILABLE] put 跳过,数据仅保留在内存 { store: 'pmsMaterialPurchaseOrderDeltas', key: 'CGF-2026-0011' }
[PMS_IDB_UNAVAILABLE] put 跳过,数据仅保留在内存 { store: 'pmsMaterialPurchaseOrderDeltas', key: 'CGF-2026-0011' }
{"scenario":"N04","scope":"业务动作主链含纱线重量账；含端头辅材采购实收；不含PCS发布采用页面、纱线采购上游","purchaseReceived":100,"productionReceived":50,"warehouseContinuousM":34,"netCutM":65,"lossM":1,"headUnit":"kg","headReceived":0.2,"headRemaining":0.04}
[PMS_IDB_UNAVAILABLE] put 跳过,数据仅保留在内存 { store: 'pmsMaterialPurchaseOrderDeltas', key: 'CGF-2026-0012' }
[PMS_IDB_UNAVAILABLE] put 跳过,数据仅保留在内存 { store: 'pmsMaterialPurchaseOrderDeltas', key: 'CGF-2026-0012' }
{"scenario":"B06","scope":"规范数量动作链；塑料头从仓库实收事实开始，补购基础生产未虚构纱线配方；不代表全部页面验收","continuous":9,"productionReceived":1000,"scrapped":100,"scrappedMeters":120,"loss":11,"metalRemaining":15,"plasticRemaining":2}
{"scenario":"N05","mergedBatch":"FULL-N05-MERGED","purchaseReceivedM":120,"mergedIssuedM":102,"mergedProducedPieces":200,"productionReceivedByOrder":[100,100],"warehouseContinuousM":19,"lossM":1,"returnedM":1}
{"scenario":"B17","mergedBatch":"FULL-B17-MERGED","purchaseReceivedM":120,"mergedIssuedM":102,"mergedProducedPieces":200,"productionReceivedByOrder":[100,100],"warehouseContinuousM":19,"lossM":1,"returnedM":1}
{"scenario":"N01","rawReceivedKg":12,"consumedKg":10,"returnedKg":1,"factoryRemainingKg":1,"semiFinishedReceivedM":1000}
{"scenario":"N02","rawReceivedKg":12,"consumedKg":10,"returnedKg":1,"factoryRemainingKg":1,"semiFinishedReceivedM":1300}
{"scenario":"N03","rawReceivedKg":12,"consumedKg":10,"returnedKg":1,"factoryRemainingKg":1,"semiFinishedReceivedM":60}
{"scenario":"N04","rawReceivedKg":12,"consumedKg":10,"returnedKg":1,"factoryRemainingKg":1,"semiFinishedReceivedM":100}
{"scenario":"N05","rawReceivedKg":12,"consumedKg":10,"returnedKg":1,"factoryRemainingKg":1,"semiFinishedReceivedM":120}
{"scenario":"PRINTBACK-source-fixture","nativePrint":{"inputM":650,"outputM":630,"lossM":20,"outputImage":"MISSING_BLOCKED"},"sourceDispatched":630,"actualReceived":630,"cutMeters":620,"lossMeters":2,"returnedMeters":8,"baseLeftMeters":350,"scope":"原生印花650→630已独立重放；下游630米交出仍为专项夹具，不替代缺图正式交出或N01完整上游"}
{"scenario":"B09-downstream-recovery","basePhysicalM":350,"otherReservedM":350,"baseAvailableM":0,"processedReturnM":8,"productionPieces":[400,600],"scope":"含实际占用失败、释放、发料及印花回料后全链；原生印染20米损耗未执行，不是完整B09通过"}
{"scenario":"B05-cut-recovery","received":[400,600],"frozenPieces":10,"frozenLengthMm":500,"continuous":2.5,"cutLoss":2.5,"upstreamScope":"印花630米已交出为外部专项夹具，不冒充原生印染20米损耗或全N01"}
(node:67752) ExperimentalWarning: localStorage is not available because --localstorage-file was not provided.
(Use `node --trace-warnings ...` to show where the warning was created)
✔ N01～N05：通过现有 PMS 入口下达，每条采购链从零执行到仓库实收；交出不提前增加库存 (14.444292ms)
✔ 半成品加工没有原料实收和足量耗用时禁止产出，补齐同一原料链后才能填报 (10.044417ms)
✔ MOCK-007：规范场景使用同一采购行、基础单和生产需求身份，不复制孤立页面 Mock (4.003083ms)
✔ MOCK-009：重置只重载隔离的运行态，不清除用户浏览器数据 (0.402209ms)
✔ B01/B03：短收保留在途和采购缺口；重复扫描、生成和刷新不双记 (0.885125ms)
✔ B02/B04：多收、错 SKU、错仓和无权限动作不改变任意下游数量；恢复后正常收齐 (1.61575ms)
✔ OVR-001～003：超产与超收须主管二次确认，计划不扩、幂等且下游一致 (6.580333ms)
✔ MASTER-001～003/005：采购与端头采购映射原型内建主档，缺失阻断且身份稳定 (7.150333ms)
✔ MASTER-004：映射前历史记录保留原快照与未映射标记，不批量改写 (0.357291ms)
✔ TERM-001～005：取消后终止处置台逐项决定，未处置不得结案且数量对账守恒 (9.713084ms)
✔ 终止连续余料：实物余量只扣一次报废，拒绝超量且剩余数量可继续处置 (10.413334ms)
✔ GAP-TERM-004：上游未收与生产在途分别确认去向，不可重复登记 (0.784959ms)
✔ DYE-001～003：染色直交织带厂按实际交出分配实收，追溯原染色单且不重复扣料 (499.135167ms)
✔ 采购追加：未开始同步计划，已执行保留原计划和实物并处理变更 (6.600917ms)
✔ B21：保存失败不报成功、不留部分库存；成功后刷新读取同一采购和收货事实 (1.6035ms)
✔ 采购→两种规格截断→拆包回仓→分配发料→生产实收：短收保留缺口，库存及采购不双记 (29.0135ms)
✔ B09：其他需求占用400米时不能再占650；释放50后恢复，错误发料不改变库存 (8.676167ms)
✔ 需求来源：同尺码不同成衣SKU分别保留，BOM适用范围生效，错误快照和重复工序阻断 (0.598875ms)
✔ 待打头条料不计合格产出；超公差实物记不良且照实扣下料当量，未实收不可截断 (38.30125ms)
✔ N04：采购100米→单端硅胶按kg实耗→回仓发料→生产实收50根，连续料剩34米 (31.93925ms)
✔ B15：截断后取消保留1000根在制和1260米当量，释放未发占用并只退连续余料 (27.509292ms)
✔ 已回仓部分发料后取消：释放未发分配，冻结实存，已发在途保留且实收不恢复需求 (22.313209ms)
✔ N02规范数值：采购→实际加工→生产实收及米料/辅材退仓整链 (86.756209ms)
✔ N03规范数值：采购→实际加工→生产实收及米料/辅材退仓整链 (70.458375ms)
✔ N04规范数值：采购→实际加工→生产实收及米料/辅材退仓整链 (69.908ms)
✔ B06规范恢复：误装100根报废→补购100米并补做→生产实收1000根，三套实物账守恒 (153.569333ms)
✔ N05合并批：120米采购→102米合并投入→两生产单各实收100，B17独立副本拆100为40+60 (99.324ms)
✔ B17合并批：120米采购→102米合并投入→两生产单各实收100，B17独立副本拆100为40+60 (115.971625ms)
✔ N01～N05基础原料重量账：源仓实收→发出→工厂实收→耗用/余料→原仓实收，与米制产出独立 (270.265ms)
✔ 主生产单暂停/取消直接限制织带执行，已发实收保留且取消处置释放未发占用 (78.777458ms)
✔ 冷启动及旧标签页均读取已保存主单限制，损坏来源不默许执行 (0.330042ms)
✔ 印花交出按两种长度分配，原单分次实收唯一记账，随后截断/回仓/领料守恒 (412.381542ms)
✔ 主单离页保存保留其他页取消及新增单，同单并发编辑和存储失败不覆盖 (2.895334ms)
✔ 技术包换版后旧规格冻结，已交出的仓库及生产在途可实收且不改旧长度 (69.471958ms)
✔ 未发料换版释放旧占用，新需求从备料至生产实收，旧预览和已执行重算阻断 (107.213458ms)
✔ 已加工换版：旧200条冻结并释放未发分配，新550/700mm需求实收1000条，旧预览失效且库存守恒 (146.902125ms)
✔ B05实际410/590错配：短条余量冻结，连续余料8米补10条700mm至两规格生产实收 (250.960042ms)
✔ 加工计划时间独立保存：明确时区、并发版本阻断、实际节点不倒推开完工且库存不变 (30.462ms)
✔ 加工单费用按技术包需求计价：单位、币种和版本可追溯，库存与实收不被费用动作改变 (20.364167ms)
✔ 织带加工单没有接单或开工门禁，投入实收后可直接加工填报 (59.624084ms)
✔ B23未执行采购1000减900：版本留痕、旧预览阻断、重新确认接受后900实际生产实收 (55.424583ms)
✔ B24实收1000退100：仓库交出与TMF分次实收独立，原收保留且净900后减量 (94.122459ms)
✔ 采购取消门禁：无执行事实可取消，已收货或已生产必须先处置不能直接结案 (51.776084ms)
[PMS_IDB_LOAD_FAILED] { message: '当前浏览器不支持 IndexedDB,PMS 业务数据无法持久化。' }
[PMS_IDB_UNAVAILABLE] put 跳过,数据仅保留在内存 { store: 'pmsMaterialPurchaseOrderDeltas', key: 'CGF-2026-0007' }
[PMS_IDB_LOAD_FAILED] { message: '当前浏览器不支持 IndexedDB,PMS 业务数据无法持久化。' }
[PMS_IDB_LOAD_FAILED] { message: '当前浏览器不支持 IndexedDB,PMS 业务数据无法持久化。' }
[PMS_IDB_LOAD_FAILED] { message: '当前浏览器不支持 IndexedDB,PMS 业务数据无法持久化。' }
[PMS_IDB_UNAVAILABLE] put 跳过,数据仅保留在内存 { store: 'pmsMaterialPurchaseOrderDeltas', key: 'CGF-2026-0007' }
[PMS_IDB_UNAVAILABLE] put 跳过,数据仅保留在内存 { store: 'pmsMaterialPurchaseOrderDeltas', key: 'CGF-2026-0007' }
[PMS_IDB_UNAVAILABLE] put 跳过,数据仅保留在内存 { store: 'pmsMaterialPurchaseOrderDeltas', key: 'CGF-2026-0007' }
[PMS_IDB_LOAD_FAILED] { message: '当前浏览器不支持 IndexedDB,PMS 业务数据无法持久化。' }
[PMS_IDB_LOAD_FAILED] { message: '当前浏览器不支持 IndexedDB,PMS 业务数据无法持久化。' }
[PMS_IDB_LOAD_FAILED] { message: '当前浏览器不支持 IndexedDB,PMS 业务数据无法持久化。' }
✔ PMS采购实际仓库实收与原料库存一次保存；分批、刷新、原料使用和退回均不重复履约 (179.560334ms)
✔ 历史手工到货及不支持的单位不能直接变成投入料可用库存 (0.601167ms)
✔ 首次实收前供应商确认与关闭可刷新恢复，保存失败和损坏存储不会覆盖状态 (0.79075ms)
✔ N01采用路线按染色→印花关联原单，多尺码不重复列工序，不修改印染数量 (2.2935ms)
✔ 旧版本、错误SKU、码制单位、取消或变更待处理均不作为有效关联 (0.508458ms)
✔ 同号不同生产单或BOM不得关联，重复来源不静默选择，混合快照阻断 (0.514875ms)
✔ 编辑器按尺码保留规格，截断打头不新建SKU，重复保存沿用节点身份 (1.939458ms)
✔ 无印染要求时 TMF 路线只生成截断节点，不凭空生成染色或印花节点 (0.130917ms)
✔ 前序印染产出SKU作为截断投入；保留独立橡筋工艺，移除打头后下游连接截断 (0.689917ms)
✔ 未明确打头、错误辅料BOM、无半成品和不合法前序不能生成可执行路线 (0.334208ms)
(node:67758) ExperimentalWarning: localStorage is not available because --localstorage-file was not provided.
(Use `node --trace-warnings ...` to show where the warning was created)
✔ N01：400 条 50CM 和 600 条 70CM 分行计算，共 620 米；未增加 SKU (1.419292ms)
✔ 缺少尺码数量、非整数条数、公差或测量条件时不猜测需求 (0.358708ms)
✔ B07：未选择打头、缺少端头方式或辅材不能确认；支持两端不同端头 (0.255708ms)
✔ N04/B08：硅胶按重量且必须有覆盖长度，不作为独立金属头计数 (0.101125ms)
✔ B18：打头只能承接对应截断条料，不能换 SKU、换长度或重新领连续料 (0.263209ms)
✔ N05：规格相同可以合并，但尺码、用途和需求身份不靠物理规格键代替 (0.092125ms)
✔ B14：修改后续版本端头要求不能污染生产单历史快照 (0.654083ms)
✔ 发布门禁：含织带截断工序的技术包必须规格完整且规格仍关联当前 BOM (0.165916ms)
(node:67759) ExperimentalWarning: localStorage is not available because --localstorage-file was not provided.
(Use `node --trace-warnings ...` to show where the warning was created)
✔ 已提交新周期可由真实袋档案进入历史，错误袋和未知周期仍拒绝 (1.353625ms)
(node:67760) ExperimentalWarning: localStorage is not available because --localstorage-file was not provided.
(Use `node --trace-warnings ...` to show where the warning was created)
✔ REPLACEMENT_FABRIC 已绑定有效同生产单任务保留归属，不按部位裁片SKU消除 (24.243791ms)
✔ REPLACEMENT_FABRIC 未绑定票不猜任务，可由用户明确同批加入 (7.939125ms)
✔ REPLACEMENT_FABRIC old-factory 旧绑定不可作为当前任务沿用 (6.826292ms)
✔ REPLACEMENT_FABRIC other-order 旧绑定不可作为当前任务沿用 (7.641292ms)
✔ BINDING_STRIP 已绑定有效同生产单任务保留归属，不按部位裁片SKU消除 (6.950875ms)
✔ BINDING_STRIP 未绑定票不猜任务，可由用户明确同批加入 (6.825334ms)
✔ BINDING_STRIP old-factory 旧绑定不可作为当前任务沿用 (6.85075ms)
✔ BINDING_STRIP other-order 旧绑定不可作为当前任务沿用 (6.583ms)
ℹ tests 772
ℹ suites 0
ℹ pass 772
ℹ fail 0
ℹ cancelled 0
ℹ skipped 0
ℹ todo 0
ℹ duration_ms 22972.80225
vite v6.4.3 building for production...
transforming...
✓ 2741 modules transformed.
Circular chunk: pcs-tech-pack-review -> pcs-tech-pack-bootstrap -> pcs-tech-pack-review. Consider disabling the "output.onlyExplicitManualChunks" option, as enabling it causes the static dependencies of the manual chunk "pcs-tech-pack-bootstrap" to be bundled into the chunk "pcs-tech-pack-review".
rendering chunks...
[plugin vite:reporter] 
(!) /Users/laoer/.codex/worktrees/9ec5/higoods/src/data/fcs/cut-piece-release.ts is dynamically imported by /Users/laoer/.codex/worktrees/9ec5/higoods/src/data/fcs/cutting/cut-piece-ticket-validity.ts, /Users/laoer/.codex/worktrees/9ec5/higoods/src/data/fcs/cutting/cut-piece-ticket-validity.ts, /Users/laoer/.codex/worktrees/9ec5/higoods/src/data/fcs/cutting/cutting-event-repository.ts, /Users/laoer/.codex/worktrees/9ec5/higoods/src/data/fcs/cutting/cutting-event-repository.ts, /Users/laoer/.codex/worktrees/9ec5/higoods/src/data/fcs/production-context-actions.ts but also statically imported by /Users/laoer/.codex/worktrees/9ec5/higoods/src/data/fcs/runtime-process-tasks.ts, /Users/laoer/.codex/worktrees/9ec5/higoods/src/data/fcs/sewing-assignment-readiness.ts, /Users/laoer/.codex/worktrees/9ec5/higoods/src/data/fcs/sewing-production-order-duration.ts, /Users/laoer/.codex/worktrees/9ec5/higoods/src/pages/fcs/material-prep/sewing.ts, /Users/laoer/.codex/worktrees/9ec5/higoods/src/pages/process-factory/cutting/cut-order-release-integration.ts, /Users/laoer/.codex/worktrees/9ec5/higoods/src/pages/process-factory/cutting/cut-piece-release.ts, /Users/laoer/.codex/worktrees/9ec5/higoods/src/pages/process-factory/cutting/cutting-daily-production-report-model.ts, /Users/laoer/.codex/worktrees/9ec5/higoods/src/pages/process-factory/cutting/supplement-management.ts, /Users/laoer/.codex/worktrees/9ec5/higoods/src/pages/sewing-outsourcing/tasks.ts, /Users/laoer/.codex/worktrees/9ec5/higoods/src/pages/unified-dispatch-workbench.ts, dynamic import will not move module into another chunk.

[plugin vite:reporter] 
(!) /Users/laoer/.codex/worktrees/9ec5/higoods/src/components/production-object-floating-entry.ts is dynamically imported by /Users/laoer/.codex/worktrees/9ec5/higoods/src/main.ts but also statically imported by /Users/laoer/.codex/worktrees/9ec5/higoods/src/components/shell.ts, dynamic import will not move module into another chunk.

[plugin vite:reporter] 
(!) /Users/laoer/.codex/worktrees/9ec5/higoods/src/data/fcs/printing-task-domain.ts is dynamically imported by /Users/laoer/.codex/worktrees/9ec5/higoods/src/data/fcs/dyeing-task-domain.ts, /Users/laoer/.codex/worktrees/9ec5/higoods/src/data/fcs/tmf-upstream-process-orders.ts, /Users/laoer/.codex/worktrees/9ec5/higoods/src/data/pms/tmf-material-purchases.ts, /Users/laoer/.codex/worktrees/9ec5/higoods/src/pages/process-factory/accessory/webbing/work-order-detail.ts, /Users/laoer/.codex/worktrees/9ec5/higoods/src/pages/process-factory/accessory/webbing/work-order-detail.ts but also statically imported by /Users/laoer/.codex/worktrees/9ec5/higoods/src/data/fcs/cutting/material-prep.ts, /Users/laoer/.codex/worktrees/9ec5/higoods/src/data/fcs/cutting/supplement-node-facts.ts, /Users/laoer/.codex/worktrees/9ec5/higoods/src/data/fcs/design-revision-material-transfer.ts, /Users/laoer/.codex/worktrees/9ec5/higoods/src/data/fcs/design-revision-process-work-order-adapter.ts, /Users/laoer/.codex/worktrees/9ec5/higoods/src/data/fcs/factory-receiving-links.ts, /Users/laoer/.codex/worktrees/9ec5/higoods/src/data/fcs/factory-receiving-source-sync.ts, /Users/laoer/.codex/worktrees/9ec5/higoods/src/data/fcs/mobile-execution-task-index.ts, /Users/laoer/.codex/worktrees/9ec5/higoods/src/data/fcs/pda-start-link.ts, /Users/laoer/.codex/worktrees/9ec5/higoods/src/data/fcs/printing-factory-demos.ts, /Users/laoer/.codex/worktrees/9ec5/higoods/src/data/fcs/printing-material-receipts.ts, /Users/laoer/.codex/worktrees/9ec5/higoods/src/data/fcs/printing-statistics.ts, /Users/laoer/.codex/worktrees/9ec5/higoods/src/data/fcs/printing-warehouse-view.ts, /Users/laoer/.codex/worktrees/9ec5/higoods/src/data/fcs/printing-work-order-business.ts, /Users/laoer/.codex/worktrees/9ec5/higoods/src/data/fcs/process-action-writeback-service.ts, /Users/laoer/.codex/worktrees/9ec5/higoods/src/data/fcs/process-execution-writeback.ts, /Users/laoer/.codex/worktrees/9ec5/higoods/src/data/fcs/process-mobile-task-binding.ts, /Users/laoer/.codex/worktrees/9ec5/higoods/src/data/fcs/process-warehouse-linkage-service.ts, /Users/laoer/.codex/worktrees/9ec5/higoods/src/data/fcs/process-web-status-actions.ts, /Users/laoer/.codex/worktrees/9ec5/higoods/src/data/fcs/process-work-order-domain.ts, /Users/laoer/.codex/worktrees/9ec5/higoods/src/data/fcs/process-work-order-generation-service.ts, /Users/laoer/.codex/worktrees/9ec5/higoods/src/data/fcs/production-demand-early-process-work-orders.ts, /Users/laoer/.codex/worktrees/9ec5/higoods/src/data/fcs/production-object-overview.ts, /Users/laoer/.codex/worktrees/9ec5/higoods/src/data/fcs/production-process-work-order-service.ts, /Users/laoer/.codex/worktrees/9ec5/higoods/src/data/fcs/production-task-breakdown.ts, /Users/laoer/.codex/worktrees/9ec5/higoods/src/data/fcs/task-print-cards.ts, /Users/laoer/.codex/worktrees/9ec5/higoods/src/pages/pcs-independent-sampling.ts, /Users/laoer/.codex/worktrees/9ec5/higoods/src/pages/pda-exec-detail.ts, /Users/laoer/.codex/worktrees/9ec5/higoods/src/pages/pda-exec.ts, /Users/laoer/.codex/worktrees/9ec5/higoods/src/pages/pda-task-receive.ts, /Users/laoer/.codex/worktrees/9ec5/higoods/src/pages/print/templates/printing-work-order-template.ts, /Users/laoer/.codex/worktrees/9ec5/higoods/src/pages/process-factory/cutting/production-order-overview-projection.ts, /Users/laoer/.codex/worktrees/9ec5/higoods/src/pages/process-factory/dyeing/pending-receipts.ts, /Users/laoer/.codex/worktrees/9ec5/higoods/src/pages/process-factory/printing/dashboards.ts, /Users/laoer/.codex/worktrees/9ec5/higoods/src/pages/process-factory/printing/dialogs.ts, /Users/laoer/.codex/worktrees/9ec5/higoods/src/pages/process-factory/printing/dispatch.ts, /Users/laoer/.codex/worktrees/9ec5/higoods/src/pages/process-factory/printing/events.ts, /Users/laoer/.codex/worktrees/9ec5/higoods/src/pages/process-factory/printing/presentation.ts, /Users/laoer/.codex/worktrees/9ec5/higoods/src/pages/process-factory/printing/shared.ts, /Users/laoer/.codex/worktrees/9ec5/higoods/src/pages/process-factory/printing/statistics.ts, /Users/laoer/.codex/worktrees/9ec5/higoods/src/pages/process-factory/printing/work-order-detail.ts, /Users/laoer/.codex/worktrees/9ec5/higoods/src/pages/process-print-orders.ts, /Users/laoer/.codex/worktrees/9ec5/higoods/src/pages/process-work-orders/early-process-management.ts, /Users/laoer/.codex/worktrees/9ec5/higoods/src/pages/production/demand-domain.ts, /Users/laoer/.codex/worktrees/9ec5/higoods/src/runtime/fcs/cutting/pickup-management-runtime.ts, dynamic import will not move module into another chunk.

computing gzip size...
dist/index.html                                                          12.98 kB │ gzip:   3.22 kB
dist/assets/pcs-pattern-parse.worker-B3_rAVMB.js                         18.52 kB
dist/assets/pcs-record-baseline-CsOqP6_g.json                         4,588.32 kB │ gzip: 234.61 kB
dist/assets/order-pages-BLg6Ma6N.css                                     85.42 kB │ gzip:  15.73 kB
dist/assets/index-C5Cl8Kpi.css                                          155.32 kB │ gzip:  25.51 kB
dist/assets/domain-snapshot-BmCn3OGq.js                                   0.34 kB │ gzip:   0.26 kB
dist/assets/sample-warehouse-projection-Cs1yTTaA.js                       0.39 kB │ gzip:   0.25 kB
dist/assets/pcs-engineering-bom-snapshot-source-DlXUWD87.js               0.41 kB │ gzip:   0.30 kB
dist/assets/real-qr-placeholder-CKA4YXlP.js                               0.52 kB │ gzip:   0.35 kB
dist/assets/pcs-record-bootstrap-CNqoFLuc.js                              0.56 kB │ gzip:   0.45 kB
dist/assets/dialogs-BubATXTu.js                                           0.59 kB │ gzip:   0.31 kB
dist/assets/design-revision-pcs-command-uv79z2_F.js                       0.68 kB │ gzip:   0.38 kB
dist/assets/pcs-storage-error-D2ucxlT-.js                                 0.71 kB │ gzip:   0.52 kB
dist/assets/badge-DbUQOZoe.js                                             0.78 kB │ gzip:   0.42 kB
dist/assets/images-Q79qfJD0.js                                            0.80 kB │ gzip:   0.35 kB
dist/assets/pms-export-CRZxW7LK.js                                        0.83 kB │ gzip:   0.50 kB
dist/assets/placeholder-Db96AsYD.js                                       0.85 kB │ gzip:   0.47 kB
dist/assets/pda-cutting-save-AwRIzuj7.js                                  0.89 kB │ gzip:   0.60 kB
dist/assets/trace-CABPJH4F.js                                             0.89 kB │ gzip:   0.51 kB
dist/assets/execution-prep-projection-helpers-GY1lHoqG.js                 0.94 kB │ gzip:   0.46 kB
dist/assets/history-Dp5kYeoj.js                                           0.94 kB │ gzip:   0.61 kB
dist/assets/payment-sync-CQ3pZCxD.js                                      0.97 kB │ gzip:   0.62 kB
dist/assets/tmf-reference-images-6geKcU1B.js                              0.98 kB │ gzip:   0.50 kB
dist/assets/print-service-CyrwQfQw.js                                     1.04 kB │ gzip:   0.52 kB
dist/assets/pda-sewing-self-return-mode-CVT5AEl1.js                       1.07 kB │ gzip:   0.54 kB
dist/assets/process-work-order-generation-service-D5Sadm7k.js             1.07 kB │ gzip:   0.65 kB
dist/assets/detail.adapter-_lGa80fq.js                                    1.08 kB │ gzip:   0.68 kB
dist/assets/material-purchase-references-B-ov7PVj.js                      1.09 kB │ gzip:   0.57 kB
dist/assets/routes-los-CpsLu1kL.js                                        1.14 kB │ gzip:   0.54 kB
dist/assets/dyeing-material-receipts-B7YB4oaB.js                          1.14 kB │ gzip:   0.75 kB
dist/assets/pda-runtime-COfU4-aa.js                                       1.21 kB │ gzip:   0.66 kB
dist/assets/tech-pack-DM4OioqI.js                                         1.28 kB │ gzip:   0.59 kB
dist/assets/overview-Czl6MUpI.js                                          1.29 kB │ gzip:   0.71 kB
dist/assets/process-work-order-source-view-mdCK6xTz.js                    1.30 kB │ gzip:   0.58 kB
dist/assets/transfer-bag-handover-mock-Cti4AjYb.js                        1.31 kB │ gzip:   0.71 kB
dist/assets/pcs-tech-pack-review-notification-repository-DVz55GVp.js      1.34 kB │ gzip:   0.59 kB
dist/assets/replacement-fabric-scan-BJ1flFaB.js                           1.34 kB │ gzip:   0.82 kB
dist/assets/work-order-action-policy-B_htTkaE.js                          1.34 kB │ gzip:   0.68 kB
dist/assets/real-qr-CPyuFUed.js                                           1.39 kB │ gzip:   0.80 kB
dist/assets/filter-bar-Ba0risiZ.js                                        1.49 kB │ gzip:   0.81 kB
dist/assets/factory-types-DbcizYGx.js                                     1.52 kB │ gzip:   0.65 kB
dist/assets/material-identity-xTXrZ7OI.js                                 1.54 kB │ gzip:   0.84 kB
dist/assets/supplement-material-prep-demand-registry-DI-N3DvB.js          1.56 kB │ gzip:   0.75 kB
dist/assets/task-handover-domain-CMZ0XUrd.js                              1.57 kB │ gzip:   0.76 kB
dist/assets/pda-cutting-wait-handover-actions-C6eNk_Ju.js                 1.58 kB │ gzip:   0.62 kB
dist/assets/warehouse-shared-DiZpv1z5.js                                  1.58 kB │ gzip:   0.51 kB
dist/assets/task-chain-pages-adapter-DOhy_MIK.js                          1.71 kB │ gzip:   0.84 kB
dist/assets/pcs-tech-pack-version-log-repository-DAzr8oog.js              1.73 kB │ gzip:   0.79 kB
dist/assets/real-barcode-BHpCtURR.js                                      1.81 kB │ gzip:   0.96 kB
dist/assets/tmf-upstream-receiving-n9qYnOGt.js                            1.82 kB │ gzip:   1.13 kB
dist/assets/fei-tickets-storage-7KaIHPKx.js                               1.85 kB │ gzip:   0.58 kB
dist/assets/list-export-C9GSOWp1.js                                       1.86 kB │ gzip:   1.09 kB
dist/assets/toast-BXUvgm0t.js                                             1.87 kB │ gzip:   0.90 kB
dist/assets/pcs-material-handoff-CRKLmUvG.js                              1.87 kB │ gzip:   0.92 kB
dist/assets/wool-pda-scan-CUk8EdwI.js                                     1.88 kB │ gzip:   1.03 kB
dist/assets/mixed-transfer-bag-ticket-DETTPWFm.js                         1.89 kB │ gzip:   0.79 kB
dist/assets/kol-goto-fixed-total-ledger-Bv4XTf5A.js                       1.93 kB │ gzip:   0.93 kB
dist/assets/table-DkUvzy2A.js                                             2.04 kB │ gzip:   1.02 kB
dist/assets/pcs-action-dialog-BDH5t3S9.js                                 2.09 kB │ gzip:   1.07 kB
dist/assets/binding-process-pda-scan-CgMoOnCp.js                          2.18 kB │ gzip:   1.13 kB
dist/assets/special-craft-pda-scope-CtNo-na7.js                           2.24 kB │ gzip:   1.02 kB
dist/assets/cutting-record-identity-CtTd0WGy.js                           2.26 kB │ gzip:   1.23 kB
dist/assets/cutting-file-maintenance-DXL6CqxC.js                          2.33 kB │ gzip:   1.23 kB
dist/assets/helpers-BFKa6pUf.js                                           2.42 kB │ gzip:   1.21 kB
dist/assets/mixed-bag-contents-dWkXqHiZ.js                                2.52 kB │ gzip:   1.35 kB
dist/assets/tmf-work-order-view-B8Cy6zzv.js                               2.56 kB │ gzip:   1.18 kB
dist/assets/production-context-recovery-CiEmY583.js                       2.56 kB │ gzip:   1.30 kB
dist/assets/factory-capacity-profile-mock-Dv5YtZGT.js                     2.64 kB │ gzip:   1.15 kB
dist/assets/pms-excel-import-DnMCWv6B.js                                  2.66 kB │ gzip:   1.32 kB
dist/assets/shared-mroQS0Hu.js                                            2.70 kB │ gzip:   1.02 kB
dist/assets/process-order-list-presentation-uk1TIisc.js                   2.71 kB │ gzip:   1.26 kB
dist/assets/post-finishing-spu-technical-parameters-DxfEt42J.js           2.79 kB │ gzip:   1.28 kB
dist/assets/marker-plan-projection-CkLzivyz.js                            2.82 kB │ gzip:   1.22 kB
dist/assets/process-order-task-relations-BCDyqUWC.js                      2.97 kB │ gzip:   1.29 kB
dist/assets/product-skus-CEt6Fukj.js                                      3.03 kB │ gzip:   0.96 kB
dist/assets/production-order-identity-BXkT_ynX.js                         3.04 kB │ gzip:   1.26 kB
dist/assets/tabs--aCvt7MO.js                                              3.09 kB │ gzip:   0.93 kB
dist/assets/dialogs-DJuMCSah.js                                           3.12 kB │ gzip:   1.28 kB
dist/assets/pda-cutting-runtime-action-inputs-C20h24Uc.js                 3.13 kB │ gzip:   1.08 kB
dist/assets/trade-subjects-B1U82DIE.js                                    3.16 kB │ gzip:   1.12 kB
dist/assets/cutting-mainline-CB6yj3eP.js                                  3.41 kB │ gzip:   1.53 kB
dist/assets/authorization-code-u-QywLZ1.js                                3.58 kB │ gzip:   1.72 kB
dist/assets/work-order-detail-qn2r-mrT.js                                 3.61 kB │ gzip:   1.51 kB
dist/assets/binding-process-warehouse-linkage-service-kdnMrduR.js         3.62 kB │ gzip:   1.38 kB
dist/assets/fcs-route-links-CdIu8Xoq.js                                   3.67 kB │ gzip:   1.20 kB
dist/assets/printing-sheet-preview-CcpmuEa5.js                            3.69 kB │ gzip:   1.76 kB
dist/assets/shared-CoejWedJ.js                                            3.72 kB │ gzip:   1.70 kB
dist/assets/confirmation-print-DnmoH2Lp.js                                3.73 kB │ gzip:   1.58 kB
dist/assets/quality-chain-adapter-D7zmt36w.js                             3.73 kB │ gzip:   1.66 kB
dist/assets/shared-BICC5L3s.js                                            3.87 kB │ gzip:   1.62 kB
dist/assets/task-route-card-4RGFpFIU.js                                   3.99 kB │ gzip:   1.72 kB
dist/assets/production-order-tech-pack-runtime-eeFm5vNq.js                4.02 kB │ gzip:   1.35 kB
dist/assets/sewing-outsourcing-demo-Cujr3Dwe.js                           4.05 kB │ gzip:   1.63 kB
dist/assets/task-delivery-card-CvV9vkaE.js                                4.05 kB │ gzip:   1.80 kB
dist/assets/pcs-product-reference-check-t4SatSxI.js                       4.06 kB │ gzip:   1.69 kB
dist/assets/tipping-form-BL7fSwIP.js                                      4.07 kB │ gzip:   2.02 kB
dist/assets/transfer-bag-repack-mock-GhhiLeln.js                          4.09 kB │ gzip:   1.89 kB
dist/assets/production-contract-print-BiXXbsMv.js                         4.11 kB │ gzip:   2.09 kB
dist/assets/transit-simple-lists-BaOTqrlZ.js                              4.17 kB │ gzip:   1.47 kB
dist/assets/pda-cutting-simple-cut-piece-handover-CBpMeNpz.js             4.29 kB │ gzip:   1.93 kB
dist/assets/supplement-order-registry-CHnc7juB.js                         4.49 kB │ gzip:   1.76 kB
dist/assets/tmf-process-print-preview-CRJvrspV.js                         4.59 kB │ gzip:   2.16 kB
dist/assets/form-DxtyRl7u.js                                              4.74 kB │ gzip:   1.40 kB
dist/assets/layout.helpers-B2KW1-EU.js                                    4.76 kB │ gzip:   1.73 kB
dist/assets/runtime-task-tenders-YGz6fHpq.js                              4.76 kB │ gzip:   1.94 kB
dist/assets/preparation-material-receipt-sources-yTkclHkn.js              4.76 kB │ gzip:   1.99 kB
dist/assets/relations-DiMYTMd5.js                                         4.80 kB │ gzip:   2.19 kB
dist/assets/sewing-outsourcing-responsibility--n-DUI74.js                 4.82 kB │ gzip:   2.10 kB
dist/assets/transit-dashboard-D6xgg4mE.js                                 4.85 kB │ gzip:   2.04 kB
dist/assets/result-list-DbyXVHAJ.js                                       4.94 kB │ gzip:   2.05 kB
dist/assets/store-domain-dispatch-process-cVSm5sml.js                     5.00 kB │ gzip:   1.94 kB
dist/assets/progress-board-7Jwt9Kpd.js                                    5.01 kB │ gzip:   2.22 kB
dist/assets/process-order-list-controller-DfyLxOZG.js                     5.09 kB │ gzip:   1.90 kB
dist/assets/cutting-event-migration-BVzjsbKS.js                           5.18 kB │ gzip:   2.07 kB
dist/assets/generated-cut-release-CAeP3U77.js                             5.23 kB │ gzip:   2.35 kB
dist/assets/material-requirements-CODMtaef.js                             5.27 kB │ gzip:   2.24 kB
dist/assets/tmf-upstream-process-orders-Z6A0-r21.js                       5.28 kB │ gzip:   2.45 kB
dist/assets/process-work-order-quality-settlement-CtVTUPRc.js             5.33 kB │ gzip:   2.20 kB
dist/assets/replacement-fabric-fei-tickets-DtBUNgLC.js                    5.63 kB │ gzip:   2.48 kB
dist/assets/tmf-process-continuation-B3hoPFRr.js                          5.66 kB │ gzip:   1.62 kB
dist/assets/dispatch-task-sheet-T_wHMMat.js                               5.72 kB │ gzip:   2.71 kB
dist/assets/pcs-product-information-BiuXGJJj.js                           5.79 kB │ gzip:   2.64 kB
dist/assets/dashboards-BKKzKI2w.js                                        5.79 kB │ gzip:   2.75 kB
dist/assets/process-order-three-axis-view-fK9t20Kn.js                     5.85 kB │ gzip:   2.36 kB
dist/assets/wls-page-handlers-D6cBXLBS.js                                 5.86 kB │ gzip:   2.09 kB
dist/assets/retired-cut-piece-pickup-history-C3S83-QS.js                  5.87 kB │ gzip:   2.37 kB
dist/assets/replacement-fabric-label-template-CS8P_J8l.js                 5.89 kB │ gzip:   2.61 kB
dist/assets/pda-cutting-nav-context-C2mv82Ab.js                           5.95 kB │ gzip:   1.41 kB
dist/assets/los-live-room-master-CxYToU8X.js                              5.97 kB │ gzip:   2.66 kB
dist/assets/transfer-bags-projection-BUJJ7rv6.js                          6.05 kB │ gzip:   2.38 kB
dist/assets/replacement-fabric-preview-C7gkD_zu.js                        6.05 kB │ gzip:   2.86 kB
dist/assets/fcs-pda-pickup-dispute-sHvdmi4H.js                            6.18 kB │ gzip:   2.19 kB
dist/assets/pda-wool-warehouse-flows-CWFASkoF.js                          6.23 kB │ gzip:   3.06 kB
dist/assets/warehouse-standard-eSA47dX6.js                                6.30 kB │ gzip:   2.10 kB
dist/assets/fact-view-BQpbRIGH.js                                         6.35 kB │ gzip:   2.11 kB
dist/assets/transfer-bag-goods-label-CRuzMT04.js                          6.46 kB │ gzip:   2.65 kB
dist/assets/production-contract-center-DlMbd7we.js                        6.62 kB │ gzip:   2.83 kB
dist/assets/workbench-CmgGGZRa.js                                         6.63 kB │ gzip:   2.67 kB
dist/assets/sewing-outsourcing-supplement-tracking-BsFKC-_i.js            6.63 kB │ gzip:   2.89 kB
dist/assets/cutting-task-routing-B1__zhGt.js                              6.65 kB │ gzip:   2.38 kB
dist/assets/factory-receiving-links-JmPwmG5N.js                           6.74 kB │ gzip:   2.72 kB
dist/assets/printing-work-order-template-VC2msT28.js                      6.77 kB │ gzip:   3.16 kB
dist/assets/routes-pda-B3Xcgooi.js                                        6.84 kB │ gzip:   2.60 kB
dist/assets/production-contract-master-template-B957I2uc.js               6.85 kB │ gzip:   2.74 kB
dist/assets/shared-CgkylZoL.js                                            6.86 kB │ gzip:   2.53 kB
dist/assets/routes-pcs-BSStkYTf.js                                        6.89 kB │ gzip:   1.86 kB
dist/assets/data-management-B-M4V5nK.js                                   6.99 kB │ gzip:   2.56 kB
dist/assets/material-handover-PsBcGXE2.js                                 7.06 kB │ gzip:   2.77 kB
dist/assets/stock-seed-Cj8lLuwm.js                                        7.11 kB │ gzip:   2.44 kB
dist/assets/dye-work-order-times-w7U4XCtx.js                              7.22 kB │ gzip:   2.55 kB
dist/assets/overview.helpers-BP2F5Yu8.js                                  7.36 kB │ gzip:   2.88 kB
dist/assets/pcs-channel-legacy-conversion-Dg3I_fD9.js                     7.40 kB │ gzip:   3.19 kB
dist/assets/shared-CcaRkXMu.js                                            7.43 kB │ gzip:   2.60 kB
dist/assets/settlement-flow-boundaries-DbkSNas3.js                        7.43 kB │ gzip:   2.53 kB
dist/assets/pcs-testing-order-create-C4N4Qcqm.js                          7.51 kB │ gzip:   2.93 kB
dist/assets/production-craft-dict-XhlR8UsB.js                             7.51 kB │ gzip:   2.82 kB
dist/assets/transit-warehouse-CGN4xIMS.js                                 7.54 kB │ gzip:   2.13 kB
dist/assets/craft-actions-BLrSMXEC.js                                     7.55 kB │ gzip:   3.39 kB
dist/assets/pcs-sample-label-CdSV8Lcl.js                                  7.68 kB │ gzip:   3.48 kB
dist/assets/supplement-node-facts-CKsHF9j1.js                             7.76 kB │ gzip:   2.84 kB
dist/assets/sewing-outsourcing-return-tracking-B-lCCSG8.js                7.91 kB │ gzip:   2.96 kB
dist/assets/tmf-process-sheet-template-C4z_11zh.js                        8.00 kB │ gzip:   3.80 kB
dist/assets/pda-transfer-bag-detail-B4kLMdE3.js                           8.06 kB │ gzip:   3.03 kB
dist/assets/statistics-DxYpcHrI.js                                        8.07 kB │ gzip:   2.64 kB
dist/assets/progress-exception-lifecycle-BJx0gSBY.js                      8.09 kB │ gzip:   2.70 kB
dist/assets/supplier-supply-archives-BlEcoBE_.js                          8.12 kB │ gzip:   2.59 kB
dist/assets/production-contracts-D82pAtEQ.js                              8.14 kB │ gzip:   2.78 kB
dist/assets/pda-notify-CTxVSFPH.js                                        8.35 kB │ gzip:   3.11 kB
dist/assets/milestone-configs-Bjenovj4.js                                 8.41 kB │ gzip:   2.94 kB
dist/assets/pcs-testing-order-list-Bfm_Cx1H.js                            8.51 kB │ gzip:   3.31 kB
dist/assets/pre-settlement-ledger-repository-C4flnvbR.js                  8.84 kB │ gzip:   3.02 kB
dist/assets/pcs-pattern-library-config-BvrJWJJ0.js                        8.84 kB │ gzip:   2.42 kB
dist/assets/pda-cutting-shared-CneKIsdm.js                                8.87 kB │ gzip:   2.73 kB
dist/assets/navigation-context-5GcHOdSg.js                                8.87 kB │ gzip:   2.46 kB
dist/assets/warehouses-bLRTZZxS.js                                        8.88 kB │ gzip:   2.11 kB
dist/assets/bom-templates-pmLI6Tbm.js                                     8.90 kB │ gzip:   3.70 kB
dist/assets/pda-cutting-execution-unit-CE_VSdN9.js                        9.06 kB │ gzip:   3.44 kB
dist/assets/machine-associations-B8ogcd1l.js                              9.16 kB │ gzip:   3.11 kB
dist/assets/fei-ticket-numbering-C5aWTEOQ.js                              9.21 kB │ gzip:   3.23 kB
dist/assets/pda-notify-detail-Dg-3nctV.js                                 9.24 kB │ gzip:   3.08 kB
dist/assets/material-process-plans-CbfOvh9c.js                            9.27 kB │ gzip:   3.68 kB
dist/assets/pda-execution-CGAhoVgQ.js                                     9.30 kB │ gzip:   3.69 kB
dist/assets/pda-cutting-fei-ticket-numbering-CXoth2a3.js                  9.31 kB │ gzip:   3.21 kB
dist/assets/handover-records-Cma9G1oo.js                                  9.35 kB │ gzip:   3.56 kB
dist/assets/workbench-C5LfK7RR.js                                         9.38 kB │ gzip:   3.86 kB
dist/assets/pda-warehouse-NfcVKk1Q.js                                     9.43 kB │ gzip:   3.75 kB
dist/assets/mobile-Da-7lKm-.js                                            9.53 kB │ gzip:   3.08 kB
dist/assets/sewing-pickup-slips-Bn9FHVVS.js                               9.65 kB │ gzip:   3.63 kB
dist/assets/dye-work-order-online-domain-OWLc6_jy.js                      9.78 kB │ gzip:   3.65 kB
dist/assets/routes-pms-BvcRASn1.js                                        9.80 kB │ gzip:   2.52 kB
dist/assets/production-receipts-COFLTO8M.js                               9.80 kB │ gzip:   3.95 kB
dist/assets/pda-cutting-transfer-bag-recovery-CBtJAMcA.js                 9.88 kB │ gzip:   4.03 kB
dist/assets/pending-receipts-D6WGHjPB.js                                  9.91 kB │ gzip:   4.09 kB
dist/assets/continuous-stock-CUpfvw46.js                                 10.09 kB │ gzip:   4.11 kB
dist/assets/statistics-gOd83UN7.js                                       10.10 kB │ gzip:   4.39 kB
dist/assets/trade-subjects-CsTMIbJH.js                                   10.26 kB │ gzip:   3.73 kB
dist/assets/pda-cutting-transfer-bag-scrap-DxlBCf8y.js                   10.26 kB │ gzip:   4.17 kB
dist/assets/production-return-fulfillment-B65_fTTw.js                    10.50 kB │ gzip:   4.00 kB
dist/assets/bom-templates-BPXPFe2s.js                                    10.52 kB │ gzip:   2.48 kB
dist/assets/settings-DJ9lUEeJ.js                                         10.73 kB │ gzip:   3.24 kB
dist/assets/product-skus-BcvgMIHG.js                                     10.74 kB │ gzip:   4.14 kB
dist/assets/yarn-shipments-CMPOoxBx.js                                   10.74 kB │ gzip:   4.84 kB
dist/assets/list-CwlWLCQF.js                                             10.77 kB │ gzip:   3.75 kB
dist/assets/transit-receipts-CAnUwUwx.js                                 10.99 kB │ gzip:   4.02 kB
dist/assets/cutting-event-repository-tA5msdeR.js                         11.09 kB │ gzip:   4.74 kB
dist/assets/production-context-actions-BsDrss7L.js                       11.14 kB │ gzip:   3.95 kB
dist/assets/presentation-BfSAbUSS.js                                     11.25 kB │ gzip:   4.64 kB
dist/assets/design-revision-pcs-storage-D2ozVRMd.js                      11.28 kB │ gzip:   4.27 kB
dist/assets/pda-exec-link-C7MK2QnO.js                                    11.31 kB │ gzip:   3.68 kB
dist/assets/material-prep-i0pqYDWO.js                                    11.39 kB │ gzip:   2.68 kB
dist/assets/dyeing-warehouse-view-B9n1lgXn.js                            11.49 kB │ gzip:   3.95 kB
dist/assets/pcs-engineering-preparation-projection-B5mKpcsJ.js           11.49 kB │ gzip:   4.26 kB
dist/assets/pda-login-BGGNO_-I.js                                        11.65 kB │ gzip:   4.51 kB
dist/assets/warehouses-9mabn3pK.js                                       11.73 kB │ gzip:   4.23 kB
dist/assets/purchase-suggestions-BDFLYHm3.js                             11.86 kB │ gzip:   3.70 kB
dist/assets/material-transfers-CqQuy_q6.js                               11.99 kB │ gzip:   4.21 kB
dist/assets/task-breakdown-pYC3UZ8F.js                                   12.16 kB │ gzip:   4.53 kB
dist/assets/pickup-management-runtime-BUYgdIvE.js                        12.25 kB │ gzip:   4.73 kB
dist/assets/task-execution-adapter-P4JaH0Q_.js                           12.26 kB │ gzip:   3.69 kB
dist/assets/process-statistics-domain-Bva7V_wQ.js                        12.33 kB │ gzip:   4.03 kB
dist/assets/pms-handlers-DFk6krhT.js                                     12.54 kB │ gzip:   2.89 kB
dist/assets/context-DeMCN7d3.js                                          13.02 kB │ gzip:   4.60 kB
dist/assets/cutting-record-repository-BVX1Idh6.js                        13.04 kB │ gzip:   4.66 kB
dist/assets/meta-DqPRPSX8.js                                             13.16 kB │ gzip:   2.95 kB
dist/assets/handover-records-SlNRTV6k.js                                 13.18 kB │ gzip:   4.14 kB
dist/assets/replacement-fabric-repository-Dxpe3NnI.js                    13.25 kB │ gzip:   5.40 kB
dist/assets/handover-print-WwA2ME4_.js                                   13.53 kB │ gzip:   4.95 kB
dist/assets/pda-start-link-5wzEVTPq.js                                   13.62 kB │ gzip:   4.81 kB
dist/assets/inventory-monitor-DWh4hYAi.js                                13.66 kB │ gzip:   4.78 kB
dist/assets/bom-detail-B__83e59.js                                       13.69 kB │ gzip:   4.97 kB
dist/assets/returns-DmdgHd4z.js                                          13.84 kB │ gzip:   5.13 kB
dist/assets/tmf-base-demo-DQnCi25b.js                                    13.92 kB │ gzip:   5.03 kB
dist/assets/wls-finished-inbound-C65Qp0nr.js                             13.92 kB │ gzip:   5.31 kB
dist/assets/work-orders-D-uPZsLG.js                                      13.98 kB │ gzip:   5.18 kB
dist/assets/wls-inbound-xVhYzscC.js                                      14.05 kB │ gzip:   5.48 kB
dist/assets/cut-piece-return-warehouse-DMFw2xTu.js                       14.20 kB │ gzip:   5.08 kB
dist/assets/runtime-DFUElxW1.js                                          14.28 kB │ gzip:   5.26 kB
dist/assets/pcs-technical-data-tech-pack-list-CqNJ7lQv.js                14.30 kB │ gzip:   4.92 kB
dist/assets/supplements-DJjHQpnb.js                                      14.34 kB │ gzip:   5.24 kB
dist/assets/mobile-execution-task-index-Uf6mvvxf.js                      14.41 kB │ gzip:   3.87 kB
dist/assets/post-finishing-qc-print-template-BxZnlfPy.js                 14.50 kB │ gzip:   4.47 kB
dist/assets/work-orders-GTeXpGP-.js                                      14.55 kB │ gzip:   4.95 kB
dist/assets/printing-sheet-template-Cdjf1OxJ.js                          14.58 kB │ gzip:   5.05 kB
dist/assets/manual-fei-tickets-CkP4gln2.js                               14.69 kB │ gzip:   5.02 kB
dist/assets/work-orders-D0o1j-U0.js                                      14.75 kB │ gzip:   4.78 kB
dist/assets/work-order-detail-DKa8H2wq.js                                14.84 kB │ gzip:   4.77 kB
dist/assets/dispatch-task-sheet-template-B61AzndO.js                     15.05 kB │ gzip:   6.00 kB
dist/assets/responsibility-transfers-1tTEF3hu.js                         15.10 kB │ gzip:   5.72 kB
dist/assets/workbench-BAVJ1VDd.js                                        15.76 kB │ gzip:   4.79 kB
dist/assets/cut-order-supplement-fixture-CaGsXyl0.js                     15.96 kB │ gzip:   4.83 kB
dist/assets/outbound-orders-C1vELx76.js                                  16.05 kB │ gzip:   5.21 kB
dist/assets/process-web-status-actions-Dwhpx-uf.js                       16.08 kB │ gzip:   4.30 kB
dist/assets/handover-ledger-view-B-Ard3ZI.js                             16.19 kB │ gzip:   4.46 kB
dist/assets/garment-spu-replacement-DmFCMPd4.js                          16.40 kB │ gzip:   5.03 kB
dist/assets/reports-D-eZyLBu.js                                          16.48 kB │ gzip:   4.26 kB
dist/assets/machines-CGgNCqvS.js                                         16.51 kB │ gzip:   5.51 kB
dist/assets/full-flow-print-MpDgnXpv.js                                  16.60 kB │ gzip:   5.54 kB
dist/assets/pcs-handlers-DaFVL9lG.js                                     16.60 kB │ gzip:   4.22 kB
dist/assets/payment-requests-Cbm4xm83.js                                 16.74 kB │ gzip:   5.49 kB
dist/assets/progress-handover-order-Cs53I5lm.js                          16.86 kB │ gzip:   5.02 kB
dist/assets/wls-garment-relabel-tasks-K9R0YV_F.js                        16.91 kB │ gzip:   5.59 kB
dist/assets/cut-order-release-integration-q84qsJ8T.js                    17.07 kB │ gzip:   6.11 kB
dist/assets/dispatch-acceptance-sla-Beaf93ZK.js                          17.15 kB │ gzip:   5.13 kB
dist/assets/sewing-cut-piece-return-workflow-BDjIpgfu.js                 17.21 kB │ gzip:   6.09 kB
dist/assets/part-ticket-records-DIsJIv7_.js                              17.36 kB │ gzip:   6.46 kB
dist/assets/pda-cutting-task-detail-BbgMWhsn.js                          17.37 kB │ gzip:   6.13 kB
dist/assets/product-purchase-orders-DB3GQdhE.js                          17.41 kB │ gzip:   5.22 kB
dist/assets/production-confirmation-BCXTLg30.js                          17.43 kB │ gzip:   5.94 kB
dist/assets/marker-spreading-projection-D185HHWa.js                      17.50 kB │ gzip:   5.54 kB
dist/assets/output-stock-DD1R2pe8.js                                     17.52 kB │ gzip:   6.59 kB
dist/assets/material-requirements-BeUdHgbj.js                            17.55 kB │ gzip:   5.99 kB
dist/assets/sewing-cut-piece-responsibility-D35OEXZ3.js                  17.63 kB │ gzip:   5.30 kB
dist/assets/pda-sewing-self-return-4M25zfJb.js                           17.68 kB │ gzip:   5.98 kB
dist/assets/simple-cut-piece-handover-fixtures-BKG4PWfe.js               17.74 kB │ gzip:   6.05 kB
dist/assets/cutting-runtime-event-ledger-DopcaVJV.js                     17.76 kB │ gzip:   6.13 kB
dist/assets/progress-cutting-detail-D0Q4wiUi.js                          17.80 kB │ gzip:   4.51 kB
dist/assets/bom-detail-C7JUkHCb.js                                       17.89 kB │ gzip:   5.78 kB
dist/assets/supplier-confirmations-Cv3LXoxm.js                           17.94 kB │ gzip:   5.32 kB
dist/assets/purchase-demands-C2Bdf74s.js                                 18.07 kB │ gzip:   5.81 kB
dist/assets/suppliers-DW0-j-lW.js                                        18.15 kB │ gzip:   5.27 kB
dist/assets/store-domain-pda-Bl4jkAiC.js                                 18.21 kB │ gzip:   6.41 kB
dist/assets/pda-notify-due-soon-pNhJ5bXS.js                              18.41 kB │ gzip:   6.28 kB
dist/assets/process-mobile-task-binding-CClVJbrp.js                      18.56 kB │ gzip:   6.49 kB
dist/assets/tasks-DivYRTQ_.js                                            18.57 kB │ gzip:   6.90 kB
dist/assets/platform-process-result-view-DEUUlOPW.js                     18.64 kB │ gzip:   5.37 kB
dist/assets/store-domain-statement-source-adapter-BDXWG88m.js            18.71 kB │ gzip:   5.37 kB
dist/assets/generated-cut-orders-BsX95Aoc.js                             18.72 kB │ gzip:   5.63 kB
dist/assets/sewing-outsourcing-workbench-BC2VXHcH.js                     18.76 kB │ gzip:   6.52 kB
dist/assets/supplier-supply-archives-DjqObSrR.js                         18.90 kB │ gzip:   5.79 kB
dist/assets/materials-1exrBy1u.js                                        18.93 kB │ gzip:   4.79 kB
dist/assets/pda-warehouse-shared-prN-00lu.js                             18.95 kB │ gzip:   5.69 kB
dist/assets/warehouse-CwMXiAvM.js                                        19.11 kB │ gzip:   6.11 kB
dist/assets/production-demand-early-process-work-orders-VvJFbE1L.js      19.13 kB │ gzip:   5.74 kB
dist/assets/events-Dbw2Mamq.js                                           19.21 kB │ gzip:   7.47 kB
dist/assets/platform.adapter-CuWKPXeE.js                                 19.25 kB │ gzip:   6.09 kB
dist/assets/kol-goto-pda-domain-BqaezGpu.js                              19.33 kB │ gzip:   6.58 kB
dist/assets/shared-BO2WUP3P.js                                           19.43 kB │ gzip:   5.25 kB
dist/assets/units-CInf-aJG.js                                            19.72 kB │ gzip:   5.89 kB
dist/assets/post-finishing-current-read-model-CZX4Z89D.js                19.77 kB │ gzip:   5.53 kB
dist/assets/stage-display-3gzFP43Z.js                                    19.84 kB │ gzip:   7.01 kB
dist/assets/factory-sample-verification-flow-DB_aoRbg.js                 19.86 kB │ gzip:   4.87 kB
dist/assets/adjustments-BX0u0nOY.js                                      19.94 kB │ gzip:   6.19 kB
dist/assets/pda-warehouse-inbound-records-BP25mcfA.js                    20.11 kB │ gzip:   5.85 kB
dist/assets/index-DI0glL9T.js                                            20.21 kB │ gzip:   5.22 kB
dist/assets/audit-records-Dnqjq4LQ.js                                    20.35 kB │ gzip:   6.65 kB
dist/assets/process-water-soluble-orders-BM_mTrJQ.js                     20.49 kB │ gzip:   6.42 kB
dist/assets/material-process-plans-Bi-NFFEF.js                           20.52 kB │ gzip:   7.57 kB
dist/assets/pda-warehouse-outbound-records-C1NTdfcu.js                   20.61 kB │ gzip:   6.08 kB
dist/assets/overview.adapter-BqAc-qhT.js                                 20.65 kB │ gzip:   6.53 kB
dist/assets/task-orders-BHL-HPXK.js                                      20.83 kB │ gzip:   7.17 kB
dist/assets/pcs-engineering-tech-pack-workspace-CqFHP1wu.js              21.00 kB │ gzip:   7.29 kB
dist/assets/shared-seed-CGi2rQR7.js                                      21.01 kB │ gzip:   6.23 kB
dist/assets/material-purchase-tracking-Dznj74Be.js                       21.11 kB │ gzip:   6.69 kB
dist/assets/events-Hz1s9Ypb.js                                           21.17 kB │ gzip:   6.55 kB
dist/assets/order-list-columns-C8JaRCNC.js                               21.20 kB │ gzip:   6.64 kB
dist/assets/los-live-rooms-CwaRwMau.js                                   21.23 kB │ gzip:   7.67 kB
dist/assets/pcs-testing-order-detail-DoFaLEQz.js                         21.30 kB │ gzip:   6.21 kB
dist/assets/pcs-engineering-master-view-model-D1tvDucc.js                21.39 kB │ gzip:   7.29 kB
dist/assets/suppliers-DQNFKY7m.js                                        21.68 kB │ gzip:   6.93 kB
dist/assets/tmf-domain-shared-CsnEeaO8.js                                21.88 kB │ gzip:   8.26 kB
dist/assets/routes-wls-Bp2h_El4.js                                       22.30 kB │ gzip:   7.24 kB
dist/assets/deduction-analysis-DOflEuRt.js                               22.40 kB │ gzip:   6.54 kB
dist/assets/fei-ticket-numbering-D5qiqLKU.js                             22.45 kB │ gzip:   6.47 kB
dist/assets/warehouse-location-map-model-BMzRpnZd.js                     22.51 kB │ gzip:   7.14 kB
dist/assets/subject-operations-BlcSeLKW.js                               22.61 kB │ gzip:   7.01 kB
dist/assets/tasks-DZ_Eg2sY.js                                            22.80 kB │ gzip:   7.29 kB
dist/assets/progress-statistics-linkage-zM5pysqw.js                      22.86 kB │ gzip:   6.54 kB
dist/assets/work-order-detail-BF4hFmD2.js                                22.92 kB │ gzip:   7.37 kB
dist/assets/cut-piece-handover-DTCO02XA.js                               22.98 kB │ gzip:   7.44 kB
dist/assets/qc-workbench-D4MCt5tM.js                                     23.03 kB │ gzip:   7.18 kB
dist/assets/recheck-orders-CTCPCMB1.js                                   23.18 kB │ gzip:   7.34 kB
dist/assets/cut-piece-returns-CKzZhxwE.js                                23.31 kB │ gzip:   7.20 kB
dist/assets/purchase-suggestions-Cpj-O9gc.js                             23.39 kB │ gzip:   7.33 kB
dist/assets/material-issue-DxHwwkfX.js                                   23.80 kB │ gzip:   5.92 kB
dist/assets/progress-cutting-overview-BjMJlP-U.js                        23.83 kB │ gzip:   5.72 kB
dist/assets/dye-work-order-online-view-Cwbe1SvS.js                       24.15 kB │ gzip:   8.20 kB
dist/assets/quality-deduction-selectors-Bz7gXRQQ.js                      24.26 kB │ gzip:   6.28 kB
dist/assets/production-order-duration-D4Ov3IiL.js                        24.27 kB │ gzip:   9.26 kB
dist/assets/production-context-records-Dq0WmM9t.js                       24.40 kB │ gzip:   8.62 kB
dist/assets/material-statements-BCpvclpz.js                              24.45 kB │ gzip:   6.73 kB
dist/assets/print-preview-BLLtMjNJ.js                                    24.57 kB │ gzip:   8.23 kB
dist/assets/process-order-task-links-DO9WRWdy.js                         24.68 kB │ gzip:   6.86 kB
dist/assets/retired-process-history-CJUukX0u.js                          24.75 kB │ gzip:   6.41 kB
dist/assets/dialogs-CiBBblk5.js                                          24.86 kB │ gzip:   6.14 kB
dist/assets/material-preparation-BDFjvvVw.js                             25.20 kB │ gzip:   8.79 kB
dist/assets/fcs-production-tech-pack-snapshot-CFiFSflK.js                25.35 kB │ gzip:   6.47 kB
dist/assets/kol-demands-7cbYKhWN.js                                      25.42 kB │ gzip:   7.39 kB
dist/assets/wls-fabric-demand-board-wWvVDsxp.js                          25.47 kB │ gzip:   6.84 kB
dist/assets/reconciliations-DMHaCGzo.js                                  25.55 kB │ gzip:   6.83 kB
dist/assets/machine-associations-B_VaexjJ.js                             25.62 kB │ gzip:   7.75 kB
dist/assets/process-print-orders-BG85-3Vb.js                             25.74 kB │ gzip:   8.56 kB
dist/assets/process-dye-orders-CpHGAhLq.js                               25.91 kB │ gzip:   8.64 kB
dist/assets/qc-orders-D_zPGNkN.js                                        25.94 kB │ gzip:   8.28 kB
dist/assets/pda-handlers-DFhehctW.js                                     26.66 kB │ gzip:   6.41 kB
dist/assets/marker-spreading-utils-BgVxair1.js                           26.71 kB │ gzip:   7.82 kB
dist/assets/simple-cut-piece-handover-ui-B2Y_Qee-.js                     27.01 kB │ gzip:  10.08 kB
dist/assets/warehouse-location-map-BqOg8e_9.js                           27.06 kB │ gzip:   7.08 kB
dist/assets/pda-warehouse-wait-handover-jwmphOFm.js                      27.57 kB │ gzip:   7.16 kB
dist/assets/progress-milestone-config-jaPCcHd_.js                        27.59 kB │ gzip:   6.16 kB
dist/assets/pcs-pattern-library-detail-C_atri7s.js                       27.67 kB │ gzip:   6.59 kB
dist/assets/pcs-config-workspace-repository-B7Uxal2i.js                  27.90 kB │ gzip:  10.56 kB
dist/assets/pda-wool-fact-execution-CCKi4KAm.js                          28.02 kB │ gzip:   9.35 kB
dist/assets/third-party-factory-rating-DNf64yiW.js                       28.13 kB │ gzip:   8.06 kB
dist/assets/print-styles-BjQBw8jj.js                                     28.31 kB │ gzip:   4.01 kB
dist/assets/sample-approval-suggestions-DveHwlM6.js                      28.32 kB │ gzip:   8.88 kB
dist/assets/factory-status-CaaHgi3C.js                                   28.43 kB │ gzip:   6.02 kB
dist/assets/source-document-detail-Bjdu4-Jl.js                           28.45 kB │ gzip:  10.53 kB
dist/assets/sample-warehouse-CP_-CNMq.js                                 28.47 kB │ gzip:   7.35 kB
dist/assets/marker-plan-source-model-CN89P7wR.js                         28.93 kB │ gzip:   8.49 kB
dist/assets/pcs-engineering-master-list-DzIVB4gb.js                      28.95 kB │ gzip:  10.09 kB
dist/assets/commands-BMpwFFbZ.js                                         29.05 kB │ gzip:   8.24 kB
dist/assets/pcs-engineering-master-detail-CLTH6FUJ.js                    29.30 kB │ gzip:   8.64 kB
dist/assets/warehouse-CMti9uUY.js                                        29.79 kB │ gzip:  10.06 kB
dist/assets/logistics-reconciliations-DflEOfSI.js                        30.17 kB │ gzip:   9.32 kB
dist/assets/production-order-progress-tracking-dA3XmkLF.js               30.52 kB │ gzip:  10.25 kB
dist/assets/material-reconciliations-BLsbzXnw.js                         30.57 kB │ gzip:   9.32 kB
dist/assets/progress-cutting-exception-center-ClAUTE-E.js                30.89 kB │ gzip:   7.19 kB
dist/assets/pcs-technical-data-B8swxYWe.js                               30.97 kB │ gzip:   8.42 kB
dist/assets/capability-g7UUBARK.js                                       31.65 kB │ gzip:   6.69 kB
dist/assets/replacement-fabric-fei-tickets-NDoXZ76b.js                   31.83 kB │ gzip:  10.92 kB
dist/assets/material-archives-CdHB9508.js                                31.85 kB │ gzip:   7.87 kB
dist/assets/factory-performance-D2Dyo3lp.js                              32.31 kB │ gzip:   6.74 kB
dist/assets/handover-orders-CxK9hy-Y.js                                  32.46 kB │ gzip:   9.20 kB
dist/assets/dialogs-Ci56B7bi.js                                          32.71 kB │ gzip:   9.87 kB
dist/assets/task-detail-CWea9TgU.js                                      32.81 kB │ gzip:   9.73 kB
dist/assets/effective-task-assignments-D86wIJww.js                       33.11 kB │ gzip:  11.03 kB
dist/assets/garment-spu-replacements-R_jm0Zn7.js                         33.13 kB │ gzip:   9.42 kB
dist/assets/process-warehouse-domain-rRSK8u7I.js                         33.27 kB │ gzip:   7.61 kB
dist/assets/pcs-tech-pack-bootstrap-BSOQZqM7.js                          33.31 kB │ gzip:   8.49 kB
dist/assets/cut-piece-return-domain-joaG8W8P.js                          33.41 kB │ gzip:   9.93 kB
dist/assets/store-domain-settlement-seeds-ClMw7tZ4.js                    33.72 kB │ gzip:   9.01 kB
dist/assets/pcs-pattern-library-DqOPlQyu.js                              33.73 kB │ gzip:   7.65 kB
dist/assets/warehouse-runtime-A9P200Dm.js                                33.87 kB │ gzip:   8.69 kB
dist/assets/pda-shell-CrbZHozk.js                                        33.93 kB │ gzip:   9.05 kB
dist/assets/early-process-management-CBYqUcTd.js                         34.61 kB │ gzip:   8.77 kB
dist/assets/dispatch-acceptance-sla-CiL7qHRA.js                          34.99 kB │ gzip:   7.90 kB
dist/assets/stage-orders-DmDh25MY.js                                     35.33 kB │ gzip:  10.95 kB
dist/assets/material-purchase-orders-6PRQKVCz.js                         35.43 kB │ gzip:  11.45 kB
dist/assets/pda-post-finishing-flow-C16XSyDY.js                          35.59 kB │ gzip:   9.62 kB
dist/assets/supplier-confirmations-1DcX4O1O.js                           36.09 kB │ gzip:   9.80 kB
dist/assets/stage-order-detail-C1xw6GYR.js                               36.18 kB │ gzip:  10.69 kB
dist/assets/pda-warehouse-stocktake-B3ULK2BB.js                          36.46 kB │ gzip:   9.43 kB
dist/assets/work-orders-DO8G_djM.js                                      36.70 kB │ gzip:  12.40 kB
dist/assets/pending-receipts-B5XF9gAS.js                                 36.96 kB │ gzip:  11.32 kB
dist/assets/pcs-pattern-library-create-BR6BLr_E.js                       37.00 kB │ gzip:   8.66 kB
dist/assets/material-inventory-Ch4jxfHL.js                               37.31 kB │ gzip:   9.26 kB
dist/assets/work-order-detail-B5cZjj5v.js                                37.36 kB │ gzip:  10.36 kB
dist/assets/third-party-factory-comprehensive-assessment-BfyHceN3.js     37.47 kB │ gzip:  11.05 kB
dist/assets/water-soluble-orders-BSE7ciwU.js                             37.54 kB │ gzip:  11.46 kB
dist/assets/pda-task-receive-detail-D4I5UZ7u.js                          37.61 kB │ gzip:   9.36 kB
dist/assets/work-order-detail-35e9chfa.js                                37.81 kB │ gzip:  10.37 kB
dist/assets/first-leg-logistics-Dj_2nBdg.js                              37.91 kB │ gzip:  10.22 kB
dist/assets/product-purchase-orders-BERxZo6f.js                          38.01 kB │ gzip:   9.33 kB
dist/assets/pcs-part-template-library-ClIjCUS6.js                        38.07 kB │ gzip:  13.44 kB
dist/assets/cutting-statistics-ab-material-DP2IYd2e.js                   38.13 kB │ gzip:   8.63 kB
dist/assets/store-domain-quality-bootstrap-CpZjPQiG.js                   38.24 kB │ gzip:   5.39 kB
dist/assets/first-leg-carriers-BEwRJjp1.js                               38.36 kB │ gzip:  10.26 kB
dist/assets/pda-cutting-inbound-B5zB6OsJ.js                              38.91 kB │ gzip:  11.81 kB
dist/assets/special-processes-CWj5qxOt.js                                38.95 kB │ gzip:  10.25 kB
dist/assets/pda-cutting-handover-Ebanc3uU.js                             39.15 kB │ gzip:  12.01 kB
dist/assets/payment-requests-w5Rjh9gI.js                                 39.27 kB │ gzip:  10.36 kB
dist/assets/pda-quality-vTzr7bZd.js                                      39.31 kB │ gzip:  10.53 kB
dist/assets/warehouse-CkDrboTf.js                                        39.73 kB │ gzip:  11.44 kB
dist/assets/semi-finished-orders-Cv-u60kF.js                             39.74 kB │ gzip:  12.13 kB
dist/assets/pda-cutting-transfer-bag-repack-BbKFsL5M.js                  40.25 kB │ gzip:  11.56 kB
dist/assets/first-leg-shipments-DYeVY2JM.js                              40.88 kB │ gzip:  10.25 kB
dist/assets/fcs-handlers-PQsUkL59.js                                     43.01 kB │ gzip:  12.85 kB
dist/assets/pending-receipts-BEJ_uIjm.js                                 43.43 kB │ gzip:  15.65 kB
dist/assets/label-print-template-y9QipNyQ.js                             43.47 kB │ gzip:  12.32 kB
dist/assets/lace-factory-domain-E69dJw3K.js                              44.40 kB │ gzip:  11.20 kB
dist/assets/warehouse-ppxEZHpU.js                                        44.81 kB │ gzip:  11.46 kB
dist/assets/factory-receiving-P13Y8fLg.js                                45.23 kB │ gzip:  15.39 kB
dist/assets/cutting-summary-Dn5j64b5.js                                  45.89 kB │ gzip:  12.24 kB
dist/assets/engineering-file-upload-DZ9GTjTJ.js                          46.77 kB │ gzip:  14.45 kB
dist/assets/demand-domain-DpWrKo2r.js                                    47.35 kB │ gzip:  11.00 kB
dist/assets/handover-orders-CF9WRu_2.js                                  47.47 kB │ gzip:   9.30 kB
dist/assets/batches-CrZcpgVV.js                                          47.58 kB │ gzip:  10.35 kB
dist/assets/settlement-linked-mock-factory-BVm0OGLi.js                   47.83 kB │ gzip:  14.54 kB
dist/assets/warehouse-IA1Yrx1O.js                                        47.91 kB │ gzip:  11.47 kB
dist/assets/pcs-record-core-BPwkmc4H.js                                  48.31 kB │ gzip:  16.18 kB
dist/assets/dyeing-BqMdsu62.js                                           49.16 kB │ gzip:  10.94 kB
dist/assets/printing-eR5LYmwz.js                                         49.17 kB │ gzip:  10.94 kB
dist/assets/other-C4qfQJzr.js                                            49.18 kB │ gzip:  10.96 kB
dist/assets/sewing-Dw_2KcHb.js                                           50.20 kB │ gzip:  11.28 kB
dist/assets/dispatch-tenders-B0HbXVLx.js                                 50.33 kB │ gzip:  13.48 kB
dist/assets/progress-material-CsVY3eDe.js                                50.42 kB │ gzip:  10.09 kB
dist/assets/pda-onboarding-SNIRB9dM.js                                   50.59 kB │ gzip:  10.82 kB
dist/assets/pda-task-receive-_CViuEv8.js                                 50.60 kB │ gzip:  12.70 kB
dist/assets/pda-cutting-execution-source-BRqdqN_6.js                     50.86 kB │ gzip:  13.78 kB
dist/assets/pcs-channel-stores-C5jsL5b8.js                               51.44 kB │ gzip:  14.99 kB
dist/assets/wait-handover-runtime-lELkUFBP.js                            52.03 kB │ gzip:  14.50 kB
dist/assets/marker-plan-model-DxpP01mE.js                                52.14 kB │ gzip:  14.93 kB
dist/assets/work-order-detail-BQK5zKmK.js                                53.01 kB │ gzip:  16.57 kB
dist/assets/store-domain-progress-2HLF83S0.js                            53.17 kB │ gzip:  11.82 kB
dist/assets/pda-handover-CDd5whr9.js                                     53.35 kB │ gzip:  14.30 kB
dist/assets/detail-domain-21FpfMaY.js                                    53.60 kB │ gzip:  11.94 kB
dist/assets/pcs-part-template-library-BR5b3ubJ.js                        53.80 kB │ gzip:  11.06 kB
dist/assets/material-purchase-orders-BhVuh1Jq.js                         54.69 kB │ gzip:  16.59 kB
dist/assets/settlement-cutting-input-B6IJDdtV.js                         55.37 kB │ gzip:  11.79 kB
dist/assets/pcs-config-workspace-CTd_2ItA.js                             55.79 kB │ gzip:  19.01 kB
dist/assets/marker-plan-occupancy-AnmcCOGr.js                            57.45 kB │ gzip:  16.14 kB
dist/assets/progress-urge-CYIKR19M.js                                    58.04 kB │ gzip:  12.11 kB
dist/assets/runtime-inputs-DqHgjEGQ.js                                   58.25 kB │ gzip:  15.73 kB
dist/assets/warehouse-location-map-CEZ17EZk.js                           59.37 kB │ gzip:  17.87 kB
dist/assets/pda-cutting-spreading-ZLN1XzL8.js                            59.79 kB │ gzip:  14.36 kB
dist/assets/wls-accessory-receipts-Dq1kobHF.js                           60.15 kB │ gzip:  15.57 kB
dist/assets/factory-profile-H6vvEFa0.js                                  61.17 kB │ gzip:  14.03 kB
dist/assets/pda-settlement-6M9-b4vB.js                                   61.99 kB │ gzip:  14.39 kB
dist/assets/pickup-management-list-DCwkLo5j.js                           63.34 kB │ gzip:  17.90 kB
dist/assets/cutting-Dj_frniB.js                                          64.51 kB │ gzip:  13.69 kB
dist/assets/progress-handover-Bu1VNksn.js                                65.61 kB │ gzip:  14.31 kB
dist/assets/pcs-channel-products-CMvzbfyG.js                             66.90 kB │ gzip:  22.22 kB
dist/assets/production-object-overview-A729niUf.js                       67.79 kB │ gzip:  14.32 kB
dist/assets/output-documents-BWSZecdq.js                                 68.80 kB │ gzip:  23.79 kB
dist/assets/core-DLSbvP0Q.js                                             69.43 kB │ gzip:  13.13 kB
dist/assets/cutting-daily-production-report-lWEjMNwI.js                  69.91 kB │ gzip:  19.81 kB
dist/assets/pda-exec-e500zIP_.js                                         70.05 kB │ gzip:  16.33 kB
dist/assets/context-DxArVBDt.js                                          70.19 kB │ gzip:  21.61 kB
dist/assets/production-object-overview-D5OGf8ej.js                       71.90 kB │ gzip:  16.79 kB
dist/assets/progress-exceptions-Df8X9rwn.js                              72.17 kB │ gzip:  14.02 kB
dist/assets/qc-records-ujhH7N1K.js                                       72.92 kB │ gzip:  16.70 kB
dist/assets/pcs-engineering-tasks-ea44Xczg.js                            73.34 kB │ gzip:  17.56 kB
dist/assets/pcs-sample-management-CWgZjPTV.js                            74.25 kB │ gzip:  18.47 kB
dist/assets/factory-onboarding-W7JoGPHd.js                               75.30 kB │ gzip:  12.70 kB
dist/assets/sewing-dispatch-Coffjxl1.js                                  75.98 kB │ gzip:  19.97 kB
dist/assets/orders-domain-Dup9ce0G.js                                    76.35 kB │ gzip:  16.91 kB
dist/assets/dialogs-BhNerzOT.js                                          76.54 kB │ gzip:  18.96 kB
dist/assets/settlement-P4BU1anm.js                                       76.71 kB │ gzip:  12.05 kB
dist/assets/runtime-projections-BvEBqn77.js                              78.06 kB │ gzip:  18.45 kB
dist/assets/process-action-writeback-service-Cx3dEV5x.js                 78.29 kB │ gzip:  17.93 kB
dist/assets/transfer-bags-ZDRJ3951.js                                    80.42 kB │ gzip:  20.97 kB
dist/assets/production-progress-B7abPIq9.js                              82.47 kB │ gzip:  21.09 kB
dist/assets/routes-fcs-xzKPbk13.js                                       83.06 kB │ gzip:  15.68 kB
dist/assets/cut-piece-release-WLpaxGQm.js                                85.26 kB │ gzip:  25.87 kB
dist/assets/production-CWygxxKk.js                                       85.38 kB │ gzip:  18.50 kB
dist/assets/pda-handover-detail-BxRfy2CO.js                              85.49 kB │ gzip:  21.52 kB
dist/assets/pda-warehouse-wait-process-CXNKRd6b.js                       89.22 kB │ gzip:  21.88 kB
dist/assets/wait-handover-actions-CwFnU6yj.js                            90.10 kB │ gzip:  23.00 kB
dist/assets/events-D6j2_cRi.js                                           90.52 kB │ gzip:  22.37 kB
dist/assets/factory-onboarding-flow-BiiF5Yiu.js                          90.64 kB │ gzip:  23.34 kB
dist/assets/production-tech-pack-change-domain-C_PgX9oU.js               91.44 kB │ gzip:  24.08 kB
dist/assets/dispatch-BuRH_DP6.js                                         92.70 kB │ gzip:  28.26 kB
dist/assets/cut-orders-teWZhwll.js                                       96.50 kB │ gzip:  25.13 kB
dist/assets/pcs-product-archives-B8uRsth8.js                            100.32 kB │ gzip:  33.51 kB
dist/assets/cut-piece-release-BExHDzhV.js                               101.46 kB │ gzip:  26.78 kB
dist/assets/post-finishing-full-flow-DzpN1GHq.js                        105.33 kB │ gzip:  27.31 kB
dist/assets/index-DY6AkHKd.js                                           109.46 kB │ gzip:  39.85 kB
dist/assets/pcs-independent-sampling-B4SrxaPB.js                        112.27 kB │ gzip:  31.04 kB
dist/assets/transfer-bag-return-model-vixP4bVS.js                       115.43 kB │ gzip:  27.31 kB
dist/assets/supplement-management-ReGEt-Do.js                           115.81 kB │ gzip:  30.88 kB
dist/assets/statements-gq1neF7G.js                                      121.34 kB │ gzip:  25.19 kB
dist/assets/unified-dispatch-workbench-DygCeWsa.js                      123.68 kB │ gzip:  34.82 kB
dist/assets/tmf-material-purchases-Bsvqai8L.js                          124.61 kB │ gzip:  32.48 kB
dist/assets/events-D8yB93rv.js                                          126.87 kB │ gzip:  33.10 kB
dist/assets/special-craft-task-orders-CJrfNWtA.js                       127.41 kB │ gzip:  33.79 kB
dist/assets/quality-deduction-repository-B0sVIpFN.js                    136.80 kB │ gzip:  26.67 kB
dist/assets/generated-fei-tickets-DUBeuQ66.js                           143.06 kB │ gzip:  36.23 kB
dist/assets/warehouse-hub-JZWx6qqU.js                                   143.24 kB │ gzip:  36.35 kB
dist/assets/production-timeliness-Vff-2v5T.js                           143.73 kB │ gzip:  47.55 kB
dist/assets/preparation-timing-DXzK6aMR.js                              146.62 kB │ gzip:  34.65 kB
dist/assets/marker-plan-BzKdAM_j.js                                     152.61 kB │ gzip:  36.43 kB
dist/assets/pcs-material-archive-detail-xILon_8j.js                     152.70 kB │ gzip:  48.98 kB
dist/assets/marker-spreading-DL6Z4deV.js                                156.43 kB │ gzip:  38.64 kB
dist/assets/return-inbound-BrO4OjbQ.js                                  162.41 kB │ gzip:  28.14 kB
dist/assets/app-shared-Ce0GdlNc.js                                      163.18 kB │ gzip:  40.36 kB
dist/assets/transfer-bag-operations-D_ZWQF60.js                         180.04 kB │ gzip:  44.85 kB
dist/assets/fei-tickets-CuKSV3CZ.js                                     185.99 kB │ gzip:  41.26 kB
dist/assets/print-template-registry-Cfw1YM_L.js                         199.99 kB │ gzip:  50.92 kB
dist/assets/pcs-pattern-library-CqEbimCL.js                             205.34 kB │ gzip:  45.57 kB
dist/assets/index--GzcKvNw.js                                           210.12 kB │ gzip:  66.49 kB
dist/assets/index-7_YrlW45.js                                           225.17 kB │ gzip:  49.64 kB
dist/assets/pda-exec-detail-DXUBOg_D.js                                 250.30 kB │ gzip:  58.45 kB
dist/assets/process-tasks-BnHK_qDm.js                                   275.17 kB │ gzip:  76.45 kB
dist/assets/process-domain-BGGypbh3.js                                  276.37 kB │ gzip:  60.90 kB
dist/assets/production-orders-CTRp5j_1.js                               488.92 kB │ gzip:  47.17 kB
dist/assets/pda-BAN3ci8c.js                                             505.21 kB │ gzip:  83.25 kB
dist/assets/pcs-tech-pack-review-CC-At-A1.js                            733.86 kB │ gzip: 201.11 kB
dist/assets/material-ledger-D7UZ_D0E.js                                 863.52 kB │ gzip: 219.37 kB
dist/assets/production-source-shared-Bj4b3XYm.js                      1,899.17 kB │ gzip: 216.72 kB

(!) Some chunks are larger than 550 kB after minification. Consider:
- Using dynamic import() to code-split the application
- Use build.rollupOptions.output.manualChunks to improve chunking: https://rollupjs.org/configuration-options/#output-manualchunks
- Adjust chunk size limit for this warning via build.chunkSizeWarningLimit.
✓ built in 13.42s
